sample,scenario,scenario_label,axis,cutoff_mm,rule,rule_label,n_replicates,n,tp,fp,fn,tn,ev_up,ev_dn,ne_up,ne_dn,tp_per_100000,tp_per_1000,fp_per_100000,fp_per_1000,fn_per_100000,fn_per_1000,tn_per_100000,tn_per_1000,sensitivity,sensitivity_mcse,sensitivity_lo95,sensitivity_hi95,sensitivity_n,specificity,specificity_mcse,specificity_lo95,specificity_hi95,specificity_n,ppv,ppv_mcse,ppv_lo95,ppv_hi95,ppv_n,npv,npv_mcse,npv_lo95,npv_hi95,npv_n,prevalence,prevalence_mcse,prevalence_lo95,prevalence_hi95,prevalence_n,accuracy,accuracy_mcse,accuracy_lo95,accuracy_hi95,accuracy_n,nri_events_vs_A1,nri_events_vs_A1_mcse,nri_events_vs_A1_lo95,nri_events_vs_A1_hi95,nri_nonevents_vs_A1,nri_nonevents_vs_A1_mcse,nri_nonevents_vs_A1_lo95,nri_nonevents_vs_A1_hi95,nri_vs_A1,nri_vs_A1_mcse,nri_vs_A1_lo95,nri_vs_A1_hi95,net_correct_per_1000_vs_A1,net_correct_per_1000_vs_A1_mcse,net_correct_per_1000_vs_A1_lo95,net_correct_per_1000_vs_A1_hi95,moved_to_correct_side_per_1000_vs_A1,moved_to_wrong_side_per_1000_vs_A1
published_seed,base,"Pre-specified base case (anchor 4.8%, long-axis 20%)",AP,7.0,A1,Anchor-view mean,1,100000,74006,3795,7570,14629,0,0,0,0,74006.0,740.06,3795.0,37.95,7570.0,75.7,14629.0,146.29,0.9072030989506717,0.0010158692065126917,0.9052120318771983,0.9091941660241452,81576.0,0.7940186712983066,0.0029794583764682706,0.7881790401409303,0.7998583024556829,18424.0,0.9512217066618681,0.0007722565261109402,0.9497081116719256,0.9527353016518106,77801.0,0.6589936483625388,0.0031816700725668537,0.6527576895604303,0.6652296071646473,22199.0,0.81576,0.001225951150739702,0.8133571798787916,0.8181628201212084,100000.0,0.88635,0.0010036616835368381,0.8843828592320884,0.8883171407679116,100000.0,0.0,0.0,0.0,0.0,0.0,0.0,0.0,0.0,0.0,0.0,0.0,0.0,0.0,0.0,0.0,0.0,0.0,0.0
published_seed,base,"Pre-specified base case (anchor 4.8%, long-axis 20%)",AP,7.0,A2,Mean across views,1,100000,69113,1778,12463,16646,1363,6256,310,2327,69113.0,691.13,1778.0,17.78,12463.0,124.63,16646.0,166.46,0.8472222222222222,0.0012596432405242068,0.8447533668179514,0.849691077626493,81576.0,0.9034954407294833,0.0021754291119277093,0.899231677985553,0.9077592034734135,18424.0,0.9749192422169246,0.0005872987774811605,0.9737681577558175,0.9760703266780317,70891.0,0.5718506303892267,0.0029001824056321098,0.5661663772807544,0.577534883497699,29109.0,0.81576,0.001225951150739702,0.8133571798787916,0.8181628201212084,100000.0,0.85759,0.001105121676106301,0.8554240012992119,0.859755998700788,100000.0,-0.05998087672844954,0.001049196014752945,-0.06203726314630878,-0.0579244903105903,0.10947676943117673,0.002667971579535816,0.1042476411822634,0.11470589768009007,0.049495892702727196,0.002866859715190874,0.04387695086790283,0.05511483453755156,-28.759999999999994,1.0086270985850023,-30.73687280265105,-26.78312719734894,36.9,65.66
published_seed,base,"Pre-specified base case (anchor 4.8%, long-axis 20%)",AP,7.0,A3,Largest view mean,1,100000,77439,5600,4137,12824,3433,0,1805,0,77439.0,774.39,5600.0,56.0,4137.0,41.37,12824.0,128.24,0.9492865548690791,0.0007682083423431984,0.9477808941735868,0.9507922155645714,81576.0,0.6960486322188449,0.003388674704190515,0.6894069517909209,0.702690312646769,18424.0,0.9325618083069401,0.0008702633932934855,0.9308561233855671,0.9342674932283132,83039.0,0.756087494841106,0.0032974432799939444,0.749624624720276,0.7625503649619361,16961.0,0.81576,0.001225951150739702,0.8133571798787916,0.8181628201212084,100000.0,0.90263,0.0009374917764972659,0.9007925498677694,0.9044674501322307,100000.0,0.04208345591840738,0.0007029724943040089,0.040705655136581316,0.04346125670023344,-0.09797003907946157,0.0021901061241681613,-0.1022625682390107,-0.09367750991991244,-0.055886583161054194,0.0023001598124623617,-0.06039481358772718,-0.05137835273438121,16.279999999999998,0.7219069302894937,14.865088405282082,17.69491159471792,34.33,18.05
published_seed,base,"Pre-specified base case (anchor 4.8%, long-axis 20%)",AP,7.0,A4,Largest view mean after review,1,100000,77266,5485,4310,12939,3260,0,1690,0,77266.0,772.66,5485.0,54.85,4310.0,43.1,12939.0,129.39,0.9471658330881632,0.0007832298677120847,0.9456307307437227,0.9487009354326036,81576.0,0.7022904906643509,0.003368703478115593,0.6956879531205695,0.7088930282081323,18424.0,0.933716813089872,0.0008648138869692924,0.9320218090047121,0.9354118171750319,82751.0,0.7501304423444838,0.003296424309836371,0.7436695693684796,0.756591315320488,17249.0,0.81576,0.001225951150739702,0.8133571798787916,0.8181628201212084,100000.0,0.90205,0.0009399776460107973,0.9002076776530141,0.9038923223469859,100000.0,0.03996273413749142,0.0006857888810352776,0.03861861261906199,0.04130685565592085,-0.09172818063395571,0.002126509597779807,-0.09589606289125861,-0.08756029837665281,-0.05176544649646429,0.002234356609586136,-0.056144705014415174,-0.04738618797851341,15.7,0.7018084496499026,14.324480703790377,17.07551929620962,32.6,16.9
published_seed,base,"Pre-specified base case (anchor 4.8%, long-axis 20%)",AP,10.0,A1,Anchor-view mean,1,100000,42210,5716,8096,43978,0,0,0,0,42210.0,422.1,5716.0,57.16,8096.0,80.96,43978.0,439.78,0.8390649226732397,0.0016383747497776752,0.8358537671451665,0.842276078201313,50306.0,0.8849760534470962,0.0014312250012038237,0.8821709039688367,0.8877812029253557,49694.0,0.8807327963944415,0.001480461135737334,0.8778311458649972,0.8836344469238857,47926.0,0.8445289395859739,0.0015878942610487946,0.8414167239985116,0.8476411551734361,52074.0,0.50306,0.0015811092195038266,0.49996108284970436,0.5061589171502956,100000.0,0.86188,0.001091067667928988,0.8597415466492953,0.8640184533507047,100000.0,0.0,0.0,0.0,0.0,0.0,0.0,0.0,0.0,0.0,0.0,0.0,0.0,0.0,0.0,0.0,0.0,0.0,0.0
published_seed,base,"Pre-specified base case (anchor 4.8%, long-axis 20%)",AP,10.0,A2,Mean across views,1,100000,36740,2241,13566,47453,1156,6626,444,3919,36740.0,367.4,2241.0,22.41,13566.0,135.66,47453.0,474.53,0.730330378086113,0.0019786355266959714,0.7264523236846678,0.7342084324875582,50306.0,0.9549040125568479,0.0009308867136468792,0.9530795081100216,0.9567285170036741,49694.0,0.9425104538108309,0.0011789924937326327,0.9401996709668446,0.9448212366548171,38981.0,0.7776758058965241,0.0016832945384326898,0.7743766091997993,0.7809750025932488,61019.0,0.50306,0.0015811092195038266,0.49996108284970436,0.5061589171502956,100000.0,0.84193,0.0011536198468299686,0.8396689466305277,0.8441910533694722,100000.0,-0.1087345445871268,0.0016852360645073794,-0.11203754660506293,-0.10543154256919066,0.06992795910975169,0.001291649470928794,0.06739637264611222,0.07245954557339117,-0.0388065854773751,0.0021232943622745653,-0.04296816598883621,-0.034645004965913995,-19.949999999999996,1.1002363268861832,-22.106423592189145,-17.793576407810846,50.75,70.7
published_seed,base,"Pre-specified base case (anchor 4.8%, long-axis 20%)",AP,10.0,A3,Largest view mean,1,100000,45527,8701,4779,40993,3317,0,2985,0,45527.0,455.27,8701.0,87.01,4779.0,47.79,40993.0,409.93,0.9050013914841172,0.001307294253842593,0.9024391418091788,0.9075636411590555,50306.0,0.8249084396506621,0.0017048395117345687,0.8215670155818847,0.8282498637194394,49694.0,0.8395478350667552,0.0015760998219559671,0.8364587361553151,0.8426369339781954,54228.0,0.8955911911212094,0.001429300457209247,0.8927898136798957,0.8983925685625231,45772.0,0.50306,0.0015811092195038266,0.49996108284970436,0.5061589171502956,100000.0,0.8652,0.0010799488876794125,0.8630833390583083,0.8673166609416917,100000.0,0.06593646881087743,0.001106473857495507,0.0637678198832451,0.06810511773850976,-0.060067613796434174,0.0010659001394130695,-0.06215673969727877,-0.05797848789558958,0.005868855014443258,0.0015363682841434173,0.0028576284867803895,0.008880081542106127,3.3199999999999967,0.7937819448689923,1.764215964206787,4.875784035793206,33.17,29.85
published_seed,base,"Pre-specified base case (anchor 4.8%, long-axis 20%)",AP,10.0,A4,Largest view mean after review,1,100000,45216,8248,5090,41446,3006,0,2532,0,45216.0,452.16,8248.0,82.48,5090.0,50.9,41446.0,414.46,0.8988192263348308,0.0013445448127534856,0.8961839669054472,0.9014544857642144,50306.0,0.8340242282770556,0.0016690129406804614,0.8307530229977877,0.8372954335563234,49694.0,0.8457279664821188,0.0015621697507772671,0.8426661700087064,0.8487897629555312,53464.0,0.8906223139075125,0.0014468270717931271,0.8877865849325725,0.8934580428824525,46536.0,0.50306,0.0015811092195038266,0.49996108284970436,0.5061589171502956,100000.0,0.86662,0.0010751268557709832,0.8645127900672557,0.8687272099327442,100000.0,0.05975430366159106,0.001056806263936619,0.05768300142930079,0.061825605893881336,-0.05095182517004065,0.0009864430655428511,-0.052885218066554274,-0.04901843227352702,0.008802478491550414,0.0014456518948395747,0.005969052821133062,0.011635904161967766,4.740000000000001,0.744026426950011,3.2817349881293496,6.198265011870652,30.06,25.32
published_seed,base,"Pre-specified base case (anchor 4.8%, long-axis 20%)",AP,13.0,A1,Anchor-view mean,1,100000,20349,4795,5512,69344,0,0,0,0,20349.0,203.49,4795.0,47.95,5512.0,55.12,69344.0,693.44,0.7868605235683075,0.0025465849546581,0.781869308734236,0.791851738402379,25861.0,0.9353241883489122,0.0009032930416432957,0.9335537665058408,0.9370946101919836,74139.0,0.8092984409799554,0.0024775035738208297,0.8044426231653953,0.8141542587945155,25144.0,0.9263652880196644,0.0009545949324941915,0.9244943163173934,0.9282362597219355,74856.0,0.25861,0.001384669158680152,0.2558960982970766,0.2613239017029234,100000.0,0.89693,0.0009614914201385263,0.8950455114302196,0.8988144885697804,100000.0,0.0,0.0,0.0,0.0,0.0,0.0,0.0,0.0,0.0,0.0,0.0,0.0,0.0,0.0,0.0,0.0,0.0,0.0
published_seed,base,"Pre-specified base case (anchor 4.8%, long-axis 20%)",AP,13.0,A2,Mean across views,1,100000,16643,1767,9218,72372,719,4425,415,3443,16643.0,166.43,1767.0,17.67,9218.0,92.18,72372.0,723.72,0.6435559336452573,0.0029782845395931483,0.6377186031658981,0.6493932641246165,25861.0,0.9761663901590256,0.0005601875804983455,0.9750684426680017,0.9772643376500495,74139.0,0.9040195545898968,0.0021709678828945294,0.8997645356942673,0.9082745734855263,18410.0,0.8870204681946317,0.0011082767933366028,0.8848482855776565,0.8891926508116068,81590.0,0.25861,0.001384669158680152,0.2558960982970766,0.2613239017029234,100000.0,0.89015,0.0009888527569866,0.8882118841950055,0.8920881158049945,100000.0,-0.14330458992305015,0.0026262878625285258,-0.148452019587243,-0.1381571602588573,0.040842201810113436,0.0008242512454275524,0.03922669904212027,0.0424577045781066,-0.1024623881129367,0.0027525947853713453,-0.10785737479885227,-0.09706740142702114,-6.780000000000001,0.9485464226910562,-8.639116840803254,-4.920883159196748,41.62,48.4
published_seed,base,"Pre-specified base case (anchor 4.8%, long-axis 20%)",AP,13.0,A3,Largest view mean,1,100000,22520,7675,3341,66464,2171,0,2880,0,22520.0,225.2,7675.0,76.75,3341.0,33.41,66464.0,664.64,0.8708093267855072,0.002085712574638143,0.8667214052248691,0.8748972483461452,25861.0,0.8964782368254225,0.001118825467841906,0.8942853791861692,0.8986710944646757,74139.0,0.7458188441795,0.0025056524663332473,0.7409078555489755,0.7507298328100244,30195.0,0.9521380989900436,0.0008079819856997031,0.9505544833854237,0.9537217145946636,69805.0,0.25861,0.001384669158680152,0.2558960982970766,0.2613239017029234,100000.0,0.88984,0.0009900746153699732,0.8878994893965609,0.891780510603439,100000.0,0.08394880321719965,0.0017244256361542143,0.0805689910496603,0.087328615384739,-0.03884595152348966,0.0007096529619635702,-0.04023684578143163,-0.03745505726554769,0.04510285169370999,0.001864738882806259,0.04144803061400951,0.048757672773410476,-7.089999999999999,0.7103501383120862,-8.482260698486709,-5.697739301513289,21.71,28.8
published_seed,base,"Pre-specified base case (anchor 4.8%, long-axis 20%)",AP,13.0,A4,Largest view mean after review,1,100000,22232,6951,3629,67188,1883,0,2156,0,22232.0,222.32,6951.0,69.51,3629.0,36.29,67188.0,671.88,0.8596728664784811,0.0021598061802239723,0.8554397241182645,0.8639060088386976,25861.0,0.9062436774167443,0.0010705314122773687,0.9041454743878115,0.9083418804456771,74139.0,0.7618133845046774,0.0024935495833299077,0.7569261170891358,0.766700651920219,29183.0,0.948755242385303,0.0008285773428356199,0.9471312606221295,0.9503792241484764,70817.0,0.25861,0.001384669158680152,0.2558960982970766,0.2613239017029234,100000.0,0.8942,0.0009726580077293355,0.8922936253205388,0.8961063746794612,100000.0,0.07281234291017362,0.0016157109433932266,0.06964560762671686,0.07597907819363038,-0.029080510932167954,0.0006171194915525231,-0.030290042919309205,-0.027870978945026704,0.04373183197800566,0.0017295543701932807,0.040341967676384156,0.047121696279627166,-2.73,0.6354726359175507,-3.975503489383506,-1.4844965106164933,18.83,21.56
published_seed,base,"Pre-specified base case (anchor 4.8%, long-axis 20%)",SL,7.0,A1,Anchor-view mean,1,100000,33710,7172,7207,51911,0,0,0,0,33710.0,337.1,7172.0,71.72,7207.0,72.07,51911.0,519.11,0.8238629420534253,0.0018832195809413217,0.8201718994706851,0.8275539846361654,40917.0,0.8786114449164735,0.001343556794576192,0.8759781219671487,0.8812447678657982,59083.0,0.8245682696541266,0.0018810542283186314,0.8208814710845742,0.8282550682236789,40882.0,0.8780912750769647,0.0013456352609080024,0.8754538784084545,0.880728671745475,59118.0,0.40917,0.0015548308946634678,0.4061225874203718,0.4122174125796282,100000.0,0.85621,0.0011095694475786542,0.854035283827246,0.858384716172754,100000.0,0.0,0.0,0.0,0.0,0.0,0.0,0.0,0.0,0.0,0.0,0.0,0.0,0.0,0.0,0.0,0.0,0.0,0.0
published_seed,base,"Pre-specified base case (anchor 4.8%, long-axis 20%)",SL,7.0,A2,Mean across views,1,100000,29613,3159,11304,55924,1149,5246,629,4642,29613.0,296.13,3159.0,31.59,11304.0,113.04,55924.0,559.24,0.7237334115404355,0.0022105564083265286,0.7194008005601462,0.7280660225207247,40917.0,0.9465328436267624,0.0009255078741537258,0.9447188815117046,0.9483468057418202,59083.0,0.9036067374588063,0.0016302777336290207,0.9004114517908918,0.9068020231267208,32772.0,0.8318557743797227,0.0014424139065577469,0.8290286950497702,0.8346828537096752,67228.0,0.40917,0.0015548308946634678,0.4061225874203718,0.4122174125796282,100000.0,0.85537,0.0011122596958444554,0.8531900110374939,0.857549988962506,100000.0,-0.1001295305129897,0.001890688241931899,-0.10383521140239951,-0.09642384962357989,0.06792139871028892,0.0011966146905608153,0.06557607699491858,0.07026672042565926,-0.03220813180270078,0.002237540780822886,-0.036593631181645526,-0.027822632423756034,-0.8399999999999935,1.080089322232194,-2.956936188359493,1.276936188359506,57.91,58.75
published_seed,base,"Pre-specified base case (anchor 4.8%, long-axis 20%)",SL,7.0,A3,Largest view mean,1,100000,36805,10904,4112,48179,3095,0,3732,0,36805.0,368.05,10904.0,109.04,4112.0,41.12,48179.0,481.79,0.89950387369553,0.001486360953269629,0.8965906597361158,0.9024170876549441,40917.0,0.8154460673967131,0.0015959820545607356,0.812318000025128,0.8185741347682982,59083.0,0.771447735228154,0.0019224093140324237,0.7676798821793858,0.7752155882769223,47709.0,0.9213631408846646,0.001177104507910522,0.9190560584249223,0.923670223344407,52291.0,0.40917,0.0015548308946634678,0.4061225874203718,0.4122174125796282,100000.0,0.84984,0.001129654701225113,0.8476259174531681,0.852054082546832,100000.0,0.07564093164210475,0.001307214617805229,0.07307883805093275,0.07820302523327675,-0.06316537751976034,0.0010007825975038513,-0.06512687538269438,-0.061203879656826304,0.012475554122344412,0.001646321920060055,0.009248822426615826,0.015702285818072998,-6.370000000000001,0.8260110356405658,-7.988951893458227,-4.7510481065417745,30.95,37.32
published_seed,base,"Pre-specified base case (anchor 4.8%, long-axis 20%)",SL,7.0,A4,Largest view mean after review,1,100000,36658,10659,4259,48424,2948,0,3487,0,36658.0,366.58,10659.0,106.59,4259.0,42.59,48424.0,484.24,0.8959112349390229,0.0015096717465694822,0.8929523326639296,0.8988701372141162,40917.0,0.8195927762638999,0.0015819572862996235,0.816492196933215,0.8226933555945849,59083.0,0.7747321258744214,0.0019205110580315361,0.7709679933390777,0.7784962584097651,47317.0,0.9191579826509501,0.0011876224649206867,0.9168302853741143,0.9214856799277859,52683.0,0.40917,0.0015548308946634678,0.4061225874203718,0.4122174125796282,100000.0,0.85082,0.0011266114130435568,0.8486118821884455,0.8530281178115545,100000.0,0.07204829288559768,0.001278270136961417,0.06954292943487823,0.07455365633631712,-0.0590186686525735,0.000969513673225997,-0.06091888054960422,-0.05711845675554278,0.01302962423302418,0.001604347626176922,0.009885160642231956,0.016174087823816404,-5.389999999999999,0.8020034158281372,-6.961897822900179,-3.81810217709982,29.48,34.87
published_seed,base,"Pre-specified base case (anchor 4.8%, long-axis 20%)",SL,10.0,A1,Anchor-view mean,1,100000,11200,4050,3415,81335,0,0,0,0,11200.0,112.0,4050.0,40.5,3415.0,34.15,81335.0,813.35,0.7663359562093739,0.003500306994307614,0.7594754805115828,0.773196431907165,14615.0,0.9525677812262107,0.0007274344639954739,0.9511420358644203,0.9539935265880011,85385.0,0.7344262295081967,0.0035762820048574053,0.7274168455248283,0.7414356134915651,15250.0,0.9597050147492625,0.0006754987181066889,0.9583810615797272,0.9610289679187978,84750.0,0.14615,0.00111709523989676,0.143960533545231,0.148339466454769,100000.0,0.92535,0.0008311280136056058,0.9237210190139415,0.9269789809860585,100000.0,0.0,0.0,0.0,0.0,0.0,0.0,0.0,0.0,0.0,0.0,0.0,0.0,0.0,0.0,0.0,0.0,0.0,0.0
published_seed,base,"Pre-specified base case (anchor 4.8%, long-axis 20%)",SL,10.0,A2,Mean across views,1,100000,9110,1488,5505,83897,453,2543,324,2886,9110.0,91.1,1488.0,14.88,5505.0,55.05,83897.0,838.97,0.6233321929524461,0.0040081098952030585,0.6154764418498043,0.6311879440550879,14615.0,0.9825730514727411,0.0004478187849302524,0.9816953427757541,0.9834507601697281,85385.0,0.8595961502170221,0.003374619263771781,0.8529820179463229,0.8662102824877213,10598.0,0.9384241963267042,0.000803953676809025,0.9368484760624908,0.9399999165909175,89402.0,0.14615,0.00111709523989676,0.143960533545231,0.148339466454769,100000.0,0.93007,0.0008064725358001973,0.9284893428628429,0.931650657137157,100000.0,-0.14300376325692782,0.003553460456594845,-0.14996841782727727,-0.13603910868657837,0.03000527024653042,0.0006555523552023181,0.028720411230218665,0.03129012926284218,-0.1129984930103974,0.003613423599163894,-0.12008067318150906,-0.10591631283928574,4.720000000000002,0.7876402833781422,3.1762533996290445,6.263746600370959,33.39,28.67
published_seed,base,"Pre-specified base case (anchor 4.8%, long-axis 20%)",SL,10.0,A3,Largest view mean,1,100000,12554,6380,2061,79005,1354,0,2330,0,12554.0,125.54,6380.0,63.8,2061.0,20.61,79005.0,790.05,0.8589804994868286,0.002878934794031487,0.8533378909321795,0.8646231080414778,14615.0,0.9252796158575862,0.0008998399155970743,0.923515962017253,0.9270432696979195,85385.0,0.6630400338016267,0.0034350878027543164,0.6563073853713891,0.6697726822318643,18934.0,0.9745762711864406,0.0005528510872811422,0.9734927029580087,0.9756598394148726,81066.0,0.14615,0.00111709523989676,0.143960533545231,0.148339466454769,100000.0,0.91559,0.0008791186034887441,0.9138669591854318,0.9173130408145682,100000.0,0.09264454327745467,0.0023982764349117316,0.08794400780297933,0.09734507875193,-0.027288165368624464,0.0005575559793729738,-0.028380955016180234,-0.026195375721068694,0.0653563779088302,0.0024622344584518106,0.06053048701070515,0.07018226880695524,-9.760000000000002,0.6061744171441088,-10.948080035323438,-8.571919964676566,13.54,23.3
published_seed,base,"Pre-specified base case (anchor 4.8%, long-axis 20%)",SL,10.0,A4,Largest view mean after review,1,100000,12433,5949,2182,79436,1233,0,1899,0,12433.0,124.33,5949.0,59.49,2182.0,21.82,79436.0,794.36,0.8507013342456381,0.0029479296173696877,0.8449234983210597,0.8564791701702165,14615.0,0.930327340867834,0.0008712811011250692,0.9286196612757485,0.9320350204599195,85385.0,0.6763681862691764,0.0034508080988824726,0.6696047266244582,0.6831316459138945,18382.0,0.9732657011933642,0.0005646211393252893,0.9721590640866477,0.9743723383000807,81618.0,0.14615,0.00111709523989676,0.143960533545231,0.148339466454769,100000.0,0.91869,0.0008642840036700898,0.9169960344670307,0.9203839655329693,100000.0,0.08436537803626411,0.0022990256756894784,0.07985937047683705,0.08887138559569116,-0.022240440358376763,0.0005046577359698664,-0.023229551353199207,-0.021251329363554318,0.06212493767788735,0.0023537626235357067,0.05751164767121181,0.06673822768456289,-6.659999999999999,0.559246317824266,-7.756102650068119,-5.56389734993188,12.33,18.99
published_seed,base,"Pre-specified base case (anchor 4.8%, long-axis 20%)",SL,13.0,A1,Anchor-view mean,1,100000,3375,1936,1330,93359,0,0,0,0,3375.0,33.75,1936.0,19.36,1330.0,13.3,93359.0,933.59,0.7173219978746015,0.0065648267221275845,0.7044551738329934,0.7301888219162096,4705.0,0.9796841387271106,0.0004570098919973066,0.978788415791152,0.9805798616630692,95295.0,0.6354735454716626,0.006604274453825005,0.622529405296046,0.6484176856472792,5311.0,0.9859540178901456,0.0003824323489731064,0.9852044642537229,0.9867035715265683,94689.0,0.04705,0.0006695991151427845,0.04573760983988829,0.048362390160111714,100000.0,0.96734,0.0005620793929686448,0.9662383446246395,0.9684416553753604,100000.0,0.0,0.0,0.0,0.0,0.0,0.0,0.0,0.0,0.0,0.0,0.0,0.0,0.0,0.0,0.0,0.0,0.0,0.0
published_seed,base,"Pre-specified base case (anchor 4.8%, long-axis 20%)",SL,13.0,A2,Mean across views,1,100000,2616,676,2089,94619,171,930,122,1382,2616.0,26.16,676.0,6.76,2089.0,20.89,94619.0,946.19,0.5560042507970244,0.007243503064147289,0.541807245557406,0.5702012560366428,4705.0,0.9929062385224828,0.00027186753736728377,0.9923733879364743,0.9934390891084913,95295.0,0.7946537059538274,0.00704048338599903,0.7808546119746712,0.8084527999329837,3292.0,0.9783988915084585,0.00046748189319424134,0.9774826438271459,0.9793151391897711,96708.0,0.04705,0.0006695991151427845,0.04573760983988829,0.048362390160111714,100000.0,0.97235,0.0005185120779692596,0.9713337349936151,0.973366265006385,100000.0,-0.16131774707757707,0.006648659076704631,-0.17434887951619138,-0.14828661463896275,0.013222099795372264,0.00040470170778713184,0.012428899017370966,0.014015300573373562,-0.1480956472822048,0.006660964719207923,-0.16115089833712246,-0.13504039622728717,5.010000000000001,0.5101460565367529,4.010132094446,6.009867905554001,15.53,10.52
published_seed,base,"Pre-specified base case (anchor 4.8%, long-axis 20%)",SL,13.0,A3,Largest view mean,1,100000,3883,3092,822,92203,508,0,1156,0,3883.0,38.83,3092.0,30.92,822.0,8.22,92203.0,922.03,0.8252922422954304,0.005535797081813233,0.8144422793037714,0.8361422052870894,4705.0,0.9675533868513563,0.000573967229228278,0.9664284317448891,0.9686783419578234,95295.0,0.5567025089605735,0.005948221329610425,0.5450442092905049,0.5683608086306421,6975.0,0.9911636656812685,0.00030683783987461724,0.9905622745612764,0.9917650568012605,93025.0,0.04705,0.0006695991151427845,0.04573760983988829,0.048362390160111714,100000.0,0.96086,0.0006132541104631909,0.9596580440206401,0.96206195597936,100000.0,0.1079702444208289,0.004524409432179729,0.0991025648124962,0.11683792402916161,-0.012130751875754237,0.000354616170695349,-0.012825786804134976,-0.011435716947373498,0.09583949254507466,0.0045382852861532985,0.0869446167624845,0.10473436832766483,-6.48,0.407406548793708,-7.278502168999911,-5.681497831000089,5.08,11.56
published_seed,base,"Pre-specified base case (anchor 4.8%, long-axis 20%)",SL,13.0,A4,Largest view mean after review,1,100000,3828,2782,877,92513,453,0,846,0,3828.0,38.28,2782.0,27.82,877.0,8.77,92513.0,925.13,0.8136025504782146,0.005677358509537234,0.802475132184428,0.8247299687720012,4705.0,0.9708064431502177,0.0005453493168738488,0.9697375781217203,0.971875308178715,95295.0,0.5791225416036309,0.006072427496892813,0.5672208023171108,0.5910242808901509,6610.0,0.9906092729414284,0.00031560989866710986,0.9899906889019973,0.9912278569808596,93390.0,0.04705,0.0006695991151427845,0.04573760983988829,0.048362390160111714,100000.0,0.96341,0.0005937269734482342,0.9622463165062125,0.9645736834937875,100000.0,0.09628055260361318,0.00430037459243637,0.08785197321592322,0.10470913199130313,-0.008877695576892806,0.00030386360921861764,-0.009473257311871364,-0.008282133841914247,0.08740285702672038,0.004311096696697911,0.07895326270067356,0.0958524513527672,-3.93,0.36020209743975673,-4.635983143706415,-3.224016856293585,4.53,8.46
published_seed,low8,"8% long-axis setting (anchor 2.4%, long-axis 8%); also the most accurate view-accuracy scenario",AP,7.0,A1,Anchor-view mean,1,100000,74968,4278,6379,14375,0,0,0,0,74968.0,749.68,4278.0,42.78,6379.0,63.79,14375.0,143.75,0.9215828487836061,0.0009425446913441966,0.9197354951201804,0.9234302024470318,81347.0,0.7706535141800247,0.0030782315240246334,0.7646202912092713,0.7766867371507781,18653.0,0.9460162027105469,0.0008027722054142975,0.9444427980877342,0.9475896073333595,79246.0,0.6926375638431146,0.0032027829594573347,0.6863602245427648,0.6989149031434644,20754.0,0.81347,0.0012318139433372232,0.811055689016361,0.815884310983639,100000.0,0.89343,0.0009757706446701501,0.8915175246641897,0.8953424753358102,100000.0,0.0,0.0,0.0,0.0,0.0,0.0,0.0,0.0,0.0,0.0,0.0,0.0,0.0,0.0,0.0,0.0,0.0,0.0
published_seed,low8,"8% long-axis setting (anchor 2.4%, long-axis 8%); also the most accurate view-accuracy scenario",AP,7.0,A2,Mean across views,1,100000,75038,3279,6309,15374,2123,2053,683,1682,75038.0,750.38,3279.0,32.79,6309.0,63.09,15374.0,153.74,0.9224433599272254,0.0009377964340348098,0.9206053126771888,0.9242814071772619,81347.0,0.8242105827480835,0.0027870265847410574,0.818748110974948,0.8296730545212189,18653.0,0.9581316955450285,0.0007156938227918387,0.9567289614173341,0.959534429672723,78317.0,0.7090347276668357,0.003084570120452354,0.7029890812752735,0.715080374058398,21683.0,0.81347,0.0012318139433372232,0.811055689016361,0.815884310983639,100000.0,0.90412,0.0009310586748427833,0.9022951585154205,0.9059448414845795,100000.0,0.0008605111436193122,0.0007943932981091567,-0.0006964711225159032,0.0024174934097545278,0.05355706856805876,0.0025774955774534205,0.04850527002609084,0.05860886711002668,0.05441757971167807,0.0026971362894508476,0.049131289681260834,0.05970386974209531,10.690000000000001,0.8080576953411185,9.106236007208443,12.273763992791562,38.05,27.36
published_seed,low8,"8% long-axis setting (anchor 2.4%, long-axis 8%); also the most accurate view-accuracy scenario",AP,7.0,A3,Largest view mean,1,100000,78955,6989,2392,11664,3987,0,2711,0,78955.0,789.55,6989.0,69.89,2392.0,23.92,11664.0,116.64,0.9705951049208944,0.0005923223154707697,0.9694341745061751,0.9717560353356137,81347.0,0.625314962740578,0.003544118548907622,0.6183686179729868,0.6322613075081691,18653.0,0.9186796053243973,0.0009323393087698554,0.9168522538434235,0.9205069568053711,85944.0,0.829823562891292,0.003169653002111043,0.8236111571146625,0.8360359686679215,14056.0,0.81347,0.0012318139433372232,0.811055689016361,0.815884310983639,100000.0,0.90619,0.0009220069625550556,0.9043828995456428,0.9079971004543573,100000.0,0.04901225613728841,0.0007569532126868376,0.047528655090737865,0.05049585718383895,-0.14533855143944674,0.0025805550363346107,-0.15039634641068128,-0.1402807564682122,-0.09632629530215833,0.0026892828898702438,-0.10159719295211997,-0.0910553976521967,12.760000000000003,0.8174177781281735,11.157890581908795,14.362109418091212,39.87,27.11
published_seed,low8,"8% long-axis setting (anchor 2.4%, long-axis 8%); also the most accurate view-accuracy scenario",AP,7.0,A4,Largest view mean after review,1,100000,78796,6854,2551,11799,3828,0,2576,0,78796.0,787.96,6854.0,68.54,2551.0,25.51,11799.0,117.99,0.9686405153232449,0.0006110756849890032,0.9674428289793912,0.9698382016670987,81347.0,0.6325524044389642,0.0035299748832121115,0.6256337807469643,0.6394710281309641,18653.0,0.9199766491535318,0.0009271138838977395,0.9181595393171921,0.9217937589898716,85650.0,0.8222299651567945,0.003191537695371804,0.8159746661692228,0.8284852641443662,14350.0,0.81347,0.0012318139433372232,0.811055689016361,0.815884310983639,100000.0,0.90595,0.0009230633645638851,0.9041408290357359,0.9077591709642642,100000.0,0.04705766653963883,0.0007424679881358889,0.04560245601174006,0.0485128770675376,-0.1381011097410604,0.002526110824822258,-0.14305219601772234,-0.13315002346439847,-0.09104344320142158,0.0026329630860858536,-0.09620395606347874,-0.08588293033936441,12.52,0.7992699769164359,10.953459618962954,14.086540381037045,38.28,25.76
published_seed,low8,"8% long-axis setting (anchor 2.4%, long-axis 8%); also the most accurate view-accuracy scenario",AP,10.0,A1,Anchor-view mean,1,100000,43147,6724,6782,43347,0,0,0,0,43147.0,431.47,6724.0,67.24,6782.0,67.82,43347.0,433.47,0.8641671173065754,0.0015332920829381638,0.8611619200225316,0.8671723145906192,49929.0,0.865710690819037,0.0015237509089451233,0.8627241938925372,0.8686971877455367,50071.0,0.8651721441318602,0.0015293857514068986,0.8621746031169897,0.8681696851467307,49871.0,0.8647090506493248,0.0015276534805332572,0.861714904823005,0.8677031964756446,50129.0,0.49929,0.0015811372359792178,0.49619102793842124,0.5023889720615787,100000.0,0.86494,0.0010808274441371293,0.8628216171192793,0.8670583828807208,100000.0,0.0,0.0,0.0,0.0,0.0,0.0,0.0,0.0,0.0,0.0,0.0,0.0,0.0,0.0,0.0,0.0,0.0,0.0
published_seed,low8,"8% long-axis setting (anchor 2.4%, long-axis 8%); also the most accurate view-accuracy scenario",AP,10.0,A2,Mean across views,1,100000,42794,4609,7135,45462,1975,2328,998,3113,42794.0,427.94,4609.0,46.09,7135.0,71.35,45462.0,454.62,0.8570970778505478,0.0015662429460028158,0.8540272980611283,0.8601668576399673,49929.0,0.9079507099918116,0.0012919574936617025,0.9054185198147044,0.9104829001689188,50071.0,0.9027698668860621,0.001360774159234294,0.9001027985218326,0.9054369352502916,47403.0,0.8643458752400327,0.0014930687193581522,0.8614195143005646,0.8672722361795008,52597.0,0.49929,0.0015811372359792178,0.49619102793842124,0.5023889720615787,100000.0,0.88256,0.0010180758635779555,0.8805646079581183,0.8845553920418817,100000.0,-0.007070039456027556,0.0013134296741232003,-0.00964431433384076,-0.0044957645782143524,0.04224001917277466,0.0012665330821118883,0.03975765992702632,0.044722378418523,0.0351699797167471,0.0018246105219885188,0.0315938087796284,0.03874615065386581,17.620000000000005,0.9155847071680479,15.825486935000088,19.41451306499992,50.88,33.26
published_seed,low8,"8% long-axis setting (anchor 2.4%, long-axis 8%); also the most accurate view-accuracy scenario",AP,10.0,A3,Largest view mean,1,100000,47053,11342,2876,38729,3906,0,4618,0,47053.0,470.53,11342.0,113.42,2876.0,28.76,38729.0,387.29,0.9423982054517415,0.0010426986186059229,0.9403545536964242,0.9444418572070588,49929.0,0.7734816560484112,0.0018706113521521869,0.7698153251402017,0.7771479869566208,50071.0,0.8057710420412707,0.001637099163098419,0.8025623866171677,0.8089796974653737,58395.0,0.9308736930657373,0.001243638885986587,0.9284362056202035,0.9333111805112712,41605.0,0.49929,0.0015811372359792178,0.49619102793842124,0.5023889720615787,100000.0,0.85782,0.0011043769628165919,0.8556554609104502,0.8599845390895499,100000.0,0.07823108814516613,0.0012017780843636434,0.07587564636382443,0.08058652992650783,-0.09222903477062572,0.001293090268021344,-0.09476344514469791,-0.08969462439655353,-0.013997946625459584,0.00176531951932455,-0.017457909331833006,-0.010537983919086162,-7.120000000000001,0.9229805285053418,-8.929008608571445,-5.310991391428558,39.06,46.18
published_seed,low8,"8% long-axis setting (anchor 2.4%, long-axis 8%); also the most accurate view-accuracy scenario",AP,10.0,A4,Largest view mean after review,1,100000,46764,10737,3165,39334,3617,0,4013,0,46764.0,467.64,10737.0,107.37,3165.0,31.65,39334.0,393.34,0.9366099861803762,0.0010904691439678786,0.9344727059150884,0.938747266445664,49929.0,0.7855644984122546,0.0018341976626900622,0.781969537024498,0.7891594598000112,50071.0,0.8132728126467366,0.0016251154011536248,0.8100876449646299,0.8164579803288432,57501.0,0.9255276594743406,0.0012735114295766546,0.9230316229187818,0.9280236960298993,42499.0,0.49929,0.0015811372359792178,0.49619102793842124,0.5023889720615787,100000.0,0.86098,0.001094044969825281,0.8588357112447613,0.8631242887552386,100000.0,0.0724428688738008,0.0011600901005100121,0.0701691340400448,0.07471660370755681,-0.08014619240678236,0.0012134104198114255,-0.08252443314683765,-0.07776795166672708,-0.00770332353298156,0.0016787417574505824,-0.010993596942881434,-0.004413050123081686,-3.959999999999998,0.8734089443095944,-5.671850088124809,-2.2481499118751884,36.17,40.13
published_seed,low8,"8% long-axis setting (anchor 2.4%, long-axis 8%); also the most accurate view-accuracy scenario",AP,13.0,A1,Anchor-view mean,1,100000,21156,5710,4587,68547,0,0,0,0,21156.0,211.56,5710.0,57.1,4587.0,45.87,68547.0,685.47,0.8218156392028901,0.0023850221360521367,0.8171410816770248,0.8264901967287555,25743.0,0.9231048924680502,0.0009777012734382019,0.9211886331693572,0.9250211517667432,74257.0,0.7874637087768928,0.002495918026362488,0.7825717992982713,0.7923556182555143,26866.0,0.9372795143161867,0.0008965605082345256,0.9355222879962254,0.9390367406361481,73134.0,0.25743,0.0013826054936242659,0.2547201430062942,0.2601398569937058,100000.0,0.89703,0.0009610784520526928,0.895146320832801,0.898913679167199,100000.0,0.0,0.0,0.0,0.0,0.0,0.0,0.0,0.0,0.0,0.0,0.0,0.0,0.0,0.0,0.0,0.0,0.0,0.0
published_seed,low8,"8% long-axis setting (anchor 2.4%, long-axis 8%); also the most accurate view-accuracy scenario",AP,13.0,A2,Mean across views,1,100000,20792,3802,4951,70455,1265,1629,948,2856,20792.0,207.92,3802.0,38.02,4951.0,49.51,70455.0,704.55,0.8076758730528687,0.0024564383069663903,0.8028613424029937,0.8124904037027437,25743.0,0.9487994397834547,0.0008088274211089413,0.9472141671558684,0.950384712411041,74257.0,0.8454094494592177,0.002305209689900959,0.8408913214545607,0.8499275774638747,24594.0,0.9343420947935177,0.0009019729580003423,0.9325742602668635,0.9361099293201719,75406.0,0.25743,0.0013826054936242659,0.2547201430062942,0.2601398569937058,100000.0,0.91247,0.0008936917762853142,0.9107183962913847,0.9142216037086153,100000.0,-0.014139766150021368,0.002087870578076433,-0.018231917319710366,-0.01004761498033237,0.02569454731540461,0.0008252131005741777,0.02407715934595084,0.02731193528485838,0.011554781165383242,0.002245034568142875,0.00715459423306766,0.015954968097698825,15.439999999999996,0.8169553623056771,13.83879690027391,17.04120309972608,41.21,25.77
published_seed,low8,"8% long-axis setting (anchor 2.4%, long-axis 8%); also the most accurate view-accuracy scenario",AP,13.0,A3,Largest view mean,1,100000,23722,10202,2021,64055,2566,0,4492,0,23722.0,237.22,10202.0,102.02,2021.0,20.21,64055.0,640.55,0.9214932214582605,0.0016763707423762524,0.9182075951525498,0.9247788477639712,25743.0,0.8626122789770662,0.0012633191455092793,0.8601362189313572,0.8650883390227752,74257.0,0.6992689541327674,0.0024897613942827584,0.6943891114313834,0.7041487968341513,33924.0,0.9694140081118712,0.0006698754437814762,0.9681010763575755,0.9707269398661669,66076.0,0.25743,0.0013826054936242659,0.2547201430062942,0.2601398569937058,100000.0,0.87777,0.0010358080280631152,0.8757398535540853,0.8798001464459148,100000.0,0.09967758225537039,0.0018671026758721471,0.09601812822635732,0.10333703628438347,-0.06049261349098402,0.0008748479401617136,-0.06220728395917513,-0.058777943022792906,0.039184968764386374,0.002061899929835133,0.03514371913030699,0.04322621839846576,-19.26,0.8379084222037633,-20.90227034281618,-17.617729657183826,25.66,44.92
published_seed,low8,"8% long-axis setting (anchor 2.4%, long-axis 8%); also the most accurate view-accuracy scenario",AP,13.0,A4,Largest view mean after review,1,100000,23451,9151,2292,65106,2295,0,3441,0,23451.0,234.51,9151.0,91.51,2292.0,22.92,65106.0,651.06,0.9109660878685468,0.001775003668402409,0.9074871445786101,0.9144450311584835,25743.0,0.8767658267907402,0.0012062537740239615,0.8744016128187891,0.8791300407626913,74257.0,0.7193116986687933,0.0024885627515990735,0.7144342052639182,0.7241891920736684,32602.0,0.9659930561737737,0.0006981476808284988,0.9646247118526664,0.9673614004948811,67398.0,0.25743,0.0013826054936242659,0.2547201430062942,0.2601398569937058,100000.0,0.88557,0.0010066567195424667,0.8835969890693386,0.8875430109306613,100000.0,0.08915044866565669,0.0017760513273938725,0.08566945200181249,0.09263144532950089,-0.04633906567730988,0.0007714396078100384,-0.047851059536791675,-0.044827071817828086,0.04281138298834681,0.0019363567300566397,0.03901619350627808,0.04660657247041554,-11.46,0.7564963212071821,-12.942705555698515,-9.977294444301487,22.95,34.41
published_seed,low8,"8% long-axis setting (anchor 2.4%, long-axis 8%); also the most accurate view-accuracy scenario",SL,7.0,A1,Anchor-view mean,1,100000,34552,8107,6226,51115,0,0,0,0,34552.0,345.52,8107.0,81.07,6226.0,62.26,51115.0,511.15,0.8473196331355143,0.0017811572845261598,0.8438286289795053,0.8508106372915233,40778.0,0.8631083043463578,0.0014124714040063752,0.8603399112434759,0.8658766974492397,59222.0,0.8099580393351931,0.0018995497661630936,0.8062349901773049,0.8136810884930812,42659.0,0.8914214959627492,0.001299214464043446,0.8888750823849447,0.8939679095405537,57341.0,0.40778,0.00155401245683553,0.40473419152905077,0.4108258084709492,100000.0,0.85667,0.0011080907503449343,0.854498182020591,0.8588418179794091,100000.0,0.0,0.0,0.0,0.0,0.0,0.0,0.0,0.0,0.0,0.0,0.0,0.0,0.0,0.0,0.0,0.0,0.0,0.0
published_seed,low8,"8% long-axis setting (anchor 2.4%, long-axis 8%); also the most accurate view-accuracy scenario",SL,7.0,A2,Mean across views,1,100000,34436,5879,6342,53343,1827,1943,1307,3535,34436.0,344.36,5879.0,58.79,6342.0,63.42,53343.0,533.43,0.8444749619893079,0.001794653400235522,0.8409575059323687,0.8479924180462471,40778.0,0.9007294586471244,0.0012287565432055328,0.8983211400576772,0.9031377772365716,59222.0,0.8541733845963041,0.0017577539537051408,0.8507282501261844,0.8576185190664238,40315.0,0.8937421462679065,0.001261403523791655,0.8912698407718017,0.8962144517640113,59685.0,0.40778,0.00155401245683553,0.40473419152905077,0.4108258084709492,100000.0,0.87779,0.0010357350814759537,0.8757599965267701,0.8798200034732299,100000.0,-0.00284467114620629,0.0015056559551436571,-0.005795702614673473,0.00010636032226089267,0.03762115430076661,0.0011647624647095562,0.03533826180138461,0.03990404680014861,0.03477648315456032,0.0019035943513405996,0.031045506755329393,0.03850745955379125,21.12,0.9256022126161972,19.30585298495191,22.934147015048094,53.62,32.5
published_seed,low8,"8% long-axis setting (anchor 2.4%, long-axis 8%); also the most accurate view-accuracy scenario",SL,7.0,A3,Largest view mean,1,100000,38192,13696,2586,45526,3640,0,5589,0,38192.0,381.92,13696.0,136.96,2586.0,25.86,45526.0,455.26,0.9365834518612978,0.0012068730205109823,0.934218024188525,0.9389488795340706,40778.0,0.7687345918746412,0.0017326147837556846,0.7653387292726123,0.7721304544766702,59222.0,0.7360468701819303,0.0019350076106792002,0.732254324925273,0.7398394154385876,51888.0,0.9462504156967076,0.0010281675457082036,0.9442352443211512,0.948265587072264,48112.0,0.40778,0.00155401245683553,0.40473419152905077,0.4108258084709492,100000.0,0.83718,0.001167517227281893,0.8348917082651477,0.8394682917348524,100000.0,0.08926381872578351,0.0014119556820981248,0.08649643641927574,0.09203120103229129,-0.0943737124717166,0.0012013194123345792,-0.09672825527239352,-0.09201916967103967,-0.005109893745933083,0.001853857378187729,-0.008743387468315418,-0.0014764000235507496,-19.490000000000002,0.9586977620710294,-21.369013100539785,-17.610986899460215,36.4,55.89
published_seed,low8,"8% long-axis setting (anchor 2.4%, long-axis 8%); also the most accurate view-accuracy scenario",SL,7.0,A4,Largest view mean after review,1,100000,38040,13381,2738,45841,3488,0,5274,0,38040.0,380.4,13381.0,133.81,2738.0,27.38,45841.0,458.41,0.9328559517386826,0.0012393617648206075,0.9304268472966578,0.9352850561807075,40778.0,0.7740535611765897,0.0017184888628110568,0.7706853848710792,0.7774217374821003,59222.0,0.7397755780712161,0.0019348787818671016,0.7359832853143927,0.7435678708280394,51421.0,0.9436381975750839,0.0010463353728293763,0.9415874179124117,0.9456889772377561,48579.0,0.40778,0.00155401245683553,0.40473419152905077,0.4108258084709492,100000.0,0.83881,0.0011627888196056929,0.8365309757739703,0.8410890242260296,100000.0,0.08553631860316838,0.0013849865233622962,0.08282179487689312,0.08825084232944364,-0.089054743169768,0.00117039681750425,-0.09134867879779089,-0.0867608075417451,-0.0035184245665996206,0.0018132888298115271,-0.007072405394632341,3.555626143309952e-05,-17.86,0.9343501506394699,-19.69129265864794,-16.028707341352064,34.88,52.74
published_seed,low8,"8% long-axis setting (anchor 2.4%, long-axis 8%); also the most accurate view-accuracy scenario",SL,10.0,A1,Anchor-view mean,1,100000,11449,4848,2951,80752,0,0,0,0,11449.0,114.49,4848.0,48.48,2951.0,29.51,80752.0,807.52,0.7950694444444445,0.003363757230423367,0.788476601368075,0.801662287520814,14400.0,0.9433644859813084,0.0007900367654591917,0.941816042362332,0.9449129296002848,85600.0,0.7025219365527398,0.003580993930705537,0.6955033173643385,0.709540555741141,16297.0,0.9647443938687981,0.0006374552653255363,0.9634950044971495,0.9659937832404466,83703.0,0.144,0.0011102432165971561,0.14182396326422536,0.14617603673577462,100000.0,0.92201,0.0008479832539620108,0.9203479833496316,0.9236720166503684,100000.0,0.0,0.0,0.0,0.0,0.0,0.0,0.0,0.0,0.0,0.0,0.0,0.0,0.0,0.0,0.0,0.0,0.0,0.0
published_seed,low8,"8% long-axis setting (anchor 2.4%, long-axis 8%); also the most accurate view-accuracy scenario",SL,10.0,A2,Mean across views,1,100000,11351,3186,3049,82414,831,929,738,2400,11351.0,113.51,3186.0,31.86,3049.0,30.49,82414.0,824.14,0.7882638888888889,0.003404489788445366,0.7815912114651683,0.7949365663126094,14400.0,0.9627803738317757,0.0006470125957198327,0.9615122524366183,0.9640484952269331,85600.0,0.7808351104079246,0.0034310556481113408,0.7741103648556298,0.7875598559602195,14537.0,0.9643237424382481,0.000634471338637015,0.9630802014554878,0.9655672834210085,85463.0,0.144,0.0011102432165971561,0.14182396326422536,0.14617603673577462,100000.0,0.93765,0.0007646075954370321,0.9361513966388169,0.9391486033611831,100000.0,-0.006805555555555551,0.0029128058570422463,-0.012514550174347501,-0.0010965609367636015,0.01941588785046729,0.0006510406999821945,0.01813987151596739,0.02069190418496719,0.01261033229491174,0.002984676189112132,0.006760474412594768,0.018460190177228712,15.639999999999997,0.6981073728302831,14.271734681118064,17.00826531888193,32.31,16.67
published_seed,low8,"8% long-axis setting (anchor 2.4%, long-axis 8%); also the most accurate view-accuracy scenario",SL,10.0,A3,Largest view mean,1,100000,13120,8591,1280,77009,1671,0,3743,0,13120.0,131.2,8591.0,85.91,1280.0,12.8,77009.0,770.09,0.9111111111111111,0.0023715274953455,0.9064630025952237,0.9157592196269985,14400.0,0.8996378504672897,0.0010270272207094056,0.8976249140876792,0.9016507868469003,85600.0,0.6043019667449679,0.0033187079525028138,0.5977974186315487,0.6108065148583872,21711.0,0.9836503212456411,0.0004532362192120714,0.9827619945724894,0.9845386479187929,78289.0,0.144,0.0011102432165971561,0.14182396326422536,0.14617603673577462,100000.0,0.90129,0.0009432196769576002,0.8994413233890715,0.9031386766109286,100000.0,0.11604166666666667,0.00266895732689192,0.11081060638842227,0.12127272694491106,-0.04372663551401869,0.0006989195337999476,-0.04509649263916337,-0.04235677838887401,0.07231503115264798,0.0027589530129194296,0.06690758256963436,0.0777224797356616,-20.72,0.7328757166123052,-22.15641002103432,-19.28358997896568,16.71,37.43
published_seed,low8,"8% long-axis setting (anchor 2.4%, long-axis 8%); also the most accurate view-accuracy scenario",SL,10.0,A4,Largest view mean after review,1,100000,12989,8010,1411,77590,1540,0,3162,0,12989.0,129.89,8010.0,80.1,1411.0,14.11,77590.0,775.9,0.9020138888888889,0.002477465566814649,0.8971581455666926,0.9068696322110852,14400.0,0.9064252336448598,0.0009954248697030717,0.9044742367355371,0.9083762305541826,85600.0,0.6185532644411639,0.0033520168733768324,0.6119834320419527,0.625123096840375,20999.0,0.9821394665890305,0.00047121325650411786,0.9812159055699596,0.9830630276081014,79001.0,0.144,0.0011102432165971561,0.14182396326422536,0.14617603673577462,100000.0,0.90579,0.000923766615006193,0.903979450690186,0.9076005493098139,100000.0,0.10694444444444444,0.0025753550220055095,0.10189684131409443,0.11199204757479445,-0.0369392523364486,0.0006446648768360844,-0.038202772287111754,-0.03567573238578544,0.07000519210799584,0.0026548156796273228,0.06480184894929075,0.07520853526670093,-16.220000000000002,0.6837902573157942,-17.560204287889693,-14.87979571211031,15.4,31.62
published_seed,low8,"8% long-axis setting (anchor 2.4%, long-axis 8%); also the most accurate view-accuracy scenario",SL,13.0,A1,Anchor-view mean,1,100000,3483,2191,1040,93286,0,0,0,0,3483.0,34.83,2191.0,21.91,1040.0,10.4,93286.0,932.86,0.7700641167366792,0.006256818042827858,0.7578009786181861,0.7823272548551723,4523.0,0.9770520648952103,0.00048459762097010164,0.9761022710036233,0.9780018587867974,95477.0,0.6138526612618964,0.0064634430837542415,0.6011845455016891,0.6265207770221037,5674.0,0.9889744079045014,0.0003399991084481617,0.9883080218919109,0.9896407939170919,94326.0,0.04523,0.0006571472217091083,0.04394201510275013,0.04651798489724987,100000.0,0.96769,0.0005591606558047513,0.9665940652444064,0.9687859347555937,100000.0,0.0,0.0,0.0,0.0,0.0,0.0,0.0,0.0,0.0,0.0,0.0,0.0,0.0,0.0,0.0,0.0,0.0,0.0
published_seed,low8,"8% long-axis setting (anchor 2.4%, long-axis 8%); also the most accurate view-accuracy scenario",SL,13.0,A2,Mean across views,1,100000,3396,1415,1127,94062,254,341,373,1149,3396.0,33.96,1415.0,14.15,1127.0,11.27,94062.0,940.62,0.7508290957329207,0.006431405862593498,0.7382237717728485,0.7634344196929929,4523.0,0.9851796767807953,0.0003910544006879366,0.9844132242334054,0.9859461293281853,95477.0,0.7058823529411765,0.006569147681168036,0.6930070599754037,0.7187576459069493,4811.0,0.9881603966844908,0.00035058143615761684,0.9874732696905536,0.9888475236784281,95189.0,0.04523,0.0006571472217091083,0.04394201510275013,0.04651798489724987,100000.0,0.97458,0.0004977330971514753,0.9736044610479746,0.9755555389520254,100000.0,-0.019235021003758568,0.005385428999939456,-0.029790267968195904,-0.008679774039321232,0.00812761188558501,0.00040776209706081955,0.007328412854781297,0.008926810916388722,-0.011107409118173558,0.005400843956382032,-0.021692868842299914,-0.0005219493940472036,6.8900000000000015,0.4595925140817679,5.9892152177302425,7.79078478226976,14.03,7.14
published_seed,low8,"8% long-axis setting (anchor 2.4%, long-axis 8%); also the most accurate view-accuracy scenario",SL,13.0,A3,Largest view mean,1,100000,4016,4197,507,91280,533,0,2006,0,4016.0,40.16,4197.0,41.97,507.0,5.07,91280.0,912.8,0.887906256909131,0.004690951579280799,0.8787121606879975,0.8971003531302646,4523.0,0.9560417692219069,0.0006634514591052662,0.954741428246313,0.9573421101975007,95477.0,0.4889808839644466,0.0055158646709763375,0.47816998778046116,0.49979178014843206,8213.0,0.9944763419656378,0.00024463581137749584,0.9939968645822271,0.9949558193490485,91787.0,0.04523,0.0006571472217091083,0.04394201510275013,0.04651798489724987,100000.0,0.95296,0.0006695314660268028,0.9516477424297203,0.9542722575702798,100000.0,0.11784214017245191,0.004794134021873337,0.10844581007840495,0.12723847026649887,-0.02101029567330352,0.0004641472290788448,-0.021920007532997807,-0.02010058381360923,0.09683184449914839,0.004816549975858756,0.08739157994226436,0.10627210905603242,-14.730000000000002,0.5017272874779685,-15.713367421274473,-13.746632578725533,5.33,20.06
published_seed,low8,"8% long-axis setting (anchor 2.4%, long-axis 8%); also the most accurate view-accuracy scenario",SL,13.0,A4,Largest view mean after review,1,100000,3953,3705,570,91772,470,0,1514,0,3953.0,39.53,3705.0,37.05,570.0,5.7,91772.0,917.72,0.8739774485960645,0.004934702250539179,0.8643056098342887,0.8836492873578403,4523.0,0.9611948427369943,0.000625030280132451,0.9599698058890248,0.9624198795849638,95477.0,0.5161922172891095,0.0057106358882818425,0.504999576530969,0.5273848580472499,7658.0,0.9938272941889931,0.00025774699535047754,0.993322119356998,0.9943324690209882,92342.0,0.04523,0.0006571472217091083,0.04394201510275013,0.04651798489724987,100000.0,0.95725,0.0006397064756589537,0.9559961983371417,0.9585038016628584,100000.0,0.10391333185938537,0.004537298475227076,0.09502039019068541,0.11280627352808532,-0.015857222158216114,0.00040429021283953833,-0.016649616420933946,-0.01506482789549828,0.08805610970116926,0.00455527474797029,0.07912793518503841,0.0969842842173001,-10.440000000000001,0.4441959747678945,-11.310608119489984,-9.569391880510018,4.7,15.14
published_seed,acc_2p4_8,"View-accuracy extreme, most accurate (anchor 2.4%, long-axis 8%); same parameters as low8, amendment-2 seed",AP,7.0,A1,Anchor-view mean,1,100000,74883,4222,6444,14451,0,0,0,0,74883.0,748.83,4222.0,42.22,6444.0,64.44,14451.0,144.51,0.9207643218119443,0.0009471467097770213,0.9189079483580629,0.9226206952658258,81327.0,0.7738981417019226,0.003061166268985854,0.767898366016696,0.7798979173871492,18673.0,0.9466278996270779,0.0007991804100379608,0.9450615347938983,0.9481942644602576,79105.0,0.6916008614501077,0.003194943284867333,0.685338887629726,0.6978628352704894,20895.0,0.81327,0.0012323226326737653,0.8108546920035743,0.8156853079964258,100000.0,0.89334,0.0009761334150616911,0.891426813647282,0.895253186352718,100000.0,0.0,0.0,0.0,0.0,0.0,0.0,0.0,0.0,0.0,0.0,0.0,0.0,0.0,0.0,0.0,0.0,0.0,0.0
published_seed,acc_2p4_8,"View-accuracy extreme, most accurate (anchor 2.4%, long-axis 8%); same parameters as low8, amendment-2 seed",AP,7.0,A2,Mean across views,1,100000,74932,3213,6395,15460,2112,2063,685,1694,74932.0,749.32,3213.0,32.13,6395.0,63.95,15460.0,154.6,0.9213668277447834,0.0009438474529885596,0.9195169207154341,0.9232167347741327,81327.0,0.8279333797461575,0.0027620972263071464,0.8225197686180957,0.8333469908742194,18673.0,0.9588841256638301,0.0007102925045238424,0.9574919779254936,0.9602762734021666,78145.0,0.707389613360787,0.0030775052534099934,0.7013578138542925,0.7134214128672814,21855.0,0.81327,0.0012323226326737653,0.8108546920035743,0.8156853079964258,100000.0,0.90392,0.0009319261429963216,0.9020934583090683,0.9057465416909316,100000.0,0.0006025059328390314,0.0007944964336811042,-0.0009546784753043202,0.002159690340982383,0.054035238044235,0.0025819549738275278,0.0489746992459121,0.059095776842557894,0.05463774397707403,0.0027014285239488943,0.04934304132156106,0.059932446632587,10.579999999999997,0.8088761561574181,8.994631853473079,12.165368146526912,38.06,27.48
published_seed,acc_2p4_8,"View-accuracy extreme, most accurate (anchor 2.4%, long-axis 8%); same parameters as low8, amendment-2 seed",AP,7.0,A3,Largest view mean,1,100000,78854,6953,2473,11720,3971,0,2731,0,78854.0,788.54,6953.0,69.53,2473.0,24.73,11720.0,117.2,0.9695918944507974,0.0006021043904322327,0.9684117915213083,0.9707719973802865,81327.0,0.6276441921490923,0.003537763319364379,0.6207103034026176,0.634578080895567,18673.0,0.9189693148577622,0.000931566583480906,0.9171434778905366,0.9207951518249878,85807.0,0.8257591770591136,0.003183937689339115,0.8195187738097658,0.8319995803084614,14193.0,0.81327,0.0012323226326737653,0.8108546920035743,0.8156853079964258,100000.0,0.90574,0.0009239862141828741,0.9039290202837053,0.9075509797162947,100000.0,0.048827572638853026,0.0007556919874763424,0.04734644354831094,0.05030870172939511,-0.1462539495528303,0.0025858963113263886,-0.1513222132307628,-0.1411856858748978,-0.09742637691397728,0.0026940545860964595,-0.10270662691676125,-0.09214612691119331,12.400000000000002,0.8177177997328907,10.797302550364325,14.002697449635678,39.71,27.31
published_seed,acc_2p4_8,"View-accuracy extreme, most accurate (anchor 2.4%, long-axis 8%); same parameters as low8, amendment-2 seed",AP,7.0,A4,Largest view mean after review,1,100000,78711,6822,2616,11851,3828,0,2600,0,78711.0,787.11,6822.0,68.22,2616.0,26.16,11851.0,118.51,0.9678335608100631,0.0006187061833759291,0.9666209189640689,0.9690462026560573,81327.0,0.6346596690408611,0.0035238077857130705,0.6277531326379437,0.6415662054437785,18673.0,0.9202413103714356,0.0009263455408959398,0.9184257064597191,0.9220569142831522,85533.0,0.8191746733946222,0.003199842826627531,0.812903096648774,0.8254462501404705,14467.0,0.81327,0.0012323226326737653,0.8108546920035743,0.8156853079964258,100000.0,0.90562,0.0009245129290604866,0.9038079879415069,0.9074320120584931,100000.0,0.047069238998118705,0.0007426460670898142,0.045613679441881085,0.048524798554356326,-0.13923847266106143,0.0025334597012256774,-0.14420396247091452,-0.13427298285120834,-0.09216923366294272,0.002640064627750326,-0.09734366529100676,-0.08699480203487868,12.280000000000003,0.8008071028656027,10.710446907439124,13.849553092560882,38.28,26.0
published_seed,acc_2p4_8,"View-accuracy extreme, most accurate (anchor 2.4%, long-axis 8%); same parameters as low8, amendment-2 seed",AP,10.0,A1,Anchor-view mean,1,100000,43029,6629,6884,43458,0,0,0,0,43029.0,430.29,6629.0,66.29,6884.0,68.84,43458.0,434.58,0.8620800192334662,0.0015434072884299651,0.8590549965108059,0.8651050419561266,49913.0,0.8676502884980135,0.0015141585290245462,0.8646825922908324,0.8706179847051946,50087.0,0.8665069072455597,0.0015262328603971023,0.8635155457835644,0.869498268707555,49658.0,0.8632553335187318,0.0015312975957302822,0.8602540453578139,0.8662566216796498,50342.0,0.49913,0.0015811364365544169,0.49603102950526506,0.5022289704947349,100000.0,0.86487,0.0010810637497391169,0.8627511539688063,0.8669888460311937,100000.0,0.0,0.0,0.0,0.0,0.0,0.0,0.0,0.0,0.0,0.0,0.0,0.0,0.0,0.0,0.0,0.0,0.0,0.0
published_seed,acc_2p4_8,"View-accuracy extreme, most accurate (anchor 2.4%, long-axis 8%); same parameters as low8, amendment-2 seed",AP,10.0,A2,Mean across views,1,100000,42791,4661,7122,45426,2030,2268,1108,3076,42791.0,427.91,4661.0,46.61,7122.0,71.22,45426.0,454.26,0.8573117223969707,0.001565513049092908,0.8542433731792184,0.8603800716147231,49913.0,0.9069419210573602,0.0012980884020103909,0.9043977145206022,0.9094861275941181,50087.0,0.9017744246817837,0.0013662619916704434,0.8990966003635413,0.9044522490000261,47452.0,0.8644667732358986,0.0014932033173330743,0.8615401484892452,0.867393397982552,52548.0,0.49913,0.0015811364365544169,0.49603102950526506,0.5022289704947349,100000.0,0.88217,0.0010195395583301316,0.8801717391690971,0.8841682608309029,100000.0,-0.004768296836495503,0.0013132946896057692,-0.007342307149513986,-0.002194286523477021,0.03929163255934674,0.0012794405113361743,0.03678397521698625,0.04179928990170723,0.03452333572285124,0.0018334969222212742,0.030929747761186743,0.03811692368451574,17.300000000000004,0.9193514561907214,15.498104242518611,19.101895757481394,51.06,33.76
published_seed,acc_2p4_8,"View-accuracy extreme, most accurate (anchor 2.4%, long-axis 8%); same parameters as low8, amendment-2 seed",AP,10.0,A3,Largest view mean,1,100000,47099,11417,2814,38670,4070,0,4788,0,47099.0,470.99,11417.0,114.17,2814.0,28.14,38670.0,386.7,0.9436219021096708,0.0010323985338457375,0.9415984381496804,0.9456453660696612,49913.0,0.7720566214786272,0.00187445732070982,0.7683827526104995,0.7757304903467549,50087.0,0.8048909699911135,0.0016382112229408245,0.8016801349697535,0.8081018050124735,58516.0,0.932166618455308,0.001234605462595936,0.9297468361944167,0.9345864007161994,41484.0,0.49913,0.0015811364365544169,0.49603102950526506,0.5022289704947349,100000.0,0.85769,0.0011047980082349897,0.8555246356765877,0.8598553643234123,100000.0,0.08154188287620459,0.0012249354663264325,0.07914105345988157,0.08394271229252762,-0.09559366701938626,0.0013138138874451706,-0.09816869494147885,-0.09301863909729367,-0.014051784143181673,0.0017962666359725512,-0.01757240208408898,-0.010531166202274367,-7.179999999999999,0.9408955712511351,-9.024121447411659,-5.33587855258834,40.7,47.88
published_seed,acc_2p4_8,"View-accuracy extreme, most accurate (anchor 2.4%, long-axis 8%); same parameters as low8, amendment-2 seed",AP,10.0,A4,Largest view mean after review,1,100000,46805,10810,3108,39277,3776,0,4181,0,46805.0,468.05,10810.0,108.1,3108.0,31.08,39277.0,392.77,0.9377316530763529,0.001081598606948007,0.9356117587442846,0.9398515474084211,49913.0,0.7841755345698485,0.0018382072355628712,0.7805727145636057,0.7877783545760912,50087.0,0.812375249500998,0.001626505823040219,0.8091873566420489,0.8155631423599472,57615.0,0.926672171758877,0.0012661681307009067,0.9241905278047559,0.929153815712998,42385.0,0.49913,0.0015811364365544169,0.49603102950526506,0.5022289704947349,100000.0,0.86082,0.0010945726453735264,0.8586746770196831,0.8629653229803169,100000.0,0.07565163384288662,0.0011836414300947448,0.0733317392509924,0.07797152843478083,-0.08347475392816499,0.001235911234049373,-0.08589709545409734,-0.08105241240223264,-0.00782312008527837,0.0017112812783076242,-0.011177169784635295,-0.004469070385921446,-4.049999999999998,0.8919282342206686,-5.798147229656077,-2.3018527703439196,37.76,41.81
published_seed,acc_2p4_8,"View-accuracy extreme, most accurate (anchor 2.4%, long-axis 8%); same parameters as low8, amendment-2 seed",AP,13.0,A1,Anchor-view mean,1,100000,20904,5846,4590,68660,0,0,0,0,20904.0,209.04,5846.0,58.46,4590.0,45.9,68660.0,686.6,0.8199576370910803,0.0024063792216005037,0.8152412204463952,0.8246740537357653,25494.0,0.9215365205486806,0.0009851320146820894,0.9196056972646562,0.923467343832705,74506.0,0.7814579439252336,0.0025267276003571757,0.7765056487907271,0.7864102390597401,26750.0,0.9373378839590444,0.0008954612536078684,0.9355828121385781,0.9390929557795107,73250.0,0.25494,0.0013782075184818868,0.2522387628792462,0.2576412371207538,100000.0,0.89564,0.0009667936201692687,0.8937451193090385,0.8975348806909614,100000.0,0.0,0.0,0.0,0.0,0.0,0.0,0.0,0.0,0.0,0.0,0.0,0.0,0.0,0.0,0.0,0.0,0.0,0.0
published_seed,acc_2p4_8,"View-accuracy extreme, most accurate (anchor 2.4%, long-axis 8%); same parameters as low8, amendment-2 seed",AP,13.0,A2,Mean across views,1,100000,20568,3822,4926,70684,1142,1478,859,2883,20568.0,205.68,3822.0,38.22,4926.0,49.26,70684.0,706.84,0.8067780654271594,0.0024727844633108302,0.8019314968993108,0.811624633955008,25494.0,0.9487021179502322,0.00080820033914323,0.9471180743807237,0.9502861615197407,74506.0,0.8432964329643297,0.002327682131373121,0.8387342597833951,0.8478586061452642,24390.0,0.9348498875810078,0.0008975091932092124,0.9330908018726487,0.936608973289367,75610.0,0.25494,0.0013782075184818868,0.2522387628792462,0.2576412371207538,100000.0,0.91252,0.0008934609650119024,0.9107688486731714,0.9142711513268286,100000.0,-0.013179571663920926,0.0020060665224064683,-0.017111389829442797,-0.009247753498399056,0.027165597401551556,0.0008149788007057328,0.025568268291405145,0.028762926511697966,0.01398602573763063,0.002165292898875285,0.00974212960637943,0.01822992186888183,16.880000000000003,0.7958333091797553,15.320195364006812,18.43980463599319,40.25,23.37
published_seed,acc_2p4_8,"View-accuracy extreme, most accurate (anchor 2.4%, long-axis 8%); same parameters as low8, amendment-2 seed",AP,13.0,A3,Largest view mean,1,100000,23356,10291,2138,64215,2452,0,4445,0,23356.0,233.56,10291.0,102.91,2138.0,21.38,64215.0,642.15,0.9161371303051699,0.0017359855725526214,0.9127346610784474,0.9195395995318923,25494.0,0.8618768958204709,0.0012640380883608456,0.8593994266726548,0.864354364968287,74506.0,0.6941480666924242,0.0025119355954498507,0.6892247633550239,0.6990713700298246,33647.0,0.9677783973595768,0.0006855375514266269,0.9664347684381325,0.9691220262810212,66353.0,0.25494,0.0013782075184818868,0.2522387628792462,0.2576412371207538,100000.0,0.87571,0.0010432736740663977,0.8736652211566821,0.8777547788433179,100000.0,0.09617949321408958,0.0018465596733526683,0.0925603027304666,0.09979868369771257,-0.059659624728209806,0.0008677351227315906,-0.06136035433029931,-0.057958895126120305,0.03651986848587978,0.002040281076340787,0.032520991026370585,0.04051874594538897,-19.930000000000003,0.8280869223698681,-21.55302055671574,-18.306979443284266,24.52,44.45
published_seed,acc_2p4_8,"View-accuracy extreme, most accurate (anchor 2.4%, long-axis 8%); same parameters as low8, amendment-2 seed",AP,13.0,A4,Largest view mean after review,1,100000,23103,9284,2391,65222,2199,0,3438,0,23103.0,231.03,9284.0,92.84,2391.0,23.91,65222.0,652.22,0.9062132266415627,0.0018258580260361705,0.9026346106414207,0.9097918426417047,25494.0,0.8753925858320135,0.001209978768523212,0.8730210710049436,0.8777641006590834,74506.0,0.7133417729335845,0.0025127291211838433,0.7084169143143125,0.7182666315528564,32387.0,0.9646369780959283,0.0007102995425629344,0.9632448165632885,0.9660291396285681,67613.0,0.25494,0.0013782075184818868,0.2522387628792462,0.2576412371207538,100000.0,0.88325,0.0010154774123534212,0.8812597008289741,0.8852402991710259,100000.0,0.08625558955048247,0.0017582758045558968,0.08280943227148188,0.08970174682948306,-0.04614393471666711,0.000768604832838724,-0.04765037251925703,-0.044637496914077195,0.04011165483381536,0.0019189286578582669,0.03635062374584484,0.04387268592178588,-12.390000000000002,0.749776552714207,-13.85953505136395,-10.920464948636052,21.99,34.38
published_seed,acc_2p4_8,"View-accuracy extreme, most accurate (anchor 2.4%, long-axis 8%); same parameters as low8, amendment-2 seed",SL,7.0,A1,Anchor-view mean,1,100000,34491,8098,6176,51235,0,0,0,0,34491.0,344.91,8098.0,80.98,6176.0,61.76,51235.0,512.35,0.8481323923574396,0.0017796857912327994,0.8446442722753118,0.8516205124395675,40667.0,0.8635160871690291,0.001409378995960076,0.8607537550745912,0.8662784192634669,59333.0,0.8098570053300148,0.001901496870467535,0.8061301399177858,0.8135838707422438,42589.0,0.8924247966417586,0.0012931364294217114,0.8898902957930035,0.8949592974905136,57411.0,0.40667,0.0015533496422248277,0.40362549062182645,0.4097145093781735,100000.0,0.85726,0.0011061884667632365,0.8550919104279289,0.8594280895720712,100000.0,0.0,0.0,0.0,0.0,0.0,0.0,0.0,0.0,0.0,0.0,0.0,0.0,0.0,0.0,0.0,0.0,0.0,0.0
published_seed,acc_2p4_8,"View-accuracy extreme, most accurate (anchor 2.4%, long-axis 8%); same parameters as low8, amendment-2 seed",SL,7.0,A2,Mean across views,1,100000,34280,5700,6387,53633,1809,2020,1261,3659,34280.0,342.8,5700.0,57.0,6387.0,63.87,53633.0,536.33,0.8429439102958173,0.001804287170722329,0.8394075723955396,0.8464802481960949,40667.0,0.9039320445620481,0.0012097872728619454,0.9015609050595805,0.9063031840645157,59333.0,0.8574287143571786,0.0017486127865147681,0.85400149624567,0.8608559324686872,39980.0,0.8935854715094969,0.001258695027619187,0.8911184745683842,0.8960524684506095,60020.0,0.40667,0.0015533496422248277,0.40362549062182645,0.4097145093781735,100000.0,0.87913,0.0010308270616354617,0.8771096160689686,0.8811503839310313,100000.0,-0.0051884820616224445,0.0015213826277039803,-0.008170337242147649,-0.0022066268810972405,0.040415957393019064,0.0011704855030871455,0.03812184794444637,0.04271006684159176,0.03522747533139662,0.0019195419799568428,0.03146524215419248,0.03898970850860076,21.87,0.932800638400296,20.0417443295584,23.6982556704416,54.68,32.81
published_seed,acc_2p4_8,"View-accuracy extreme, most accurate (anchor 2.4%, long-axis 8%); same parameters as low8, amendment-2 seed",SL,7.0,A3,Largest view mean,1,100000,38042,13745,2625,45588,3551,0,5647,0,38042.0,380.42,13745.0,137.45,2625.0,26.25,45588.0,455.88,0.9354513487594364,0.0012185212880703414,0.9330630909015849,0.9378396066172878,40667.0,0.7683413951763775,0.0017320211075106371,0.7649466961584165,0.7717360941943384,59333.0,0.7345858999362774,0.0019403180012046697,0.7307829465053644,0.7383888533671905,51787.0,0.9455541036649866,0.0010333410682074693,0.9435287923715784,0.9475794149583948,48213.0,0.40667,0.0015533496422248277,0.40362549062182645,0.4097145093781735,100000.0,0.8363,0.0011700526056549765,0.83400673901481,0.83859326098519,100000.0,0.0873189564019967,0.001399886146082891,0.0845752299515755,0.0900626828524179,-0.09517469199265165,0.001204744509722132,-0.09753594786090468,-0.09281343612439862,-0.007855735590654944,0.0018469137921680126,-0.01147562013440773,-0.004235851046902158,-20.96,0.956768929261397,-22.835232657670883,-19.084767342329116,35.51,56.47
published_seed,acc_2p4_8,"View-accuracy extreme, most accurate (anchor 2.4%, long-axis 8%); same parameters as low8, amendment-2 seed",SL,7.0,A4,Largest view mean after review,1,100000,37902,13414,2765,45919,3411,0,5316,0,37902.0,379.02,13414.0,134.14,2765.0,27.65,45919.0,459.19,0.9320087540266063,0.0012482898173418132,0.9295621509230498,0.9344553571301628,40667.0,0.7739200782026865,0.0017172396212425556,0.7705543503656774,0.7772858060396955,59333.0,0.7386000467690389,0.0019396841631500747,0.7347983356378947,0.7424017579001831,51316.0,0.9432051598060964,0.001048973213005579,0.9411492100716412,0.9452611095405516,48684.0,0.40667,0.0015533496422248277,0.40362549062182645,0.4097145093781735,100000.0,0.83821,0.0011645342240569833,0.8359275548440804,0.8404924451559196,100000.0,0.08387636166916665,0.0013745981926973079,0.08118219869701486,0.08657052464131844,-0.08959600896634251,0.0011725010893115402,-0.09189406889135392,-0.0872979490413311,-0.005719647297175862,0.0018067315782382986,-0.009260776148186111,-0.0021785184461656126,-19.049999999999997,0.9322397626147472,-20.87715637409345,-17.222843625906545,34.11,53.16
published_seed,acc_2p4_8,"View-accuracy extreme, most accurate (anchor 2.4%, long-axis 8%); same parameters as low8, amendment-2 seed",SL,10.0,A1,Anchor-view mean,1,100000,11382,4849,2989,80780,0,0,0,0,11382.0,113.82,4849.0,48.49,2989.0,29.89,80780.0,807.8,0.7920116902094496,0.0033856476944765057,0.7853759426115927,0.7986474378073065,14371.0,0.9433719884618529,0.0007898537931513738,0.9418239034620127,0.944920073461693,85629.0,0.7012506931181073,0.0035926711464213806,0.6942091870072826,0.7082921992289319,16231.0,0.9643185426589789,0.000640899430055266,0.96306240284845,0.9655746824695077,83769.0,0.14371,0.0011093125614541647,0.14153578731480204,0.14588421268519797,100000.0,0.92162,0.0008499210292727201,0.9199541853797825,0.9232858146202175,100000.0,0.0,0.0,0.0,0.0,0.0,0.0,0.0,0.0,0.0,0.0,0.0,0.0,0.0,0.0,0.0,0.0,0.0,0.0
published_seed,acc_2p4_8,"View-accuracy extreme, most accurate (anchor 2.4%, long-axis 8%); same parameters as low8, amendment-2 seed",SL,10.0,A2,Mean across views,1,100000,11241,3143,3130,82486,837,978,727,2433,11241.0,112.41,3143.0,31.43,3130.0,31.3,82486.0,824.86,0.7822002644214042,0.0034430565724403875,0.7754519974894577,0.7889485313533507,14371.0,0.9632951453362762,0.000642585622278204,0.9620357006496933,0.9645545900228591,85629.0,0.7814933259176863,0.0034455229961347987,0.7747402248840899,0.7882464269512827,14384.0,0.9634414128200336,0.0006414013803726315,0.9621842892049529,0.9646985364351143,85616.0,0.14371,0.0011093125614541647,0.14153578731480204,0.14588421268519797,100000.0,0.93727,0.0007667786323313918,0.9357671414846613,0.9387728585153388,100000.0,-0.009811425788045364,0.002963369116143694,-0.015619522574398824,-0.004003329001691904,0.019923156874423385,0.0006529416694005324,0.01864341470829844,0.02120289904054833,0.010111731086378022,0.0030344504184701736,0.004164317506391546,0.016059144666364496,15.65,0.7035984472694635,14.270972372895953,17.029027627104046,32.7,17.05
published_seed,acc_2p4_8,"View-accuracy extreme, most accurate (anchor 2.4%, long-axis 8%); same parameters as low8, amendment-2 seed",SL,10.0,A3,Largest view mean,1,100000,13046,8585,1325,77044,1664,0,3736,0,13046.0,130.46,8585.0,85.85,1325.0,13.25,77044.0,770.44,0.9078004314243964,0.0024133268355131135,0.9030703977065567,0.912530465142236,14371.0,0.8997419098669843,0.0010263801698642708,0.8977302416837365,0.9017535780502322,85629.0,0.6031158984790347,0.003326549121726656,0.5965959819562188,0.6096358150018506,21631.0,0.9830928045528207,0.0004605331455006664,0.9821901761668326,0.9839954329388088,78369.0,0.14371,0.0011093125614541647,0.14153578731480204,0.14588421268519797,100000.0,0.9009,0.000944876658617409,0.8990480757646696,0.9027519242353305,100000.0,0.11578874121494677,0.002669117494611672,0.1105573670137377,0.12102011541615584,-0.04363007859486856,0.0006980644410954962,-0.044998259769095855,-0.042261897420641265,0.07215866262007821,0.002758891473756091,0.06675133465160933,0.07756599058854709,-20.72,0.7319199519073106,-22.15453675662006,-19.285463243379937,16.64,37.36
published_seed,acc_2p4_8,"View-accuracy extreme, most accurate (anchor 2.4%, long-axis 8%); same parameters as low8, amendment-2 seed",SL,10.0,A4,Largest view mean after review,1,100000,12917,8034,1454,77595,1535,0,3185,0,12917.0,129.17,8034.0,80.34,1454.0,14.54,77595.0,775.95,0.8988240205970357,0.0025155476542953648,0.8938936377543324,0.903754403439739,14371.0,0.9061766457625338,0.0009964407365402436,0.9042236577907814,0.9081296337342861,85629.0,0.6165338170015751,0.003359228979298076,0.6099498491343941,0.623117784868756,20951.0,0.9816063454313148,0.00047791922557510833,0.9806696409542797,0.9825430499083498,79049.0,0.14371,0.0011093125614541647,0.14153578731480204,0.14588421268519797,100000.0,0.90512,0.0009267026793961479,0.9033036961096801,0.90693630389032,100000.0,0.10681233038758611,0.0025765499129829054,0.10176238531393648,0.11186227546123574,-0.03719534269931916,0.0006467001136857654,-0.03846285164093916,-0.03592783375769915,0.06961698768826696,0.0026564695539631916,0.06441040299540304,0.07482357238113088,-16.5,0.6850383200960367,-17.84265044600871,-15.157349553991292,15.35,31.85
published_seed,acc_2p4_8,"View-accuracy extreme, most accurate (anchor 2.4%, long-axis 8%); same parameters as low8, amendment-2 seed",SL,13.0,A1,Anchor-view mean,1,100000,3471,2201,1095,93233,0,0,0,0,3471.0,34.71,2201.0,22.01,1095.0,10.95,93233.0,932.33,0.7601839684625493,0.00631874029198785,0.7477994649649037,0.772568471960195,4566.0,0.9769369407129534,0.0004858924602676541,0.9759846089829575,0.9778892724429494,95434.0,0.611953455571227,0.00647042779013234,0.5992716500379681,0.624635261104486,5672.0,0.9883915698414044,0.00034876343749084106,0.9877080060594061,0.9890751336234027,94328.0,0.04566,0.0006601148718215641,0.044366198615365116,0.04695380138463488,100000.0,0.96704,0.0005645674308707507,0.9659334681599209,0.9681465318400791,100000.0,0.0,0.0,0.0,0.0,0.0,0.0,0.0,0.0,0.0,0.0,0.0,0.0,0.0,0.0,0.0,0.0,0.0,0.0
published_seed,acc_2p4_8,"View-accuracy extreme, most accurate (anchor 2.4%, long-axis 8%); same parameters as low8, amendment-2 seed",SL,13.0,A2,Mean across views,1,100000,3413,1371,1153,94063,296,354,339,1169,3413.0,34.13,1371.0,13.71,1153.0,11.53,94063.0,940.63,0.7474813841436706,0.006429525706523632,0.7348797452218098,0.7600830230655314,4566.0,0.9856340507575916,0.0003851886215429478,0.9848790949261578,0.9863890065890254,95434.0,0.7134197324414716,0.006537325584310311,0.7006068096399445,0.7262326552429987,4784.0,0.9878906906402285,0.00035445341682009256,0.9871959747035841,0.9885854065768729,95216.0,0.04566,0.0006601148718215641,0.044366198615365116,0.04695380138463488,100000.0,0.97476,0.0004960135320734711,0.9737878313336231,0.9757321686663768,100000.0,-0.012702584318878676,0.0055805178749953315,-0.023640198455226025,-0.0017649701825313262,0.00869711004463818,0.00040593415304828595,0.007901493718293049,0.00949272637098331,-0.004005474274240497,0.005595262486224703,-0.01497198731779141,0.006961038769310417,7.72,0.46390086872089387,6.810770997738321,8.629229002261678,14.65,6.93
published_seed,acc_2p4_8,"View-accuracy extreme, most accurate (anchor 2.4%, long-axis 8%); same parameters as low8, amendment-2 seed",SL,13.0,A3,Largest view mean,1,100000,4072,4061,494,91373,601,0,1860,0,4072.0,40.72,4061.0,40.61,494.0,4.94,91373.0,913.73,0.8918090232150679,0.004596883509968128,0.8827992970233368,0.9008187494067991,4566.0,0.9574470314562944,0.0006533873862508882,0.9561664157011885,0.9587276472114002,95434.0,0.5006762572236567,0.005544268074419193,0.48980969139144576,0.5115428230558676,8133.0,0.9946226610208235,0.00024128655069410683,0.9941497480677789,0.9950955739738682,91867.0,0.04566,0.0006601148718215641,0.044366198615365116,0.04695380138463488,100000.0,0.95445,0.0006593572438367534,0.9531576835389408,0.9557423164610592,100000.0,0.13162505475251862,0.00500328187767855,0.12181880239041626,0.14143130711462099,-0.01948990925665905,0.0004474859239046751,-0.020366965558018955,-0.018612852955299148,0.11213514549585957,0.005023253248602882,0.10228974996571487,0.12198054102600427,-12.589999999999998,0.4944844982403392,-13.559171815109128,-11.62082818489087,6.01,18.6
published_seed,acc_2p4_8,"View-accuracy extreme, most accurate (anchor 2.4%, long-axis 8%); same parameters as low8, amendment-2 seed",SL,13.0,A4,Largest view mean after review,1,100000,3995,3596,571,91838,524,0,1395,0,3995.0,39.95,3596.0,35.96,571.0,5.71,91838.0,918.38,0.8749452474813841,0.004895224177988654,0.8653507843205968,0.8845397106421715,4566.0,0.9623195087704591,0.0006164052932719747,0.9611113765862366,0.9635276409546817,95434.0,0.5262811223817678,0.00573085930156988,0.5150488444616257,0.53751340030191,7591.0,0.9938209481760435,0.00025778512697199435,0.993315698607443,0.994326197744644,92409.0,0.04566,0.0006601148718215641,0.044366198615365116,0.04695380138463488,100000.0,0.95833,0.000631930463737902,0.9570914390405704,0.9595685609594297,100000.0,0.11476127901883487,0.004716935496351445,0.10551625525566391,0.12400630278200583,-0.01461743194249429,0.00038849587709943647,-0.015378869875757609,-0.01385599400923097,0.10014384707634058,0.004732907090073026,0.09086751956445269,0.10942017458822847,-8.71,0.43719716261659336,-9.566890699630669,-7.853109300369332,5.24,13.95
published_seed,acc_20_40,"View-accuracy extreme, least accurate (anchor 20%, long-axis 40%)",AP,7.0,A1,Anchor-view mean,1,100000,61053,1885,20582,16480,0,0,0,0,61053.0,610.53,1885.0,18.85,20582.0,205.82,16480.0,164.8,0.7478777485147302,0.0015197868967611718,0.7448990209094066,0.7508564761200538,81635.0,0.8973591069970052,0.002239483576931197,0.8929697998076288,0.9017484141863815,18365.0,0.9700498903682989,0.0006794222647384583,0.9687182471886131,0.9713815335479847,62938.0,0.44466029895850195,0.0025812443181555266,0.4396011530197126,0.4497194448972913,37062.0,0.81635,0.0012244291629163362,0.8139501629201339,0.8187498370798661,100000.0,0.77533,0.001319823439328155,0.7727431935725606,0.7779168064274393,100000.0,0.0,0.0,0.0,0.0,0.0,0.0,0.0,0.0,0.0,0.0,0.0,0.0,0.0,0.0,0.0,0.0,0.0,0.0
published_seed,acc_20_40,"View-accuracy extreme, least accurate (anchor 20%, long-axis 40%)",AP,7.0,A2,Mean across views,1,100000,50528,563,31107,17802,3445,13970,162,1484,50528.0,505.28,563.0,5.63,31107.0,311.07,17802.0,178.02,0.618950205181601,0.0016997322833570336,0.6156187910965835,0.6222816192666186,81635.0,0.9693438606044106,0.001272044184339709,0.9668506997966954,0.9718370214121258,18365.0,0.9889804466540095,0.00046185287011580694,0.9880752316552859,0.9898856616527332,51091.0,0.36398208918603936,0.0021756062012878528,0.35971797935333844,0.3682461990187403,48909.0,0.81635,0.0012244291629163362,0.8139501629201339,0.8187498370798661,100000.0,0.6833,0.0014710578166747899,0.6804167796373989,0.6861832203626012,100000.0,-0.12892754333312917,0.0015522792004035201,-0.13196995468386885,-0.1258851319823895,0.07198475360740539,0.0021443319970979495,0.0677819400890453,0.07618756712576548,-0.05694278972572378,0.002647211821857758,-0.0621312295969394,-0.051754349854508164,-92.03,1.3495943060786824,-94.6751562545192,-89.38484374548081,49.29,141.32
published_seed,acc_20_40,"View-accuracy extreme, least accurate (anchor 20%, long-axis 40%)",AP,7.0,A3,Largest view mean,1,100000,70663,3448,10972,14917,9610,0,1563,0,70663.0,706.63,3448.0,34.48,10972.0,109.72,14917.0,149.17,0.8655968640901575,0.0011937801124625779,0.8632570980458149,0.8679366301345001,81635.0,0.8122515654778111,0.0028816283914804555,0.8066036775691314,0.8178994533864907,18365.0,0.9534751926164807,0.0007736698172049682,0.9519588276268725,0.954991557606089,74111.0,0.5761906601259222,0.003071218612485217,0.5701711822093213,0.5822101380425232,25889.0,0.81635,0.0012244291629163362,0.8139501629201339,0.8187498370798661,100000.0,0.8558,0.0011108841523759351,0.8536227070531727,0.8579772929468273,100000.0,0.1177191155754272,0.0011279470991960368,0.11550837986709854,0.11992985128375587,-0.08510754151919411,0.002059081706301057,-0.08914326753660276,-0.08107181550178547,0.03261157405623309,0.002347782385956677,0.0280100050999239,0.037213143012542284,80.47,1.025936543359286,78.45920130873137,82.48079869126863,96.1,15.63
published_seed,acc_20_40,"View-accuracy extreme, least accurate (anchor 20%, long-axis 40%)",AP,7.0,A4,Largest view mean after review,1,100000,69657,3228,11978,15137,8604,0,1343,0,69657.0,696.57,3228.0,32.28,11978.0,119.78,15137.0,151.37,0.8532737183805965,0.0012383971442972966,0.850846504560071,0.855700932201122,81635.0,0.824230873945004,0.002808667115460664,0.8187259875107173,0.8297357603792908,18365.0,0.9557110516567194,0.0007620648124149347,0.9542174320587195,0.9572046712547194,72885.0,0.5582518900977319,0.003015766042021787,0.5523410972229467,0.5641626829725171,27115.0,0.81635,0.0012244291629163362,0.8139501629201339,0.8187498370798661,100000.0,0.84794,0.001135507623928611,0.8457144459353744,0.8501655540646257,100000.0,0.10539596986586636,0.0010747048998180377,0.1032895869515994,0.10750235278013331,-0.07312823305200108,0.0019211306479932702,-0.07689357996136456,-0.06936288614263761,0.03226773681386527,0.0022013027025722613,0.027953262763720933,0.03658221086400961,72.61000000000001,0.9705554486993517,70.70774626054543,74.51225373945458,86.04,13.43
published_seed,acc_20_40,"View-accuracy extreme, least accurate (anchor 20%, long-axis 40%)",AP,10.0,A1,Anchor-view mean,1,100000,30805,2657,19492,47046,0,0,0,0,30805.0,308.05,2657.0,26.57,19492.0,194.92,47046.0,470.46,0.6124619758633716,0.002172329424794259,0.6082042883946341,0.616719663332109,50297.0,0.9465424622256202,0.0010089815501657829,0.9445648947106311,0.9485200297406093,49703.0,0.9205964975195744,0.0014780139784490891,0.9176996433303174,0.9234933517088314,33462.0,0.707054615407737,0.0017643508029084973,0.7035965513506652,0.7105126794648087,66538.0,0.50297,0.0015811109357031215,0.4998710794860156,0.5060689205139844,100000.0,0.77851,0.0013131343415660104,0.775936303963367,0.7810836960366331,100000.0,0.0,0.0,0.0,0.0,0.0,0.0,0.0,0.0,0.0,0.0,0.0,0.0,0.0,0.0,0.0,0.0,0.0,0.0
published_seed,acc_20_40,"View-accuracy extreme, least accurate (anchor 20%, long-axis 40%)",AP,10.0,A2,Mean across views,1,100000,21972,592,28325,49111,2226,11059,174,2239,21972.0,219.72,592.0,5.92,28325.0,283.25,49111.0,491.11,0.4368451398691771,0.002211600255299999,0.4325104829863983,0.4411797967519559,50297.0,0.9880892501458665,0.00048660474293356186,0.9871355223674875,0.9890429779242454,49703.0,0.9737635171068959,0.0010640732168337092,0.9716779719085377,0.9758490623052541,22564.0,0.6342140606436283,0.0017308521872014771,0.6308216526673921,0.6376064686198645,77436.0,0.50297,0.0015811109357031215,0.4998710794860156,0.5060689205139844,100000.0,0.71083,0.0014337039830453148,0.7080199918065745,0.7136400081934254,100000.0,-0.17561683599419448,0.0021536584212233085,-0.179837928968089,-0.17139574302029995,0.04154678792024626,0.0009705877376135561,0.039644470895682245,0.04344910494481028,-0.1340700480739482,0.002362262718605167,-0.13869999796095647,-0.12944009818693994,-67.67999999999999,1.2345015901164322,-70.09957867457095,-65.26042132542904,44.65,112.33
published_seed,acc_20_40,"View-accuracy extreme, least accurate (anchor 20%, long-axis 40%)",AP,10.0,A3,Largest view mean,1,100000,38490,5066,11807,44637,7685,0,2409,0,38490.0,384.9,5066.0,50.66,11807.0,118.07,44637.0,446.37,0.7652543889297573,0.0018898642693453214,0.7615503229969541,0.7689584548625604,50297.0,0.8980745629036476,0.0013570823045513773,0.8954147304416898,0.9007343953656054,49703.0,0.883689962347323,0.0015361533226891256,0.8806791571363719,0.8867007675582741,43556.0,0.7908192190489689,0.001711948146355533,0.7874638623122453,0.7941745757856925,56444.0,0.50297,0.0015811109357031215,0.4998710794860156,0.5060689205139844,100000.0,0.83127,0.0011843149374216305,0.8289487853579913,0.8335912146420086,100000.0,0.15279241306638566,0.0016042600625973862,0.14964812109705705,0.15593670503571427,-0.04846789932197252,0.0009632688561704905,-0.05035587160238786,-0.04657992704155718,0.10432451374441315,0.0018712394923453743,0.10065695170403793,0.10799207578478837,52.76,0.9907390292100136,50.81818716935343,54.701812830646574,76.85,24.09
published_seed,acc_20_40,"View-accuracy extreme, least accurate (anchor 20%, long-axis 40%)",AP,10.0,A4,Largest view mean after review,1,100000,37365,4505,12932,45198,6560,0,1848,0,37365.0,373.65,4505.0,45.05,12932.0,129.32,45198.0,451.98,0.7428872497365648,0.0019487324553932222,0.7390678042783625,0.7467066951947672,50297.0,0.9093616079512303,0.0012877545772029858,0.9068376553390772,0.9118855605633834,49703.0,0.8924050632911392,0.0015143471676744209,0.8894369973589954,0.895373129223283,41870.0,0.7775331154309306,0.0017250114116118132,0.7741521551645822,0.780914075697279,58130.0,0.50297,0.0015811109357031215,0.4998710794860156,0.5060689205139844,100000.0,0.82563,0.0011998545874396613,0.8232783282033834,0.8279816717966165,100000.0,0.13042527387319322,0.0015016312303078971,0.12748213072051404,0.1333684170258724,-0.03718085427438988,0.0008486736913446473,-0.0388442241571725,-0.035517484391607256,0.09324441959880334,0.0017248603961528477,0.08986375531731801,0.09662508388028866,47.12000000000001,0.9047635359584293,45.346696041008784,48.89330395899123,65.6,18.48
published_seed,acc_20_40,"View-accuracy extreme, least accurate (anchor 20%, long-axis 40%)",AP,13.0,A1,Anchor-view mean,1,100000,13680,2113,11963,72244,0,0,0,0,13680.0,136.8,2113.0,21.13,11963.0,119.63,72244.0,722.44,0.5334789221229965,0.0031153715641295742,0.5273729060106789,0.5395849382353142,25643.0,0.971583038584128,0.000609351453392243,0.9703887316721315,0.9727773454961245,74357.0,0.8662065472044577,0.0027089179076276743,0.860897165626552,0.8715159287823633,15793.0,0.8579334259622121,0.001203091477909645,0.8555754099768024,0.8602914419476219,84207.0,0.25643,0.001380846316937551,0.2537235909292698,0.25913640907073016,100000.0,0.85924,0.001099757347781773,0.8570845151896123,0.8613954848103877,100000.0,0.0,0.0,0.0,0.0,0.0,0.0,0.0,0.0,0.0,0.0,0.0,0.0,0.0,0.0,0.0,0.0,0.0,0.0
published_seed,acc_20_40,"View-accuracy extreme, least accurate (anchor 20%, long-axis 40%)",AP,13.0,A2,Mean across views,1,100000,8681,434,16962,73923,1052,6051,161,1840,8681.0,86.81,434.0,4.34,16962.0,169.62,73923.0,739.23,0.33853293296416176,0.0029550862354730313,0.3327410703257391,0.34432479560258444,25643.0,0.994163293301236,0.0002793520529332353,0.9936157733341607,0.9947108132683112,74357.0,0.9523861766319254,0.002230461510763676,0.9480145523674429,0.9567578008964078,9115.0,0.8133685426638059,0.001292379331274453,0.8108355257001638,0.8159015596274479,90885.0,0.25643,0.001380846316937551,0.2537235909292698,0.25913640907073016,100000.0,0.82604,0.0011987406658656408,0.8236905114495673,0.8283894885504327,100000.0,-0.19494598915883476,0.0030528609428220528,-0.20092948670377206,-0.18896249161389747,0.022580254717108006,0.0005958651657091298,0.021412380443464076,0.023748128990751936,-0.17236573444172676,0.0031104686514919133,-0.17846214102177946,-0.16626932786167406,-33.2,0.9483552077149152,-35.05874206633376,-31.341257933666245,28.92,62.12
published_seed,acc_20_40,"View-accuracy extreme, least accurate (anchor 20%, long-axis 40%)",AP,13.0,A3,Largest view mean,1,100000,18018,4264,7625,70093,4338,0,2151,0,18018.0,180.18,4264.0,42.64,7625.0,76.25,70093.0,700.93,0.7026478961119994,0.002854433743822055,0.697053308733723,0.7082424834902759,25643.0,0.9426550291162903,0.0008526349545671802,0.940983895300197,0.9443261629323836,74357.0,0.808634772462077,0.0026353034735297847,0.8034696725248837,0.8137998723992704,22282.0,0.9018888803108674,0.001067025563607291,0.8997975486191174,0.9039802120026175,77718.0,0.25643,0.001380846316937551,0.2537235909292698,0.25913640907073016,100000.0,0.88111,0.001023499721055165,0.8791039773927218,0.8831160226072781,100000.0,0.16916897398900285,0.0023411664646624235,0.16458037200025724,0.17375757597774846,-0.028928009467837593,0.000614644584539243,-0.030132690726329465,-0.02772332820934572,0.14024096452116525,0.0024205058108922955,0.13549686027002553,0.14498506877230496,21.87,0.8025690194618778,20.296993614339417,23.44300638566058,43.38,21.51
published_seed,acc_20_40,"View-accuracy extreme, least accurate (anchor 20%, long-axis 40%)",AP,13.0,A4,Largest view mean after review,1,100000,17197,3608,8446,70749,3517,0,1495,0,17197.0,171.97,3608.0,36.08,8446.0,84.46,70749.0,707.49,0.6706313613851733,0.0029349360019535376,0.6648789924790405,0.6763837302913062,25643.0,0.9514773323291688,0.000787971714567638,0.9499329361355979,0.9530217285227396,74357.0,0.8265801490026436,0.0026248713936284063,0.8214354955665022,0.8317248024387851,20805.0,0.893351853021024,0.0010968293082951222,0.8912021070626207,0.8955015989794274,79195.0,0.25643,0.001380846316937551,0.2537235909292698,0.25913640907073016,100000.0,0.87946,0.0010296121036584603,0.8774419973428652,0.8814780026571348,100000.0,0.13715243926217682,0.002148247868936931,0.13294195077598372,0.14136292774836992,-0.020105706254959183,0.0005147405131872778,-0.021114579130147772,-0.019096833379770594,0.11704673300721764,0.0022090556132221676,0.11271706353130427,0.12137640248313102,20.220000000000002,0.7050613561953314,18.838105124065972,21.60189487593403,35.17,14.95
published_seed,acc_20_40,"View-accuracy extreme, least accurate (anchor 20%, long-axis 40%)",SL,7.0,A1,Anchor-view mean,1,100000,24785,3470,16143,55602,0,0,0,0,24785.0,247.85,3470.0,34.7,16143.0,161.43,55602.0,556.02,0.6055756450351837,0.0024157712075350024,0.6008408204361786,0.6103104696341888,40928.0,0.9412581256771397,0.000967469832025034,0.9393619196352846,0.9431543317189949,59072.0,0.8771898778977172,0.0019526132479957816,0.8733628262257224,0.881016929569712,28255.0,0.7749947731549237,0.0015590134795134994,0.7719391628595625,0.7780503834502849,71745.0,0.40928,0.0015548951141475748,0.4062324615524948,0.41232753844750514,100000.0,0.80387,0.0012556393713961027,0.801408992035081,0.806331007964919,100000.0,0.0,0.0,0.0,0.0,0.0,0.0,0.0,0.0,0.0,0.0,0.0,0.0,0.0,0.0,0.0,0.0,0.0,0.0
published_seed,acc_20_40,"View-accuracy extreme, least accurate (anchor 20%, long-axis 40%)",SL,7.0,A2,Mean across views,1,100000,17874,958,23054,58114,1910,8821,285,2797,17874.0,178.74,958.0,9.58,23054.0,230.54,58114.0,581.14,0.43671813917122754,0.0024516204595110866,0.4319130513289223,0.44152322701353275,40928.0,0.983782502708559,0.0005196974986772755,0.9827639143202616,0.9848010910968565,59072.0,0.9491291418861513,0.0016012124678753904,0.9459908230927644,0.9522674606795382,18832.0,0.7159718115513503,0.001582837247137816,0.712869507529101,0.7190741155735995,81168.0,0.40928,0.0015548951141475748,0.4062324615524948,0.41232753844750514,100000.0,0.75988,0.0013507863842961996,0.7572325073150893,0.7625274926849107,100000.0,-0.1688575058639562,0.0023894604480307175,-0.17354076232152027,-0.16417424940639214,0.042524377031419286,0.0009233680810483225,0.04071460883381549,0.044334145229023084,-0.12633312883253692,0.0025616654437693497,-0.13135390088236887,-0.12131235678270497,-43.99,1.167025620541383,-46.27732820333877,-41.702671796661235,47.07,91.06
published_seed,acc_20_40,"View-accuracy extreme, least accurate (anchor 20%, long-axis 40%)",SL,7.0,A3,Largest view mean,1,100000,31234,6510,9694,52562,6449,0,3040,0,31234.0,312.34,6510.0,65.1,9694.0,96.94,52562.0,525.62,0.7631450351837373,0.0021015248339458907,0.7590261221640974,0.7672639482033773,40928.0,0.8897955037919827,0.001288409512816972,0.8872702675296039,0.8923207400543615,59072.0,0.8275222551928784,0.0019446095397307242,0.8237108905009496,0.8313336198848071,37744.0,0.8442881007453097,0.0014531673398072403,0.8414399450733118,0.8471362564173076,62256.0,0.40928,0.0015548951141475748,0.4062324615524948,0.41232753844750514,100000.0,0.83796,0.0011652597924926439,0.835676132756067,0.8402438672439331,100000.0,0.15756939014855356,0.0018009130079371177,0.1540396654858651,0.16109911481124203,-0.051462621885157094,0.0009090386348989816,-0.05324430488416824,-0.04968093888614595,0.10610676826339646,0.0020173346033556558,0.1021528650648651,0.11006067146192783,34.09000000000001,0.9681315607911974,32.19249699358545,35.98750300641457,64.49,30.4
published_seed,acc_20_40,"View-accuracy extreme, least accurate (anchor 20%, long-axis 40%)",SL,7.0,A4,Largest view mean after review,1,100000,30568,6114,10360,52958,5783,0,2644,0,30568.0,305.68,6114.0,61.14,10360.0,103.6,52958.0,529.58,0.74687255668491,0.0021492285738294314,0.742660146052433,0.751084967317387,40928.0,0.8964991874322861,0.0012533027491818296,0.8940427591627886,0.8989556157017835,59072.0,0.8333242462243062,0.0019458829812767176,0.8295103856327912,0.8371381068158212,36682.0,0.8363814397169841,0.0014701270973182295,0.8335000435308159,0.8392628359031523,63318.0,0.40928,0.0015548951141475748,0.4062324615524948,0.41232753844750514,100000.0,0.83526,0.0011730333857141492,0.8329608967932022,0.8375591032067978,100000.0,0.14129691164972635,0.0017217797105259333,0.1379222854011651,0.1446715378982876,-0.04475893824485374,0.0008507570207348374,-0.046426391378241276,-0.0430914851114662,0.0965379734048726,0.0019204980812040358,0.09277386630364362,0.10030208050610159,31.39,0.9126043386922944,29.6013283499193,33.1786716500807,57.83,26.44
published_seed,acc_20_40,"View-accuracy extreme, least accurate (anchor 20%, long-axis 40%)",SL,10.0,A1,Anchor-view mean,1,100000,7394,1764,6960,83882,0,0,0,0,7394.0,73.94,1764.0,17.64,6960.0,69.6,83882.0,838.82,0.515117737216107,0.004171429711024259,0.506941885153969,0.523293589278245,14354.0,0.9794035915279172,0.0004853142595571972,0.9784523930504985,0.980354790005336,85646.0,0.8073815243502949,0.004120861845096673,0.7993047834849318,0.8154582652156579,9158.0,0.9233834569912596,0.0008824883430595854,0.9216538116084432,0.925113102374076,90842.0,0.14354,0.0011087662891700848,0.14136685798881304,0.14571314201118696,100000.0,0.91276,0.0008923518498888204,0.9110110224988845,0.9145089775011155,100000.0,0.0,0.0,0.0,0.0,0.0,0.0,0.0,0.0,0.0,0.0,0.0,0.0,0.0,0.0,0.0,0.0,0.0,0.0
published_seed,acc_20_40,"View-accuracy extreme, least accurate (anchor 20%, long-axis 40%)",SL,10.0,A2,Mean across views,1,100000,4619,369,9735,85277,650,3425,136,1531,4619.0,46.19,369.0,3.69,9735.0,97.35,85277.0,852.77,0.32179183502856346,0.00389926315673806,0.3141494196148305,0.3294342504422964,14354.0,0.9956915676155337,0.00022380434465496768,0.9952529191569663,0.996130216074101,85646.0,0.9260224538893344,0.003705932433397048,0.9187589597334438,0.9332859480452249,4988.0,0.8975392581989643,0.000983821353793692,0.8956110037630974,0.8994675126348312,95012.0,0.14354,0.0011087662891700848,0.14136685798881304,0.14571314201118696,100000.0,0.89896,0.0009530525609849649,0.8970920512903616,0.9008279487096383,100000.0,-0.19332590218754353,0.004144173445156685,-0.2014483329498066,-0.18520347142528046,0.01628797608761647,0.00047345703562744527,0.015360017342239959,0.01721593483299298,-0.17703792609992705,0.0041711311545103635,-0.1852131930020458,-0.1688626591978083,-13.800000000000002,0.7565022141408444,-15.28271710563635,-12.317282894363657,21.81,35.61
published_seed,acc_20_40,"View-accuracy extreme, least accurate (anchor 20%, long-axis 40%)",SL,10.0,A3,Largest view mean,1,100000,9864,3567,4490,82079,2470,0,1803,0,9864.0,98.64,3567.0,35.67,4490.0,44.9,82079.0,820.79,0.6871952069109656,0.00386981576431122,0.6796105073262831,0.694779906495648,14354.0,0.9583518202834925,0.0006826639293471191,0.9570138235578737,0.9596898170091114,85646.0,0.7344203707840071,0.0038107947901429295,0.7269513501839394,0.7418893913840748,13431.0,0.9481338585405861,0.000753694936535446,0.9466566435979943,0.9496110734831779,86569.0,0.14354,0.0011087662891700848,0.14136685798881304,0.14571314201118696,100000.0,0.91943,0.0008606885330942897,0.9177430814599223,0.9211169185400776,100000.0,0.17207746969485857,0.0031504339967693517,0.16590273247681453,0.1782522069129026,-0.021051771244424724,0.0004905357243109524,-0.022013203604788114,-0.020090338884061334,0.15102569845043384,0.003188394527787517,0.14477655995817332,0.15727483694269437,6.669999999999999,0.653341496462608,5.38947418722716,7.950525812772838,24.7,18.03
published_seed,acc_20_40,"View-accuracy extreme, least accurate (anchor 20%, long-axis 40%)",SL,10.0,A4,Largest view mean after review,1,100000,9468,3091,4886,82555,2074,0,1327,0,9468.0,94.68,3091.0,30.91,4886.0,48.86,82555.0,825.55,0.6596070781663648,0.0039549995926479705,0.65185542134476,0.6673587349879695,14354.0,0.9639095812997688,0.0006373244305288222,0.9626604483596118,0.9651587142399257,85646.0,0.7538816784775858,0.0038436694906752267,0.746348224647964,0.7614151323072076,12559.0,0.944122322480301,0.0007767401394039359,0.9425999397697143,0.9456447051908877,87441.0,0.14354,0.0011087662891700848,0.14136685798881304,0.14571314201118696,100000.0,0.92023,0.0008567773754015684,0.9185507471881984,0.9219092528118016,100000.0,0.14448934095025776,0.002934567791331201,0.13873769372368908,0.15024098817682643,-0.015494010228148425,0.0004220243972436161,-0.016321162853867612,-0.014666857602429237,0.12899533072210934,0.0029647584579164826,0.12318451087589752,0.13480615056832115,7.470000000000001,0.5827023176545636,6.327924434680492,8.612075565319511,20.74,13.27
published_seed,acc_20_40,"View-accuracy extreme, least accurate (anchor 20%, long-axis 40%)",SL,13.0,A1,Anchor-view mean,1,100000,2098,764,2552,94586,0,0,0,0,2098.0,20.98,764.0,7.64,2552.0,25.52,94586.0,945.86,0.4511827956989247,0.007297324308047644,0.43688030275882644,0.465485288639023,4650.0,0.9919874147876245,0.00028872145860053865,0.99142153112274,0.9925532984525091,95350.0,0.7330538085255066,0.008268847398078958,0.7168471653037782,0.749260451747235,2862.0,0.9737280981696144,0.0005131803619859417,0.972722283134615,0.9747339132046138,97138.0,0.0465,0.0006658659775059843,0.04519492665526346,0.04780507334473654,100000.0,0.96684,0.0005662191660479179,0.9657302308184361,0.967949769181564,100000.0,0.0,0.0,0.0,0.0,0.0,0.0,0.0,0.0,0.0,0.0,0.0,0.0,0.0,0.0,0.0,0.0,0.0,0.0
published_seed,acc_20_40,"View-accuracy extreme, least accurate (anchor 20%, long-axis 40%)",SL,13.0,A2,Mean across views,1,100000,1208,118,3442,95232,209,1099,33,679,1208.0,12.08,118.0,1.18,3442.0,34.42,95232.0,952.32,0.2597849462365591,0.006430718081367535,0.24718097030292968,0.27238892217018856,4650.0,0.9987624541164132,0.00011385481715470954,0.9985393027735634,0.998985605459263,95350.0,0.9110105580693816,0.00781914352063583,0.895685318258102,0.9263357978806611,1326.0,0.9651174574862679,0.0005841075030342757,0.9639726278081908,0.9662622871643449,98674.0,0.0465,0.0006658659775059843,0.04519492665526346,0.04780507334473654,100000.0,0.9644,0.0005859406113250726,0.9632515774956649,0.9655484225043351,100000.0,-0.1913978494623656,0.007253581774512,-0.20561460861146524,-0.17718109031326595,0.0067750393287886726,0.00027898469098352005,0.006228239377909848,0.007321839279667497,-0.18462281013357693,0.007258944896976131,-0.19885008080963384,-0.17039553945752,-2.4399999999999995,0.44937786327321466,-3.320764434412422,-1.5592355655875765,8.88,11.32
published_seed,acc_20_40,"View-accuracy extreme, least accurate (anchor 20%, long-axis 40%)",SL,13.0,A3,Largest view mean,1,100000,2980,1567,1670,93783,882,0,803,0,2980.0,29.8,1567.0,15.67,1670.0,16.7,93783.0,937.83,0.6408602150537634,0.007035369931122567,0.6270711432620807,0.6546492868454462,4650.0,0.9835658101730467,0.0004117328445833593,0.9827588286200457,0.9843727917260476,95350.0,0.655377171761601,0.007047826413692873,0.6415636857125139,0.6691906578106882,4547.0,0.98250447864394,0.0004243614478908171,0.9816727454830861,0.9833362118047938,95453.0,0.0465,0.0006658659775059843,0.04519492665526346,0.04780507334473654,100000.0,0.96763,0.0005596622472527516,0.9665330821432255,0.9687269178567744,100000.0,0.1896774193548387,0.005749238302830826,0.17840911925386918,0.20094571945580822,-0.00842160461457787,0.0002959379105200873,-0.009001632265432463,-0.007841576963723278,0.18125581474026084,0.005756849859916452,0.16997259626141956,0.19253903321910212,0.789999999999999,0.41047991302864023,-0.01452585225926678,1.5945258522592647,8.82,8.03
published_seed,acc_20_40,"View-accuracy extreme, least accurate (anchor 20%, long-axis 40%)",SL,13.0,A4,Largest view mean after review,1,100000,2816,1279,1834,94071,718,0,515,0,2816.0,28.16,1279.0,12.79,1834.0,18.34,94071.0,940.71,0.6055913978494624,0.007166986089908749,0.5915443631247405,0.6196384325741843,4650.0,0.9865862611431568,0.00037254788871173575,0.9858560806930058,0.9873164415933079,95350.0,0.6876678876678877,0.007242203739418085,0.6734734290579628,0.7018623462778125,4095.0,0.980876909441635,0.0004422477901903853,0.9800101196937823,0.9817436991894877,95905.0,0.0465,0.0006658659775059843,0.04519492665526346,0.04780507334473654,100000.0,0.96887,0.0005491896129753366,0.9677936081293944,0.9699463918706056,100000.0,0.15440860215053764,0.0052989466539481314,0.14402285747087884,0.16479434683019645,-0.0054011536444677506,0.00023735964988949666,-0.005866370013303768,-0.004935937275631733,0.1490074485060699,0.005304260103424771,0.13861128965672107,0.15940360735541872,2.03,0.3510823137100472,1.341891304091601,2.7181086959083984,7.18,5.15
published_seed,acc_2p4_40,"View-accuracy corner (anchor 2.4%, long-axis 40%)",AP,7.0,A1,Anchor-view mean,1,100000,74874,4405,6421,14300,0,0,0,0,74874.0,748.74,4405.0,44.05,6421.0,64.21,14300.0,143.0,0.9210160526477643,0.0009459563555305326,0.9191620122453533,0.9228700930501753,81295.0,0.764501470195135,0.0031024472518094382,0.7584207852696896,0.7705821551205805,18705.0,0.9444367360839566,0.0008135818074395038,0.9428421450303203,0.946031327137593,79279.0,0.6901211331499445,0.0032125750903222454,0.6838246016256162,0.6964176646742728,20721.0,0.81295,0.0012331354244364244,0.8105330989609798,0.8153669010390201,100000.0,0.89174,0.0009825465505511686,0.8898142441325955,0.8936657558674045,100000.0,0.0,0.0,0.0,0.0,0.0,0.0,0.0,0.0,0.0,0.0,0.0,0.0,0.0,0.0,0.0,0.0,0.0,0.0
published_seed,acc_2p4_40,"View-accuracy corner (anchor 2.4%, long-axis 40%)",AP,7.0,A2,Mean across views,1,100000,57065,876,24230,17829,407,18216,110,3639,57065.0,570.65,876.0,8.76,24230.0,242.3,17829.0,178.29,0.7019496894027923,0.0016042271599552994,0.6988054619214578,0.7050939168841269,81295.0,0.9531676022453889,0.0015448238892224503,0.9501398030361728,0.9561954014546049,18705.0,0.9848811722269205,0.0005069416619656546,0.9838875848193677,0.9858747596344734,57941.0,0.4239045150859507,0.0024096379012781273,0.41918171154641,0.42862731862549136,42059.0,0.81295,0.0012331354244364244,0.8105330989609798,0.8153669010390201,100000.0,0.74894,0.001371236217433014,0.7462524263783352,0.7516275736216649,100000.0,-0.21906636324497203,0.0014925000919756822,-0.22199160969524107,-0.216141116794703,0.18866613205025395,0.0029685402396853453,0.18284790004791932,0.1944843640525886,-0.030400231194718075,0.003322617594484588,-0.03691244206567446,-0.023888020323761684,-142.8,1.4259318356779893,-145.5947750643828,-140.00522493561724,40.46,183.26
published_seed,acc_2p4_40,"View-accuracy corner (anchor 2.4%, long-axis 40%)",AP,7.0,A3,Largest view mean,1,100000,76615,5377,4680,13328,1741,0,972,0,76615.0,766.15,5377.0,53.77,4680.0,46.8,13328.0,133.28,0.9424318838796975,0.0008169285544493786,0.9408307333224046,0.9440330344369903,81295.0,0.7125367548783748,0.0033091460971549653,0.7060509476572105,0.719022562099539,18705.0,0.9344204312615865,0.0008645093625725648,0.9327260240332813,0.9361148384898916,81992.0,0.7401155042203466,0.0032681892382465725,0.7337099709681959,0.7465210374724972,18008.0,0.81295,0.0012331354244364244,0.8105330989609798,0.8153669010390201,100000.0,0.89943,0.0009510818844873454,0.8975659137453526,0.9012940862546474,100000.0,0.021415831231933084,0.0005077321252372664,0.02042069454482455,0.022410967919041618,-0.051964715316760224,0.0016228847179456983,-0.05514551094008395,-0.0487839196934365,-0.03054888408482714,0.0017004548564250803,-0.033881714387045465,-0.027216053782608815,7.689999999999999,0.5202966836334824,6.670237230758984,8.709762769241014,17.41,9.72
published_seed,acc_2p4_40,"View-accuracy corner (anchor 2.4%, long-axis 40%)",AP,7.0,A4,Largest view mean after review,1,100000,76539,5314,4756,13391,1665,0,909,0,76539.0,765.39,5314.0,53.14,4756.0,47.56,13391.0,133.91,0.9414970170367182,0.0008231264583670382,0.9398837188108713,0.9431103152625651,81295.0,0.7159048382785351,0.0032974689232108433,0.7094419178979231,0.7223677586591472,18705.0,0.9350787387145248,0.0008611925512880248,0.9333908323169322,0.9367666451121175,81853.0,0.7379181131867526,0.0032645262804020915,0.7315197592001106,0.7443164671733946,18147.0,0.81295,0.0012331354244364244,0.8105330989609798,0.8153669010390201,100000.0,0.8993,0.0009516276057366138,0.89743484415135,0.90116515584865,100000.0,0.02048096438895381,0.0004967635519326263,0.019507325710653733,0.02145460306725389,-0.04859663191659984,0.0015721955813113094,-0.051678078656929076,-0.0455151851762706,-0.028115667527646028,0.0016488095622064804,-0.03134727491242649,-0.024884060142865566,7.5600000000000005,0.5067824622064185,6.566724618244059,8.553275381755942,16.65,9.09
published_seed,acc_2p4_40,"View-accuracy corner (anchor 2.4%, long-axis 40%)",AP,10.0,A1,Anchor-view mean,1,100000,43313,6657,6723,43307,0,0,0,0,43313.0,433.13,6657.0,66.57,6723.0,67.23,43307.0,433.07,0.8656367415460868,0.0015246382551047225,0.8626485054530587,0.868624977639115,50036.0,0.866764070130494,0.001520311319010391,0.863784314676441,0.8697438255845469,49964.0,0.8667800680408245,0.0015201428006078595,0.8638006428767739,0.8697594932048751,49970.0,0.865620627623426,0.0015248069095653283,0.8626320609737267,0.8686091942731252,50030.0,0.50036,0.0015811384202529517,0.49726102561728736,0.5034589743827127,100000.0,0.8662,0.001076557290626003,0.8640899864664354,0.8683100135335645,100000.0,0.0,0.0,0.0,0.0,0.0,0.0,0.0,0.0,0.0,0.0,0.0,0.0,0.0,0.0,0.0,0.0,0.0,0.0
published_seed,acc_2p4_40,"View-accuracy corner (anchor 2.4%, long-axis 40%)",AP,10.0,A2,Mean across views,1,100000,26589,1056,23447,48908,290,17014,149,5750,26589.0,265.89,1056.0,10.56,23447.0,234.47,48908.0,489.08,0.5313973938764089,0.0022308520454177236,0.5270250041780639,0.535769783574754,50036.0,0.9788647826435033,0.0006434815678915151,0.9776035819357723,0.9801259833512342,49964.0,0.9618014107433532,0.0011528108881981589,0.9595419429036768,0.9640608785830297,27645.0,0.6759449934351461,0.0017399259751712083,0.6725348011611457,0.6793551857091465,72355.0,0.50036,0.0015811384202529517,0.49726102561728736,0.5034589743827127,100000.0,0.75497,0.0013601113891884003,0.7523042306412008,0.7576357693587993,100000.0,-0.33423934766967783,0.0021630839955154766,-0.33847891442986433,-0.32999978090949134,0.11210071251300936,0.0014530963537457027,0.10925269597113652,0.11494872905488221,-0.22213863515666848,0.002605843699250639,-0.22724599499682657,-0.2170312753165104,-111.22999999999999,1.482085986371911,-114.13483517819344,-108.32516482180655,60.4,171.63
published_seed,acc_2p4_40,"View-accuracy corner (anchor 2.4%, long-axis 40%)",AP,10.0,A3,Largest view mean,1,100000,44764,8258,5272,41706,1451,0,1601,0,44764.0,447.64,8258.0,82.58,5272.0,52.72,41706.0,417.06,0.894635862179231,0.0013725502984333418,0.8919457130061124,0.8973260113523496,50036.0,0.8347209991193659,0.0016616934546026707,0.8314641397693091,0.8379778584694227,49964.0,0.8442533288069103,0.0015747721467076657,0.8411668320911605,0.8473398255226601,53022.0,0.8877772574396526,0.0014562810052119754,0.8849229990955534,0.8906315157837519,46978.0,0.50036,0.0015811384202529517,0.49726102561728736,0.5034589743827127,100000.0,0.8647,0.0010816372312379044,0.862580029965714,0.866819970034286,100000.0,0.028999120633144138,0.0007501721447609819,0.027528810235609824,0.03046943103067845,-0.032043071011128015,0.0007878916225830243,-0.033587310227292326,-0.0304988317949637,-0.003043950377983877,0.0010879023190120529,-0.005176199758764016,-0.0009117009972037377,-1.4999999999999996,0.5524287284347186,-2.5827404202978244,-0.41725957970217487,14.51,16.01
published_seed,acc_2p4_40,"View-accuracy corner (anchor 2.4%, long-axis 40%)",AP,10.0,A4,Largest view mean after review,1,100000,44620,8015,5416,41949,1307,0,1358,0,44620.0,446.2,8015.0,80.15,5416.0,54.16,41949.0,419.49,0.8917579342873131,0.0013889296051766223,0.8890356822626327,0.8944801863119934,50036.0,0.8395845008406052,0.001641824643270834,0.8363665836454816,0.8428024180357289,49964.0,0.8477248978816377,0.0015660463275073934,0.844655503457391,0.8507942923058844,52635.0,0.8856539638973926,0.0014622237094598291,0.8827880580669049,0.8885198697278803,47365.0,0.50036,0.0015811384202529517,0.49726102561728736,0.5034589743827127,100000.0,0.86569,0.001078289496842105,0.8635765914046113,0.8678034085953886,100000.0,0.026121192741226318,0.0007130297780357403,0.024723680045348275,0.02751870543710436,-0.02717956928988872,0.0007274598466572682,-0.028605364400782488,-0.025753774178994954,-0.0010583765486624035,0.00101863108771739,-0.0030548568098693303,0.0009381037125445234,-0.51,0.5162338607646733,-1.521799782679772,0.501799782679772,13.07,13.58
published_seed,acc_2p4_40,"View-accuracy corner (anchor 2.4%, long-axis 40%)",AP,13.0,A1,Anchor-view mean,1,100000,21112,5815,4579,68494,0,0,0,0,21112.0,211.12,5815.0,58.15,4579.0,45.79,68494.0,684.94,0.8217663773305827,0.0023876930575501983,0.8170865848947344,0.8264461697664309,25691.0,0.921745683564575,0.0009852331110573982,0.9198146621352945,0.9236767049938555,74309.0,0.7840457533330858,0.002507596139855451,0.7791309551724301,0.7889605514937414,26927.0,0.937336635966773,0.000896553437599468,0.9355794235050018,0.9390938484285442,73073.0,0.25691,0.001381691904514172,0.2542019336080608,0.25961806639193924,100000.0,0.89606,0.000965072413863333,0.8941684928114347,0.8979515071885652,100000.0,0.0,0.0,0.0,0.0,0.0,0.0,0.0,0.0,0.0,0.0,0.0,0.0,0.0,0.0,0.0,0.0,0.0,0.0
published_seed,acc_2p4_40,"View-accuracy corner (anchor 2.4%, long-axis 40%)",AP,13.0,A2,Mean across views,1,100000,11233,757,14458,73552,170,10049,116,5174,11233.0,112.33,757.0,7.57,14458.0,144.58,73552.0,735.52,0.4372348293176599,0.003094784948143663,0.43116916223155644,0.44330049640376334,25691.0,0.98981280867728,0.00036836898513561544,0.9890908187276977,0.9905347986268624,74309.0,0.9368640533778149,0.0022210945401586156,0.9325107880385074,0.9412173187171223,11990.0,0.8357232132712192,0.0012489737820041322,0.8332752696215473,0.8381711569208912,88010.0,0.25691,0.001381691904514172,0.2542019336080608,0.25961806639193924,100000.0,0.84785,0.0011357833310099248,0.8456239055594205,0.8500760944405795,100000.0,-0.38453154801292283,0.0031188443674353143,-0.3906443706946988,-0.37841872533114684,0.06806712511270506,0.0009463966432878522,0.06621222176214003,0.06992202846327009,-0.31646442290021776,0.0032592724333368483,-0.32285247953575036,-0.31007636626468515,-48.21,1.2359846111501551,-50.63248534240831,-45.7875146575917,53.44,101.65
published_seed,acc_2p4_40,"View-accuracy corner (anchor 2.4%, long-axis 40%)",AP,13.0,A3,Largest view mean,1,100000,22052,7236,3639,67073,940,0,1421,0,22052.0,220.52,7236.0,72.36,3639.0,36.39,67073.0,670.73,0.858355065976412,0.0021754219487391206,0.8540913172720734,0.8626188146807505,25691.0,0.9026228316892974,0.001087579516683554,0.9004912149894602,0.9047544483891345,74309.0,0.7529363561868342,0.0025202214128214563,0.747996812945675,0.7578758994279934,29288.0,0.9485377305125015,0.0008308549512595145,0.9469092847188111,0.9501661763061918,70712.0,0.25691,0.001381691904514172,0.2542019336080608,0.25961806639193924,100000.0,0.89125,0.000984497016247383,0.8893204212900477,0.8931795787099522,100000.0,0.03658868864582928,0.0011713556809821973,0.034292873679908686,0.038884503611749874,-0.01912285187527756,0.0005024153855687701,-0.02010756794403847,-0.01813813580651665,0.01746583677055172,0.0012745569234151463,0.014967751084707277,0.019963922456396166,-4.81,0.4856630920710364,-5.761882176587918,-3.858117823412083,9.4,14.21
published_seed,acc_2p4_40,"View-accuracy corner (anchor 2.4%, long-axis 40%)",AP,13.0,A4,Largest view mean after review,1,100000,21930,6888,3761,67421,818,0,1073,0,21930.0,219.3,6888.0,68.88,3761.0,37.61,67421.0,674.21,0.8536063212798256,0.0022054614390727054,0.8492836962558549,0.8579289463037963,25691.0,0.9073059790873246,0.001063854019393959,0.9052208635080571,0.9093910946665921,74309.0,0.7609827191338746,0.0025122920816846176,0.7560587170962877,0.7659067211714615,28818.0,0.9471636087774999,0.0008384824602707326,0.9455202133407379,0.948807004214262,71182.0,0.25691,0.001381691904514172,0.2542019336080608,0.25961806639193924,100000.0,0.89351,0.0009754479991265551,0.89159815703784,0.8954218429621601,100000.0,0.03183994394924292,0.0010953911380424503,0.02969301675276069,0.033986871145725156,-0.0144397044772504,0.00043762290390735373,-0.015297429614484272,-0.013581979340016528,0.017400239471992523,0.0011795743093702233,0.015088316290302023,0.019712162653683023,-2.5500000000000003,0.43478152559647704,-3.4021561380341736,-1.6978438619658267,8.18,10.73
published_seed,acc_2p4_40,"View-accuracy corner (anchor 2.4%, long-axis 40%)",SL,7.0,A1,Anchor-view mean,1,100000,34491,8262,6146,51101,0,0,0,0,34491.0,344.91,8262.0,82.62,6146.0,61.46,51101.0,511.01,0.8487585205600807,0.0017773244385930979,0.8452750286441181,0.8522420124760434,40637.0,0.8608223977898691,0.0014206383491078007,0.8580379977685985,0.8636067978111398,59363.0,0.8067504034804575,0.0019096140272416488,0.8030076287331688,0.8104931782277461,42753.0,0.8926406623927892,0.0012938438877218125,0.8901047749512344,0.8951765498343439,57247.0,0.40637,0.0015531690928549924,0.4033258444920916,0.40941415550790844,100000.0,0.85592,0.0011104996785231411,0.853743460608083,0.858096539391917,100000.0,0.0,0.0,0.0,0.0,0.0,0.0,0.0,0.0,0.0,0.0,0.0,0.0,0.0,0.0,0.0,0.0,0.0,0.0
published_seed,acc_2p4_40,"View-accuracy corner (anchor 2.4%, long-axis 40%)",SL,7.0,A2,Mean across views,1,100000,21732,1519,18905,57844,353,13112,194,6937,21732.0,217.32,1519.0,15.19,18905.0,189.05,57844.0,578.44,0.5347835716219209,0.0024743192310791775,0.529933995004498,0.5396331482393438,40637.0,0.9744116705692097,0.0006480884546706816,0.9731414405292396,0.9756819006091799,59363.0,0.9346694765816524,0.0016205643501195053,0.9314932287957348,0.9378457243675701,23251.0,0.7536775723462195,0.0015552793696589037,0.7506292807717453,0.7567258639206936,76749.0,0.40637,0.0015531690928549924,0.4033258444920916,0.40941415550790844,100000.0,0.79576,0.0012748569425625764,0.7932613262874273,0.7982586737125728,100000.0,-0.3139749489381598,0.002393320316423968,-0.3186657705988194,-0.3092841272775002,0.11358927277934067,0.0013439579089707518,0.11095516366024272,0.11622338189843862,-0.20038567615881914,0.0027448506331115285,-0.20576548458509494,-0.19500586773254333,-60.160000000000004,1.4224653753255299,-62.947980926884526,-57.372019073115474,72.9,133.06
published_seed,acc_2p4_40,"View-accuracy corner (anchor 2.4%, long-axis 40%)",SL,7.0,A3,Largest view mean,1,100000,36011,10197,4626,49166,1520,0,1935,0,36011.0,360.11,10197.0,101.97,4626.0,46.26,49166.0,491.66,0.886162856510077,0.001575570883935512,0.8830747942981152,0.8892509187220388,40637.0,0.8282263362700673,0.0015480853015852395,0.825192144810031,0.8312605277301035,59363.0,0.7793239265927978,0.0019292035087037209,0.7755427571670648,0.7831050960185308,46208.0,0.9140020820939917,0.0012088118673662992,0.911632854351181,0.9163713098368024,53792.0,0.40637,0.0015531690928549924,0.4033258444920916,0.40941415550790844,100000.0,0.85177,0.0011236452603023785,0.8495676957410367,0.8539723042589633,100000.0,0.03740433594999631,0.0009412870971547564,0.035559447125908486,0.03924922477408413,-0.0325960615198019,0.000728833908502222,-0.03402454974244555,-0.03116757329715825,0.004808274430194409,0.0011904706067151147,0.002474994897974626,0.007141553962414192,-4.1499999999999995,0.5876459605919196,-5.30176492750558,-2.998235072494418,15.2,19.35
published_seed,acc_2p4_40,"View-accuracy corner (anchor 2.4%, long-axis 40%)",SL,7.0,A4,Largest view mean after review,1,100000,35943,10074,4694,49289,1452,0,1812,0,35943.0,359.43,10074.0,100.74,4694.0,46.94,49289.0,492.89,0.8844895046386299,0.001585609523622755,0.8813817670542721,0.8875972422229876,40637.0,0.8302983339790779,0.0015406437127231975,0.8272787277653141,0.8333179401928418,59363.0,0.781080904882978,0.001927661091200846,0.7773027585400236,0.7848590512259324,46017.0,0.9130466998870015,0.001212721346688524,0.9106698097054604,0.9154235900685426,53983.0,0.40637,0.0015531690928549924,0.4033258444920916,0.40941415550790844,100000.0,0.85232,0.0011219207529946133,0.8501210757132777,0.8545189242867223,100000.0,0.035730984078549105,0.0009207903841795369,0.03392626807401104,0.03753570008308717,-0.030524063810791233,0.0007060440101624489,-0.03190788465312527,-0.0291402429684572,0.005206920267757872,0.001160324556270258,0.0029327259091521916,0.007481114626363552,-3.600000000000001,0.5712008403355163,-4.71953308382736,-2.480466916172641,14.52,18.12
published_seed,acc_2p4_40,"View-accuracy corner (anchor 2.4%, long-axis 40%)",SL,10.0,A1,Anchor-view mean,1,100000,11494,4733,2837,80936,0,0,0,0,11494.0,114.94,4733.0,47.33,2837.0,28.37,80936.0,809.36,0.8020375409950457,0.003328515014147377,0.7955137713938573,0.808561310596234,14331.0,0.944752477558977,0.0007805551158733638,0.9432226176318493,0.9462823374861046,85669.0,0.7083256301226352,0.003568177861890174,0.7013321299677334,0.7153191302775369,16227.0,0.9661346734628102,0.000624948793535463,0.9649097963256373,0.9673595505999831,83773.0,0.14331,0.001108026371076068,0.14113830820164025,0.14548169179835974,100000.0,0.9243,0.0008364777940866093,0.9226605336367908,0.9259394663632092,100000.0,0.0,0.0,0.0,0.0,0.0,0.0,0.0,0.0,0.0,0.0,0.0,0.0,0.0,0.0,0.0,0.0,0.0,0.0
published_seed,acc_2p4_40,"View-accuracy corner (anchor 2.4%, long-axis 40%)",SL,10.0,A2,Mean across views,1,100000,5979,646,8352,85023,126,5641,107,4194,5979.0,59.79,646.0,6.46,8352.0,83.52,85023.0,850.23,0.4172074523759682,0.004119028297391381,0.4091343051980998,0.42528059955383657,14331.0,0.9924593493562432,0.0002955622235651193,0.9918800580382957,0.9930386406741908,85669.0,0.9024905660377358,0.003644615449355247,0.8953472509631557,0.9096338811123159,6625.0,0.9105542168674698,0.0009339368961385023,0.9087237341727666,0.912384699562173,93375.0,0.14331,0.001108026371076068,0.14113830820164025,0.14548169179835974,100000.0,0.91002,0.0009048955718755615,0.9082464372553646,0.9117935627446355,100000.0,-0.3848300886190775,0.004212618561801016,-0.3930866693459393,-0.3765735078922158,0.04770687179726622,0.0007479747534874485,0.04624086820752195,0.0491728753870105,-0.3371232168218113,0.004278506910019554,-0.3455089363392009,-0.3287374973044217,-14.280000000000001,1.0023775815529794,-16.244623974250906,-12.315376025749096,43.2,57.48
published_seed,acc_2p4_40,"View-accuracy corner (anchor 2.4%, long-axis 40%)",SL,10.0,A3,Largest view mean,1,100000,12097,6014,2234,79655,603,0,1281,0,12097.0,120.97,6014.0,60.14,2234.0,22.34,79655.0,796.55,0.8441141581187636,0.0030301608356633086,0.8381751519666536,0.8500531642708735,14331.0,0.9297995774434159,0.0008728762694118677,0.9280887713789143,0.9315103835079175,85669.0,0.6679366131080559,0.0034995073205838414,0.661077704741975,0.6747955214741367,18111.0,0.9727191686307074,0.0005692588011334688,0.9716034418738027,0.9738348953876121,81889.0,0.14331,0.001108026371076068,0.14113830820164025,0.14548169179835974,100000.0,0.91752,0.0008699255692299198,0.9158149772016299,0.9192250227983702,100000.0,0.04207661712371782,0.001677055932708682,0.03878964786962238,0.04536358637781326,-0.014952900115561055,0.0004146478002532441,-0.015765594876736604,-0.014140205354385506,0.027123717008156762,0.0017275559034914735,0.023737769629326,0.030509664386987524,-6.78,0.4335208368694635,-7.629685233514021,-5.93031476648598,6.03,12.81
published_seed,acc_2p4_40,"View-accuracy corner (anchor 2.4%, long-axis 40%)",SL,10.0,A4,Largest view mean after review,1,100000,12039,5813,2292,79856,545,0,1080,0,12039.0,120.39,5813.0,58.13,2292.0,22.92,79856.0,798.56,0.8400669876491522,0.003061877207212042,0.834065818550596,0.8460681567477084,14331.0,0.9321458170400028,0.0008592477261277143,0.9304617224297106,0.9338299116502949,85669.0,0.6743782209276271,0.0035072364938161303,0.6675041636602613,0.6812522781949929,17852.0,0.9720991381409164,0.0005745999597786445,0.9709729429053489,0.973225333376484,82148.0,0.14331,0.001108026371076068,0.14113830820164025,0.14548169179835974,100000.0,0.91895,0.0008630231601759014,0.9172585056748891,0.920641494325111,100000.0,0.038029446654106486,0.0015977272568316317,0.034897958748897735,0.041160934559315236,-0.012606660518974192,0.0003811827833782234,-0.013353765051815309,-0.011859555986133075,0.025422786135132294,0.0016425689335813887,0.02220341015779438,0.028642162112470206,-5.3500000000000005,0.4027577125270229,-6.139390617275315,-4.560609382724686,5.45,10.8
published_seed,acc_2p4_40,"View-accuracy corner (anchor 2.4%, long-axis 40%)",SL,13.0,A1,Anchor-view mean,1,100000,3564,2258,1068,93110,0,0,0,0,3564.0,35.64,2258.0,22.58,1068.0,10.68,93110.0,931.1,0.7694300518134715,0.006188731597561482,0.7573003606765885,0.7815597429503545,4632.0,0.9763232950255851,0.0004923297953404125,0.9753583463505906,0.9772882437005797,95368.0,0.6121607694950189,0.006385905902225559,0.5996446238192692,0.6246769151707685,5822.0,0.9886597719212555,0.0003450321740173253,0.9879835212813398,0.9893360225611713,94178.0,0.04632,0.0006646386807882911,0.04501733211264746,0.04762266788735254,100000.0,0.96674,0.0005670429648624517,0.9656286162024164,0.9678513837975837,100000.0,0.0,0.0,0.0,0.0,0.0,0.0,0.0,0.0,0.0,0.0,0.0,0.0,0.0,0.0,0.0,0.0,0.0,0.0
published_seed,acc_2p4_40,"View-accuracy corner (anchor 2.4%, long-axis 40%)",SL,13.0,A2,Mean across views,1,100000,1619,259,3013,95109,45,1990,47,2046,1619.0,16.19,259.0,2.59,3013.0,30.13,95109.0,951.09,0.3495250431778929,0.007006000502551351,0.33579353440891035,0.36325655194687545,4632.0,0.9972842043452731,0.00016852202819190806,0.99695390723681,0.9976145014537362,95368.0,0.8620873269435569,0.00795664395308746,0.8464925912346878,0.8776820626524261,1878.0,0.9692933287132346,0.000550757964141274,0.9682138629308044,0.9703727944956648,98122.0,0.04632,0.0006646386807882911,0.04501733211264746,0.04762266788735254,100000.0,0.96728,0.0005625780088129998,0.9661773673555348,0.9683826326444652,100000.0,-0.4199050086355786,0.00753539208592087,-0.43467410584986843,-0.4051359114212888,0.020960909319687946,0.0004748874052087634,0.020030147101425356,0.021891671537950536,-0.39894409931589064,0.007550341180117942,-0.41374249621663933,-0.38414570241514195,0.5400000000000023,0.6424928668864737,-0.7192628893542782,1.7992628893542828,20.91,20.37
published_seed,acc_2p4_40,"View-accuracy corner (anchor 2.4%, long-axis 40%)",SL,13.0,A3,Largest view mean,1,100000,3796,2863,836,92505,232,0,605,0,3796.0,37.96,2863.0,28.63,836.0,8.36,92505.0,925.05,0.8195164075993091,0.00565084525435747,0.8084409543311977,0.8305918608674205,4632.0,0.9699794480328832,0.00055257249721552,0.9688964258309506,0.9710624702348157,95368.0,0.5700555638984832,0.006066808038728061,0.5581648385476656,0.5819462892493008,6659.0,0.9910435928477304,0.00030837351309754966,0.9904391918635056,0.9916479938319551,93341.0,0.04632,0.0006646386807882911,0.04501733211264746,0.04762266788735254,100000.0,0.96301,0.0005968395085783109,0.9618402160494088,0.9641797839505912,100000.0,0.05008635578583765,0.003204922297372599,0.04380482346019006,0.05636788811148524,-0.006343846992701955,0.00025709467139054177,-0.0068477432932192465,-0.005839950692184663,0.043742508793135695,0.003215217660167577,0.03744079792704301,0.05004421965922838,-3.73,0.2890689727383414,-4.29656478008413,-3.1634352199158693,2.32,6.05
published_seed,acc_2p4_40,"View-accuracy corner (anchor 2.4%, long-axis 40%)",SL,13.0,A4,Largest view mean after review,1,100000,3755,2677,877,92691,191,0,419,0,3755.0,37.55,2677.0,26.77,877.0,8.77,92691.0,926.91,0.8106649395509499,0.005756412946585387,0.7993825774065086,0.8219473016953911,4632.0,0.9719297877694825,0.0005348585676203413,0.970881484231855,0.9729780913071099,95368.0,0.5837997512437811,0.006146248320901369,0.571753325799754,0.5958461766878083,6432.0,0.9906271374829001,0.000315012335500295,0.9900097246457636,0.9912445503200366,93568.0,0.04632,0.0006646386807882911,0.04501733211264746,0.04762266788735254,100000.0,0.96446,0.0005854648443758175,0.9633125099817578,0.9656074900182422,100000.0,0.04123488773747841,0.002921488923913049,0.035508874620210094,0.046960900854746725,-0.004393507256102676,0.00021416485158837925,-0.004813262655281242,-0.00397375185692411,0.03684138048137573,0.002929328270474734,0.03110000252706299,0.04258275843568847,-2.28,0.2468765197421577,-2.7638690911399184,-1.7961309088600816,1.91,4.19
published_seed,acc_20_8,"View-accuracy corner (anchor 20%, long-axis 8%)",AP,7.0,A1,Anchor-view mean,1,100000,60898,1892,20507,16703,0,0,0,0,60898.0,608.98,1892.0,18.92,20507.0,205.07,16703.0,167.03,0.7480867268595295,0.0015215140240721996,0.7451046141468528,0.7510688395722062,81405.0,0.898252218338263,0.00221698897069651,0.8939069997673007,0.9025974369092252,18595.0,0.9698678133460742,0.0006822229992881687,0.9685306808274974,0.971204945864651,62790.0,0.4488847084117173,0.00257845051670079,0.44383103822320236,0.45393837860023223,37210.0,0.81405,0.0012303357163798829,0.8116385862879812,0.8164614137120189,100000.0,0.77601,0.0013184023661234837,0.7734259788248832,0.7785940211751168,100000.0,0.0,0.0,0.0,0.0,0.0,0.0,0.0,0.0,0.0,0.0,0.0,0.0,0.0,0.0,0.0,0.0,0.0,0.0
published_seed,acc_20_8,"View-accuracy corner (anchor 20%, long-axis 8%)",AP,7.0,A2,Mean across views,1,100000,71316,2198,10089,16397,11373,955,929,623,71316.0,713.16,2198.0,21.98,10089.0,100.89,16397.0,163.97,0.8760641238253178,0.0011548908172837801,0.8738005793995111,0.8783276682511246,81405.0,0.8817961817692929,0.002367564221609749,0.8771558411272498,0.886436522411336,18595.0,0.9701009331555894,0.0006281339269107787,0.9688698132716657,0.9713320530395132,73514.0,0.6190817790530847,0.002983882361817201,0.613233477043688,0.6249300810624814,26486.0,0.81405,0.0012303357163798829,0.8116385862879812,0.8164614137120189,100000.0,0.87713,0.0010381375780694967,0.8750952877199366,0.8791647122800633,100000.0,0.12797739696578833,0.0012880752425239548,0.12545281586115012,0.13050197807042654,-0.01645603656897015,0.002115163699312207,-0.020601681273728897,-0.012310391864211399,0.11152136039681818,0.002476500616856625,0.1066675083418014,0.11637521245183495,101.12,1.1339080456544965,98.89758105120683,103.34241894879318,119.96,18.84
published_seed,acc_20_8,"View-accuracy corner (anchor 20%, long-axis 8%)",AP,7.0,A3,Largest view mean,1,100000,77769,6042,3636,12553,16871,0,4150,0,77769.0,777.69,6042.0,60.42,3636.0,36.36,12553.0,125.53,0.9553344389165285,0.0007240000123569638,0.9539154249563093,0.9567534528767476,81405.0,0.6750739446087658,0.003434550060448477,0.6683423501340889,0.6818055390834427,18595.0,0.9279092243261624,0.0008933920509643174,0.9261582080683862,0.9296602405839386,83811.0,0.7754030514546915,0.0032798627243164316,0.7689746385900893,0.7818314643192936,16189.0,0.81405,0.0012303357163798829,0.8116385862879812,0.8164614137120189,100000.0,0.90322,0.0009349525741982851,0.901387526612864,0.905052473387136,100000.0,0.20724771205699896,0.0014206532334307075,0.20446328286299117,0.21003214125100675,-0.22317827372949717,0.00305343407205847,-0.22916289458710518,-0.21719365287188916,-0.015930561672498206,0.003367746314980494,-0.022531223210992636,-0.009329900134003777,127.21,1.3929379594942484,124.4798917451578,129.9401082548422,168.71,41.5
published_seed,acc_20_8,"View-accuracy corner (anchor 20%, long-axis 8%)",AP,7.0,A4,Largest view mean after review,1,100000,76660,5576,4745,13019,15762,0,3684,0,76660.0,766.6,5576.0,55.76,4745.0,47.45,13019.0,130.19,0.9417111971009152,0.0008211564242277508,0.94010176007106,0.9433206341307704,81405.0,0.7001344447432105,0.003360128776608521,0.6935487133056938,0.7067201761807272,18595.0,0.9321951456782918,0.0008767036672406586,0.9304768380518321,0.9339134533047514,82236.0,0.7328867372213466,0.0033196765843631426,0.7263802906243518,0.7393931838183413,17764.0,0.81405,0.0012303357163798829,0.8116385862879812,0.8164614137120189,100000.0,0.89679,0.0009620691030274281,0.894904379192554,0.898675620807446,100000.0,0.19362447024138565,0.0013849154207027214,0.19091008587376346,0.19633885460900785,-0.19811777359505242,0.0029229334127645356,-0.20384661785846805,-0.1923889293316368,-0.004493303353666767,0.003234428923002565,-0.010832667603310565,0.001846060895977033,120.78000000000002,1.3411643881344302,118.1513660811745,123.40863391882552,157.62,36.84
published_seed,acc_20_8,"View-accuracy corner (anchor 20%, long-axis 8%)",AP,10.0,A1,Anchor-view mean,1,100000,30491,2599,19454,47456,0,0,0,0,30491.0,304.91,2599.0,25.99,19454.0,194.54,47456.0,474.56,0.6104915406947642,0.002181987526366658,0.6062149236946365,0.6147681576948919,49945.0,0.9480771151733094,0.0009916935894551267,0.9461334314389466,0.9500207989076722,50055.0,0.9214566334239952,0.0014789170744136425,0.9185580091991591,0.9243552576488313,33090.0,0.7092512329995516,0.0017555511013720821,0.7058104160407019,0.7126920499584013,66910.0,0.49945,0.0015811378734949082,0.49635102668891345,0.5025489733110866,100000.0,0.77947,0.0013110931282712148,0.776900304667941,0.782039695332059,100000.0,0.0,0.0,0.0,0.0,0.0,0.0,0.0,0.0,0.0,0.0,0.0,0.0,0.0,0.0,0.0,0.0,0.0,0.0
published_seed,acc_20_8,"View-accuracy corner (anchor 20%, long-axis 8%)",AP,10.0,A2,Mean across views,1,100000,38650,2967,11295,47088,9178,1019,1391,1023,38650.0,386.5,2967.0,29.67,11295.0,112.95,47088.0,470.88,0.773851236359996,0.0018718879153641886,0.7701824034338471,0.7775200692861448,49945.0,0.9407252022774948,0.0010554622309567276,0.9386565343014599,0.9427938702535297,50055.0,0.9287070187663695,0.001261326053802239,0.926234865108655,0.931179172424084,41617.0,0.80653614922152,0.0016348150568028068,0.8033319705635285,0.8097403278795114,58383.0,0.49945,0.0015811378734949082,0.49635102668891345,0.5025489733110866,100000.0,0.85738,0.001105800775908572,0.8552126702880471,0.8595473297119529,100000.0,0.16335969566523176,0.0018850656851492414,0.1596650347847039,0.16705435654575962,-0.007351912895814605,0.0009810195489065318,-0.009274675894967646,-0.005429149896661564,0.15600778276941715,0.0021250581151262557,0.15184274536586184,0.16017282017297246,77.91000000000001,1.0956278195628295,75.76260891625837,80.05739108374165,102.01,24.1
published_seed,acc_20_8,"View-accuracy corner (anchor 20%, long-axis 8%)",AP,10.0,A3,Largest view mean,1,100000,45739,9611,4206,40444,15248,0,7012,0,45739.0,457.39,9611.0,96.11,4206.0,42.06,40444.0,404.44,0.9157873661027129,0.001242624581771871,0.913351866656925,0.9182228655485009,49945.0,0.8079912096693637,0.0017605166669191436,0.8045406603808022,0.8114417589579251,50055.0,0.8263595302619693,0.001610093821474693,0.8232038043352564,0.8295152561886822,55350.0,0.9058006718924972,0.0013823865198609772,0.9030912440794845,0.90851009970551,44650.0,0.49945,0.0015811378734949082,0.49635102668891345,0.5025489733110866,100000.0,0.86183,0.0010912334814328233,0.859691221660797,0.8639687783392029,100000.0,0.30529582540794875,0.0020606981371424165,0.30125693124428254,0.30933471957161496,-0.14008590550394567,0.0015513186787550603,-0.14312643426683316,-0.13704537674105818,0.16520991990400308,0.002579353883335238,0.1601544791494058,0.17026536065860035,82.36,1.469070557869839,79.4806745931152,85.2393254068848,152.48,70.12
published_seed,acc_20_8,"View-accuracy corner (anchor 20%, long-axis 8%)",AP,10.0,A4,Largest view mean after review,1,100000,44284,8207,5661,41848,13793,0,5608,0,44284.0,442.84,8207.0,82.07,5661.0,56.61,41848.0,418.48,0.8866553208529382,0.0014185085972339743,0.8838750950686691,0.8894355466372073,49945.0,0.8360403556088303,0.0016548489992487146,0.8327969111448668,0.8392838000727938,50055.0,0.84364938751405,0.0015852157109687956,0.8405424217883168,0.8467563532397833,52491.0,0.8808436296280705,0.001486346610674314,0.8779304437796268,0.8837568154765142,47509.0,0.49945,0.0015811378734949082,0.49635102668891345,0.5025489733110866,100000.0,0.86132,0.0010929220356457271,0.8591779121553277,0.8634620878446723,100000.0,0.276163780158174,0.002000587293323754,0.272242701084402,0.280084859231946,-0.11203675956447907,0.001409788717065774,-0.11479989469753418,-0.10927362443142397,0.16412702059369494,0.0024474177708299874,0.15933016986990792,0.16892387131748196,81.85000000000001,1.368614545809009,79.167564760338,84.53243523966202,137.93,56.08
published_seed,acc_20_8,"View-accuracy corner (anchor 20%, long-axis 8%)",AP,13.0,A1,Anchor-view mean,1,100000,13448,2093,11999,72460,0,0,0,0,13448.0,134.48,2093.0,20.93,11999.0,119.99,72460.0,724.6,0.5284709395999528,0.0031292948988813074,0.5223376342527618,0.5346042449471439,25447.0,0.9719260123670409,0.0006049731398867956,0.9707402867918958,0.973111737942186,74553.0,0.8653239817257576,0.0027383882567859237,0.8599568393244345,0.8706911241270808,15541.0,0.8579310671450052,0.0012013036287762914,0.8555765552795344,0.8602855790104761,84459.0,0.25447,0.001377370752920215,0.25177040290962344,0.2571695970903765,100000.0,0.85908,0.001100279753517259,0.8569234912931772,0.8612365087068227,100000.0,0.0,0.0,0.0,0.0,0.0,0.0,0.0,0.0,0.0,0.0,0.0,0.0,0.0,0.0,0.0,0.0,0.0,0.0
published_seed,acc_20_8,"View-accuracy corner (anchor 20%, long-axis 8%)",AP,13.0,A2,Mean across views,1,100000,17762,2211,7685,72342,4939,625,1086,968,17762.0,177.62,2211.0,22.11,7685.0,76.85,72342.0,723.42,0.6979997642158211,0.0028781470829571036,0.6923586995465202,0.703640828885122,25447.0,0.970343245744638,0.0006212865342439123,0.9691255465038352,0.9715609449854409,74553.0,0.8893005557502629,0.0022201143867554883,0.8849492114763401,0.8936519000241857,19973.0,0.9039699101553226,0.001041507463778937,0.9019285930205846,0.9060112272900606,80027.0,0.25447,0.001377370752920215,0.25177040290962344,0.2571695970903765,100000.0,0.90104,0.0009442823645499266,0.8991892405596472,0.9028907594403527,100000.0,0.16952882461586827,0.0027318459192519334,0.16417450496058758,0.17488314427114895,-0.0015827666224028543,0.0006078764938549473,-0.002774182666804772,-0.00039135057800093634,0.1679460579934654,0.002798659671756254,0.16246078578857132,0.1734313301983595,41.959999999999994,0.8626665543534188,40.26920460946325,43.65079539053674,59.07,17.11
published_seed,acc_20_8,"View-accuracy corner (anchor 20%, long-axis 8%)",AP,13.0,A3,Largest view mean,1,100000,22419,8564,3028,65989,8971,0,6471,0,22419.0,224.19,8564.0,85.64,3028.0,30.28,65989.0,659.89,0.8810075843910874,0.0020296968101698918,0.8770294517122396,0.8849857170699352,25447.0,0.8851287003876437,0.001167821366202934,0.8828398125514552,0.8874175882238322,74553.0,0.7235903560016783,0.002540745980977293,0.7186105853458181,0.7285701266575385,30983.0,0.9561267513800947,0.0007796139337340269,0.9545987361360776,0.9576547666241119,69017.0,0.25447,0.001377370752920215,0.25177040290962344,0.2571695970903765,100000.0,0.88408,0.001012336671270976,0.882095856568429,0.8860641434315709,100000.0,0.3525366447911345,0.00299496281944847,0.346666625483677,0.358406664098592,-0.0867973119793972,0.0010311080237737076,-0.08881824658610482,-0.08477637737268959,0.2657393328117373,0.003167488918144663,0.25953116856177477,0.2719474970616998,24.999999999999993,1.240141121001961,22.569368047916505,27.43063195208348,89.71,64.71
published_seed,acc_20_8,"View-accuracy corner (anchor 20%, long-axis 8%)",AP,13.0,A4,Largest view mean after review,1,100000,21393,6758,4054,67795,7945,0,4665,0,21393.0,213.93,6758.0,67.58,4054.0,40.54,67795.0,677.95,0.8406884898023342,0.002294155402824343,0.836192027802393,0.8451849518022755,25447.0,0.909353077676284,0.0010515023318709976,0.9072921709599008,0.9114139843926673,74553.0,0.7599374800184718,0.0025456822776487474,0.7549480343988423,0.7649269256381014,28151.0,0.9435761110105917,0.0008608145771018775,0.9418889454287968,0.9452632765923866,71849.0,0.25447,0.001377370752920215,0.25177040290962344,0.2571695970903765,100000.0,0.89188,0.0009819881139810195,0.8899553386481693,0.8938046613518307,100000.0,0.3122175502023814,0.002904931566136763,0.3065239889102897,0.3179111114944731,-0.0625729346907569,0.0008870118955301568,-0.06431144607356777,-0.060834423307946035,0.24964461551162448,0.0030373372395487777,0.2436915438662495,0.2555976871569995,32.80000000000001,1.1181420303342504,30.608481873657972,34.991518126342044,79.45,46.65
published_seed,acc_20_8,"View-accuracy corner (anchor 20%, long-axis 8%)",SL,7.0,A1,Anchor-view mean,1,100000,24625,3427,16023,55925,0,0,0,0,24625.0,246.25,3427.0,34.27,16023.0,160.23,55925.0,559.25,0.605810864003149,0.0024238250138507987,0.6010602542337019,0.6105614737725961,40648.0,0.9422597385092331,0.0009574299559045654,0.9403832102631385,0.9441362667553276,59352.0,0.8778340225295879,0.0019552370874832622,0.8740018282266558,0.8816662168325199,28052.0,0.7772974926335687,0.0015511250935030642,0.7742573432908061,0.7803376419763314,71948.0,0.40648,0.0015532353640063698,0.40343571460302063,0.4095242853969794,100000.0,0.8055,0.0012516778738956762,0.803046756427568,0.807953243572432,100000.0,0.0,0.0,0.0,0.0,0.0,0.0,0.0,0.0,0.0,0.0,0.0,0.0,0.0,0.0,0.0,0.0,0.0,0.0
published_seed,acc_20_8,"View-accuracy corner (anchor 20%, long-axis 8%)",SL,7.0,A2,Mean across views,1,100000,31056,3791,9592,55561,7337,906,1709,1345,31056.0,310.56,3791.0,37.91,9592.0,95.92,55561.0,555.61,0.7640228301515449,0.0021060494840378073,0.7598950489806122,0.7681506113224776,40648.0,0.9361268365008761,0.0010037114580354644,0.9341595981767391,0.9380940748250132,59352.0,0.8912101472149683,0.0016680211697295757,0.8879408857710605,0.8944794086588761,34847.0,0.8527773087962182,0.0013881550750109858,0.8500565748227793,0.855498042769657,65153.0,0.40648,0.0015532353640063698,0.40343571460302063,0.4095242853969794,100000.0,0.86617,0.001076659329128764,0.8640597864746434,0.8682802135253566,100000.0,0.158211966148396,0.002091201771833527,0.15411328595886606,0.16231064633792594,-0.006132902008356922,0.000930765704284475,-0.007957169281189138,-0.004308634735524705,0.15207906414003908,0.0022889844138376868,0.1475927370923561,0.15656539118772206,60.669999999999995,1.0454145163522457,58.62102518287218,62.71897481712781,86.82,26.15
published_seed,acc_20_8,"View-accuracy corner (anchor 20%, long-axis 8%)",SL,7.0,A3,Largest view mean,1,100000,36995,11832,3653,47520,12370,0,8405,0,36995.0,369.95,11832.0,118.32,3653.0,36.53,47520.0,475.2,0.910130879748081,0.0014185269104520595,0.9073506180705638,0.9129111414255983,40648.0,0.8006469874646178,0.0016398882698772871,0.7974328654916361,0.8038611094375996,59352.0,0.7576750568333095,0.0019391461136252024,0.7538744002598642,0.7614757134067548,48827.0,0.928614699157759,0.001138155850006229,0.9263839546653574,0.9308454436501605,51173.0,0.40648,0.0015532353640063698,0.40343571460302063,0.4095242853969794,100000.0,0.84515,0.0011439907233015485,0.842907819365995,0.8473921806340049,100000.0,0.3043200157449321,0.0022821827690499646,0.2998470196761739,0.30879301181369034,-0.14161275104461518,0.0014311169637808365,-0.14441768877341493,-0.13880781331581543,0.16270726470031693,0.0026937806063912933,0.15742755168789183,0.16798697771274204,39.650000000000006,1.435889541364516,36.83570819094904,42.46429180905097,123.7,84.05
published_seed,acc_20_8,"View-accuracy corner (anchor 20%, long-axis 8%)",SL,7.0,A4,Largest view mean after review,1,100000,36119,10810,4529,48542,11494,0,7383,0,36119.0,361.19,10810.0,108.1,4529.0,45.29,48542.0,485.42,0.888580003936233,0.0015606669963992323,0.8855211528073024,0.8916388550651637,40648.0,0.8178662892573123,0.001584231494570702,0.8147612525602875,0.8209713259543371,59352.0,0.769652027530951,0.0019436531022714709,0.7658425374220106,0.7734615176398913,46929.0,0.9146614912098886,0.0012127578287822606,0.9122845295247572,0.91703845289502,53071.0,0.40648,0.0015532353640063698,0.40343571460302063,0.4095242853969794,100000.0,0.84661,0.0011395679352280846,0.8443764878713986,0.8488435121286013,100000.0,0.28276913993308406,0.0022337054213421915,0.27839115772064854,0.2871471221455196,-0.12439344925192074,0.0013546764380116426,-0.12704856630207179,-0.12173833220176969,0.1583756906811633,0.002612391272577178,0.15325549783299786,0.16349588352932876,41.10999999999999,1.367771793465562,38.42921652459206,43.79078347540793,114.94,73.83
published_seed,acc_20_8,"View-accuracy corner (anchor 20%, long-axis 8%)",SL,10.0,A1,Anchor-view mean,1,100000,7183,1862,6951,84004,0,0,0,0,7183.0,71.83,1862.0,18.62,6951.0,69.51,84004.0,840.04,0.5082071600396207,0.004205125358253292,0.4999652657219572,0.5164490543572843,14134.0,0.9783150490298838,0.0004970590360961862,0.9773408312132605,0.979289266846507,85866.0,0.7941404090657822,0.004251379898310472,0.78580785751477,0.8024729606167944,9045.0,0.9235775933153757,0.0008809145030138157,0.9218510326023908,0.9253041540283606,90955.0,0.14134,0.0011016487843228439,0.13918080804208346,0.14349919195791652,100000.0,0.91187,0.000896454701030677,0.910112981058349,0.9136270189416509,100000.0,0.0,0.0,0.0,0.0,0.0,0.0,0.0,0.0,0.0,0.0,0.0,0.0,0.0,0.0,0.0,0.0,0.0,0.0
published_seed,acc_20_8,"View-accuracy corner (anchor 20%, long-axis 8%)",SL,10.0,A2,Mean across views,1,100000,9569,1909,4565,83957,2734,348,904,857,9569.0,95.69,1909.0,19.09,4565.0,45.65,83957.0,839.57,0.6770199518890618,0.003933290632144392,0.6693108438485216,0.6847290599296021,14134.0,0.9777676845317123,0.0005031524270189077,0.9767815238882426,0.9787538451751819,85866.0,0.8336818261021084,0.003475656999435938,0.826869663506866,0.8404939886973508,11478.0,0.9484308985336979,0.0007433135001115283,0.9469740308327653,0.9498877662346304,88522.0,0.14134,0.0011016487843228439,0.13918080804208346,0.14349919195791652,100000.0,0.93526,0.0007781306599794152,0.933734891919144,0.9367851080808559,100000.0,0.16881279184944106,0.003662170061146005,0.1616350703677171,0.17599051333116503,-0.0005473644981715698,0.0004887145551366674,-0.0015052274325154532,0.00041049843617231346,0.16826542735126948,0.003694635499363444,0.16102407477939512,0.17550677992314384,23.389999999999997,0.6919747676035595,22.033754366588653,24.74624563341134,35.91,12.52
published_seed,acc_20_8,"View-accuracy corner (anchor 20%, long-axis 8%)",SL,10.0,A3,Largest view mean,1,100000,12224,7190,1910,78676,5041,0,5328,0,12224.0,122.24,7190.0,71.9,1910.0,19.1,78676.0,786.76,0.8648648648648649,0.0028755817837121285,0.8592288280897333,0.8705009016399965,14134.0,0.9162648778329024,0.0009452653376821889,0.9144121918005975,0.9181175638652074,85866.0,0.6296487071185742,0.003465760741062904,0.6228559408334776,0.6364414734036709,19414.0,0.976298612662249,0.0005358563977146701,0.9752483534135586,0.9773488719109394,80586.0,0.14134,0.0011016487843228439,0.13918080804208346,0.14349919195791652,100000.0,0.909,0.0009094998625618367,0.9072174130113739,0.9107825869886261,100000.0,0.3566577048252441,0.0040291581445808565,0.34876069991155884,0.3645547097389294,-0.06205017119698134,0.000823285905076012,-0.06366378193263775,-0.060436560461324944,0.29460753362826275,0.004112409881752922,0.2865473583067828,0.3026677089497427,-2.8699999999999974,1.0182424225104747,-4.865718491393318,-0.8742815086066774,50.41,53.28
published_seed,acc_20_8,"View-accuracy corner (anchor 20%, long-axis 8%)",SL,10.0,A4,Largest view mean after review,1,100000,11717,5981,2417,79885,4534,0,4119,0,11717.0,117.17,5981.0,59.81,2417.0,24.17,79885.0,798.85,0.8289939153813499,0.0031670061716505635,0.822786697297137,0.8352011334655628,14134.0,0.9303449560943796,0.0008687357079029926,0.9286422653813753,0.932047646807384,85866.0,0.6620522092891852,0.0035555666991607267,0.6550834265592314,0.669020992019139,17698.0,0.9706325484192365,0.000588512052477963,0.9694790859828136,0.9717860108556594,82302.0,0.14134,0.0011016487843228439,0.13918080804208346,0.14349919195791652,100000.0,0.91602,0.0008770824339821204,0.9143009500043626,0.9177390499956373,100000.0,0.3207867553417292,0.00392625718306885,0.31309143260817285,0.3284820780752855,-0.04797009293550416,0.000729289498011905,-0.049399474097185564,-0.046540711773822754,0.27281666240622504,0.003993414408687157,0.26498971392811693,0.28064361088433315,4.150000000000001,0.9301224516159149,2.3269934792410654,5.973006520758936,45.34,41.19
published_seed,acc_20_8,"View-accuracy corner (anchor 20%, long-axis 8%)",SL,13.0,A1,Anchor-view mean,1,100000,2064,757,2523,94656,0,0,0,0,2064.0,20.64,757.0,7.57,2523.0,25.23,94656.0,946.56,0.44996729888816217,0.007345483060409856,0.435570416527149,0.46436418124917533,4587.0,0.9920660706612306,0.0002872173605582706,0.9915031349743614,0.9926290063480999,95413.0,0.7316554413328606,0.008342537298192898,0.7153043685597453,0.748006514105976,2821.0,0.9740376007162042,0.0005101220081299295,0.9730377799446618,0.9750374214877465,97179.0,0.04587,0.0006615583352962912,0.04457336947891934,0.04716663052108066,100000.0,0.9672,0.0005632420438852204,0.9660960658706985,0.9683039341293014,100000.0,0.0,0.0,0.0,0.0,0.0,0.0,0.0,0.0,0.0,0.0,0.0,0.0,0.0,0.0,0.0,0.0,0.0,0.0
published_seed,acc_20_8,"View-accuracy corner (anchor 20%, long-axis 8%)",SL,13.0,A2,Mean across views,1,100000,2877,773,1710,94640,962,149,393,377,2877.0,28.77,773.0,7.73,1710.0,17.1,94640.0,946.4,0.6272073250490516,0.007139616358536497,0.613213934012509,0.6412007160855943,4587.0,0.9918983786276503,0.00029021228047599836,0.9913295730055595,0.9924671842497411,95413.0,0.7882191780821918,0.006762704034561587,0.7749645216317963,0.8014738345325872,3650.0,0.9822522055007784,0.00042536117062589576,0.9814185129193538,0.983085898082203,96350.0,0.04587,0.0006615583352962912,0.04457336947891934,0.04716663052108066,100000.0,0.97517,0.0004920718555251867,0.9742055568777575,0.9761344431222425,100000.0,0.17724002616088946,0.006778957428628533,0.16395351364324498,0.19052653867853395,-0.00016769203358033002,0.0002908285611538241,-0.0007377055436136238,0.00040232147645296375,0.17707233412730913,0.006785193075450453,0.16377359996637697,0.1903710682882413,7.9700000000000015,0.4329720441321818,7.121390380494513,8.818609619505489,13.39,5.42
published_seed,acc_20_8,"View-accuracy corner (anchor 20%, long-axis 8%)",SL,13.0,A3,Largest view mean,1,100000,3912,3293,675,92120,1848,0,2536,0,3912.0,39.12,3293.0,32.93,675.0,6.75,92120.0,921.2,0.8528449967298888,0.005230680571998223,0.8425930511132729,0.8630969423465047,4587.0,0.9654868833387484,0.0005909646497828907,0.9643286138999013,0.9666451527775956,95413.0,0.5429562803608605,0.005868732447315702,0.5314537760384899,0.5544587846832312,7205.0,0.9927259011800205,0.0002789600337490982,0.9921791495564335,0.9932726528036074,92795.0,0.04587,0.0006615583352962912,0.04457336947891934,0.04716663052108066,100000.0,0.96032,0.0006172965057409612,0.9591101210714219,0.961529878928578,100000.0,0.4028776978417266,0.007241922775165748,0.38868378991162167,0.41707160577183156,-0.02657918732248226,0.0005207357414932428,-0.027599810629322322,-0.025558564015642198,0.37629851051924434,0.007260620579119452,0.36206795556651106,0.39052906547197763,-6.880000000000001,0.6617602707929814,-8.177026307384494,-5.582973692615505,18.48,25.36
published_seed,acc_20_8,"View-accuracy corner (anchor 20%, long-axis 8%)",SL,13.0,A4,Largest view mean after review,1,100000,3667,2535,920,92878,1603,0,1778,0,3667.0,36.67,2535.0,25.35,920.0,9.2,92878.0,928.78,0.7994331807281447,0.0059122972184772055,0.7878452910226292,0.8110210704336602,4587.0,0.9734312934296165,0.0005206358654532548,0.9724108658762193,0.9744517209830138,95413.0,0.59126088358594,0.00624233100762507,0.5790261395349111,0.6034956276369688,6202.0,0.9901916885221433,0.00032178068637172375,0.9895610099609595,0.9908223670833272,93798.0,0.04587,0.0006615583352962912,0.04457336947891934,0.04716663052108066,100000.0,0.96545,0.000577549110465941,0.9643180245352547,0.9665819754647453,100000.0,0.34946588183998256,0.007040006504139538,0.3356677225321032,0.3632640411478619,-0.01863477723161414,0.0004377978846715194,-0.01949284532484647,-0.017776709138381808,0.3308311046083684,0.007053606068256849,0.31700629064440344,0.34465591857233335,-1.7500000000000016,0.5814373354025351,-2.889596245644896,-0.6104037543551073,16.03,17.78
amend3_pooled,base,"Pre-specified base case (anchor 4.8%, long-axis 20%)",AP,7.0,A1,Anchor-view mean,100,10000000,7373363,379113,763286,1484238,0,0,0,0,73733.63,737.3363,3791.13,37.9113,7632.86,76.3286,14842.38,148.4238,0.9061916029559589,0.00010221345851430586,0.9059912682569554,0.9063919376549624,8136649.0,0.7965423583640441,0.00029491312795015676,0.7959643392501343,0.7971203774779538,1863351.0,0.9510978170071085,7.745625595823305e-05,0.9509460055338556,0.9512496284803614,7752476.0,0.660388053698203,0.00031589220878896476,0.6597689163410961,0.6610071910553098,2247524.0,0.8136649,0.000123131771086097,0.813423566161415,0.8139062338385851,10000000.0,0.8857601,0.00010059281547306943,0.8855629417030142,0.8859572582969859,10000000.0,0.0,0.0,0.0,0.0,0.0,0.0,0.0,0.0,0.0,0.0,0.0,0.0,0.0,0.0,0.0,0.0,0.0,0.0
amend3_pooled,base,"Pre-specified base case (anchor 4.8%, long-axis 20%)",AP,7.0,A2,Mean across views,100,10000000,6887323,178921,1249326,1684430,138081,624121,31295,231487,68873.23,688.7323,1789.21,17.8921,12493.26,124.9326,16844.3,168.443,0.8464569382309597,0.00012638476986755323,0.846209228631871,0.8467046478300484,8136649.0,0.9039789068189514,0.00021583165258551675,0.9035558845498233,0.9044019290880796,1863351.0,0.9746794761120618,5.909802117350857e-05,0.9745636461180905,0.9747953061060332,7066244.0,0.5741547695173014,0.000288687770656849,0.5735889518795737,0.574720587155029,2933756.0,0.8136649,0.000123131771086097,0.813423566161415,0.8139062338385851,10000000.0,0.8571753,0.00011064619517629606,0.8569584374407174,0.8573921625592825,10000000.0,-0.059734664724999206,0.00010523406237020355,-0.05994091969881856,-0.05952840975117985,0.10743654845490731,0.00026360925127395606,0.10691988381234341,0.10795321309747122,0.04770188372990811,0.00028383806164810173,0.04714557134724805,0.048258196112568166,-28.58480000000001,0.10083715049968438,-28.782437184841967,-28.387162815158046,36.9568,65.5416
amend3_pooled,base,"Pre-specified base case (anchor 4.8%, long-axis 20%)",AP,7.0,A3,Largest view mean,100,10000000,7721638,558676,415011,1304675,348275,0,179563,0,77216.38,772.1638,5586.76,55.8676,4150.11,41.5011,13046.75,130.4675,0.9489948503370368,7.712872463555979e-05,0.9488436808133852,0.9491460198606884,8136649.0,0.7001767246213945,0.0003356519476974444,0.6995188588873776,0.7008345903554113,1863351.0,0.9325296117997458,8.716949241751757e-05,0.9323587627327092,0.9327004608667824,8280314.0,0.758670478215209,0.0003262926122013148,0.7580309564418285,0.7593099999885896,1719686.0,0.8136649,0.000123131771086097,0.813423566161415,0.8139062338385851,10000000.0,0.9026313,9.374861932866531e-05,0.9024475560810661,0.902815043918934,10000000.0,0.04280324738107789,7.096041994423384e-05,0.04266416751256231,0.042942327249593466,-0.09636563374264967,0.00021617731835076113,-0.0967893335042337,-0.09594193398106564,-0.05356238636157178,0.00022752585384520227,-0.05400832884417764,-0.05311644387896593,16.871199999999995,0.07245630587503064,16.72918824891195,17.013211751088043,34.8275,17.9563
amend3_pooled,base,"Pre-specified base case (anchor 4.8%, long-axis 20%)",AP,7.0,A4,Largest view mean after review,100,10000000,7704371,547950,432278,1315401,331008,0,168837,0,77043.71,770.4371,5479.5,54.795,4322.78,43.2278,13154.01,131.5401,0.9468727236482734,7.862882541131848e-05,0.9467186139811049,0.9470268333154418,8136649.0,0.7059330206708236,0.0003337778733875262,0.7052788280549875,0.7065872132866597,1863351.0,0.9336004985748858,8.667121609253378e-05,0.9334306261115082,0.9337703710382634,8252321.0,0.7526559511214588,0.00032637594992713934,0.7520162660091357,0.7532956362337818,1747679.0,0.8136649,0.000123131771086097,0.813423566161415,0.8139062338385851,10000000.0,0.9019772,9.402889485693213e-05,0.9017929067511207,0.9021614932488794,10000000.0,0.04068112069231449,6.925564192600875e-05,0.04054538212734262,0.04081685925728636,-0.09060933769322044,0.00021028795026707553,-0.09102149450537769,-0.09019718088106318,-0.049928217000905946,0.00022139865845598877,-0.05036215040112798,-0.04949428360068391,16.2171,0.07051347790854597,16.078896121784453,16.355303878215544,33.1008,16.8837
amend3_pooled,base,"Pre-specified base case (anchor 4.8%, long-axis 20%)",AP,10.0,A1,Anchor-view mean,100,10000000,4186688,575013,812928,4425371,0,0,0,0,41866.88,418.6688,5750.13,57.5013,8129.28,81.2928,44253.71,442.5371,0.8374019124668775,0.00016502751731210048,0.8370784644739364,0.8377253604598185,4999616.0,0.8850062315214191,0.00014266210873136893,0.8847266189241415,0.8852858441186967,5000384.0,0.8792421027695775,0.00014932445846160534,0.8789494322066732,0.8795347733324818,4761701.0,0.8448106914095587,0.000158203270650447,0.8445006186944015,0.8451207641247158,5238299.0,0.4999616,0.00015811388254212216,0.4996517024823172,0.5002714975176827,10000000.0,0.8612059,0.0001093299125606483,0.8609916173072579,0.861420182692742,10000000.0,0.0,0.0,0.0,0.0,0.0,0.0,0.0,0.0,0.0,0.0,0.0,0.0,0.0,0.0,0.0,0.0,0.0,0.0
amend3_pooled,base,"Pre-specified base case (anchor 4.8%, long-axis 20%)",AP,10.0,A2,Mean across views,100,10000000,3643753,228850,1355863,4771534,119423,662358,45275,391438,36437.53,364.3753,2288.5,22.885,13558.63,135.5863,47715.34,477.1534,0.7288065723447561,0.00019882793211706168,0.7284168767556122,0.7291962679339,4999616.0,0.9542335148660583,9.345433133568601e-05,0.9540503477409963,0.9544166819911204,5000384.0,0.9409053806961364,0.00011982445348863108,0.940670529080979,0.9411402323112937,3872603.0,0.778721209022363,0.00016769607069444165,0.7783925307608605,0.7790498872838655,6127397.0,0.4999616,0.00015811388254212216,0.4996517024823172,0.5002714975176827,10000000.0,0.8415287,0.00011548079800395821,0.841302361793221,0.841755038206779,10000000.0,-0.1085953401221214,0.00017005079559654046,-0.10892863355966197,-0.10826204668458082,0.06922728334463914,0.00012848123364293178,0.0689754647520234,0.06947910193725487,-0.03936805677748226,0.00021313071219659078,-0.039785785300681935,-0.03895032825428258,-19.6772,0.11020989420199984,-19.893207425079726,-19.46119257492027,51.0861,70.7633
amend3_pooled,base,"Pre-specified base case (anchor 4.8%, long-axis 20%)",AP,10.0,A3,Largest view mean,100,10000000,4519487,876938,480129,4123446,332799,0,301925,0,45194.87,451.9487,8769.38,87.6938,4801.29,48.0129,41234.46,412.3446,0.9039668246521333,0.00013177061293196952,0.9037085589945287,0.9042250903097379,4999616.0,0.8246258687332813,0.00017006289397526202,0.8242925515833539,0.8249591858832086,5000384.0,0.8374964907322904,0.00015880705688215693,0.8371852346178554,0.8378077468467253,5396425.0,0.895705185643766,0.00014245125853203005,0.8954259863052886,0.8959843849822434,4603575.0,0.4999616,0.00015811388254212216,0.4996517024823172,0.5002714975176827,10000000.0,0.8642933,0.0001083006886289787,0.864081034549112,0.8645055654508881,10000000.0,0.06656491218525583,0.00011147986088135178,0.06634641567120338,0.06678340869930828,-0.060380362788137874,0.00010651780855518161,-0.06058913385826492,-0.06017159171801083,0.006184549397117954,0.00015418755760930863,0.005882347334955783,0.006486751459280125,3.0874000000000006,0.07966358513225474,2.9312622410298457,3.243537758970155,33.2799,30.1925
amend3_pooled,base,"Pre-specified base case (anchor 4.8%, long-axis 20%)",AP,10.0,A4,Largest view mean after review,100,10000000,4488136,831057,511480,4169327,301448,0,256044,0,44881.36,448.8136,8310.57,83.1057,5114.8,51.148,41693.27,416.9327,0.8976961430637873,0.0001355321596339739,0.8974305049100625,0.8979617812175121,4999616.0,0.8338013640552405,0.0001664728251009671,0.8334750833110643,0.8341276447994167,5000384.0,0.8437625782708016,0.0001574272059514782,0.8434540266145161,0.8440711299270871,5319193.0,0.8907282440826977,0.0001442003137966309,0.8904456166588676,0.8910108715065278,4680807.0,0.4999616,0.00015811388254212216,0.4996517024823172,0.5002714975176827,10000000.0,0.8657463,0.00010780985299883774,0.8655349965692769,0.865957603430723,10000000.0,0.060294230596909845,0.00010645486187721212,0.060085582900005534,0.06050287829381416,-0.0512048674661786,9.856895873603736e-05,-0.051398059076818714,-0.05101167585553848,0.009089363130731248,0.00014508093342546064,0.008805009724130949,0.009373716537331548,4.5404,0.07465158053774883,4.394085589602912,4.686714410397088,30.1448,25.6044
amend3_pooled,base,"Pre-specified base case (anchor 4.8%, long-axis 20%)",AP,13.0,A1,Anchor-view mean,100,10000000,2010789,485597,548796,6954818,0,0,0,0,20107.89,201.0789,4855.97,48.5597,5487.96,54.8796,69548.18,695.4818,0.7855918049215009,0.0002565277691608656,0.7850890197289453,0.7860945901140566,2559585.0,0.9347352264625024,9.0549309484459e-05,0.934557753075688,0.9349126998493168,7440415.0,0.8054800018907332,0.00025052648227286964,0.8049889790044318,0.8059710247770346,2496386.0,0.9268624425510161,9.504792186054087e-05,0.9266761520458947,0.9270487330561376,7503614.0,0.2559585,0.0001380013573403356,0.2556880223076618,0.25622897769233816,10000000.0,0.8965607,9.630140768208428e-05,0.8963719527077938,0.8967494472922062,10000000.0,0.0,0.0,0.0,0.0,0.0,0.0,0.0,0.0,0.0,0.0,0.0,0.0,0.0,0.0,0.0,0.0,0.0,0.0
amend3_pooled,base,"Pre-specified base case (anchor 4.8%, long-axis 20%)",AP,13.0,A2,Mean across views,100,10000000,1649690,174432,909895,7265983,71527,432626,37452,348617,16496.9,164.969,1744.32,17.4432,9098.95,90.9895,72659.83,726.5983,0.6445146381151632,0.00029918683228336896,0.6439282426946138,0.6451010335357126,2559585.0,0.976556146397748,5.547081278800623e-05,0.9764474256016328,0.9766648671938633,7440415.0,0.9043748170352641,0.00021773759880812092,0.9039480591801538,0.9048015748903745,1824122.0,0.8887098119614798,0.00010998696659080898,0.8884942414664926,0.888925382456467,8175878.0,0.2559585,0.0001380013573403356,0.2556880223076618,0.25622897769233816,10000000.0,0.8915673,9.832347103856232e-05,0.8913745895364094,0.8917600104635905,10000000.0,-0.14107716680633775,0.000263014850129978,-0.1415926664440579,-0.1405616671686176,0.041820919935245546,8.208990154506974e-05,0.041660026683453664,0.04198181318703743,-0.0992562468710922,0.0002755277904759773,-0.09979627142142466,-0.09871622232075974,-4.993400000000002,0.09433836226924866,-5.178299793866688,-4.808500206133316,42.0144,47.0078
amend3_pooled,base,"Pre-specified base case (anchor 4.8%, long-axis 20%)",AP,13.0,A3,Largest view mean,100,10000000,2222365,763248,337220,6677167,211576,0,277651,0,22223.65,222.2365,7632.48,76.3248,3372.2,33.722,66771.67,667.7167,0.8682520799270195,0.00021140245274970252,0.8678377387301184,0.8686664211239206,2559585.0,0.8974186251707734,0.00011123288902710791,0.8972006127126643,0.8976366376288826,7440415.0,0.7443580263081652,0.0002524586538918544,0.7438632164350487,0.7448528361812816,2985613.0,0.9519245231265397,8.077336880686688e-05,0.9517662102315195,0.95208283602156,7014387.0,0.2559585,0.0001380013573403356,0.2556880223076618,0.25622897769233816,10000000.0,0.8899532,9.8962872740114e-05,0.8897592363320928,0.8901471636679072,10000000.0,0.08266027500551847,0.0001721189726295099,0.08232292801544765,0.08299762199558929,-0.03731660129172902,6.9485502512663e-05,-0.03745279037517575,-0.03718041220828229,0.045343673713789445,0.0001856156668993091,0.04497987368883081,0.04570747373874808,-6.607500000000003,0.06991354728788263,-6.7445280357965505,-6.470471964203454,21.1576,27.7651
amend3_pooled,base,"Pre-specified base case (anchor 4.8%, long-axis 20%)",AP,13.0,A4,Largest view mean after review,100,10000000,2193785,694592,365800,6745823,182996,0,208995,0,21937.85,219.3785,6945.92,69.4592,3658.0,36.58,67458.23,674.5823,0.8570862073343921,0.00021875830380459378,0.856657448934234,0.8575149657345502,2559585.0,0.9066460674572587,0.00010665632612798545,0.9064370248976756,0.9068551100168418,7440415.0,0.7595216967868114,0.000251467059079783,0.7590288304038291,0.7600145631697937,2888377.0,0.9485630776547069,8.282972752371524e-05,0.9484007343706307,0.9487254209387832,7111623.0,0.2559585,0.0001380013573403356,0.2556880223076618,0.25622897769233816,10000000.0,0.8939608,9.736266638879607e-05,0.893769972678934,0.894151627321066,10000000.0,0.07149440241289115,0.00016104361293060399,0.07117876272911723,0.07181004209666507,-0.02808915900524366,6.057368596052098e-05,-0.028207881249073585,-0.027970436761413732,0.043405243407647495,0.00017205875942998664,0.04306801443328006,0.04374247238201493,-2.599900000000002,0.06260378624331758,-2.7226011673005996,-2.4771988326994046,18.2996,20.8995
amend3_pooled,base,"Pre-specified base case (anchor 4.8%, long-axis 20%)",SL,7.0,A1,Anchor-view mean,100,10000000,3339307,712397,729684,5218612,0,0,0,0,33393.07,333.9307,7123.97,71.2397,7296.84,72.9684,52186.12,521.8612,0.8206720044354976,0.0001901802840709197,0.8202992579252089,0.8210447509457863,4068991.0,0.8798860362545395,0.00013348905871002464,0.879624402505074,0.8801476700040051,5931009.0,0.8241734835516119,0.00018911790561622438,0.8238028192648487,0.8245441478383752,4051704.0,0.877328902260412,0.00013451046012232898,0.8770652666009489,0.8775925379198752,5948296.0,0.4068991,0.00015534871174850148,0.40659462211752656,0.40720357788247347,10000000.0,0.8557919,0.00011109100948969271,0.8555741656206766,0.8560096343793235,10000000.0,0.0,0.0,0.0,0.0,0.0,0.0,0.0,0.0,0.0,0.0,0.0,0.0,0.0,0.0,0.0,0.0,0.0,0.0
amend3_pooled,base,"Pre-specified base case (anchor 4.8%, long-axis 20%)",SL,7.0,A2,Mean across views,100,10000000,2929390,313756,1139601,5617253,114786,524703,57679,456320,29293.9,292.939,3137.56,31.3756,11396.01,113.9601,56172.53,561.7253,0.7199303217923068,0.00022260499966740273,0.7194940240067387,0.7203666195778748,4068991.0,0.9470990517802282,9.191050189734399e-05,0.9469189105052875,0.9472791930551689,5931009.0,0.9032556659490507,0.00016414772457003286,0.9029339423182116,0.9035773895798899,3243146.0,0.8313414793334294,0.00014405276571993828,0.8310591410985179,0.8316238175683409,6756854.0,0.4068991,0.00015534871174850148,0.40659462211752656,0.40720357788247347,10000000.0,0.8546643,0.00011145099116002063,0.8544458600695621,0.854882739930438,10000000.0,-0.1007416826431909,0.00019007895368917867,-0.10111423054957935,-0.10036913473680245,0.0672130155256888,0.0001176866893899708,0.06698235385120527,0.06744367720017233,-0.0335286671175021,0.00022356244204951867,-0.03396684145567125,-0.03309049277933296,-1.1275999999999995,0.10739996672170807,-1.3381000683757451,-0.9170999316242536,57.1106,58.2382
amend3_pooled,base,"Pre-specified base case (anchor 4.8%, long-axis 20%)",SL,7.0,A3,Largest view mean,100,10000000,3650054,1079431,418937,4851578,310747,0,367034,0,36500.54,365.0054,10794.31,107.9431,4189.37,41.8937,48515.78,485.1578,0.8970415515787575,0.00015065859399472704,0.8967462661582373,0.8973368369992778,4068991.0,0.8180021308347365,0.00015843315750784515,0.8176916075496148,0.8183126541198582,5931009.0,0.7717656362162053,0.00019298622428277784,0.7713873901641152,0.7721438822682954,4729485.0,0.9205130807900177,0.00011782468509094574,0.9202821486489281,0.9207440129311073,5270515.0,0.4068991,0.00015534871174850148,0.40659462211752656,0.40720357788247347,10000000.0,0.8501632,0.00011286528844855712,0.8499419880977912,0.8503844119022088,10000000.0,0.07636954714325984,0.00013166364220747415,0.07611149114442431,0.07662760314209538,-0.06188390541980294,9.893566079258032e-05,-0.062077815753272605,-0.06168999508633327,0.014485641723456906,0.00016469237886375398,0.014162850589809588,0.014808432857104224,-5.628699999999997,0.0823082120667859,-5.790021132555263,-5.467378867444731,31.0747,36.7034
amend3_pooled,base,"Pre-specified base case (anchor 4.8%, long-axis 20%)",SL,7.0,A4,Largest view mean after review,100,10000000,3635106,1056315,433885,4874694,295799,0,343918,0,36351.06,363.5106,10563.15,105.6315,4338.85,43.3885,48746.94,487.4694,0.8933679135687447,0.0001530085726930605,0.8930680222745749,0.8936678048629144,4068991.0,0.8218996126965917,0.00015710048591333745,0.8215917013998191,0.8222075239933644,5931009.0,0.7748411408824746,0.000192840678963466,0.7744631800939706,0.7752191016709785,4691421.0,0.9182672048395625,0.00011890320757316778,0.9180341588332346,0.9185002508458904,5308579.0,0.4068991,0.00015534871174850148,0.40659462211752656,0.40720357788247347,10000000.0,0.85098,0.00011261129588100833,0.8507592859140798,0.8512007140859201,10000000.0,0.07269590913324704,0.0001287130878754457,0.07244363611468232,0.07294818215181176,-0.05798642355794773,9.596822254770676e-05,-0.058174517819285225,-0.05779832929661024,0.01470948557529931,0.00016055204367867253,0.014394809349562684,0.015024161801035935,-4.8119000000000005,0.0799678345451407,-4.968634076866433,-4.655165923133569,29.5799,34.3918
amend3_pooled,base,"Pre-specified base case (anchor 4.8%, long-axis 20%)",SL,10.0,A1,Anchor-view mean,100,10000000,1090779,407946,337316,8163959,0,0,0,0,10907.79,109.0779,4079.46,40.7946,3373.16,33.7316,81639.59,816.3959,0.7638000273091076,0.0003554276474519013,0.7631034019154972,0.7644966527027179,1428095.0,0.9524089452694587,7.271696145711794e-05,0.9522664226428134,0.9525514678961041,8571905.0,0.727804633938848,0.00036356895842933984,0.727092051868809,0.728517216008887,1498725.0,0.9603217164484151,6.694879749883449e-05,0.9601904992154742,0.9604529336813561,8501275.0,0.1428095,0.0001106412882742017,0.14259264705806896,0.14302635294193106,10000000.0,0.9254738,8.304941030107317e-05,0.9253110261455887,0.9256365738544113,10000000.0,0.0,0.0,0.0,0.0,0.0,0.0,0.0,0.0,0.0,0.0,0.0,0.0,0.0,0.0,0.0,0.0,0.0,0.0
amend3_pooled,base,"Pre-specified base case (anchor 4.8%, long-axis 20%)",SL,10.0,A2,Mean across views,100,10000000,887176,150895,540919,8421010,44495,248098,30858,287909,8871.76,88.7176,1508.95,15.0895,5409.19,54.0919,84210.1,842.101,0.6212303803318406,0.0004059152451877622,0.6204348010642214,0.6220259595994598,1428095.0,0.9823965617911071,4.491625020411866e-05,0.982308527557692,0.9824845960245222,8571905.0,0.8546390372142175,0.00034594075522488874,0.853961005787844,0.8553170686405911,1038071.0,0.9396425702546851,7.955105825627151e-05,0.9394866530443409,0.9397984874650294,8961929.0,0.1428095,0.0001106412882742017,0.14259264705806896,0.14302635294193106,10000000.0,0.9308186,8.024670329305744e-05,0.930661319350427,0.9309758806495732,10000000.0,-0.1425696469772669,0.000359490231230202,-0.14327423488882976,-0.14186505906570404,0.02998761652164834,6.506445470758067e-05,0.029860092532741852,0.03011514051055483,-0.11258203045561856,0.00036533082215485036,-0.11329806571513247,-0.11186599519610464,5.344800000000004,0.0781712435061385,5.191587176892739,5.498012823107269,33.2404,27.8956
amend3_pooled,base,"Pre-specified base case (anchor 4.8%, long-axis 20%)",SL,10.0,A3,Largest view mean,100,10000000,1221892,641305,206203,7930600,131113,0,233359,0,12218.92,122.1892,6413.05,64.1305,2062.03,20.6203,79306.0,793.06,0.8556097458502411,0.00029412250252732153,0.8550332763336976,0.8561862153667845,1428095.0,0.9251852417869774,8.986059956799005e-05,0.9250091182468057,0.9253613653271491,8571905.0,0.6558039756397204,0.00034806516405399906,0.6551217804485204,0.6564861708309203,1863197.0,0.974657982994058,5.509596707215721e-05,0.9745499968820515,0.9747659691060646,8136803.0,0.1428095,0.0001106412882742017,0.14259264705806896,0.14302635294193106,10000000.0,0.9152492,8.807275509450128e-05,0.9150765805706339,0.9154218194293661,10000000.0,0.09180971854113347,0.00024163186379828387,0.09133612878683593,0.09228330829543101,-0.02722370348248143,5.5582927655140764e-05,-0.027332644019700113,-0.02711476294526275,0.06458601505865204,0.0002479423712263578,0.06410005693697374,0.06507197318033034,-10.2246,0.0602848716966703,-10.342756178270093,-10.106443821729908,13.1113,23.3359
amend3_pooled,base,"Pre-specified base case (anchor 4.8%, long-axis 20%)",SL,10.0,A4,Largest view mean after review,100,10000000,1209323,601932,218772,7969973,118544,0,193986,0,12093.23,120.9323,6019.32,60.1932,2187.72,21.8772,79699.73,796.9973,0.8468085106382979,0.0003013917616685823,0.8462177936355308,0.8473992276410649,1428095.0,0.9297785031448669,8.727424836232133e-05,0.9296074487599497,0.929949557529784,8571905.0,0.6676713107762298,0.0003500059895152441,0.6669853116369955,0.668357309915464,1811255.0,0.9732838182163445,5.635056472287798e-05,0.9731733731381079,0.973394263294581,8188745.0,0.1428095,0.0001106412882742017,0.14259264705806896,0.14302635294193106,10000000.0,0.9179296,8.67956504923144e-05,0.9177594836496785,0.9180997163503215,10000000.0,0.08300848332919028,0.00023086885500216896,0.08255598868466481,0.08346097797371575,-0.022630442124591907,5.07969046155468e-05,-0.022730002228949813,-0.022530882020234,0.06037804120459837,0.00023639110331933702,0.059914723152172195,0.06084135925702455,-7.544199999999999,0.055853455619469056,-7.653670762289756,-7.4347292377102425,11.8544,19.3986
amend3_pooled,base,"Pre-specified base case (anchor 4.8%, long-axis 20%)",SL,13.0,A1,Anchor-view mean,100,10000000,336290,182360,126743,9354607,0,0,0,0,3362.9,33.629,1823.6,18.236,1267.43,12.6743,93546.07,935.4607,0.72627652888671,0.0006552409812262108,0.724992280152182,0.727560777621238,463033.0,0.9808786168600563,4.434678551517909e-05,0.9807916987569308,0.9809655349631817,9536967.0,0.6483948713004917,0.0006629949112409971,0.6470954251422761,0.6496943174587072,518650.0,0.9866323888475798,3.729662180718091e-05,0.9865592888115161,0.9867054888836434,9481350.0,0.0463033,6.645246753064177e-05,0.04617305555592877,0.046433544444071224,10000000.0,0.9690897,5.4731027172811176e-05,0.9689824291570583,0.9691969708429418,10000000.0,0.0,0.0,0.0,0.0,0.0,0.0,0.0,0.0,0.0,0.0,0.0,0.0,0.0,0.0,0.0,0.0,0.0,0.0
amend3_pooled,base,"Pre-specified base case (anchor 4.8%, long-axis 20%)",SL,13.0,A2,Mean across views,100,10000000,258277,60749,204756,9476218,15066,93079,13458,135069,2582.77,25.8277,607.49,6.0749,2047.56,20.4756,94762.18,947.6218,0.5577939369332208,0.0007298662287538086,0.5563634254000476,0.559224448466394,463033.0,0.9936301551635861,2.57615309372981e-05,0.9935796634903641,0.9936806468368081,9536967.0,0.8095797834659244,0.0006951416578286501,0.8082173308416799,0.8109422360901689,319026.0,0.9788496488059982,4.624419878082768e-05,0.978759011841179,0.9789402857708175,9680974.0,0.0463033,6.645246753064177e-05,0.04617305555592877,0.046433544444071224,10000000.0,0.9734495,5.08385394653997e-05,0.9733498582928352,0.9735491417071648,10000000.0,-0.16848259195348925,0.0006656601023365745,-0.16978726179030526,-0.16717792211667323,0.012751538303529833,4.019882276716965e-05,0.0126727500580638,0.012830326548995866,-0.15573105364995943,0.0006668727893643624,-0.15703810030969317,-0.15442400699022568,4.359800000000001,0.05064404421445823,4.260539496525254,4.459060503474747,15.0135,10.6537
amend3_pooled,base,"Pre-specified base case (anchor 4.8%, long-axis 20%)",SL,13.0,A3,Largest view mean,100,10000000,382785,295742,80248,9241225,46495,0,113382,0,3827.85,38.2785,2957.42,29.5742,802.48,8.0248,92412.25,924.1225,0.8266905382553728,0.0005562584845158001,0.8256002916510272,0.8277807848597183,463033.0,0.968989931494992,5.6131397518776355e-05,0.9688799159765855,0.9690999470133985,9536967.0,0.5641411469256198,0.0006019816562466367,0.562961284550716,0.5653210093005235,678527.0,0.9913910601897361,3.0259034179876265e-05,0.9913317535720688,0.9914503668074034,9321473.0,0.0463033,6.645246753064177e-05,0.04617305555592877,0.046433544444071224,10000000.0,0.962401,6.015423110555071e-05,0.9622830998725854,0.9625189001274145,10000000.0,0.10041400936866271,0.00044168487116794927,0.09954832292182889,0.10127969581549653,-0.011888685365064176,3.5096573088628e-05,-0.011957473384841256,-0.011819897345287097,0.08852532400359853,0.000443077075531124,0.08765690888633225,0.0893937391208648,-6.6887,0.03992863795862564,-6.766958692967939,-6.61044130703206,4.6495,11.3382
amend3_pooled,base,"Pre-specified base case (anchor 4.8%, long-axis 20%)",SL,13.0,A4,Largest view mean after review,100,10000000,376404,264796,86629,9272171,40114,0,82436,0,3764.04,37.6404,2647.96,26.4796,866.29,8.6629,92721.71,927.2171,0.8129096630261774,0.0005731137784740181,0.8117863806524643,0.8140329453998905,463033.0,0.9722347786251122,5.320237335378463e-05,0.9721305038886242,0.9723390533616002,9536967.0,0.5870305676855895,0.0006148830971469997,0.5858254189509728,0.5882357164202061,641200.0,0.990743578236526,3.130344371281995e-05,0.9906822246137729,0.9908049318592792,9358800.0,0.0463033,6.645246753064177e-05,0.04617305555592877,0.046433544444071224,10000000.0,0.9648575,5.8230150861688454e-05,0.9647433710005966,0.9649716289994035,10000000.0,0.08663313413946738,0.0004133887632854534,0.08582290704542338,0.08744336123351139,-0.008643838234944086,2.997526495334925e-05,-0.008702588675143112,-0.00858508779474506,0.0779892959045233,0.00041447410790024035,0.07717694157410672,0.07880165023493989,-4.232200000000001,0.034981550113109626,-4.300762578885891,-4.163637421114109,4.0114,8.2436
amend3_pooled,low8,"8% long-axis setting (anchor 2.4%, long-axis 8%); also the most accurate view-accuracy scenario",AP,7.0,A1,Anchor-view mean,100,10000000,7493459,428561,643190,1434790,0,0,0,0,74934.59,749.3459,4285.61,42.8561,6431.9,64.319,14347.9,143.479,0.920951487522689,9.45893926495989e-05,0.9207660957183139,0.921136879327064,8136649.0,0.7700052217751782,0.0003082893256351074,0.7694009857953491,0.7706094577550072,1863351.0,0.9459025602056041,8.036992986688652e-05,0.9457450380363825,0.9460600823748258,7922020.0,0.6904734405528445,0.0003207020731924432,0.6898448760346619,0.6911020050710271,2077980.0,0.8136649,0.000123131771086097,0.813423566161415,0.8139062338385851,10000000.0,0.8928249,9.782054893527738e-05,0.8926331752456267,0.8930166247543734,10000000.0,0.0,0.0,0.0,0.0,0.0,0.0,0.0,0.0,0.0,0.0,0.0,0.0,0.0,0.0,0.0,0.0,0.0,0.0
amend3_pooled,low8,"8% long-axis setting (anchor 2.4%, long-axis 8%); also the most accurate view-accuracy scenario",AP,7.0,A2,Mean across views,100,10000000,7501878,323796,634771,1539555,212850,204431,68476,173241,75018.78,750.1878,3237.96,32.3796,6347.71,63.4771,15395.55,153.9555,0.9219861886631708,9.40210646620454e-05,0.9218019107611916,0.9221704665651501,8136649.0,0.8262291967535907,0.00027758202378868734,0.8256851459799178,0.8267732475272637,1863351.0,0.9586238833869134,7.119313374969362e-05,0.9584843474077168,0.95876341936611,7825674.0,0.7080607967710454,0.00030833239360799155,0.7074564763795399,0.7086651171625509,2174326.0,0.8136649,0.000123131771086097,0.813423566161415,0.8139062338385851,10000000.0,0.9041433,9.309575342898839e-05,0.9039608356747263,0.9043257643252737,10000000.0,0.0010347011404817884,7.938970538798417e-05,0.0008791001759507334,0.0011903021050128433,0.05622397497841255,0.0002606164422171873,0.05571317613385878,0.056734773822966315,0.05725867611889433,0.0002724401866016382,0.05672470316100184,0.05779264907678683,11.318399999999999,0.08109974958126566,11.159447410411705,11.477352589588294,38.6091,27.2907
amend3_pooled,low8,"8% long-axis setting (anchor 2.4%, long-axis 8%); also the most accurate view-accuracy scenario",AP,7.0,A3,Largest view mean,100,10000000,7891768,698603,244881,1164748,398309,0,270042,0,78917.68,789.1768,6986.03,69.8603,2448.81,24.4881,11647.48,116.4748,0.9699039494022662,5.989579410121627e-05,0.9697865558020764,0.970021343002456,8136649.0,0.625082445551053,0.0003546412129365419,0.624387361540781,0.6257775295613249,1863351.0,0.9186760385552615,9.32576563730891e-05,0.9184932569060459,0.9188588202044771,8590371.0,0.8262798225632418,0.00031910697204112824,0.8256543843858922,0.8269052607405915,1409629.0,0.8136649,0.000123131771086097,0.813423566161415,0.8139062338385851,10000000.0,0.9056516,9.243742716964812e-05,0.9054704259704949,0.9058327740295051,10000000.0,0.048952461879577205,7.564245070774186e-05,0.048804205399318255,0.049100718359836155,-0.14492277622412525,0.000257883559709134,-0.145428218717347,-0.14441733373090349,-0.09597031434454804,0.00026874841528337916,-0.09649705156356052,-0.09544357712553557,12.826700000000004,0.08165205188304211,12.666664917783109,12.986735082216898,39.8309,27.0042
amend3_pooled,low8,"8% long-axis setting (anchor 2.4%, long-axis 8%); also the most accurate view-accuracy scenario",AP,7.0,A4,Largest view mean after review,100,10000000,7876102,684471,260547,1178880,382643,0,255910,0,78761.02,787.6102,6844.71,68.4471,2605.47,26.0547,11788.8,117.888,0.9679785867621916,6.172062736003182e-05,0.9678576165545085,0.9680995569698747,8136649.0,0.6326666312466089,0.000353159033799501,0.6319744522540871,0.6333588102391308,1863351.0,0.9200437867885712,9.269983040137909e-05,0.9198620984581785,0.920225475118964,8560573.0,0.818992557455154,0.0003209174786065936,0.8183635707501142,0.8196215441601937,1439427.0,0.8136649,0.000123131771086097,0.813423566161415,0.8139062338385851,10000000.0,0.9054982,9.250470787844258e-05,0.9053168941027278,0.9056795058972723,10000000.0,0.04702709923950265,7.421498092678041e-05,0.046881640548625474,0.047172557930379826,-0.13733859052856923,0.00025215590499267867,-0.1378328070247423,-0.13684437403239616,-0.09031149128906657,0.00026285064926044827,-0.09082666909899367,-0.08979631347913947,12.673300000000001,0.07980895154499275,12.516877328094072,12.829722671905932,38.2643,25.591
amend3_pooled,low8,"8% long-axis setting (anchor 2.4%, long-axis 8%); also the most accurate view-accuracy scenario",AP,10.0,A1,Anchor-view mean,100,10000000,4318854,670857,680762,4329527,0,0,0,0,43188.54,431.8854,6708.57,67.0857,6807.62,68.0762,43295.27,432.9527,0.8638371426925587,0.00015338289846114799,0.8635365177333593,0.8641377676517582,4999616.0,0.8658389035722056,0.0001524158627469747,0.8655401739681926,0.8661376331762186,5000384.0,0.8655519327672484,0.00015271656629546146,0.8652526137951057,0.8658512517393911,4989711.0,0.8641271990497953,0.0001530818538760799,0.8638271641271449,0.8644272339724457,5010289.0,0.4999616,0.00015811388254212216,0.4996517024823172,0.5002714975176827,10000000.0,0.8648381,0.00010811714054135448,0.864626194296756,0.8650500057032441,10000000.0,0.0,0.0,0.0,0.0,0.0,0.0,0.0,0.0,0.0,0.0,0.0,0.0,0.0,0.0,0.0,0.0,0.0,0.0
amend3_pooled,low8,"8% long-axis setting (anchor 2.4%, long-axis 8%); also the most accurate view-accuracy scenario",AP,10.0,A2,Mean across views,100,10000000,4288227,467670,711389,4532714,198393,229020,107198,310385,42882.27,428.8227,4676.7,46.767,7113.89,71.1389,45327.14,453.2714,0.857711272225707,0.00015623829192470696,0.857405050798113,0.8580174936533009,4999616.0,0.9064731828595564,0.00013020986218137954,0.9062179762172359,0.9067283895018768,5000384.0,0.9016652379141096,0.00013654002523096588,0.9013976243800977,0.9019328514481214,4755897.0,0.8643449604250717,0.00014952916623800166,0.8640518886422952,0.8646380322078482,5244103.0,0.4999616,0.00015811388254212216,0.4996517024823172,0.5002714975176827,10000000.0,0.8820941,0.00010198239982722019,0.8818942181677051,0.8822939818322949,10000000.0,-0.006125870466851854,0.00013073500102794857,-0.006382106362406596,-0.005869634571297112,0.040634279287350736,0.00012794745442787082,0.040383506882780466,0.040885051691921005,0.03450840882049888,0.00018292673830894648,0.034149878998775925,0.03486693864222184,17.256,0.09176155538350471,17.076150654864325,17.435849345135676,50.8778,33.6218
amend3_pooled,low8,"8% long-axis setting (anchor 2.4%, long-axis 8%); also the most accurate view-accuracy scenario",AP,10.0,A3,Largest view mean,100,10000000,4712862,1146651,286754,3853733,394008,0,475794,0,47128.62,471.2862,11466.51,114.6651,2867.54,28.6754,38537.33,385.3733,0.9426447951202652,0.00010399013213647709,0.9424409782049225,0.942848612035608,4999616.0,0.7706874112068193,0.00018799720940538696,0.7703189434442842,0.7710558789693543,5000384.0,0.8043095049025405,0.00016389500031476184,0.8039882766021436,0.8046307332029374,5859513.0,0.9307438955852295,0.00012477236735196535,0.9304993462370249,0.9309884449334341,4140487.0,0.4999616,0.00015811388254212216,0.4996517024823172,0.5002714975176827,10000000.0,0.8566595,0.00011081245465188017,0.8564423115781307,0.8568766884218694,10000000.0,0.07880765242770645,0.00012050110557572086,0.07857147459881783,0.07904383025659506,-0.09515149236538634,0.000131218195439152,-0.09540867530459204,-0.09489430942618063,-0.01634383993767989,0.0001781536731568522,-0.01669301472353509,-0.015994665151824693,-8.178600000000001,0.09322730850026725,-8.361322168477418,-7.995877831522583,39.4008,47.5794
amend3_pooled,low8,"8% long-axis setting (anchor 2.4%, long-axis 8%); also the most accurate view-accuracy scenario",AP,10.0,A4,Largest view mean after review,100,10000000,4682855,1082083,316761,3918301,364001,0,411226,0,46828.55,468.2855,10820.83,108.2083,3167.61,31.6761,39183.01,391.8301,0.9366429341773448,0.0001089472403702395,0.9364294015083198,0.9368564668463698,4999616.0,0.783600019518501,0.00018415102870968596,0.783239090131667,0.783960948905335,5000384.0,0.8122992823166528,0.00016262738580044513,0.8119805384950698,0.8126180261382359,5764938.0,0.925205109157788,0.00012782773427798646,0.9249545714004016,0.9254556469151743,4235062.0,0.4999616,0.00015811388254212216,0.4996517024823172,0.5002714975176827,10000000.0,0.8601156,0.00010968899426863208,0.8599006135200372,0.8603305864799627,10000000.0,0.07280579148478603,0.00011619835885378279,0.07257804688457353,0.07303353608499852,-0.08223888405370468,0.00012285752229190125,-0.08247968037452601,-0.08199808773288335,-0.009433092568918652,0.00016910360547314624,-0.009764529547916222,-0.009101655589921083,-4.722500000000005,0.0880343103532651,-4.895044079057231,-4.549955920942778,36.4001,41.1226
amend3_pooled,low8,"8% long-axis setting (anchor 2.4%, long-axis 8%); also the most accurate view-accuracy scenario",AP,13.0,A1,Anchor-view mean,100,10000000,2100173,576755,459412,6863660,0,0,0,0,21001.73,210.0173,5767.55,57.6755,4594.12,45.9412,68636.6,686.366,0.8205130909893597,0.00023986913460387522,0.8200429561208249,0.8209832258578944,2559585.0,0.922483490504226,9.803424887402914e-05,0.9222913469056658,0.9226756341027861,7440415.0,0.7845459422143591,0.0002512859367989398,0.7840534308245269,0.7850384536041913,2676928.0,0.9372651258925216,8.960641294274598e-05,0.9370895005489848,0.9374407512360585,7323072.0,0.2559585,0.0001380013573403356,0.2556880223076618,0.25622897769233816,10000000.0,0.8963833,9.637441542292747e-05,0.89619440961525,0.89657219038475,10000000.0,0.0,0.0,0.0,0.0,0.0,0.0,0.0,0.0,0.0,0.0,0.0,0.0,0.0,0.0,0.0,0.0,0.0,0.0
amend3_pooled,low8,"8% long-axis setting (anchor 2.4%, long-axis 8%); also the most accurate view-accuracy scenario",AP,13.0,A2,Mean across views,100,10000000,2067596,381440,491989,7058975,124719,157296,93010,288325,20675.96,206.7596,3814.4,38.144,4919.89,49.1989,70589.75,705.8975,0.8077856371247683,0.00024629534485695885,0.807302907115481,0.8082683671340555,2559585.0,0.9487340423887646,8.085152191952274e-05,0.9485755763164571,0.9488925084610721,7440415.0,0.8442489207998576,0.0002317144964224011,0.8437947687285915,0.8447030728711237,2449036.0,0.9348442132686634,8.981418197768034e-05,0.9346681807052977,0.9350202458320291,7550964.0,0.2559585,0.0001380013573403356,0.2556880223076618,0.25622897769233816,10000000.0,0.9126571,8.928276307305346e-05,0.9124821089985563,0.9128320910014437,10000000.0,-0.012727453864591329,0.00020732279739401442,-0.01313379908386289,-0.012321108645319767,0.026250551884538696,8.243597532733138e-05,0.02608898034059224,0.026412123428485153,0.013523098019947367,0.00022311080733000796,0.013085808869569615,0.01396038717032512,16.273799999999998,0.08128355518403463,16.114487158047275,16.43311284195272,41.3044,25.0306
amend3_pooled,low8,"8% long-axis setting (anchor 2.4%, long-axis 8%); also the most accurate view-accuracy scenario",AP,13.0,A3,Largest view mean,100,10000000,2356408,1025044,203177,6415371,256235,0,448289,0,23564.08,235.6408,10250.44,102.5044,2031.77,20.3177,64153.71,641.5371,0.9206211163137774,0.0001689694464806676,0.9202899422815753,0.9209522903459795,2559585.0,0.8622329534038088,0.00012635324583516099,0.8619853055906888,0.8624806012169288,7440415.0,0.6968627678287316,0.0002499433910679242,0.6963728877802006,0.6973526478772626,3381452.0,0.9693018770884491,6.705081727123535e-05,0.9691704599004268,0.9694332942764713,6618548.0,0.2559585,0.0001380013573403356,0.2556880223076618,0.25622897769233816,10000000.0,0.8771779,0.00010379635434425914,0.876974462882154,0.8773813371178459,10000000.0,0.10010802532441783,0.00018760519425076598,0.09974032589747332,0.10047572475136234,-0.06025053710041711,8.723442939103466e-05,-0.060421513441584085,-0.06007956075925014,0.03985748822400072,0.00020689503276069015,0.03945198140801094,0.04026299503999049,-19.205399999999997,0.08371591999783554,-19.369480189422635,-19.04131981057736,25.6235,44.8289
amend3_pooled,low8,"8% long-axis setting (anchor 2.4%, long-axis 8%); also the most accurate view-accuracy scenario",AP,13.0,A4,Largest view mean after review,100,10000000,2328261,924334,231324,6516081,228088,0,347579,0,23282.61,232.8261,9243.34,92.4334,2313.24,23.1324,65160.81,651.6081,0.9096244117698767,0.00017921396310594938,0.9092731588538917,0.9099756646858618,2559585.0,0.8757684887200512,0.00012092384884639426,0.8755314823295708,0.8760054951105316,7440415.0,0.7158164480975959,0.00025008365656806783,0.7153262931337342,0.7163066030614577,3252595.0,0.9657165977142323,7.00484316209807e-05,0.9655793053099988,0.9658538901184659,6747405.0,0.2559585,0.0001380013573403356,0.2556880223076618,0.25622897769233816,10000000.0,0.8844342,0.0001010991324742008,0.8842360493399193,0.8846323506600806,10000000.0,0.08911132078051716,0.00017807965861591337,0.08876229106049768,0.08946035050053663,-0.046715001784174676,7.736436840954754e-05,-0.04686663316114013,-0.046563370407209224,0.04239631899634248,0.00019415872453270919,0.042015774885972454,0.04277686310671251,-11.949100000000001,0.07577857151542908,-12.097623272141666,-11.800576727858335,22.8088,34.7579
amend3_pooled,low8,"8% long-axis setting (anchor 2.4%, long-axis 8%); also the most accurate view-accuracy scenario",SL,7.0,A1,Anchor-view mean,100,10000000,3443686,811011,625305,5119998,0,0,0,0,34436.86,344.3686,8110.11,81.1011,6253.05,62.5305,51199.98,511.9998,0.8463243098841948,0.00017878357994496766,0.8459739005037116,0.8466747192646781,4068991.0,0.8632591857473155,0.00014107673285638036,0.8629826804296794,0.8635356910649516,5931009.0,0.8093845460675578,0.00019042422172482165,0.8090113214482492,0.8097577706868665,4254697.0,0.8911623982233835,0.0001299305987220306,0.8909077389273898,0.8914170575193772,5745303.0,0.4068991,0.00015534871174850148,0.40659462211752656,0.40720357788247347,10000000.0,0.8563684,0.00011090606993372363,0.8561510280955484,0.8565857719044516,10000000.0,0.0,0.0,0.0,0.0,0.0,0.0,0.0,0.0,0.0,0.0,0.0,0.0,0.0,0.0,0.0,0.0,0.0,0.0
amend3_pooled,low8,"8% long-axis setting (anchor 2.4%, long-axis 8%); also the most accurate view-accuracy scenario",SL,7.0,A2,Mean across views,100,10000000,3431584,579281,637407,5351728,185779,197881,127934,359664,34315.84,343.1584,5792.81,57.9281,6374.07,63.7407,53517.28,535.1728,0.8433501081717801,0.00018018790568054556,0.8429969463634108,0.8437032699801494,4068991.0,0.902330109429947,0.00012189861850666637,0.9020911925260242,0.9025690263338697,5931009.0,0.8555720524126342,0.0001755233472955222,0.8552280329707755,0.8559160718544929,4010865.0,0.8935727780388988,0.00012601123752549202,0.8933258005497534,0.8938197555280442,5989135.0,0.4068991,0.00015534871174850148,0.40659462211752656,0.40720357788247347,10000000.0,0.8783312,0.0001033757723582078,0.8781285872077057,0.8785338127922943,10000000.0,-0.0029742017124146994,0.00015221805170111862,-0.0032725436138990307,-0.002675859810930368,0.0390709236826314,0.00011663594104257268,0.038842321437081835,0.03929952592818097,0.036096721970216704,0.00019176620663341836,0.03572086710879864,0.03647257683163477,21.962799999999998,0.09308245560585518,21.780361737980925,22.14523826201907,54.5443,32.5815
amend3_pooled,low8,"8% long-axis setting (anchor 2.4%, long-axis 8%); also the most accurate view-accuracy scenario",SL,7.0,A3,Largest view mean,100,10000000,3811777,1373961,257214,4557048,368091,0,562950,0,38117.77,381.1777,13739.61,137.3961,2572.14,25.7214,45570.48,455.7048,0.9367867857166555,0.00012063711714768099,0.9365503413099823,0.9370232301233288,4068991.0,0.7683427895658226,0.00017323519516365167,0.7680032548197688,0.7686823243118763,5931009.0,0.7350500545920369,0.00019379166262726292,0.7346702299097873,0.7354298792742865,5185738.0,0.946572496469864,0.00010249307446800211,0.9463716137336574,0.9467733792060705,4814262.0,0.4068991,0.00015534871174850148,0.40659462211752656,0.40720357788247347,10000000.0,0.8368825,0.00011683757152292666,0.8366535025659676,0.8371114974340323,10000000.0,0.09046247583246067,0.0001422005187644937,0.09018376793490093,0.09074118373002041,-0.09491639618149289,0.00012035126997130303,-0.09515228033799092,-0.09468051202499486,-0.00445392034903222,0.00018629389609054988,-0.0048190496787894384,-0.004088791019275001,-19.4859,0.09629350949113341,-19.67463181203628,-19.29716818796372,36.8091,56.295
amend3_pooled,low8,"8% long-axis setting (anchor 2.4%, long-axis 8%); also the most accurate view-accuracy scenario",SL,7.0,A4,Largest view mean after review,100,10000000,3797532,1342097,271459,4588912,353846,0,531086,0,37975.32,379.7532,13420.97,134.2097,2714.59,27.1459,45889.12,458.8912,0.9332859178110741,0.00012370086873570026,0.9330434685615834,0.9335283670605647,4068991.0,0.7737152312532319,0.00017181217787324839,0.7733784855698388,0.7740519769366251,5931009.0,0.7388727863431388,0.000193751475028354,0.7384930404271364,0.7392525322591412,5139629.0,0.9441485022439645,0.00010416045198955915,0.9439443515078413,0.9443526529800877,4860371.0,0.4068991,0.00015534871174850148,0.40659462211752656,0.40720357788247347,10000000.0,0.8386444,0.00011632711220890856,0.8384164030478465,0.8388723969521534,10000000.0,0.08696160792687917,0.00013968987725343474,0.08668782079629801,0.08723539505746032,-0.08954395449408355,0.00011724203162762,-0.08977374465536055,-0.08931416433280655,-0.00258234656720438,0.0001823703807838639,-0.002939785948207045,-0.002224907186201715,-17.723999999999997,0.09390370590344131,-17.90804788303733,-17.539952116962663,35.3846,53.1086
amend3_pooled,low8,"8% long-axis setting (anchor 2.4%, long-axis 8%); also the most accurate view-accuracy scenario",SL,10.0,A1,Anchor-view mean,100,10000000,1141688,479814,286407,8092091,0,0,0,0,11416.88,114.1688,4798.14,47.9814,2864.07,28.6407,80920.91,809.2091,0.7994482159800294,0.0003350656321776122,0.798791499403324,0.8001049325567348,1428095.0,0.9440248112875727,7.8514670597425e-05,0.9438709253597298,0.9441786972154155,8571905.0,0.7040928719175185,0.0003584544225154059,0.7033903141537474,0.7047954296812895,1621502.0,0.9658164267628876,6.277300766244676e-05,0.9656933939276975,0.9659394595980777,8378498.0,0.1428095,0.0001106412882742017,0.14259264705806896,0.14302635294193106,10000000.0,0.9233779,8.411370506141673e-05,0.923213040166173,0.9235427598338269,10000000.0,0.0,0.0,0.0,0.0,0.0,0.0,0.0,0.0,0.0,0.0,0.0,0.0,0.0,0.0,0.0,0.0,0.0,0.0
amend3_pooled,low8,"8% long-axis setting (anchor 2.4%, long-axis 8%); also the most accurate view-accuracy scenario",SL,10.0,A2,Mean across views,100,10000000,1123428,314203,304667,8257702,77089,95349,75203,240814,11234.28,112.3428,3142.03,31.4203,3046.67,30.4667,82577.02,825.7702,0.7866619517609122,0.0003428070004946511,0.7859900623809948,0.7873338411408297,1428095.0,0.9633450207392639,6.418281233873156e-05,0.9632192247376612,0.9634708167408665,8571905.0,0.781443917110858,0.0003446725062729188,0.7807683714067734,0.7821194628149427,1437631.0,0.964417908174712,6.330695153029802e-05,0.9642938288287628,0.9645419875206611,8562369.0,0.1428095,0.0001106412882742017,0.14259264705806896,0.14302635294193106,10000000.0,0.938113,7.619514369761372e-05,0.9379636602613778,0.9382623397386222,10000000.0,-0.01278626421911707,0.0002905796378811063,-0.013355789848497075,-0.012216738589737066,0.019320209451691307,6.5248130779079e-05,0.01919232546429702,0.019448093439085594,0.006533945232574237,0.0002978151180200204,0.005950238322599246,0.007117652142549228,14.735100000000001,0.06973404966584831,14.598423773080725,14.871776226919277,31.7903,17.0552
amend3_pooled,low8,"8% long-axis setting (anchor 2.4%, long-axis 8%); also the most accurate view-accuracy scenario",SL,10.0,A3,Largest view mean,100,10000000,1301553,856382,126542,7715523,159865,0,376568,0,13015.53,130.1553,8563.82,85.6382,1265.42,12.6542,77155.23,771.5523,0.911391048914813,0.00023780042581252503,0.9109249686410358,0.9118571291885903,1428095.0,0.9000943197573935,0.00010242369199325799,0.8998935730083396,0.9002950665064474,8571905.0,0.6031474534682463,0.000333048249611763,0.6024946908887442,0.6038002160477484,2157935.0,0.9838636889645775,4.499397634855689e-05,0.9837755023907175,0.9839518755384375,7842065.0,0.1428095,0.0001106412882742017,0.14259264705806896,0.14302635294193106,10000000.0,0.9017076,9.414404075789394e-05,0.9015230810693,0.9018921189307001,10000000.0,0.11194283293478376,0.00026383964817871267,0.11142571672258081,0.1124599491469867,-0.04393049153017911,6.999855751872788e-05,-0.04406768618296775,-0.043793296877390475,0.06801234140460465,0.00027296732039892526,0.06747733528344628,0.06854734752576301,-21.670299999999997,0.07292029765292377,-21.813221158269013,-21.52737884173098,15.9865,37.6568
amend3_pooled,low8,"8% long-axis setting (anchor 2.4%, long-axis 8%); also the most accurate view-accuracy scenario",SL,10.0,A4,Largest view mean after review,100,10000000,1289041,798992,139054,7772913,147353,0,319178,0,12890.41,128.9041,7989.92,79.8992,1390.54,13.9054,77729.13,777.2913,0.9026297270139592,0.0002480786904391187,0.9021435017115313,0.903115952316387,1428095.0,0.9067894476198698,9.929950761272862e-05,0.9065948241597311,0.9069840710800084,8571905.0,0.6173470438446136,0.00033635550791320747,0.616687799157902,0.6180062885313252,2088033.0,0.9824248508619917,4.671506373539287e-05,0.9823332910188126,0.9825164107051708,7911967.0,0.1428095,0.0001106412882742017,0.14259264705806896,0.14302635294193106,10000000.0,0.9061954,9.219831723998004e-05,0.9060146946173491,0.9063761053826509,10000000.0,0.10318151103392982,0.0002545509188611821,0.10268260039679498,0.10368042167106466,-0.0372353636677028,6.466945338807638e-05,-0.03736211346824311,-0.03710861386716249,0.06594614736622702,0.0002626372184108427,0.06543138787308163,0.0664609068593724,-17.182500000000005,0.06808660785628111,-17.31594730028043,-17.049052699719574,14.7353,31.9178
amend3_pooled,low8,"8% long-axis setting (anchor 2.4%, long-axis 8%); also the most accurate view-accuracy scenario",SL,13.0,A1,Anchor-view mean,100,10000000,355500,218488,107533,9318479,0,0,0,0,3555.0,35.55,2184.88,21.8488,1075.33,10.7533,93184.79,931.8479,0.7677638526843659,0.0006205442669852148,0.7665476082606685,0.7689800971080633,463033.0,0.9770904103998682,4.844744632188465e-05,0.9769954551491854,0.977185365650551,9536967.0,0.6193509271970843,0.0006408839237876156,0.6180948177782818,0.6206070366158868,573988.0,0.9885918880646449,3.459006785729332e-05,0.9885240927768871,0.9886596833524027,9426012.0,0.0463033,6.645246753064177e-05,0.04617305555592877,0.046433544444071224,10000000.0,0.9673979,5.615977481755956e-05,0.9672878288631095,0.9675079711368906,10000000.0,0.0,0.0,0.0,0.0,0.0,0.0,0.0,0.0,0.0,0.0,0.0,0.0,0.0,0.0,0.0,0.0,0.0,0.0
amend3_pooled,low8,"8% long-axis setting (anchor 2.4%, long-axis 8%); also the most accurate view-accuracy scenario",SL,13.0,A2,Mean across views,100,10000000,346191,135115,116842,9401852,27345,36654,34143,117516,3461.91,34.6191,1351.15,13.5115,1168.42,11.6842,94018.52,940.1852,0.7476594540777871,0.0006383214841219416,0.7464083669484816,0.7489105412070927,463033.0,0.9858324979000137,3.8268643501300904e-05,0.9857574927364223,0.9859075030636051,9536967.0,0.7192742247135918,0.0006477057550679196,0.7180047447510659,0.7205437046761177,481306.0,0.9877249967274923,3.568947404689689e-05,0.9876550466431814,0.9877949468118031,9518694.0,0.0463033,6.645246753064177e-05,0.04617305555592877,0.046433544444071224,10000000.0,0.9748043,4.955893128540005e-05,0.974707166278802,0.9749014337211979,10000000.0,-0.020104398606578797,0.00054555522254724,-0.021173667202783374,-0.01903513001037422,0.008742087500145487,4.073593754294788e-05,0.00866224652905506,0.008821928471235913,-0.01136231110643331,0.0005470739597678467,-0.012434556372915738,-0.010290065839950882,7.4064,0.046379893530537564,7.315497078356313,7.497302921643686,14.4861,7.0797
amend3_pooled,low8,"8% long-axis setting (anchor 2.4%, long-axis 8%); also the most accurate view-accuracy scenario",SL,13.0,A3,Largest view mean,100,10000000,413556,405197,49477,9131770,58056,0,186709,0,4135.56,41.3556,4051.97,40.5197,494.77,4.9477,91317.7,913.177,0.893145844896584,0.0004539948500836881,0.8922560313342346,0.8940356584589334,463033.0,0.9575130122606066,6.531232934852401e-05,0.9573850024463273,0.9576410220748859,9536967.0,0.5051047141201315,0.0005525491526194963,0.5040217376727667,0.5061876905674962,818753.0,0.9946110806081134,2.4161653658892853e-05,0.9945637246367616,0.9946584365794653,9181247.0,0.0463033,6.645246753064177e-05,0.04617305555592877,0.046433544444071224,10000000.0,0.9545326,6.587876405735011e-05,0.954403479994083,0.9546617200059169,10000000.0,0.12538199221221813,0.0004866545840247951,0.12442816674709456,0.1263358176773417,-0.019577398139261674,4.486203851195984e-05,-0.01966532611971173,-0.01948947015881162,0.10580459407295645,0.0004887180031999997,0.10484672438053257,0.10676246376538033,-12.8653,0.049306170055998064,-12.961938318287633,-12.768661681712366,5.8056,18.6709
amend3_pooled,low8,"8% long-axis setting (anchor 2.4%, long-axis 8%); also the most accurate view-accuracy scenario",SL,13.0,A4,Largest view mean after review,100,10000000,407046,358245,55987,9178722,51546,0,139757,0,4070.46,40.7046,3582.45,35.8245,559.87,5.5987,91787.22,917.8722,0.879086371813672,0.00047912345101762546,0.8781473070981217,0.8800254365292223,463033.0,0.96243617074485,6.156951849732589e-05,0.9623154967050979,0.9625568447846021,9536967.0,0.5318839500268525,0.0005703900034951018,0.5307660061540422,0.5330018938996628,765291.0,0.9939373292650586,2.5544645767498884e-05,0.9938872626789615,0.9939873958511557,9234709.0,0.0463033,6.645246753064177e-05,0.04617305555592877,0.046433544444071224,10000000.0,0.9585768,6.301374334362305e-05,0.9584532953315412,0.9587003046684588,10000000.0,0.11132251912930612,0.00046222946722858935,0.1104165660137989,0.11222847224481333,-0.014654239655018204,3.891086013013147e-05,-0.014730503540082297,-0.01457797576995411,0.09666827947428791,0.00046386435022589546,0.09575912204696177,0.09757743690161405,-8.821100000000001,0.04364915599961813,-8.906650774389638,-8.735549225610367,5.1546,13.9757
amend3_pooled,acc_20_40,"View-accuracy extreme, least accurate (anchor 20%, long-axis 40%)",AP,7.0,A1,Anchor-view mean,100,10000000,6079051,187263,2057598,1676088,0,0,0,0,60790.51,607.9051,1872.63,18.7263,20575.98,205.7598,16760.88,167.6088,0.747119729510269,0.00015238063723307092,0.7468210689469951,0.7474183900735428,8136649.0,0.8995020261883027,0.00022025835455756772,0.8990703277426706,0.8999337246339347,1863351.0,0.9701159246089487,6.80182809868319e-05,0.9699826112268726,0.9702492379910248,6266314.0,0.4489097369194946,0.0002574079678079162,0.44840522656927795,0.44941424726971124,3733686.0,0.8136649,0.000123131771086097,0.813423566161415,0.8139062338385851,10000000.0,0.7755139,0.0001319439619333867,0.7752552945845932,0.7757725054154068,10000000.0,0.0,0.0,0.0,0.0,0.0,0.0,0.0,0.0,0.0,0.0,0.0,0.0,0.0,0.0,0.0,0.0,0.0,0.0
amend3_pooled,acc_20_40,"View-accuracy extreme, least accurate (anchor 20%, long-axis 40%)",AP,7.0,A2,Mean across views,100,10000000,5023674,53872,3112975,1809479,343639,1399016,15293,148684,50236.74,502.3674,538.72,5.3872,31129.75,311.2975,18094.79,180.9479,0.6174131389961641,0.00017038453305171126,0.6170791914452259,0.6177470865471023,8136649.0,0.9710886462078266,0.00012274853483889452,0.9708480634984896,0.9713292289171637,1863351.0,0.9893901502812579,4.546858868377359e-05,0.9893010334843069,0.9894792670782089,5077546.0,0.3675969343746026,0.0002173161940861899,0.36717100245757667,0.36802286629162856,4922454.0,0.8136649,0.000123131771086097,0.813423566161415,0.8139062338385851,10000000.0,0.6833153,0.0001471038751311161,0.6830269817004825,0.6836036182995174,10000000.0,-0.12970659051410477,0.00015573832506680073,-0.130011832024656,-0.12940134900355355,0.07158662001952396,0.00021089599745493045,0.0711732714567682,0.07199996858227971,-0.058119970494580814,0.0002621670224057986,-0.05863380842048337,-0.057606132568678255,-92.19859999999998,0.13496763247461963,-92.46313170081548,-91.9340682991845,49.2323,141.4309
amend3_pooled,acc_20_40,"View-accuracy extreme, least accurate (anchor 20%, long-axis 40%)",AP,7.0,A3,Largest view mean,100,10000000,7037891,341773,1098758,1521578,958840,0,154510,0,70378.91,703.7891,3417.73,34.1773,10987.58,109.8758,15215.78,152.1578,0.8649618534608043,0.00011981299394543468,0.8647270243059391,0.8651966826156696,8136649.0,0.816581524361218,0.000283513653954265,0.8160258478059592,0.8171372009164768,1863351.0,0.953687186842111,7.736334878392837e-05,0.953535557463575,0.9538388162206469,7379664.0,0.5806804928833554,0.00030483347712242177,0.5800830302422006,0.5812779555245102,2620336.0,0.8136649,0.000123131771086097,0.813423566161415,0.8139062338385851,10000000.0,0.8559469,0.00011104134562422684,0.8557292629600649,0.856164537039935,10000000.0,0.11784212395053541,0.00011303180108471444,0.1176205856895542,0.11806366221151661,-0.08292050182708464,0.00020201662803886208,-0.0833164471454422,-0.08252455650872709,0.03492162212345076,0.00023148845772661412,0.034467913079891076,0.03537533116701045,80.433,0.10240387322313546,80.2322920950221,80.63370790497791,95.884,15.451
amend3_pooled,acc_20_40,"View-accuracy extreme, least accurate (anchor 20%, long-axis 40%)",AP,7.0,A4,Largest view mean after review,100,10000000,6935574,322601,1201075,1540750,856523,0,135338,0,69355.74,693.5574,3226.01,32.2601,12010.75,120.1075,15407.5,154.075,0.8523870207501885,0.0001243534664289849,0.8521432924327125,0.8526307490676645,8136649.0,0.8268705144656052,0.00027717683837130854,0.8263272578407637,0.8274137710904468,1863351.0,0.9555534276867119,7.649497496601189e-05,0.9554035002895976,0.9557033550838262,7258175.0,0.5619432312419648,0.0002996343186616428,0.5613559587642234,0.5625305037197061,2741825.0,0.8136649,0.000123131771086097,0.813423566161415,0.8139062338385851,10000000.0,0.8476324,0.00011364493586176203,0.8474096600169286,0.8478551399830713,10000000.0,0.10526729123991953,0.00010758967362189256,0.10505641935284887,0.10547816312699018,-0.07263151172269744,0.0001901259397342469,-0.07300415172004274,-0.07225887172535214,0.03263577951722209,0.00021845688551724767,0.03220761188605616,0.03306394714838801,72.1185,0.09694587250509946,71.92848957994141,72.3085104200586,85.6523,13.5338
amend3_pooled,acc_20_40,"View-accuracy extreme, least accurate (anchor 20%, long-axis 40%)",AP,10.0,A1,Anchor-view mean,100,10000000,3066539,257027,1933077,4743357,0,0,0,0,30665.39,306.6539,2570.27,25.7027,19330.77,193.3077,47433.57,474.3357,0.6133549056567544,0.00021779296587976722,0.6129280392841768,0.613781772029332,4999616.0,0.9485985476315419,9.87477580838129e-05,0.9484050055806169,0.948792089682467,5000384.0,0.9226652938440217,0.00014652345764420792,0.9223781131418836,0.9229524745461599,3323566.0,0.7104626511697711,0.00017552971298874948,0.7101186192513829,0.7108066830881594,6676434.0,0.4999616,0.00015811388254212216,0.4996517024823172,0.5002714975176827,10000000.0,0.7809896,0.00013078411397866334,0.7807332678448299,0.78124593215517,10000000.0,0.0,0.0,0.0,0.0,0.0,0.0,0.0,0.0,0.0,0.0,0.0,0.0,0.0,0.0,0.0,0.0,0.0,0.0
amend3_pooled,acc_20_40,"View-accuracy extreme, least accurate (anchor 20%, long-axis 40%)",AP,10.0,A2,Mean across views,100,10000000,2197114,58186,2802502,4942198,226935,1096360,19021,217862,21971.14,219.7114,581.86,5.8186,28025.02,280.2502,49421.98,494.2198,0.4394565502630602,0.0002219700027642868,0.4390214970485623,0.43989160347755807,4999616.0,0.9883636936683263,4.795835590411984e-05,0.9882696970172551,0.9884576903193976,5000384.0,0.9742003281159934,0.00010556721565686108,0.9739934201737258,0.9744072360582611,2255300.0,0.6381393727323201,0.000172673676778269,0.6378009385420871,0.6384778069225532,7744700.0,0.4999616,0.00015811388254212216,0.4996517024823172,0.5002714975176827,10000000.0,0.7139312,0.00014291026613457832,0.7136511010231458,0.7142112989768542,10000000.0,-0.17389835539369425,0.0002165440812573438,-0.17432277399737173,-0.17347393679001677,0.039765146036784375,9.569553634847378e-05,0.03957758623058068,0.03995270584298807,-0.13413320935690987,0.0002367466468708885,-0.13459722426189752,-0.1336691944519222,-67.0584,0.12309385483826558,-67.29965952410423,-66.81714047589578,44.4797,111.5381
amend3_pooled,acc_20_40,"View-accuracy extreme, least accurate (anchor 20%, long-axis 40%)",AP,10.0,A3,Largest view mean,100,10000000,3840730,499639,1158886,4500745,774191,0,242612,0,38407.3,384.073,4996.39,49.9639,11588.86,115.8886,45007.45,450.0745,0.7682049981438575,0.00018872188823550675,0.7678351100369039,0.768574886250811,4999616.0,0.9000798738656871,0.0001341112880901381,0.8998170205690368,0.9003427271623374,5000384.0,0.8848855938285431,0.00015319517060728875,0.8845853368091791,0.8851858508479072,4340369.0,0.7952364738973265,0.00016962129983354347,0.7949040222560196,0.7955689255386335,5659631.0,0.4999616,0.00015811388254212216,0.4996517024823172,0.5002714975176827,10000000.0,0.8341475,0.00011762034188172978,0.8339169683642441,0.834378031635756,10000000.0,0.15485009248710302,0.00016179097196703215,0.15453298800652263,0.1551671969676834,-0.04851867376585478,9.608440757159305e-05,-0.04870699574565643,-0.04833035178605313,0.10633141872124824,0.00018817154935967602,0.10596260925867905,0.10670022818381743,53.157900000000005,0.09942561926766662,52.963029365557674,53.35277063444234,77.4191,24.2612
amend3_pooled,acc_20_40,"View-accuracy extreme, least accurate (anchor 20%, long-axis 40%)",AP,10.0,A4,Largest view mean after review,100,10000000,3722031,442235,1277585,4558149,655492,0,185208,0,37220.31,372.2031,4422.35,44.2235,12775.85,127.7585,45581.49,455.8149,0.7444633747871836,0.00019506525562589495,0.7440810539085061,0.7448456956658611,4999616.0,0.9115597922079585,0.00012697428590824033,0.9113109271786526,0.9118086572372643,5000384.0,0.8938024131983884,0.00015097632646037464,0.8935065050336738,0.894098321363103,4164266.0,0.7810755253752142,0.0001711772042113305,0.7807400242173393,0.781411026533089,5835734.0,0.4999616,0.00015811388254212216,0.4996517024823172,0.5002714975176827,10000000.0,0.828018,0.00011933322742472023,0.8277841111702438,0.8282518888297563,10000000.0,0.13110846913042923,0.00015094885763518128,0.13081261480362313,0.13140432345723532,-0.037038755423583467,8.445607972640546e-05,-0.03720428629942835,-0.03687322454773858,0.09406971370684576,0.00017296932393959103,0.09373070005881982,0.0944087273548717,47.0284,0.09047559316934042,46.85107109450944,47.20572890549055,65.5492,18.5208
amend3_pooled,acc_20_40,"View-accuracy extreme, least accurate (anchor 20%, long-axis 40%)",AP,13.0,A1,Anchor-view mean,100,10000000,1353932,207092,1205653,7233323,0,0,0,0,13539.32,135.3932,2070.92,20.7092,12056.53,120.5653,72333.23,723.3323,0.5289654377565113,0.00031200047657402216,0.5283539280544434,0.5295769474585792,2559585.0,0.9721666062981702,6.0305212352774524e-05,0.9720484102529464,0.972284802343394,7440415.0,0.8673358000901972,0.0002714974265107176,0.8668036749081435,0.8678679252722509,1561024.0,0.8571327848307662,0.00012046072349800251,0.8568966861492961,0.8573688835122362,8438976.0,0.2559585,0.0001380013573403356,0.2556880223076618,0.25622897769233816,10000000.0,0.8587255,0.00011014354981103068,0.8585096226075382,0.8589413773924619,10000000.0,0.0,0.0,0.0,0.0,0.0,0.0,0.0,0.0,0.0,0.0,0.0,0.0,0.0,0.0,0.0,0.0,0.0,0.0
amend3_pooled,acc_20_40,"View-accuracy extreme, least accurate (anchor 20%, long-axis 40%)",AP,13.0,A2,Mean across views,100,10000000,867051,40758,1692534,7399657,112727,599608,14067,180401,8670.51,86.7051,407.58,4.0758,16925.34,169.2534,73996.57,739.9657,0.3387467108925861,0.00029582623615521605,0.33816690211946643,0.3393265196657058,2559585.0,0.9945220797495838,2.7059295639272025e-05,0.9944690445042655,0.9945751149949021,7440415.0,0.9551028905860154,0.00021733868156962523,0.9546769145943315,0.9555288665776993,907809.0,0.8138475093627048,0.00012908377860535762,0.8135945098036543,0.8141005089217552,9092191.0,0.2559585,0.0001380013573403356,0.2556880223076618,0.25622897769233816,10000000.0,0.8266708,0.00011970220901360174,0.8264361879796129,0.8269054120203871,10000000.0,-0.1902187268639252,0.00030755910664977506,-0.19082153164083093,-0.1896159220870195,0.022355473451413664,5.869952306160211e-05,0.022240424499395756,0.022470522403431573,-0.16786325341251154,0.0003131105844440064,-0.16847693888604076,-0.16724956793898232,-32.0547,0.0946851605099289,-32.24027950593368,-31.869120494066316,29.3128,61.3675
amend3_pooled,acc_20_40,"View-accuracy extreme, least accurate (anchor 20%, long-axis 40%)",AP,13.0,A3,Largest view mean,100,10000000,1792697,419714,766888,7020701,438765,0,212622,0,17926.97,179.2697,4197.14,41.9714,7668.88,76.6888,70207.01,702.0701,0.7003858047300636,0.00028632883242122654,0.699824610526356,0.7009469989337712,2559585.0,0.9435899744839502,8.458069067721607e-05,0.9434241993751278,0.9437557495927726,7440415.0,0.8102911258351183,0.000263591535568997,0.8097744959146983,0.8108077557555383,2212411.0,0.9015243357090366,0.00010677059805148882,0.9013150691805972,0.9017336022374759,7787589.0,0.2559585,0.0001380013573403356,0.2556880223076618,0.25622897769233816,10000000.0,0.8813398,0.00010226434223910111,0.8811393655707277,0.8815402344292723,10000000.0,0.17142036697355234,0.00023556651609020005,0.17095866508241012,0.17188206886469456,-0.02857663181422004,6.108171370482413e-05,-0.028696349774139804,-0.028456913854300277,0.1428437351593323,0.00024335685577355856,0.14236676448286292,0.14332070583580167,22.6143,0.08039110239044492,22.456736333394414,22.771863666605586,43.8765,21.2622
amend3_pooled,acc_20_40,"View-accuracy extreme, least accurate (anchor 20%, long-axis 40%)",AP,13.0,A4,Largest view mean after review,100,10000000,1710641,351481,848944,7088934,356709,0,144389,0,17106.41,171.0641,3514.81,35.1481,8489.44,84.8944,70889.34,708.8934,0.6683274827755281,0.00029428262781245544,0.6677506994191903,0.6689042661318659,2559585.0,0.9527605651028874,7.777600895063598e-05,0.9526081269252805,0.9529130032804943,7440415.0,0.8295537315444964,0.000261853770435887,0.8290405075811778,0.8300669555078151,2062122.0,0.8930515183024985,0.00010969159674442604,0.8928365267217769,0.8932665098832201,7937878.0,0.2559585,0.0001380013573403356,0.2556880223076618,0.25622897769233816,10000000.0,0.8799575,0.00010277757449645815,0.8797560596539796,0.8801589403460203,10000000.0,0.13936204501901675,0.0002164700037146775,0.13893777160465612,0.13978631843337738,-0.01940604119528279,5.0572509114400516e-05,-0.019505161492536685,-0.019306920898028893,0.11995600382373396,0.0002222989905203319,0.11952030580507778,0.12039170184239015,21.232,0.07046914372688233,21.093883015184485,21.370116984815514,35.6709,14.4389
amend3_pooled,acc_20_40,"View-accuracy extreme, least accurate (anchor 20%, long-axis 40%)",SL,7.0,A1,Anchor-view mean,100,10000000,2473213,345531,1595778,5585478,0,0,0,0,24732.13,247.3213,3455.31,34.5531,15957.78,159.5778,55854.78,558.5478,0.6078197272984875,0.00024203986561779315,0.6073453378753119,0.6082941167216632,4068991.0,0.9417416159712454,9.617912168029509e-05,0.9415531083552003,0.9419301235872904,5931009.0,0.8774166792018006,0.00019533983505579374,0.8770338201573252,0.8777995382462759,2818744.0,0.7777856686908251,0.00015513714547562034,0.7774816054706302,0.77808973191102,7181256.0,0.4068991,0.00015534871174850148,0.40659462211752656,0.40720357788247347,10000000.0,0.8058691,0.00012507761337073473,0.8056239523805875,0.8061142476194125,10000000.0,0.0,0.0,0.0,0.0,0.0,0.0,0.0,0.0,0.0,0.0,0.0,0.0,0.0,0.0,0.0,0.0,0.0,0.0
amend3_pooled,acc_20_40,"View-accuracy extreme, least accurate (anchor 20%, long-axis 40%)",SL,7.0,A2,Mean across views,100,10000000,1793366,92135,2275625,5838874,189693,869540,27007,280403,17933.66,179.3366,921.35,9.2135,22756.25,227.5625,58388.74,583.8874,0.4407397312994794,0.0002461244281823881,0.44025733628072133,0.4412221263182375,4068991.0,0.9844655437211443,5.0778982844350326e-05,0.9843660187428127,0.9845650686994758,5931009.0,0.9511350033757606,0.0001570025244065829,0.9508272840800146,0.9514427226715066,1885501.0,0.7195606284503825,0.00015769660123829147,0.7192515487890331,0.7198697081117319,8114499.0,0.4068991,0.00015534871174850148,0.40659462211752656,0.40720357788247347,10000000.0,0.763224,0.00013442958224438547,0.762960522858266,0.763487477141734,10000000.0,-0.16707999599900814,0.00023898857764413154,-0.16754840500760185,-0.16661158699041442,0.04272392774989888,9.182167757452658e-05,0.0425439605674332,0.04290389493236456,-0.12435606824910925,0.0002560210161626686,-0.1248578602240315,-0.12385427627418699,-42.645100000000006,0.11612307929347637,-42.872697054984364,-42.41750294501564,47.0096,89.6547
amend3_pooled,acc_20_40,"View-accuracy extreme, least accurate (anchor 20%, long-axis 40%)",SL,7.0,A3,Largest view mean,100,10000000,3114206,646203,954785,5284806,640993,0,300672,0,31142.06,311.4206,6462.03,64.6203,9547.85,95.4785,52848.06,528.4806,0.7653509186921279,0.0002100856401654878,0.7649391584004865,0.7657626789837693,4068991.0,0.8910467004855329,0.00012793993775146105,0.8907959428133778,0.891297458157688,5931009.0,0.8281561925843705,0.00019453848452385231,0.8277749041580892,0.8285374810106517,3760409.0,0.8469795536277939,0.000144122947022436,0.846697077840056,0.8472620294155317,6239591.0,0.4068991,0.00015534871174850148,0.40659462211752656,0.40720357788247347,10000000.0,0.8399012,0.00011595998199316866,0.8396739226098527,0.8401284773901473,10000000.0,0.15753119139364033,0.0001805996188649659,0.15717722264225129,0.15788516014502937,-0.05069491548571246,9.007843114172315e-05,-0.05087146596792672,-0.050518365003498204,0.10683627590792787,0.00020181760599889472,0.10644072066560385,0.10723183115025188,34.03209999999999,0.0964408192466188,33.843079466146115,34.22112053385388,64.0993,30.0672
amend3_pooled,acc_20_40,"View-accuracy extreme, least accurate (anchor 20%, long-axis 40%)",SL,7.0,A4,Largest view mean after review,100,10000000,3046507,606847,1022484,5324162,573294,0,261316,0,30465.07,304.6507,6068.47,60.6847,10224.84,102.2484,53241.62,532.4162,0.7487131330592769,0.00021503009990386877,0.7482916818045489,0.7491345843140049,4068991.0,0.8976823336467707,0.0001244435411339016,0.8974384287861158,0.8979262385074257,5931009.0,0.8338931841808924,0.00019471663717521835,0.8335115465818279,0.8342748217799569,3653354.0,0.8388938031205774,0.0001459276129442373,0.8386077902526007,0.8391798159885541,6346646.0,0.4068991,0.00015534871174850148,0.40659462211752656,0.40720357788247347,10000000.0,0.8370669,0.00011678437606306335,0.8368380068271539,0.837295793172846,10000000.0,0.14089340576078935,0.0001724747385535309,0.140555361482315,0.14123145003926368,-0.04405928232447464,8.426939928766846e-05,-0.04422444731338009,-0.04389411733556919,0.0968341234363147,0.0001919605873491049,0.0964578875956916,0.0972103592769378,31.1978,0.0908227379432926,31.019790703249715,31.375809296750287,57.3294,26.1316
amend3_pooled,acc_20_40,"View-accuracy extreme, least accurate (anchor 20%, long-axis 40%)",SL,10.0,A1,Anchor-view mean,100,10000000,728977,179090,699118,8392815,0,0,0,0,7289.77,72.8977,1790.9,17.909,6991.18,69.9118,83928.15,839.2815,0.5104541364545075,0.0004183083242897027,0.5096342671979994,0.5112740057110157,1428095.0,0.9791073279510214,4.885100125443489e-05,0.9790115817471987,0.9792030741548441,8571905.0,0.802778869841102,0.0004175569737054693,0.8019604732046903,0.8035972664775137,908067.0,0.9231056806071932,8.83577660485026e-05,0.9229325025666177,0.9232788586477687,9091933.0,0.1428095,0.0001106412882742017,0.14259264705806896,0.14302635294193106,10000000.0,0.9121792,8.95032441240875e-05,0.9120037768636335,0.9123546231363664,10000000.0,0.0,0.0,0.0,0.0,0.0,0.0,0.0,0.0,0.0,0.0,0.0,0.0,0.0,0.0,0.0,0.0,0.0,0.0
amend3_pooled,acc_20_40,"View-accuracy extreme, least accurate (anchor 20%, long-axis 40%)",SL,10.0,A2,Mean across views,100,10000000,456692,37883,971403,8534022,62288,334573,12413,153620,4566.92,45.6692,378.83,3.7883,9714.03,97.1403,85340.22,853.4022,0.31979105031528016,0.0003902795308594757,0.3190261164848587,0.32055598414570163,1428095.0,0.9955805623137447,2.265598962839077e-05,0.9955361573896887,0.9956249672378007,8571905.0,0.9234029217004499,0.0003781687556303003,0.9226617245534897,0.9241441188474101,494575.0,0.8978054111204917,9.824699819659959e-05,0.8976128505409183,0.8979979717000651,9505425.0,0.1428095,0.0001106412882742017,0.14259264705806896,0.14302635294193106,10000000.0,0.8990714,9.525860470426808e-05,0.8988846965640893,0.8992581034359106,10000000.0,-0.19066308613922744,0.00041126206122350556,-0.1914691449737913,-0.18985702730466358,0.016473234362723337,4.720153208301594e-05,0.01638072105909578,0.016565747666350893,-0.17418985177650412,0.0004139619156791968,-0.17500120222860638,-0.17337850132440186,-13.107800000000003,0.07491167170685753,-13.254624179725262,-12.960975820274744,21.5908,34.6986
amend3_pooled,acc_20_40,"View-accuracy extreme, least accurate (anchor 20%, long-axis 40%)",SL,10.0,A3,Largest view mean,100,10000000,978178,358946,449917,8212959,249201,0,179856,0,9781.78,97.8178,3589.46,35.8946,4499.17,44.9917,82129.59,821.2959,0.6849530318361173,0.00038872233888299337,0.6841911500459109,0.6857149136263238,1428095.0,0.9581252942023972,6.841453233236922e-05,0.9579912041819489,0.9582593842228455,8571905.0,0.731553692851224,0.00038323571751503816,0.7308025646413803,0.7323048210610676,1337124.0,0.9480637838980958,7.539158642322202e-05,0.9479160191028033,0.9482115486933882,8662876.0,0.1428095,0.0001106412882742017,0.14259264705806896,0.14302635294193106,10000000.0,0.9191137,8.622279656350168e-05,0.9189447064227563,0.9192826935772438,10000000.0,0.17449889538160976,0.0003175971679495408,0.1738764163659267,0.1751213743972928,-0.02098203374862414,4.8953127927920756e-05,-0.021077980117050258,-0.02088608738019802,0.1535168616329856,0.0003213477397205342,0.152887031631652,0.15414669163431924,6.9345,0.06546572592567046,6.8061895339518195,7.06281046604818,24.9201,17.9856
amend3_pooled,acc_20_40,"View-accuracy extreme, least accurate (anchor 20%, long-axis 40%)",SL,10.0,A4,Largest view mean after review,100,10000000,939082,313276,489013,8258629,210105,0,134186,0,9390.82,93.9082,3132.76,31.3276,4890.13,48.9013,82586.29,825.8629,0.6575767018300603,0.0003970784450256256,0.6567984423726342,0.6583549612874865,1428095.0,0.9634531647282605,6.409165954681269e-05,0.9633275473828484,0.9635787820736725,8571905.0,0.7498510809209508,0.00038701034939317604,0.7490925545685128,0.7506096072733888,1252358.0,0.9440977351382235,7.767435920436901e-05,0.9439454961904599,0.9442499740859871,8747642.0,0.1428095,0.0001106412882742017,0.14259264705806896,0.14302635294193106,10000000.0,0.9197711,8.590240020208402e-05,0.9196027343880903,0.9199394656119096,10000000.0,0.14712256537555274,0.0002964178870978146,0.14654159698788496,0.1477035337632205,-0.015654163222760867,4.2398462566678594e-05,-0.015737262683046906,-0.01557106376247483,0.13146840215279187,0.0002994347899285432,0.13088152074418435,0.1320552835613994,7.5919000000000025,0.05862718060284837,7.476992836596921,7.7068071634030835,21.0105,13.4186
amend3_pooled,acc_20_40,"View-accuracy extreme, least accurate (anchor 20%, long-axis 40%)",SL,13.0,A1,Anchor-view mean,100,10000000,209387,76537,253646,9460430,0,0,0,0,2093.87,20.9387,765.37,7.6537,2536.46,25.3646,94604.3,946.043,0.45220751004787996,0.0007314269366705076,0.45077393958337547,0.45364108051238444,463033.0,0.991974702229755,2.8891875592312158e-05,0.9919180751937017,0.9920313292658084,9536967.0,0.7323169793371666,0.0008280082398256674,0.7306941129954049,0.7339398456789282,285924.0,0.9738888186586145,5.116431944991687e-05,0.9737885384344082,0.9739890988828209,9714076.0,0.0463033,6.645246753064177e-05,0.04617305555592877,0.046433544444071224,10000000.0,0.9669817,5.650494833650408e-05,0.9668709523354386,0.9670924476645615,10000000.0,0.0,0.0,0.0,0.0,0.0,0.0,0.0,0.0,0.0,0.0,0.0,0.0,0.0,0.0,0.0,0.0,0.0,0.0
amend3_pooled,acc_20_40,"View-accuracy extreme, least accurate (anchor 20%, long-axis 40%)",SL,13.0,A2,Mean across views,100,10000000,118814,14035,344219,9522932,18889,109462,4916,67418,1188.14,11.8814,140.35,1.4035,3442.19,34.4219,95229.32,952.2932,0.2565994216394944,0.0006418496547404221,0.25534141942279076,0.25785742385619803,463033.0,0.9985283581247582,1.2412982132481647e-05,0.9985040291266458,0.9985526871228705,9536967.0,0.8943537399604061,0.0008433397726647116,0.8927008243662151,0.8960066555545971,132849.0,0.9651146516355126,5.8413751569632895e-05,0.9650001627853312,0.965229140485694,9867151.0,0.0463033,6.645246753064177e-05,0.04617305555592877,0.046433544444071224,10000000.0,0.9641746,5.877239208577443e-05,0.964059408227318,0.964289791772682,10000000.0,-0.1956080884083856,0.0007183444382295115,-0.19701601764691565,-0.19420015916985553,0.006553655895003097,2.812080791189341e-05,0.006498540123844871,0.006608771666161323,-0.1890544325133825,0.0007188946458090296,-0.19046344013896094,-0.18764542488780406,-2.8070999999999997,0.04478908370305202,-2.8948849916509687,-2.719315008349031,8.6307,11.4378
amend3_pooled,acc_20_40,"View-accuracy extreme, least accurate (anchor 20%, long-axis 40%)",SL,13.0,A3,Largest view mean,100,10000000,293272,160225,169761,9376742,83885,0,83688,0,2932.72,29.3272,1602.25,16.0225,1697.61,16.9761,93767.42,937.6742,0.6333717035286902,0.000708168079173664,0.6319837195875607,0.6347596874698197,463033.0,0.9831995853608385,4.1617472727634386e-05,0.9831180166125214,0.9832811541091556,9536967.0,0.6466900552815124,0.0007098046055485012,0.645298863807603,0.6480812467554217,453497.0,0.9822174674852142,4.277386315407309e-05,0.9821336322532913,0.9823013027171371,9546503.0,0.0463033,6.645246753064177e-05,0.04617305555592877,0.046433544444071224,10000000.0,0.9670014,5.648866470190279e-05,0.9668906842507762,0.9671121157492238,10000000.0,0.18116419348081023,0.0005660158896556806,0.1800548227136571,0.18227356424796334,-0.0087751168689165,3.0200032654673425e-05,-0.008834307845718484,-0.008715925892114517,0.17238907661189373,0.0005668209852458313,0.17127812788636737,0.1735000253374201,0.019700000000000967,0.04093568078328489,-0.06053246065072922,0.09993246065073115,8.3885,8.3688
amend3_pooled,acc_20_40,"View-accuracy extreme, least accurate (anchor 20%, long-axis 40%)",SL,13.0,A4,Largest view mean after review,100,10000000,276864,131572,186169,9405395,67477,0,55035,0,2768.64,27.6864,1315.72,13.1572,1861.69,18.6169,94053.95,940.5395,0.597935784274555,0.0007205581116623888,0.5965235163157887,0.5993480522333212,463033.0,0.9862039996573334,3.77706829914077e-05,0.9861299704784149,0.9862780288362519,9536967.0,0.6778638513745116,0.0007311878417130091,0.6764307495275164,0.6792969532215067,408436.0,0.9805903395942518,4.4545932967808974e-05,0.9805030311692885,0.9806776480192151,9591564.0,0.0463033,6.645246753064177e-05,0.04617305555592877,0.046433544444071224,10000000.0,0.9682259,5.5465761122687234e-05,0.9681171891049669,0.968334610895033,10000000.0,0.14572827422667498,0.0005185181408827186,0.14471199733719792,0.14674455111615203,-0.005770702572421609,2.4527454785662445e-05,-0.005818775500813135,-0.0057226296440300835,0.13995757165425338,0.0005190979276232314,0.13894015840363724,0.1409749849048695,1.2442,0.03499950280555425,1.1756022344832147,1.3127977655167853,6.7477,5.5035
amend3_pooled,acc_2p4_40,"View-accuracy corner (anchor 2.4%, long-axis 40%)",AP,7.0,A1,Anchor-view mean,100,10000000,7493459,428561,643190,1434790,0,0,0,0,74934.59,749.3459,4285.61,42.8561,6431.9,64.319,14347.9,143.479,0.920951487522689,9.45893926495989e-05,0.9207660957183139,0.921136879327064,8136649.0,0.7700052217751782,0.0003082893256351074,0.7694009857953491,0.7706094577550072,1863351.0,0.9459025602056041,8.036992986688652e-05,0.9457450380363825,0.9460600823748258,7922020.0,0.6904734405528445,0.0003207020731924432,0.6898448760346619,0.6911020050710271,2077980.0,0.8136649,0.000123131771086097,0.813423566161415,0.8139062338385851,10000000.0,0.8928249,9.782054893527738e-05,0.8926331752456267,0.8930166247543734,10000000.0,0.0,0.0,0.0,0.0,0.0,0.0,0.0,0.0,0.0,0.0,0.0,0.0,0.0,0.0,0.0,0.0,0.0,0.0
amend3_pooled,acc_2p4_40,"View-accuracy corner (anchor 2.4%, long-axis 40%)",AP,7.0,A2,Mean across views,100,10000000,5694860,86756,2441789,1776595,39172,1837771,9691,351496,56948.6,569.486,867.56,8.6756,24417.89,244.1789,17765.95,177.6595,0.699902379960104,0.00016066719804992772,0.6995874780359452,0.7002172818842627,8136649.0,0.953440870775286,0.00015434834304311557,0.9531383535794619,0.9537433879711102,1863351.0,0.9849945067261472,5.056120557930559e-05,0.9848954085834152,0.9850936048688792,5781616.0,0.42115535238138585,0.0002403970409390798,0.42068418283543874,0.42162652192733296,4218384.0,0.8136649,0.000123131771086097,0.813423566161415,0.8139062338385851,10000000.0,0.7471455,0.00013744784531950655,0.7468761071712963,0.7474148928287038,10000000.0,-0.22104910756258506,0.0001494830618034329,-0.22134208898232957,-0.22075612614284054,0.18343564900010786,0.00029320313239919856,0.1828609814159182,0.18401031658429753,-0.03761345856247719,0.00032910980327974265,-0.03825850192895257,-0.036968415196001816,-145.67940000000002,0.14233429397571057,-145.95837009215782,-145.4004299078422,39.0668,184.7462
amend3_pooled,acc_2p4_40,"View-accuracy corner (anchor 2.4%, long-axis 40%)",AP,7.0,A3,Largest view mean,100,10000000,7664058,522458,472591,1340893,170599,0,93897,0,76640.58,766.4058,5224.58,52.2458,4725.91,47.2591,13408.93,134.0893,0.9419182270244175,8.199809108053592e-05,0.9417575137178309,0.9420789403310041,8136649.0,0.7196137496370786,0.0003290642840275049,0.7189687954866989,0.7202587037874583,1863351.0,0.9361806658656747,8.542921402111615e-05,0.9360132276816451,0.9363481040497044,8186516.0,0.7394016158951499,0.0003259636654450751,0.7387627388455694,0.7400404929447303,1813484.0,0.8136649,0.000123131771086097,0.813423566161415,0.8139062338385851,10000000.0,0.9004951,9.465921765786469e-05,0.9003095713411224,0.9006806286588775,10000000.0,0.02096673950172854,5.022747913936263e-05,0.02086829545080464,0.02106518355265244,-0.05039147213809959,0.0001602520119203551,-0.050705560312391054,-0.05007738396380812,-0.029424732636371048,0.00016793899780937347,-0.0297538870262735,-0.029095578246468596,7.670199999999999,0.051371945682405294,7.569512835852529,7.770887164147468,17.0599,9.3897
amend3_pooled,acc_2p4_40,"View-accuracy corner (anchor 2.4%, long-axis 40%)",AP,7.0,A4,Largest view mean after review,100,10000000,7655223,517221,481426,1346130,161764,0,88660,0,76552.23,765.5223,5172.21,51.7221,4814.26,48.1426,13461.3,134.613,0.9408323991854632,8.271329486387558e-05,0.9406702841052087,0.9409945142657178,8136649.0,0.7224242775515725,0.00032804964353058664,0.7217813120600397,0.7230672430431052,1863351.0,0.9367115883571671,8.517047473621331e-05,0.9365446572928212,0.9368785194215129,8172444.0,0.736573872428533,0.0003258383755248483,0.7359352409426858,0.7372125039143802,1827556.0,0.8136649,0.000123131771086097,0.813423566161415,0.8139062338385851,10000000.0,0.9001353,9.481125549949753e-05,0.8999494733524261,0.9003211266475738,10000000.0,0.019880911662774198,4.8936711365415304e-05,0.019784997470219595,0.0199768258553288,-0.04758094422360575,0.00015594922855203974,-0.047886599097395524,-0.04727528934981598,-0.027700032560831554,0.00016344712785863904,-0.028020383047337883,-0.027379682074325225,7.3104,0.049988956832324474,7.2124234442110895,7.40837655578891,16.1764,8.866
amend3_pooled,acc_2p4_40,"View-accuracy corner (anchor 2.4%, long-axis 40%)",AP,10.0,A1,Anchor-view mean,100,10000000,4318854,670857,680762,4329527,0,0,0,0,43188.54,431.8854,6708.57,67.0857,6807.62,68.0762,43295.27,432.9527,0.8638371426925587,0.00015338289846114799,0.8635365177333593,0.8641377676517582,4999616.0,0.8658389035722056,0.0001524158627469747,0.8655401739681926,0.8661376331762186,5000384.0,0.8655519327672484,0.00015271656629546146,0.8652526137951057,0.8658512517393911,4989711.0,0.8641271990497953,0.0001530818538760799,0.8638271641271449,0.8644272339724457,5010289.0,0.4999616,0.00015811388254212216,0.4996517024823172,0.5002714975176827,10000000.0,0.8648381,0.00010811714054135448,0.864626194296756,0.8650500057032441,10000000.0,0.0,0.0,0.0,0.0,0.0,0.0,0.0,0.0,0.0,0.0,0.0,0.0,0.0,0.0,0.0,0.0,0.0,0.0
amend3_pooled,acc_2p4_40,"View-accuracy corner (anchor 2.4%, long-axis 40%)",AP,10.0,A2,Mean across views,100,10000000,2663360,101516,2336256,4898868,31482,1686976,13352,582693,26633.6,266.336,1015.16,10.1516,23362.56,233.6256,48988.68,489.8868,0.5327129123516686,0.00022313627434708726,0.5322755732868542,0.5331502514164831,4999616.0,0.979698359166016,6.306814856700372e-05,0.979574747865278,0.979821970466754,5000384.0,0.9632837060323862,0.00011310158651080599,0.9630620309944822,0.9635053810702903,2764876.0,0.6770952370685008,0.00017383575796945603,0.676754525240968,0.6774359488960336,7235124.0,0.4999616,0.00015811388254212216,0.4996517024823172,0.5002714975176827,10000000.0,0.7562228,0.00013577550469807137,0.7559566848987099,0.75648891510129,10000000.0,-0.33112423034089017,0.0002163759320923915,-0.3315483193782577,-0.33070014130352265,0.11385945559381039,0.00014575850680869674,0.11357377416777159,0.11414513701984919,-0.21726477474707978,0.00026089094713299676,-0.21777611161138635,-0.2167534378827732,-108.6153,0.1482069555067879,-108.90578029734291,-108.3248197026571,61.4175,170.0328
amend3_pooled,acc_2p4_40,"View-accuracy corner (anchor 2.4%, long-axis 40%)",AP,10.0,A3,Largest view mean,100,10000000,4474526,824847,525090,4175537,155672,0,153990,0,44745.26,447.4526,8248.47,82.4847,5250.9,52.509,41755.37,417.5537,0.8949739339981311,0.0001371151420361117,0.8947051932558854,0.8952426747403768,4999616.0,0.8350432686769657,0.00016597314845072264,0.8347179672810355,0.8353685700728958,5000384.0,0.8443500768864542,0.00015747930321012246,0.8440414231214173,0.8446587306514912,5299373.0,0.8882936255099586,0.000145291215054547,0.8880088599589354,0.8885783910609818,4700627.0,0.4999616,0.00015811388254212216,0.4996517024823172,0.5002714975176827,10000000.0,0.8650063,0.00010806035395107218,0.8647945055964287,0.8652180944035713,10000000.0,0.03113679130557227,7.767832201934181e-05,0.03098454459083395,0.031289038020310585,-0.030795634895240044,7.725926698178626e-05,-0.030947060277190734,-0.030644209513289354,0.00034115641033222524,0.00010955782056203697,0.000126427026112173,0.0005558857945522775,0.1682000000000003,0.0556472566338719,0.05913338029885018,0.2772666197011504,15.5672,15.399
amend3_pooled,acc_2p4_40,"View-accuracy corner (anchor 2.4%, long-axis 40%)",AP,10.0,A4,Largest view mean after review,100,10000000,4459069,802438,540547,4197946,140215,0,131581,0,44590.69,445.9069,8024.38,80.2438,5405.47,54.0547,41979.46,419.7946,0.8918822965603759,0.00013887812779712124,0.8916101004295062,0.8921544926912456,4999616.0,0.8395247245011583,0.00016414177745080032,0.8392030125264588,0.8398464364758579,5000384.0,0.8474889418563921,0.00015673378116463473,0.8471817492877256,0.8477961344250586,5261507.0,0.8859242801456074,0.00014604099711168663,0.8856380450487444,0.8862105152424704,4738493.0,0.4999616,0.00015811388254212216,0.4996517024823172,0.5002714975176827,10000000.0,0.8657015,0.00010782504945408093,0.8654901667847718,0.8659128332152283,10000000.0,0.028045153867817047,7.383863058778985e-05,0.02790043281005568,0.028189874925578413,-0.026314179071047345,7.158180697930093e-05,-0.026454476835781723,-0.026173881306312968,0.001730974796769702,0.00010284015975046904,0.0015294117859045338,0.0019325378076348702,0.8633999999999985,0.05213334301619262,0.7612205244886097,0.9655794755113875,14.0215,13.1581
amend3_pooled,acc_2p4_40,"View-accuracy corner (anchor 2.4%, long-axis 40%)",AP,13.0,A1,Anchor-view mean,100,10000000,2100173,576755,459412,6863660,0,0,0,0,21001.73,210.0173,5767.55,57.6755,4594.12,45.9412,68636.6,686.366,0.8205130909893597,0.00023986913460387522,0.8200429561208249,0.8209832258578944,2559585.0,0.922483490504226,9.803424887402914e-05,0.9222913469056658,0.9226756341027861,7440415.0,0.7845459422143591,0.0002512859367989398,0.7840534308245269,0.7850384536041913,2676928.0,0.9372651258925216,8.960641294274598e-05,0.9370895005489848,0.9374407512360585,7323072.0,0.2559585,0.0001380013573403356,0.2556880223076618,0.25622897769233816,10000000.0,0.8963833,9.637441542292747e-05,0.89619440961525,0.89657219038475,10000000.0,0.0,0.0,0.0,0.0,0.0,0.0,0.0,0.0,0.0,0.0,0.0,0.0,0.0,0.0,0.0,0.0,0.0,0.0
amend3_pooled,acc_2p4_40,"View-accuracy corner (anchor 2.4%, long-axis 40%)",AP,13.0,A2,Mean across views,100,10000000,1104424,74447,1455161,7365968,18525,1014274,11049,513357,11044.24,110.4424,744.47,7.4447,14551.61,145.5161,73659.68,736.5968,0.43148557285653727,0.0003095772988123901,0.43087881249564774,0.4320923332174268,2559585.0,0.9899942409126372,3.64873880308081e-05,0.9899227269456428,0.9900657548796317,7440415.0,0.9368489003461786,0.00022402273354176966,0.9364098238532552,0.937287976839102,1178871.0,0.8350368756652351,0.0001249637868356799,0.8347919511417335,0.8352818001887367,8821129.0,0.2559585,0.0001380013573403356,0.2556880223076618,0.25622897769233816,10000000.0,0.8470392,0.00011382609264283827,0.8468161049561593,0.8472622950438407,10000000.0,-0.38902751813282227,0.0003138726075162696,-0.3896426971441403,-0.38841233912150425,0.06751075040841135,9.412826388333058e-05,0.06732626239981752,0.06769523841700519,-0.3215167677244109,0.00032768299286162553,-0.32215901459383195,-0.32087452085498985,-49.34410000000001,0.12380858604926802,-49.58676037154748,-49.101439628452546,53.1882,102.5323
amend3_pooled,acc_2p4_40,"View-accuracy corner (anchor 2.4%, long-axis 40%)",AP,13.0,A3,Largest view mean,100,10000000,2197759,717573,361826,6722842,97586,0,140818,0,21977.59,219.7759,7175.73,71.7573,3618.26,36.1826,67228.42,672.2842,0.8586388027746685,0.00021776374892035116,0.8582119936662796,0.8590656118830574,2559585.0,0.9035573956560219,0.00010822155190711118,0.9033452853102598,0.903769506001784,7440415.0,0.7538623388348222,0.0002522847787249696,0.7533678697507733,0.7543568079188712,2915332.0,0.9489283054618791,8.270791694230669e-05,0.9487662009221572,0.949090410001601,7084668.0,0.2559585,0.0001380013573403356,0.2556880223076618,0.25622897769233816,10000000.0,0.8920601,9.812689640867583e-05,0.8918677748156073,0.8922524251843927,10000000.0,0.03812571178530895,0.00011969702597217449,0.037891109923496424,0.038360313647121475,-0.018926094848204032,4.995543999677205e-05,-0.019024005712201867,-0.018828183984206198,0.019199616937104917,0.0001297032151176466,0.018945403304790075,0.01945383056941976,-4.323200000000001,0.048807489119765214,-4.418860921605132,-4.227539078394869,9.7586,14.0818
amend3_pooled,acc_2p4_40,"View-accuracy corner (anchor 2.4%, long-axis 40%)",AP,13.0,A4,Largest view mean after review,100,10000000,2183848,683409,375737,6757006,83675,0,106654,0,21838.48,218.3848,6834.09,68.3409,3757.37,37.5737,67570.06,675.7006,0.8532039373570325,0.00022120699232145246,0.8527703796155341,0.8536374950985308,2559585.0,0.9081490750179929,0.00010588190825355453,0.9079415502895647,0.9083565997464211,7440415.0,0.7616505949763136,0.0002516237428374716,0.7611574214988069,0.7621437684538203,2867257.0,0.9473222293302871,8.364389914447438e-05,0.9471582902991443,0.9474861683614298,7132743.0,0.2559585,0.0001380013573403356,0.2556880223076618,0.25622897769233816,10000000.0,0.8940854,9.7312228166269e-05,0.8938946715360343,0.8942761284639658,10000000.0,0.03269084636767289,0.00011115038027508494,0.03247299562374741,0.03290869711159836,-0.014334415486232958,4.357688785887828e-05,-0.014419824617668397,-0.01424900635479752,0.018356430881439928,0.00011938740381950369,0.018122435867900237,0.01859042589497962,-2.2979000000000003,0.04362065984781752,-2.383394922957968,-2.2124050770420327,8.3675,10.6654
amend3_pooled,acc_2p4_40,"View-accuracy corner (anchor 2.4%, long-axis 40%)",SL,7.0,A1,Anchor-view mean,100,10000000,3443686,811011,625305,5119998,0,0,0,0,34436.86,344.3686,8110.11,81.1011,6253.05,62.5305,51199.98,511.9998,0.8463243098841948,0.00017878357994496766,0.8459739005037116,0.8466747192646781,4068991.0,0.8632591857473155,0.00014107673285638036,0.8629826804296794,0.8635356910649516,5931009.0,0.8093845460675578,0.00019042422172482165,0.8090113214482492,0.8097577706868665,4254697.0,0.8911623982233835,0.0001299305987220306,0.8909077389273898,0.8914170575193772,5745303.0,0.4068991,0.00015534871174850148,0.40659462211752656,0.40720357788247347,10000000.0,0.8563684,0.00011090606993372363,0.8561510280955484,0.8565857719044516,10000000.0,0.0,0.0,0.0,0.0,0.0,0.0,0.0,0.0,0.0,0.0,0.0,0.0,0.0,0.0,0.0,0.0,0.0,0.0
amend3_pooled,acc_2p4_40,"View-accuracy corner (anchor 2.4%, long-axis 40%)",SL,7.0,A2,Mean across views,100,10000000,2163111,149807,1905880,5781202,33191,1313766,18026,679230,21631.11,216.3111,1498.07,14.9807,19058.8,190.588,57812.02,578.1202,0.5316086961116404,0.00024737572803145124,0.531123848590225,0.5320935436330558,4068991.0,0.9747417345008244,6.442912763232077e-05,0.9746154557301135,0.9748680132715352,5931009.0,0.9352303021551132,0.00016183226124021283,0.9349131167490438,0.9355474875611826,2312918.0,0.7520671693107996,0.00015574516663324694,0.7517619143910245,0.7523724242305748,7687082.0,0.4068991,0.00015534871174850148,0.40659462211752656,0.40720357788247347,10000000.0,0.7944313,0.00012779288304921757,0.7941808305497673,0.7946817694502326,10000000.0,-0.31471561377255447,0.00023877314396563825,-0.31518360053889394,-0.314247627006215,0.1114825487535089,0.00013313882597087575,0.11122160144760371,0.11174349605941408,-0.2032330650190456,0.00027338354240908237,-0.20376888692035985,-0.20269724311773132,-61.937099999999994,0.14162806771385042,-62.214685914108706,-61.65951408589129,71.2421,133.1792
amend3_pooled,acc_2p4_40,"View-accuracy corner (anchor 2.4%, long-axis 40%)",SL,7.0,A3,Largest view mean,100,10000000,3597311,1003527,471680,4927482,153625,0,192516,0,35973.11,359.7311,10035.27,100.3527,4716.8,47.168,49274.82,492.7482,0.8840793700453011,0.00015870208405253177,0.8837683196738332,0.8843904204167691,4068991.0,0.8307999532625899,0.0001539515903191666,0.8304982136878216,0.8311016928373582,5931009.0,0.7818816919874162,0.00019252986721884221,0.7815043403787425,0.7822590435960899,4600838.0,0.9126382946094227,0.00012151970774537842,0.9124001203569513,0.9128764688618941,5399162.0,0.4068991,0.00015534871174850148,0.40659462211752656,0.40720357788247347,10000000.0,0.8524793,0.00011214202739005122,0.8522595056634286,0.8526990943365715,10000000.0,0.03775506016110628,9.449025840348577e-05,0.03756986265628475,0.03794025766592781,-0.03245923248472562,7.276783740996196e-05,-0.032601854826407,-0.03231661014304424,0.005295827676380663,0.00011926259721505386,0.005062077279292657,0.005529578073468669,-3.8891000000000013,0.0588208933128272,-4.004386833340983,-3.773813166659019,15.3625,19.2516
amend3_pooled,acc_2p4_40,"View-accuracy corner (anchor 2.4%, long-axis 40%)",SL,7.0,A4,Largest view mean after review,100,10000000,3589651,992250,479340,4938759,145965,0,181239,0,35896.51,358.9651,9922.5,99.225,4793.4,47.934,49387.59,493.8759,0.8821968394621664,0.00015981511634196818,0.8818836075874804,0.8825100713368524,4068991.0,0.8327013160829801,0.00015325921482863214,0.8324009335392477,0.8330016986267126,5931009.0,0.783441414382371,0.00019242793321023693,0.7830642625606845,0.7838185662040575,4581901.0,0.911529855766755,0.0001220001454569812,0.9112907398736646,0.9117689716598455,5418099.0,0.4068991,0.00015534871174850148,0.40659462211752656,0.40720357788247347,10000000.0,0.852841,0.00011202822355058568,0.8526214287148569,0.853060571285143,10000000.0,0.03587252957797154,9.219446853801463e-05,0.035691831738637894,0.036053227417305184,-0.03055786966433536,7.067375885724365e-05,-0.03069638768744024,-0.03041935164123048,0.00531465991363618,0.00011616626110888993,0.005086978223848156,0.005542341603424204,-3.5273999999999983,0.05719087116773095,-3.639492048617389,-3.4153079513826077,14.5965,18.1239
amend3_pooled,acc_2p4_40,"View-accuracy corner (anchor 2.4%, long-axis 40%)",SL,10.0,A1,Anchor-view mean,100,10000000,1141688,479814,286407,8092091,0,0,0,0,11416.88,114.1688,4798.14,47.9814,2864.07,28.6407,80920.91,809.2091,0.7994482159800294,0.0003350656321776122,0.798791499403324,0.8001049325567348,1428095.0,0.9440248112875727,7.8514670597425e-05,0.9438709253597298,0.9441786972154155,8571905.0,0.7040928719175185,0.0003584544225154059,0.7033903141537474,0.7047954296812895,1621502.0,0.9658164267628876,6.277300766244676e-05,0.9656933939276975,0.9659394595980777,8378498.0,0.1428095,0.0001106412882742017,0.14259264705806896,0.14302635294193106,10000000.0,0.9233779,8.411370506141673e-05,0.923213040166173,0.9235427598338269,10000000.0,0.0,0.0,0.0,0.0,0.0,0.0,0.0,0.0,0.0,0.0,0.0,0.0,0.0,0.0,0.0,0.0,0.0,0.0
amend3_pooled,acc_2p4_40,"View-accuracy corner (anchor 2.4%, long-axis 40%)",SL,10.0,A2,Mean across views,100,10000000,586753,66721,841342,8505184,11767,566702,9236,422329,5867.53,58.6753,667.21,6.6721,8413.42,84.1342,85051.84,850.5184,0.4108641231850822,0.0004116975629861179,0.41005721078274165,0.41167103558742274,1428095.0,0.992216315976437,3.001629647493729e-05,0.9921574851159328,0.9922751468369412,8571905.0,0.8978980035931039,0.00037455574568282364,0.8971638878155724,0.8986321193706354,653474.0,0.9099834526753576,9.361658915154868e-05,0.9097999675308178,0.9101669378198974,9346526.0,0.1428095,0.0001106412882742017,0.14259264705806896,0.14302635294193106,10000000.0,0.9091937,9.086281741191498e-05,0.9090156121489341,0.9093717878510659,10000000.0,-0.3885840927949471,0.00042178831832193124,-0.3894107827144786,-0.3877574028754156,0.04819150468886438,7.484979724468742e-05,0.048044801780857495,0.04833820759687126,-0.34039258810608275,0.0004283781946136073,-0.3412321939459104,-0.3395529822662551,-14.1842,0.10040030302263035,-14.380980979513447,-13.987419020486554,43.4096,57.5938
amend3_pooled,acc_2p4_40,"View-accuracy corner (anchor 2.4%, long-axis 40%)",SL,10.0,A3,Largest view mean,100,10000000,1203755,599556,224340,7972349,62067,0,119742,0,12037.55,120.3755,5995.56,59.9556,2243.4,22.434,79723.49,797.2349,0.8429096103550534,0.00030449962481992856,0.8423128020523929,0.8435064186577139,1428095.0,0.9300556877380233,8.711481206105523e-05,0.9298849458425168,0.9302264296335297,8571905.0,0.6675249028037871,0.0003508148598789107,0.6668373183077594,0.6682124872998148,1803311.0,0.9726304121090845,5.698870954439601e-05,0.972518716289971,0.972742107928198,8196689.0,0.1428095,0.0001106412882742017,0.14259264705806896,0.14302635294193106,10000000.0,0.9176104,8.694915399924254e-05,0.917439982788331,0.917780817211669,10000000.0,0.04346139437502407,0.00017061787549968243,0.04312698948128821,0.04379579926875993,-0.013969123549549371,4.0085855989922085e-05,-0.014047690384198803,-0.01389055671489994,0.029492270825474697,0.00017526361656222293,0.029148760446502935,0.02983578120444646,-5.767500000000001,0.04260004218747911,-5.850994549085941,-5.68400545091406,6.2067,11.9742
amend3_pooled,acc_2p4_40,"View-accuracy corner (anchor 2.4%, long-axis 40%)",SL,10.0,A4,Largest view mean after review,100,10000000,1197598,580158,230497,7991747,55910,0,100344,0,11975.98,119.7598,5801.58,58.0158,2304.97,23.0497,79917.47,799.1747,0.8385982725238867,0.0003078594730911941,0.837994879039569,0.8392016660082044,1428095.0,0.9323186619543731,8.579816156388623e-05,0.9321505006464417,0.9324868232623045,8571905.0,0.6736571272998094,0.00035165795324183194,0.6729678903711418,0.674346364228477,1777756.0,0.9719666553315616,5.756625287405932e-05,0.9718538275483135,0.9720794831148096,8222244.0,0.1428095,0.0001106412882742017,0.14259264705806896,0.14302635294193106,10000000.0,0.9189345,8.630983994293467e-05,0.9187653358208661,0.9191036641791339,10000000.0,0.03915005654385738,0.00016229884604279833,0.038831956648371954,0.0394681564393428,-0.011706149333199562,3.673765250782022e-05,-0.0117781538095594,-0.011634144856839725,0.027443907210657814,0.00016640483928843325,0.027117759716226698,0.02777005470508893,-4.443400000000001,0.039503994983343144,-4.520826408023534,-4.365973591976468,5.591,10.0344
amend3_pooled,acc_2p4_40,"View-accuracy corner (anchor 2.4%, long-axis 40%)",SL,13.0,A1,Anchor-view mean,100,10000000,355500,218488,107533,9318479,0,0,0,0,3555.0,35.55,2184.88,21.8488,1075.33,10.7533,93184.79,931.8479,0.7677638526843659,0.0006205442669852148,0.7665476082606685,0.7689800971080633,463033.0,0.9770904103998682,4.844744632188465e-05,0.9769954551491854,0.977185365650551,9536967.0,0.6193509271970843,0.0006408839237876156,0.6180948177782818,0.6206070366158868,573988.0,0.9885918880646449,3.459006785729332e-05,0.9885240927768871,0.9886596833524027,9426012.0,0.0463033,6.645246753064177e-05,0.04617305555592877,0.046433544444071224,10000000.0,0.9673979,5.615977481755956e-05,0.9672878288631095,0.9675079711368906,10000000.0,0.0,0.0,0.0,0.0,0.0,0.0,0.0,0.0,0.0,0.0,0.0,0.0,0.0,0.0,0.0,0.0,0.0,0.0
amend3_pooled,acc_2p4_40,"View-accuracy corner (anchor 2.4%, long-axis 40%)",SL,13.0,A2,Mean across views,100,10000000,159232,25905,303801,9511062,4029,200297,3919,196502,1592.32,15.9232,259.05,2.5905,3038.01,30.3801,95110.62,951.1062,0.3438890964574879,0.0006980585625348532,0.3425209268050278,0.34525726610994795,463033.0,0.9972837276253551,1.68535302488735e-05,0.9972506953127944,0.9973167599379158,9536967.0,0.86007659192922,0.000806245196605686,0.8584963803687,0.86165680348974,185137.0,0.9690468425285202,5.528187225181828e-05,0.9689384920490541,0.9691551930079864,9814863.0,0.0463033,6.645246753064177e-05,0.04617305555592877,0.046433544444071224,10000000.0,0.9670294,5.646551118659953e-05,0.9669187296308327,0.9671400703691674,10000000.0,-0.423874756226878,0.0007516561268870439,-0.425347975175956,-0.42240153727779994,0.02019331722548689,4.648431965067879e-05,0.020102209632407067,0.02028442481856671,-0.4036814390013911,0.0007530921092802781,-0.4051574724242645,-0.4022054055785177,-0.36850000000000077,0.06361962292229498,-0.4931921706212738,-0.24380782937872783,20.0531,20.4216
amend3_pooled,acc_2p4_40,"View-accuracy corner (anchor 2.4%, long-axis 40%)",SL,13.0,A3,Largest view mean,100,10000000,377296,276506,85737,9260461,21796,0,58018,0,3772.96,37.7296,2765.06,27.6506,857.37,8.5737,92604.61,926.0461,0.8148360915960633,0.0005708307054516263,0.8137172839632835,0.8159548992288431,463033.0,0.971006924947942,5.433168367714871e-05,0.9709004368038755,0.9711134130920086,9536967.0,0.5770799110434046,0.000610975806237105,0.575882420458309,0.5782774016285003,653802.0,0.990826537165166,3.118516017831962e-05,0.9907654153738823,0.9908876589564497,9346198.0,0.0463033,6.645246753064177e-05,0.04617305555592877,0.046433544444071224,10000000.0,0.9637757,5.908646214617185e-05,0.9636598926613061,0.9638915073386939,10000000.0,0.047072238911697435,0.0003112479109955771,0.0464622042110709,0.047682273612323973,-0.006083485451926173,2.517943903323186e-05,-0.006132836245971503,-0.006034134657880844,0.040988753459771265,0.00031226473744106766,0.04037672581591732,0.04160078110362521,-3.6222000000000003,0.02822814139676929,-3.677526140924578,-3.5668738590754225,2.1796,5.8018
amend3_pooled,acc_2p4_40,"View-accuracy corner (anchor 2.4%, long-axis 40%)",SL,13.0,A4,Largest view mean after review,100,10000000,374096,261033,88937,9275934,18596,0,42545,0,3740.96,37.4096,2610.33,26.1033,889.37,8.8937,92759.34,927.5934,0.8079251370852617,0.0005789150689980709,0.806790484390968,0.8090597897795554,463033.0,0.9726293485130021,5.2833710535044064e-05,0.972525796342367,0.9727329006836372,9536967.0,0.5890079023316523,0.0006173711416358236,0.5877978771194072,0.5902179275438975,635129.0,0.9905031259907371,3.16932928633613e-05,0.9904410082776834,0.9905652437037907,9364871.0,0.0463033,6.645246753064177e-05,0.04617305555592877,0.046433544444071224,10000000.0,0.965003,5.811386236604821e-05,0.9648890989218617,0.9651169010781384,10000000.0,0.040161284400895836,0.0002885339734479651,0.03959576820016087,0.0407268006016308,-0.004461061886866129,2.1579586053617837e-05,-0.004503357098666122,-0.004418766675066136,0.035700222514029704,0.0002893398216075978,0.035133126879912394,0.036267318148147015,-2.3948999999999994,0.024715105611730653,-2.443340717255189,-2.346459282744809,1.8596,4.2545
amend3_pooled,acc_20_8,"View-accuracy corner (anchor 20%, long-axis 8%)",AP,7.0,A1,Anchor-view mean,100,10000000,6079051,187263,2057598,1676088,0,0,0,0,60790.51,607.9051,1872.63,18.7263,20575.98,205.7598,16760.88,167.6088,0.747119729510269,0.00015238063723307092,0.7468210689469951,0.7474183900735428,8136649.0,0.8995020261883027,0.00022025835455756772,0.8990703277426706,0.8999337246339347,1863351.0,0.9701159246089487,6.80182809868319e-05,0.9699826112268726,0.9702492379910248,6266314.0,0.4489097369194946,0.0002574079678079162,0.44840522656927795,0.44941424726971124,3733686.0,0.8136649,0.000123131771086097,0.813423566161415,0.8139062338385851,10000000.0,0.7755139,0.0001319439619333867,0.7752552945845932,0.7757725054154068,10000000.0,0.0,0.0,0.0,0.0,0.0,0.0,0.0,0.0,0.0,0.0,0.0,0.0,0.0,0.0,0.0,0.0,0.0,0.0
amend3_pooled,acc_20_8,"View-accuracy corner (anchor 20%, long-axis 8%)",AP,7.0,A2,Mean across views,100,10000000,7125707,218613,1010942,1644738,1143497,96841,96642,65292,71257.07,712.5707,2186.13,21.8613,10109.42,101.0942,16447.38,164.4738,0.8757545028672122,0.00011564017166434253,0.8755278522937963,0.8759811534406282,8136649.0,0.882677498764323,0.00023574600893764818,0.8822154450736616,0.8831395524549844,1863351.0,0.9702337316456799,6.270823619436915e-05,0.9701108257602354,0.9703566375311244,7344320.0,0.6193283829377033,0.00029795307288759776,0.6187444056411543,0.6199123602342523,2655680.0,0.8136649,0.000123131771086097,0.813423566161415,0.8139062338385851,10000000.0,0.8770445,0.00010384480970166492,0.8768409679113979,0.8772480320886021,10000000.0,0.12863477335694337,0.0001292329909399057,0.12838148134708882,0.12888806536679792,-0.016824527423979697,0.0002156085148145059,-0.017247112351109595,-0.0164019424968498,0.11181024593296368,0.0002513726270057875,0.11131756463344691,0.11230292723248045,101.53059999999999,0.1139819008718665,101.30719957763958,101.75400042236042,120.8789,19.3483
amend3_pooled,acc_20_8,"View-accuracy corner (anchor 20%, long-axis 8%)",AP,7.0,A3,Largest view mean,100,10000000,7775268,601497,361381,1261854,1696217,0,414234,0,77752.68,777.5268,6014.97,60.1497,3613.81,36.1381,12618.54,126.1854,0.9555860158156018,7.222240872806989e-05,0.9554444624945014,0.9557275691367021,8136649.0,0.6771960838296166,0.00034251475187522834,0.6765247672464723,0.677867400412761,1863351.0,0.9281945954076544,8.919898621556942e-05,0.9280197686058353,0.9283694222094734,8376765.0,0.7773698817484838,0.0003265240048546549,0.7767299064538328,0.7780098570431347,1623235.0,0.8136649,0.000123131771086097,0.813423566161415,0.8139062338385851,10000000.0,0.9037122,9.328261336988798e-05,0.9035293694359691,0.9038950305640309,10000000.0,0.20846628630533282,0.0001424065065783202,0.20818717467907355,0.20874539793159208,-0.22230594235868603,0.0003046018879182726,-0.22290295109333788,-0.22170893362403418,-0.013839656053353216,0.0003362468189280265,-0.014498687713566667,-0.013180624393139766,128.1983,0.13950279419320244,127.9248795454819,128.47172045451808,169.6217,41.4234
amend3_pooled,acc_20_8,"View-accuracy corner (anchor 20%, long-axis 8%)",AP,7.0,A4,Largest view mean after review,100,10000000,7668253,555204,468396,1308147,1589202,0,367941,0,76682.53,766.8253,5552.04,55.5204,4683.96,46.8396,13081.47,130.8147,0.942433795534255,8.165568620389644e-05,0.9422737533289001,0.9425938377396099,8136649.0,0.702040034325256,0.00033505226778547345,0.7013833439422781,0.7026967247082339,1863351.0,0.9324853282506371,8.749694123408169e-05,0.9323138373957082,0.9326568191055661,8223457.0,0.7363441245159842,0.00033057596773746823,0.7356962075199536,0.7369920415120148,1776543.0,0.8136649,0.000123131771086097,0.813423566161415,0.8139062338385851,10000000.0,0.89764,9.585532348284054e-05,0.8974521270167652,0.8978278729832347,10000000.0,0.19531406602398604,0.0001389815576159101,0.19504166717439494,0.19558646487357714,-0.19746199186304675,0.00029162666157483015,-0.1980335696211736,-0.1968904141049199,-0.0021479258390607048,0.0003230510533934614,-0.002781094273873967,-0.0015147574042474426,122.12610000000001,0.1344617104230011,121.86255988819252,122.38964011180751,158.9202,36.7941
amend3_pooled,acc_20_8,"View-accuracy corner (anchor 20%, long-axis 8%)",AP,10.0,A1,Anchor-view mean,100,10000000,3066539,257027,1933077,4743357,0,0,0,0,30665.39,306.6539,2570.27,25.7027,19330.77,193.3077,47433.57,474.3357,0.6133549056567544,0.00021779296587976722,0.6129280392841768,0.613781772029332,4999616.0,0.9485985476315419,9.87477580838129e-05,0.9484050055806169,0.948792089682467,5000384.0,0.9226652938440217,0.00014652345764420792,0.9223781131418836,0.9229524745461599,3323566.0,0.7104626511697711,0.00017552971298874948,0.7101186192513829,0.7108066830881594,6676434.0,0.4999616,0.00015811388254212216,0.4996517024823172,0.5002714975176827,10000000.0,0.7809896,0.00013078411397866334,0.7807332678448299,0.78124593215517,10000000.0,0.0,0.0,0.0,0.0,0.0,0.0,0.0,0.0,0.0,0.0,0.0,0.0,0.0,0.0,0.0,0.0,0.0,0.0
amend3_pooled,acc_20_8,"View-accuracy corner (anchor 20%, long-axis 8%)",AP,10.0,A2,Mean across views,100,10000000,3879539,289391,1120077,4710993,910307,97307,136788,104424,38795.39,387.9539,2893.91,28.9391,11200.77,112.0077,47109.93,471.0993,0.7759673942958819,0.0001864700240662683,0.7756019197616328,0.776332868830131,4999616.0,0.9421262447044068,0.00010442240812438749,0.9419215805436897,0.9423309088651238,5000384.0,0.9305838668435306,0.00012447887848211057,0.9303398927229453,0.9308278409641159,4168930.0,0.8079122699607447,0.00016313899653598455,0.8075925234005381,0.8082320165209513,5831070.0,0.4999616,0.00015811388254212216,0.4996517024823172,0.5002714975176827,10000000.0,0.8590532,0.00011003672094794539,0.858837531988264,0.859268868011736,10000000.0,0.1626124886391275,0.00018714107247862934,0.162245698874148,0.162979278404107,-0.006472302927135194,9.817647715485297e-05,-0.006664725288005528,-0.00627988056626486,0.1561401857119923,0.00021133007754455817,0.15572598636788776,0.15655438505609687,78.0636,0.10899021715504562,77.84998309802393,78.27721690197608,101.4731,23.4095
amend3_pooled,acc_20_8,"View-accuracy corner (anchor 20%, long-axis 8%)",AP,10.0,A3,Largest view mean,100,10000000,4576225,961268,423391,4039116,1509686,0,704241,0,45762.25,457.6225,9612.68,96.1268,4233.91,42.3391,40391.16,403.9116,0.9153152962147493,0.0001245143832666772,0.9150712525060644,0.9155593399234342,4999616.0,0.8077611639426092,0.0001762220991505041,0.8074157749722698,0.8081065529129486,5000384.0,0.8264073652102134,0.000160955618735224,0.8260918979918946,0.8267228324285322,5537493.0,0.9051226138132669,0.00013872208524435016,0.904850723520183,0.9053945041063507,4462507.0,0.4999616,0.00015811388254212216,0.4996517024823172,0.5002714975176827,10000000.0,0.8615341,0.00010922137818998165,0.8613200300307172,0.8617481699692827,10000000.0,0.30196039055799484,0.00020532730079725486,0.30155795644021505,0.30236282467577463,-0.1408373836889327,0.00015555894239041286,-0.14114227361589599,-0.1405324937619694,0.16112300686906214,0.0002576002426441213,0.1606181196670884,0.1616278940710359,80.5445,0.14659648137651532,80.25717617397537,80.83182382602465,150.9686,70.4241
amend3_pooled,acc_20_8,"View-accuracy corner (anchor 20%, long-axis 8%)",AP,10.0,A4,Largest view mean after review,100,10000000,4433084,813223,566532,4187161,1366545,0,556196,0,44330.84,443.3084,8132.23,81.3223,5665.32,56.6532,41871.61,418.7161,0.8866848974001204,0.0001417621297661754,0.8864070487292153,0.8869627460710254,4999616.0,0.8373678901460367,0.0001650287542547389,0.8370444397287327,0.8376913405633408,5000384.0,0.8449913434345341,0.0001580073377262212,0.8446816547408549,0.8453010321282133,5246307.0,0.8808227624291262,0.00014860224017495781,0.8805315073880638,0.8811140174701885,4753693.0,0.4999616,0.00015811388254212216,0.4996517024823172,0.5002714975176827,10000000.0,0.8620245,0.00010905881963406262,0.8618107486396347,0.8622382513603652,10000000.0,0.27332999174336586,0.00019931681444316986,0.27293933796246256,0.27372064552426917,-0.11123065748550512,0.0001406064056712226,-0.11150624097879011,-0.11095507399222013,0.16209933425786074,0.00024392079418441022,0.1616212582824079,0.1625774102333136,81.03490000000002,0.13627451888815825,80.76780684886191,81.30199315113813,136.6545,55.6196
amend3_pooled,acc_20_8,"View-accuracy corner (anchor 20%, long-axis 8%)",AP,13.0,A1,Anchor-view mean,100,10000000,1353932,207092,1205653,7233323,0,0,0,0,13539.32,135.3932,2070.92,20.7092,12056.53,120.5653,72333.23,723.3323,0.5289654377565113,0.00031200047657402216,0.5283539280544434,0.5295769474585792,2559585.0,0.9721666062981702,6.0305212352774524e-05,0.9720484102529464,0.972284802343394,7440415.0,0.8673358000901972,0.0002714974265107176,0.8668036749081435,0.8678679252722509,1561024.0,0.8571327848307662,0.00012046072349800251,0.8568966861492961,0.8573688835122362,8438976.0,0.2559585,0.0001380013573403356,0.2556880223076618,0.25622897769233816,10000000.0,0.8587255,0.00011014354981103068,0.8585096226075382,0.8589413773924619,10000000.0,0.0,0.0,0.0,0.0,0.0,0.0,0.0,0.0,0.0,0.0,0.0,0.0,0.0,0.0,0.0,0.0,0.0,0.0
amend3_pooled,acc_20_8,"View-accuracy corner (anchor 20%, long-axis 8%)",AP,13.0,A2,Mean across views,100,10000000,1796884,225436,762701,7214979,506181,63229,110011,91667,17968.84,179.6884,2254.36,22.5436,7627.01,76.2701,72149.79,721.4979,0.7020216167855335,0.00028587938826607256,0.7014613034761901,0.702581930094877,2559585.0,0.9697011524222775,6.28396027946719e-05,0.9695779890630256,0.9698243157815294,7440415.0,0.8885260492899244,0.00022130786091363632,0.8880922938496166,0.8889598047302322,2022320.0,0.9043956388323422,0.0001041069625726987,0.9041915929335503,0.9045996847311341,7977680.0,0.2559585,0.0001380013573403356,0.2556880223076618,0.25622897769233816,10000000.0,0.9011863,9.436607054037484e-05,0.9010013458989194,0.9013712541010805,10000000.0,0.1730561790290223,0.0002742494135903362,0.17251866005136413,0.17359369800668045,-0.0024654538758926755,6.035085158033406e-05,-0.0025837393723594734,-0.0023471683794258776,0.17059072515312962,0.00028081126427035436,0.17004034518436523,0.171141105121894,42.4608,0.08677896085075,42.290716360775114,42.63088363922488,59.7848,17.324
amend3_pooled,acc_20_8,"View-accuracy corner (anchor 20%, long-axis 8%)",AP,13.0,A3,Largest view mean,100,10000000,2260515,847578,299070,6592837,906583,0,640486,0,22605.15,226.0515,8475.78,84.7578,2990.7,29.907,65928.37,659.2837,0.8831568398783397,0.00020078709083782637,0.8827633044086328,0.8835503753480466,2559585.0,0.8860845799595856,0.00011647434250343449,0.8858562944413552,0.886312865477816,7440415.0,0.7272996657435926,0.000252611156133983,0.7268045569715716,0.7277947745156136,3108093.0,0.9566056245390426,7.760924918823466e-05,0.9564535132045666,0.9567577358735186,6891907.0,0.2559585,0.0001380013573403356,0.2556880223076618,0.25622897769233816,10000000.0,0.8853352,0.00010075553763489133,0.8851377227734349,0.885532677226565,10000000.0,0.35419140212182837,0.0002989414525608352,0.3536054876367014,0.35477731660695533,-0.08608202633858461,0.00010282797190635803,-0.08628356546171409,-0.08588048721545513,0.2681093757832438,0.00031613222528802223,0.2674897680024394,0.2687289835640482,26.6097,0.12409626258107453,26.366475792806547,26.852924207193453,90.6583,64.0486
amend3_pooled,acc_20_8,"View-accuracy corner (anchor 20%, long-axis 8%)",AP,13.0,A4,Largest view mean after review,100,10000000,2153179,666292,406406,6774123,799247,0,459200,0,21531.79,215.3179,6662.92,66.6292,4064.06,40.6406,67741.23,677.4123,0.8412219168341742,0.00022843665316479763,0.8407741892176908,0.8416696444506577,2559585.0,0.9104496187376645,0.00010467985176619012,0.9102444499966774,0.9106547874786516,7440415.0,0.7636819105427933,0.0002530002318808477,0.7631860391963152,0.7641777818892714,2819471.0,0.9434016630251059,8.623268995239235e-05,0.943232650057176,0.9435706759930357,7180529.0,0.2559585,0.0001380013573403356,0.2556880223076618,0.25622897769233816,10000000.0,0.8927302,9.785856631279654e-05,0.8925384007329353,0.8929219992670647,10000000.0,0.31225647907766296,0.00028965711772223476,0.31168876155458364,0.3128241966007423,-0.0617169875605057,8.822074212961424e-05,-0.06188989703913302,-0.061544078081878374,0.25053949151715726,0.0003027938988636536,0.24994602637596486,0.25113295665834967,34.0047,0.11166395137998207,33.785842675197486,34.22355732480251,79.9247,45.92
amend3_pooled,acc_20_8,"View-accuracy corner (anchor 20%, long-axis 8%)",SL,7.0,A1,Anchor-view mean,100,10000000,2473213,345531,1595778,5585478,0,0,0,0,24732.13,247.3213,3455.31,34.5531,15957.78,159.5778,55854.78,558.5478,0.6078197272984875,0.00024203986561779315,0.6073453378753119,0.6082941167216632,4068991.0,0.9417416159712454,9.617912168029509e-05,0.9415531083552003,0.9419301235872904,5931009.0,0.8774166792018006,0.00019533983505579374,0.8770338201573252,0.8777995382462759,2818744.0,0.7777856686908251,0.00015513714547562034,0.7774816054706302,0.77808973191102,7181256.0,0.4068991,0.00015534871174850148,0.40659462211752656,0.40720357788247347,10000000.0,0.8058691,0.00012507761337073473,0.8056239523805875,0.8061142476194125,10000000.0,0.0,0.0,0.0,0.0,0.0,0.0,0.0,0.0,0.0,0.0,0.0,0.0,0.0,0.0,0.0,0.0,0.0,0.0
amend3_pooled,acc_20_8,"View-accuracy corner (anchor 20%, long-axis 8%)",SL,7.0,A2,Mean across views,100,10000000,3112726,384753,956265,5546256,730212,90699,171851,132629,31127.26,311.2726,3847.53,38.4753,9562.65,95.6265,55462.56,554.6256,0.764987192156483,0.00021019843732340151,0.764575210786473,0.7653991735264931,4068991.0,0.9351285759303349,0.0001011342105197896,0.9349303565185477,0.9353267953421222,5931009.0,0.8899913337578296,0.00016731265110208132,0.889663406984925,0.8903192605307342,3497479.0,0.8529393446018859,0.00013888854904825347,0.8526671280457391,0.8532115611580328,6502521.0,0.4068991,0.00015534871174850148,0.40659462211752656,0.40720357788247347,10000000.0,0.8658982,0.00010775829770220019,0.8656869976158024,0.8661094023841975,10000000.0,0.15716746485799551,0.00020859324113141483,0.15675862961473463,0.1575763001012564,-0.006613040040910408,9.299631564242103e-05,-0.00679530947170219,-0.0064307706101186255,0.15055442481708511,0.00022838444554910777,0.1501067995256489,0.15100205010852133,60.0291,0.1043722219525818,59.82453420237293,60.233665797627076,86.2841,26.255
amend3_pooled,acc_20_8,"View-accuracy corner (anchor 20%, long-axis 8%)",SL,7.0,A3,Largest view mean,100,10000000,3700589,1170470,368402,4760539,1227376,0,824939,0,37005.89,370.0589,11704.7,117.047,3684.02,36.8402,47605.39,476.0539,0.9094610924428194,0.00014225460121276314,0.909182278545608,0.9097399063400308,4068991.0,0.8026524660475141,0.00016342381049282335,0.8023321612622053,0.8029727708328228,5931009.0,0.7597093363065404,0.00019358891480424924,0.759329909002725,0.7600887636103557,4871059.0,0.9281719169707743,0.00011401119518984602,0.9279484591326053,0.9283953748089433,5128941.0,0.4068991,0.00015534871174850148,0.40659462211752656,0.40720357788247347,10000000.0,0.8461128,0.00011410781291224542,0.8458891527945732,0.8463364472054268,10000000.0,0.3016413651443319,0.00022753139937794085,0.3011954117926815,0.30208731849598225,-0.13908914992373136,0.00014208931662389125,-0.13936763986909878,-0.13881065997836395,0.1625522152206005,0.00026825344657902987,0.1620264481224297,0.16307798231877133,40.243700000000004,0.14269265734799041,39.96402752853361,40.5233724714664,122.7376,82.4939
amend3_pooled,acc_20_8,"View-accuracy corner (anchor 20%, long-axis 8%)",SL,7.0,A4,Largest view mean after review,100,10000000,3617275,1071109,451716,4859900,1144062,0,725578,0,36172.75,361.7275,10711.09,107.1109,4517.16,45.1716,48599.0,485.99,0.8889857460977426,0.0001557375744370915,0.8886805060583985,0.8892909861370867,4068991.0,0.8194052647702945,0.00015795654514519006,0.8190956756282456,0.8197148539123434,5931009.0,0.7715398312083652,0.00019389777919719142,0.7711597985414588,0.7719198638752717,4688384.0,0.9149569547196182,0.00012103372448988901,0.9147197329768322,0.9151941764624043,5311616.0,0.4068991,0.00015534871174850148,0.40659462211752656,0.40720357788247347,10000000.0,0.8477175,0.0001136188981612434,0.8474948110498843,0.8479401889501157,10000000.0,0.2811660187992551,0.00022287037854105987,0.2807292008806483,0.28160283671786196,-0.1223363512009508,0.00013454808644066917,-0.1226000606066434,-0.12207264179525819,0.15882966759830433,0.0002603351555128141,0.15831942006556482,0.15933991513104384,41.84839999999999,0.13609287689568475,41.58166286062802,42.11513713937197,114.4062,72.5578
amend3_pooled,acc_20_8,"View-accuracy corner (anchor 20%, long-axis 8%)",SL,10.0,A1,Anchor-view mean,100,10000000,728977,179090,699118,8392815,0,0,0,0,7289.77,72.8977,1790.9,17.909,6991.18,69.9118,83928.15,839.2815,0.5104541364545075,0.0004183083242897027,0.5096342671979994,0.5112740057110157,1428095.0,0.9791073279510214,4.885100125443489e-05,0.9790115817471987,0.9792030741548441,8571905.0,0.802778869841102,0.0004175569737054693,0.8019604732046903,0.8035972664775137,908067.0,0.9231056806071932,8.83577660485026e-05,0.9229325025666177,0.9232788586477687,9091933.0,0.1428095,0.0001106412882742017,0.14259264705806896,0.14302635294193106,10000000.0,0.9121792,8.95032441240875e-05,0.9120037768636335,0.9123546231363664,10000000.0,0.0,0.0,0.0,0.0,0.0,0.0,0.0,0.0,0.0,0.0,0.0,0.0,0.0,0.0,0.0,0.0,0.0,0.0
amend3_pooled,acc_20_8,"View-accuracy corner (anchor 20%, long-axis 8%)",SL,10.0,A2,Mean across views,100,10000000,969774,191618,458321,8380287,280617,39820,91532,79004,9697.74,96.9774,1916.18,19.1618,4583.21,45.8321,83802.87,838.0287,0.6790682692678008,0.000390647004665255,0.6783026152019491,0.6798339233336526,1428095.0,0.977645809187106,5.049304638929197e-05,0.9775468446339326,0.9777447737402793,8571905.0,0.8350100568972405,0.00034441747173744156,0.8343350110516641,0.8356851027428169,1161392.0,0.9481455677183557,7.458277103470612e-05,0.9479993881721074,0.948291747264604,8838608.0,0.1428095,0.0001106412882742017,0.14259264705806896,0.14302635294193106,10000000.0,0.9350061,7.795491835849104e-05,0.9348533111663944,0.9351588888336055,10000000.0,0.16861413281329324,0.0003704197125183565,0.1678881235118669,0.16934014211471957,-0.0014615187639153721,4.81734079876254e-05,-0.0015559369093284304,-0.0013671006185023138,0.16715261404937787,0.00037353907514385174,0.16642049090950262,0.16788473718925312,22.8269,0.06969665173908285,22.69029707167086,22.963502928329135,35.9621,13.1352
amend3_pooled,acc_20_8,"View-accuracy corner (anchor 20%, long-axis 8%)",SL,10.0,A3,Largest view mean,100,10000000,1245097,711450,182998,7860455,516120,0,532360,0,12450.97,124.5097,7114.5,71.145,1829.98,18.2998,78604.55,786.0455,0.8718586648647324,0.0002796978429575601,0.8713104671616579,0.8724068625678069,1428095.0,0.9170021132992024,9.422800816265274e-05,0.9168174297954119,0.917186796802993,8571905.0,0.6363746948067182,0.00034390489528264047,0.6357006535925405,0.6370487360208958,1956547.0,0.9772488258463126,5.257547703143289e-05,0.9771457798040482,0.977351871888577,8043453.0,0.1428095,0.0001106412882742017,0.14259264705806896,0.14302635294193106,10000000.0,0.9105552,9.024656655682807e-05,0.910378319978425,0.910732080021575,10000000.0,0.3614045284102248,0.0004020047299232015,0.36061661361174563,0.362192443208704,-0.06210521465181894,8.243324942305918e-05,-0.062266780853091154,-0.06194364845054672,0.29929931375840585,0.0004103693988238773,0.29849500451000943,0.30010362300680227,-1.6240000000000006,0.10239402454440397,-1.8246886019221487,-1.4233113980778522,51.612,53.236
amend3_pooled,acc_20_8,"View-accuracy corner (anchor 20%, long-axis 8%)",SL,10.0,A4,Largest view mean after review,100,10000000,1191699,588716,236396,7983189,462722,0,409626,0,11916.99,119.1699,5887.16,58.8716,2363.96,23.6396,79831.89,798.3189,0.8344675949429134,0.00031100523643969844,0.8338580358756802,0.8350771540101467,1428095.0,0.931320284114208,8.638236723047022e-05,0.9311509777842015,0.9314895904442144,8571905.0,0.6693377667566269,0.0003525772939318116,0.6686467279533032,0.6700288055599507,1780415.0,0.9712399105307628,5.829528515923926e-05,0.9711256538704809,0.9713541671910446,8219585.0,0.1428095,0.0001106412882742017,0.14259264705806896,0.14302635294193106,10000000.0,0.9174888,8.700752948714266e-05,0.9173182683744763,0.9176593316255237,10000000.0,0.3240134584884059,0.0003916264359842804,0.3232458847724284,0.3247810322043834,-0.047787043836813405,7.28590411113692e-05,-0.047929844934466205,-0.047644242739160604,0.2762264146515925,0.00039834621277654676,0.2754456704150141,0.27700715888817085,5.309599999999998,0.09338447844681684,5.1265697840854605,5.492630215914534,46.2722,40.9626
amend3_pooled,acc_20_8,"View-accuracy corner (anchor 20%, long-axis 8%)",SL,13.0,A1,Anchor-view mean,100,10000000,209387,76537,253646,9460430,0,0,0,0,2093.87,20.9387,765.37,7.6537,2536.46,25.3646,94604.3,946.043,0.45220751004787996,0.0007314269366705076,0.45077393958337547,0.45364108051238444,463033.0,0.991974702229755,2.8891875592312158e-05,0.9919180751937017,0.9920313292658084,9536967.0,0.7323169793371666,0.0008280082398256674,0.7306941129954049,0.7339398456789282,285924.0,0.9738888186586145,5.116431944991687e-05,0.9737885384344082,0.9739890988828209,9714076.0,0.0463033,6.645246753064177e-05,0.04617305555592877,0.046433544444071224,10000000.0,0.9669817,5.650494833650408e-05,0.9668709523354386,0.9670924476645615,10000000.0,0.0,0.0,0.0,0.0,0.0,0.0,0.0,0.0,0.0,0.0,0.0,0.0,0.0,0.0,0.0,0.0,0.0,0.0
amend3_pooled,acc_20_8,"View-accuracy corner (anchor 20%, long-axis 8%)",SL,13.0,A2,Mean across views,100,10000000,288297,78556,174736,9458411,93475,14565,38619,36600,2882.97,28.8297,785.56,7.8556,1747.36,17.4736,94584.11,945.8411,0.6226273289376784,0.0007123498555016196,0.62123114886549,0.6240235090098667,463033.0,0.9917629997042037,2.92673466664427e-05,0.9917056367583619,0.9918203626500455,9536967.0,0.7858651830569737,0.0006772852692079195,0.7845377283115958,0.7871926378023516,366853.0,0.981860964023491,4.2997975145338435e-05,0.9817766895401332,0.9819452385068488,9633147.0,0.0463033,6.645246753064177e-05,0.04617305555592877,0.046433544444071224,10000000.0,0.9746708,4.968664974352773e-05,0.9745734159552221,0.9747681840447778,10000000.0,0.17041981888979835,0.0006642256693546064,0.16911796048998742,0.17172167728960927,-0.00021170252555136266,2.8757575183728204e-05,-0.0002680663376387633,-0.000155338713463962,0.170208116364247,0.0006648479058852654,0.16890503840323648,0.1715111943252575,7.6891,0.04273965107624301,7.605331822518003,7.772868177481998,13.0075,5.3184
amend3_pooled,acc_20_8,"View-accuracy corner (anchor 20%, long-axis 8%)",SL,13.0,A3,Largest view mean,100,10000000,391338,332343,71695,9204624,181951,0,255806,0,3913.38,39.1338,3323.43,33.2343,716.95,7.1695,92046.24,920.4624,0.8451622238587746,0.00053162149105374,0.844120264874683,0.8462041828428662,463033.0,0.9651521285540781,5.9385562497321347e-05,0.9650357349894636,0.9652685221186925,9536967.0,0.5407603626459725,0.0005857988607134411,0.5396122179677332,0.5419085073242118,723681.0,0.9922711799799037,2.875305190651017e-05,0.9922148250332767,0.9923275349265306,9276319.0,0.0463033,6.645246753064177e-05,0.04617305555592877,0.046433544444071224,10000000.0,0.9595962,6.226663066648138e-05,0.9594741596454924,0.9597182403545076,10000000.0,0.3929547138108947,0.000717754336364318,0.39154794115077673,0.39436148647101266,-0.026822573675676975,5.231679091939015e-05,-0.026925112702474507,-0.026720034648879443,0.3661321401352177,0.0007196584842700639,0.36472163541375385,0.3675426448566816,-7.3854999999999995,0.06612197394947461,-7.5150966885499075,-7.2559033114500915,18.1951,25.5806
amend3_pooled,acc_20_8,"View-accuracy corner (anchor 20%, long-axis 8%)",SL,13.0,A4,Largest view mean after review,100,10000000,368143,253182,94890,9283785,158756,0,176645,0,3681.43,36.8143,2531.82,25.3182,948.9,9.489,92837.85,928.3785,0.7950686020218861,0.0005931992331460671,0.7939059528800922,0.79623125116368,463033.0,0.9734525662089425,5.205512940101297e-05,0.9733505400293012,0.9735545923885838,9536967.0,0.5925127751176921,0.0006233707838622006,0.5912909908226703,0.5937345594127138,621325.0,0.9898823661124839,3.267838090743571e-05,0.9898183176623271,0.9899464145626408,9378675.0,0.0463033,6.645246753064177e-05,0.04617305555592877,0.046433544444071224,10000000.0,0.9651928,5.796176224732995e-05,0.9650791970326187,0.9653064029673812,10000000.0,0.34286109197400616,0.000697560243966519,0.3414938990080006,0.34422828494001173,-0.018522136020812485,4.36596901470341e-05,-0.018607707441751827,-0.018436564599873143,0.3243389559531937,0.000698925219538088,0.3229690876842069,0.32570882422218045,-1.7888999999999995,0.057911052344772666,-1.9024035777978694,-1.6753964222021296,15.8756,17.6645
amend3_pooled,base_median13,Base case with median true AP span 13 mm (sensitivity population; no stored E3 cell),AP,7.0,A1,Anchor-view mean,100,10000000,8947696,145814,442844,463646,0,0,0,0,89476.96,894.7696,1458.14,14.5814,4428.44,44.2844,4636.46,46.3646,0.9528414766349965,6.91743588029856e-05,0.9527058973820196,0.9529770558879734,9390540.0,0.7607488596462442,0.0005464809906082334,0.7596777765779676,0.7618199427145207,609460.0,0.9839650475998817,4.1654113782777455e-05,0.9838834070364155,0.9840466881633478,9093510.0,0.5114739269048748,0.0005250179052333866,0.510444910711262,0.5125029430984877,906490.0,0.939054,7.565155985437442e-05,0.9389057256661416,0.9392022743338585,10000000.0,0.9411342,7.443159113599545e-05,0.9409883167609108,0.9412800832390893,10000000.0,0.0,0.0,0.0,0.0,0.0,0.0,0.0,0.0,0.0,0.0,0.0,0.0,0.0,0.0,0.0,0.0,0.0,0.0
amend3_pooled,base_median13,Base case with median true AP span 13 mm (sensitivity population; no stored E3 cell),AP,7.0,A2,Mean across views,100,10000000,8639109,70605,751431,538855,89075,397662,12183,87392,86391.09,863.9109,706.05,7.0605,7514.31,75.1431,5388.55,53.8855,0.9199800011500936,8.854074669732015e-05,0.9198064644740337,0.9201535378261535,9390540.0,0.8841515439897615,0.00040995470600513036,0.8833480475243608,0.8849550404551622,609460.0,0.991893534047157,3.0384099102871833e-05,0.9918339823067429,0.991953085787571,8709714.0,0.41762446465357295,0.00043416172566770124,0.41677352330108636,0.41847540600605954,1290286.0,0.939054,7.565155985437442e-05,0.9389057256661416,0.9392022743338585,10000000.0,0.9177964,8.685975371081825e-05,0.9176261580096778,0.9179666419903221,10000000.0,-0.03286147548490289,7.351649627726911e-05,-0.03300556517101247,-0.03271738579879331,0.12340268434351723,0.0004930423866820112,0.1224363390151464,0.12436902967188805,0.09054120885861433,0.0004984931998432673,0.08956418013267672,0.09151823758455194,-23.337799999999998,0.07621453082658187,-23.48717773669699,-23.188422263303007,17.6467,40.9845
amend3_pooled,base_median13,Base case with median true AP span 13 mm (sensitivity population; no stored E3 cell),AP,7.0,A3,Largest view mean,100,10000000,9160042,212180,230498,397280,212346,0,66366,0,91600.42,916.0042,2121.8,21.218,2304.98,23.0498,3972.8,39.728,0.9754542337288378,5.049477748925658e-05,0.9753552657827708,0.9755532016749048,9390540.0,0.6518557411479015,0.0006102148364488454,0.6506597420361958,0.6530517402596071,609460.0,0.9773607582065384,4.8588904141945174e-05,0.9772655257036208,0.9774559907094561,9372222.0,0.6328351742176375,0.0006083770093591693,0.6316427771808658,0.6340275712544091,627778.0,0.939054,7.565155985437442e-05,0.9389057256661416,0.9392022743338585,10000000.0,0.9557322,6.504472452333084e-05,0.9556047146815444,0.9558596853184557,10000000.0,0.022612757093841248,4.851374581549997e-05,0.022517671898537716,0.02270784228914478,-0.1088931184983428,0.0003990180232356428,-0.10967517945923581,-0.10811105753744978,-0.08628036140450154,0.00040195642350873174,-0.08706818152414741,-0.08549254128485567,14.597999999999999,0.05259096728146384,14.494923597403153,14.701076402596847,21.2346,6.6366
amend3_pooled,base_median13,Base case with median true AP span 13 mm (sensitivity population; no stored E3 cell),AP,7.0,A4,Largest view mean after review,100,10000000,9149601,208352,240939,401108,201905,0,62538,0,91496.01,914.9601,2083.52,20.8352,2409.39,24.0939,4011.08,40.1108,0.9743423700873433,5.1596326121628724e-05,0.9742412431456126,0.974443497029074,9390540.0,0.6581367111869524,0.0006075914975095685,0.6569458537251276,0.6593275686487772,609460.0,0.9777353017267773,4.8231261946788905e-05,0.977640770189687,0.9778298332638675,9357953.0,0.6247330802885147,0.0006042741027222637,0.6235487248010467,0.6259174357759827,642047.0,0.939054,7.565155985437442e-05,0.9389057256661416,0.9392022743338585,10000000.0,0.9550709,6.550608824620049e-05,0.9549425104252566,0.9551992895747433,10000000.0,0.021500893452346723,4.733290796300758e-05,0.021408122656723913,0.021593664247969532,-0.10261214845929183,0.0003887020935203102,-0.10337399056931627,-0.10185030634926738,-0.0811112550069451,0.0003915733924608598,-0.08187872475952626,-0.08034378525436395,13.9367,0.05123482057459555,13.836281596127334,14.037118403872666,20.1905,6.2538
amend3_pooled,base_median13,Base case with median true AP span 13 mm (sensitivity population; no stored E3 cell),AP,10.0,A1,Anchor-view mean,100,10000000,6646412,394774,793852,2164962,0,0,0,0,66464.12,664.6412,3947.74,39.4774,7938.52,79.3852,21649.62,216.4962,0.8933032483793586,0.00011318291699000883,0.8930814139366432,0.893525082822074,7440264.0,0.8457755018486282,0.00022573902525728178,0.8453330614857288,0.8462179422115275,2559736.0,0.9439335930054965,8.669602295353755e-05,0.9437636719215644,0.9441035140894286,7041186.0,0.7316992551745395,0.0002575837213074733,0.7311944003537908,0.7322041099952882,2958814.0,0.7440264,0.00013800402751479394,0.743755917074216,0.744296882925784,10000000.0,0.8811374,0.00010233976857568129,0.8809368177378233,0.8813379822621766,10000000.0,0.0,0.0,0.0,0.0,0.0,0.0,0.0,0.0,0.0,0.0,0.0,0.0,0.0,0.0,0.0,0.0,0.0,0.0
amend3_pooled,base_median13,Base case with median true AP span 13 mm (sensitivity population; no stored E3 cell),AP,10.0,A2,Mean across views,100,10000000,6070631,162294,1369633,2397442,127723,703504,31005,263485,60706.31,607.0631,1622.94,16.2294,13696.33,136.9633,23974.42,239.7442,0.8159160750209938,0.0001420811634622626,0.8156376010555297,0.8161945489864579,7440264.0,0.9365973678535598,0.00015231143934261616,0.9362988429156601,0.9368958927914596,2559736.0,0.9739618237023548,6.378672402744216e-05,0.9738368040195832,0.9740868433851265,6232925.0,0.6364200341113463,0.0002478390639376067,0.6359342784682349,0.6369057897544577,3767075.0,0.7440264,0.00013800402751479394,0.743755917074216,0.744296882925784,10000000.0,0.8468073,0.00011389675002681595,0.8465840664702304,0.8470305335297696,10000000.0,-0.0773871733583647,0.0001192086184452843,-0.0776208179590072,-0.0771535287577222,0.09082186600493175,0.00020426069419219223,0.09042152239770004,0.09122220961216346,0.013434692646567048,0.00023650185179721034,0.01297115753111118,0.013898227762022916,-34.3301,0.10554295060968781,-34.53696038364877,-34.123239616351235,39.1208,73.4509
amend3_pooled,base_median13,Base case with median true AP span 13 mm (sensitivity population; no stored E3 cell),AP,10.0,A3,Largest view mean,100,10000000,6986522,592845,453742,1966891,340110,0,198071,0,69865.22,698.6522,5928.45,59.2845,4537.42,45.3742,19668.91,196.6891,0.9390153360149586,8.773088035195497e-05,0.9388433866477804,0.9391872853821367,7440264.0,0.7683960377163895,0.0002636743977277679,0.7678792453891214,0.7689128300436576,2559736.0,0.9217817266270389,9.753302438941452e-05,0.9215905654104246,0.9219728878436533,7579367.0,0.8125523365169358,0.0002508425532002361,0.8120606941429953,0.8130439788908763,2420633.0,0.7440264,0.00013800402751479394,0.743755917074216,0.744296882925784,10000000.0,0.8953413,9.68014754610228e-05,0.8951515725929495,0.8955310274070505,10000000.0,0.04571208763560003,7.657042653909301e-05,0.045562012356118765,0.04586216291508129,-0.07737946413223863,0.00016700398305277697,-0.07770678592687869,-0.07705214233759858,-0.0316673764966386,0.00018372087681009703,-0.03202746280123483,-0.03130729019204238,14.203899999999999,0.07322318568922688,14.060385192083798,14.347414807916198,34.011,19.8071
amend3_pooled,base_median13,Base case with median true AP span 13 mm (sensitivity population; no stored E3 cell),AP,10.0,A4,Largest view mean after review,100,10000000,6954980,564052,485284,1995684,308568,0,169278,0,69549.8,695.498,5640.52,56.4052,4852.84,48.5284,19956.84,199.5684,0.9347759703150318,9.052393216126755e-05,0.9345985466668573,0.9349533939632063,7440264.0,0.7796444633352815,0.00025906735725419295,0.7791367006414881,0.7801522260290749,2559736.0,0.924983428717952,9.606487340422638e-05,0.9247951450244152,0.9251717124114889,7519032.0,0.8043973158863799,0.0002518327048061197,0.8039037328509372,0.8048908989218225,2480968.0,0.7440264,0.00013800402751479394,0.743755917074216,0.744296882925784,10000000.0,0.8950664,9.691364175957891e-05,0.8948764527510423,0.8952563472489578,10000000.0,0.04147272193567325,7.309528023026582e-05,0.041329457817852015,0.04161598605349449,-0.06613103851334669,0.00015532739325053188,-0.06643547461233157,-0.0658266024143618,-0.024658316577673436,0.00017166688406896209,-0.024994777490440774,-0.0243218556649061,13.929,0.06898592824554875,13.793790064132143,14.064209935867858,30.8568,16.9278
amend3_pooled,base_median13,Base case with median true AP span 13 mm (sensitivity population; no stored E3 cell),AP,13.0,A1,Anchor-view mean,100,10000000,4200922,510178,798694,4490206,0,0,0,0,42009.22,420.0922,5101.78,51.0178,7986.94,79.8694,44902.06,449.0206,0.8402489311179099,0.00016385418797209157,0.8399277828082353,0.8405700794275844,4999616.0,0.8979722357322958,0.0001353595684512431,0.8977069358510759,0.8982375356135157,5000384.0,0.891707244592558,0.0001431692296367083,0.8914266380565623,0.8919878511285537,4711100.0,0.8489867458261642,0.000155695231075971,0.8486815887782836,0.8492919028740448,5288900.0,0.4999616,0.00015811388254212216,0.4996517024823172,0.5002714975176827,10000000.0,0.8691128,0.00010665633636880651,0.8689037574203453,0.8693218425796547,10000000.0,0.0,0.0,0.0,0.0,0.0,0.0,0.0,0.0,0.0,0.0,0.0,0.0,0.0,0.0,0.0,0.0,0.0,0.0
amend3_pooled,base_median13,Base case with median true AP span 13 mm (sensitivity population; no stored E3 cell),AP,13.0,A2,Mean across views,100,10000000,3631494,191164,1368122,4809220,112303,681731,39958,358972,36314.94,363.1494,1911.64,19.1164,13681.22,136.8122,48092.2,480.922,0.7263545840320537,0.00019938849941999017,0.7259637897511765,0.7267453783129308,4999616.0,0.9617701360535511,8.575023948341306e-05,0.9616020686711723,0.96193820343593,5000384.0,0.9499918642996574,0.00011148015214029477,0.9497733672147479,0.9502103613845669,3822658.0,0.7785257801818323,0.00016706953597619766,0.7781983299058223,0.7788532304578423,6177342.0,0.4999616,0.00015811388254212216,0.4996517024823172,0.5002714975176827,10000000.0,0.8440714,0.00011472352492058461,0.8438465460212026,0.8442962539787975,10000000.0,-0.11389434708585619,0.00017079711760831695,-0.11422910328767226,-0.11355959088404012,0.06379790032125533,0.00012304786610246982,0.06355673093341767,0.064039069709093,-0.05009644676460086,0.00021050518458147436,-0.0505090293481939,-0.049683864181007814,-25.041399999999992,0.1089354525790571,-25.25490956537865,-24.827890434621334,47.1275,72.1689
amend3_pooled,base_median13,Base case with median true AP span 13 mm (sensitivity population; no stored E3 cell),AP,13.0,A3,Largest view mean,100,10000000,4519886,786662,479730,4213722,318964,0,276484,0,45198.86,451.9886,7866.62,78.6662,4797.3,47.973,42137.22,421.3722,0.904046630781244,0.00013172166320192196,0.9037884610633481,0.90430480049914,4999616.0,0.842679682200407,0.000162825338792279,0.8423605503980863,0.8429988140027277,5000384.0,0.8517563583708279,0.00015425515309744396,0.8514540238239424,0.8520586929177133,5306548.0,0.897787385489401,0.0001398275691918317,0.8975133284875775,0.8980614424912244,4693452.0,0.4999616,0.00015811388254212216,0.4996517024823172,0.5002714975176827,10000000.0,0.8733608,0.0001051673490316077,0.8731546757819226,0.8735669242180775,10000000.0,0.06379769966333415,0.00010929971693412564,0.06358347615293307,0.06401192317373523,-0.05529255353188875,0.00010220692314499902,-0.055492875421803714,-0.055092231641973785,0.008505146131445401,0.00014964184996399814,0.008211853492622564,0.008798438770268239,4.247999999999998,0.07715358351755282,4.096781753834601,4.399218246165395,31.8964,27.6484
amend3_pooled,base_median13,Base case with median true AP span 13 mm (sensitivity population; no stored E3 cell),AP,13.0,A4,Largest view mean after review,100,10000000,4477228,722226,522388,4278158,276306,0,212048,0,44772.28,447.7228,7222.26,72.2226,5223.88,52.2388,42781.58,427.8158,0.8955143755040387,0.0001368031910249691,0.8952462461745446,0.8957825048335327,4999616.0,0.8555658925394529,0.000157202675799753,0.8552577809541817,0.8558740041247241,5000384.0,0.8610957996743505,0.00015167169999189366,0.8607985286025476,0.8613930707461533,5199454.0,0.8911815447659496,0.0001421310788464985,0.8909029729681293,0.8914601165637699,4800546.0,0.4999616,0.00015811388254212216,0.4996517024823172,0.5002714975176827,10000000.0,0.8755386,0.00010438906068647233,0.8753340011990607,0.8757431988009392,10000000.0,0.055265444386128855,0.00010219117884548895,0.055065153354474136,0.055465735417783574,-0.04240634319284279,9.011650990964535e-05,-0.04258296830807134,-0.04222971807761424,0.012859101193286065,0.00013624985281506148,0.012592056386763247,0.013126145999808884,6.425800000000002,0.06985278025559183,6.288891065399132,6.562708934600873,27.6306,21.2048
amend3_pooled,base_median13,Base case with median true AP span 13 mm (sensitivity population; no stored E3 cell),SL,7.0,A1,Anchor-view mean,100,10000000,5632618,571685,830463,2965234,0,0,0,0,56326.18,563.2618,5716.85,57.1685,8304.63,83.0463,29652.34,296.5234,0.8715066390162834,0.00013163030725095917,0.8712486483527626,0.8717646296798043,6463081.0,0.8383663861117543,0.00019573577654985008,0.8379827510362046,0.838750021187304,3536919.0,0.9078566923633484,0.00011611652999532983,0.9076291081447526,0.9080842765819442,6204303.0,0.7812093536444031,0.00021220339344386622,0.7807934426325753,0.781625264656231,3795697.0,0.6463081,0.0001511932339340587,0.6460117667044457,0.6466044332955544,10000000.0,0.8597852,0.00010979736329300444,0.8595700011206509,0.8600003988793492,10000000.0,0.0,0.0,0.0,0.0,0.0,0.0,0.0,0.0,0.0,0.0,0.0,0.0,0.0,0.0,0.0,0.0,0.0,0.0
amend3_pooled,base_median13,Base case with median true AP span 13 mm (sensitivity population; no stored E3 cell),SL,7.0,A2,Mean across views,100,10000000,5135904,261238,1327177,3275681,140790,637504,46725,357172,51359.04,513.5904,2612.38,26.1238,13271.77,132.7177,32756.81,327.5681,0.7946525813307925,0.0001588961863095322,0.7943411505258886,0.7949640121356965,6463081.0,0.926139671278873,0.00013906931160657682,0.9258671004346193,0.9264122421231267,3536919.0,0.9515969748433523,9.238061664777607e-05,0.9514159121604249,0.9517780375262797,5397142.0,0.7116624062701913,0.00021114162457345866,0.7112485762871258,0.7120762362532568,4602858.0,0.6463081,0.0001511932339340587,0.6460117667044457,0.6466044332955544,10000000.0,0.8411585,0.00011559017167464974,0.8409319474247638,0.8413850525752362,10000000.0,-0.07685405768549086,0.0001331101977158212,-0.07711494888104675,-0.07659316648993497,0.08777328516711862,0.00017351728586150692,0.08743319753345236,0.08811337280078488,0.010919227481627755,0.0002186928742064746,0.010490597321126536,0.011347857642128974,-18.626699999999996,0.10856893941045477,-18.839491212762667,-18.413908787237325,49.7962,68.4229
amend3_pooled,base_median13,Base case with median true AP span 13 mm (sensitivity population; no stored E3 cell),SL,7.0,A3,Largest view mean,100,10000000,5998722,854153,464359,2682766,366104,0,282468,0,59987.22,599.8722,8541.53,85.4153,4643.59,46.4359,26827.66,268.2766,0.9281520686496115,0.00010157735577989528,0.9279529806890677,0.9283511566101553,6463081.0,0.7585036581273137,0.00022757343304836804,0.7580576223911825,0.7589496938634449,3536919.0,0.8753584444484979,0.0001261792634602183,0.8751111376345693,0.8756057512624265,6852875.0,0.8524497755888311,0.00019991590215633865,0.8520579476175771,0.852841603560085,3147125.0,0.6463081,0.0001511932339340587,0.6460117667044457,0.6466044332955544,10000000.0,0.8681488,0.00010698899992922635,0.8679391054117428,0.8683584945882573,10000000.0,0.05664542963332813,9.092851889311732e-05,0.0564672130097243,0.05682364625693196,-0.07986272798444069,0.0001441404338671859,-0.08014523804576476,-0.07958021792311662,-0.02321729835111256,0.00017042435337567393,-0.02355132394845216,-0.02288327275377296,8.363600000000002,0.08049052751413673,8.205841463731284,8.52135853626872,36.6104,28.2468
amend3_pooled,base_median13,Base case with median true AP span 13 mm (sensitivity population; no stored E3 cell),SL,7.0,A4,Largest view mean after review,100,10000000,5980915,836872,482166,2700047,348297,0,265187,0,59809.15,598.0915,8368.72,83.6872,4821.66,48.2166,27000.47,270.0047,0.9253968811469329,0.00010335290980192281,0.9251943131644258,0.9255994491294399,6463081.0,0.7633895489266223,0.00022598390539379164,0.762946628607471,0.7638324692457735,3536919.0,0.877251665386437,0.0001256747964447703,0.8770053473096979,0.877497983463176,6817787.0,0.8484809156395251,0.0002009972358778121,0.848086968293105,0.8488748629859452,3182213.0,0.6463081,0.0001511932339340587,0.6460117667044457,0.6466044332955544,10000000.0,0.8680962,0.0001070070967485615,0.8678864699426283,0.8683059300573717,10000000.0,0.053890242130649454,8.881903060687053e-05,0.05371616002814509,0.05406432423315382,-0.07497683718513203,0.00014003200429533324,-0.07525129487239872,-0.07470237949786533,-0.02108659505448257,0.00016582455314250792,-0.021411605208957973,-0.02076158490000717,8.310999999999998,0.07828111348147776,8.157571835696388,8.46442816430361,34.8297,26.5187
amend3_pooled,base_median13,Base case with median true AP span 13 mm (sensitivity population; no stored E3 cell),SL,10.0,A1,Anchor-view mean,100,10000000,2627730,547022,616172,6209076,0,0,0,0,26277.3,262.773,5470.22,54.7022,6161.72,61.6172,62090.76,620.9076,0.8100522148942847,0.0002177909157953673,0.8096253525397987,0.8104790772487707,3243902.0,0.9190328500267462,0.00010494747003493969,0.9188271567635866,0.9192385432899057,6756098.0,0.8276961476046003,0.0002119473827326908,0.82728073836455,0.8281115568446507,3174752.0,0.9097216687217813,0.00010969499505936948,0.9095066704804847,0.9099366669630778,6825248.0,0.3243902,0.0001480409396565558,0.324100045087747,0.32468035491225306,10000000.0,0.8836806,0.000101385007364817,0.8834818890354252,0.8838793109645748,10000000.0,0.0,0.0,0.0,0.0,0.0,0.0,0.0,0.0,0.0,0.0,0.0,0.0,0.0,0.0,0.0,0.0,0.0,0.0
amend3_pooled,base_median13,Base case with median true AP span 13 mm (sensitivity population; no stored E3 cell),SL,10.0,A2,Mean across views,100,10000000,2233037,211597,1010865,6544501,86993,481686,42651,378076,22330.37,223.3037,2115.97,21.1597,10108.65,101.0865,65445.01,654.4501,0.6883799202318689,0.0002571538029305144,0.687875908035662,0.6888839324280758,3243902.0,0.9686805904828497,6.701146481630064e-05,0.9685492504242225,0.968811930541477,6756098.0,0.9134443029099653,0.00017983819753645901,0.9130918265169689,0.9137967793029617,2444634.0,0.8662056874544529,0.00012385159044476065,0.8659629427958384,0.8664484321130674,7555366.0,0.3243902,0.0001480409396565558,0.324100045087747,0.32468035491225306,10000000.0,0.8777538,0.00010358671082023986,0.877550773775914,0.8779568262240861,10000000.0,-0.1216722946624158,0.00022243730705353302,-0.12210826377649768,-0.12123632554833393,0.049647740456103505,9.408804890017824e-05,0.04946333126742892,0.04983214964477809,-0.07202455420631229,0.00024151794242885984,-0.07249792067882693,-0.07155118773379765,-5.926800000000003,0.09945123078261021,-6.12172083208961,-5.731879167910395,46.5069,52.4337
amend3_pooled,base_median13,Base case with median true AP span 13 mm (sensitivity population; no stored E3 cell),SL,10.0,A3,Largest view mean,100,10000000,2874595,845332,369307,5910766,246865,0,298310,0,28745.95,287.4595,8453.32,84.5332,3693.07,36.9307,59107.66,591.0766,0.8861534657952059,0.00017635205081252526,0.8858078221242872,0.8864991094661246,3243902.0,0.8748786651703394,0.0001272892205593552,0.874629182880455,0.8751281474602238,6756098.0,0.7727557556909047,0.00021727029880509632,0.7723299137269775,0.773181597654832,3719927.0,0.9411938364410732,9.387903461222987e-05,0.9410098369128785,0.9413778359692679,6280073.0,0.3243902,0.0001480409396565558,0.324100045087747,0.32468035491225306,10000000.0,0.8785361,0.00010330073620105036,0.8783336342758725,0.8787385657241276,10000000.0,0.07610125090092118,0.00014722251230327532,0.0758127000768172,0.07638980172502516,-0.04415418485640676,7.903726199361689e-05,-0.04430909504457282,-0.0439992746682407,0.03194706604451442,0.00016709684890007858,0.03161956223615683,0.03227456985287202,-5.1445,0.07381804259105629,-5.289180706028937,-4.999819293971063,24.6865,29.831
amend3_pooled,base_median13,Base case with median true AP span 13 mm (sensitivity population; no stored E3 cell),SL,10.0,A4,Largest view mean after review,100,10000000,2851246,798072,392656,5958026,223516,0,251050,0,28512.46,285.1246,7980.72,79.8072,3926.56,39.2656,59580.26,595.8026,0.8789556527909906,0.00018110142823961564,0.8786007005112924,0.8793106050706889,3243902.0,0.8818738271706539,0.0001241733286595864,0.881630451916721,0.8821172024245868,6756098.0,0.7813092747740811,0.00021638184407032194,0.7808851741494496,0.7817333753987126,3649318.0,0.93817104997542,9.557113991509509e-05,0.9379837339817475,0.9383583659690925,6350682.0,0.3243902,0.0001480409396565558,0.324100045087747,0.32468035491225306,10000000.0,0.8809272,0.00010241800051756526,0.8807264644060336,0.8811279355939664,10000000.0,0.06890343789670587,0.0001406319324331329,0.0686278043718865,0.06917907142152525,-0.03715902285609238,7.277152142653362e-05,-0.03730165241831361,-0.037016393293871144,0.0317444150406135,0.00015834467073637086,0.031434065186378354,0.03205476489484864,-2.7533999999999996,0.0688832481728613,-2.8884086866218732,-2.618391313378126,22.3516,25.105
amend3_pooled,base_median13,Base case with median true AP span 13 mm (sensitivity population; no stored E3 cell),SL,13.0,A1,Anchor-view mean,100,10000000,1093641,352783,334454,8219122,0,0,0,0,10936.41,109.3641,3527.83,35.2783,3344.54,33.4454,82191.22,821.9122,0.7658040956659046,0.000354380601486923,0.7651095224446919,0.7664986688871173,1428095.0,0.9588442709059422,6.785010344744103e-05,0.9587112871457889,0.9589772546660954,8571905.0,0.756099871130457,0.00035706541530379694,0.7554000357708165,0.7567997064900974,1446424.0,0.9608989269517217,6.627646447507377e-05,0.9607690274673033,0.9610288264361402,8553576.0,0.1428095,0.0001106412882742017,0.14259264705806896,0.14302635294193106,10000000.0,0.9312763,8.000047066005927e-05,0.9311195019575231,0.9314330980424768,10000000.0,0.0,0.0,0.0,0.0,0.0,0.0,0.0,0.0,0.0,0.0,0.0,0.0,0.0,0.0,0.0,0.0,0.0,0.0
amend3_pooled,base_median13,Base case with median true AP span 13 mm (sensitivity population; no stored E3 cell),SL,13.0,A2,Mean across views,100,10000000,879683,123554,548412,8448351,42280,256238,26569,255798,8796.83,87.9683,1235.54,12.3554,5484.12,54.8412,84483.51,844.8351,0.6159835305074243,0.0004069873646283935,0.6151858499242977,0.6167812110905508,1428095.0,0.9855861678355045,4.070974252938802e-05,0.9855063782056976,0.9856659574653113,8571905.0,0.8768446538554698,0.0003280848628409616,0.8762016193353566,0.8774876883755831,1003237.0,0.9390434092795376,7.976457011715686e-05,0.9388870735936324,0.9391997449654427,8996763.0,0.1428095,0.0001106412882742017,0.14259264705806896,0.14302635294193106,10000000.0,0.9328034,7.917147020767017e-05,0.9326482267685658,0.932958573231434,10000000.0,-0.14982056515848036,0.0003614607176877388,-0.15052901515256248,-0.14911211516439823,0.026741896929562334,6.131455219760657e-05,0.026621722614578906,0.026862071244545763,-0.12307866822891803,0.00036662422825357334,-0.12379723851782282,-0.12236009794001323,1.5271,0.07621428210354671,1.3777227507912042,1.6764772492087958,29.8078,28.2807
amend3_pooled,base_median13,Base case with median true AP span 13 mm (sensitivity population; no stored E3 cell),SL,13.0,A3,Largest view mean,100,10000000,1220546,560981,207549,8010924,126905,0,208198,0,12205.46,122.0546,5609.81,56.0981,2075.49,20.7549,80109.24,801.0924,0.8546672315217125,0.00029491831951774665,0.8540892022325173,0.8552452608109078,1428095.0,0.9345558542704334,8.446939003276263e-05,0.9343902973068673,0.9347214112339995,8571905.0,0.6851122660504163,0.0003479866145683309,0.6844302248133805,0.6857943072874522,1781527.0,0.9747460385889204,5.472867443110671e-05,0.9746387723572677,0.9748533048205731,8218473.0,0.1428095,0.0001106412882742017,0.14259264705806896,0.14302635294193106,10000000.0,0.923147,8.422981443111457e-05,0.9229819125959884,0.9233120874040117,10000000.0,0.0888631358558079,0.00023810804940085453,0.08839645265087201,0.0893298190607438,-0.024288416635508677,5.2580130276743184e-05,-0.024391471797966403,-0.02418536147305095,0.06457471922029923,0.000243844444860651,0.06409679288677236,0.06505264555382609,-8.129299999999999,0.05783097308666871,-8.242646625334839,-8.015953374665159,12.6905,20.8198
amend3_pooled,base_median13,Base case with median true AP span 13 mm (sensitivity population; no stored E3 cell),SL,13.0,A4,Largest view mean after review,100,10000000,1203059,507513,225036,8064392,109418,0,154730,0,12030.59,120.3059,5075.13,50.7513,2250.36,22.5036,80643.92,806.4392,0.8424222478196478,0.0003048834253700422,0.8418246872817259,0.8430198083575697,1428095.0,0.9407934408979101,8.061082702797453e-05,0.940635446578925,0.9409514352168952,8571905.0,0.703308016265904,0.00034926495457495885,0.7026234695284754,0.7039925630033326,1710572.0,0.9728526503879399,5.644493396787499e-05,0.9727420203493805,0.9729632804264993,8289428.0,0.1428095,0.0001106412882742017,0.14259264705806896,0.14302635294193106,10000000.0,0.9267451,8.239455056372964e-05,0.9265836096470988,0.9269065903529011,10000000.0,0.07661815215374328,0.0002225758055728641,0.07618191158754946,0.0770543927199371,-0.018050830008032055,4.547308483974407e-05,-0.018139955617286898,-0.01796170439877721,0.058567322145711226,0.00022717348144370188,0.0581220703003269,0.05901257399109555,-4.531200000000001,0.05137535228741502,-4.631893840970652,-4.430506159029349,10.9418,15.473
