part,item,condition,estimate,lower,upper,mcse,unit,n,interval_type,bracketed_by_12_scenarios,display,source,note,core
"A. Published comparison (Singh et al. 2026; 30 patients), reproduced from Tables 2 and 3",biplane below 3D average (Table 3 mean difference / mean 3D average),4CH,23.9349,,,,%,30,,,23.9,singh_reproduction.csv: percent,"3.09 / 12.91 mm; percentage reported by the authors (24, 19, 25); reproduced",True
"A. Published comparison (Singh et al. 2026; 30 patients), reproduced from Tables 2 and 3",single plane below 3D maximum (Table 3 mean difference / mean 3D maximum),4CH,48.2164,,,,%,30,,,48.2,singh_reproduction.csv: percent,"8.11 / 16.82 mm; derived (mm difference reported, percentage not)",True
"A. Published comparison (Singh et al. 2026; 30 patients), reproduced from Tables 2 and 3",single plane below 3D minimum (Table 3 mean difference / mean 3D minimum),4CH,3.22581,,,,%,30,,,3.2,singh_reproduction.csv: percent,0.29 / 8.99 mm; derived,True
"A. Published comparison (Singh et al. 2026; 30 patients), reproduced from Tables 2 and 3",orthogonal plane below 3D maximum (difference of Table 2 means),4CH,35.0773,,,,%,30,,,35.1,singh_reproduction.csv: percent,5.90 / 16.82 mm; derived; no paired statistic published,True
"A. Published comparison (Singh et al. 2026; 30 patients), reproduced from Tables 2 and 3",biplane below 3D average (Table 3 mean difference / mean 3D average),inflow,18.7452,,,,%,30,,,18.7,singh_reproduction.csv: percent,"2.42 / 12.91 mm; percentage reported by the authors (24, 19, 25); reproduced",True
"A. Published comparison (Singh et al. 2026; 30 patients), reproduced from Tables 2 and 3",single plane below 3D maximum (Table 3 mean difference / mean 3D maximum),inflow,30.7967,,,,%,30,,,30.8,singh_reproduction.csv: percent,"5.18 / 16.82 mm; derived (mm difference reported, percentage not)",True
"A. Published comparison (Singh et al. 2026; 30 patients), reproduced from Tables 2 and 3",single plane below 3D minimum (Table 3 mean difference / mean 3D minimum),inflow,-29.366,,,,%,30,,,−29.4,singh_reproduction.csv: percent,-2.64 / 8.99 mm; derived,True
"A. Published comparison (Singh et al. 2026; 30 patients), reproduced from Tables 2 and 3",orthogonal plane below 3D maximum (difference of Table 2 means),inflow,44.5303,,,,%,30,,,44.5,singh_reproduction.csv: percent,7.49 / 16.82 mm; derived; no paired statistic published,True
"A. Published comparison (Singh et al. 2026; 30 patients), reproduced from Tables 2 and 3",biplane below 3D average (Table 3 mean difference / mean 3D average),mBC,24.5546,,,,%,30,,,24.6,singh_reproduction.csv: percent,"3.17 / 12.91 mm; percentage reported by the authors (24, 19, 25); reproduced",True
"A. Published comparison (Singh et al. 2026; 30 patients), reproduced from Tables 2 and 3",single plane below 3D maximum (Table 3 mean difference / mean 3D maximum),mBC,49.2866,,,,%,30,,,49.3,singh_reproduction.csv: percent,"8.29 / 16.82 mm; derived (mm difference reported, percentage not)",True
"A. Published comparison (Singh et al. 2026; 30 patients), reproduced from Tables 2 and 3",single plane below 3D minimum (Table 3 mean difference / mean 3D minimum),mBC,5.22803,,,,%,30,,,5.2,singh_reproduction.csv: percent,0.47 / 8.99 mm; derived,True
"A. Published comparison (Singh et al. 2026; 30 patients), reproduced from Tables 2 and 3",orthogonal plane below 3D maximum (difference of Table 2 means),mBC,34.8989,,,,%,30,,,34.9,singh_reproduction.csv: percent,5.87 / 16.82 mm; derived; no paired statistic published,True
"A. Published comparison (Singh et al. 2026; 30 patients), reproduced from Tables 2 and 3","three-view mean, biplane below 3D average",all,22.4116,,,,%,30,,,22.4,singh_reproduction.csv: percent,2.89 / 12.91 mm; derived,True
"A. Published comparison (Singh et al. 2026; 30 patients), reproduced from Tables 2 and 3",minor below major diameter (ellipticity alone),3D,46.5517,,,,%,30,,,46.6,singh_reproduction.csv: percent,7.83 / 16.82 mm; derived,True
B. Corresponding quantity in the simulation model (biplane width below the mean of the true AP and SL spans),biplane shortfall at long-axis scale,scale 0.1; overestimation on,3.86033,,,0.0657078,%,100000,,,3.9 (0.07),libmatch.csv: biplane_shortfall,mean long-axis underestimation 8.0%,False
B. Corresponding quantity in the simulation model (biplane width below the mean of the true AP and SL spans),biplane shortfall at long-axis scale,scale 0.25; overestimation on,15.9997,,,0.0708173,%,100000,,,16.0 (0.07),libmatch.csv: biplane_shortfall,mean long-axis underestimation 19.9%,True
B. Corresponding quantity in the simulation model (biplane width below the mean of the true AP and SL spans),biplane shortfall at long-axis scale,scale 0.5; overestimation on,34.7678,,,0.086603,%,100000,,,34.8 (0.09),libmatch.csv: biplane_shortfall,mean long-axis underestimation 38.4%,False
B. Corresponding quantity in the simulation model (biplane width below the mean of the true AP and SL spans),biplane shortfall at long-axis scale,scale 0.1; overestimation off,6.46054,,,0.0621561,%,100000,,,6.5 (0.06),libmatch.csv: biplane_shortfall,mean long-axis underestimation 8.0%,False
B. Corresponding quantity in the simulation model (biplane width below the mean of the true AP and SL spans),biplane shortfall at long-axis scale,scale 0.25; overestimation off,18.5999,,,0.0676425,%,100000,,,18.6 (0.07),libmatch.csv: biplane_shortfall,mean long-axis underestimation 19.9%,False
B. Corresponding quantity in the simulation model (biplane width below the mean of the true AP and SL spans),biplane shortfall at long-axis scale,scale 0.5; overestimation off,37.368,,,0.0841515,%,100000,,,37.4 (0.08),libmatch.csv: biplane_shortfall,mean long-axis underestimation 38.4%,False
B. Corresponding quantity in the simulation model (biplane width below the mean of the true AP and SL spans),long-axis scale reproducing the published percentage,target 18.7% (inflow); overestimation on,0.283485,,,0.000907242,scale,100000,,,0.283 (0.0009),"libmatch.csv: L, L_mcse",mean long-axis underestimation 22.6%,True
B. Corresponding quantity in the simulation model (biplane width below the mean of the true AP and SL spans),long-axis scale reproducing the published percentage,target 22.4% (mean_three_views); overestimation on,0.329854,,,0.00096477,scale,100000,,,0.330 (0.0010),"libmatch.csv: L, L_mcse",mean long-axis underestimation 26.2%,True
B. Corresponding quantity in the simulation model (biplane width below the mean of the true AP and SL spans),long-axis scale reproducing the published percentage,target 23.9% (4CH); overestimation on,0.348958,,,0.000994336,scale,100000,,,0.349 (0.0010),"libmatch.csv: L, L_mcse",mean long-axis underestimation 27.7%,False
B. Corresponding quantity in the simulation model (biplane width below the mean of the true AP and SL spans),long-axis scale reproducing the published percentage,target 24.6% (mBC); overestimation on,0.357962,,,0.00100956,scale,100000,,,0.358 (0.0010),"libmatch.csv: L, L_mcse",mean long-axis underestimation 28.4%,True
B. Corresponding quantity in the simulation model (biplane width below the mean of the true AP and SL spans),long-axis scale reproducing the published percentage,target 18.7% (inflow); overestimation off,0.251239,,,0.00083821,scale,100000,,,0.251 (0.0008),"libmatch.csv: L, L_mcse",mean long-axis underestimation 20.0%,False
B. Corresponding quantity in the simulation model (biplane width below the mean of the true AP and SL spans),long-axis scale reproducing the published percentage,target 22.4% (mean_three_views); overestimation off,0.297188,,,0.000884821,scale,100000,,,0.297 (0.0009),"libmatch.csv: L, L_mcse",mean long-axis underestimation 23.7%,False
B. Corresponding quantity in the simulation model (biplane width below the mean of the true AP and SL spans),long-axis scale reproducing the published percentage,target 23.9% (4CH); overestimation off,0.315975,,,0.000908582,scale,100000,,,0.316 (0.0009),"libmatch.csv: L, L_mcse",mean long-axis underestimation 25.2%,False
B. Corresponding quantity in the simulation model (biplane width below the mean of the true AP and SL spans),long-axis scale reproducing the published percentage,target 24.6% (mBC); overestimation off,0.324794,,,0.000920795,scale,100000,,,0.325 (0.0009),"libmatch.csv: L, L_mcse",mean long-axis underestimation 25.8%,False
C. Elliptical-orifice calibration: mean fractional underestimation (SD of the 3D maximal diameter 5.73 mm),"AP axis, inflow primary plane vs 3D maximum (rotation and offset)",variant ind15 (primary); interval: target-sampling,29.5122,13.3164,44.6648,0.0602025,%,100000,target-sampling interval (500 redraws of the published means),,29.5 (0.06),"calibration_summary.csv: mean_fraction, mean_mcse, target_sampling_q2_5, target_sampling_q97_5",between-patient SD 19.0%,True
C. Elliptical-orifice calibration: mean fractional underestimation (SD of the 3D maximal diameter 5.73 mm),"AP axis, inflow primary plane vs 3D maximum (rotation and offset)",range of means over 7 fitted variants,,29.3336,30.0106,0.0730732,%,100000,range across variants,,29.3 to 30.0,"calibration_variant_range.csv: min_mean_fraction, max_mean_fraction","smallest in ind00, largest in mid15",True
C. Elliptical-orifice calibration: mean fractional underestimation (SD of the 3D maximal diameter 5.73 mm),"AP axis, inflow primary plane, rotation component",variant ind15 (primary); interval: target-sampling,23.0789,5.83423,37.2489,0.0559202,%,100000,target-sampling interval (500 redraws of the published means),,23.1 (0.06),"calibration_summary.csv: mean_fraction, mean_mcse, target_sampling_q2_5, target_sampling_q97_5",between-patient SD 17.7%,True
C. Elliptical-orifice calibration: mean fractional underestimation (SD of the 3D maximal diameter 5.73 mm),"AP axis, inflow primary plane, rotation component",range of means over 7 fitted variants,,14.2508,24.6863,0.0482188,%,100000,range across variants,,14.3 to 24.7,"calibration_variant_range.csv: min_mean_fraction, max_mean_fraction","smallest in mid15, largest in ind00",True
C. Elliptical-orifice calibration: mean fractional underestimation (SD of the 3D maximal diameter 5.73 mm),"AP axis, inflow primary plane, off-centre component (plane on axis)",variant ind15 (primary); interval: target-sampling,8.35604,0,24.1952,0.0400733,%,100000,target-sampling interval (500 redraws of the published means),,8.4 (0.04),"calibration_summary.csv: mean_fraction, mean_mcse, target_sampling_q2_5, target_sampling_q97_5",between-patient SD 12.7%,True
C. Elliptical-orifice calibration: mean fractional underestimation (SD of the 3D maximal diameter 5.73 mm),"AP axis, inflow primary plane, off-centre component (plane on axis)",range of means over 7 fitted variants,,6.17188,18.3694,0.0707024,%,100000,range across variants,,6.2 to 18.4,"calibration_variant_range.csv: min_mean_fraction, max_mean_fraction","smallest in ind00, largest in mid15",True
C. Elliptical-orifice calibration: mean fractional underestimation (SD of the 3D maximal diameter 5.73 mm),"AP axis, 4CH orthogonal plane vs 3D maximum",variant ind15 (primary); interval: target-sampling,33.9327,21.0716,46.4097,0.068027,%,100000,target-sampling interval (500 redraws of the published means),,33.9 (0.07),"calibration_summary.csv: mean_fraction, mean_mcse, target_sampling_q2_5, target_sampling_q97_5",between-patient SD 21.5%,False
C. Elliptical-orifice calibration: mean fractional underestimation (SD of the 3D maximal diameter 5.73 mm),"AP axis, 4CH orthogonal plane vs 3D maximum",range of means over 8 fitted variants,,33.2482,34.1442,0.0745071,%,100000,range across variants,,33.2 to 34.1,"calibration_variant_range.csv: min_mean_fraction, max_mean_fraction","smallest in mid00, largest in ind30",False
C. Elliptical-orifice calibration: mean fractional underestimation (SD of the 3D maximal diameter 5.73 mm),"AP axis, mBC orthogonal plane vs 3D maximum",variant ind15 (primary); interval: target-sampling,33.8009,20.775,46.5437,0.0692652,%,100000,target-sampling interval (500 redraws of the published means),,33.8 (0.07),"calibration_summary.csv: mean_fraction, mean_mcse, target_sampling_q2_5, target_sampling_q97_5",between-patient SD 21.9%,False
C. Elliptical-orifice calibration: mean fractional underestimation (SD of the 3D maximal diameter 5.73 mm),"AP axis, mBC orthogonal plane vs 3D maximum",range of means over 8 fitted variants,,33.0672,33.9981,0.0751442,%,100000,range across variants,,33.1 to 34.0,"calibration_variant_range.csv: min_mean_fraction, max_mean_fraction","smallest in mid00, largest in ind30",False
C. Elliptical-orifice calibration: mean fractional underestimation (SD of the 3D maximal diameter 5.73 mm),"AP axis, 4CH orthogonal plane, off-centre component",variant ind15 (primary); interval: target-sampling,14.3767,0.283265,25.9253,0.0610307,%,100000,target-sampling interval (500 redraws of the published means),,14.4 (0.06),"calibration_summary.csv: mean_fraction, mean_mcse, target_sampling_q2_5, target_sampling_q97_5",between-patient SD 19.3%,False
C. Elliptical-orifice calibration: mean fractional underestimation (SD of the 3D maximal diameter 5.73 mm),"AP axis, 4CH orthogonal plane, off-centre component",range of means over 8 fitted variants,,4.56402,16.6266,0.0669503,%,100000,range across variants,,4.6 to 16.6,"calibration_variant_range.csv: min_mean_fraction, max_mean_fraction","smallest in mid30, largest in ind30",False
C. Elliptical-orifice calibration: mean fractional underestimation (SD of the 3D maximal diameter 5.73 mm),"AP axis, mBC orthogonal plane, off-centre component",variant ind15 (primary); interval: target-sampling,15.3091,1.63349,27.7084,0.0635983,%,100000,target-sampling interval (500 redraws of the published means),,15.3 (0.06),"calibration_summary.csv: mean_fraction, mean_mcse, target_sampling_q2_5, target_sampling_q97_5",between-patient SD 20.1%,False
C. Elliptical-orifice calibration: mean fractional underestimation (SD of the 3D maximal diameter 5.73 mm),"AP axis, mBC orthogonal plane, off-centre component",range of means over 8 fitted variants,,4.74038,17.3479,0.0686625,%,100000,range across variants,,4.7 to 17.3,"calibration_variant_range.csv: min_mean_fraction, max_mean_fraction","smallest in mid30, largest in ind30",False
C. Elliptical-orifice calibration: mean fractional underestimation (SD of the 3D maximal diameter 5.73 mm),"SL axis, 4CH primary plane vs 3D minimum (rotation and offset)",variant ind15 (primary); interval: target-sampling,2.39856,-19.1791,18.8506,0.0805278,%,100000,target-sampling interval (500 redraws of the published means),,2.4 (0.08),"calibration_summary.csv: mean_fraction, mean_mcse, target_sampling_q2_5, target_sampling_q97_5",between-patient SD 25.5%,False
C. Elliptical-orifice calibration: mean fractional underestimation (SD of the 3D maximal diameter 5.73 mm),"SL axis, 4CH primary plane vs 3D minimum (rotation and offset)",range of means over 8 fitted variants,,-0.0339815,2.76497,0.166247,%,100000,range across variants,,−0.0 to 2.8,"calibration_variant_range.csv: min_mean_fraction, max_mean_fraction","smallest in mid30, largest in ind00",False
C. Elliptical-orifice calibration: mean fractional underestimation (SD of the 3D maximal diameter 5.73 mm),"SL axis, 4CH primary plane, off-centre component (plane on axis)",variant ind15 (primary); interval: target-sampling,14.2997,0.286001,26.0358,0.0605422,%,100000,target-sampling interval (500 redraws of the published means),,14.3 (0.06),"calibration_summary.csv: mean_fraction, mean_mcse, target_sampling_q2_5, target_sampling_q97_5",between-patient SD 19.1%,False
C. Elliptical-orifice calibration: mean fractional underestimation (SD of the 3D maximal diameter 5.73 mm),"SL axis, 4CH primary plane, off-centre component (plane on axis)",range of means over 8 fitted variants,,12.2841,27.4361,0.0853217,%,100000,range across variants,,12.3 to 27.4,"calibration_variant_range.csv: min_mean_fraction, max_mean_fraction","smallest in ind00, largest in mid30",False
C. Elliptical-orifice calibration: mean fractional underestimation (SD of the 3D maximal diameter 5.73 mm),"SL axis, mBC primary plane vs 3D minimum (rotation and offset)",variant ind15 (primary); interval: target-sampling,4.38332,-17.2197,21.4724,0.081074,%,100000,target-sampling interval (500 redraws of the published means),,4.4 (0.08),"calibration_summary.csv: mean_fraction, mean_mcse, target_sampling_q2_5, target_sampling_q97_5",between-patient SD 25.6%,False
C. Elliptical-orifice calibration: mean fractional underestimation (SD of the 3D maximal diameter 5.73 mm),"SL axis, mBC primary plane vs 3D minimum (rotation and offset)",range of means over 8 fitted variants,,1.99847,4.71709,0.165271,%,100000,range across variants,,2.0 to 4.7,"calibration_variant_range.csv: min_mean_fraction, max_mean_fraction","smallest in mid30, largest in ind00",False
C. Elliptical-orifice calibration: mean fractional underestimation (SD of the 3D maximal diameter 5.73 mm),"SL axis, mBC primary plane, off-centre component (plane on axis)",variant ind15 (primary); interval: target-sampling,15.2316,1.64985,27.7775,0.0630995,%,100000,target-sampling interval (500 redraws of the published means),,15.2 (0.06),"calibration_summary.csv: mean_fraction, mean_mcse, target_sampling_q2_5, target_sampling_q97_5",between-patient SD 20.0%,False
C. Elliptical-orifice calibration: mean fractional underestimation (SD of the 3D maximal diameter 5.73 mm),"SL axis, mBC primary plane, off-centre component (plane on axis)",range of means over 8 fitted variants,,13.3071,28.5672,0.08653,%,100000,range across variants,,13.3 to 28.6,"calibration_variant_range.csv: min_mean_fraction, max_mean_fraction","smallest in ind00, largest in mid30",False
C. Elliptical-orifice calibration: mean fractional underestimation (SD of the 3D maximal diameter 5.73 mm),"SL axis, inflow orthogonal plane vs 3D minimum",variant ind15 (primary); interval: target-sampling,-4.56644,,,0.0642109,%,100000,,,−4.6 (0.06),"calibration_summary.csv: mean_fraction, mean_mcse, target_sampling_q2_5, target_sampling_q97_5",between-patient SD 20.3%,False
C. Elliptical-orifice calibration: mean fractional underestimation (SD of the 3D maximal diameter 5.73 mm),"SL axis, inflow orthogonal plane vs 3D minimum",range of means over 7 fitted variants,,-5.33088,-3.35087,0.105301,%,100000,range across variants,,−5.3 to −3.4,"calibration_variant_range.csv: min_mean_fraction, max_mean_fraction","smallest in ind30, largest in mid00",False
C. Elliptical-orifice calibration: mean fractional underestimation (SD of the 3D maximal diameter 5.73 mm),cross-plane maximum of the inflow view vs 3D maximum,variant ind15 (primary); interval: target-sampling,26.457,,,0.0532939,%,100000,,,26.5 (0.05),"calibration_summary.csv: mean_fraction, mean_mcse, target_sampling_q2_5, target_sampling_q97_5",between-patient SD 16.9%,False
C. Elliptical-orifice calibration: mean fractional underestimation (SD of the 3D maximal diameter 5.73 mm),cross-plane maximum of the inflow view vs 3D maximum,range of means over 7 fitted variants,,23.6766,28.6223,0.0549642,%,100000,range across variants,,23.7 to 28.6,"calibration_variant_range.csv: min_mean_fraction, max_mean_fraction","smallest in ind30, largest in ind00",False
C. Elliptical-orifice calibration: mean fractional underestimation (SD of the 3D maximal diameter 5.73 mm),cross-plane maximum of the 4CH view vs 3D maximum,variant ind15 (primary); interval: target-sampling,29.2368,,,0.0566023,%,100000,,,29.2 (0.06),"calibration_summary.csv: mean_fraction, mean_mcse, target_sampling_q2_5, target_sampling_q97_5",between-patient SD 17.9%,False
C. Elliptical-orifice calibration: mean fractional underestimation (SD of the 3D maximal diameter 5.73 mm),cross-plane maximum of the 4CH view vs 3D maximum,range of means over 8 fitted variants,,26.7522,33.2482,0.0636186,%,100000,range across variants,,26.8 to 33.2,"calibration_variant_range.csv: min_mean_fraction, max_mean_fraction","smallest in mid30, largest in mid00",False
C. Elliptical-orifice calibration: mean fractional underestimation (SD of the 3D maximal diameter 5.73 mm),published estimand: inflow biplane vs 3D average,variant ind15 (primary); interval: target-sampling,18.9341,7.96096,31.4425,0.0437925,%,100000,target-sampling interval (500 redraws of the published means),,18.9 (0.04),"calibration_summary.csv: mean_fraction, mean_mcse, target_sampling_q2_5, target_sampling_q97_5",between-patient SD 13.8%,False
C. Elliptical-orifice calibration: mean fractional underestimation (SD of the 3D maximal diameter 5.73 mm),published estimand: inflow biplane vs 3D average,range of means over 7 fitted variants,,18.9168,18.9696,0.0531526,%,100000,range across variants,,18.9 to 19.0,"calibration_variant_range.csv: min_mean_fraction, max_mean_fraction","smallest in mid15, largest in ind00",False
C. Elliptical-orifice calibration: mean fractional underestimation (SD of the 3D maximal diameter 5.73 mm),published estimand: 4CH biplane vs 3D average,variant ind15 (primary); interval: target-sampling,24.1499,13.9589,34.3912,0.051198,%,100000,target-sampling interval (500 redraws of the published means),,24.1 (0.05),"calibration_summary.csv: mean_fraction, mean_mcse, target_sampling_q2_5, target_sampling_q97_5",between-patient SD 16.2%,False
C. Elliptical-orifice calibration: mean fractional underestimation (SD of the 3D maximal diameter 5.73 mm),published estimand: 4CH biplane vs 3D average,range of means over 8 fitted variants,,24.1288,24.1851,0.0487322,%,100000,range across variants,,24.1 to 24.2,"calibration_variant_range.csv: min_mean_fraction, max_mean_fraction","smallest in ind15c80, largest in ind00",False
C. Elliptical-orifice calibration: mean fractional underestimation (SD of the 3D maximal diameter 5.73 mm),published estimand: mBC biplane vs 3D average,variant ind15 (primary); interval: target-sampling,24.6873,14.1426,36.0986,0.0522046,%,100000,target-sampling interval (500 redraws of the published means),,24.7 (0.05),"calibration_summary.csv: mean_fraction, mean_mcse, target_sampling_q2_5, target_sampling_q97_5",between-patient SD 16.5%,False
C. Elliptical-orifice calibration: mean fractional underestimation (SD of the 3D maximal diameter 5.73 mm),published estimand: mBC biplane vs 3D average,range of means over 8 fitted variants,,24.6668,24.7225,0.0496104,%,100000,range across variants,,24.7 to 24.7,"calibration_variant_range.csv: min_mean_fraction, max_mean_fraction","smallest in ind15c80, largest in ind00",False
C2. Sensitivity to the reading of the misprinted confidence interval of the 3D maximal diameter (14.68 to 19.96 about 16.82 mm),"inflow primary plane vs 3D maximum, reading 1 (rotation and offset)",SD 7.07 mm (half the full width); variant ind00,25.1388,,,0.0677116,%,100000,,,25.1 (0.07),"followup_sd_sensitivity.csv: mean_fraction, mean_mcse",between-patient SD 21.4%; implied correlation of maximal and minimal diameter 0.10; implied mean sphericity index 2.44 (published 2.04 (95% CI 1.73 to 2.35)); fit converged: True,True
C2. Sensitivity to the reading of the misprinted confidence interval of the 3D maximal diameter (14.68 to 19.96 about 16.82 mm),"inflow primary plane, rotation component",SD 7.07 mm (half the full width); variant ind00,22.3501,,,0.0687019,%,100000,,,22.4 (0.07),"followup_sd_sensitivity.csv: mean_fraction, mean_mcse",between-patient SD 21.7%; implied correlation of maximal and minimal diameter 0.10; implied mean sphericity index 2.44 (published 2.04 (95% CI 1.73 to 2.35)); fit converged: True,True
C2. Sensitivity to the reading of the misprinted confidence interval of the 3D maximal diameter (14.68 to 19.96 about 16.82 mm),"inflow primary plane, off-centre component (reading 2)",SD 7.07 mm (half the full width); variant ind00,3.59404,,,0.0173198,%,100000,,,3.6 (0.02),"followup_sd_sensitivity.csv: mean_fraction, mean_mcse",between-patient SD 5.5%; implied correlation of maximal and minimal diameter 0.10; implied mean sphericity index 2.44 (published 2.04 (95% CI 1.73 to 2.35)); fit converged: True,True
C2. Sensitivity to the reading of the misprinted confidence interval of the 3D maximal diameter (14.68 to 19.96 about 16.82 mm),"4CH orthogonal plane vs 3D maximum, reading 1",SD 7.07 mm (half the full width); variant ind00,29.8591,,,0.0721816,%,100000,,,29.9 (0.07),"followup_sd_sensitivity.csv: mean_fraction, mean_mcse",between-patient SD 22.8%; implied correlation of maximal and minimal diameter 0.10; implied mean sphericity index 2.44 (published 2.04 (95% CI 1.73 to 2.35)); fit converged: True,False
C2. Sensitivity to the reading of the misprinted confidence interval of the 3D maximal diameter (14.68 to 19.96 about 16.82 mm),"mBC orthogonal plane vs 3D maximum, reading 1",SD 7.07 mm (half the full width); variant ind00,29.8583,,,0.0727037,%,100000,,,29.9 (0.07),"followup_sd_sensitivity.csv: mean_fraction, mean_mcse",between-patient SD 23.0%; implied correlation of maximal and minimal diameter 0.10; implied mean sphericity index 2.44 (published 2.04 (95% CI 1.73 to 2.35)); fit converged: True,False
C2. Sensitivity to the reading of the misprinted confidence interval of the 3D maximal diameter (14.68 to 19.96 about 16.82 mm),"4CH primary plane vs 3D minimum (SL axis), reading 1",SD 7.07 mm (half the full width); variant ind00,2.64923,,,0.0513914,%,100000,,,2.6 (0.05),"followup_sd_sensitivity.csv: mean_fraction, mean_mcse",between-patient SD 16.3%; implied correlation of maximal and minimal diameter 0.10; implied mean sphericity index 2.44 (published 2.04 (95% CI 1.73 to 2.35)); fit converged: True,False
C2. Sensitivity to the reading of the misprinted confidence interval of the 3D maximal diameter (14.68 to 19.96 about 16.82 mm),"4CH primary plane, off-centre component (SL axis, reading 2)",SD 7.07 mm (half the full width); variant ind00,9.90152,,,0.0461524,%,100000,,,9.9 (0.05),"followup_sd_sensitivity.csv: mean_fraction, mean_mcse",between-patient SD 14.6%; implied correlation of maximal and minimal diameter 0.10; implied mean sphericity index 2.44 (published 2.04 (95% CI 1.73 to 2.35)); fit converged: True,False
C2. Sensitivity to the reading of the misprinted confidence interval of the 3D maximal diameter (14.68 to 19.96 about 16.82 mm),"inflow biplane vs 3D average (published estimand, per-patient mean)",SD 7.07 mm (half the full width); variant ind00,17.2807,,,0.0592695,%,100000,,,17.3 (0.06),"followup_sd_sensitivity.csv: mean_fraction, mean_mcse",between-patient SD 18.7%; implied correlation of maximal and minimal diameter 0.10; implied mean sphericity index 2.44 (published 2.04 (95% CI 1.73 to 2.35)); fit converged: True,False
C2. Sensitivity to the reading of the misprinted confidence interval of the 3D maximal diameter (14.68 to 19.96 about 16.82 mm),"inflow primary plane vs 3D maximum, reading 1 (rotation and offset)",SD 5.73 mm (lower half-width (main choice)); variant ind00,29.3336,,,0.050715,%,100000,,,29.3 (0.05),"followup_sd_sensitivity.csv: mean_fraction, mean_mcse",between-patient SD 16.0%; implied correlation of maximal and minimal diameter 0.56; implied mean sphericity index 2.06 (published 2.04 (95% CI 1.73 to 2.35)); fit converged: True,False
C2. Sensitivity to the reading of the misprinted confidence interval of the 3D maximal diameter (14.68 to 19.96 about 16.82 mm),"inflow primary plane, rotation component",SD 5.73 mm (lower half-width (main choice)); variant ind00,24.6863,,,0.0479717,%,100000,,,24.7 (0.05),"followup_sd_sensitivity.csv: mean_fraction, mean_mcse",between-patient SD 15.2%; implied correlation of maximal and minimal diameter 0.56; implied mean sphericity index 2.06 (published 2.04 (95% CI 1.73 to 2.35)); fit converged: True,False
C2. Sensitivity to the reading of the misprinted confidence interval of the 3D maximal diameter (14.68 to 19.96 about 16.82 mm),"inflow primary plane, off-centre component (reading 2)",SD 5.73 mm (lower half-width (main choice)); variant ind00,6.17188,,,0.0303651,%,100000,,,6.2 (0.03),"followup_sd_sensitivity.csv: mean_fraction, mean_mcse",between-patient SD 9.6%; implied correlation of maximal and minimal diameter 0.56; implied mean sphericity index 2.06 (published 2.04 (95% CI 1.73 to 2.35)); fit converged: True,False
C2. Sensitivity to the reading of the misprinted confidence interval of the 3D maximal diameter (14.68 to 19.96 about 16.82 mm),"4CH orthogonal plane vs 3D maximum, reading 1",SD 5.73 mm (lower half-width (main choice)); variant ind00,33.7587,,,0.0595124,%,100000,,,33.8 (0.06),"followup_sd_sensitivity.csv: mean_fraction, mean_mcse",between-patient SD 18.8%; implied correlation of maximal and minimal diameter 0.56; implied mean sphericity index 2.06 (published 2.04 (95% CI 1.73 to 2.35)); fit converged: True,False
C2. Sensitivity to the reading of the misprinted confidence interval of the 3D maximal diameter (14.68 to 19.96 about 16.82 mm),"mBC orthogonal plane vs 3D maximum, reading 1",SD 5.73 mm (lower half-width (main choice)); variant ind00,33.6248,,,0.0608762,%,100000,,,33.6 (0.06),"followup_sd_sensitivity.csv: mean_fraction, mean_mcse",between-patient SD 19.3%; implied correlation of maximal and minimal diameter 0.56; implied mean sphericity index 2.06 (published 2.04 (95% CI 1.73 to 2.35)); fit converged: True,False
C2. Sensitivity to the reading of the misprinted confidence interval of the 3D maximal diameter (14.68 to 19.96 about 16.82 mm),"4CH primary plane vs 3D minimum (SL axis), reading 1",SD 5.73 mm (lower half-width (main choice)); variant ind00,2.76497,,,0.0611647,%,100000,,,2.8 (0.06),"followup_sd_sensitivity.csv: mean_fraction, mean_mcse",between-patient SD 19.3%; implied correlation of maximal and minimal diameter 0.56; implied mean sphericity index 2.06 (published 2.04 (95% CI 1.73 to 2.35)); fit converged: True,False
C2. Sensitivity to the reading of the misprinted confidence interval of the 3D maximal diameter (14.68 to 19.96 about 16.82 mm),"4CH primary plane, off-centre component (SL axis, reading 2)",SD 5.73 mm (lower half-width (main choice)); variant ind00,12.2841,,,0.0544559,%,100000,,,12.3 (0.05),"followup_sd_sensitivity.csv: mean_fraction, mean_mcse",between-patient SD 17.2%; implied correlation of maximal and minimal diameter 0.56; implied mean sphericity index 2.06 (published 2.04 (95% CI 1.73 to 2.35)); fit converged: True,False
C2. Sensitivity to the reading of the misprinted confidence interval of the 3D maximal diameter (14.68 to 19.96 about 16.82 mm),"inflow biplane vs 3D average (published estimand, per-patient mean)",SD 5.73 mm (lower half-width (main choice)); variant ind00,18.9696,,,0.0419718,%,100000,,,19.0 (0.04),"followup_sd_sensitivity.csv: mean_fraction, mean_mcse",between-patient SD 13.3%; implied correlation of maximal and minimal diameter 0.56; implied mean sphericity index 2.06 (published 2.04 (95% CI 1.73 to 2.35)); fit converged: True,False
C2. Sensitivity to the reading of the misprinted confidence interval of the 3D maximal diameter (14.68 to 19.96 about 16.82 mm),"inflow primary plane vs 3D maximum, reading 1 (rotation and offset)",SD 8.41 mm (upper half-width); variant ind00,20.5089,,,0.080807,%,100000,,,20.5 (0.08),"followup_sd_sensitivity.csv: mean_fraction, mean_mcse",between-patient SD 25.6%; implied correlation of maximal and minimal diameter -0.27; implied mean sphericity index 3.97 (published 2.04 (95% CI 1.73 to 2.35)); fit converged: True,False
C2. Sensitivity to the reading of the misprinted confidence interval of the 3D maximal diameter (14.68 to 19.96 about 16.82 mm),"inflow primary plane, rotation component",SD 8.41 mm (upper half-width); variant ind00,19.6901,,,0.0815371,%,100000,,,19.7 (0.08),"followup_sd_sensitivity.csv: mean_fraction, mean_mcse",between-patient SD 25.8%; implied correlation of maximal and minimal diameter -0.27; implied mean sphericity index 3.97 (published 2.04 (95% CI 1.73 to 2.35)); fit converged: True,False
C2. Sensitivity to the reading of the misprinted confidence interval of the 3D maximal diameter (14.68 to 19.96 about 16.82 mm),"inflow primary plane, off-centre component (reading 2)",SD 8.41 mm (upper half-width); variant ind00,1.02089,,,0.00464714,%,100000,,,1.0 (0.00),"followup_sd_sensitivity.csv: mean_fraction, mean_mcse",between-patient SD 1.5%; implied correlation of maximal and minimal diameter -0.27; implied mean sphericity index 3.97 (published 2.04 (95% CI 1.73 to 2.35)); fit converged: True,False
C2. Sensitivity to the reading of the misprinted confidence interval of the 3D maximal diameter (14.68 to 19.96 about 16.82 mm),"4CH orthogonal plane vs 3D maximum, reading 1",SD 8.41 mm (upper half-width); variant ind00,25.5422,,,0.0812429,%,100000,,,25.5 (0.08),"followup_sd_sensitivity.csv: mean_fraction, mean_mcse",between-patient SD 25.7%; implied correlation of maximal and minimal diameter -0.27; implied mean sphericity index 3.97 (published 2.04 (95% CI 1.73 to 2.35)); fit converged: True,False
C2. Sensitivity to the reading of the misprinted confidence interval of the 3D maximal diameter (14.68 to 19.96 about 16.82 mm),"mBC orthogonal plane vs 3D maximum, reading 1",SD 8.41 mm (upper half-width); variant ind00,25.7053,,,0.0810718,%,100000,,,25.7 (0.08),"followup_sd_sensitivity.csv: mean_fraction, mean_mcse",between-patient SD 25.6%; implied correlation of maximal and minimal diameter -0.27; implied mean sphericity index 3.97 (published 2.04 (95% CI 1.73 to 2.35)); fit converged: True,False
C2. Sensitivity to the reading of the misprinted confidence interval of the 3D maximal diameter (14.68 to 19.96 about 16.82 mm),"4CH primary plane vs 3D minimum (SL axis), reading 1",SD 8.41 mm (upper half-width); variant ind00,2.63338,,,0.0403182,%,100000,,,2.6 (0.04),"followup_sd_sensitivity.csv: mean_fraction, mean_mcse",between-patient SD 12.7%; implied correlation of maximal and minimal diameter -0.27; implied mean sphericity index 3.97 (published 2.04 (95% CI 1.73 to 2.35)); fit converged: True,False
C2. Sensitivity to the reading of the misprinted confidence interval of the 3D maximal diameter (14.68 to 19.96 about 16.82 mm),"4CH primary plane, off-centre component (SL axis, reading 2)",SD 8.41 mm (upper half-width); variant ind00,7.53508,,,0.0366169,%,100000,,,7.5 (0.04),"followup_sd_sensitivity.csv: mean_fraction, mean_mcse",between-patient SD 11.6%; implied correlation of maximal and minimal diameter -0.27; implied mean sphericity index 3.97 (published 2.04 (95% CI 1.73 to 2.35)); fit converged: True,False
C2. Sensitivity to the reading of the misprinted confidence interval of the 3D maximal diameter (14.68 to 19.96 about 16.82 mm),"inflow biplane vs 3D average (published estimand, per-patient mean)",SD 8.41 mm (upper half-width); variant ind00,15.1421,,,0.0738924,%,100000,,,15.1 (0.07),"followup_sd_sensitivity.csv: mean_fraction, mean_mcse",between-patient SD 23.4%; implied correlation of maximal and minimal diameter -0.27; implied mean sphericity index 3.97 (published 2.04 (95% CI 1.73 to 2.35)); fit converged: True,False
C2. Sensitivity to the reading of the misprinted confidence interval of the 3D maximal diameter (14.68 to 19.96 about 16.82 mm),"inflow primary plane vs 3D maximum, reading 1 (rotation and offset)",SD 7.07 mm (half the full width); variant ind15,25.7273,,,0.0709853,%,100000,,,25.7 (0.07),"followup_sd_sensitivity.csv: mean_fraction, mean_mcse",between-patient SD 22.4%; implied correlation of maximal and minimal diameter 0.10; implied mean sphericity index 2.44 (published 2.04 (95% CI 1.73 to 2.35)); fit converged: True,True
C2. Sensitivity to the reading of the misprinted confidence interval of the 3D maximal diameter (14.68 to 19.96 about 16.82 mm),"inflow primary plane, rotation component",SD 7.07 mm (half the full width); variant ind15,21.207,,,0.0711865,%,100000,,,21.2 (0.07),"followup_sd_sensitivity.csv: mean_fraction, mean_mcse",between-patient SD 22.5%; implied correlation of maximal and minimal diameter 0.10; implied mean sphericity index 2.44 (published 2.04 (95% CI 1.73 to 2.35)); fit converged: True,True
C2. Sensitivity to the reading of the misprinted confidence interval of the 3D maximal diameter (14.68 to 19.96 about 16.82 mm),"inflow primary plane, off-centre component (reading 2)",SD 7.07 mm (half the full width); variant ind15,5.73607,,,0.0282584,%,100000,,,5.7 (0.03),"followup_sd_sensitivity.csv: mean_fraction, mean_mcse",between-patient SD 8.9%; implied correlation of maximal and minimal diameter 0.10; implied mean sphericity index 2.44 (published 2.04 (95% CI 1.73 to 2.35)); fit converged: True,True
C2. Sensitivity to the reading of the misprinted confidence interval of the 3D maximal diameter (14.68 to 19.96 about 16.82 mm),"4CH orthogonal plane vs 3D maximum, reading 1",SD 7.07 mm (half the full width); variant ind15,30.4374,,,0.0765433,%,100000,,,30.4 (0.08),"followup_sd_sensitivity.csv: mean_fraction, mean_mcse",between-patient SD 24.2%; implied correlation of maximal and minimal diameter 0.10; implied mean sphericity index 2.44 (published 2.04 (95% CI 1.73 to 2.35)); fit converged: True,False
C2. Sensitivity to the reading of the misprinted confidence interval of the 3D maximal diameter (14.68 to 19.96 about 16.82 mm),"mBC orthogonal plane vs 3D maximum, reading 1",SD 7.07 mm (half the full width); variant ind15,30.442,,,0.0771468,%,100000,,,30.4 (0.08),"followup_sd_sensitivity.csv: mean_fraction, mean_mcse",between-patient SD 24.4%; implied correlation of maximal and minimal diameter 0.10; implied mean sphericity index 2.44 (published 2.04 (95% CI 1.73 to 2.35)); fit converged: True,False
C2. Sensitivity to the reading of the misprinted confidence interval of the 3D maximal diameter (14.68 to 19.96 about 16.82 mm),"4CH primary plane vs 3D minimum (SL axis), reading 1",SD 7.07 mm (half the full width); variant ind15,2.12681,,,0.0728254,%,100000,,,2.1 (0.07),"followup_sd_sensitivity.csv: mean_fraction, mean_mcse",between-patient SD 23.0%; implied correlation of maximal and minimal diameter 0.10; implied mean sphericity index 2.44 (published 2.04 (95% CI 1.73 to 2.35)); fit converged: True,False
C2. Sensitivity to the reading of the misprinted confidence interval of the 3D maximal diameter (14.68 to 19.96 about 16.82 mm),"4CH primary plane, off-centre component (SL axis, reading 2)",SD 7.07 mm (half the full width); variant ind15,11.8846,,,0.0531469,%,100000,,,11.9 (0.05),"followup_sd_sensitivity.csv: mean_fraction, mean_mcse",between-patient SD 16.8%; implied correlation of maximal and minimal diameter 0.10; implied mean sphericity index 2.44 (published 2.04 (95% CI 1.73 to 2.35)); fit converged: True,False
C2. Sensitivity to the reading of the misprinted confidence interval of the 3D maximal diameter (14.68 to 19.96 about 16.82 mm),"inflow biplane vs 3D average (published estimand, per-patient mean)",SD 7.07 mm (half the full width); variant ind15,17.446,,,0.0573943,%,100000,,,17.4 (0.06),"followup_sd_sensitivity.csv: mean_fraction, mean_mcse",between-patient SD 18.1%; implied correlation of maximal and minimal diameter 0.10; implied mean sphericity index 2.44 (published 2.04 (95% CI 1.73 to 2.35)); fit converged: True,False
C2. Sensitivity to the reading of the misprinted confidence interval of the 3D maximal diameter (14.68 to 19.96 about 16.82 mm),"inflow primary plane vs 3D maximum, reading 1 (rotation and offset)",SD 5.73 mm (lower half-width (main choice)); variant ind15,29.5122,,,0.0602025,%,100000,,,29.5 (0.06),"followup_sd_sensitivity.csv: mean_fraction, mean_mcse",between-patient SD 19.0%; implied correlation of maximal and minimal diameter 0.56; implied mean sphericity index 2.06 (published 2.04 (95% CI 1.73 to 2.35)); fit converged: True,False
C2. Sensitivity to the reading of the misprinted confidence interval of the 3D maximal diameter (14.68 to 19.96 about 16.82 mm),"inflow primary plane, rotation component",SD 5.73 mm (lower half-width (main choice)); variant ind15,23.0789,,,0.0559202,%,100000,,,23.1 (0.06),"followup_sd_sensitivity.csv: mean_fraction, mean_mcse",between-patient SD 17.7%; implied correlation of maximal and minimal diameter 0.56; implied mean sphericity index 2.06 (published 2.04 (95% CI 1.73 to 2.35)); fit converged: True,False
C2. Sensitivity to the reading of the misprinted confidence interval of the 3D maximal diameter (14.68 to 19.96 about 16.82 mm),"inflow primary plane, off-centre component (reading 2)",SD 5.73 mm (lower half-width (main choice)); variant ind15,8.35604,,,0.0400733,%,100000,,,8.4 (0.04),"followup_sd_sensitivity.csv: mean_fraction, mean_mcse",between-patient SD 12.7%; implied correlation of maximal and minimal diameter 0.56; implied mean sphericity index 2.06 (published 2.04 (95% CI 1.73 to 2.35)); fit converged: True,False
C2. Sensitivity to the reading of the misprinted confidence interval of the 3D maximal diameter (14.68 to 19.96 about 16.82 mm),"4CH orthogonal plane vs 3D maximum, reading 1",SD 5.73 mm (lower half-width (main choice)); variant ind15,33.9327,,,0.068027,%,100000,,,33.9 (0.07),"followup_sd_sensitivity.csv: mean_fraction, mean_mcse",between-patient SD 21.5%; implied correlation of maximal and minimal diameter 0.56; implied mean sphericity index 2.06 (published 2.04 (95% CI 1.73 to 2.35)); fit converged: True,False
C2. Sensitivity to the reading of the misprinted confidence interval of the 3D maximal diameter (14.68 to 19.96 about 16.82 mm),"mBC orthogonal plane vs 3D maximum, reading 1",SD 5.73 mm (lower half-width (main choice)); variant ind15,33.8009,,,0.0692652,%,100000,,,33.8 (0.07),"followup_sd_sensitivity.csv: mean_fraction, mean_mcse",between-patient SD 21.9%; implied correlation of maximal and minimal diameter 0.56; implied mean sphericity index 2.06 (published 2.04 (95% CI 1.73 to 2.35)); fit converged: True,False
C2. Sensitivity to the reading of the misprinted confidence interval of the 3D maximal diameter (14.68 to 19.96 about 16.82 mm),"4CH primary plane vs 3D minimum (SL axis), reading 1",SD 5.73 mm (lower half-width (main choice)); variant ind15,2.39856,,,0.0805278,%,100000,,,2.4 (0.08),"followup_sd_sensitivity.csv: mean_fraction, mean_mcse",between-patient SD 25.5%; implied correlation of maximal and minimal diameter 0.56; implied mean sphericity index 2.06 (published 2.04 (95% CI 1.73 to 2.35)); fit converged: True,False
C2. Sensitivity to the reading of the misprinted confidence interval of the 3D maximal diameter (14.68 to 19.96 about 16.82 mm),"4CH primary plane, off-centre component (SL axis, reading 2)",SD 5.73 mm (lower half-width (main choice)); variant ind15,14.2997,,,0.0605422,%,100000,,,14.3 (0.06),"followup_sd_sensitivity.csv: mean_fraction, mean_mcse",between-patient SD 19.1%; implied correlation of maximal and minimal diameter 0.56; implied mean sphericity index 2.06 (published 2.04 (95% CI 1.73 to 2.35)); fit converged: True,False
C2. Sensitivity to the reading of the misprinted confidence interval of the 3D maximal diameter (14.68 to 19.96 about 16.82 mm),"inflow biplane vs 3D average (published estimand, per-patient mean)",SD 5.73 mm (lower half-width (main choice)); variant ind15,18.9341,,,0.0437925,%,100000,,,18.9 (0.04),"followup_sd_sensitivity.csv: mean_fraction, mean_mcse",between-patient SD 13.8%; implied correlation of maximal and minimal diameter 0.56; implied mean sphericity index 2.06 (published 2.04 (95% CI 1.73 to 2.35)); fit converged: True,False
C2. Sensitivity to the reading of the misprinted confidence interval of the 3D maximal diameter (14.68 to 19.96 about 16.82 mm),"inflow primary plane vs 3D maximum, reading 1 (rotation and offset)",SD 8.41 mm (upper half-width); variant ind15,21.3712,,,0.0804283,%,100000,,,21.4 (0.08),"followup_sd_sensitivity.csv: mean_fraction, mean_mcse",between-patient SD 25.4%; implied correlation of maximal and minimal diameter -0.27; implied mean sphericity index 3.97 (published 2.04 (95% CI 1.73 to 2.35)); fit converged: True,False
C2. Sensitivity to the reading of the misprinted confidence interval of the 3D maximal diameter (14.68 to 19.96 about 16.82 mm),"inflow primary plane, rotation component",SD 8.41 mm (upper half-width); variant ind15,18.9801,,,0.0819494,%,100000,,,19.0 (0.08),"followup_sd_sensitivity.csv: mean_fraction, mean_mcse",between-patient SD 25.9%; implied correlation of maximal and minimal diameter -0.27; implied mean sphericity index 3.97 (published 2.04 (95% CI 1.73 to 2.35)); fit converged: True,False
C2. Sensitivity to the reading of the misprinted confidence interval of the 3D maximal diameter (14.68 to 19.96 about 16.82 mm),"inflow primary plane, off-centre component (reading 2)",SD 8.41 mm (upper half-width); variant ind15,2.95209,,,0.0140184,%,100000,,,3.0 (0.01),"followup_sd_sensitivity.csv: mean_fraction, mean_mcse",between-patient SD 4.4%; implied correlation of maximal and minimal diameter -0.27; implied mean sphericity index 3.97 (published 2.04 (95% CI 1.73 to 2.35)); fit converged: True,False
C2. Sensitivity to the reading of the misprinted confidence interval of the 3D maximal diameter (14.68 to 19.96 about 16.82 mm),"4CH orthogonal plane vs 3D maximum, reading 1",SD 8.41 mm (upper half-width); variant ind15,26.3817,,,0.0831732,%,100000,,,26.4 (0.08),"followup_sd_sensitivity.csv: mean_fraction, mean_mcse",between-patient SD 26.3%; implied correlation of maximal and minimal diameter -0.27; implied mean sphericity index 3.97 (published 2.04 (95% CI 1.73 to 2.35)); fit converged: True,False
C2. Sensitivity to the reading of the misprinted confidence interval of the 3D maximal diameter (14.68 to 19.96 about 16.82 mm),"mBC orthogonal plane vs 3D maximum, reading 1",SD 8.41 mm (upper half-width); variant ind15,26.5685,,,0.0832746,%,100000,,,26.6 (0.08),"followup_sd_sensitivity.csv: mean_fraction, mean_mcse",between-patient SD 26.3%; implied correlation of maximal and minimal diameter -0.27; implied mean sphericity index 3.97 (published 2.04 (95% CI 1.73 to 2.35)); fit converged: True,False
C2. Sensitivity to the reading of the misprinted confidence interval of the 3D maximal diameter (14.68 to 19.96 about 16.82 mm),"4CH primary plane vs 3D minimum (SL axis), reading 1",SD 8.41 mm (upper half-width); variant ind15,2.01856,,,0.0619018,%,100000,,,2.0 (0.06),"followup_sd_sensitivity.csv: mean_fraction, mean_mcse",between-patient SD 19.6%; implied correlation of maximal and minimal diameter -0.27; implied mean sphericity index 3.97 (published 2.04 (95% CI 1.73 to 2.35)); fit converged: True,False
C2. Sensitivity to the reading of the misprinted confidence interval of the 3D maximal diameter (14.68 to 19.96 about 16.82 mm),"4CH primary plane, off-centre component (SL axis, reading 2)",SD 8.41 mm (upper half-width); variant ind15,9.3292,,,0.043963,%,100000,,,9.3 (0.04),"followup_sd_sensitivity.csv: mean_fraction, mean_mcse",between-patient SD 13.9%; implied correlation of maximal and minimal diameter -0.27; implied mean sphericity index 3.97 (published 2.04 (95% CI 1.73 to 2.35)); fit converged: True,False
C2. Sensitivity to the reading of the misprinted confidence interval of the 3D maximal diameter (14.68 to 19.96 about 16.82 mm),"inflow biplane vs 3D average (published estimand, per-patient mean)",SD 8.41 mm (upper half-width); variant ind15,15.4571,,,0.0702841,%,100000,,,15.5 (0.07),"followup_sd_sensitivity.csv: mean_fraction, mean_mcse",between-patient SD 22.2%; implied correlation of maximal and minimal diameter -0.27; implied mean sphericity index 3.97 (published 2.04 (95% CI 1.73 to 2.35)); fit converged: True,False
C2. Sensitivity to the reading of the misprinted confidence interval of the 3D maximal diameter (14.68 to 19.96 about 16.82 mm),"inflow primary plane vs 3D maximum, reading 1 (rotation and offset)",SD 7.07 mm (half the full width); variant mid15,27.0372,,,0.0752248,%,100000,,,27.0 (0.08),"followup_sd_sensitivity.csv: mean_fraction, mean_mcse",between-patient SD 23.8%; implied correlation of maximal and minimal diameter 0.10; implied mean sphericity index 2.44 (published 2.04 (95% CI 1.73 to 2.35)); fit converged: True,True
C2. Sensitivity to the reading of the misprinted confidence interval of the 3D maximal diameter (14.68 to 19.96 about 16.82 mm),"inflow primary plane, rotation component",SD 7.07 mm (half the full width); variant mid15,15.2836,,,0.0635207,%,100000,,,15.3 (0.06),"followup_sd_sensitivity.csv: mean_fraction, mean_mcse",between-patient SD 20.1%; implied correlation of maximal and minimal diameter 0.10; implied mean sphericity index 2.44 (published 2.04 (95% CI 1.73 to 2.35)); fit converged: True,True
C2. Sensitivity to the reading of the misprinted confidence interval of the 3D maximal diameter (14.68 to 19.96 about 16.82 mm),"inflow primary plane, off-centre component (reading 2)",SD 7.07 mm (half the full width); variant mid15,13.8689,,,0.0593008,%,100000,,,13.9 (0.06),"followup_sd_sensitivity.csv: mean_fraction, mean_mcse",between-patient SD 18.8%; implied correlation of maximal and minimal diameter 0.10; implied mean sphericity index 2.44 (published 2.04 (95% CI 1.73 to 2.35)); fit converged: True,True
C2. Sensitivity to the reading of the misprinted confidence interval of the 3D maximal diameter (14.68 to 19.96 about 16.82 mm),"4CH orthogonal plane vs 3D maximum, reading 1",SD 7.07 mm (half the full width); variant mid15,28.654,,,0.0800018,%,100000,,,28.7 (0.08),"followup_sd_sensitivity.csv: mean_fraction, mean_mcse",between-patient SD 25.3%; implied correlation of maximal and minimal diameter 0.10; implied mean sphericity index 2.44 (published 2.04 (95% CI 1.73 to 2.35)); fit converged: True,False
C2. Sensitivity to the reading of the misprinted confidence interval of the 3D maximal diameter (14.68 to 19.96 about 16.82 mm),"mBC orthogonal plane vs 3D maximum, reading 1",SD 7.07 mm (half the full width); variant mid15,28.4835,,,0.08017,%,100000,,,28.5 (0.08),"followup_sd_sensitivity.csv: mean_fraction, mean_mcse",between-patient SD 25.4%; implied correlation of maximal and minimal diameter 0.10; implied mean sphericity index 2.44 (published 2.04 (95% CI 1.73 to 2.35)); fit converged: True,False
C2. Sensitivity to the reading of the misprinted confidence interval of the 3D maximal diameter (14.68 to 19.96 about 16.82 mm),"4CH primary plane vs 3D minimum (SL axis), reading 1",SD 7.07 mm (half the full width); variant mid15,0.955538,,,0.106964,%,100000,,,1.0 (0.11),"followup_sd_sensitivity.csv: mean_fraction, mean_mcse",between-patient SD 33.8%; implied correlation of maximal and minimal diameter 0.10; implied mean sphericity index 2.44 (published 2.04 (95% CI 1.73 to 2.35)); fit converged: True,False
C2. Sensitivity to the reading of the misprinted confidence interval of the 3D maximal diameter (14.68 to 19.96 about 16.82 mm),"4CH primary plane, off-centre component (SL axis, reading 2)",SD 7.07 mm (half the full width); variant mid15,17.236,,,0.0681266,%,100000,,,17.2 (0.07),"followup_sd_sensitivity.csv: mean_fraction, mean_mcse",between-patient SD 21.5%; implied correlation of maximal and minimal diameter 0.10; implied mean sphericity index 2.44 (published 2.04 (95% CI 1.73 to 2.35)); fit converged: True,False
C2. Sensitivity to the reading of the misprinted confidence interval of the 3D maximal diameter (14.68 to 19.96 about 16.82 mm),"inflow biplane vs 3D average (published estimand, per-patient mean)",SD 7.07 mm (half the full width); variant mid15,17.5914,,,0.0606035,%,100000,,,17.6 (0.06),"followup_sd_sensitivity.csv: mean_fraction, mean_mcse",between-patient SD 19.2%; implied correlation of maximal and minimal diameter 0.10; implied mean sphericity index 2.44 (published 2.04 (95% CI 1.73 to 2.35)); fit converged: True,False
C2. Sensitivity to the reading of the misprinted confidence interval of the 3D maximal diameter (14.68 to 19.96 about 16.82 mm),"inflow primary plane vs 3D maximum, reading 1 (rotation and offset)",SD 5.73 mm (lower half-width (main choice)); variant mid15,30.0106,,,0.0730732,%,100000,,,30.0 (0.07),"followup_sd_sensitivity.csv: mean_fraction, mean_mcse",between-patient SD 23.1%; implied correlation of maximal and minimal diameter 0.56; implied mean sphericity index 2.06 (published 2.04 (95% CI 1.73 to 2.35)); fit converged: True,False
C2. Sensitivity to the reading of the misprinted confidence interval of the 3D maximal diameter (14.68 to 19.96 about 16.82 mm),"inflow primary plane, rotation component",SD 5.73 mm (lower half-width (main choice)); variant mid15,14.2508,,,0.0482188,%,100000,,,14.3 (0.05),"followup_sd_sensitivity.csv: mean_fraction, mean_mcse",between-patient SD 15.2%; implied correlation of maximal and minimal diameter 0.56; implied mean sphericity index 2.06 (published 2.04 (95% CI 1.73 to 2.35)); fit converged: True,False
C2. Sensitivity to the reading of the misprinted confidence interval of the 3D maximal diameter (14.68 to 19.96 about 16.82 mm),"inflow primary plane, off-centre component (reading 2)",SD 5.73 mm (lower half-width (main choice)); variant mid15,18.3694,,,0.0707024,%,100000,,,18.4 (0.07),"followup_sd_sensitivity.csv: mean_fraction, mean_mcse",between-patient SD 22.4%; implied correlation of maximal and minimal diameter 0.56; implied mean sphericity index 2.06 (published 2.04 (95% CI 1.73 to 2.35)); fit converged: True,False
C2. Sensitivity to the reading of the misprinted confidence interval of the 3D maximal diameter (14.68 to 19.96 about 16.82 mm),"4CH orthogonal plane vs 3D maximum, reading 1",SD 5.73 mm (lower half-width (main choice)); variant mid15,33.3025,,,0.0624926,%,100000,,,33.3 (0.06),"followup_sd_sensitivity.csv: mean_fraction, mean_mcse",between-patient SD 19.8%; implied correlation of maximal and minimal diameter 0.56; implied mean sphericity index 2.06 (published 2.04 (95% CI 1.73 to 2.35)); fit converged: True,False
C2. Sensitivity to the reading of the misprinted confidence interval of the 3D maximal diameter (14.68 to 19.96 about 16.82 mm),"mBC orthogonal plane vs 3D maximum, reading 1",SD 5.73 mm (lower half-width (main choice)); variant mid15,33.1257,,,0.0627875,%,100000,,,33.1 (0.06),"followup_sd_sensitivity.csv: mean_fraction, mean_mcse",between-patient SD 19.9%; implied correlation of maximal and minimal diameter 0.56; implied mean sphericity index 2.06 (published 2.04 (95% CI 1.73 to 2.35)); fit converged: True,False
C2. Sensitivity to the reading of the misprinted confidence interval of the 3D maximal diameter (14.68 to 19.96 about 16.82 mm),"4CH primary plane vs 3D minimum (SL axis), reading 1",SD 5.73 mm (lower half-width (main choice)); variant mid15,1.45693,,,0.1152,%,100000,,,1.5 (0.12),"followup_sd_sensitivity.csv: mean_fraction, mean_mcse",between-patient SD 36.4%; implied correlation of maximal and minimal diameter 0.56; implied mean sphericity index 2.06 (published 2.04 (95% CI 1.73 to 2.35)); fit converged: True,False
C2. Sensitivity to the reading of the misprinted confidence interval of the 3D maximal diameter (14.68 to 19.96 about 16.82 mm),"4CH primary plane, off-centre component (SL axis, reading 2)",SD 5.73 mm (lower half-width (main choice)); variant mid15,21.4786,,,0.0768042,%,100000,,,21.5 (0.08),"followup_sd_sensitivity.csv: mean_fraction, mean_mcse",between-patient SD 24.3%; implied correlation of maximal and minimal diameter 0.56; implied mean sphericity index 2.06 (published 2.04 (95% CI 1.73 to 2.35)); fit converged: True,False
C2. Sensitivity to the reading of the misprinted confidence interval of the 3D maximal diameter (14.68 to 19.96 about 16.82 mm),"inflow biplane vs 3D average (published estimand, per-patient mean)",SD 5.73 mm (lower half-width (main choice)); variant mid15,18.9168,,,0.0531526,%,100000,,,18.9 (0.05),"followup_sd_sensitivity.csv: mean_fraction, mean_mcse",between-patient SD 16.8%; implied correlation of maximal and minimal diameter 0.56; implied mean sphericity index 2.06 (published 2.04 (95% CI 1.73 to 2.35)); fit converged: True,False
C2. Sensitivity to the reading of the misprinted confidence interval of the 3D maximal diameter (14.68 to 19.96 about 16.82 mm),"inflow primary plane vs 3D maximum, reading 1 (rotation and offset)",SD 8.41 mm (upper half-width); variant mid15,22.7233,,,0.0785126,%,100000,,,22.7 (0.08),"followup_sd_sensitivity.csv: mean_fraction, mean_mcse",between-patient SD 24.8%; implied correlation of maximal and minimal diameter -0.27; implied mean sphericity index 3.97 (published 2.04 (95% CI 1.73 to 2.35)); fit converged: True,False
C2. Sensitivity to the reading of the misprinted confidence interval of the 3D maximal diameter (14.68 to 19.96 about 16.82 mm),"inflow primary plane, rotation component",SD 8.41 mm (upper half-width); variant mid15,15.9501,,,0.0769617,%,100000,,,16.0 (0.08),"followup_sd_sensitivity.csv: mean_fraction, mean_mcse",between-patient SD 24.3%; implied correlation of maximal and minimal diameter -0.27; implied mean sphericity index 3.97 (published 2.04 (95% CI 1.73 to 2.35)); fit converged: True,False
C2. Sensitivity to the reading of the misprinted confidence interval of the 3D maximal diameter (14.68 to 19.96 about 16.82 mm),"inflow primary plane, off-centre component (reading 2)",SD 8.41 mm (upper half-width); variant mid15,8.06153,,,0.0388551,%,100000,,,8.1 (0.04),"followup_sd_sensitivity.csv: mean_fraction, mean_mcse",between-patient SD 12.3%; implied correlation of maximal and minimal diameter -0.27; implied mean sphericity index 3.97 (published 2.04 (95% CI 1.73 to 2.35)); fit converged: True,False
C2. Sensitivity to the reading of the misprinted confidence interval of the 3D maximal diameter (14.68 to 19.96 about 16.82 mm),"4CH orthogonal plane vs 3D maximum, reading 1",SD 8.41 mm (upper half-width); variant mid15,24.0142,,,0.0901017,%,100000,,,24.0 (0.09),"followup_sd_sensitivity.csv: mean_fraction, mean_mcse",between-patient SD 28.5%; implied correlation of maximal and minimal diameter -0.27; implied mean sphericity index 3.97 (published 2.04 (95% CI 1.73 to 2.35)); fit converged: True,False
C2. Sensitivity to the reading of the misprinted confidence interval of the 3D maximal diameter (14.68 to 19.96 about 16.82 mm),"mBC orthogonal plane vs 3D maximum, reading 1",SD 8.41 mm (upper half-width); variant mid15,23.8599,,,0.0901552,%,100000,,,23.9 (0.09),"followup_sd_sensitivity.csv: mean_fraction, mean_mcse",between-patient SD 28.5%; implied correlation of maximal and minimal diameter -0.27; implied mean sphericity index 3.97 (published 2.04 (95% CI 1.73 to 2.35)); fit converged: True,False
C2. Sensitivity to the reading of the misprinted confidence interval of the 3D maximal diameter (14.68 to 19.96 about 16.82 mm),"4CH primary plane vs 3D minimum (SL axis), reading 1",SD 8.41 mm (upper half-width); variant mid15,0.894382,,,0.0944534,%,100000,,,0.9 (0.09),"followup_sd_sensitivity.csv: mean_fraction, mean_mcse",between-patient SD 29.9%; implied correlation of maximal and minimal diameter -0.27; implied mean sphericity index 3.97 (published 2.04 (95% CI 1.73 to 2.35)); fit converged: True,False
C2. Sensitivity to the reading of the misprinted confidence interval of the 3D maximal diameter (14.68 to 19.96 about 16.82 mm),"4CH primary plane, off-centre component (SL axis, reading 2)",SD 8.41 mm (upper half-width); variant mid15,12.8905,,,0.0563758,%,100000,,,12.9 (0.06),"followup_sd_sensitivity.csv: mean_fraction, mean_mcse",between-patient SD 17.8%; implied correlation of maximal and minimal diameter -0.27; implied mean sphericity index 3.97 (published 2.04 (95% CI 1.73 to 2.35)); fit converged: True,False
C2. Sensitivity to the reading of the misprinted confidence interval of the 3D maximal diameter (14.68 to 19.96 about 16.82 mm),"inflow biplane vs 3D average (published estimand, per-patient mean)",SD 8.41 mm (upper half-width); variant mid15,15.671,,,0.0695975,%,100000,,,15.7 (0.07),"followup_sd_sensitivity.csv: mean_fraction, mean_mcse",between-patient SD 22.0%; implied correlation of maximal and minimal diameter -0.27; implied mean sphericity index 3.97 (published 2.04 (95% CI 1.73 to 2.35)); fit converged: True,False
"D. View rules, AP axis: range across scenarios (four anchor levels; 100,000 virtual patients per scenario; common random numbers)","largest view mean, bias","the 12 view-accuracy scenarios as stored (results/2026-09-18_amend2), re-simulated bit-identically",,-0.767522,0.919777,0.00731922,mm,"12 scenarios x 100,000",range across scenarios,reference,−0.77 to 0.92,"repro_published_check.csv: stored_min, stored_max",minimum at stored_cell_828 @ anchor 0.25; maximum at stored_cell_36 @ anchor 0.03; 12-scenario range −0.77 to 0.92,True
"D. View rules, AP axis: range across scenarios (four anchor levels; 100,000 virtual patients per scenario; common random numbers)","largest view mean after review, bias","the 12 view-accuracy scenarios as stored (results/2026-09-18_amend2), re-simulated bit-identically",,-0.9722,0.762641,0.0073141,mm,"12 scenarios x 100,000",range across scenarios,reference,−0.97 to 0.76,"repro_published_check.csv: stored_min, stored_max",minimum at stored_cell_828 @ anchor 0.25; maximum at stored_cell_36 @ anchor 0.03; 12-scenario range −0.97 to 0.76,True
"D. View rules, AP axis: range across scenarios (four anchor levels; 100,000 virtual patients per scenario; common random numbers)","mean across views, bias","the 12 view-accuracy scenarios as stored (results/2026-09-18_amend2), re-simulated bit-identically",,-3.16093,-0.275049,0.00807934,mm,"12 scenarios x 100,000",range across scenarios,reference,−3.16 to −0.28,"repro_published_check.csv: stored_min, stored_max",minimum at stored_cell_828 @ anchor 0.25; maximum at stored_cell_36 @ anchor 0.03; 12-scenario range −3.16 to −0.28,True
"D. View rules, AP axis: range across scenarios (four anchor levels; 100,000 virtual patients per scenario; common random numbers)","anchor-view mean, bias","the 12 view-accuracy scenarios as stored (results/2026-09-18_amend2), re-simulated bit-identically",,-1.92746,0.0161558,0.00820974,mm,"12 scenarios x 100,000",range across scenarios,reference,−1.93 to 0.02,"repro_published_check.csv: stored_min, stored_max",minimum at stored_cell_756 @ anchor 0.25; maximum at stored_cell_180 @ anchor 0.03; 12-scenario range −1.93 to 0.02,True
"D. View rules, AP axis: range across scenarios (four anchor levels; 100,000 virtual patients per scenario; common random numbers)","largest view mean, RMSE","the 12 view-accuracy scenarios as stored (results/2026-09-18_amend2), re-simulated bit-identically",,1.96196,2.43847,0.0110933,mm,"12 scenarios x 100,000",range across scenarios,reference,1.96 to 2.44,"repro_published_check.csv: stored_min, stored_max",minimum at stored_cell_396 @ anchor 0.06; maximum at stored_cell_828 @ anchor 0.25; 12-scenario range 1.96 to 2.44,False
"D. View rules, AP axis: range across scenarios (four anchor levels; 100,000 virtual patients per scenario; common random numbers)","largest view mean after review, RMSE","the 12 view-accuracy scenarios as stored (results/2026-09-18_amend2), re-simulated bit-identically",,1.90603,2.50893,0.0102073,mm,"12 scenarios x 100,000",range across scenarios,reference,1.91 to 2.51,"repro_published_check.csv: stored_min, stored_max",minimum at stored_cell_396 @ anchor 0.06; maximum at stored_cell_828 @ anchor 0.25; 12-scenario range 1.91 to 2.51,False
"D. View rules, AP axis: range across scenarios (four anchor levels; 100,000 virtual patients per scenario; common random numbers)","mean across views, RMSE","the 12 view-accuracy scenarios as stored (results/2026-09-18_amend2), re-simulated bit-identically",,1.67277,4.06436,0.0102796,mm,"12 scenarios x 100,000",range across scenarios,reference,1.67 to 4.06,"repro_published_check.csv: stored_min, stored_max",minimum at stored_cell_36 @ anchor 0.03; maximum at stored_cell_828 @ anchor 0.25; 12-scenario range 1.67 to 4.06,False
"D. View rules, AP axis: range across scenarios (four anchor levels; 100,000 virtual patients per scenario; common random numbers)","anchor-view mean, RMSE","the 12 view-accuracy scenarios as stored (results/2026-09-18_amend2), re-simulated bit-identically",,1.90058,3.23293,0.0100975,mm,"12 scenarios x 100,000",range across scenarios,reference,1.90 to 3.23,"repro_published_check.csv: stored_min, stored_max",minimum at stored_cell_108 @ anchor 0.03; maximum at stored_cell_828 @ anchor 0.25; 12-scenario range 1.90 to 3.23,False
"D. View rules, AP axis: range across scenarios (four anchor levels; 100,000 virtual patients per scenario; common random numbers)","largest view mean, bias","half-normal shape at calibrated means, the 28 scenarios of 2026-10-05 (mean underestimation 8.3% to 29.7%)",,-0.516284,0.894387,0.00701034,mm,"28 scenarios x 100,000",range across scenarios,True,−0.52 to 0.89,"followup_viewrules_ranges.csv: group halfnormal_calibrated_run_2026-10-05, variant all, replicate 0",mean long-axis underestimation 8.3% to 29.7%; minimum at geom_mid15_r1_halfnormal @ anchor 0.25; maximum at geom_ind15_r2_halfnormal @ anchor 0.03; 12-scenario range −0.77 to 0.92,False
"D. View rules, AP axis: range across scenarios (four anchor levels; 100,000 virtual patients per scenario; common random numbers)","largest view mean after review, bias","half-normal shape at calibrated means, the 28 scenarios of 2026-10-05 (mean underestimation 8.3% to 29.7%)",,-0.755388,0.747313,0.00699853,mm,"28 scenarios x 100,000",range across scenarios,True,−0.76 to 0.75,"followup_viewrules_ranges.csv: group halfnormal_calibrated_run_2026-10-05, variant all, replicate 0",mean long-axis underestimation 8.3% to 29.7%; minimum at geom_mid15_r1_halfnormal @ anchor 0.25; maximum at geom_ind15_r2_halfnormal @ anchor 0.03; 12-scenario range −0.97 to 0.76,False
"D. View rules, AP axis: range across scenarios (four anchor levels; 100,000 virtual patients per scenario; common random numbers)","mean across views, bias","half-normal shape at calibrated means, the 28 scenarios of 2026-10-05 (mean underestimation 8.3% to 29.7%)",,-2.52125,-0.308538,0.00720912,mm,"28 scenarios x 100,000",range across scenarios,True,−2.52 to −0.31,"followup_viewrules_ranges.csv: group halfnormal_calibrated_run_2026-10-05, variant all, replicate 0",mean long-axis underestimation 8.3% to 29.7%; minimum at geom_mid15_r1_halfnormal @ anchor 0.25; maximum at geom_ind15_r2_halfnormal @ anchor 0.03; 12-scenario range −3.16 to −0.28,False
"D. View rules, AP axis: range across scenarios (four anchor levels; 100,000 virtual patients per scenario; common random numbers)","anchor-view mean, bias","half-normal shape at calibrated means, the 28 scenarios of 2026-10-05 (mean underestimation 8.3% to 29.7%)",,-1.92308,0.00308517,0.00817622,mm,"28 scenarios x 100,000",range across scenarios,True,−1.92 to 0.00,"followup_viewrules_ranges.csv: group halfnormal_calibrated_run_2026-10-05, variant all, replicate 0",mean long-axis underestimation 8.3% to 29.7%; minimum at geom_ind15_r1_halfnormal @ anchor 0.25; maximum at geom_ind15_r1_halfnormal @ anchor 0.03; 12-scenario range −1.93 to 0.02,False
"D. View rules, AP axis: range across scenarios (four anchor levels; 100,000 virtual patients per scenario; common random numbers)","largest view mean, RMSE","half-normal shape at calibrated means, the 28 scenarios of 2026-10-05 (mean underestimation 8.3% to 29.7%)",,1.96533,2.27618,0.0087031,mm,"28 scenarios x 100,000",range across scenarios,True,1.97 to 2.28,"followup_viewrules_ranges.csv: group halfnormal_calibrated_run_2026-10-05, variant all, replicate 0",mean long-axis underestimation 8.3% to 29.7%; minimum at geom_mid15_r1_halfnormal @ anchor 0.06; maximum at geom_mid15_r1_halfnormal @ anchor 0.25; 12-scenario range 1.96 to 2.44,False
"D. View rules, AP axis: range across scenarios (four anchor levels; 100,000 virtual patients per scenario; common random numbers)","largest view mean after review, RMSE","half-normal shape at calibrated means, the 28 scenarios of 2026-10-05 (mean underestimation 8.3% to 29.7%)",,1.89627,2.33848,0.00803015,mm,"28 scenarios x 100,000",range across scenarios,False,1.90 to 2.34,"followup_viewrules_ranges.csv: group halfnormal_calibrated_run_2026-10-05, variant all, replicate 0",mean long-axis underestimation 8.3% to 29.7%; minimum at geom_mid15_r1_halfnormal @ anchor 0.06; maximum at geom_mid15_r1_halfnormal @ anchor 0.25; 12-scenario range 1.91 to 2.51; below it by 0.010 mm,False
"D. View rules, AP axis: range across scenarios (four anchor levels; 100,000 virtual patients per scenario; common random numbers)","mean across views, RMSE","half-normal shape at calibrated means, the 28 scenarios of 2026-10-05 (mean underestimation 8.3% to 29.7%)",,1.66508,3.39908,0.00926472,mm,"28 scenarios x 100,000",range across scenarios,False,1.67 to 3.40,"followup_viewrules_ranges.csv: group halfnormal_calibrated_run_2026-10-05, variant all, replicate 0",mean long-axis underestimation 8.3% to 29.7%; minimum at geom_ind15_r2_halfnormal @ anchor 0.03; maximum at geom_mid15_r1_halfnormal @ anchor 0.25; 12-scenario range 1.67 to 4.06; below it by 0.008 mm,False
"D. View rules, AP axis: range across scenarios (four anchor levels; 100,000 virtual patients per scenario; common random numbers)","anchor-view mean, RMSE","half-normal shape at calibrated means, the 28 scenarios of 2026-10-05 (mean underestimation 8.3% to 29.7%)",,1.89826,3.2223,0.0101476,mm,"28 scenarios x 100,000",range across scenarios,False,1.90 to 3.22,"followup_viewrules_ranges.csv: group halfnormal_calibrated_run_2026-10-05, variant all, replicate 0",mean long-axis underestimation 8.3% to 29.7%; minimum at geom_ind15_r1_halfnormal @ anchor 0.03; maximum at geom_ind15_r1_halfnormal @ anchor 0.25; 12-scenario range 1.90 to 3.23; below it by 0.002 mm,False
"D. View rules, AP axis: range across scenarios (four anchor levels; 100,000 virtual patients per scenario; common random numbers)","largest view mean, bias","half-normal shape at the lowest calibrated mean (off-centre component, variant ind00)",,0.696534,1.00494,0.00637546,mm,"4 scenarios x 100,000",range across scenarios,False,0.70 to 1.00,"followup_viewrules_ranges.csv: group halfnormal_lowest_calibrated, variant all, replicate 0",mean long-axis underestimation 6.2% to 6.2%; minimum at geom_ind00_r2_halfnormal @ anchor 0.25; maximum at geom_ind00_r2_halfnormal @ anchor 0.03; 12-scenario range −0.77 to 0.92; above it by 0.085 mm,False
"D. View rules, AP axis: range across scenarios (four anchor levels; 100,000 virtual patients per scenario; common random numbers)","largest view mean after review, bias","half-normal shape at the lowest calibrated mean (off-centre component, variant ind00)",,0.318303,0.839904,0.00617168,mm,"4 scenarios x 100,000",range across scenarios,False,0.32 to 0.84,"followup_viewrules_ranges.csv: group halfnormal_lowest_calibrated, variant all, replicate 0",mean long-axis underestimation 6.2% to 6.2%; minimum at geom_ind00_r2_halfnormal @ anchor 0.25; maximum at geom_ind00_r2_halfnormal @ anchor 0.03; 12-scenario range −0.97 to 0.76; above it by 0.077 mm,False
"D. View rules, AP axis: range across scenarios (four anchor levels; 100,000 virtual patients per scenario; common random numbers)","mean across views, bias","half-normal shape at the lowest calibrated mean (off-centre component, variant ind00)",,-0.790658,-0.148605,0.00543354,mm,"4 scenarios x 100,000",range across scenarios,False,−0.79 to −0.15,"followup_viewrules_ranges.csv: group halfnormal_lowest_calibrated, variant all, replicate 0",mean long-axis underestimation 6.2% to 6.2%; minimum at geom_ind00_r2_halfnormal @ anchor 0.25; maximum at geom_ind00_r2_halfnormal @ anchor 0.03; 12-scenario range −3.16 to −0.28; above it by 0.126 mm,False
"D. View rules, AP axis: range across scenarios (four anchor levels; 100,000 virtual patients per scenario; common random numbers)","anchor-view mean, bias","half-normal shape at the lowest calibrated mean (off-centre component, variant ind00)",,-1.92308,0.00308517,0.00817622,mm,"4 scenarios x 100,000",range across scenarios,True,−1.92 to 0.00,"followup_viewrules_ranges.csv: group halfnormal_lowest_calibrated, variant all, replicate 0",mean long-axis underestimation 6.2% to 6.2%; minimum at geom_ind00_r2_halfnormal @ anchor 0.25; maximum at geom_ind00_r2_halfnormal @ anchor 0.03; 12-scenario range −1.93 to 0.02,False
"D. View rules, AP axis: range across scenarios (four anchor levels; 100,000 virtual patients per scenario; common random numbers)","largest view mean, RMSE","half-normal shape at the lowest calibrated mean (off-centre component, variant ind00)",,2.13302,2.23209,0.00888907,mm,"4 scenarios x 100,000",range across scenarios,True,2.13 to 2.23,"followup_viewrules_ranges.csv: group halfnormal_lowest_calibrated, variant all, replicate 0",mean long-axis underestimation 6.2% to 6.2%; minimum at geom_ind00_r2_halfnormal @ anchor 0.25; maximum at geom_ind00_r2_halfnormal @ anchor 0.03; 12-scenario range 1.96 to 2.44,False
"D. View rules, AP axis: range across scenarios (four anchor levels; 100,000 virtual patients per scenario; common random numbers)","largest view mean after review, RMSE","half-normal shape at the lowest calibrated mean (off-centre component, variant ind00)",,1.94804,2.04551,0.00762945,mm,"4 scenarios x 100,000",range across scenarios,True,1.95 to 2.05,"followup_viewrules_ranges.csv: group halfnormal_lowest_calibrated, variant all, replicate 0",mean long-axis underestimation 6.2% to 6.2%; minimum at geom_ind00_r2_halfnormal @ anchor 0.125; maximum at geom_ind00_r2_halfnormal @ anchor 0.03; 12-scenario range 1.91 to 2.51,False
"D. View rules, AP axis: range across scenarios (four anchor levels; 100,000 virtual patients per scenario; common random numbers)","mean across views, RMSE","half-normal shape at the lowest calibrated mean (off-centre component, variant ind00)",,1.63519,1.89141,0.00541635,mm,"4 scenarios x 100,000",range across scenarios,False,1.64 to 1.89,"followup_viewrules_ranges.csv: group halfnormal_lowest_calibrated, variant all, replicate 0",mean long-axis underestimation 6.2% to 6.2%; minimum at geom_ind00_r2_halfnormal @ anchor 0.03; maximum at geom_ind00_r2_halfnormal @ anchor 0.25; 12-scenario range 1.67 to 4.06; below it by 0.038 mm,False
"D. View rules, AP axis: range across scenarios (four anchor levels; 100,000 virtual patients per scenario; common random numbers)","anchor-view mean, RMSE","half-normal shape at the lowest calibrated mean (off-centre component, variant ind00)",,1.89826,3.2223,0.0101476,mm,"4 scenarios x 100,000",range across scenarios,False,1.90 to 3.22,"followup_viewrules_ranges.csv: group halfnormal_lowest_calibrated, variant all, replicate 0",mean long-axis underestimation 6.2% to 6.2%; minimum at geom_ind00_r2_halfnormal @ anchor 0.03; maximum at geom_ind00_r2_halfnormal @ anchor 0.25; 12-scenario range 1.90 to 3.23; below it by 0.002 mm,False
"D. View rules, AP axis: range across scenarios (four anchor levels; 100,000 virtual patients per scenario; common random numbers)","largest view mean, bias","half-normal shape at calibrated means, all values including the lowest (36 scenarios)",,-0.516284,1.00494,0.00701034,mm,"36 scenarios x 100,000",range across scenarios,False,−0.52 to 1.00,"followup_viewrules_ranges.csv: group halfnormal_calibrated_all, variant all, replicate 0",mean long-axis underestimation 6.2% to 29.7%; minimum at geom_mid15_r1_halfnormal @ anchor 0.25; maximum at geom_ind00_r2_halfnormal @ anchor 0.03; 12-scenario range −0.77 to 0.92; above it by 0.085 mm,True
"D. View rules, AP axis: range across scenarios (four anchor levels; 100,000 virtual patients per scenario; common random numbers)","largest view mean after review, bias","half-normal shape at calibrated means, all values including the lowest (36 scenarios)",,-0.755388,0.839904,0.00699853,mm,"36 scenarios x 100,000",range across scenarios,False,−0.76 to 0.84,"followup_viewrules_ranges.csv: group halfnormal_calibrated_all, variant all, replicate 0",mean long-axis underestimation 6.2% to 29.7%; minimum at geom_mid15_r1_halfnormal @ anchor 0.25; maximum at geom_ind00_r2_halfnormal @ anchor 0.03; 12-scenario range −0.97 to 0.76; above it by 0.077 mm,True
"D. View rules, AP axis: range across scenarios (four anchor levels; 100,000 virtual patients per scenario; common random numbers)","mean across views, bias","half-normal shape at calibrated means, all values including the lowest (36 scenarios)",,-2.52125,-0.148605,0.00720912,mm,"36 scenarios x 100,000",range across scenarios,False,−2.52 to −0.15,"followup_viewrules_ranges.csv: group halfnormal_calibrated_all, variant all, replicate 0",mean long-axis underestimation 6.2% to 29.7%; minimum at geom_mid15_r1_halfnormal @ anchor 0.25; maximum at geom_ind00_r2_halfnormal @ anchor 0.03; 12-scenario range −3.16 to −0.28; above it by 0.126 mm,True
"D. View rules, AP axis: range across scenarios (four anchor levels; 100,000 virtual patients per scenario; common random numbers)","anchor-view mean, bias","half-normal shape at calibrated means, all values including the lowest (36 scenarios)",,-1.92308,0.00308517,0.00817622,mm,"36 scenarios x 100,000",range across scenarios,True,−1.92 to 0.00,"followup_viewrules_ranges.csv: group halfnormal_calibrated_all, variant all, replicate 0",mean long-axis underestimation 6.2% to 29.7%; minimum at geom_ind15_r1_halfnormal @ anchor 0.25; maximum at geom_ind15_r1_halfnormal @ anchor 0.03; 12-scenario range −1.93 to 0.02,True
"D. View rules, AP axis: range across scenarios (four anchor levels; 100,000 virtual patients per scenario; common random numbers)","largest view mean, RMSE","half-normal shape at calibrated means, all values including the lowest (36 scenarios)",,1.96533,2.27618,0.00888907,mm,"36 scenarios x 100,000",range across scenarios,True,1.97 to 2.28,"followup_viewrules_ranges.csv: group halfnormal_calibrated_all, variant all, replicate 0",mean long-axis underestimation 6.2% to 29.7%; minimum at geom_mid15_r1_halfnormal @ anchor 0.06; maximum at geom_mid15_r1_halfnormal @ anchor 0.25; 12-scenario range 1.96 to 2.44,False
"D. View rules, AP axis: range across scenarios (four anchor levels; 100,000 virtual patients per scenario; common random numbers)","largest view mean after review, RMSE","half-normal shape at calibrated means, all values including the lowest (36 scenarios)",,1.89627,2.33848,0.00803015,mm,"36 scenarios x 100,000",range across scenarios,False,1.90 to 2.34,"followup_viewrules_ranges.csv: group halfnormal_calibrated_all, variant all, replicate 0",mean long-axis underestimation 6.2% to 29.7%; minimum at geom_mid15_r1_halfnormal @ anchor 0.06; maximum at geom_mid15_r1_halfnormal @ anchor 0.25; 12-scenario range 1.91 to 2.51; below it by 0.010 mm,False
"D. View rules, AP axis: range across scenarios (four anchor levels; 100,000 virtual patients per scenario; common random numbers)","mean across views, RMSE","half-normal shape at calibrated means, all values including the lowest (36 scenarios)",,1.63519,3.39908,0.00926472,mm,"36 scenarios x 100,000",range across scenarios,False,1.64 to 3.40,"followup_viewrules_ranges.csv: group halfnormal_calibrated_all, variant all, replicate 0",mean long-axis underestimation 6.2% to 29.7%; minimum at geom_ind00_r2_halfnormal @ anchor 0.03; maximum at geom_mid15_r1_halfnormal @ anchor 0.25; 12-scenario range 1.67 to 4.06; below it by 0.038 mm,False
"D. View rules, AP axis: range across scenarios (four anchor levels; 100,000 virtual patients per scenario; common random numbers)","anchor-view mean, RMSE","half-normal shape at calibrated means, all values including the lowest (36 scenarios)",,1.89826,3.2223,0.0101476,mm,"36 scenarios x 100,000",range across scenarios,False,1.90 to 3.22,"followup_viewrules_ranges.csv: group halfnormal_calibrated_all, variant all, replicate 0",mean long-axis underestimation 6.2% to 29.7%; minimum at geom_ind15_r1_halfnormal @ anchor 0.03; maximum at geom_ind15_r1_halfnormal @ anchor 0.25; 12-scenario range 1.90 to 3.23; below it by 0.002 mm,False
"D. View rules, AP axis: range across scenarios (four anchor levels; 100,000 virtual patients per scenario; common random numbers)","largest view mean, bias","patient-level geometric shape, rotation counted as error (variants ind15, mid15, ind00)",,-0.835591,0.419897,0.00709698,mm,"12 scenarios x 100,000",range across scenarios,False,−0.84 to 0.42,"followup_viewrules_ranges.csv: group patient_geometry_reading1, variant all, replicate 0",mean long-axis underestimation 29.2% to 29.9%; minimum at geom_ind00_r1_patient @ anchor 0.25; maximum at geom_mid15_r1_patient @ anchor 0.03; 12-scenario range −0.77 to 0.92; below it by 0.068 mm,True
"D. View rules, AP axis: range across scenarios (four anchor levels; 100,000 virtual patients per scenario; common random numbers)","largest view mean after review, bias","patient-level geometric shape, rotation counted as error (variants ind15, mid15, ind00)",,-1.00499,0.348154,0.00705239,mm,"12 scenarios x 100,000",range across scenarios,False,−1.00 to 0.35,"followup_viewrules_ranges.csv: group patient_geometry_reading1, variant all, replicate 0",mean long-axis underestimation 29.2% to 29.9%; minimum at geom_ind00_r1_patient @ anchor 0.25; maximum at geom_mid15_r1_patient @ anchor 0.03; 12-scenario range −0.97 to 0.76; below it by 0.033 mm,True
"D. View rules, AP axis: range across scenarios (four anchor levels; 100,000 virtual patients per scenario; common random numbers)","mean across views, bias","patient-level geometric shape, rotation counted as error (variants ind15, mid15, ind00)",,-2.53753,-1.83753,0.00743596,mm,"12 scenarios x 100,000",range across scenarios,True,−2.54 to −1.84,"followup_viewrules_ranges.csv: group patient_geometry_reading1, variant all, replicate 0",mean long-axis underestimation 29.2% to 29.9%; minimum at geom_mid15_r1_patient @ anchor 0.25; maximum at geom_ind00_r1_patient @ anchor 0.03; 12-scenario range −3.16 to −0.28,True
"D. View rules, AP axis: range across scenarios (four anchor levels; 100,000 virtual patients per scenario; common random numbers)","anchor-view mean, bias","patient-level geometric shape, rotation counted as error (variants ind15, mid15, ind00)",,-1.92308,0.00308517,0.00817622,mm,"12 scenarios x 100,000",range across scenarios,True,−1.92 to 0.00,"followup_viewrules_ranges.csv: group patient_geometry_reading1, variant all, replicate 0",mean long-axis underestimation 29.2% to 29.9%; minimum at geom_ind15_r1_patient @ anchor 0.25; maximum at geom_ind15_r1_patient @ anchor 0.03; 12-scenario range −1.93 to 0.02,True
"D. View rules, AP axis: range across scenarios (four anchor levels; 100,000 virtual patients per scenario; common random numbers)","largest view mean, RMSE","patient-level geometric shape, rotation counted as error (variants ind15, mid15, ind00)",,1.92753,2.34943,0.00808439,mm,"12 scenarios x 100,000",range across scenarios,False,1.93 to 2.35,"followup_viewrules_ranges.csv: group patient_geometry_reading1, variant all, replicate 0",mean long-axis underestimation 29.2% to 29.9%; minimum at geom_ind00_r1_patient @ anchor 0.06; maximum at geom_ind00_r1_patient @ anchor 0.25; 12-scenario range 1.96 to 2.44; below it by 0.034 mm,False
"D. View rules, AP axis: range across scenarios (four anchor levels; 100,000 virtual patients per scenario; common random numbers)","largest view mean after review, RMSE","patient-level geometric shape, rotation counted as error (variants ind15, mid15, ind00)",,1.88458,2.39409,0.0082831,mm,"12 scenarios x 100,000",range across scenarios,False,1.88 to 2.39,"followup_viewrules_ranges.csv: group patient_geometry_reading1, variant all, replicate 0",mean long-axis underestimation 29.2% to 29.9%; minimum at geom_ind00_r1_patient @ anchor 0.06; maximum at geom_ind00_r1_patient @ anchor 0.25; 12-scenario range 1.91 to 2.51; below it by 0.021 mm,False
"D. View rules, AP axis: range across scenarios (four anchor levels; 100,000 virtual patients per scenario; common random numbers)","mean across views, RMSE","patient-level geometric shape, rotation counted as error (variants ind15, mid15, ind00)",,2.74418,3.45953,0.00944866,mm,"12 scenarios x 100,000",range across scenarios,True,2.74 to 3.46,"followup_viewrules_ranges.csv: group patient_geometry_reading1, variant all, replicate 0",mean long-axis underestimation 29.2% to 29.9%; minimum at geom_ind00_r1_patient @ anchor 0.03; maximum at geom_mid15_r1_patient @ anchor 0.25; 12-scenario range 1.67 to 4.06,False
"D. View rules, AP axis: range across scenarios (four anchor levels; 100,000 virtual patients per scenario; common random numbers)","anchor-view mean, RMSE","patient-level geometric shape, rotation counted as error (variants ind15, mid15, ind00)",,1.89826,3.2223,0.0101476,mm,"12 scenarios x 100,000",range across scenarios,False,1.90 to 3.22,"followup_viewrules_ranges.csv: group patient_geometry_reading1, variant all, replicate 0",mean long-axis underestimation 29.2% to 29.9%; minimum at geom_ind15_r1_patient @ anchor 0.03; maximum at geom_ind15_r1_patient @ anchor 0.25; 12-scenario range 1.90 to 3.23; below it by 0.002 mm,False
"D. View rules, AP axis: range across scenarios (four anchor levels; 100,000 virtual patients per scenario; common random numbers)","largest view mean, bias","patient-level geometric shape, reading 1, variant ind15",,-0.666738,0.330561,0.0070254,mm,"4 scenarios x 100,000",range across scenarios,True,−0.67 to 0.33,"followup_viewrules_ranges.csv: group patient_geometry_reading1, variant ind15, replicate 0",mean long-axis underestimation 29.4% to 29.4%; minimum at geom_ind15_r1_patient @ anchor 0.25; maximum at geom_ind15_r1_patient @ anchor 0.03; 12-scenario range −0.77 to 0.92,False
"D. View rules, AP axis: range across scenarios (four anchor levels; 100,000 virtual patients per scenario; common random numbers)","largest view mean after review, bias","patient-level geometric shape, reading 1, variant ind15",,-0.870069,0.27364,0.00696072,mm,"4 scenarios x 100,000",range across scenarios,True,−0.87 to 0.27,"followup_viewrules_ranges.csv: group patient_geometry_reading1, variant ind15, replicate 0",mean long-axis underestimation 29.4% to 29.4%; minimum at geom_ind15_r1_patient @ anchor 0.25; maximum at geom_ind15_r1_patient @ anchor 0.03; 12-scenario range −0.97 to 0.76,False
"D. View rules, AP axis: range across scenarios (four anchor levels; 100,000 virtual patients per scenario; common random numbers)","mean across views, bias","patient-level geometric shape, reading 1, variant ind15",,-2.50002,-1.85796,0.00714773,mm,"4 scenarios x 100,000",range across scenarios,True,−2.50 to −1.86,"followup_viewrules_ranges.csv: group patient_geometry_reading1, variant ind15, replicate 0",mean long-axis underestimation 29.4% to 29.4%; minimum at geom_ind15_r1_patient @ anchor 0.25; maximum at geom_ind15_r1_patient @ anchor 0.03; 12-scenario range −3.16 to −0.28,False
"D. View rules, AP axis: range across scenarios (four anchor levels; 100,000 virtual patients per scenario; common random numbers)","anchor-view mean, bias","patient-level geometric shape, reading 1, variant ind15",,-1.92308,0.00308517,0.00817622,mm,"4 scenarios x 100,000",range across scenarios,True,−1.92 to 0.00,"followup_viewrules_ranges.csv: group patient_geometry_reading1, variant ind15, replicate 0",mean long-axis underestimation 29.4% to 29.4%; minimum at geom_ind15_r1_patient @ anchor 0.25; maximum at geom_ind15_r1_patient @ anchor 0.03; 12-scenario range −1.93 to 0.02,False
"D. View rules, AP axis: range across scenarios (four anchor levels; 100,000 virtual patients per scenario; common random numbers)","largest view mean, RMSE","patient-level geometric shape, reading 1, variant ind15",,1.95001,2.31951,0.00785,mm,"4 scenarios x 100,000",range across scenarios,False,1.95 to 2.32,"followup_viewrules_ranges.csv: group patient_geometry_reading1, variant ind15, replicate 0",mean long-axis underestimation 29.4% to 29.4%; minimum at geom_ind15_r1_patient @ anchor 0.06; maximum at geom_ind15_r1_patient @ anchor 0.25; 12-scenario range 1.96 to 2.44; below it by 0.012 mm,False
"D. View rules, AP axis: range across scenarios (four anchor levels; 100,000 virtual patients per scenario; common random numbers)","largest view mean after review, RMSE","patient-level geometric shape, reading 1, variant ind15",,1.89185,2.36688,0.00806461,mm,"4 scenarios x 100,000",range across scenarios,False,1.89 to 2.37,"followup_viewrules_ranges.csv: group patient_geometry_reading1, variant ind15, replicate 0",mean long-axis underestimation 29.4% to 29.4%; minimum at geom_ind15_r1_patient @ anchor 0.06; maximum at geom_ind15_r1_patient @ anchor 0.25; 12-scenario range 1.91 to 2.51; below it by 0.014 mm,False
"D. View rules, AP axis: range across scenarios (four anchor levels; 100,000 virtual patients per scenario; common random numbers)","mean across views, RMSE","patient-level geometric shape, reading 1, variant ind15",,2.79596,3.37032,0.00897949,mm,"4 scenarios x 100,000",range across scenarios,True,2.80 to 3.37,"followup_viewrules_ranges.csv: group patient_geometry_reading1, variant ind15, replicate 0",mean long-axis underestimation 29.4% to 29.4%; minimum at geom_ind15_r1_patient @ anchor 0.03; maximum at geom_ind15_r1_patient @ anchor 0.25; 12-scenario range 1.67 to 4.06,False
"D. View rules, AP axis: range across scenarios (four anchor levels; 100,000 virtual patients per scenario; common random numbers)","anchor-view mean, RMSE","patient-level geometric shape, reading 1, variant ind15",,1.89826,3.2223,0.0101476,mm,"4 scenarios x 100,000",range across scenarios,False,1.90 to 3.22,"followup_viewrules_ranges.csv: group patient_geometry_reading1, variant ind15, replicate 0",mean long-axis underestimation 29.4% to 29.4%; minimum at geom_ind15_r1_patient @ anchor 0.03; maximum at geom_ind15_r1_patient @ anchor 0.25; 12-scenario range 1.90 to 3.23; below it by 0.002 mm,False
"D. View rules, AP axis: range across scenarios (four anchor levels; 100,000 virtual patients per scenario; common random numbers)","largest view mean, bias","patient-level geometric shape, reading 1, variant mid15",,-0.483422,0.419897,0.00709698,mm,"4 scenarios x 100,000",range across scenarios,True,−0.48 to 0.42,"followup_viewrules_ranges.csv: group patient_geometry_reading1, variant mid15, replicate 0",mean long-axis underestimation 29.9% to 29.9%; minimum at geom_mid15_r1_patient @ anchor 0.25; maximum at geom_mid15_r1_patient @ anchor 0.03; 12-scenario range −0.77 to 0.92,False
"D. View rules, AP axis: range across scenarios (four anchor levels; 100,000 virtual patients per scenario; common random numbers)","largest view mean after review, bias","patient-level geometric shape, reading 1, variant mid15",,-0.723862,0.348154,0.00705239,mm,"4 scenarios x 100,000",range across scenarios,True,−0.72 to 0.35,"followup_viewrules_ranges.csv: group patient_geometry_reading1, variant mid15, replicate 0",mean long-axis underestimation 29.9% to 29.9%; minimum at geom_mid15_r1_patient @ anchor 0.25; maximum at geom_mid15_r1_patient @ anchor 0.03; 12-scenario range −0.97 to 0.76,False
"D. View rules, AP axis: range across scenarios (four anchor levels; 100,000 virtual patients per scenario; common random numbers)","mean across views, bias","patient-level geometric shape, reading 1, variant mid15",,-2.53753,-1.89548,0.00743596,mm,"4 scenarios x 100,000",range across scenarios,True,−2.54 to −1.90,"followup_viewrules_ranges.csv: group patient_geometry_reading1, variant mid15, replicate 0",mean long-axis underestimation 29.9% to 29.9%; minimum at geom_mid15_r1_patient @ anchor 0.25; maximum at geom_mid15_r1_patient @ anchor 0.03; 12-scenario range −3.16 to −0.28,False
"D. View rules, AP axis: range across scenarios (four anchor levels; 100,000 virtual patients per scenario; common random numbers)","anchor-view mean, bias","patient-level geometric shape, reading 1, variant mid15",,-1.92308,0.00308517,0.00817622,mm,"4 scenarios x 100,000",range across scenarios,True,−1.92 to 0.00,"followup_viewrules_ranges.csv: group patient_geometry_reading1, variant mid15, replicate 0",mean long-axis underestimation 29.9% to 29.9%; minimum at geom_mid15_r1_patient @ anchor 0.25; maximum at geom_mid15_r1_patient @ anchor 0.03; 12-scenario range −1.93 to 0.02,False
"D. View rules, AP axis: range across scenarios (four anchor levels; 100,000 virtual patients per scenario; common random numbers)","largest view mean, RMSE","patient-level geometric shape, reading 1, variant mid15",,1.9765,2.29573,0.00808439,mm,"4 scenarios x 100,000",range across scenarios,True,1.98 to 2.30,"followup_viewrules_ranges.csv: group patient_geometry_reading1, variant mid15, replicate 0",mean long-axis underestimation 29.9% to 29.9%; minimum at geom_mid15_r1_patient @ anchor 0.06; maximum at geom_mid15_r1_patient @ anchor 0.25; 12-scenario range 1.96 to 2.44,False
"D. View rules, AP axis: range across scenarios (four anchor levels; 100,000 virtual patients per scenario; common random numbers)","largest view mean after review, RMSE","patient-level geometric shape, reading 1, variant mid15",,1.90047,2.34468,0.0082831,mm,"4 scenarios x 100,000",range across scenarios,False,1.90 to 2.34,"followup_viewrules_ranges.csv: group patient_geometry_reading1, variant mid15, replicate 0",mean long-axis underestimation 29.9% to 29.9%; minimum at geom_mid15_r1_patient @ anchor 0.06; maximum at geom_mid15_r1_patient @ anchor 0.25; 12-scenario range 1.91 to 2.51; below it by 0.006 mm,False
"D. View rules, AP axis: range across scenarios (four anchor levels; 100,000 virtual patients per scenario; common random numbers)","mean across views, RMSE","patient-level geometric shape, reading 1, variant mid15",,2.88279,3.45953,0.00944866,mm,"4 scenarios x 100,000",range across scenarios,True,2.88 to 3.46,"followup_viewrules_ranges.csv: group patient_geometry_reading1, variant mid15, replicate 0",mean long-axis underestimation 29.9% to 29.9%; minimum at geom_mid15_r1_patient @ anchor 0.03; maximum at geom_mid15_r1_patient @ anchor 0.25; 12-scenario range 1.67 to 4.06,False
"D. View rules, AP axis: range across scenarios (four anchor levels; 100,000 virtual patients per scenario; common random numbers)","anchor-view mean, RMSE","patient-level geometric shape, reading 1, variant mid15",,1.89826,3.2223,0.0101476,mm,"4 scenarios x 100,000",range across scenarios,False,1.90 to 3.22,"followup_viewrules_ranges.csv: group patient_geometry_reading1, variant mid15, replicate 0",mean long-axis underestimation 29.9% to 29.9%; minimum at geom_mid15_r1_patient @ anchor 0.03; maximum at geom_mid15_r1_patient @ anchor 0.25; 12-scenario range 1.90 to 3.23; below it by 0.002 mm,False
"D. View rules, AP axis: range across scenarios (four anchor levels; 100,000 virtual patients per scenario; common random numbers)","largest view mean, bias","patient-level geometric shape, reading 1, variant ind00",,-0.835591,0.252675,0.0069438,mm,"4 scenarios x 100,000",range across scenarios,False,−0.84 to 0.25,"followup_viewrules_ranges.csv: group patient_geometry_reading1, variant ind00, replicate 0",mean long-axis underestimation 29.2% to 29.2%; minimum at geom_ind00_r1_patient @ anchor 0.25; maximum at geom_ind00_r1_patient @ anchor 0.03; 12-scenario range −0.77 to 0.92; below it by 0.068 mm,False
"D. View rules, AP axis: range across scenarios (four anchor levels; 100,000 virtual patients per scenario; common random numbers)","largest view mean after review, bias","patient-level geometric shape, reading 1, variant ind00",,-1.00499,0.208157,0.00687147,mm,"4 scenarios x 100,000",range across scenarios,False,−1.00 to 0.21,"followup_viewrules_ranges.csv: group patient_geometry_reading1, variant ind00, replicate 0",mean long-axis underestimation 29.2% to 29.2%; minimum at geom_ind00_r1_patient @ anchor 0.25; maximum at geom_ind00_r1_patient @ anchor 0.03; 12-scenario range −0.97 to 0.76; below it by 0.033 mm,False
"D. View rules, AP axis: range across scenarios (four anchor levels; 100,000 virtual patients per scenario; common random numbers)","mean across views, bias","patient-level geometric shape, reading 1, variant ind00",,-2.47958,-1.83753,0.00697951,mm,"4 scenarios x 100,000",range across scenarios,True,−2.48 to −1.84,"followup_viewrules_ranges.csv: group patient_geometry_reading1, variant ind00, replicate 0",mean long-axis underestimation 29.2% to 29.2%; minimum at geom_ind00_r1_patient @ anchor 0.25; maximum at geom_ind00_r1_patient @ anchor 0.03; 12-scenario range −3.16 to −0.28,False
"D. View rules, AP axis: range across scenarios (four anchor levels; 100,000 virtual patients per scenario; common random numbers)","anchor-view mean, bias","patient-level geometric shape, reading 1, variant ind00",,-1.92308,0.00308517,0.00817622,mm,"4 scenarios x 100,000",range across scenarios,True,−1.92 to 0.00,"followup_viewrules_ranges.csv: group patient_geometry_reading1, variant ind00, replicate 0",mean long-axis underestimation 29.2% to 29.2%; minimum at geom_ind00_r1_patient @ anchor 0.25; maximum at geom_ind00_r1_patient @ anchor 0.03; 12-scenario range −1.93 to 0.02,False
"D. View rules, AP axis: range across scenarios (four anchor levels; 100,000 virtual patients per scenario; common random numbers)","largest view mean, RMSE","patient-level geometric shape, reading 1, variant ind00",,1.92753,2.34943,0.00758242,mm,"4 scenarios x 100,000",range across scenarios,False,1.93 to 2.35,"followup_viewrules_ranges.csv: group patient_geometry_reading1, variant ind00, replicate 0",mean long-axis underestimation 29.2% to 29.2%; minimum at geom_ind00_r1_patient @ anchor 0.06; maximum at geom_ind00_r1_patient @ anchor 0.25; 12-scenario range 1.96 to 2.44; below it by 0.034 mm,False
"D. View rules, AP axis: range across scenarios (four anchor levels; 100,000 virtual patients per scenario; common random numbers)","largest view mean after review, RMSE","patient-level geometric shape, reading 1, variant ind00",,1.88458,2.39409,0.00779998,mm,"4 scenarios x 100,000",range across scenarios,False,1.88 to 2.39,"followup_viewrules_ranges.csv: group patient_geometry_reading1, variant ind00, replicate 0",mean long-axis underestimation 29.2% to 29.2%; minimum at geom_ind00_r1_patient @ anchor 0.06; maximum at geom_ind00_r1_patient @ anchor 0.25; 12-scenario range 1.91 to 2.51; below it by 0.021 mm,False
"D. View rules, AP axis: range across scenarios (four anchor levels; 100,000 virtual patients per scenario; common random numbers)","mean across views, RMSE","patient-level geometric shape, reading 1, variant ind00",,2.74418,3.31958,0.00866796,mm,"4 scenarios x 100,000",range across scenarios,True,2.74 to 3.32,"followup_viewrules_ranges.csv: group patient_geometry_reading1, variant ind00, replicate 0",mean long-axis underestimation 29.2% to 29.2%; minimum at geom_ind00_r1_patient @ anchor 0.03; maximum at geom_ind00_r1_patient @ anchor 0.25; 12-scenario range 1.67 to 4.06,False
"D. View rules, AP axis: range across scenarios (four anchor levels; 100,000 virtual patients per scenario; common random numbers)","anchor-view mean, RMSE","patient-level geometric shape, reading 1, variant ind00",,1.89826,3.2223,0.0101476,mm,"4 scenarios x 100,000",range across scenarios,False,1.90 to 3.22,"followup_viewrules_ranges.csv: group patient_geometry_reading1, variant ind00, replicate 0",mean long-axis underestimation 29.2% to 29.2%; minimum at geom_ind00_r1_patient @ anchor 0.03; maximum at geom_ind00_r1_patient @ anchor 0.25; 12-scenario range 1.90 to 3.23; below it by 0.002 mm,False
"D. View rules, AP axis: range across scenarios (four anchor levels; 100,000 virtual patients per scenario; common random numbers)","largest view mean, bias","patient-level geometric shape, off-centre placement only (variants ind15, mid15, ind00); identical to the chord-distributed offset",,0.286248,1.10228,0.00695441,mm,"12 scenarios x 100,000",range across scenarios,False,0.29 to 1.10,"followup_viewrules_ranges.csv: group patient_geometry_reading2, variant all, replicate 0",mean long-axis underestimation 6.1% to 18.4%; minimum at geom_mid15_r2_patient @ anchor 0.25; maximum at geom_ind00_r2_patient @ anchor 0.03; 12-scenario range −0.77 to 0.92; above it by 0.182 mm,True
"D. View rules, AP axis: range across scenarios (four anchor levels; 100,000 virtual patients per scenario; common random numbers)","largest view mean after review, bias","patient-level geometric shape, off-centre placement only (variants ind15, mid15, ind00); identical to the chord-distributed offset",,-0.0702973,0.922576,0.00689685,mm,"12 scenarios x 100,000",range across scenarios,False,−0.07 to 0.92,"followup_viewrules_ranges.csv: group patient_geometry_reading2, variant all, replicate 0",mean long-axis underestimation 6.1% to 18.4%; minimum at geom_mid15_r2_patient @ anchor 0.25; maximum at geom_ind00_r2_patient @ anchor 0.03; 12-scenario range −0.97 to 0.76; above it by 0.160 mm,True
"D. View rules, AP axis: range across scenarios (four anchor levels; 100,000 virtual patients per scenario; common random numbers)","mean across views, bias","patient-level geometric shape, off-centre placement only (variants ind15, mid15, ind00); identical to the chord-distributed offset",,-1.68671,-0.148205,0.00697557,mm,"12 scenarios x 100,000",range across scenarios,False,−1.69 to −0.15,"followup_viewrules_ranges.csv: group patient_geometry_reading2, variant all, replicate 0",mean long-axis underestimation 6.1% to 18.4%; minimum at geom_mid15_r2_patient @ anchor 0.25; maximum at geom_ind00_r2_patient @ anchor 0.03; 12-scenario range −3.16 to −0.28; above it by 0.127 mm,True
"D. View rules, AP axis: range across scenarios (four anchor levels; 100,000 virtual patients per scenario; common random numbers)","anchor-view mean, bias","patient-level geometric shape, off-centre placement only (variants ind15, mid15, ind00); identical to the chord-distributed offset",,-1.92308,0.00308517,0.00817622,mm,"12 scenarios x 100,000",range across scenarios,True,−1.92 to 0.00,"followup_viewrules_ranges.csv: group patient_geometry_reading2, variant all, replicate 0",mean long-axis underestimation 6.1% to 18.4%; minimum at geom_ind15_r2_patient @ anchor 0.25; maximum at geom_ind15_r2_patient @ anchor 0.03; 12-scenario range −1.93 to 0.02,True
"D. View rules, AP axis: range across scenarios (four anchor levels; 100,000 virtual patients per scenario; common random numbers)","largest view mean, RMSE","patient-level geometric shape, off-centre placement only (variants ind15, mid15, ind00); identical to the chord-distributed offset",,2.13367,2.30562,0.0090904,mm,"12 scenarios x 100,000",range across scenarios,True,2.13 to 2.31,"followup_viewrules_ranges.csv: group patient_geometry_reading2, variant all, replicate 0",mean long-axis underestimation 6.1% to 18.4%; minimum at geom_mid15_r2_patient @ anchor 0.06; maximum at geom_ind00_r2_patient @ anchor 0.03; 12-scenario range 1.96 to 2.44,False
"D. View rules, AP axis: range across scenarios (four anchor levels; 100,000 virtual patients per scenario; common random numbers)","largest view mean after review, RMSE","patient-level geometric shape, off-centre placement only (variants ind15, mid15, ind00); identical to the chord-distributed offset",,1.97978,2.1821,0.00807727,mm,"12 scenarios x 100,000",range across scenarios,True,1.98 to 2.18,"followup_viewrules_ranges.csv: group patient_geometry_reading2, variant all, replicate 0",mean long-axis underestimation 6.1% to 18.4%; minimum at geom_mid15_r2_patient @ anchor 0.06; maximum at geom_mid15_r2_patient @ anchor 0.25; 12-scenario range 1.91 to 2.51,False
"D. View rules, AP axis: range across scenarios (four anchor levels; 100,000 virtual patients per scenario; common random numbers)","mean across views, RMSE","patient-level geometric shape, off-centre placement only (variants ind15, mid15, ind00); identical to the chord-distributed offset",,1.70946,2.77683,0.00869974,mm,"12 scenarios x 100,000",range across scenarios,True,1.71 to 2.78,"followup_viewrules_ranges.csv: group patient_geometry_reading2, variant all, replicate 0",mean long-axis underestimation 6.1% to 18.4%; minimum at geom_ind00_r2_patient @ anchor 0.03; maximum at geom_mid15_r2_patient @ anchor 0.25; 12-scenario range 1.67 to 4.06,False
"D. View rules, AP axis: range across scenarios (four anchor levels; 100,000 virtual patients per scenario; common random numbers)","anchor-view mean, RMSE","patient-level geometric shape, off-centre placement only (variants ind15, mid15, ind00); identical to the chord-distributed offset",,1.89826,3.2223,0.0101476,mm,"12 scenarios x 100,000",range across scenarios,False,1.90 to 3.22,"followup_viewrules_ranges.csv: group patient_geometry_reading2, variant all, replicate 0",mean long-axis underestimation 6.1% to 18.4%; minimum at geom_ind15_r2_patient @ anchor 0.03; maximum at geom_ind15_r2_patient @ anchor 0.25; 12-scenario range 1.90 to 3.23; below it by 0.002 mm,False
"D. View rules, AP axis: range across scenarios (four anchor levels; 100,000 virtual patients per scenario; common random numbers)","largest view mean, bias","patient-level geometric shape, reading 2, variant ind15",,0.702237,1.03449,0.00660375,mm,"4 scenarios x 100,000",range across scenarios,False,0.70 to 1.03,"followup_viewrules_ranges.csv: group patient_geometry_reading2, variant ind15, replicate 0",mean long-axis underestimation 8.3% to 8.3%; minimum at geom_ind15_r2_patient @ anchor 0.25; maximum at geom_ind15_r2_patient @ anchor 0.03; 12-scenario range −0.77 to 0.92; above it by 0.115 mm,False
"D. View rules, AP axis: range across scenarios (four anchor levels; 100,000 virtual patients per scenario; common random numbers)","largest view mean after review, bias","patient-level geometric shape, reading 2, variant ind15",,0.309597,0.864829,0.00646877,mm,"4 scenarios x 100,000",range across scenarios,False,0.31 to 0.86,"followup_viewrules_ranges.csv: group patient_geometry_reading2, variant ind15, replicate 0",mean long-axis underestimation 8.3% to 8.3%; minimum at geom_ind15_r2_patient @ anchor 0.25; maximum at geom_ind15_r2_patient @ anchor 0.03; 12-scenario range −0.97 to 0.76; above it by 0.102 mm,False
"D. View rules, AP axis: range across scenarios (four anchor levels; 100,000 virtual patients per scenario; common random numbers)","mean across views, bias","patient-level geometric shape, reading 2, variant ind15",,-0.950999,-0.308945,0.00591893,mm,"4 scenarios x 100,000",range across scenarios,True,−0.95 to −0.31,"followup_viewrules_ranges.csv: group patient_geometry_reading2, variant ind15, replicate 0",mean long-axis underestimation 8.3% to 8.3%; minimum at geom_ind15_r2_patient @ anchor 0.25; maximum at geom_ind15_r2_patient @ anchor 0.03; 12-scenario range −3.16 to −0.28,False
"D. View rules, AP axis: range across scenarios (four anchor levels; 100,000 virtual patients per scenario; common random numbers)","anchor-view mean, bias","patient-level geometric shape, reading 2, variant ind15",,-1.92308,0.00308517,0.00817622,mm,"4 scenarios x 100,000",range across scenarios,True,−1.92 to 0.00,"followup_viewrules_ranges.csv: group patient_geometry_reading2, variant ind15, replicate 0",mean long-axis underestimation 8.3% to 8.3%; minimum at geom_ind15_r2_patient @ anchor 0.25; maximum at geom_ind15_r2_patient @ anchor 0.03; 12-scenario range −1.93 to 0.02,False
"D. View rules, AP axis: range across scenarios (four anchor levels; 100,000 virtual patients per scenario; common random numbers)","largest view mean, RMSE","patient-level geometric shape, reading 2, variant ind15",,2.20319,2.26966,0.00898248,mm,"4 scenarios x 100,000",range across scenarios,True,2.20 to 2.27,"followup_viewrules_ranges.csv: group patient_geometry_reading2, variant ind15, replicate 0",mean long-axis underestimation 8.3% to 8.3%; minimum at geom_ind15_r2_patient @ anchor 0.25; maximum at geom_ind15_r2_patient @ anchor 0.03; 12-scenario range 1.96 to 2.44,False
"D. View rules, AP axis: range across scenarios (four anchor levels; 100,000 virtual patients per scenario; common random numbers)","largest view mean after review, RMSE","patient-level geometric shape, reading 2, variant ind15",,2.00253,2.07907,0.0077107,mm,"4 scenarios x 100,000",range across scenarios,True,2.00 to 2.08,"followup_viewrules_ranges.csv: group patient_geometry_reading2, variant ind15, replicate 0",mean long-axis underestimation 8.3% to 8.3%; minimum at geom_ind15_r2_patient @ anchor 0.125; maximum at geom_ind15_r2_patient @ anchor 0.03; 12-scenario range 1.91 to 2.51,False
"D. View rules, AP axis: range across scenarios (four anchor levels; 100,000 virtual patients per scenario; common random numbers)","mean across views, RMSE","patient-level geometric shape, reading 2, variant ind15",,1.78923,2.09946,0.0066647,mm,"4 scenarios x 100,000",range across scenarios,True,1.79 to 2.10,"followup_viewrules_ranges.csv: group patient_geometry_reading2, variant ind15, replicate 0",mean long-axis underestimation 8.3% to 8.3%; minimum at geom_ind15_r2_patient @ anchor 0.03; maximum at geom_ind15_r2_patient @ anchor 0.25; 12-scenario range 1.67 to 4.06,False
"D. View rules, AP axis: range across scenarios (four anchor levels; 100,000 virtual patients per scenario; common random numbers)","anchor-view mean, RMSE","patient-level geometric shape, reading 2, variant ind15",,1.89826,3.2223,0.0101476,mm,"4 scenarios x 100,000",range across scenarios,False,1.90 to 3.22,"followup_viewrules_ranges.csv: group patient_geometry_reading2, variant ind15, replicate 0",mean long-axis underestimation 8.3% to 8.3%; minimum at geom_ind15_r2_patient @ anchor 0.03; maximum at geom_ind15_r2_patient @ anchor 0.25; 12-scenario range 1.90 to 3.23; below it by 0.002 mm,False
"D. View rules, AP axis: range across scenarios (four anchor levels; 100,000 virtual patients per scenario; common random numbers)","largest view mean, bias","patient-level geometric shape, reading 2, variant mid15",,0.286248,0.811657,0.00695441,mm,"4 scenarios x 100,000",range across scenarios,True,0.29 to 0.81,"followup_viewrules_ranges.csv: group patient_geometry_reading2, variant mid15, replicate 0",mean long-axis underestimation 18.4% to 18.4%; minimum at geom_mid15_r2_patient @ anchor 0.25; maximum at geom_mid15_r2_patient @ anchor 0.03; 12-scenario range −0.77 to 0.92,False
"D. View rules, AP axis: range across scenarios (four anchor levels; 100,000 virtual patients per scenario; common random numbers)","largest view mean after review, bias","patient-level geometric shape, reading 2, variant mid15",,-0.0702973,0.676944,0.00689685,mm,"4 scenarios x 100,000",range across scenarios,True,−0.07 to 0.68,"followup_viewrules_ranges.csv: group patient_geometry_reading2, variant mid15, replicate 0",mean long-axis underestimation 18.4% to 18.4%; minimum at geom_mid15_r2_patient @ anchor 0.25; maximum at geom_mid15_r2_patient @ anchor 0.03; 12-scenario range −0.97 to 0.76,False
"D. View rules, AP axis: range across scenarios (four anchor levels; 100,000 virtual patients per scenario; common random numbers)","mean across views, bias","patient-level geometric shape, reading 2, variant mid15",,-1.68671,-1.04465,0.00697557,mm,"4 scenarios x 100,000",range across scenarios,True,−1.69 to −1.04,"followup_viewrules_ranges.csv: group patient_geometry_reading2, variant mid15, replicate 0",mean long-axis underestimation 18.4% to 18.4%; minimum at geom_mid15_r2_patient @ anchor 0.25; maximum at geom_mid15_r2_patient @ anchor 0.03; 12-scenario range −3.16 to −0.28,False
"D. View rules, AP axis: range across scenarios (four anchor levels; 100,000 virtual patients per scenario; common random numbers)","anchor-view mean, bias","patient-level geometric shape, reading 2, variant mid15",,-1.92308,0.00308517,0.00817622,mm,"4 scenarios x 100,000",range across scenarios,True,−1.92 to 0.00,"followup_viewrules_ranges.csv: group patient_geometry_reading2, variant mid15, replicate 0",mean long-axis underestimation 18.4% to 18.4%; minimum at geom_mid15_r2_patient @ anchor 0.25; maximum at geom_mid15_r2_patient @ anchor 0.03; 12-scenario range −1.93 to 0.02,False
"D. View rules, AP axis: range across scenarios (four anchor levels; 100,000 virtual patients per scenario; common random numbers)","largest view mean, RMSE","patient-level geometric shape, reading 2, variant mid15",,2.13367,2.21772,0.0085634,mm,"4 scenarios x 100,000",range across scenarios,True,2.13 to 2.22,"followup_viewrules_ranges.csv: group patient_geometry_reading2, variant mid15, replicate 0",mean long-axis underestimation 18.4% to 18.4%; minimum at geom_mid15_r2_patient @ anchor 0.06; maximum at geom_mid15_r2_patient @ anchor 0.25; 12-scenario range 1.96 to 2.44,False
"D. View rules, AP axis: range across scenarios (four anchor levels; 100,000 virtual patients per scenario; common random numbers)","largest view mean after review, RMSE","patient-level geometric shape, reading 2, variant mid15",,1.97978,2.1821,0.00807727,mm,"4 scenarios x 100,000",range across scenarios,True,1.98 to 2.18,"followup_viewrules_ranges.csv: group patient_geometry_reading2, variant mid15, replicate 0",mean long-axis underestimation 18.4% to 18.4%; minimum at geom_mid15_r2_patient @ anchor 0.06; maximum at geom_mid15_r2_patient @ anchor 0.25; 12-scenario range 1.91 to 2.51,False
"D. View rules, AP axis: range across scenarios (four anchor levels; 100,000 virtual patients per scenario; common random numbers)","mean across views, RMSE","patient-level geometric shape, reading 2, variant mid15",,2.30727,2.77683,0.00869974,mm,"4 scenarios x 100,000",range across scenarios,True,2.31 to 2.78,"followup_viewrules_ranges.csv: group patient_geometry_reading2, variant mid15, replicate 0",mean long-axis underestimation 18.4% to 18.4%; minimum at geom_mid15_r2_patient @ anchor 0.03; maximum at geom_mid15_r2_patient @ anchor 0.25; 12-scenario range 1.67 to 4.06,False
"D. View rules, AP axis: range across scenarios (four anchor levels; 100,000 virtual patients per scenario; common random numbers)","anchor-view mean, RMSE","patient-level geometric shape, reading 2, variant mid15",,1.89826,3.2223,0.0101476,mm,"4 scenarios x 100,000",range across scenarios,False,1.90 to 3.22,"followup_viewrules_ranges.csv: group patient_geometry_reading2, variant mid15, replicate 0",mean long-axis underestimation 18.4% to 18.4%; minimum at geom_mid15_r2_patient @ anchor 0.03; maximum at geom_mid15_r2_patient @ anchor 0.25; 12-scenario range 1.90 to 3.23; below it by 0.002 mm,False
"D. View rules, AP axis: range across scenarios (four anchor levels; 100,000 virtual patients per scenario; common random numbers)","largest view mean, bias","patient-level geometric shape, reading 2, variant ind00",,0.811749,1.10228,0.00654674,mm,"4 scenarios x 100,000",range across scenarios,False,0.81 to 1.10,"followup_viewrules_ranges.csv: group patient_geometry_reading2, variant ind00, replicate 0",mean long-axis underestimation 6.1% to 6.1%; minimum at geom_ind00_r2_patient @ anchor 0.25; maximum at geom_ind00_r2_patient @ anchor 0.03; 12-scenario range −0.77 to 0.92; above it by 0.182 mm,False
"D. View rules, AP axis: range across scenarios (four anchor levels; 100,000 virtual patients per scenario; common random numbers)","largest view mean after review, bias","patient-level geometric shape, reading 2, variant ind00",,0.411238,0.922576,0.0063769,mm,"4 scenarios x 100,000",range across scenarios,False,0.41 to 0.92,"followup_viewrules_ranges.csv: group patient_geometry_reading2, variant ind00, replicate 0",mean long-axis underestimation 6.1% to 6.1%; minimum at geom_ind00_r2_patient @ anchor 0.25; maximum at geom_ind00_r2_patient @ anchor 0.03; 12-scenario range −0.97 to 0.76; above it by 0.160 mm,False
"D. View rules, AP axis: range across scenarios (four anchor levels; 100,000 virtual patients per scenario; common random numbers)","mean across views, bias","patient-level geometric shape, reading 2, variant ind00",,-0.790259,-0.148205,0.00568888,mm,"4 scenarios x 100,000",range across scenarios,False,−0.79 to −0.15,"followup_viewrules_ranges.csv: group patient_geometry_reading2, variant ind00, replicate 0",mean long-axis underestimation 6.1% to 6.1%; minimum at geom_ind00_r2_patient @ anchor 0.25; maximum at geom_ind00_r2_patient @ anchor 0.03; 12-scenario range −3.16 to −0.28; above it by 0.127 mm,False
"D. View rules, AP axis: range across scenarios (four anchor levels; 100,000 virtual patients per scenario; common random numbers)","anchor-view mean, bias","patient-level geometric shape, reading 2, variant ind00",,-1.92308,0.00308517,0.00817622,mm,"4 scenarios x 100,000",range across scenarios,True,−1.92 to 0.00,"followup_viewrules_ranges.csv: group patient_geometry_reading2, variant ind00, replicate 0",mean long-axis underestimation 6.1% to 6.1%; minimum at geom_ind00_r2_patient @ anchor 0.25; maximum at geom_ind00_r2_patient @ anchor 0.03; 12-scenario range −1.93 to 0.02,False
"D. View rules, AP axis: range across scenarios (four anchor levels; 100,000 virtual patients per scenario; common random numbers)","largest view mean, RMSE","patient-level geometric shape, reading 2, variant ind00",,2.22371,2.30562,0.0090904,mm,"4 scenarios x 100,000",range across scenarios,True,2.22 to 2.31,"followup_viewrules_ranges.csv: group patient_geometry_reading2, variant ind00, replicate 0",mean long-axis underestimation 6.1% to 6.1%; minimum at geom_ind00_r2_patient @ anchor 0.25; maximum at geom_ind00_r2_patient @ anchor 0.03; 12-scenario range 1.96 to 2.44,False
"D. View rules, AP axis: range across scenarios (four anchor levels; 100,000 virtual patients per scenario; common random numbers)","largest view mean after review, RMSE","patient-level geometric shape, reading 2, variant ind00",,2.01482,2.10142,0.00775584,mm,"4 scenarios x 100,000",range across scenarios,True,2.01 to 2.10,"followup_viewrules_ranges.csv: group patient_geometry_reading2, variant ind00, replicate 0",mean long-axis underestimation 6.1% to 6.1%; minimum at geom_ind00_r2_patient @ anchor 0.125; maximum at geom_ind00_r2_patient @ anchor 0.03; 12-scenario range 1.91 to 2.51,False
"D. View rules, AP axis: range across scenarios (four anchor levels; 100,000 virtual patients per scenario; common random numbers)","mean across views, RMSE","patient-level geometric shape, reading 2, variant ind00",,1.70946,1.9649,0.00602501,mm,"4 scenarios x 100,000",range across scenarios,True,1.71 to 1.96,"followup_viewrules_ranges.csv: group patient_geometry_reading2, variant ind00, replicate 0",mean long-axis underestimation 6.1% to 6.1%; minimum at geom_ind00_r2_patient @ anchor 0.03; maximum at geom_ind00_r2_patient @ anchor 0.25; 12-scenario range 1.67 to 4.06,False
"D. View rules, AP axis: range across scenarios (four anchor levels; 100,000 virtual patients per scenario; common random numbers)","anchor-view mean, RMSE","patient-level geometric shape, reading 2, variant ind00",,1.89826,3.2223,0.0101476,mm,"4 scenarios x 100,000",range across scenarios,False,1.90 to 3.22,"followup_viewrules_ranges.csv: group patient_geometry_reading2, variant ind00, replicate 0",mean long-axis underestimation 6.1% to 6.1%; minimum at geom_ind00_r2_patient @ anchor 0.03; maximum at geom_ind00_r2_patient @ anchor 0.25; 12-scenario range 1.90 to 3.23; below it by 0.002 mm,False
"D. View rules, AP axis: range across scenarios (four anchor levels; 100,000 virtual patients per scenario; common random numbers)","largest view mean, bias","patient-level geometric shape, both readings (24 scenarios)",,-0.835591,1.10228,0.00709698,mm,"24 scenarios x 100,000",range across scenarios,False,−0.84 to 1.10,"followup_viewrules_ranges.csv: group patient_geometry_both_readings, variant all, replicate 0",mean long-axis underestimation 6.1% to 29.9%; minimum at geom_ind00_r1_patient @ anchor 0.25; maximum at geom_ind00_r2_patient @ anchor 0.03; 12-scenario range −0.77 to 0.92; below it by 0.068 mm; above it by 0.182 mm,False
"D. View rules, AP axis: range across scenarios (four anchor levels; 100,000 virtual patients per scenario; common random numbers)","largest view mean after review, bias","patient-level geometric shape, both readings (24 scenarios)",,-1.00499,0.922576,0.00705239,mm,"24 scenarios x 100,000",range across scenarios,False,−1.00 to 0.92,"followup_viewrules_ranges.csv: group patient_geometry_both_readings, variant all, replicate 0",mean long-axis underestimation 6.1% to 29.9%; minimum at geom_ind00_r1_patient @ anchor 0.25; maximum at geom_ind00_r2_patient @ anchor 0.03; 12-scenario range −0.97 to 0.76; below it by 0.033 mm; above it by 0.160 mm,False
"D. View rules, AP axis: range across scenarios (four anchor levels; 100,000 virtual patients per scenario; common random numbers)","mean across views, bias","patient-level geometric shape, both readings (24 scenarios)",,-2.53753,-0.148205,0.00743596,mm,"24 scenarios x 100,000",range across scenarios,False,−2.54 to −0.15,"followup_viewrules_ranges.csv: group patient_geometry_both_readings, variant all, replicate 0",mean long-axis underestimation 6.1% to 29.9%; minimum at geom_mid15_r1_patient @ anchor 0.25; maximum at geom_ind00_r2_patient @ anchor 0.03; 12-scenario range −3.16 to −0.28; above it by 0.127 mm,False
"D. View rules, AP axis: range across scenarios (four anchor levels; 100,000 virtual patients per scenario; common random numbers)","anchor-view mean, bias","patient-level geometric shape, both readings (24 scenarios)",,-1.92308,0.00308517,0.00817622,mm,"24 scenarios x 100,000",range across scenarios,True,−1.92 to 0.00,"followup_viewrules_ranges.csv: group patient_geometry_both_readings, variant all, replicate 0",mean long-axis underestimation 6.1% to 29.9%; minimum at geom_ind15_r1_patient @ anchor 0.25; maximum at geom_ind15_r1_patient @ anchor 0.03; 12-scenario range −1.93 to 0.02,False
"D. View rules, AP axis: range across scenarios (four anchor levels; 100,000 virtual patients per scenario; common random numbers)","largest view mean, RMSE","patient-level geometric shape, both readings (24 scenarios)",,1.92753,2.34943,0.0090904,mm,"24 scenarios x 100,000",range across scenarios,False,1.93 to 2.35,"followup_viewrules_ranges.csv: group patient_geometry_both_readings, variant all, replicate 0",mean long-axis underestimation 6.1% to 29.9%; minimum at geom_ind00_r1_patient @ anchor 0.06; maximum at geom_ind00_r1_patient @ anchor 0.25; 12-scenario range 1.96 to 2.44; below it by 0.034 mm,False
"D. View rules, AP axis: range across scenarios (four anchor levels; 100,000 virtual patients per scenario; common random numbers)","largest view mean after review, RMSE","patient-level geometric shape, both readings (24 scenarios)",,1.88458,2.39409,0.0082831,mm,"24 scenarios x 100,000",range across scenarios,False,1.88 to 2.39,"followup_viewrules_ranges.csv: group patient_geometry_both_readings, variant all, replicate 0",mean long-axis underestimation 6.1% to 29.9%; minimum at geom_ind00_r1_patient @ anchor 0.06; maximum at geom_ind00_r1_patient @ anchor 0.25; 12-scenario range 1.91 to 2.51; below it by 0.021 mm,False
"D. View rules, AP axis: range across scenarios (four anchor levels; 100,000 virtual patients per scenario; common random numbers)","mean across views, RMSE","patient-level geometric shape, both readings (24 scenarios)",,1.70946,3.45953,0.00944866,mm,"24 scenarios x 100,000",range across scenarios,True,1.71 to 3.46,"followup_viewrules_ranges.csv: group patient_geometry_both_readings, variant all, replicate 0",mean long-axis underestimation 6.1% to 29.9%; minimum at geom_ind00_r2_patient @ anchor 0.03; maximum at geom_mid15_r1_patient @ anchor 0.25; 12-scenario range 1.67 to 4.06,False
"D. View rules, AP axis: range across scenarios (four anchor levels; 100,000 virtual patients per scenario; common random numbers)","anchor-view mean, RMSE","patient-level geometric shape, both readings (24 scenarios)",,1.89826,3.2223,0.0101476,mm,"24 scenarios x 100,000",range across scenarios,False,1.90 to 3.22,"followup_viewrules_ranges.csv: group patient_geometry_both_readings, variant all, replicate 0",mean long-axis underestimation 6.1% to 29.9%; minimum at geom_ind15_r1_patient @ anchor 0.03; maximum at geom_ind15_r1_patient @ anchor 0.25; 12-scenario range 1.90 to 3.23; below it by 0.002 mm,False
"D. View rules, AP axis: range across scenarios (four anchor levels; 100,000 virtual patients per scenario; common random numbers)","largest view mean, bias",half-normal and patient-level geometric shapes at all calibrated values (60 scenarios),,-0.835591,1.10228,0.00709698,mm,"60 scenarios x 100,000",range across scenarios,False,−0.84 to 1.10,"followup_viewrules_ranges.csv: group all_calibrated_primary, variant all, replicate 0",mean long-axis underestimation 6.1% to 29.9%; minimum at geom_ind00_r1_patient @ anchor 0.25; maximum at geom_ind00_r2_patient @ anchor 0.03; 12-scenario range −0.77 to 0.92; below it by 0.068 mm; above it by 0.182 mm,False
"D. View rules, AP axis: range across scenarios (four anchor levels; 100,000 virtual patients per scenario; common random numbers)","largest view mean after review, bias",half-normal and patient-level geometric shapes at all calibrated values (60 scenarios),,-1.00499,0.922576,0.00705239,mm,"60 scenarios x 100,000",range across scenarios,False,−1.00 to 0.92,"followup_viewrules_ranges.csv: group all_calibrated_primary, variant all, replicate 0",mean long-axis underestimation 6.1% to 29.9%; minimum at geom_ind00_r1_patient @ anchor 0.25; maximum at geom_ind00_r2_patient @ anchor 0.03; 12-scenario range −0.97 to 0.76; below it by 0.033 mm; above it by 0.160 mm,False
"D. View rules, AP axis: range across scenarios (four anchor levels; 100,000 virtual patients per scenario; common random numbers)","mean across views, bias",half-normal and patient-level geometric shapes at all calibrated values (60 scenarios),,-2.53753,-0.148205,0.00743596,mm,"60 scenarios x 100,000",range across scenarios,False,−2.54 to −0.15,"followup_viewrules_ranges.csv: group all_calibrated_primary, variant all, replicate 0",mean long-axis underestimation 6.1% to 29.9%; minimum at geom_mid15_r1_patient @ anchor 0.25; maximum at geom_ind00_r2_patient @ anchor 0.03; 12-scenario range −3.16 to −0.28; above it by 0.127 mm,False
"D. View rules, AP axis: range across scenarios (four anchor levels; 100,000 virtual patients per scenario; common random numbers)","anchor-view mean, bias",half-normal and patient-level geometric shapes at all calibrated values (60 scenarios),,-1.92308,0.00308517,0.00817622,mm,"60 scenarios x 100,000",range across scenarios,True,−1.92 to 0.00,"followup_viewrules_ranges.csv: group all_calibrated_primary, variant all, replicate 0",mean long-axis underestimation 6.1% to 29.9%; minimum at geom_ind15_r1_halfnormal @ anchor 0.25; maximum at geom_ind15_r1_halfnormal @ anchor 0.03; 12-scenario range −1.93 to 0.02,False
"D. View rules, AP axis: range across scenarios (four anchor levels; 100,000 virtual patients per scenario; common random numbers)","largest view mean, RMSE",half-normal and patient-level geometric shapes at all calibrated values (60 scenarios),,1.92753,2.34943,0.0090904,mm,"60 scenarios x 100,000",range across scenarios,False,1.93 to 2.35,"followup_viewrules_ranges.csv: group all_calibrated_primary, variant all, replicate 0",mean long-axis underestimation 6.1% to 29.9%; minimum at geom_ind00_r1_patient @ anchor 0.06; maximum at geom_ind00_r1_patient @ anchor 0.25; 12-scenario range 1.96 to 2.44; below it by 0.034 mm,False
"D. View rules, AP axis: range across scenarios (four anchor levels; 100,000 virtual patients per scenario; common random numbers)","largest view mean after review, RMSE",half-normal and patient-level geometric shapes at all calibrated values (60 scenarios),,1.88458,2.39409,0.0082831,mm,"60 scenarios x 100,000",range across scenarios,False,1.88 to 2.39,"followup_viewrules_ranges.csv: group all_calibrated_primary, variant all, replicate 0",mean long-axis underestimation 6.1% to 29.9%; minimum at geom_ind00_r1_patient @ anchor 0.06; maximum at geom_ind00_r1_patient @ anchor 0.25; 12-scenario range 1.91 to 2.51; below it by 0.021 mm,False
"D. View rules, AP axis: range across scenarios (four anchor levels; 100,000 virtual patients per scenario; common random numbers)","mean across views, RMSE",half-normal and patient-level geometric shapes at all calibrated values (60 scenarios),,1.63519,3.45953,0.00944866,mm,"60 scenarios x 100,000",range across scenarios,False,1.64 to 3.46,"followup_viewrules_ranges.csv: group all_calibrated_primary, variant all, replicate 0",mean long-axis underestimation 6.1% to 29.9%; minimum at geom_ind00_r2_halfnormal @ anchor 0.03; maximum at geom_mid15_r1_patient @ anchor 0.25; 12-scenario range 1.67 to 4.06; below it by 0.038 mm,False
"D. View rules, AP axis: range across scenarios (four anchor levels; 100,000 virtual patients per scenario; common random numbers)","anchor-view mean, RMSE",half-normal and patient-level geometric shapes at all calibrated values (60 scenarios),,1.89826,3.2223,0.0101476,mm,"60 scenarios x 100,000",range across scenarios,False,1.90 to 3.22,"followup_viewrules_ranges.csv: group all_calibrated_primary, variant all, replicate 0",mean long-axis underestimation 6.1% to 29.9%; minimum at geom_ind15_r1_halfnormal @ anchor 0.03; maximum at geom_ind15_r1_halfnormal @ anchor 0.25; 12-scenario range 1.90 to 3.23; below it by 0.002 mm,False
"D. View rules, AP axis: range across scenarios (four anchor levels; 100,000 virtual patients per scenario; common random numbers)","largest view mean, bias",constant rotation plus chord-distributed offset (between-patient SD about half the calibrated one; not a calibrated shape),,-1.0557,0.250247,0.00655041,mm,"12 scenarios x 100,000",range across scenarios,False,−1.06 to 0.25,"followup_viewrules_ranges.csv: group constant_rotation_chord_reading1, variant all, replicate 0",mean long-axis underestimation 29.3% to 30.0%; minimum at geom_ind00_r1_chord @ anchor 0.25; maximum at geom_mid15_r1_chord @ anchor 0.03; 12-scenario range −0.77 to 0.92; below it by 0.288 mm,False
"D. View rules, AP axis: range across scenarios (four anchor levels; 100,000 virtual patients per scenario; common random numbers)","largest view mean after review, bias",constant rotation plus chord-distributed offset (between-patient SD about half the calibrated one; not a calibrated shape),,-1.19194,0.207156,0.00661695,mm,"12 scenarios x 100,000",range across scenarios,False,−1.19 to 0.21,"followup_viewrules_ranges.csv: group constant_rotation_chord_reading1, variant all, replicate 0",mean long-axis underestimation 29.3% to 30.0%; minimum at geom_ind00_r1_chord @ anchor 0.25; maximum at geom_mid15_r1_chord @ anchor 0.03; 12-scenario range −0.97 to 0.76; below it by 0.220 mm,False
"D. View rules, AP axis: range across scenarios (four anchor levels; 100,000 virtual patients per scenario; common random numbers)","mean across views, bias",constant rotation plus chord-distributed offset (between-patient SD about half the calibrated one; not a calibrated shape),,-2.53925,-1.84634,0.00692417,mm,"12 scenarios x 100,000",range across scenarios,True,−2.54 to −1.85,"followup_viewrules_ranges.csv: group constant_rotation_chord_reading1, variant all, replicate 0",mean long-axis underestimation 29.3% to 30.0%; minimum at geom_mid15_r1_chord @ anchor 0.25; maximum at geom_ind00_r1_chord @ anchor 0.03; 12-scenario range −3.16 to −0.28,False
"D. View rules, AP axis: range across scenarios (four anchor levels; 100,000 virtual patients per scenario; common random numbers)","anchor-view mean, bias",constant rotation plus chord-distributed offset (between-patient SD about half the calibrated one; not a calibrated shape),,-1.92308,0.00308517,0.00817622,mm,"12 scenarios x 100,000",range across scenarios,True,−1.92 to 0.00,"followup_viewrules_ranges.csv: group constant_rotation_chord_reading1, variant all, replicate 0",mean long-axis underestimation 29.3% to 30.0%; minimum at geom_ind15_r1_chord @ anchor 0.25; maximum at geom_ind15_r1_chord @ anchor 0.03; 12-scenario range −1.93 to 0.02,False
"D. View rules, AP axis: range across scenarios (four anchor levels; 100,000 virtual patients per scenario; common random numbers)","largest view mean, RMSE",constant rotation plus chord-distributed offset (between-patient SD about half the calibrated one; not a calibrated shape),,1.89454,2.2918,0.00737778,mm,"12 scenarios x 100,000",range across scenarios,False,1.89 to 2.29,"followup_viewrules_ranges.csv: group constant_rotation_chord_reading1, variant all, replicate 0",mean long-axis underestimation 29.3% to 30.0%; minimum at geom_ind15_r1_chord @ anchor 0.06; maximum at geom_ind00_r1_chord @ anchor 0.25; 12-scenario range 1.96 to 2.44; below it by 0.067 mm,False
"D. View rules, AP axis: range across scenarios (four anchor levels; 100,000 virtual patients per scenario; common random numbers)","largest view mean after review, RMSE",constant rotation plus chord-distributed offset (between-patient SD about half the calibrated one; not a calibrated shape),,1.85823,2.38067,0.0078721,mm,"12 scenarios x 100,000",range across scenarios,False,1.86 to 2.38,"followup_viewrules_ranges.csv: group constant_rotation_chord_reading1, variant all, replicate 0",mean long-axis underestimation 29.3% to 30.0%; minimum at geom_mid15_r1_chord @ anchor 0.06; maximum at geom_ind00_r1_chord @ anchor 0.25; 12-scenario range 1.91 to 2.51; below it by 0.048 mm,False
"D. View rules, AP axis: range across scenarios (four anchor levels; 100,000 virtual patients per scenario; common random numbers)","mean across views, RMSE",constant rotation plus chord-distributed offset (between-patient SD about half the calibrated one; not a calibrated shape),,2.50302,3.35293,0.00893584,mm,"12 scenarios x 100,000",range across scenarios,True,2.50 to 3.35,"followup_viewrules_ranges.csv: group constant_rotation_chord_reading1, variant all, replicate 0",mean long-axis underestimation 29.3% to 30.0%; minimum at geom_ind00_r1_chord @ anchor 0.03; maximum at geom_mid15_r1_chord @ anchor 0.25; 12-scenario range 1.67 to 4.06,False
"D. View rules, AP axis: range across scenarios (four anchor levels; 100,000 virtual patients per scenario; common random numbers)","anchor-view mean, RMSE",constant rotation plus chord-distributed offset (between-patient SD about half the calibrated one; not a calibrated shape),,1.89826,3.2223,0.0101476,mm,"12 scenarios x 100,000",range across scenarios,False,1.90 to 3.22,"followup_viewrules_ranges.csv: group constant_rotation_chord_reading1, variant all, replicate 0",mean long-axis underestimation 29.3% to 30.0%; minimum at geom_ind15_r1_chord @ anchor 0.03; maximum at geom_ind15_r1_chord @ anchor 0.25; 12-scenario range 1.90 to 3.23; below it by 0.002 mm,False
"D. View rules, AP axis: range across scenarios (four anchor levels; 100,000 virtual patients per scenario; common random numbers)","largest view mean, bias","sensitivity: patient-level geometric shape, reading 1, offsets independent between views",,-0.82255,0.425535,0.00696347,mm,"12 scenarios x 100,000",range across scenarios,False,−0.82 to 0.43,"followup_viewrules_ranges.csv: group patient_geometry_reading1_independent_offsets, variant all, replicate 0",mean long-axis underestimation 29.2% to 29.9%; minimum at geom_ind00_r1_patient_indoff @ anchor 0.25; maximum at geom_mid15_r1_patient_indoff @ anchor 0.03; 12-scenario range −0.77 to 0.92; below it by 0.055 mm,False
"D. View rules, AP axis: range across scenarios (four anchor levels; 100,000 virtual patients per scenario; common random numbers)","largest view mean after review, bias","sensitivity: patient-level geometric shape, reading 1, offsets independent between views",,-0.993724,0.351629,0.00692687,mm,"12 scenarios x 100,000",range across scenarios,False,−0.99 to 0.35,"followup_viewrules_ranges.csv: group patient_geometry_reading1_independent_offsets, variant all, replicate 0",mean long-axis underestimation 29.2% to 29.9%; minimum at geom_ind00_r1_patient_indoff @ anchor 0.25; maximum at geom_mid15_r1_patient_indoff @ anchor 0.03; 12-scenario range −0.97 to 0.76; below it by 0.022 mm,False
"D. View rules, AP axis: range across scenarios (four anchor levels; 100,000 virtual patients per scenario; common random numbers)","mean across views, bias","sensitivity: patient-level geometric shape, reading 1, offsets independent between views",,-2.53651,-1.83637,0.00729667,mm,"12 scenarios x 100,000",range across scenarios,True,−2.54 to −1.84,"followup_viewrules_ranges.csv: group patient_geometry_reading1_independent_offsets, variant all, replicate 0",mean long-axis underestimation 29.2% to 29.9%; minimum at geom_mid15_r1_patient_indoff @ anchor 0.25; maximum at geom_ind00_r1_patient_indoff @ anchor 0.03; 12-scenario range −3.16 to −0.28,False
"D. View rules, AP axis: range across scenarios (four anchor levels; 100,000 virtual patients per scenario; common random numbers)","anchor-view mean, bias","sensitivity: patient-level geometric shape, reading 1, offsets independent between views",,-1.92308,0.00308517,0.00817622,mm,"12 scenarios x 100,000",range across scenarios,True,−1.92 to 0.00,"followup_viewrules_ranges.csv: group patient_geometry_reading1_independent_offsets, variant all, replicate 0",mean long-axis underestimation 29.2% to 29.9%; minimum at geom_ind15_r1_patient_indoff @ anchor 0.25; maximum at geom_ind15_r1_patient_indoff @ anchor 0.03; 12-scenario range −1.93 to 0.02,False
"D. View rules, AP axis: range across scenarios (four anchor levels; 100,000 virtual patients per scenario; common random numbers)","largest view mean, RMSE","sensitivity: patient-level geometric shape, reading 1, offsets independent between views",,1.92619,2.33375,0.00769022,mm,"12 scenarios x 100,000",range across scenarios,False,1.93 to 2.33,"followup_viewrules_ranges.csv: group patient_geometry_reading1_independent_offsets, variant all, replicate 0",mean long-axis underestimation 29.2% to 29.9%; minimum at geom_ind00_r1_patient_indoff @ anchor 0.06; maximum at geom_ind00_r1_patient_indoff @ anchor 0.25; 12-scenario range 1.96 to 2.44; below it by 0.036 mm,False
"D. View rules, AP axis: range across scenarios (four anchor levels; 100,000 virtual patients per scenario; common random numbers)","largest view mean after review, RMSE","sensitivity: patient-level geometric shape, reading 1, offsets independent between views",,1.88243,2.37848,0.00801009,mm,"12 scenarios x 100,000",range across scenarios,False,1.88 to 2.38,"followup_viewrules_ranges.csv: group patient_geometry_reading1_independent_offsets, variant all, replicate 0",mean long-axis underestimation 29.2% to 29.9%; minimum at geom_ind00_r1_patient_indoff @ anchor 0.06; maximum at geom_ind00_r1_patient_indoff @ anchor 0.25; 12-scenario range 1.91 to 2.51; below it by 0.024 mm,False
"D. View rules, AP axis: range across scenarios (four anchor levels; 100,000 virtual patients per scenario; common random numbers)","mean across views, RMSE","sensitivity: patient-level geometric shape, reading 1, offsets independent between views",,2.73902,3.42899,0.00898805,mm,"12 scenarios x 100,000",range across scenarios,True,2.74 to 3.43,"followup_viewrules_ranges.csv: group patient_geometry_reading1_independent_offsets, variant all, replicate 0",mean long-axis underestimation 29.2% to 29.9%; minimum at geom_ind00_r1_patient_indoff @ anchor 0.03; maximum at geom_mid15_r1_patient_indoff @ anchor 0.25; 12-scenario range 1.67 to 4.06,False
"D. View rules, AP axis: range across scenarios (four anchor levels; 100,000 virtual patients per scenario; common random numbers)","anchor-view mean, RMSE","sensitivity: patient-level geometric shape, reading 1, offsets independent between views",,1.89826,3.2223,0.0101476,mm,"12 scenarios x 100,000",range across scenarios,False,1.90 to 3.22,"followup_viewrules_ranges.csv: group patient_geometry_reading1_independent_offsets, variant all, replicate 0",mean long-axis underestimation 29.2% to 29.9%; minimum at geom_ind15_r1_patient_indoff @ anchor 0.03; maximum at geom_ind15_r1_patient_indoff @ anchor 0.25; 12-scenario range 1.90 to 3.23; below it by 0.002 mm,False
"D. View rules, AP axis: range across scenarios (four anchor levels; 100,000 virtual patients per scenario; common random numbers)","largest view mean, bias","sensitivity: patient-level geometric shape, reading 2, offsets independent between views",,0.330465,1.10873,0.00679923,mm,"12 scenarios x 100,000",range across scenarios,False,0.33 to 1.11,"followup_viewrules_ranges.csv: group patient_geometry_reading2_independent_offsets, variant all, replicate 0",mean long-axis underestimation 6.1% to 18.3%; minimum at geom_mid15_r2_patient_indoff @ anchor 0.25; maximum at geom_ind00_r2_patient_indoff @ anchor 0.03; 12-scenario range −0.77 to 0.92; above it by 0.189 mm,False
"D. View rules, AP axis: range across scenarios (four anchor levels; 100,000 virtual patients per scenario; common random numbers)","largest view mean after review, bias","sensitivity: patient-level geometric shape, reading 2, offsets independent between views",,-0.0310347,0.925827,0.00675476,mm,"12 scenarios x 100,000",range across scenarios,False,−0.03 to 0.93,"followup_viewrules_ranges.csv: group patient_geometry_reading2_independent_offsets, variant all, replicate 0",mean long-axis underestimation 6.1% to 18.3%; minimum at geom_mid15_r2_patient_indoff @ anchor 0.25; maximum at geom_ind00_r2_patient_indoff @ anchor 0.03; 12-scenario range −0.97 to 0.76; above it by 0.163 mm,False
"D. View rules, AP axis: range across scenarios (four anchor levels; 100,000 virtual patients per scenario; common random numbers)","mean across views, bias","sensitivity: patient-level geometric shape, reading 2, offsets independent between views",,-1.68509,-0.146793,0.00679727,mm,"12 scenarios x 100,000",range across scenarios,False,−1.69 to −0.15,"followup_viewrules_ranges.csv: group patient_geometry_reading2_independent_offsets, variant all, replicate 0",mean long-axis underestimation 6.1% to 18.3%; minimum at geom_mid15_r2_patient_indoff @ anchor 0.25; maximum at geom_ind00_r2_patient_indoff @ anchor 0.03; 12-scenario range −3.16 to −0.28; above it by 0.128 mm,False
"D. View rules, AP axis: range across scenarios (four anchor levels; 100,000 virtual patients per scenario; common random numbers)","anchor-view mean, bias","sensitivity: patient-level geometric shape, reading 2, offsets independent between views",,-1.92308,0.00308517,0.00817622,mm,"12 scenarios x 100,000",range across scenarios,True,−1.92 to 0.00,"followup_viewrules_ranges.csv: group patient_geometry_reading2_independent_offsets, variant all, replicate 0",mean long-axis underestimation 6.1% to 18.3%; minimum at geom_ind15_r2_patient_indoff @ anchor 0.25; maximum at geom_ind15_r2_patient_indoff @ anchor 0.03; 12-scenario range −1.93 to 0.02,False
"D. View rules, AP axis: range across scenarios (four anchor levels; 100,000 virtual patients per scenario; common random numbers)","largest view mean, RMSE","sensitivity: patient-level geometric shape, reading 2, offsets independent between views",,2.12374,2.30934,0.00908308,mm,"12 scenarios x 100,000",range across scenarios,True,2.12 to 2.31,"followup_viewrules_ranges.csv: group patient_geometry_reading2_independent_offsets, variant all, replicate 0",mean long-axis underestimation 6.1% to 18.3%; minimum at geom_mid15_r2_patient_indoff @ anchor 0.125; maximum at geom_ind00_r2_patient_indoff @ anchor 0.03; 12-scenario range 1.96 to 2.44,False
"D. View rules, AP axis: range across scenarios (four anchor levels; 100,000 virtual patients per scenario; common random numbers)","largest view mean after review, RMSE","sensitivity: patient-level geometric shape, reading 2, offsets independent between views",,1.97569,2.13626,0.0079719,mm,"12 scenarios x 100,000",range across scenarios,True,1.98 to 2.14,"followup_viewrules_ranges.csv: group patient_geometry_reading2_independent_offsets, variant all, replicate 0",mean long-axis underestimation 6.1% to 18.3%; minimum at geom_mid15_r2_patient_indoff @ anchor 0.125; maximum at geom_mid15_r2_patient_indoff @ anchor 0.25; 12-scenario range 1.91 to 2.51,False
"D. View rules, AP axis: range across scenarios (four anchor levels; 100,000 virtual patients per scenario; common random numbers)","mean across views, RMSE","sensitivity: patient-level geometric shape, reading 2, offsets independent between views",,1.6999,2.73125,0.00806554,mm,"12 scenarios x 100,000",range across scenarios,True,1.70 to 2.73,"followup_viewrules_ranges.csv: group patient_geometry_reading2_independent_offsets, variant all, replicate 0",mean long-axis underestimation 6.1% to 18.3%; minimum at geom_ind00_r2_patient_indoff @ anchor 0.03; maximum at geom_mid15_r2_patient_indoff @ anchor 0.25; 12-scenario range 1.67 to 4.06,False
"D. View rules, AP axis: range across scenarios (four anchor levels; 100,000 virtual patients per scenario; common random numbers)","anchor-view mean, RMSE","sensitivity: patient-level geometric shape, reading 2, offsets independent between views",,1.89826,3.2223,0.0101476,mm,"12 scenarios x 100,000",range across scenarios,False,1.90 to 3.22,"followup_viewrules_ranges.csv: group patient_geometry_reading2_independent_offsets, variant all, replicate 0",mean long-axis underestimation 6.1% to 18.3%; minimum at geom_ind15_r2_patient_indoff @ anchor 0.03; maximum at geom_ind15_r2_patient_indoff @ anchor 0.25; 12-scenario range 1.90 to 3.23; below it by 0.002 mm,False
"D. View rules, AP axis: range across scenarios (four anchor levels; 100,000 virtual patients per scenario; common random numbers)","largest view mean, bias","sensitivity: patient-level geometric shape, reading 1, ellipticity linked to the true AP span",,-0.922143,0.403897,0.00721432,mm,"12 scenarios x 100,000",range across scenarios,False,−0.92 to 0.40,"followup_viewrules_ranges.csv: group patient_geometry_reading1_span_linked_ellipticity, variant all, replicate 0",mean long-axis underestimation 29.2% to 29.9%; minimum at geom_ind00_r1_patient_spanq @ anchor 0.25; maximum at geom_mid15_r1_patient_spanq @ anchor 0.03; 12-scenario range −0.77 to 0.92; below it by 0.155 mm,False
"D. View rules, AP axis: range across scenarios (four anchor levels; 100,000 virtual patients per scenario; common random numbers)","largest view mean after review, bias","sensitivity: patient-level geometric shape, reading 1, ellipticity linked to the true AP span",,-1.06937,0.338544,0.00719025,mm,"12 scenarios x 100,000",range across scenarios,False,−1.07 to 0.34,"followup_viewrules_ranges.csv: group patient_geometry_reading1_span_linked_ellipticity, variant all, replicate 0",mean long-axis underestimation 29.2% to 29.9%; minimum at geom_ind00_r1_patient_spanq @ anchor 0.25; maximum at geom_mid15_r1_patient_spanq @ anchor 0.03; 12-scenario range −0.97 to 0.76; below it by 0.097 mm,False
"D. View rules, AP axis: range across scenarios (four anchor levels; 100,000 virtual patients per scenario; common random numbers)","mean across views, bias","sensitivity: patient-level geometric shape, reading 1, ellipticity linked to the true AP span",,-2.62684,-1.97551,0.00788919,mm,"12 scenarios x 100,000",range across scenarios,True,−2.63 to −1.98,"followup_viewrules_ranges.csv: group patient_geometry_reading1_span_linked_ellipticity, variant all, replicate 0",mean long-axis underestimation 29.2% to 29.9%; minimum at geom_ind15_r1_patient_spanq @ anchor 0.25; maximum at geom_mid15_r1_patient_spanq @ anchor 0.03; 12-scenario range −3.16 to −0.28,False
"D. View rules, AP axis: range across scenarios (four anchor levels; 100,000 virtual patients per scenario; common random numbers)","anchor-view mean, bias","sensitivity: patient-level geometric shape, reading 1, ellipticity linked to the true AP span",,-1.92308,0.00308517,0.00817622,mm,"12 scenarios x 100,000",range across scenarios,True,−1.92 to 0.00,"followup_viewrules_ranges.csv: group patient_geometry_reading1_span_linked_ellipticity, variant all, replicate 0",mean long-axis underestimation 29.2% to 29.9%; minimum at geom_ind15_r1_patient_spanq @ anchor 0.25; maximum at geom_ind15_r1_patient_spanq @ anchor 0.03; 12-scenario range −1.93 to 0.02,False
"D. View rules, AP axis: range across scenarios (four anchor levels; 100,000 virtual patients per scenario; common random numbers)","largest view mean, RMSE","sensitivity: patient-level geometric shape, reading 1, ellipticity linked to the true AP span",,1.91896,2.45413,0.00873394,mm,"12 scenarios x 100,000",range across scenarios,False,1.92 to 2.45,"followup_viewrules_ranges.csv: group patient_geometry_reading1_span_linked_ellipticity, variant all, replicate 0",mean long-axis underestimation 29.2% to 29.9%; minimum at geom_ind00_r1_patient_spanq @ anchor 0.06; maximum at geom_ind00_r1_patient_spanq @ anchor 0.25; 12-scenario range 1.96 to 2.44; below it by 0.043 mm; above it by 0.016 mm,False
"D. View rules, AP axis: range across scenarios (four anchor levels; 100,000 virtual patients per scenario; common random numbers)","largest view mean after review, RMSE","sensitivity: patient-level geometric shape, reading 1, ellipticity linked to the true AP span",,1.88769,2.50232,0.0089968,mm,"12 scenarios x 100,000",range across scenarios,False,1.89 to 2.50,"followup_viewrules_ranges.csv: group patient_geometry_reading1_span_linked_ellipticity, variant all, replicate 0",mean long-axis underestimation 29.2% to 29.9%; minimum at geom_ind00_r1_patient_spanq @ anchor 0.06; maximum at geom_ind00_r1_patient_spanq @ anchor 0.25; 12-scenario range 1.91 to 2.51; below it by 0.018 mm,False
"D. View rules, AP axis: range across scenarios (four anchor levels; 100,000 virtual patients per scenario; common random numbers)","mean across views, RMSE","sensitivity: patient-level geometric shape, reading 1, ellipticity linked to the true AP span",,3.0096,3.62273,0.0109125,mm,"12 scenarios x 100,000",range across scenarios,True,3.01 to 3.62,"followup_viewrules_ranges.csv: group patient_geometry_reading1_span_linked_ellipticity, variant all, replicate 0",mean long-axis underestimation 29.2% to 29.9%; minimum at geom_ind00_r1_patient_spanq @ anchor 0.03; maximum at geom_ind15_r1_patient_spanq @ anchor 0.25; 12-scenario range 1.67 to 4.06,False
"D. View rules, AP axis: range across scenarios (four anchor levels; 100,000 virtual patients per scenario; common random numbers)","anchor-view mean, RMSE","sensitivity: patient-level geometric shape, reading 1, ellipticity linked to the true AP span",,1.89826,3.2223,0.0101476,mm,"12 scenarios x 100,000",range across scenarios,False,1.90 to 3.22,"followup_viewrules_ranges.csv: group patient_geometry_reading1_span_linked_ellipticity, variant all, replicate 0",mean long-axis underestimation 29.2% to 29.9%; minimum at geom_ind15_r1_patient_spanq @ anchor 0.03; maximum at geom_ind15_r1_patient_spanq @ anchor 0.25; 12-scenario range 1.90 to 3.23; below it by 0.002 mm,False
"D. View rules, AP axis: range across scenarios (four anchor levels; 100,000 virtual patients per scenario; common random numbers)","largest view mean, bias",SD of the 3D maximal diameter 7.07 mm: half-normal shape at the recalibrated means (24 scenarios),,-0.42152,1.16371,0.0069202,mm,"24 scenarios x 100,000",range across scenarios,False,−0.42 to 1.16,"followup_viewrules_ranges.csv: group sd707_halfnormal, variant all, replicate 0",mean long-axis underestimation 3.6% to 26.9%; minimum at geom_mid15_sd707_r1_halfnormal @ anchor 0.25; maximum at geom_ind00_sd707_r2_halfnormal @ anchor 0.03; 12-scenario range −0.77 to 0.92; above it by 0.244 mm,False
"D. View rules, AP axis: range across scenarios (four anchor levels; 100,000 virtual patients per scenario; common random numbers)","largest view mean after review, bias",SD of the 3D maximal diameter 7.07 mm: half-normal shape at the recalibrated means (24 scenarios),,-0.673958,0.974361,0.00690025,mm,"24 scenarios x 100,000",range across scenarios,False,−0.67 to 0.97,"followup_viewrules_ranges.csv: group sd707_halfnormal, variant all, replicate 0",mean long-axis underestimation 3.6% to 26.9%; minimum at geom_mid15_sd707_r1_halfnormal @ anchor 0.25; maximum at geom_ind00_sd707_r2_halfnormal @ anchor 0.03; 12-scenario range −0.97 to 0.76; above it by 0.212 mm,False
"D. View rules, AP axis: range across scenarios (four anchor levels; 100,000 virtual patients per scenario; common random numbers)","mean across views, bias",SD of the 3D maximal diameter 7.07 mm: half-normal shape at the recalibrated means (24 scenarios),,-2.31264,0.0401553,0.00692104,mm,"24 scenarios x 100,000",range across scenarios,False,−2.31 to 0.04,"followup_viewrules_ranges.csv: group sd707_halfnormal, variant all, replicate 0",mean long-axis underestimation 3.6% to 26.9%; minimum at geom_mid15_sd707_r1_halfnormal @ anchor 0.25; maximum at geom_ind00_sd707_r2_halfnormal @ anchor 0.03; 12-scenario range −3.16 to −0.28; above it by 0.315 mm,False
"D. View rules, AP axis: range across scenarios (four anchor levels; 100,000 virtual patients per scenario; common random numbers)","anchor-view mean, bias",SD of the 3D maximal diameter 7.07 mm: half-normal shape at the recalibrated means (24 scenarios),,-1.92308,0.00308517,0.00817622,mm,"24 scenarios x 100,000",range across scenarios,True,−1.92 to 0.00,"followup_viewrules_ranges.csv: group sd707_halfnormal, variant all, replicate 0",mean long-axis underestimation 3.6% to 26.9%; minimum at geom_ind15_sd707_r1_halfnormal @ anchor 0.25; maximum at geom_ind15_sd707_r1_halfnormal @ anchor 0.03; 12-scenario range −1.93 to 0.02,False
"D. View rules, AP axis: range across scenarios (four anchor levels; 100,000 virtual patients per scenario; common random numbers)","largest view mean, RMSE",SD of the 3D maximal diameter 7.07 mm: half-normal shape at the recalibrated means (24 scenarios),,1.97266,2.32689,0.00913109,mm,"24 scenarios x 100,000",range across scenarios,True,1.97 to 2.33,"followup_viewrules_ranges.csv: group sd707_halfnormal, variant all, replicate 0",mean long-axis underestimation 3.6% to 26.9%; minimum at geom_mid15_sd707_r1_halfnormal @ anchor 0.06; maximum at geom_ind00_sd707_r2_halfnormal @ anchor 0.03; 12-scenario range 1.96 to 2.44,False
"D. View rules, AP axis: range across scenarios (four anchor levels; 100,000 virtual patients per scenario; common random numbers)","largest view mean after review, RMSE",SD of the 3D maximal diameter 7.07 mm: half-normal shape at the recalibrated means (24 scenarios),,1.89722,2.28375,0.00785951,mm,"24 scenarios x 100,000",range across scenarios,False,1.90 to 2.28,"followup_viewrules_ranges.csv: group sd707_halfnormal, variant all, replicate 0",mean long-axis underestimation 3.6% to 26.9%; minimum at geom_mid15_sd707_r1_halfnormal @ anchor 0.06; maximum at geom_mid15_sd707_r1_halfnormal @ anchor 0.25; 12-scenario range 1.91 to 2.51; below it by 0.009 mm,False
"D. View rules, AP axis: range across scenarios (four anchor levels; 100,000 virtual patients per scenario; common random numbers)","mean across views, RMSE",SD of the 3D maximal diameter 7.07 mm: half-normal shape at the recalibrated means (24 scenarios),,1.62826,3.18408,0.00876948,mm,"24 scenarios x 100,000",range across scenarios,False,1.63 to 3.18,"followup_viewrules_ranges.csv: group sd707_halfnormal, variant all, replicate 0",mean long-axis underestimation 3.6% to 26.9%; minimum at geom_ind00_sd707_r2_halfnormal @ anchor 0.06; maximum at geom_mid15_sd707_r1_halfnormal @ anchor 0.25; 12-scenario range 1.67 to 4.06; below it by 0.045 mm,False
"D. View rules, AP axis: range across scenarios (four anchor levels; 100,000 virtual patients per scenario; common random numbers)","anchor-view mean, RMSE",SD of the 3D maximal diameter 7.07 mm: half-normal shape at the recalibrated means (24 scenarios),,1.89826,3.2223,0.0101476,mm,"24 scenarios x 100,000",range across scenarios,False,1.90 to 3.22,"followup_viewrules_ranges.csv: group sd707_halfnormal, variant all, replicate 0",mean long-axis underestimation 3.6% to 26.9%; minimum at geom_ind15_sd707_r1_halfnormal @ anchor 0.03; maximum at geom_ind15_sd707_r1_halfnormal @ anchor 0.25; 12-scenario range 1.90 to 3.23; below it by 0.002 mm,False
"D. View rules, AP axis: range across scenarios (four anchor levels; 100,000 virtual patients per scenario; common random numbers)","largest view mean, bias","SD of the 3D maximal diameter 7.07 mm: patient-level geometric shape, reading 1",,-0.432304,0.508936,0.00726447,mm,"12 scenarios x 100,000",range across scenarios,True,−0.43 to 0.51,"followup_viewrules_ranges.csv: group sd707_patient_geometry_reading1, variant all, replicate 0",mean long-axis underestimation 25.0% to 26.9%; minimum at geom_ind00_sd707_r1_patient @ anchor 0.25; maximum at geom_mid15_sd707_r1_patient @ anchor 0.03; 12-scenario range −0.77 to 0.92,False
"D. View rules, AP axis: range across scenarios (four anchor levels; 100,000 virtual patients per scenario; common random numbers)","largest view mean after review, bias","SD of the 3D maximal diameter 7.07 mm: patient-level geometric shape, reading 1",,-0.656445,0.422986,0.00706509,mm,"12 scenarios x 100,000",range across scenarios,True,−0.66 to 0.42,"followup_viewrules_ranges.csv: group sd707_patient_geometry_reading1, variant all, replicate 0",mean long-axis underestimation 25.0% to 26.9%; minimum at geom_ind00_sd707_r1_patient @ anchor 0.25; maximum at geom_mid15_sd707_r1_patient @ anchor 0.03; 12-scenario range −0.97 to 0.76,False
"D. View rules, AP axis: range across scenarios (four anchor levels; 100,000 virtual patients per scenario; common random numbers)","mean across views, bias","SD of the 3D maximal diameter 7.07 mm: patient-level geometric shape, reading 1",,-2.31593,-1.52536,0.00777266,mm,"12 scenarios x 100,000",range across scenarios,True,−2.32 to −1.53,"followup_viewrules_ranges.csv: group sd707_patient_geometry_reading1, variant all, replicate 0",mean long-axis underestimation 25.0% to 26.9%; minimum at geom_mid15_sd707_r1_patient @ anchor 0.25; maximum at geom_ind00_sd707_r1_patient @ anchor 0.03; 12-scenario range −3.16 to −0.28,False
"D. View rules, AP axis: range across scenarios (four anchor levels; 100,000 virtual patients per scenario; common random numbers)","anchor-view mean, bias","SD of the 3D maximal diameter 7.07 mm: patient-level geometric shape, reading 1",,-1.92308,0.00308517,0.00817622,mm,"12 scenarios x 100,000",range across scenarios,True,−1.92 to 0.00,"followup_viewrules_ranges.csv: group sd707_patient_geometry_reading1, variant all, replicate 0",mean long-axis underestimation 25.0% to 26.9%; minimum at geom_ind15_sd707_r1_patient @ anchor 0.25; maximum at geom_ind15_sd707_r1_patient @ anchor 0.03; 12-scenario range −1.93 to 0.02,False
"D. View rules, AP axis: range across scenarios (four anchor levels; 100,000 virtual patients per scenario; common random numbers)","largest view mean, RMSE","SD of the 3D maximal diameter 7.07 mm: patient-level geometric shape, reading 1",,2.00472,2.33754,0.00857145,mm,"12 scenarios x 100,000",range across scenarios,True,2.00 to 2.34,"followup_viewrules_ranges.csv: group sd707_patient_geometry_reading1, variant all, replicate 0",mean long-axis underestimation 25.0% to 26.9%; minimum at geom_ind00_sd707_r1_patient @ anchor 0.06; maximum at geom_ind00_sd707_r1_patient @ anchor 0.25; 12-scenario range 1.96 to 2.44,False
"D. View rules, AP axis: range across scenarios (four anchor levels; 100,000 virtual patients per scenario; common random numbers)","largest view mean after review, RMSE","SD of the 3D maximal diameter 7.07 mm: patient-level geometric shape, reading 1",,1.91062,2.32178,0.0085937,mm,"12 scenarios x 100,000",range across scenarios,True,1.91 to 2.32,"followup_viewrules_ranges.csv: group sd707_patient_geometry_reading1, variant all, replicate 0",mean long-axis underestimation 25.0% to 26.9%; minimum at geom_ind00_sd707_r1_patient @ anchor 0.06; maximum at geom_ind00_sd707_r1_patient @ anchor 0.25; 12-scenario range 1.91 to 2.51,False
"D. View rules, AP axis: range across scenarios (four anchor levels; 100,000 virtual patients per scenario; common random numbers)","mean across views, RMSE","SD of the 3D maximal diameter 7.07 mm: patient-level geometric shape, reading 1",,2.78358,3.34945,0.0102977,mm,"12 scenarios x 100,000",range across scenarios,True,2.78 to 3.35,"followup_viewrules_ranges.csv: group sd707_patient_geometry_reading1, variant all, replicate 0",mean long-axis underestimation 25.0% to 26.9%; minimum at geom_ind00_sd707_r1_patient @ anchor 0.03; maximum at geom_mid15_sd707_r1_patient @ anchor 0.25; 12-scenario range 1.67 to 4.06,False
"D. View rules, AP axis: range across scenarios (four anchor levels; 100,000 virtual patients per scenario; common random numbers)","anchor-view mean, RMSE","SD of the 3D maximal diameter 7.07 mm: patient-level geometric shape, reading 1",,1.89826,3.2223,0.0101476,mm,"12 scenarios x 100,000",range across scenarios,False,1.90 to 3.22,"followup_viewrules_ranges.csv: group sd707_patient_geometry_reading1, variant all, replicate 0",mean long-axis underestimation 25.0% to 26.9%; minimum at geom_ind15_sd707_r1_patient @ anchor 0.03; maximum at geom_ind15_sd707_r1_patient @ anchor 0.25; 12-scenario range 1.90 to 3.23; below it by 0.002 mm,False
"D. View rules, AP axis: range across scenarios (four anchor levels; 100,000 virtual patients per scenario; common random numbers)","largest view mean, bias","SD of the 3D maximal diameter 7.07 mm: patient-level geometric shape, reading 2",,0.463729,1.20598,0.00678809,mm,"12 scenarios x 100,000",range across scenarios,False,0.46 to 1.21,"followup_viewrules_ranges.csv: group sd707_patient_geometry_reading2, variant all, replicate 0",mean long-axis underestimation 3.6% to 13.9%; minimum at geom_mid15_sd707_r2_patient @ anchor 0.25; maximum at geom_ind00_sd707_r2_patient @ anchor 0.03; 12-scenario range −0.77 to 0.92; above it by 0.286 mm,False
"D. View rules, AP axis: range across scenarios (four anchor levels; 100,000 virtual patients per scenario; common random numbers)","largest view mean after review, bias","SD of the 3D maximal diameter 7.07 mm: patient-level geometric shape, reading 2",,0.0908746,1.01105,0.0067059,mm,"12 scenarios x 100,000",range across scenarios,False,0.09 to 1.01,"followup_viewrules_ranges.csv: group sd707_patient_geometry_reading2, variant all, replicate 0",mean long-axis underestimation 3.6% to 13.9%; minimum at geom_mid15_sd707_r2_patient @ anchor 0.25; maximum at geom_ind00_sd707_r2_patient @ anchor 0.03; 12-scenario range −0.97 to 0.76; above it by 0.248 mm,False
"D. View rules, AP axis: range across scenarios (four anchor levels; 100,000 virtual patients per scenario; common random numbers)","mean across views, bias","SD of the 3D maximal diameter 7.07 mm: patient-level geometric shape, reading 2",,-1.35663,0.040368,0.00652479,mm,"12 scenarios x 100,000",range across scenarios,False,−1.36 to 0.04,"followup_viewrules_ranges.csv: group sd707_patient_geometry_reading2, variant all, replicate 0",mean long-axis underestimation 3.6% to 13.9%; minimum at geom_mid15_sd707_r2_patient @ anchor 0.25; maximum at geom_ind00_sd707_r2_patient @ anchor 0.03; 12-scenario range −3.16 to −0.28; above it by 0.315 mm,False
"D. View rules, AP axis: range across scenarios (four anchor levels; 100,000 virtual patients per scenario; common random numbers)","anchor-view mean, bias","SD of the 3D maximal diameter 7.07 mm: patient-level geometric shape, reading 2",,-1.92308,0.00308517,0.00817622,mm,"12 scenarios x 100,000",range across scenarios,True,−1.92 to 0.00,"followup_viewrules_ranges.csv: group sd707_patient_geometry_reading2, variant all, replicate 0",mean long-axis underestimation 3.6% to 13.9%; minimum at geom_ind15_sd707_r2_patient @ anchor 0.25; maximum at geom_ind15_sd707_r2_patient @ anchor 0.03; 12-scenario range −1.93 to 0.02,False
"D. View rules, AP axis: range across scenarios (four anchor levels; 100,000 virtual patients per scenario; common random numbers)","largest view mean, RMSE","SD of the 3D maximal diameter 7.07 mm: patient-level geometric shape, reading 2",,2.16022,2.36442,0.00923338,mm,"12 scenarios x 100,000",range across scenarios,True,2.16 to 2.36,"followup_viewrules_ranges.csv: group sd707_patient_geometry_reading2, variant all, replicate 0",mean long-axis underestimation 3.6% to 13.9%; minimum at geom_mid15_sd707_r2_patient @ anchor 0.125; maximum at geom_ind00_sd707_r2_patient @ anchor 0.03; 12-scenario range 1.96 to 2.44,False
"D. View rules, AP axis: range across scenarios (four anchor levels; 100,000 virtual patients per scenario; common random numbers)","largest view mean after review, RMSE","SD of the 3D maximal diameter 7.07 mm: patient-level geometric shape, reading 2",,1.99137,2.14007,0.00786579,mm,"12 scenarios x 100,000",range across scenarios,True,1.99 to 2.14,"followup_viewrules_ranges.csv: group sd707_patient_geometry_reading2, variant all, replicate 0",mean long-axis underestimation 3.6% to 13.9%; minimum at geom_mid15_sd707_r2_patient @ anchor 0.125; maximum at geom_ind00_sd707_r2_patient @ anchor 0.03; 12-scenario range 1.91 to 2.51,False
"D. View rules, AP axis: range across scenarios (four anchor levels; 100,000 virtual patients per scenario; common random numbers)","mean across views, RMSE","SD of the 3D maximal diameter 7.07 mm: patient-level geometric shape, reading 2",,1.65389,2.46935,0.00796768,mm,"12 scenarios x 100,000",range across scenarios,False,1.65 to 2.47,"followup_viewrules_ranges.csv: group sd707_patient_geometry_reading2, variant all, replicate 0",mean long-axis underestimation 3.6% to 13.9%; minimum at geom_ind00_sd707_r2_patient @ anchor 0.06; maximum at geom_mid15_sd707_r2_patient @ anchor 0.25; 12-scenario range 1.67 to 4.06; below it by 0.019 mm,False
"D. View rules, AP axis: range across scenarios (four anchor levels; 100,000 virtual patients per scenario; common random numbers)","anchor-view mean, RMSE","SD of the 3D maximal diameter 7.07 mm: patient-level geometric shape, reading 2",,1.89826,3.2223,0.0101476,mm,"12 scenarios x 100,000",range across scenarios,False,1.90 to 3.22,"followup_viewrules_ranges.csv: group sd707_patient_geometry_reading2, variant all, replicate 0",mean long-axis underestimation 3.6% to 13.9%; minimum at geom_ind15_sd707_r2_patient @ anchor 0.03; maximum at geom_ind15_sd707_r2_patient @ anchor 0.25; 12-scenario range 1.90 to 3.23; below it by 0.002 mm,False
"D. View rules, AP axis: range across scenarios (four anchor levels; 100,000 virtual patients per scenario; common random numbers)","largest view mean, bias",SD of the 3D maximal diameter 7.07 mm: half-normal and patient-level geometric shapes (48 scenarios),,-0.432304,1.20598,0.00726447,mm,"48 scenarios x 100,000",range across scenarios,False,−0.43 to 1.21,"followup_viewrules_ranges.csv: group sd707_all, variant all, replicate 0",mean long-axis underestimation 3.6% to 26.9%; minimum at geom_ind00_sd707_r1_patient @ anchor 0.25; maximum at geom_ind00_sd707_r2_patient @ anchor 0.03; 12-scenario range −0.77 to 0.92; above it by 0.286 mm,True
"D. View rules, AP axis: range across scenarios (four anchor levels; 100,000 virtual patients per scenario; common random numbers)","largest view mean after review, bias",SD of the 3D maximal diameter 7.07 mm: half-normal and patient-level geometric shapes (48 scenarios),,-0.673958,1.01105,0.00706509,mm,"48 scenarios x 100,000",range across scenarios,False,−0.67 to 1.01,"followup_viewrules_ranges.csv: group sd707_all, variant all, replicate 0",mean long-axis underestimation 3.6% to 26.9%; minimum at geom_mid15_sd707_r1_halfnormal @ anchor 0.25; maximum at geom_ind00_sd707_r2_patient @ anchor 0.03; 12-scenario range −0.97 to 0.76; above it by 0.248 mm,True
"D. View rules, AP axis: range across scenarios (four anchor levels; 100,000 virtual patients per scenario; common random numbers)","mean across views, bias",SD of the 3D maximal diameter 7.07 mm: half-normal and patient-level geometric shapes (48 scenarios),,-2.31593,0.040368,0.00777266,mm,"48 scenarios x 100,000",range across scenarios,False,−2.32 to 0.04,"followup_viewrules_ranges.csv: group sd707_all, variant all, replicate 0",mean long-axis underestimation 3.6% to 26.9%; minimum at geom_mid15_sd707_r1_patient @ anchor 0.25; maximum at geom_ind00_sd707_r2_patient @ anchor 0.03; 12-scenario range −3.16 to −0.28; above it by 0.315 mm,True
"D. View rules, AP axis: range across scenarios (four anchor levels; 100,000 virtual patients per scenario; common random numbers)","anchor-view mean, bias",SD of the 3D maximal diameter 7.07 mm: half-normal and patient-level geometric shapes (48 scenarios),,-1.92308,0.00308517,0.00817622,mm,"48 scenarios x 100,000",range across scenarios,True,−1.92 to 0.00,"followup_viewrules_ranges.csv: group sd707_all, variant all, replicate 0",mean long-axis underestimation 3.6% to 26.9%; minimum at geom_ind15_sd707_r1_halfnormal @ anchor 0.25; maximum at geom_ind15_sd707_r1_halfnormal @ anchor 0.03; 12-scenario range −1.93 to 0.02,True
"D. View rules, AP axis: range across scenarios (four anchor levels; 100,000 virtual patients per scenario; common random numbers)","largest view mean, RMSE",SD of the 3D maximal diameter 7.07 mm: half-normal and patient-level geometric shapes (48 scenarios),,1.97266,2.36442,0.00923338,mm,"48 scenarios x 100,000",range across scenarios,True,1.97 to 2.36,"followup_viewrules_ranges.csv: group sd707_all, variant all, replicate 0",mean long-axis underestimation 3.6% to 26.9%; minimum at geom_mid15_sd707_r1_halfnormal @ anchor 0.06; maximum at geom_ind00_sd707_r2_patient @ anchor 0.03; 12-scenario range 1.96 to 2.44,False
"D. View rules, AP axis: range across scenarios (four anchor levels; 100,000 virtual patients per scenario; common random numbers)","largest view mean after review, RMSE",SD of the 3D maximal diameter 7.07 mm: half-normal and patient-level geometric shapes (48 scenarios),,1.89722,2.32178,0.0085937,mm,"48 scenarios x 100,000",range across scenarios,False,1.90 to 2.32,"followup_viewrules_ranges.csv: group sd707_all, variant all, replicate 0",mean long-axis underestimation 3.6% to 26.9%; minimum at geom_mid15_sd707_r1_halfnormal @ anchor 0.06; maximum at geom_ind00_sd707_r1_patient @ anchor 0.25; 12-scenario range 1.91 to 2.51; below it by 0.009 mm,False
"D. View rules, AP axis: range across scenarios (four anchor levels; 100,000 virtual patients per scenario; common random numbers)","mean across views, RMSE",SD of the 3D maximal diameter 7.07 mm: half-normal and patient-level geometric shapes (48 scenarios),,1.62826,3.34945,0.0102977,mm,"48 scenarios x 100,000",range across scenarios,False,1.63 to 3.35,"followup_viewrules_ranges.csv: group sd707_all, variant all, replicate 0",mean long-axis underestimation 3.6% to 26.9%; minimum at geom_ind00_sd707_r2_halfnormal @ anchor 0.06; maximum at geom_mid15_sd707_r1_patient @ anchor 0.25; 12-scenario range 1.67 to 4.06; below it by 0.045 mm,False
"D. View rules, AP axis: range across scenarios (four anchor levels; 100,000 virtual patients per scenario; common random numbers)","anchor-view mean, RMSE",SD of the 3D maximal diameter 7.07 mm: half-normal and patient-level geometric shapes (48 scenarios),,1.89826,3.2223,0.0101476,mm,"48 scenarios x 100,000",range across scenarios,False,1.90 to 3.22,"followup_viewrules_ranges.csv: group sd707_all, variant all, replicate 0",mean long-axis underestimation 3.6% to 26.9%; minimum at geom_ind15_sd707_r1_halfnormal @ anchor 0.03; maximum at geom_ind15_sd707_r1_halfnormal @ anchor 0.25; 12-scenario range 1.90 to 3.23; below it by 0.002 mm,False
