replicate,scenario_index,scenario,variant,shape,u_anchor,long_AP,mean_u_long,sd_u_long,corr_u_long_views,n,A1_bias_mm,A1_bias_mm_diff_vs_base,A1_bias_mm_diff_vs_base_mcse,A1_bias_mm_mcse,A1_mae_mm,A1_mae_mm_diff_vs_base,A1_mae_mm_diff_vs_base_mcse,A1_mae_mm_mcse,A1_rmse_mm,A1_rmse_mm_diff_vs_base,A1_rmse_mm_diff_vs_base_mcse,A1_rmse_mm_mcse,A2_bias_mm,A2_bias_mm_diff_vs_base,A2_bias_mm_diff_vs_base_mcse,A2_bias_mm_mcse,A2_mae_mm,A2_mae_mm_diff_vs_base,A2_mae_mm_diff_vs_base_mcse,A2_mae_mm_mcse,A2_rmse_mm,A2_rmse_mm_diff_vs_base,A2_rmse_mm_diff_vs_base_mcse,A2_rmse_mm_mcse,A3_bias_mm,A3_bias_mm_diff_vs_base,A3_bias_mm_diff_vs_base_mcse,A3_bias_mm_mcse,A3_mae_mm,A3_mae_mm_diff_vs_base,A3_mae_mm_diff_vs_base_mcse,A3_mae_mm_mcse,A3_rmse_mm,A3_rmse_mm_diff_vs_base,A3_rmse_mm_diff_vs_base_mcse,A3_rmse_mm_mcse,A4_bias_mm,A4_bias_mm_diff_vs_base,A4_bias_mm_diff_vs_base_mcse,A4_bias_mm_mcse,A4_mae_mm,A4_mae_mm_diff_vs_base,A4_mae_mm_diff_vs_base_mcse,A4_mae_mm_mcse,A4_rmse_mm,A4_rmse_mm_diff_vs_base,A4_rmse_mm_diff_vs_base_mcse,A4_rmse_mm_mcse
0,0,geom_ind15_r1_halfnormal,ind15,r1_halfnormal,0.03,half-normal scale 0.3699,0.2926205573,0.2169045783,0.07449510816,100000,0.003085165303,0.2626855264,0.0007785049323,0.006002848344,1.434267338,-0.03115602432,0.001085889753,0.003932283019,1.898260337,-0.02727663399,0.001498803894,0.006719244452,-1.844667025,-0.5999595848,0.001511266427,0.006563995151,2.155782779,0.4508610802,0.001893224702,0.005535330008,2.776932945,0.5675413846,0.002535157538,0.007948090443,0.4038855247,0.01153598381,0.001323202005,0.006140203044,1.466250779,-0.008452659735,0.001249651962,0.004223057712,1.983253679,-0.01710987035,0.001837838833,0.007677893237,0.3347919086,0.05351674635,0.001491870208,0.005959243891,1.432068882,0.00686006918,0.001354003547,0.004015599241,1.913977242,0.0121518533,0.001863279288,0.007011852248
0,1,geom_ind15_r1_chord,ind15,r1_chord,0.03,"chord link, shift 0.2308, offset scale 0.3844",0.2948076302,0.09678286763,0.08604583258,100000,0.003085165303,0.2626855264,0.0007785049323,0.006002848344,1.434267338,-0.03115602432,0.001085889753,0.003932283019,1.898260337,-0.02727663399,0.001498803894,0.006719244452,-1.85941302,-0.6147055794,0.001598973273,0.00549154621,2.038721052,0.3337993523,0.002054442119,0.004813246555,2.544227702,0.3348361412,0.002194182494,0.006434727497,0.1374325154,-0.2549170254,0.002715948784,0.005983310002,1.420265943,-0.05443749591,0.002469885524,0.003977074581,1.897063983,-0.1032995672,0.004060804115,0.007006697392,0.1125838396,-0.1686913226,0.002590630369,0.005932104331,1.411619557,-0.01358925641,0.002280555212,0.003922973015,1.879262119,-0.02256327054,0.003183172331,0.006832728403
0,2,geom_ind15_r2_halfnormal,ind15,r2_halfnormal,0.03,half-normal scale 0.1047,0.08335168862,0.06304424221,0.07849850396,100000,0.003085165303,0.2626855264,0.0007785049323,0.006002848344,1.434267338,-0.03115602432,0.001085889753,0.003932283019,1.898260337,-0.02727663399,0.001498803894,0.006719244452,-0.3085378873,0.9361695532,0.002110711932,0.005174278645,1.273560112,-0.431361587,0.003027420903,0.003391962485,1.665078017,-0.5443135432,0.004269321762,0.004979462224,0.8943873644,0.5020378236,0.001729357353,0.006264558165,1.582371085,0.1076676466,0.002088815186,0.00471219945,2.173558928,0.1731953782,0.00295128942,0.008703103781,0.7473126989,0.4660375367,0.001759549237,0.005901433921,1.493247018,0.06803820549,0.002040061622,0.004256013547,2.010257117,0.1084317277,0.002733310706,0.007527615457
0,3,geom_ind15_r2_chord,ind15,r2_chord,0.03,"chord link, offset scale 0.3844",0.08322625439,0.1258209758,0.08604583258,100000,0.003085165303,0.2626855264,0.0007785049323,0.006002848344,1.434267338,-0.03115602432,0.001085889753,0.003932283019,1.898260337,-0.02727663399,0.001498803894,0.006719244452,-0.3089449169,0.9357625235,0.001709613819,0.005573099665,1.351746189,-0.3531755107,0.002906085202,0.003706960848,1.789234442,-0.4201571183,0.003681461001,0.005732112406,1.034494333,0.6421447926,0.002042856058,0.006388456442,1.653192919,0.1784894799,0.002526352869,0.004917674899,2.269664135,0.2693005851,0.003558371803,0.00898248361,0.8648289895,0.5835538273,0.00210071817,0.005978811903,1.546556123,0.12134731,0.002450209937,0.004393968681,2.079065322,0.1772399327,0.003274317194,0.007683165406
0,4,geom_ind15_r1_patient,ind15,r1_patient,0.03,"patient-level geometry: plane angle 31.8 deg (SD 15), offset scale 0.3844",0.2943634529,0.1898821109,0.4417997143,100000,0.003085165303,0.2626855264,0.0007785049323,0.006002848344,1.434267338,-0.03115602432,0.001085889753,0.003932283019,1.898260337,-0.02727663399,0.001498803894,0.006719244452,-1.85796202,-0.6132545797,0.003990576666,0.006607106926,2.169187479,0.4642657801,0.003731163997,0.005578550176,2.795955187,0.5865636263,0.005417879794,0.007801026099,0.3305612451,-0.06178829573,0.002737784569,0.006116549541,1.455966119,-0.01873731971,0.00234348873,0.00416008548,1.962256648,-0.03810690141,0.004005178269,0.007510138842,0.2736401626,-0.007634999576,0.002499025301,0.005964734035,1.427521821,0.002313008493,0.002145844557,0.003993552265,1.905950831,0.004125442386,0.003202900089,0.007015271154
0,5,geom_ind15_r1_patient_indoff,ind15,r1_patient_indoff,0.03,"patient-level geometry: plane angle 31.8 deg (SD 15), offset scale 0.3844, independent offsets",0.2941899984,0.1902092712,0.4207862327,100000,0.003085165303,0.2626855264,0.0007785049323,0.006002848344,1.434267338,-0.03115602432,0.001085889753,0.003932283019,1.898260337,-0.02727663399,0.001498803894,0.006719244452,-1.856563135,-0.6118556946,0.005003528037,0.006573185198,2.166140562,0.4612188631,0.004558736471,0.005545561874,2.787016296,0.5776247351,0.006730505458,0.00766439648,0.3341422519,-0.05820728896,0.003227707137,0.006115984391,1.456275551,-0.01842788779,0.002711988142,0.004161032299,1.962686971,-0.03767657876,0.004690996683,0.007486945186,0.2762345035,-0.005040658715,0.002861075569,0.005970394701,1.428410513,0.003201699677,0.002419289979,0.004000613148,1.908096209,0.006270820136,0.003641208499,0.007042351568
0,6,geom_ind15_r1_patient_spanq,ind15,r1_patient_spanq,0.03,"patient-level geometry: plane angle 31.8 deg (SD 15), offset scale 0.3844, span-linked ellipticity",0.2942914609,0.1896336975,0.4417632205,100000,0.003085165303,0.2626855264,0.0007785049323,0.006002848344,1.434267338,-0.03115602432,0.001085889753,0.003932283019,1.898260337,-0.02727663399,0.001498803894,0.006719244452,-1.984791343,-0.7400839025,0.004627313528,0.007241912851,2.278315884,0.5733941844,0.00433686777,0.006319170096,3.030490786,0.8210992254,0.007034264117,0.009679229867,0.3108487963,-0.08150074453,0.002853024868,0.006079824038,1.451705928,-0.02299751081,0.002419805374,0.004105584973,1.947566698,-0.05279685179,0.004289159681,0.007246192242,0.2630085992,-0.01826656306,0.002536101231,0.005961065916,1.428234694,0.003025880762,0.002161605377,0.003978354133,1.903304672,0.001479282841,0.003242662753,0.006904188287
0,7,geom_ind15_r2_patient,ind15,r2_patient,0.03,"patient-level offset only, offset scale 0.3844",0.08322625439,0.1258209758,0.08604583258,100000,0.003085165303,0.2626855264,0.0007785049323,0.006002848344,1.434267338,-0.03115602432,0.001085889753,0.003932283019,1.898260337,-0.02727663399,0.001498803894,0.006719244452,-0.3089449169,0.9357625235,0.001709613819,0.005573099665,1.351746189,-0.3531755107,0.002906085202,0.003706960848,1.789234442,-0.4201571183,0.003681461001,0.005732112406,1.034494333,0.6421447926,0.002042856058,0.006388456442,1.653192919,0.1784894799,0.002526352869,0.004917674899,2.269664135,0.2693005851,0.003558371803,0.00898248361,0.8648289895,0.5835538273,0.00210071817,0.005978811903,1.546556123,0.12134731,0.002450209937,0.004393968681,2.079065322,0.1772399327,0.003274317194,0.007683165406
0,8,geom_ind15_r2_patient_indoff,ind15,r2_patient_indoff,0.03,"patient-level offset only, offset scale 0.3844, independent offsets",0.08316760098,0.1261736224,0.002260545757,100000,0.003085165303,0.2626855264,0.0007785049323,0.006002848344,1.434267338,-0.03115602432,0.001085889753,0.003932283019,1.898260337,-0.02727663399,0.001498803894,0.006719244452,-0.3069501807,0.9377572597,0.003846658224,0.005526456111,1.346808913,-0.3581127866,0.003931302002,0.003653051715,1.77436174,-0.4350298202,0.005825829212,0.005436547008,1.042325514,0.6499759733,0.003316470161,0.006390126144,1.65448103,0.1797775914,0.003226895989,0.004932027678,2.273713451,0.2733499012,0.005189613736,0.008985131159,0.8690775811,0.5878024189,0.003033538848,0.005975865386,1.54530069,0.1200918775,0.002943815164,0.004402751415,2.079989625,0.1781642363,0.004333538765,0.007826853935
0,9,geom_mid15_r1_halfnormal,mid15,r1_halfnormal,0.03,half-normal scale 0.3761,0.297329492,0.2199213015,0.07412426135,100000,0.003085165303,0.2626855264,0.0007785049323,0.006002848344,1.434267338,-0.03115602432,0.001085889753,0.003932283019,1.898260337,-0.02727663399,0.001498803894,0.006719244452,-1.879193831,-0.6344863908,0.001585824553,0.00660822006,2.183280346,0.4783586467,0.001986074071,0.005595981835,2.81037062,0.6009790597,0.002652977325,0.008027623922,0.3984351192,0.006085578372,0.001353943196,0.006138816991,1.465475792,-0.009227646932,0.001275689167,0.004218552788,1.98172154,-0.01864200937,0.001884675112,0.007665055688,0.3302805355,0.04900537325,0.001515199533,0.005960389148,1.431851192,0.006642379529,0.001373749695,0.004014339128,1.913549996,0.01172460663,0.001891909124,0.007006828993
0,10,geom_mid15_r1_chord,mid15,r1_chord,0.03,"chord link, shift 0.1425, offset scale 0.5879",0.3000216273,0.1922446699,0.07049730739,100000,0.003085165303,0.2626855264,0.0007785049323,0.006002848344,1.434267338,-0.03115602432,0.001085889753,0.003932283019,1.898260337,-0.02727663399,0.001498803894,0.006719244452,-1.897195103,-0.6524876628,0.001554305078,0.006306750708,2.148236759,0.4433150599,0.00206954869,0.005442360131,2.752602393,0.5432108324,0.0028173171,0.007767113614,0.2502473454,-0.1421021954,0.002000216558,0.005992781671,1.422992805,-0.05171063428,0.001882913287,0.004036135286,1.91152584,-0.08883770989,0.002948195954,0.007274340105,0.2071563091,-0.07411885308,0.0020953021,0.005890464998,1.404740903,-0.02046790974,0.001892892435,0.003923461758,1.874202985,-0.02762240428,0.00263698116,0.006918380518
0,11,geom_mid15_r2_halfnormal,mid15,r2_halfnormal,0.03,half-normal scale 0.2302,0.1832311961,0.1385698417,0.07845278991,100000,0.003085165303,0.2626855264,0.0007785049323,0.006002848344,1.434267338,-0.03115602432,0.001085889753,0.003932283019,1.898260337,-0.02727663399,0.001498803894,0.006719244452,-1.041723897,0.2029835438,0.0004361699152,0.00562218207,1.586308693,-0.1186130064,0.0006680318353,0.004158956863,2.060594621,-0.14879694,0.0008283401341,0.005961783367,0.5762400241,0.1838904833,0.0006634226506,0.00618111233,1.495904956,0.02120151691,0.0008453710772,0.004375976274,2.037800118,0.03743656869,0.001086110026,0.008073842568,0.4791703436,0.1978951814,0.0008819147836,0.005932933007,1.444417254,0.01920844094,0.0009711455153,0.004078251898,1.936372491,0.03454710238,0.001325068268,0.00718296428
0,12,geom_mid15_r2_chord,mid15,r2_chord,0.03,"chord link, offset scale 0.5879",0.1836907084,0.2241942272,0.07049730739,100000,0.003085165303,0.2626855264,0.0007785049323,0.006002848344,1.434267338,-0.03115602432,0.001085889753,0.003932283019,1.898260337,-0.02727663399,0.001498803894,0.006719244452,-1.044651438,0.2000560025,0.001744738134,0.006505556158,1.73440573,0.02948403119,0.001784681814,0.004811798326,2.307266867,0.09787530684,0.002742390224,0.00744088396,0.8116565627,0.4193070218,0.001210199763,0.006337638293,1.580048504,0.1053450648,0.001660183364,0.004667741035,2.162247008,0.1618834582,0.002167617848,0.008563397095,0.676944162,0.3956689998,0.001373178173,0.006006321232,1.501683989,0.07647517654,0.001701084167,0.004255314442,2.016384586,0.1145591965,0.002187147143,0.007434708319
0,13,geom_mid15_r1_patient,mid15,r1_patient,0.03,"patient-level geometry: plane angle 18.8 deg (SD 15), offset scale 0.5879",0.2994910932,0.2314310666,0.16697904,100000,0.003085165303,0.2626855264,0.0007785049323,0.006002848344,1.434267338,-0.03115602432,0.001085889753,0.003932283019,1.898260337,-0.02727663399,0.001498803894,0.006719244452,-1.895476291,-0.6507688505,0.003121959114,0.006868551583,2.230031663,0.5251099637,0.003058262824,0.005777088743,2.882790883,0.6733993227,0.00431575636,0.008215767637,0.4198968222,0.02754728137,0.002187905896,0.006162892299,1.473196229,-0.001507209791,0.001917340847,0.004247482102,1.993589604,-0.006773945675,0.003204870271,0.007743833332,0.3481544265,0.06687926432,0.002067688073,0.005969032763,1.43562928,0.0104204668,0.001818659664,0.004028766425,1.919403837,0.01757844769,0.002719212842,0.007020571504
0,14,geom_mid15_r1_patient_indoff,mid15,r1_patient_indoff,0.03,"patient-level geometry: plane angle 18.8 deg (SD 15), offset scale 0.5879, independent offsets",0.2988421401,0.2307875548,0.1228497015,100000,0.003085165303,0.2626855264,0.0007785049323,0.006002848344,1.434267338,-0.03115602432,0.001085889753,0.003932283019,1.898260337,-0.02727663399,0.001498803894,0.006719244452,-1.894459332,-0.6497518916,0.005299285111,0.006809684562,2.226044179,0.5211224794,0.00479044691,0.005719152206,2.868119623,0.6587280624,0.007057371191,0.007964839162,0.4255349725,0.03318543165,0.003299017693,0.006159839763,1.472528968,-0.002174470888,0.002769883585,0.004250977734,1.993841684,-0.006521865953,0.004827357938,0.007690215977,0.3516285114,0.07035334915,0.002904826924,0.005976691141,1.43533501,0.01012619725,0.002472024245,0.004044156714,1.922417902,0.02059251268,0.00373828639,0.00711750791
0,15,geom_mid15_r1_patient_spanq,mid15,r1_patient_spanq,0.03,"patient-level geometry: plane angle 18.8 deg (SD 15), offset scale 0.5879, span-linked ellipticity",0.2993574827,0.2313236854,0.1660346315,100000,0.003085165303,0.2626855264,0.0007785049323,0.006002848344,1.434267338,-0.03115602432,0.001085889753,0.003932283019,1.898260337,-0.02727663399,0.001498803894,0.006719244452,-1.975505652,-0.7307982116,0.003647521117,0.007250387021,2.297299126,0.5923774266,0.003541503912,0.006230438792,3.026446961,0.8170554006,0.005652506052,0.009382494126,0.4038974382,0.01154789731,0.002319957244,0.006136940807,1.469859386,-0.004844052599,0.002003994534,0.004205747019,1.982246131,-0.01811741828,0.003520022756,0.00752284297,0.3385440425,0.05726888029,0.002127723555,0.005967247598,1.435999555,0.01079074185,0.001853457995,0.004016593409,1.917128282,0.01530289305,0.002863601184,0.006967302023
0,16,geom_mid15_r2_patient,mid15,r2_patient,0.03,"patient-level offset only, offset scale 0.5879",0.1836907084,0.2241942272,0.07049730739,100000,0.003085165303,0.2626855264,0.0007785049323,0.006002848344,1.434267338,-0.03115602432,0.001085889753,0.003932283019,1.898260337,-0.02727663399,0.001498803894,0.006719244452,-1.044651438,0.2000560025,0.001744738134,0.006505556158,1.73440573,0.02948403119,0.001784681814,0.004811798326,2.307266867,0.09787530684,0.002742390224,0.00744088396,0.8116565627,0.4193070218,0.001210199763,0.006337638293,1.580048504,0.1053450648,0.001660183364,0.004667741035,2.162247008,0.1618834582,0.002167617848,0.008563397095,0.676944162,0.3956689998,0.001373178173,0.006006321232,1.501683989,0.07647517654,0.001701084167,0.004255314442,2.016384586,0.1145591965,0.002187147143,0.007434708319
0,17,geom_mid15_r2_patient_indoff,mid15,r2_patient_indoff,0.03,"patient-level offset only, offset scale 0.5879, independent offsets",0.1830906215,0.2229475328,0.004508083546,100000,0.003085165303,0.2626855264,0.0007785049323,0.006002848344,1.434267338,-0.03115602432,0.001085889753,0.003932283019,1.898260337,-0.02727663399,0.001498803894,0.006719244452,-1.043032789,0.2016746515,0.004936650186,0.006431225633,1.728296448,0.02337474875,0.00432035185,0.004729647037,2.285594529,0.07620296864,0.006653705091,0.007048487753,0.8220267734,0.4296772325,0.003414054866,0.006337860113,1.580426151,0.105722712,0.003065882348,0.004684879996,2.166225964,0.1658624146,0.00509488613,0.008606629356,0.6838692617,0.4025940995,0.003069143367,0.006006076159,1.499627696,0.07441888348,0.002779575471,0.004273255444,2.018647115,0.1168217263,0.004124822552,0.007648433616
0,18,geom_ind00_r1_halfnormal,ind00,r1_halfnormal,0.03,half-normal scale 0.3676,0.2909280885,0.2158116875,0.07462405772,100000,0.003085165303,0.2626855264,0.0007785049323,0.006002848344,1.434267338,-0.03115602432,0.001085889753,0.003932283019,1.898260337,-0.02727663399,0.001498803894,0.006719244452,-1.832252624,-0.5875451836,0.001484378783,0.00654808662,2.145942043,0.4410203438,0.001859582558,0.00551345063,2.764932303,0.5555407421,0.00249251352,0.007919297808,0.4058727011,0.01352316018,0.001312053051,0.006140702201,1.46653882,-0.008164618965,0.001240185468,0.004224688191,1.983813825,-0.01654972445,0.001820951314,0.007682580873,0.3364538521,0.05517868993,0.001483712726,0.005959279036,1.432251426,0.007042613063,0.001346998662,0.004016389335,1.914279589,0.01245419988,0.001854885801,0.007013820316
0,19,geom_ind00_r1_chord,ind00,r1_chord,0.03,"chord link, shift 0.2469, offset scale 0.3336",0.293110543,0.07159900494,0.08755071707,100000,0.003085165303,0.2626855264,0.0007785049323,0.006002848344,1.434267338,-0.03115602432,0.001085889753,0.003932283019,1.898260337,-0.02727663399,0.001498803894,0.006719244452,-1.846340125,-0.6016326848,0.001889243082,0.00534432182,2.016998683,0.312076984,0.002228729826,0.004687066405,2.503022347,0.2936307862,0.002548038118,0.006119268213,0.12552542,-0.2668241208,0.002816717517,0.005984441826,1.42093868,-0.0537647587,0.002542126634,0.003972435351,1.896595691,-0.1037678589,0.004206592802,0.00698021801,0.102881553,-0.1783936092,0.002650451695,0.005938920222,1.413414699,-0.01179411375,0.002319868735,0.003924157197,1.880857965,-0.02096742432,0.00325043105,0.006821107473
0,20,geom_ind00_r2_halfnormal,ind00,r2_halfnormal,0.03,half-normal scale 0.0774,0.06156459513,0.04656526234,0.07849850396,100000,0.003085165303,0.2626855264,0.0007785049323,0.006002848344,1.434267338,-0.03115602432,0.001085889753,0.003932283019,1.898260337,-0.02727663399,0.001498803894,0.006719244452,-0.1486045487,1.096102892,0.00248714923,0.005149561965,1.246881436,-0.4580402628,0.003500792627,0.003345375183,1.635192844,-0.5741987168,0.005019932365,0.005015059159,1.00493985,0.6125903087,0.002137431621,0.006302676515,1.623625815,0.1489223757,0.002496495872,0.004843655828,2.232092629,0.231729079,0.003590106097,0.008889068511,0.8399035522,0.55862839,0.002097651745,0.005898073996,1.519322489,0.09411367644,0.002382970922,0.004331060848,2.045514819,0.1436894302,0.003228937377,0.007629449471
0,21,geom_ind00_r2_chord,ind00,r2_chord,0.03,"chord link, offset scale 0.3336",0.06140660897,0.09506769718,0.08755071707,100000,0.003085165303,0.2626855264,0.0007785049323,0.006002848344,1.434267338,-0.03115602432,0.001085889753,0.003932283019,1.898260337,-0.02727663399,0.001498803894,0.006719244452,-0.1482052588,1.096502182,0.002068725435,0.005385467429,1.294800073,-0.4101216266,0.0033781186,0.003529542417,1.709462412,-0.4999291486,0.004520746989,0.005414323176,1.102276375,0.7099268345,0.002303458603,0.006403849329,1.679214005,0.2045105657,0.0027707991,0.004996164639,2.305623738,0.3052601882,0.003961050507,0.00909039973,0.9225764046,0.6413012424,0.002304383623,0.005970635224,1.563173441,0.1379646277,0.002648868201,0.004441248238,2.101418586,0.1995931966,0.003592239814,0.00775583519
0,22,geom_ind00_r1_patient,ind00,r1_patient,0.03,"patient-level geometry: plane angle 32.1 deg (SD 0), offset scale 0.3336",0.2922433101,0.1600540034,0.8080563935,100000,0.003085165303,0.2626855264,0.0007785049323,0.006002848344,1.434267338,-0.03115602432,0.001085889753,0.003932283019,1.898260337,-0.02727663399,0.001498803894,0.006719244452,-1.83752512,-0.5928176797,0.004066564872,0.006445184435,2.135355966,0.4304342669,0.003791281335,0.005450487935,2.744175152,0.5347835918,0.005574059678,0.007584846497,0.2526753953,-0.1396741456,0.002775667974,0.006068537623,1.440863452,-0.03383998693,0.002388888257,0.004087116507,1.935593686,-0.0647698639,0.00403852579,0.007353811165,0.2081571618,-0.07311800043,0.002540462901,0.005948070326,1.419410699,-0.005798113911,0.002179504516,0.003957950249,1.892418581,-0.009406808324,0.003236922481,0.006952138492
0,23,geom_ind00_r1_patient_indoff,ind00,r1_patient_indoff,0.03,"patient-level geometry: plane angle 32.1 deg (SD 0), offset scale 0.3336, independent offsets",0.2921044508,0.1603292081,0.7901364384,100000,0.003085165303,0.2626855264,0.0007785049323,0.006002848344,1.434267338,-0.03115602432,0.001085889753,0.003932283019,1.898260337,-0.02727663399,0.001498803894,0.006719244452,-1.836366734,-0.5916592934,0.004827564856,0.006426517836,2.13325069,0.4283289912,0.00441443742,0.005432757713,2.739017092,0.5296255314,0.006562638266,0.007529417073,0.2548227179,-0.137526823,0.003129196001,0.006066209434,1.440238762,-0.0344646771,0.00265181355,0.004087195276,1.935145346,-0.06521820414,0.004523549182,0.007346097935,0.2095230105,-0.07175215174,0.002788565385,0.005949611815,1.419273453,-0.005935359734,0.002368608532,0.00396147842,1.893053768,-0.008771620965,0.003562471732,0.006988728413
0,24,geom_ind00_r1_patient_spanq,ind00,r1_patient_spanq,0.03,"patient-level geometry: plane angle 32.1 deg (SD 0), offset scale 0.3336, span-linked ellipticity",0.2920267199,0.1596469663,0.8068673363,100000,0.003085165303,0.2626855264,0.0007785049323,0.006002848344,1.434267338,-0.03115602432,0.001085889753,0.003932283019,1.898260337,-0.02727663399,0.001498803894,0.006719244452,-1.982630353,-0.7379229125,0.00473057146,0.007160235703,2.260217993,0.5552962936,0.004419780601,0.006284205197,3.009596215,0.8002046547,0.007170171432,0.009640731082,0.2312916152,-0.1610579256,0.002916645858,0.006031584269,1.436418006,-0.03828543254,0.002486479224,0.004035071131,1.921317337,-0.07904621239,0.004410823543,0.007091692151,0.1971825899,-0.08409257236,0.002592369769,0.005943385656,1.419451037,-0.005757776135,0.002214328732,0.00394512772,1.889769551,-0.01205583831,0.003366413483,0.006863137863
0,25,geom_ind00_r2_patient,ind00,r2_patient,0.03,"patient-level offset only, offset scale 0.3336",0.06140660897,0.09506769718,0.08755071707,100000,0.003085165303,0.2626855264,0.0007785049323,0.006002848344,1.434267338,-0.03115602432,0.001085889753,0.003932283019,1.898260337,-0.02727663399,0.001498803894,0.006719244452,-0.1482052588,1.096502182,0.002068725435,0.005385467429,1.294800073,-0.4101216266,0.0033781186,0.003529542417,1.709462412,-0.4999291486,0.004520746989,0.005414323176,1.102276375,0.7099268345,0.002303458603,0.006403849329,1.679214005,0.2045105657,0.0027707991,0.004996164639,2.305623738,0.3052601882,0.003961050507,0.00909039973,0.9225764046,0.6413012424,0.002304383623,0.005970635224,1.563173441,0.1379646277,0.002648868201,0.004441248238,2.101418586,0.1995931966,0.003592239814,0.00775583519
0,26,geom_ind00_r2_patient_indoff,ind00,r2_patient_indoff,0.03,"patient-level offset only, offset scale 0.3336, independent offsets",0.06138389512,0.09541004873,0.001242879386,100000,0.003085165303,0.2626855264,0.0007785049323,0.006002848344,1.434267338,-0.03115602432,0.001085889753,0.003932283019,1.898260337,-0.02727663399,0.001498803894,0.006719244452,-0.1467932498,1.097914191,0.003635221998,0.005355493413,1.291835843,-0.4130858563,0.003991720262,0.003494027633,1.699897217,-0.509494344,0.00587000308,0.005233498912,1.108726412,0.7163768706,0.003306937653,0.006406112226,1.680318062,0.2056146233,0.003297491345,0.005009607678,2.309342028,0.3089784783,0.005249487059,0.009083084199,0.9258269843,0.6445518221,0.003032774633,0.005967645304,1.561891443,0.1366826304,0.003010965862,0.004448498565,2.10199882,0.2001734311,0.004410832118,0.007879050934
0,27,geom_ind15_sd707_r1_halfnormal,ind15_sd707,r1_halfnormal,0.03,half-normal scale 0.3224,0.256153405,0.1922966079,0.07677986734,100000,0.003085165303,0.2626855264,0.0007785049323,0.006002848344,1.434267338,-0.03115602432,0.001085889753,0.003932283019,1.898260337,-0.02727663399,0.001498803894,0.006719244452,-1.577006691,-0.3322992506,0.0009238738696,0.006223585123,1.94928456,0.2443628612,0.001141320227,0.005060165863,2.521946183,0.3125546221,0.00156526553,0.007294775144,0.4503596309,0.05801008999,0.001073099273,0.006151638125,1.473200023,-0.001503415736,0.001043039358,0.004262336186,1.996760155,-0.003603394681,0.001473182195,0.007786884742,0.3736920889,0.09241692672,0.001296531174,0.005952787387,1.434551823,0.009343009754,0.001197646822,0.004031445683,1.919160782,0.01733539334,0.00164941511,0.007058279242
0,28,geom_ind15_sd707_r1_chord,ind15_sd707,r1_chord,0.03,"chord link, shift 0.2121, offset scale 0.3226",0.2570293093,0.06964851618,0.08787503045,100000,0.003085165303,0.2626855264,0.0007785049323,0.006002848344,1.434267338,-0.03115602432,0.001085889753,0.003932283019,1.898260337,-0.02727663399,0.001498803894,0.006719244452,-1.581820424,-0.3371129833,0.00178939716,0.005253055409,1.822584032,0.1176623331,0.001891990348,0.004404309497,2.293815025,0.08442346486,0.002354098161,0.00584765607,0.1815189024,-0.2108306384,0.002561570097,0.005980912054,1.418777006,-0.05592643341,0.002332094619,0.003996413417,1.900011642,-0.1003519076,0.003806270345,0.007114197371,0.1490776113,-0.1321975509,0.002485082116,0.005909884248,1.406497428,-0.01871138483,0.002189783221,0.003920003496,1.874796626,-0.02702876291,0.003047936721,0.006877171385
0,29,geom_ind15_sd707_r2_halfnormal,ind15_sd707,r2_halfnormal,0.03,half-normal scale 0.0719,0.05721739114,0.0432771924,0.07849850396,100000,0.003085165303,0.2626855264,0.0007785049323,0.006002848344,1.434267338,-0.03115602432,0.001085889753,0.003932283019,1.898260337,-0.02727663399,0.001498803894,0.006719244452,-0.1166928644,1.128014576,0.002562337237,0.005147949578,1.243570669,-0.4613510306,0.003592291882,0.003342562451,1.632093505,-0.5772980557,0.005165601825,0.005033549348,1.029541187,0.6371916456,0.00222371045,0.006312149548,1.633692129,0.15898869,0.002582200989,0.004873717456,2.245938201,0.2455746513,0.003723957225,0.008928106336,0.8604686256,0.5791934634,0.002168638147,0.005899205554,1.526024028,0.1008152152,0.002453719116,0.004349371971,2.054369507,0.152544118,0.003337938451,0.007657393428
0,30,geom_ind15_sd707_r2_chord,ind15_sd707,r2_chord,0.03,"chord link, offset scale 0.3226",0.05706022562,0.08839427578,0.08787503045,100000,0.003085165303,0.2626855264,0.0007785049323,0.006002848344,1.434267338,-0.03115602432,0.001085889753,0.003932283019,1.898260337,-0.02727663399,0.001498803894,0.006719244452,-0.1162444903,1.12846295,0.002154863182,0.005352926656,1.285549967,-0.4193717319,0.003476150605,0.003501771052,1.696722283,-0.5126692775,0.004705061907,0.005372111545,1.117561325,0.7252117844,0.002360885352,0.006407457988,1.685365776,0.210662337,0.002824200367,0.005014001784,2.313969327,0.3136057774,0.00404776244,0.009113119694,0.9356745568,0.6543993946,0.002348765036,0.005969142866,1.567156029,0.1419472162,0.002692299712,0.00445259442,2.106779035,0.2049536456,0.003662779641,0.007773975828
0,31,geom_ind15_sd707_r1_patient,ind15_sd707,r1_patient,0.03,"patient-level geometry: plane angle 30.2 deg (SD 15), offset scale 0.3226",0.255836281,0.223469366,0.6930305265,100000,0.003085165303,0.2626855264,0.0007785049323,0.006002848344,1.434267338,-0.03115602432,0.001085889753,0.003932283019,1.898260337,-0.02727663399,0.001498803894,0.006719244452,-1.57526018,-0.3305527398,0.005343379094,0.007282247744,2.069469328,0.3645476289,0.004802507212,0.005917631742,2.790072548,0.5806809878,0.007914587993,0.00911851311,0.4921863133,0.09983677245,0.002838233746,0.006230565381,1.495695211,0.02099177255,0.002441350071,0.004344096856,2.030813395,0.03044984491,0.004185894963,0.007947150265,0.407798389,0.1265232268,0.002577395207,0.005994376377,1.448010838,0.02280202455,0.002245544221,0.004077744047,1.938947758,0.03712236905,0.003388131127,0.007176398084
0,32,geom_ind15_sd707_r1_patient_indoff,ind15_sd707,r1_patient_indoff,0.03,"patient-level geometry: plane angle 30.2 deg (SD 15), offset scale 0.3226, independent offsets",0.2557002447,0.2236696264,0.6843141665,100000,0.003085165303,0.2626855264,0.0007785049323,0.006002848344,1.434267338,-0.03115602432,0.001085889753,0.003932283019,1.898260337,-0.02727663399,0.001498803894,0.006719244452,-1.574308045,-0.3296006043,0.005923812272,0.007263485768,2.066979714,0.3620580146,0.00524931798,0.005900716306,2.784639225,0.5752476641,0.008511643054,0.0090699995,0.49564969,0.1033001491,0.003316444748,0.00622972189,1.495602289,0.02089884999,0.002792979003,0.004347143867,2.031396881,0.03103333142,0.004860135691,0.00794673443,0.410061474,0.1287863118,0.002938523226,0.00599659459,1.448282463,0.02307365017,0.00250352218,0.004082307795,1.940110595,0.0382852059,0.003844689862,0.007219398223
0,33,geom_ind15_sd707_r1_patient_spanq,ind15_sd707,r1_patient_spanq,0.03,"patient-level geometry: plane angle 30.2 deg (SD 15), offset scale 0.3226, span-linked ellipticity",0.2553061929,0.2226327617,0.6917928982,100000,0.003085165303,0.2626855264,0.0007785049323,0.006002848344,1.434267338,-0.03115602432,0.001085889753,0.003932283019,1.898260337,-0.02727663399,0.001498803894,0.006719244452,-1.952308779,-0.7076013389,0.007124720137,0.009285333024,2.379705638,0.6747839387,0.006495596579,0.008228142603,3.526069241,1.31667768,0.0122642411,0.01467380675,0.4242072218,0.03185768096,0.003037694993,0.006099859591,1.477168209,0.002464769893,0.002539924139,0.004145762333,1.97502994,-0.02533361018,0.004678337807,0.007093684668,0.3689860016,0.08771083942,0.002617560909,0.005971623337,1.446837674,0.02162886111,0.002237986671,0.004011010309,1.924095511,0.02227012229,0.003383348458,0.006833980623
0,34,geom_ind15_sd707_r2_patient,ind15_sd707,r2_patient,0.03,"patient-level offset only, offset scale 0.3226",0.05706022562,0.08839427578,0.08787503045,100000,0.003085165303,0.2626855264,0.0007785049323,0.006002848344,1.434267338,-0.03115602432,0.001085889753,0.003932283019,1.898260337,-0.02727663399,0.001498803894,0.006719244452,-0.1162444903,1.12846295,0.002154863182,0.005352926656,1.285549967,-0.4193717319,0.003476150605,0.003501771052,1.696722283,-0.5126692775,0.004705061907,0.005372111545,1.117561325,0.7252117844,0.002360885352,0.006407457988,1.685365776,0.210662337,0.002824200367,0.005014001784,2.313969327,0.3136057774,0.00404776244,0.009113119694,0.9356745568,0.6543993946,0.002348765036,0.005969142866,1.567156029,0.1419472162,0.002692299712,0.00445259442,2.106779035,0.2049536456,0.003662779641,0.007773975828
0,35,geom_ind15_sd707_r2_patient_indoff,ind15_sd707,r2_patient_indoff,0.03,"patient-level offset only, offset scale 0.3226, independent offsets",0.05705771762,0.08883515883,0.001284850845,100000,0.003085165303,0.2626855264,0.0007785049323,0.006002848344,1.434267338,-0.03115602432,0.001085889753,0.003932283019,1.898260337,-0.02727663399,0.001498803894,0.006719244452,-0.1150288159,1.129678625,0.003600119935,0.00532699517,1.28305111,-0.421870589,0.00401441527,0.003470854219,1.688458174,-0.5209333866,0.005900954025,0.005213565032,1.123660592,0.731311051,0.003306178351,0.006409765183,1.686406843,0.211703404,0.003314773561,0.00502706499,2.317559279,0.3171957289,0.005264138041,0.009103654297,0.9387614518,0.6574862896,0.003034549275,0.00596555511,1.565871349,0.1406625359,0.00302696053,0.004458799225,2.107136031,0.2053106419,0.00442948856,0.007891212818
0,36,geom_mid15_sd707_r1_halfnormal,mid15_sd707,r1_halfnormal,0.03,half-normal scale 0.3389,0.2689008093,0.2011332902,0.0761079048,100000,0.003085165303,0.2626855264,0.0007785049323,0.006002848344,1.434267338,-0.03115602432,0.001085889753,0.003932283019,1.898260337,-0.02727663399,0.001498803894,0.006719244452,-1.670586879,-0.4258794386,0.001130374605,0.006341390378,2.020050819,0.3151291196,0.001410092274,0.005226438084,2.610008333,0.4006167727,0.001914862805,0.007528751219,0.4331979361,0.0408483952,0.001162507441,0.006147445804,1.470577337,-0.004126101895,0.001115658404,0.004247531035,1.991665547,-0.008698002477,0.001600123549,0.007746877356,0.3595561686,0.07828100638,0.001371534054,0.005955617512,1.43365155,0.008442736603,0.001257127647,0.004025968961,1.91733752,0.01551213058,0.001734373473,0.007042579521
0,37,geom_mid15_sd707_r1_chord,mid15_sd707,r1_chord,0.03,"chord link, shift 0.1528, offset scale 0.4973",0.2702928355,0.159080247,0.07904351804,100000,0.003085165303,0.2626855264,0.0007785049323,0.006002848344,1.434267338,-0.03115602432,0.001085889753,0.003932283019,1.898260337,-0.02727663399,0.001498803894,0.006719244452,-1.679346679,-0.4346392388,0.001155073025,0.005919360143,1.95899829,0.2540765906,0.00152987772,0.004986384707,2.514766924,0.305375363,0.002015088929,0.007129472088,0.2546032556,-0.1377462853,0.002041399289,0.005988837541,1.421494883,-0.05320855625,0.001906193546,0.004038283135,1.910864846,-0.08949870334,0.00300791469,0.007291162299,0.2107189,-0.07055626226,0.002121278165,0.005882569471,1.402601502,-0.02260731114,0.001902615629,0.003921166422,1.872119176,-0.02970621322,0.002647096982,0.006926466126
0,38,geom_mid15_sd707_r2_halfnormal,mid15_sd707,r2_halfnormal,0.03,half-normal scale 0.1738,0.1383429994,0.1046377069,0.07849850396,100000,0.003085165303,0.2626855264,0.0007785049323,0.006002848344,1.434267338,-0.03115602432,0.001085889753,0.003932283019,1.898260337,-0.02727663399,0.001498803894,0.006719244452,-0.7122146754,0.532492765,0.001166875894,0.005356521614,1.412053363,-0.2928683362,0.001740578871,0.003718296058,1.837512839,-0.371878722,0.002324899777,0.005320827577,0.6898202622,0.2974707214,0.0009171933402,0.006209315691,1.521933325,0.04722988643,0.001239766198,0.004489000644,2.081195227,0.08083167744,0.001641337573,0.00831612713,0.5739186083,0.2926434461,0.001074296564,0.005918290462,1.457710369,0.03250155627,0.001303539133,0.004131659826,1.957540227,0.05571483825,0.001710610275,0.007299734024
0,39,geom_mid15_sd707_r2_chord,mid15_sd707,r2_chord,0.03,"chord link, offset scale 0.4973",0.138647464,0.1877796749,0.07904351804,100000,0.003085165303,0.2626855264,0.0007785049323,0.006002848344,1.434267338,-0.03115602432,0.001085889753,0.003932283019,1.898260337,-0.02727663399,0.001498803894,0.006719244452,-0.7145734103,0.5301340301,0.001441404339,0.006099673001,1.544999794,-0.1599219053,0.002009452126,0.004294383662,2.056982991,-0.1524085696,0.002574126533,0.006714581442,0.9013426319,0.5089930911,0.001520667275,0.006359091803,1.607139928,0.1324364889,0.002008931683,0.004767920871,2.203674876,0.2033113259,0.00270545318,0.00874043303,0.7530972384,0.4718220762,0.001661509045,0.00599557458,1.517722385,0.0925135718,0.002015927715,0.004310856417,2.040051705,0.1382263158,0.002621705389,0.00753790172
0,40,geom_mid15_sd707_r1_patient,mid15_sd707,r1_patient,0.03,"patient-level geometry: plane angle 20.1 deg (SD 15), offset scale 0.4973",0.2692276318,0.2372126051,0.3798065293,100000,0.003085165303,0.2626855264,0.0007785049323,0.006002848344,1.434267338,-0.03115602432,0.001085889753,0.003932283019,1.898260337,-0.02727663399,0.001498803894,0.006719244452,-1.673878847,-0.4291714068,0.004174671667,0.007152264714,2.120008892,0.415087193,0.003799515505,0.005850559649,2.813771187,0.6043796267,0.00616388321,0.00877638383,0.5089359453,0.1165864045,0.002309554109,0.006226129313,1.496607855,0.0219044165,0.00204159454,0.004353882793,2.033579518,0.03321596785,0.003356030618,0.007965802322,0.4229856161,0.1417104539,0.002155781664,0.005990154877,1.44927311,0.02406429701,0.001929881227,0.004082524482,1.940895797,0.03907040799,0.002868037416,0.007121389162
0,41,geom_mid15_sd707_r1_patient_indoff,mid15_sd707,r1_patient_indoff,0.03,"patient-level geometry: plane angle 20.1 deg (SD 15), offset scale 0.4973, independent offsets",0.2685633846,0.2367781469,0.3469054252,100000,0.003085165303,0.2626855264,0.0007785049323,0.006002848344,1.434267338,-0.03115602432,0.001085889753,0.003932283019,1.898260337,-0.02727663399,0.001498803894,0.006719244452,-1.671799874,-0.4270924337,0.005706985728,0.007099932129,2.113922097,0.4090003975,0.005064529442,0.00580270202,2.79924419,0.5898526291,0.007951322773,0.008614316504,0.5138407139,0.1214911731,0.003339142245,0.006221297475,1.495413926,0.02071048719,0.002820474301,0.004356838273,2.033334159,0.03297060929,0.004879237643,0.007950187829,0.4259135213,0.1446383591,0.00295478556,0.005987960896,1.44743054,0.02222172743,0.002527675514,0.004088881988,1.940859099,0.0390337098,0.003867147303,0.007224835555
0,42,geom_mid15_sd707_r1_patient_spanq,mid15_sd707,r1_patient_spanq,0.03,"patient-level geometry: plane angle 20.1 deg (SD 15), offset scale 0.4973, span-linked ellipticity",0.2685644259,0.2366116762,0.3767415739,100000,0.003085165303,0.2626855264,0.0007785049323,0.006002848344,1.434267338,-0.03115602432,0.001085889753,0.003932283019,1.898260337,-0.02727663399,0.001498803894,0.006719244452,-1.951480298,-0.7067728572,0.005940417254,0.008738536054,2.350378002,0.6454563024,0.005484528678,0.007694272336,3.38295732,1.173565759,0.01091478698,0.01376916276,0.4559098561,0.06356031524,0.002606109036,0.006122951964,1.482122946,0.007419507217,0.002208124396,0.004195473222,1.989188372,-0.01117517724,0.00412839011,0.007249757841,0.3919564739,0.1106813117,0.002287392619,0.005967444107,1.446733364,0.02152455146,0.001988129542,0.004026924351,1.927338368,0.02551297881,0.003101309396,0.006887524783
0,43,geom_mid15_sd707_r2_patient,mid15_sd707,r2_patient,0.03,"patient-level offset only, offset scale 0.4973",0.138647464,0.1877796749,0.07904351804,100000,0.003085165303,0.2626855264,0.0007785049323,0.006002848344,1.434267338,-0.03115602432,0.001085889753,0.003932283019,1.898260337,-0.02727663399,0.001498803894,0.006719244452,-0.7145734103,0.5301340301,0.001441404339,0.006099673001,1.544999794,-0.1599219053,0.002009452126,0.004294383662,2.056982991,-0.1524085696,0.002574126533,0.006714581442,0.9013426319,0.5089930911,0.001520667275,0.006359091803,1.607139928,0.1324364889,0.002008931683,0.004767920871,2.203674876,0.2033113259,0.00270545318,0.00874043303,0.7530972384,0.4718220762,0.001661509045,0.00599557458,1.517722385,0.0925135718,0.002015927715,0.004310856417,2.040051705,0.1382263158,0.002621705389,0.00753790172
0,44,geom_mid15_sd707_r2_patient_indoff,mid15_sd707,r2_patient_indoff,0.03,"patient-level offset only, offset scale 0.4973, independent offsets",0.1380361099,0.1866839216,0.004507934207,100000,0.003085165303,0.2626855264,0.0007785049323,0.006002848344,1.434267338,-0.03115602432,0.001085889753,0.003932283019,1.898260337,-0.02727663399,0.001498803894,0.006719244452,-0.711931792,0.5327756484,0.004466287429,0.006032357623,1.538018336,-0.1669033633,0.004057580938,0.004219314799,2.036110099,-0.1732814613,0.00621189004,0.006344711689,0.9105837584,0.5182342175,0.003366958916,0.006358191149,1.60762385,0.1329204111,0.003121724865,0.004782625067,2.207211323,0.206847773,0.005118655058,0.008767345102,0.7581528443,0.4768776821,0.003055333335,0.005994183558,1.516343203,0.09113439019,0.002839956069,0.004322621234,2.041514991,0.1396896017,0.004216104726,0.007722398789
0,45,geom_ind00_sd707_r1_halfnormal,ind00_sd707,r1_halfnormal,0.03,half-normal scale 0.3151,0.2503903232,0.1882244081,0.07704407991,100000,0.003085165303,0.2626855264,0.0007785049323,0.006002848344,1.434267338,-0.03115602432,0.001085889753,0.003932283019,1.898260337,-0.02727663399,0.001498803894,0.006719244452,-1.534699052,-0.2899916111,0.0008307028308,0.006170995914,1.917876203,0.2129545042,0.001018105244,0.004985135779,2.48261599,0.2732244295,0.001403883016,0.007187220305,0.4584934668,0.06614392595,0.001032172416,0.006153560663,1.474438542,-0.0002648972163,0.001010720263,0.004269494691,1.99920216,-0.001161389711,0.001416943143,0.007805774385,0.3805455334,0.09927037118,0.001263021936,0.005952103883,1.43519745,0.009988636577,0.001171054527,0.004034548423,1.92029517,0.01846978078,0.00161350807,0.007065526131
0,46,geom_ind00_sd707_r1_chord,ind00_sd707,r1_chord,0.03,"chord link, shift 0.2235, offset scale 0.2601",0.2512751063,0.04212267971,0.08867347449,100000,0.003085165303,0.2626855264,0.0007785049323,0.006002848344,1.434267338,-0.03115602432,0.001085889753,0.003932283019,1.898260337,-0.02727663399,0.001498803894,0.006719244452,-1.539212228,-0.2945047878,0.002172087571,0.005134774832,1.78175513,0.07683343031,0.002178821502,0.004279142606,2.237350928,0.02795936739,0.002965329082,0.005589385871,0.1765961054,-0.2157534355,0.002657069428,0.005980605483,1.418588312,-0.05611512706,0.002403561949,0.003994418315,1.899451134,-0.1009124157,0.003942228806,0.007100593813,0.1444180195,-0.1368571427,0.002548189576,0.00591224,1.406739034,-0.01846977922,0.002236362225,0.003920944346,1.875174603,-0.02665078606,0.003117323492,0.00687390948
0,47,geom_ind00_sd707_r2_halfnormal,ind00_sd707,r2_halfnormal,0.03,half-normal scale 0.0450,0.03585058137,0.02711610014,0.07849850396,100000,0.003085165303,0.2626855264,0.0007785049323,0.006002848344,1.434267338,-0.03115602432,0.001085889753,0.003932283019,1.898260337,-0.02727663399,0.001498803894,0.006719244452,0.04015528168,1.284862722,0.00293215968,0.005156132864,1.237413002,-0.4675086973,0.004024196728,0.003360025036,1.630998612,-0.5783929488,0.005853921845,0.005173697181,1.163707178,0.7713576376,0.002669925745,0.006372008157,1.694221741,0.2195183023,0.003022845076,0.00504386828,2.326891186,0.3265276361,0.004409855792,0.00913108643,0.974361119,0.6930859568,0.002536236542,0.005913505906,1.568167481,0.1429586683,0.002823068033,0.004457769008,2.108625104,0.2067997153,0.003894257562,0.007795852474
0,48,geom_ind00_sd707_r2_chord,ind00_sd707,r2_chord,0.03,"chord link, offset scale 0.2601",0.03576792784,0.05424694581,0.08867347449,100000,0.003085165303,0.2626855264,0.0007785049323,0.006002848344,1.434267338,-0.03115602432,0.001085889753,0.003932283019,1.898260337,-0.02727663399,0.001498803894,0.006719244452,0.0403679681,1.285075409,0.002636282463,0.005234417156,1.254033142,-0.4508885568,0.003960054132,0.003418957498,1.655751935,-0.5536396256,0.005624652695,0.005295687158,1.205979219,0.8136296783,0.002684854435,0.006431271109,1.723430797,0.2487273581,0.003119571175,0.005118868834,2.364417333,0.364053783,0.004520914581,0.009233382855,1.01104845,0.7297732879,0.002600729579,0.005964673976,1.592898326,0.1676895131,0.002931275488,0.004519526861,2.140074054,0.2382486647,0.004037439959,0.007865786146
0,49,geom_ind00_sd707_r1_patient,ind00_sd707,r1_patient,0.03,"patient-level geometry: plane angle 30.0 deg (SD 0), offset scale 0.2601",0.2496708666,0.2133750112,0.9613470382,100000,0.003085165303,0.2626855264,0.0007785049323,0.006002848344,1.434267338,-0.03115602432,0.001085889753,0.003932283019,1.898260337,-0.02727663399,0.001498803894,0.006719244452,-1.525355303,-0.2806478621,0.005706141234,0.007363180417,2.050508334,0.3455866345,0.005099969584,0.005952938919,2.783576327,0.5741847662,0.008442607699,0.00930019116,0.460823892,0.06847435113,0.002964811514,0.006222542101,1.489235054,0.01453161528,0.002526993982,0.004320324731,2.020970796,0.02060724661,0.004340457007,0.00792860566,0.3812913477,0.1000161855,0.00268097466,0.005988242802,1.443005909,0.0177970962,0.002306282063,0.004060791616,1.931645003,0.02981961428,0.003478305519,0.007185448315
0,50,geom_ind00_sd707_r1_patient_indoff,ind00_sd707,r1_patient_indoff,0.03,"patient-level geometry: plane angle 30.0 deg (SD 0), offset scale 0.2601, independent offsets",0.2495938198,0.2134786654,0.9573352101,100000,0.003085165303,0.2626855264,0.0007785049323,0.006002848344,1.434267338,-0.03115602432,0.001085889753,0.003932283019,1.898260337,-0.02727663399,0.001498803894,0.006719244452,-1.524878538,-0.2801710978,0.006049551554,0.007356142074,2.050010623,0.3450889241,0.005344149675,0.005944724425,2.781453409,0.5720618482,0.00876594279,0.009287247034,0.4626147012,0.07026516032,0.003281724018,0.006222730596,1.48897009,0.01426665087,0.002760757926,0.004323422267,2.021437915,0.02107436569,0.004772622753,0.007925558736,0.3824732891,0.1011981269,0.002917248291,0.005988919601,1.442866108,0.01765729493,0.0024772981,0.004063397169,1.932088442,0.03026305329,0.003787339982,0.00721777332
0,51,geom_ind00_sd707_r1_patient_spanq,ind00_sd707,r1_patient_spanq,0.03,"patient-level geometry: plane angle 30.0 deg (SD 0), offset scale 0.2601, span-linked ellipticity",0.2488133331,0.2121482086,0.9606935395,100000,0.003085165303,0.2626855264,0.0007785049323,0.006002848344,1.434267338,-0.03115602432,0.001085889753,0.003932283019,1.898260337,-0.02727663399,0.001498803894,0.006719244452,-1.946293302,-0.7015858612,0.007539203942,0.009546169098,2.394086217,0.6891645174,0.006836900231,0.008467185962,3.591782417,1.382390856,0.01269118537,0.01504888625,0.3812447367,-0.01110480414,0.003140713983,0.006074848869,1.46885393,-0.005849508604,0.00261425716,0.004096552742,1.958491645,-0.0418719048,0.004770309355,0.006976408021,0.335580108,0.05430494581,0.00269563077,0.005967374893,1.443108228,0.01789941459,0.002284230106,0.003988720677,1.916646736,0.01482134695,0.003447868268,0.006811880778
0,52,geom_ind00_sd707_r2_patient,ind00_sd707,r2_patient,0.03,"patient-level offset only, offset scale 0.2601",0.03576792784,0.05424694581,0.08867347449,100000,0.003085165303,0.2626855264,0.0007785049323,0.006002848344,1.434267338,-0.03115602432,0.001085889753,0.003932283019,1.898260337,-0.02727663399,0.001498803894,0.006719244452,0.0403679681,1.285075409,0.002636282463,0.005234417156,1.254033142,-0.4508885568,0.003960054132,0.003418957498,1.655751935,-0.5536396256,0.005624652695,0.005295687158,1.205979219,0.8136296783,0.002684854435,0.006431271109,1.723430797,0.2487273581,0.003119571175,0.005118868834,2.364417333,0.364053783,0.004520914581,0.009233382855,1.01104845,0.7297732879,0.002600729579,0.005964673976,1.592898326,0.1676895131,0.002931275488,0.004519526861,2.140074054,0.2382486647,0.004037439959,0.007865786146
0,53,geom_ind00_sd707_r2_patient_indoff,ind00_sd707,r2_patient_indoff,0.03,"patient-level offset only, offset scale 0.2601, independent offsets",0.03575964894,0.05445745436,0.001340441741,100000,0.003085165303,0.2626855264,0.0007785049323,0.006002848344,1.434267338,-0.03115602432,0.001085889753,0.003932283019,1.898260337,-0.02727663399,0.001498803894,0.006719244452,0.04098167879,1.285689119,0.003482723979,0.0052237874,1.25297667,-0.4519450294,0.00418725139,0.003406624077,1.652406636,-0.5569849248,0.006155158824,0.005209820767,1.209464494,0.8171149534,0.00331489435,0.006433733943,1.723823964,0.2491205253,0.00342230466,0.005128853147,2.366866328,0.3665027783,0.005352396663,0.009213099265,1.01249087,0.7312157074,0.003046680606,0.00596023387,1.591530636,0.1663218233,0.003126686313,0.004521716152,2.139518875,0.2376934858,0.004537987314,0.00794327945
0,54,geom_ind15_r1_halfnormal,ind15,r1_halfnormal,0.06,half-normal scale 0.3699,0.2926205573,0.2169045783,0.07449510816,100000,-0.2596003611,0,0,0.006033520269,1.465423362,0,0,0.003949990632,1.925536971,0,0,0.006406088218,-1.932228867,-0.6875214269,0.001581015528,0.006616584601,2.21773003,0.5128083308,0.002060187493,0.005650742641,2.848049121,0.6386575603,0.002695427668,0.008082326209,0.2265672905,-0.1657822504,0.0009910346239,0.006177057855,1.46071131,-0.01399212938,0.001042496761,0.004163218417,1.966443225,-0.03392032505,0.001543388344,0.007449353973,0.142722285,-0.1385528772,0.001114562679,0.005979649343,1.426500023,0.00129120992,0.001078631233,0.003951035075,1.896300219,-0.005525169907,0.001460040879,0.006719750783
0,55,geom_ind15_r1_chord,ind15,r1_chord,0.06,"chord link, shift 0.2308, offset scale 0.3844",0.2948076302,0.09678286763,0.08604583258,100000,-0.2596003611,0,0,0.006033520269,1.465423362,0,0,0.003949990632,1.925536971,0,0,0.006406088218,-1.946974862,-0.7022674216,0.00163547277,0.005545503673,2.108320283,0.4033985838,0.002181314394,0.004920316304,2.620294155,0.4109025945,0.002275476515,0.006551944586,-0.08476095898,-0.4771104998,0.002553381355,0.005985077615,1.427492018,-0.04721142055,0.002536244493,0.003938966943,1.894535301,-0.1058282492,0.004088406954,0.006699254421,-0.1162358541,-0.3975110163,0.002453037747,0.005925756133,1.419513081,-0.005695731579,0.002329569246,0.003885784278,1.877480821,-0.02434456772,0.003199197786,0.006510893845
0,56,geom_ind15_r2_halfnormal,ind15,r2_halfnormal,0.06,half-normal scale 0.1047,0.08335168862,0.06304424221,0.07849850396,100000,-0.2596003611,0,0,0.006033520269,1.465423362,0,0,0.003949990632,1.925536971,0,0,0.006406088218,-0.3960997294,0.8486077111,0.002007324642,0.005179274313,1.291001326,-0.4139203734,0.002797118484,0.003424446985,1.685038994,-0.5243525664,0.003937930077,0.004970941577,0.7954354399,0.4030858991,0.001841021943,0.006271683635,1.554822403,0.08011896446,0.001989402668,0.004635330136,2.136838732,0.1364751823,0.002949263234,0.008609448867,0.6209011157,0.3396259535,0.001891176052,0.00588599788,1.459717062,0.03450824867,0.001921677716,0.00414635255,1.962136757,0.06031136841,0.002654681721,0.007323816119
0,57,geom_ind15_r2_chord,ind15,r2_chord,0.06,"chord link, offset scale 0.3844",0.08322625439,0.1258209758,0.08604583258,100000,-0.2596003611,0,0,0.006033520269,1.465423362,0,0,0.003949990632,1.925536971,0,0,0.006406088218,-0.396506759,0.8482006814,0.001600580027,0.005583546583,1.367710154,-0.3372115455,0.00266415831,0.003747223846,1.809636891,-0.3997546693,0.00332975239,0.005778715692,0.9460082903,0.5536587495,0.002187091095,0.006411552878,1.628033395,0.1533299562,0.002460268788,0.004853063388,2.237340298,0.2369767481,0.003605365045,0.008913591907,0.7481437801,0.4668686179,0.002273238684,0.005981188579,1.514236096,0.08902728266,0.002370955591,0.004294476117,2.033997302,0.1321719125,0.003271606077,0.007514335768
0,58,geom_ind15_r1_patient,ind15,r1_patient,0.06,"patient-level geometry: plane angle 31.8 deg (SD 15), offset scale 0.3844",0.2943634529,0.1898821109,0.4417997143,100000,-0.2596003611,0,0,0.006033520269,1.465423362,0,0,0.003949990632,1.925536971,0,0,0.006406088218,-1.945523862,-0.7008164218,0.004004472083,0.00665149848,2.230231182,0.5253094827,0.003790954889,0.005688025393,2.865180982,0.6557894212,0.005472386903,0.007926422839,0.141160674,-0.2511888669,0.002738303481,0.006150336934,1.453965365,-0.02073807352,0.002364068776,0.00410920254,1.950013577,-0.05034997296,0.004021610842,0.007264259901,0.07162819427,-0.2096469679,0.002482586545,0.005978288492,1.424770863,-0.0004379500448,0.002143575936,0.003935900999,1.891847824,-0.009977565343,0.003175354632,0.006710356694
0,59,geom_ind15_r1_patient_indoff,ind15,r1_patient_indoff,0.06,"patient-level geometry: plane angle 31.8 deg (SD 15), offset scale 0.3844, independent offsets",0.2941899984,0.1902092712,0.4207862327,100000,-0.2596003611,0,0,0.006033520269,1.465423362,0,0,0.003949990632,1.925536971,0,0,0.006406088218,-1.944124977,-0.6994175367,0.005005665014,0.006611023266,2.226843312,0.5219216129,0.004604649023,0.005649196279,2.854845194,0.6454536336,0.006764167026,0.007772954348,0.146910999,-0.2454385419,0.003281183591,0.006145944516,1.453266816,-0.0214366229,0.002761778785,0.004107116869,1.949053223,-0.05131032626,0.004755356189,0.007233043679,0.07608693316,-0.2051882291,0.002888737992,0.005980498239,1.424438315,-0.0007704977382,0.002446613707,0.003941294704,1.892720099,-0.009105289805,0.003661862194,0.006743310138
0,60,geom_ind15_r1_patient_spanq,ind15,r1_patient_spanq,0.06,"patient-level geometry: plane angle 31.8 deg (SD 15), offset scale 0.3844, span-linked ellipticity",0.2942914609,0.1896336975,0.4417632205,100000,-0.2596003611,0,0,0.006033520269,1.465423362,0,0,0.003949990632,1.925536971,0,0,0.006406088218,-2.072353185,-0.8276457446,0.004673824107,0.007304476614,2.341579909,0.6366582093,0.004424008041,0.006439858098,3.103245435,0.8938538741,0.007128837718,0.009816658508,0.1163718542,-0.2759776866,0.002875968149,0.006123431365,1.452321,-0.02238243883,0.002460024071,0.004066849311,1.939883007,-0.06048054304,0.004362841937,0.006991767631,0.05777829744,-0.2234968648,0.002544033748,0.005989425728,1.428068871,0.002860058472,0.002181974332,0.003938602957,1.894894328,-0.006931061114,0.003282487345,0.006623818047
0,61,geom_ind15_r2_patient,ind15,r2_patient,0.06,"patient-level offset only, offset scale 0.3844",0.08322625439,0.1258209758,0.08604583258,100000,-0.2596003611,0,0,0.006033520269,1.465423362,0,0,0.003949990632,1.925536971,0,0,0.006406088218,-0.396506759,0.8482006814,0.001600580027,0.005583546583,1.367710154,-0.3372115455,0.00266415831,0.003747223846,1.809636891,-0.3997546693,0.00332975239,0.005778715692,0.9460082903,0.5536587495,0.002187091095,0.006411552878,1.628033395,0.1533299562,0.002460268788,0.004853063388,2.237340298,0.2369767481,0.003605365045,0.008913591907,0.7481437801,0.4668686179,0.002273238684,0.005981188579,1.514236096,0.08902728266,0.002370955591,0.004294476117,2.033997302,0.1321719125,0.003271606077,0.007514335768
0,62,geom_ind15_r2_patient_indoff,ind15,r2_patient_indoff,0.06,"patient-level offset only, offset scale 0.3844, independent offsets",0.08316760098,0.1261736224,0.002260545757,100000,-0.2596003611,0,0,0.006033520269,1.465423362,0,0,0.003949990632,1.925536971,0,0,0.006406088218,-0.3945120228,0.8501954176,0.003783380081,0.005525973041,1.36148719,-0.3434345091,0.003797378616,0.003681865276,1.791437134,-0.4179544268,0.005658022291,0.00544779495,0.9577244767,0.5653749358,0.003437203498,0.006402477772,1.627568754,0.1528653148,0.003204912424,0.004865604762,2.239724837,0.2393612869,0.005282750744,0.008917136268,0.7560419591,0.4747667969,0.003147560437,0.005966966501,1.510999749,0.08579093599,0.00288450965,0.004299919778,2.03274021,0.130914821,0.004363075446,0.007668045822
0,63,geom_mid15_r1_halfnormal,mid15,r1_halfnormal,0.06,half-normal scale 0.3761,0.297329492,0.2199213015,0.07412426135,100000,-0.2596003611,0,0,0.006033520269,1.465423362,0,0,0.003949990632,1.925536971,0,0,0.006406088218,-1.966755673,-0.722048233,0.001656584628,0.006661492404,2.245791558,0.5408698588,0.002151877419,0.005711466104,2.881949272,0.6725577116,0.002812837319,0.008161979287,0.220111696,-0.1722378448,0.00102941555,0.006175842926,1.460307756,-0.01439568323,0.001079930933,0.004159366732,1.965328116,-0.03503543419,0.001604285973,0.007434924547,0.1373533998,-0.1439217625,0.001146580525,0.005980820198,1.426641805,0.00143299214,0.001110599873,0.003950392355,1.896272979,-0.005552410193,0.001503289168,0.006714046878
0,64,geom_mid15_r1_chord,mid15,r1_chord,0.06,"chord link, shift 0.1425, offset scale 0.5879",0.3000216273,0.1922446699,0.07049730739,100000,-0.2596003611,0,0,0.006033520269,1.465423362,0,0,0.003949990632,1.925536971,0,0,0.006406088218,-1.984756945,-0.740049505,0.001620776309,0.006361103019,2.213165064,0.5082433643,0.002230859163,0.005556540387,2.825877356,0.6164857953,0.002938856693,0.007890097037,0.05359131292,-0.338758228,0.001703891895,0.005993984508,1.41941581,-0.05528762933,0.001824483987,0.00397604791,1.896212311,-0.1041512384,0.00279979311,0.007000480149,0.0004296156842,-0.2808455465,0.001815463095,0.005876254595,1.400922463,-0.02428634976,0.001799929715,0.003860613445,1.858225622,-0.04359976744,0.002438544969,0.006600484269
0,65,geom_mid15_r2_halfnormal,mid15,r2_halfnormal,0.06,half-normal scale 0.2302,0.1832311961,0.1385698417,0.07845278991,100000,-0.2596003611,0,0,0.006033520269,1.465423362,0,0,0.003949990632,1.925536971,0,0,0.006406088218,-1.129285739,0.1154217017,0.0002726539153,0.005654246435,1.630765939,-0.07415576026,0.0003872370554,0.004257845894,2.114782396,-0.09460916423,0.0005068638235,0.006079688277,0.4299744654,0.0376249245,0.0002185499937,0.00620824985,1.479487622,0.00478418273,0.0002444660196,0.004301407907,2.009745287,0.009381737341,0.0003384029017,0.007896612794,0.3126949117,0.03141974952,0.0004081977153,0.0059406782,1.426149862,0.0009410488974,0.0003594632565,0.003991266798,1.904444424,0.00261903488,0.000473842363,0.00691953151
0,66,geom_mid15_r2_chord,mid15,r2_chord,0.06,"chord link, offset scale 0.5879",0.1836907084,0.2241942272,0.07049730739,100000,-0.2596003611,0,0,0.006033520269,1.465423362,0,0,0.003949990632,1.925536971,0,0,0.006406088218,-1.13221328,0.1124941603,0.001733581825,0.006539184297,1.773116267,0.06819456726,0.001705530608,0.004913288231,2.357532031,0.1481404706,0.002745101019,0.00757783422,0.6928409903,0.3004914494,0.001315821451,0.006381648508,1.560553296,0.0858498572,0.001500412556,0.004601332701,2.133666253,0.1333027036,0.002076933724,0.008443157833,0.5328465215,0.2515713593,0.001533790496,0.006029632206,1.478028647,0.0528198341,0.001562392104,0.004165314132,1.979781683,0.07795629419,0.002057603411,0.00721606202
0,67,geom_mid15_r1_patient,mid15,r1_patient,0.06,"patient-level geometry: plane angle 18.8 deg (SD 15), offset scale 0.5879",0.2994910932,0.2314310666,0.16697904,100000,-0.2596003611,0,0,0.006033520269,1.465423362,0,0,0.003949990632,1.925536971,0,0,0.006406088218,-1.983038133,-0.7383306926,0.003154443273,0.006917973696,2.290547489,0.5856257897,0.003152990641,0.005892075442,2.952664624,0.7432730638,0.004412112644,0.008349692698,0.2448457541,-0.1475037868,0.002148712133,0.006202140356,1.466930084,-0.007773354873,0.001866031876,0.004188912928,1.976503346,-0.02386020391,0.003150598353,0.007525116982,0.1581110591,-0.1231641031,0.00201548231,0.005989024567,1.428691951,0.003483137932,0.001743204685,0.003963155032,1.900474879,-0.001350510235,0.002612598702,0.006722401113
0,68,geom_mid15_r1_patient_indoff,mid15,r1_patient_indoff,0.06,"patient-level geometry: plane angle 18.8 deg (SD 15), offset scale 0.5879, independent offsets",0.2988421401,0.2307875548,0.1228497015,100000,-0.2596003611,0,0,0.006033520269,1.465423362,0,0,0.003949990632,1.925536971,0,0,0.006406088218,-1.982021174,-0.7373137337,0.005302429674,0.006847088224,2.285572848,0.5806511489,0.004838539924,0.00582478622,2.93540845,0.7260168892,0.007097021143,0.008075086466,0.2538692945,-0.1384802464,0.003376851671,0.006190868269,1.464745738,-0.00995770133,0.002799396741,0.004185252352,1.974106452,-0.02625709761,0.004877641842,0.007456120898,0.1652603003,-0.1160148619,0.002962868838,0.005986938742,1.426494242,0.001285428669,0.002481662948,0.003970829409,1.900425919,-0.001399470005,0.003743485554,0.006823874636
0,69,geom_mid15_r1_patient_spanq,mid15,r1_patient_spanq,0.06,"patient-level geometry: plane angle 18.8 deg (SD 15), offset scale 0.5879, span-linked ellipticity",0.2993574827,0.2313236854,0.1660346315,100000,-0.2596003611,0,0,0.006033520269,1.465423362,0,0,0.003949990632,1.925536971,0,0,0.006406088218,-2.063067494,-0.8183600537,0.003702996091,0.007311180292,2.359240272,0.6543185729,0.003651204317,0.006352602185,3.098633531,0.8892419702,0.005768938415,0.009523954047,0.2249802723,-0.1673692686,0.002304866357,0.006182567074,1.465287935,-0.009415504158,0.001972698358,0.004154443391,1.967991733,-0.03237181674,0.003505762503,0.007294612654,0.1461551706,-0.1351199916,0.002099264701,0.005993803999,1.430365946,0.005157132914,0.001802478158,0.003959751238,1.901024473,-0.0008009162251,0.002814243465,0.006679821365
0,70,geom_mid15_r2_patient,mid15,r2_patient,0.06,"patient-level offset only, offset scale 0.5879",0.1836907084,0.2241942272,0.07049730739,100000,-0.2596003611,0,0,0.006033520269,1.465423362,0,0,0.003949990632,1.925536971,0,0,0.006406088218,-1.13221328,0.1124941603,0.001733581825,0.006539184297,1.773116267,0.06819456726,0.001705530608,0.004913288231,2.357532031,0.1481404706,0.002745101019,0.00757783422,0.6928409903,0.3004914494,0.001315821451,0.006381648508,1.560553296,0.0858498572,0.001500412556,0.004601332701,2.133666253,0.1333027036,0.002076933724,0.008443157833,0.5328465215,0.2515713593,0.001533790496,0.006029632206,1.478028647,0.0528198341,0.001562392104,0.004165314132,1.979781683,0.07795629419,0.002057603411,0.00721606202
0,71,geom_mid15_r2_patient_indoff,mid15,r2_patient_indoff,0.06,"patient-level offset only, offset scale 0.5879, independent offsets",0.1830906215,0.2229475328,0.004508083546,100000,-0.2596003611,0,0,0.006033520269,1.465423362,0,0,0.003949990632,1.925536971,0,0,0.006406088218,-1.130594631,0.1141128094,0.004911963685,0.006449419422,1.765380148,0.06045844896,0.004301282361,0.004817841692,2.331888443,0.1224968828,0.006659271055,0.007158418456,0.7087626822,0.3164131414,0.003545321007,0.006368642762,1.558911346,0.08420790709,0.00305290706,0.004613113633,2.135009378,0.1346458279,0.005168268919,0.008491234728,0.545721552,0.2644463898,0.003183897078,0.006016421905,1.474470249,0.04926143618,0.002731356686,0.004175480796,1.979269832,0.0774444431,0.004127240701,0.007439521883
0,72,geom_ind00_r1_halfnormal,ind00,r1_halfnormal,0.06,half-normal scale 0.3676,0.2909280885,0.2158116875,0.07462405772,100000,-0.2596003611,0,0,0.006033520269,1.465423362,0,0,0.003949990632,1.925536971,0,0,0.006406088218,-1.919814466,-0.6751070257,0.001553740424,0.006600427476,2.207685854,0.5027641544,0.002026928236,0.005628821512,2.835878754,0.6264871931,0.002652917824,0.008053490092,0.2289220796,-0.1634274613,0.0009769868882,0.006177482439,1.460863541,-0.01383989792,0.001028708446,0.004164602196,1.966849279,-0.03351427077,0.001521129822,0.007454601473,0.1447532811,-0.1365218811,0.001103604135,0.005979179037,1.426410254,0.001201441006,0.001066898576,0.003951386286,1.896305871,-0.005519517873,0.001445297278,0.006722208709
0,73,geom_ind00_r1_chord,ind00,r1_chord,0.06,"chord link, shift 0.2469, offset scale 0.3336",0.293110543,0.07159900494,0.08755071707,100000,-0.2596003611,0,0,0.006033520269,1.465423362,0,0,0.003949990632,1.925536971,0,0,0.006406088218,-1.933901967,-0.689194527,0.001912462843,0.005396992309,2.087159738,0.3822380383,0.002335072559,0.004792168074,2.579282902,0.3698913417,0.002595044636,0.00623172614,-0.0998152732,-0.4921648141,0.002677824306,0.005987336432,1.429838332,-0.04486510693,0.002622796967,0.003937416466,1.895981802,-0.1043817474,0.004263933598,0.006667544981,-0.1289592581,-0.4102344203,0.002533239983,0.00593488119,1.422970631,-0.002238182344,0.002384269967,0.003891075001,1.881190246,-0.02063514316,0.00329057751,0.006496969519
0,74,geom_ind00_r2_halfnormal,ind00,r2_halfnormal,0.06,half-normal scale 0.0774,0.06156459513,0.04656526234,0.07849850396,100000,-0.2596003611,0,0,0.006033520269,1.465423362,0,0,0.003949990632,1.925536971,0,0,0.006406088218,-0.2361663908,1.00854105,0.002385905596,0.005148018862,1.256910623,-0.4480110759,0.003279725592,0.003355808142,1.644979599,-0.5644119613,0.004691035962,0.004963808516,0.919089152,0.5267396112,0.002262311584,0.00630575677,1.595000889,0.1202974498,0.002431921601,0.004771725983,2.195664353,0.1953008033,0.003636922293,0.008817422454,0.7263776285,0.4451024662,0.002236462673,0.005877845689,1.483413913,0.05820510042,0.002292251353,0.00422137168,1.995619429,0.09379403973,0.003206224585,0.007452129142
0,75,geom_ind00_r2_chord,ind00,r2_chord,0.06,"chord link, offset scale 0.3336",0.06140660897,0.09506769718,0.08755071707,100000,-0.2596003611,0,0,0.006033520269,1.465423362,0,0,0.003949990632,1.925536971,0,0,0.006406088218,-0.2357671009,1.00894034,0.001958281177,0.005388503988,1.304468472,-0.4004532277,0.003140656139,0.003546165809,1.72021935,-0.4891722105,0.004150393609,0.00540009773,1.021924305,0.6295747641,0.002445003016,0.00642048168,1.652957436,0.1782539971,0.002721161683,0.00493386524,2.273003863,0.2726403135,0.004028643375,0.00903264952,0.8130143714,0.5317392092,0.002469928021,0.005966000966,1.528446108,0.1032372947,0.002578607277,0.004340673756,2.054330433,0.152505044,0.00361169238,0.007604708718
0,76,geom_ind00_r1_patient,ind00,r1_patient,0.06,"patient-level geometry: plane angle 32.1 deg (SD 0), offset scale 0.3336",0.2922433101,0.1600540034,0.8080563935,100000,-0.2596003611,0,0,0.006033520269,1.465423362,0,0,0.003949990632,1.925536971,0,0,0.006406088218,-1.925086962,-0.6803795218,0.004075803103,0.006487919469,2.196923964,0.4920022643,0.003845149632,0.005557682619,2.813401433,0.6040098724,0.005608018171,0.007697200592,0.05042179049,-0.3419277504,0.002742224551,0.006093318678,1.443115419,-0.03158801957,0.002430798096,0.004040782961,1.927526519,-0.07283703123,0.004078402839,0.007079380765,-0.00380900981,-0.285084172,0.002490647344,0.005959583642,1.422140304,-0.003068508598,0.002198700003,0.003910466669,1.884580248,-0.01724514127,0.003224345131,0.006636786428
0,77,geom_ind00_r1_patient_indoff,ind00,r1_patient_indoff,0.06,"patient-level geometry: plane angle 32.1 deg (SD 0), offset scale 0.3336, independent offsets",0.2921044508,0.1603292081,0.7901364384,100000,-0.2596003611,0,0,0.006033520269,1.465423362,0,0,0.003949990632,1.925536971,0,0,0.006406088218,-1.923928576,-0.6792211355,0.004828415365,0.006464195198,2.194464585,0.4895428861,0.004459558536,0.005535699741,2.807141132,0.5977495713,0.006588676871,0.007631213122,0.05377451152,-0.3385750293,0.003144937805,0.006088801067,1.441658401,-0.03304503753,0.002716797646,0.004039606219,1.926189105,-0.07417444471,0.004591416967,0.007070746656,-0.002037250565,-0.2833124128,0.002780424736,0.005952798094,1.420050952,-0.005157860503,0.002412815134,0.003907710061,1.882431733,-0.01939365598,0.00358621383,0.006662018749
0,78,geom_ind00_r1_patient_spanq,ind00,r1_patient_spanq,0.06,"patient-level geometry: plane angle 32.1 deg (SD 0), offset scale 0.3336, span-linked ellipticity",0.2920267199,0.1596469663,0.8068673363,100000,-0.2596003611,0,0,0.006033520269,1.465423362,0,0,0.003949990632,1.925536971,0,0,0.006406088218,-2.070192195,-0.8254847546,0.004777357123,0.007224353647,2.324188609,0.6192669094,0.004505616708,0.006405435532,3.08298104,0.8735894796,0.007252608256,0.009769452179,0.02280967641,-0.3695398645,0.002915374103,0.006067883434,1.44151078,-0.03319265866,0.002556314325,0.004005580001,1.918959197,-0.08140435291,0.004515148835,0.006821076096,-0.01879609155,-0.3000712538,0.002574728525,0.005969142763,1.424833171,-0.000375642217,0.002263111382,0.003915673586,1.887692823,-0.01413256571,0.003436492304,0.006570338923
0,79,geom_ind00_r2_patient,ind00,r2_patient,0.06,"patient-level offset only, offset scale 0.3336",0.06140660897,0.09506769718,0.08755071707,100000,-0.2596003611,0,0,0.006033520269,1.465423362,0,0,0.003949990632,1.925536971,0,0,0.006406088218,-0.2357671009,1.00894034,0.001958281177,0.005388503988,1.304468472,-0.4004532277,0.003140656139,0.003546165809,1.72021935,-0.4891722105,0.004150393609,0.00540009773,1.021924305,0.6295747641,0.002445003016,0.00642048168,1.652957436,0.1782539971,0.002721161683,0.00493386524,2.273003863,0.2726403135,0.004028643375,0.00903264952,0.8130143714,0.5317392092,0.002469928021,0.005966000966,1.528446108,0.1032372947,0.002578607277,0.004340673756,2.054330433,0.152505044,0.00361169238,0.007604708718
0,80,geom_ind00_r2_patient_indoff,ind00,r2_patient_indoff,0.06,"patient-level offset only, offset scale 0.3336, independent offsets",0.06138389512,0.09541004873,0.001242879386,100000,-0.2596003611,0,0,0.006033520269,1.465423362,0,0,0.003949990632,1.925536971,0,0,0.006406088218,-0.2343550919,1.010352349,0.003560837471,0.005350094371,1.300410434,-0.4045112656,0.003832051345,0.003501699058,1.707994339,-0.5013972212,0.00564461561,0.005194507713,1.031344053,0.6389945126,0.003425132735,0.006413585534,1.652739914,0.1780364748,0.003275517897,0.004945212427,2.275310388,0.2749468384,0.005348140593,0.009024633083,0.8203373993,0.5390622371,0.003145665349,0.005953870025,1.526672311,0.1014634979,0.002951032804,0.004344036549,2.053722189,0.1518967995,0.004444700708,0.007723284507
0,81,geom_ind15_sd707_r1_halfnormal,ind15_sd707,r1_halfnormal,0.06,half-normal scale 0.3224,0.256153405,0.1922966079,0.07677986734,100000,-0.2596003611,0,0,0.006033520269,1.465423362,0,0,0.003949990632,1.925536971,0,0,0.006406088218,-1.664568533,-0.4198610927,0.0009801961412,0.006270385067,2.006468113,0.3015464136,0.001312284959,0.005173620058,2.588922937,0.3795313761,0.001724591672,0.007427665615,0.2816874322,-0.1106621087,0.0006624121238,0.006186373077,1.464393204,-0.01031023538,0.0007148701629,0.00419761943,1.976469257,-0.0238942931,0.001028940286,0.007571717963,0.188933689,-0.09234147324,0.0008369664366,0.005969802693,1.425403629,0.0001948164412,0.0007990741606,0.003959488464,1.897238709,-0.00458667999,0.001074786907,0.006763435346
0,82,geom_ind15_sd707_r1_chord,ind15_sd707,r1_chord,0.06,"chord link, shift 0.2121, offset scale 0.3226",0.2570293093,0.06964851618,0.08787503045,100000,-0.2596003611,0,0,0.006033520269,1.465423362,0,0,0.003949990632,1.925536971,0,0,0.006406088218,-1.669382266,-0.4246748254,0.001789340142,0.005298288651,1.886640527,0.1817188278,0.001976512276,0.004510657611,2.365162857,0.1557712966,0.00237066111,0.005960462604,-0.02882201222,-0.4211715531,0.002388829576,0.005976229569,1.419925093,-0.0547783458,0.002366301198,0.003944813394,1.890060047,-0.1103035031,0.003785428312,0.006817728245,-0.07006826754,-0.3513434298,0.002333769072,0.00589521731,1.408116925,-0.01709188833,0.002206989729,0.003869696658,1.8655384,-0.0362869891,0.003017423918,0.006560813435
0,83,geom_ind15_sd707_r2_halfnormal,ind15_sd707,r2_halfnormal,0.06,half-normal scale 0.0719,0.05721739114,0.0432771924,0.07849850396,100000,-0.2596003611,0,0,0.006033520269,1.465423362,0,0,0.003949990632,1.925536971,0,0,0.006406088218,-0.2042547065,1.040452734,0.002461445795,0.005145095111,1.252111128,-0.4528105714,0.003372876628,0.003348317217,1.639784706,-0.5696068542,0.004838277097,0.004974068764,0.9462779054,0.5539283645,0.00234979658,0.006314695001,1.604958059,0.1302546199,0.002523504279,0.004803198929,2.209737381,0.2093738317,0.003778554542,0.008860758401,0.7498870027,0.4686118405,0.00230917506,0.005878599214,1.489779236,0.06457042277,0.002369258128,0.004241066666,2.004517107,0.1026917176,0.003324745752,0.007485078265
0,84,geom_ind15_sd707_r2_chord,ind15_sd707,r2_chord,0.06,"chord link, offset scale 0.3226",0.05706022562,0.08839427578,0.08787503045,100000,-0.2596003611,0,0,0.006033520269,1.465423362,0,0,0.003949990632,1.925536971,0,0,0.006406088218,-0.2038063324,1.040901108,0.002044927745,0.005354399452,1.293893478,-0.4110282213,0.003240416153,0.003513288647,1.705423027,-0.5039685337,0.004335847893,0.005345248648,1.038962336,0.6466127951,0.002501465389,0.006422641093,1.658908883,0.1842054444,0.002777789264,0.004952251193,2.281322719,0.2809591689,0.004119345742,0.009057678031,0.8273998228,0.5461246606,0.00251270394,0.005962740616,1.531795253,0.1065864396,0.002623468055,0.004351556869,2.059121774,0.1572963845,0.003685730457,0.007626537778
0,85,geom_ind15_sd707_r1_patient,ind15_sd707,r1_patient,0.06,"patient-level geometry: plane angle 30.2 deg (SD 15), offset scale 0.3226",0.255836281,0.223469366,0.6930305265,100000,-0.2596003611,0,0,0.006033520269,1.465423362,0,0,0.003949990632,1.925536971,0,0,0.006406088218,-1.662822022,-0.418114582,0.005342279424,0.007314154569,2.118474536,0.4135528369,0.004826776523,0.006022218192,2.848615328,0.6392237676,0.007963224516,0.009244475304,0.3281819388,-0.06416760204,0.002924021113,0.006280191203,1.487616088,0.01291264929,0.002443008681,0.004288077495,2.012894458,0.0125309081,0.004217111279,0.007750316697,0.227459011,-0.05381615117,0.00263920964,0.006018152559,1.437649275,0.01244046167,0.002223470667,0.004008363801,1.916642222,0.01481683271,0.003357926433,0.006899651281
0,86,geom_ind15_sd707_r1_patient_indoff,ind15_sd707,r1_patient_indoff,0.06,"patient-level geometry: plane angle 30.2 deg (SD 15), offset scale 0.3226, independent offsets",0.2557002447,0.2236696264,0.6843141665,100000,-0.2596003611,0,0,0.006033520269,1.465423362,0,0,0.003949990632,1.925536971,0,0,0.006406088218,-1.661869887,-0.4171624464,0.005917519632,0.007291171909,2.115521696,0.4105999963,0.005278495317,0.006002067245,2.842160647,0.632769086,0.008560554713,0.009188520654,0.3332843954,-0.0590651455,0.003422338566,0.006275103962,1.486536221,0.01183278225,0.002818482305,0.004288310317,2.012146139,0.01178258925,0.004924962188,0.00774864475,0.2307062201,-0.05056894213,0.003009600187,0.006014456264,1.436578102,0.01136928917,0.002500261806,0.004008512226,1.915869933,0.0140445443,0.003851545058,0.006948596324
0,87,geom_ind15_sd707_r1_patient_spanq,ind15_sd707,r1_patient_spanq,0.06,"patient-level geometry: plane angle 30.2 deg (SD 15), offset scale 0.3226, span-linked ellipticity",0.2553061929,0.2226327617,0.6917928982,100000,-0.2596003611,0,0,0.006033520269,1.465423362,0,0,0.003949990632,1.925536971,0,0,0.006406088218,-2.039870622,-0.7951631811,0.007195213999,0.009365060191,2.435436573,0.7305148737,0.006593936923,0.008366682967,3.596028321,1.386636761,0.01239272008,0.01483043641,0.2443569965,-0.1479925443,0.003166316148,0.006172631077,1.475225834,0.000522395305,0.002585084196,0.004115258625,1.967183185,-0.03318036508,0.004797947875,0.006861626142,0.1769802572,-0.104294905,0.002726976162,0.006023143683,1.442097321,0.01688850771,0.002260454698,0.003974270787,1.912880476,0.01105508715,0.003466588829,0.006581029927
0,88,geom_ind15_sd707_r2_patient,ind15_sd707,r2_patient,0.06,"patient-level offset only, offset scale 0.3226",0.05706022562,0.08839427578,0.08787503045,100000,-0.2596003611,0,0,0.006033520269,1.465423362,0,0,0.003949990632,1.925536971,0,0,0.006406088218,-0.2038063324,1.040901108,0.002044927745,0.005354399452,1.293893478,-0.4110282213,0.003240416153,0.003513288647,1.705423027,-0.5039685337,0.004335847893,0.005345248648,1.038962336,0.6466127951,0.002501465389,0.006422641093,1.658908883,0.1842054444,0.002777789264,0.004952251193,2.281322719,0.2809591689,0.004119345742,0.009057678031,0.8273998228,0.5461246606,0.00251270394,0.005962740616,1.531795253,0.1065864396,0.002623468055,0.004351556869,2.059121774,0.1572963845,0.003685730457,0.007626537778
0,89,geom_ind15_sd707_r2_patient_indoff,ind15_sd707,r2_patient_indoff,0.06,"patient-level offset only, offset scale 0.3226, independent offsets",0.05705771762,0.08883515883,0.001284850845,100000,-0.2596003611,0,0,0.006033520269,1.465423362,0,0,0.003949990632,1.925536971,0,0,0.006406088218,-0.202590658,1.042116782,0.003523489544,0.005320570281,1.290401676,-0.4145200237,0.003850030044,0.003473812115,1.694656743,-0.5147348172,0.005665452763,0.005164235298,1.047758196,0.6554086554,0.003423696592,0.006416478697,1.658774159,0.18407072,0.00329263393,0.004963233701,2.283610289,0.2832467395,0.005363381327,0.009047017008,0.8346052758,0.5533301136,0.003146855824,0.00595111038,1.530387388,0.1051785747,0.002967132648,0.004354348896,2.058665108,0.1568397188,0.004462027881,0.007735629661
0,90,geom_mid15_sd707_r1_halfnormal,mid15_sd707,r1_halfnormal,0.06,half-normal scale 0.3389,0.2689008093,0.2011332902,0.0761079048,100000,-0.2596003611,0,0,0.006033520269,1.465423362,0,0,0.003949990632,1.925536971,0,0,0.006406088218,-1.758148721,-0.5134412808,0.00119300504,0.006390322508,2.078996243,0.3740745434,0.00158100851,0.005340853315,2.678557124,0.4691655632,0.002076016356,0.007662291825,0.2613208934,-0.1310286475,0.0007838957615,0.00618314401,1.46300018,-0.01170325873,0.0008381572025,0.004184525476,1.972657437,-0.02770611306,0.001218395707,0.00752669591,0.1717445445,-0.1095306177,0.0009399451335,0.005974945224,1.425969594,0.0007607807317,0.0009046431492,0.003957377806,1.897223638,-0.004601751427,0.001224567121,0.00675185114
0,91,geom_mid15_sd707_r1_chord,mid15_sd707,r1_chord,0.06,"chord link, shift 0.1528, offset scale 0.4973",0.2702928355,0.159080247,0.07904351804,100000,-0.2596003611,0,0,0.006033520269,1.465423362,0,0,0.003949990632,1.925536971,0,0,0.006406088218,-1.766908521,-0.522201081,0.001204724583,0.005969377496,2.021107284,0.3161855846,0.001689657042,0.00509943939,2.585590234,0.3761986733,0.002138807379,0.00725546303,0.0597670717,-0.3325824692,0.001764972265,0.005986235096,1.416541153,-0.05816228602,0.001848499814,0.003975505372,1.893947552,-0.1064159977,0.002860039303,0.007020073992,0.004659810746,-0.2766153515,0.001847169635,0.005866449505,1.397653392,-0.0275554207,0.001806767454,0.00385757716,1.855130798,-0.04669459085,0.002445157415,0.006613301048
0,92,geom_mid15_sd707_r2_halfnormal,mid15_sd707,r2_halfnormal,0.06,half-normal scale 0.1738,0.1383429994,0.1046377069,0.07849850396,100000,-0.2596003611,0,0,0.006033520269,1.465423362,0,0,0.003949990632,1.925536971,0,0,0.006406088218,-0.7997765176,0.4449309229,0.001051905136,0.00537723948,1.445876081,-0.2590456179,0.001493319774,0.003795445651,1.87911788,-0.3302736809,0.002013146947,0.005402292597,0.5618683024,0.1695187615,0.0008925763514,0.006228391927,1.500061862,0.02535842331,0.0009814002564,0.004409963326,2.048156194,0.04779264464,0.001403791613,0.008172527135,0.4235917586,0.1423165964,0.001072736188,0.005917761324,1.432984074,0.007775260619,0.001053585341,0.004034795894,1.918693531,0.0168681421,0.001401109955,0.007059035317
0,93,geom_mid15_sd707_r2_chord,mid15_sd707,r2_chord,0.06,"chord link, offset scale 0.4973",0.138647464,0.1877796749,0.07904351804,100000,-0.2596003611,0,0,0.006033520269,1.465423362,0,0,0.003949990632,1.925536971,0,0,0.006406088218,-0.8021352524,0.442572188,0.001380813789,0.006124743793,1.574392732,-0.1305289675,0.001813094787,0.004377143806,2.096337784,-0.1130537768,0.002417929134,0.006839860925,0.7950268463,0.4026773054,0.001656351282,0.006395019447,1.584994236,0.1102907976,0.001895762689,0.004700499471,2.17293676,0.1725732101,0.002686043486,0.008642465562,0.6199001131,0.3386249509,0.001838637158,0.006006966911,1.489493348,0.06428453519,0.001907361111,0.004211926542,1.998150448,0.09632505907,0.002551047998,0.00733548372
0,94,geom_mid15_sd707_r1_patient,mid15_sd707,r1_patient,0.06,"patient-level geometry: plane angle 20.1 deg (SD 15), offset scale 0.4973",0.2692276318,0.2372126051,0.3798065293,100000,-0.2596003611,0,0,0.006033520269,1.465423362,0,0,0.003949990632,1.925536971,0,0,0.006406088218,-1.761440689,-0.5167332489,0.004187352324,0.007192941127,2.173076596,0.468154897,0.003846006148,0.005961740869,2.876884038,0.6674924776,0.006234730204,0.008915846652,0.3469744003,-0.04537514059,0.002352222891,0.006274288168,1.487519884,0.01281644547,0.001994186605,0.004294559473,2.014204823,0.01384127343,0.003332935823,0.007775580022,0.244330209,-0.03694495326,0.002186644455,0.00601395461,1.438234275,0.01302546201,0.001862142581,0.004009893188,1.917400868,0.0155754788,0.002780703314,0.006840813526
0,95,geom_mid15_sd707_r1_patient_indoff,mid15_sd707,r1_patient_indoff,0.06,"patient-level geometry: plane angle 20.1 deg (SD 15), offset scale 0.4973, independent offsets",0.2685633846,0.2367781469,0.3469054252,100000,-0.2596003611,0,0,0.006033520269,1.465423362,0,0,0.003949990632,1.925536971,0,0,0.006406088218,-1.759361716,-0.5146542758,0.005703459821,0.007130657727,2.16597814,0.4610564412,0.005100362699,0.00590635619,2.860057825,0.6506662647,0.007995974147,0.008730156964,0.3553249207,-0.03702462013,0.003443425328,0.006261027879,1.484769165,0.01006572571,0.00283976606,0.004291552813,2.011532652,0.01116910204,0.004940101417,0.007753621989,0.2493011169,-0.03197404531,0.003028492955,0.006000636061,1.434094757,0.008885944537,0.002518630268,0.004007825648,1.913864769,0.01203937975,0.003863809492,0.006952350285
0,96,geom_mid15_sd707_r1_patient_spanq,mid15_sd707,r1_patient_spanq,0.06,"patient-level geometry: plane angle 20.1 deg (SD 15), offset scale 0.4973, span-linked ellipticity",0.2685644259,0.2366116762,0.3767415739,100000,-0.2596003611,0,0,0.006033520269,1.465423362,0,0,0.003949990632,1.925536971,0,0,0.006406088218,-2.03904214,-0.7943346994,0.006014016632,0.008815856556,2.408099474,0.7031777745,0.005589716867,0.007829856986,3.453917748,1.244526187,0.01103907949,0.0139198665,0.2819723745,-0.1103771664,0.002696879149,0.0061901341,1.477723225,0.003019785791,0.002210571747,0.004156437738,1.977687063,-0.02267648654,0.004207328319,0.007025399538,0.2043046671,-0.07697049513,0.002356787706,0.006018684155,1.440940579,0.0157317662,0.00196647925,0.003984803877,1.914199589,0.01237420037,0.00313906104,0.006635753468
0,97,geom_mid15_sd707_r2_patient,mid15_sd707,r2_patient,0.06,"patient-level offset only, offset scale 0.4973",0.138647464,0.1877796749,0.07904351804,100000,-0.2596003611,0,0,0.006033520269,1.465423362,0,0,0.003949990632,1.925536971,0,0,0.006406088218,-0.8021352524,0.442572188,0.001380813789,0.006124743793,1.574392732,-0.1305289675,0.001813094787,0.004377143806,2.096337784,-0.1130537768,0.002417929134,0.006839860925,0.7950268463,0.4026773054,0.001656351282,0.006395019447,1.584994236,0.1102907976,0.001895762689,0.004700499471,2.17293676,0.1725732101,0.002686043486,0.008642465562,0.6199001131,0.3386249509,0.001838637158,0.006006966911,1.489493348,0.06428453519,0.001907361111,0.004211926542,1.998150448,0.09632505907,0.002551047998,0.00733548372
0,98,geom_mid15_sd707_r2_patient_indoff,mid15_sd707,r2_patient_indoff,0.06,"patient-level offset only, offset scale 0.4973, independent offsets",0.1380361099,0.1866839216,0.004507934207,100000,-0.2596003611,0,0,0.006033520269,1.465423362,0,0,0.003949990632,1.925536971,0,0,0.006406088218,-0.7994936342,0.4452138063,0.004427047187,0.006042999044,1.565859542,-0.1390621575,0.003993116647,0.004288402481,2.071457771,-0.1379337895,0.006167002346,0.006434545864,0.8098211777,0.4174716368,0.003492747845,0.006380804495,1.58331428,0.1086108408,0.003102940786,0.004712084805,2.174220832,0.1738572821,0.005200119481,0.008673582307,0.6305119169,0.3492367547,0.003166250082,0.005993785059,1.486192774,0.06098396068,0.00278335475,0.004220549891,1.997512274,0.09568688516,0.004225180699,0.007535932397
0,99,geom_ind00_sd707_r1_halfnormal,ind00_sd707,r1_halfnormal,0.06,half-normal scale 0.3151,0.2503903232,0.1882244081,0.07704407991,100000,-0.2596003611,0,0,0.006033520269,1.465423362,0,0,0.003949990632,1.925536971,0,0,0.006406088218,-1.622260894,-0.3775534532,0.0008831254539,0.006216792541,1.974207497,0.2692857981,0.001188123899,0.005098110882,2.548831636,0.3394400753,0.001561426711,0.007319779051,0.2913324482,-0.1010170927,0.0006049004758,0.00618784089,1.465075275,-0.009628163766,0.0006555560886,0.004203981334,1.978326008,-0.02203754162,0.0009394966498,0.007593077685,0.1971764178,-0.08409874444,0.0007891204391,0.005967348825,1.425156988,-5.182493351e-05,0.0007497018491,0.003960696122,1.897305492,-0.004519896967,0.001001416857,0.006771255267
0,100,geom_ind00_sd707_r1_chord,ind00_sd707,r1_chord,0.06,"chord link, shift 0.2235, offset scale 0.2601",0.2512751063,0.04212267971,0.08867347449,100000,-0.2596003611,0,0,0.006033520269,1.465423362,0,0,0.003949990632,1.925536971,0,0,0.006406088218,-1.62677407,-0.3820666299,0.002162857296,0.005177197639,1.845236522,0.1403148229,0.002238716955,0.004383863602,2.30796547,0.09857390973,0.002960597991,0.005697369108,-0.03463902493,-0.4269885658,0.002508760662,0.005974802093,1.419938201,-0.05476523771,0.002449259592,0.003943071418,1.889706371,-0.1106571788,0.003939780877,0.006800406479,-0.07590193705,-0.3571770993,0.002419395523,0.005895889002,1.408522365,-0.01668644776,0.002266595031,0.003870344663,1.865978846,-0.03584654283,0.003107957013,0.006553749044
0,101,geom_ind00_sd707_r2_halfnormal,ind00_sd707,r2_halfnormal,0.06,half-normal scale 0.0450,0.03585058137,0.02711610014,0.07849850396,100000,-0.2596003611,0,0,0.006033520269,1.465423362,0,0,0.003949990632,1.925536971,0,0,0.006406088218,-0.04740656044,1.19730088,0.002832736279,0.005146845257,1.238546308,-0.4663753913,0.003814351325,0.003342509114,1.628257505,-0.5811340557,0.005539656642,0.005077521813,1.092929898,0.7005803567,0.002796843345,0.006373225627,1.665694349,0.1909909103,0.002988890422,0.00498170933,2.292652532,0.2922889823,0.004493720702,0.009084152705,0.8738968763,0.5926217141,0.002676897099,0.00589303787,1.530545472,0.1053366595,0.002756528098,0.004351896198,2.058263966,0.1564385774,0.003920276765,0.007643681091
0,102,geom_ind00_sd707_r2_chord,ind00_sd707,r2_chord,0.06,"chord link, offset scale 0.2601",0.03576792784,0.05424694581,0.08867347449,100000,-0.2596003611,0,0,0.006033520269,1.465423362,0,0,0.003949990632,1.925536971,0,0,0.006406088218,-0.04719387403,1.197513566,0.002530805213,0.005227962158,1.255529739,-0.4493919607,0.003737776263,0.003404431565,1.653892004,-0.5554995561,0.005279207252,0.005212234612,1.136597982,0.7442484411,0.002818566468,0.006439271193,1.696130746,0.2214273068,0.003088916717,0.005061028518,2.332002328,0.3316387784,0.004609896734,0.009190796116,0.9116912876,0.6304161254,0.002751879031,0.005952842837,1.556035955,0.1308271419,0.002870720623,0.004419899314,2.091597321,0.1897719317,0.004081204006,0.007733065291
0,103,geom_ind00_sd707_r1_patient,ind00_sd707,r1_patient,0.06,"patient-level geometry: plane angle 30.0 deg (SD 0), offset scale 0.2601",0.2496708666,0.2133750112,0.9613470382,100000,-0.2596003611,0,0,0.006033520269,1.465423362,0,0,0.003949990632,1.925536971,0,0,0.006406088218,-1.612917145,-0.3682097043,0.005701076224,0.007391625243,2.097114476,0.3921927769,0.005121628944,0.006055746857,2.839904832,0.6305132711,0.008484098253,0.00941685016,0.2910434386,-0.1013061023,0.003052831163,0.006272353303,1.483031866,0.008328427417,0.002545858487,0.004265610408,2.004721561,0.004358011039,0.004389715495,0.007722697408,0.1965966753,-0.08467848687,0.002735005056,0.006009884659,1.434024686,0.008815873168,0.002294930054,0.003992586425,1.910624373,0.00879898422,0.003462647344,0.006915266807
0,104,geom_ind00_sd707_r1_patient_indoff,ind00_sd707,r1_patient_indoff,0.06,"patient-level geometry: plane angle 30.0 deg (SD 0), offset scale 0.2601, independent offsets",0.2495938198,0.2134786654,0.9573352101,100000,-0.2596003611,0,0,0.006033520269,1.465423362,0,0,0.003949990632,1.925536971,0,0,0.006406088218,-1.61244038,-0.3677329399,0.006041487753,0.007381924007,2.096468243,0.3915465435,0.005370083365,0.006044871495,2.83710939,0.6277178295,0.008810504726,0.009400129772,0.2939944056,-0.09835513529,0.003382801828,0.006269886191,1.482108388,0.007404949264,0.00279376091,0.004267216444,2.004380374,0.004016824165,0.004837600152,0.00771874084,0.1983031711,-0.08297199114,0.002978979254,0.006005555958,1.432956221,0.007747407776,0.002477656655,0.003990752703,1.909439268,0.007613878814,0.003790929852,0.006939665763
0,105,geom_ind00_sd707_r1_patient_spanq,ind00_sd707,r1_patient_spanq,0.06,"patient-level geometry: plane angle 30.0 deg (SD 0), offset scale 0.2601, span-linked ellipticity",0.2488133331,0.2121482086,0.9606935395,100000,-0.2596003611,0,0,0.006033520269,1.465423362,0,0,0.003949990632,1.925536971,0,0,0.006406088218,-2.033855144,-0.7891477033,0.007611131162,0.009627904315,2.448641762,0.743720063,0.006936891115,0.008608342362,3.661437996,1.452046435,0.01282799007,0.01521268607,0.192830744,-0.1995187969,0.003269245633,0.006150976449,1.469860925,-0.004842513923,0.002680956559,0.004074460027,1.954634746,-0.04572880407,0.004911124237,0.006736633791,0.1379393381,-0.1433358241,0.002800971989,0.006025956991,1.442419791,0.01721097803,0.00232671843,0.003961877784,1.910551416,0.008726027313,0.003554210068,0.00655510953
0,106,geom_ind00_sd707_r2_patient,ind00_sd707,r2_patient,0.06,"patient-level offset only, offset scale 0.2601",0.03576792784,0.05424694581,0.08867347449,100000,-0.2596003611,0,0,0.006033520269,1.465423362,0,0,0.003949990632,1.925536971,0,0,0.006406088218,-0.04719387403,1.197513566,0.002530805213,0.005227962158,1.255529739,-0.4493919607,0.003737776263,0.003404431565,1.653892004,-0.5554995561,0.005279207252,0.005212234612,1.136597982,0.7442484411,0.002818566468,0.006439271193,1.696130746,0.2214273068,0.003088916717,0.005061028518,2.332002328,0.3316387784,0.004609896734,0.009190796116,0.9116912876,0.6304161254,0.002751879031,0.005952842837,1.556035955,0.1308271419,0.002870720623,0.004419899314,2.091597321,0.1897719317,0.004081204006,0.007733065291
0,107,geom_ind00_sd707_r2_patient_indoff,ind00_sd707,r2_patient_indoff,0.06,"patient-level offset only, offset scale 0.2601, independent offsets",0.03575964894,0.05445745436,0.001340441741,100000,-0.2596003611,0,0,0.006033520269,1.465423362,0,0,0.003949990632,1.925536971,0,0,0.006406088218,-0.04658016333,1.198127277,0.003395803282,0.005212249416,1.253626953,-0.4512947462,0.004004375055,0.00338722287,1.648907803,-0.560483758,0.005882956027,0.005114003603,1.141817991,0.7494684497,0.003429979326,0.006436269741,1.696048095,0.2213446562,0.003402265865,0.005069230979,2.333723145,0.3333595948,0.005455747336,0.00916560123,0.9153429895,0.6340678273,0.003162159936,0.005944380629,1.555069985,0.1298611719,0.003068306552,0.00441945747,2.090785393,0.1889600039,0.004583753506,0.007804310497
0,108,geom_ind15_r1_halfnormal,ind15,r1_halfnormal,0.125,half-normal scale 0.3699,0.2926205573,0.2169045783,0.07449510816,100000,-0.8287523349,-0.5691519738,0.001686760687,0.006431295897,1.681020431,0.2155970688,0.002198669839,0.004468932809,2.196120617,0.2705836455,0.003297265641,0.006598626739,-2.121946192,-0.8772387515,0.001851745117,0.00676336248,2.361044222,0.6561225229,0.002481633754,0.005918126653,3.012792244,0.8034006829,0.003167298915,0.00840926563,-0.09522541212,-0.487574953,0.001479639124,0.006415899172,1.518285673,0.04358223395,0.001971873568,0.004266415066,2.031108794,0.03074524448,0.002888349501,0.007206171734,-0.2224287346,-0.5037038968,0.001695981359,0.006219571645,1.493509682,0.06830086926,0.002085636674,0.004107540268,1.979328928,0.07750353861,0.003123097602,0.006545991007
0,109,geom_ind15_r1_chord,ind15,r1_chord,0.125,"chord link, shift 0.2308, offset scale 0.3844",0.2948076302,0.09678286763,0.08604583258,100000,-0.8287523349,-0.5691519738,0.001686760687,0.006431295897,1.681020431,0.2155970688,0.002198669839,0.004468932809,2.196120617,0.2705836455,0.003297265641,0.006598626739,-2.136692187,-0.8919847462,0.001841899352,0.005701312428,2.267032656,0.5621109568,0.002515202662,0.005173496919,2.795696217,0.586304656,0.002616498004,0.006852946623,-0.5023702755,-0.8947198164,0.00264859304,0.006145217481,1.525379317,0.05067587786,0.003324175377,0.004125461038,2.007164148,0.00680059864,0.005097741581,0.006456495745,-0.5581746685,-0.8394498308,0.00263001104,0.006089142409,1.525517977,0.100309164,0.003173868732,0.004113513381,2.004816054,0.1029906651,0.004480638207,0.006337372668
0,110,geom_ind15_r2_halfnormal,ind15,r2_halfnormal,0.125,half-normal scale 0.1047,0.08335168862,0.06304424221,0.07849850396,100000,-0.8287523349,-0.5691519738,0.001686760687,0.006431295897,1.681020431,0.2155970688,0.002198669839,0.004468932809,2.196120617,0.2705836455,0.003297265641,0.006598626739,-0.585817054,0.6588903865,0.001889159326,0.005234403837,1.348754814,-0.3561668857,0.002370414551,0.003555173226,1.755862345,-0.4535292157,0.003347044161,0.005063785491,0.6523233906,0.2599738497,0.002332078276,0.006320730904,1.531134762,0.05643132296,0.00222318547,0.004556640071,2.102534131,0.1021705808,0.003348427219,0.008455776214,0.4154522799,0.1341771176,0.002536727865,0.00594056441,1.434129139,0.008920325607,0.002257051093,0.00405571932,1.923953185,0.02212779582,0.003247393918,0.007045240953
0,111,geom_ind15_r2_chord,ind15,r2_chord,0.125,"chord link, offset scale 0.3844",0.08322625439,0.1258209758,0.08604583258,100000,-0.8287523349,-0.5691519738,0.001686760687,0.006431295897,1.681020431,0.2155970688,0.002198669839,0.004468932809,2.196120617,0.2705836455,0.003297265641,0.006598626739,-0.5862240836,0.6584833568,0.001497294697,0.00564717255,1.421551085,-0.2833706141,0.00220781134,0.003888303225,1.87954318,-0.3298483804,0.002738640818,0.005975212145,0.8175109482,0.4251614073,0.002655863774,0.00649230993,1.607614965,0.1329115257,0.002644488253,0.004794671978,2.209816921,0.209453371,0.003966440905,0.008795285333,0.5549766472,0.273701485,0.002884674344,0.006084535049,1.491430717,0.06622190418,0.002628857497,0.004225838387,2.002528086,0.1007026966,0.003799530033,0.007290295359
0,112,geom_ind15_r1_patient,ind15,r1_patient,0.125,"patient-level geometry: plane angle 31.8 deg (SD 15), offset scale 0.3844",0.2943634529,0.1898821109,0.4417997143,100000,-0.8287523349,-0.5691519738,0.001686760687,0.006431295897,1.681020431,0.2155970688,0.002198669839,0.004468932809,2.196120617,0.2705836455,0.003297265641,0.006598626739,-2.135241187,-0.8905337464,0.004091275631,0.006780833431,2.372480822,0.6675591223,0.003975826708,0.005940159245,3.026083136,0.8166915758,0.005664506605,0.008234812317,-0.2083810532,-0.6007305941,0.003207707387,0.006395340353,1.525659394,0.05095595466,0.003075081971,0.004249471801,2.033081303,0.03271775359,0.004967772133,0.007043498909,-0.3140093266,-0.5952844888,0.003022624704,0.006208500155,1.502921448,0.07771263505,0.002952380251,0.004116254115,1.988243126,0.08641773727,0.0044639741,0.006542752984
0,113,geom_ind15_r1_patient_indoff,ind15,r1_patient_indoff,0.125,"patient-level geometry: plane angle 31.8 deg (SD 15), offset scale 0.3844, independent offsets",0.2941899984,0.1902092712,0.4207862327,100000,-0.8287523349,-0.5691519738,0.001686760687,0.006431295897,1.681020431,0.2155970688,0.002198669839,0.004468932809,2.196120617,0.2705836455,0.003297265641,0.006598626739,-2.133842302,-0.8891348613,0.005056190339,0.006726703317,2.36820063,0.6632789309,0.004744950506,0.005890460037,3.012987134,0.8035955737,0.006884374078,0.008040759123,-0.1975460617,-0.5898956026,0.003755992868,0.006372451528,1.520684058,0.04598061906,0.003405425513,0.00422768915,2.024795715,0.02443216489,0.005592112665,0.006984238537,-0.3071147989,-0.5883899612,0.003404974301,0.006187564392,1.497254287,0.07204547422,0.003185665292,0.004100149919,1.980625286,0.07879989728,0.004812805089,0.006556299847
0,114,geom_ind15_r1_patient_spanq,ind15,r1_patient_spanq,0.125,"patient-level geometry: plane angle 31.8 deg (SD 15), offset scale 0.3844, span-linked ellipticity",0.2942914609,0.1896336975,0.4417632205,100000,-0.8287523349,-0.5691519738,0.001686760687,0.006431295897,1.681020431,0.2155970688,0.002198669839,0.004468932809,2.196120617,0.2705836455,0.003297265641,0.006598626739,-2.26207051,-1.017363069,0.004821199994,0.007469219944,2.487615278,0.7826935785,0.004654945821,0.006713901373,3.270448266,1.061056705,0.007391124746,0.01014576331,-0.2480543279,-0.6404038687,0.003411856828,0.006418579953,1.534684598,0.05998115922,0.003223853459,0.004273251756,2.044824348,0.04446079776,0.005477079349,0.006897389705,-0.3398937812,-0.6211689434,0.003154532531,0.006274073247,1.516746267,0.09153745448,0.003052616715,0.004184956635,2.012930185,0.1111047959,0.004758787152,0.006619083096
0,115,geom_ind15_r2_patient,ind15,r2_patient,0.125,"patient-level offset only, offset scale 0.3844",0.08322625439,0.1258209758,0.08604583258,100000,-0.8287523349,-0.5691519738,0.001686760687,0.006431295897,1.681020431,0.2155970688,0.002198669839,0.004468932809,2.196120617,0.2705836455,0.003297265641,0.006598626739,-0.5862240836,0.6584833568,0.001497294697,0.00564717255,1.421551085,-0.2833706141,0.00220781134,0.003888303225,1.87954318,-0.3298483804,0.002738640818,0.005975212145,0.8175109482,0.4251614073,0.002655863774,0.00649230993,1.607614965,0.1329115257,0.002644488253,0.004794671978,2.209816921,0.209453371,0.003966440905,0.008795285333,0.5549766472,0.273701485,0.002884674344,0.006084535049,1.491430717,0.06622190418,0.002628857497,0.004225838387,2.002528086,0.1007026966,0.003799530033,0.007290295359
0,116,geom_ind15_r2_patient_indoff,ind15,r2_patient_indoff,0.125,"patient-level offset only, offset scale 0.3844, independent offsets",0.08316760098,0.1261736224,0.002260545757,100000,-0.8287523349,-0.5691519738,0.001686760687,0.006431295897,1.681020431,0.2155970688,0.002198669839,0.004468932809,2.196120617,0.2705836455,0.003297265641,0.006598626739,-0.5842293474,0.660478093,0.003705388132,0.005566582865,1.412900636,-0.292021063,0.003564382604,0.003799610049,1.854717613,-0.3546739479,0.005386656433,0.005564100768,0.8347781819,0.442428641,0.003766000367,0.006460485646,1.603140273,0.1284368337,0.003356355809,0.004796420149,2.206943668,0.2065801181,0.00559396582,0.008798098621,0.5675740013,0.2862988391,0.003588082272,0.006050224639,1.48505716,0.05984834753,0.003086174794,0.004215742477,1.995651638,0.093826249,0.004787173694,0.007440322199
0,117,geom_mid15_r1_halfnormal,mid15,r1_halfnormal,0.125,half-normal scale 0.3761,0.297329492,0.2199213015,0.07412426135,100000,-0.8287523349,-0.5691519738,0.001686760687,0.006431295897,1.681020431,0.2155970688,0.002198669839,0.004468932809,2.196120617,0.2705836455,0.003297265641,0.006598626739,-2.156472998,-0.9117655575,0.001924425242,0.006809489797,2.390138876,0.6852171768,0.002567514549,0.005978725993,3.047498081,0.83810652,0.003278885541,0.008489016963,-0.1044310718,-0.4967806126,0.001503165323,0.006417530624,1.519473131,0.04476969184,0.002003706957,0.004266795291,2.032076425,0.03171287483,0.002941580907,0.007193769709,-0.229990935,-0.5112660972,0.001710133971,0.006223208372,1.4952044,0.06999558733,0.002108401147,0.004111046153,1.981335243,0.07950985402,0.003153574118,0.006544665918
0,118,geom_mid15_r1_chord,mid15,r1_chord,0.125,"chord link, shift 0.1425, offset scale 0.5879",0.3000216273,0.1922446699,0.07049730739,100000,-0.8287523349,-0.5691519738,0.001686760687,0.006431295897,1.681020431,0.2155970688,0.002198669839,0.004468932809,2.196120617,0.2705836455,0.003297265641,0.006598626739,-2.17447427,-0.9297668296,0.001883143392,0.006512869965,2.362910958,0.6579892587,0.002628287529,0.005819561087,2.99500308,0.7856115198,0.00332498023,0.008193942416,-0.3019679919,-0.6943175327,0.001778918437,0.006146638645,1.48263921,0.007935771259,0.00257334649,0.004087861585,1.967044369,-0.03331918048,0.00382477577,0.00673610116,-0.390858577,-0.6721337392,0.001911780443,0.006031132304,1.474172953,0.04896414042,0.002569900604,0.004021218737,1.946840964,0.04501557501,0.003692191921,0.006404997868
0,119,geom_mid15_r2_halfnormal,mid15,r2_halfnormal,0.125,half-normal scale 0.2302,0.1832311961,0.1385698417,0.07845278991,100000,-0.8287523349,-0.5691519738,0.001686760687,0.006431295897,1.681020431,0.2155970688,0.002198669839,0.004468932809,2.196120617,0.2705836455,0.003297265641,0.006598626739,-1.319003063,-0.07429562294,0.0005340875725,0.005763327381,1.741204882,0.03628318292,0.0005599325351,0.004505059344,2.249740011,0.04034844997,0.0007585920976,0.006388911163,0.1858880822,-0.2064614586,0.001342409092,0.006363846397,1.495364827,0.02066138767,0.00138034854,0.004299151655,2.020981934,0.02061838409,0.001948275279,0.007646492715,0.01532433306,-0.2659508292,0.001747371203,0.006102527246,1.449589152,0.0243803395,0.00167850015,0.004028633753,1.929839753,0.02801436411,0.002516028496,0.006659575379
0,120,geom_mid15_r2_chord,mid15,r2_chord,0.125,"chord link, offset scale 0.5879",0.1836907084,0.2241942272,0.07049730739,100000,-0.8287523349,-0.5691519738,0.001686760687,0.006431295897,1.681020431,0.2155970688,0.002198669839,0.004468932809,2.196120617,0.2705836455,0.003297265641,0.006598626739,-1.321930605,-0.07722316426,0.001839364774,0.006646308635,1.870835095,0.1659133961,0.001739725321,0.00516217095,2.482901166,0.273509605,0.00296437447,0.007912857997,0.499181418,0.1068318772,0.002063764673,0.006565453401,1.566372614,0.09166917502,0.00193292619,0.004589286126,2.135335294,0.1349717446,0.002751924666,0.008264831058,0.2786289277,-0.002646234556,0.002439587221,0.00623229888,1.48833884,0.06313002661,0.00215308881,0.004179252488,1.990414573,0.08858918366,0.00309031559,0.007004739364
0,121,geom_mid15_r1_patient,mid15,r1_patient,0.125,"patient-level geometry: plane angle 18.8 deg (SD 15), offset scale 0.5879",0.2994910932,0.2314310666,0.16697904,100000,-0.8287523349,-0.5691519738,0.001686760687,0.006431295897,1.681020431,0.2155970688,0.002198669839,0.004468932809,2.196120617,0.2705836455,0.003297265641,0.006598626739,-2.172755458,-0.9280480172,0.003294585721,0.007056675785,2.430939606,0.7260179072,0.003422584047,0.006157153836,3.114559968,0.9051684077,0.004714019716,0.008675739541,-0.07364155569,-0.4659910966,0.00265506171,0.006454753816,1.524757049,0.05005361024,0.002585541771,0.004297558036,2.042490171,0.04212662092,0.004116983545,0.007317521011,-0.2031703204,-0.4844454827,0.002638271292,0.006235751703,1.494223006,0.06901419261,0.002583284481,0.00411948274,1.982346898,0.0805215091,0.003956176972,0.006589617894
0,122,geom_mid15_r1_patient_indoff,mid15,r1_patient_indoff,0.125,"patient-level geometry: plane angle 18.8 deg (SD 15), offset scale 0.5879, independent offsets",0.2988421401,0.2307875548,0.1228497015,100000,-0.8287523349,-0.5691519738,0.001686760687,0.006431295897,1.681020431,0.2155970688,0.002198669839,0.004468932809,2.196120617,0.2705836455,0.003297265641,0.006598626739,-2.171738499,-0.9270310583,0.005352572005,0.006960705003,2.424713907,0.7197922074,0.004978232297,0.006068229037,3.092174166,0.8827826049,0.00722391628,0.00834239758,-0.05438223974,-0.4467317806,0.00386202177,0.006404541175,1.514581335,0.03987789579,0.003351100614,0.004255340955,2.026013617,0.02565006708,0.005534355943,0.00716397303,-0.1882154002,-0.4694905624,0.003499488703,0.006191982078,1.48381182,0.0586030069,0.003136899817,0.00408383406,1.967091991,0.0652666021,0.004761475743,0.006601465168
0,123,geom_mid15_r1_patient_spanq,mid15,r1_patient_spanq,0.125,"patient-level geometry: plane angle 18.8 deg (SD 15), offset scale 0.5879, span-linked ellipticity",0.2993574827,0.2313236854,0.1660346315,100000,-0.8287523349,-0.5691519738,0.001686760687,0.006431295897,1.681020431,0.2155970688,0.002198669839,0.004468932809,2.196120617,0.2705836455,0.003297265641,0.006598626739,-2.252784819,-1.008077378,0.00388042729,0.007472176627,2.502076548,0.7971548485,0.003940529758,0.006631728952,3.264709169,1.055317609,0.006093232401,0.009863413516,-0.1031110508,-0.4954605916,0.002851023154,0.006464174998,1.529316954,0.0546135146,0.002721658252,0.00430157425,2.046740321,0.04637677176,0.004567158929,0.007152069896,-0.2228623397,-0.504137502,0.00275872697,0.00627097786,1.502050627,0.07684181442,0.002676116381,0.004154522598,1.995531165,0.09370577563,0.004265410905,0.006623004997
0,124,geom_mid15_r2_patient,mid15,r2_patient,0.125,"patient-level offset only, offset scale 0.5879",0.1836907084,0.2241942272,0.07049730739,100000,-0.8287523349,-0.5691519738,0.001686760687,0.006431295897,1.681020431,0.2155970688,0.002198669839,0.004468932809,2.196120617,0.2705836455,0.003297265641,0.006598626739,-1.321930605,-0.07722316426,0.001839364774,0.006646308635,1.870835095,0.1659133961,0.001739725321,0.00516217095,2.482901166,0.273509605,0.00296437447,0.007912857997,0.499181418,0.1068318772,0.002063764673,0.006565453401,1.566372614,0.09166917502,0.00193292619,0.004589286126,2.135335294,0.1349717446,0.002751924666,0.008264831058,0.2786289277,-0.002646234556,0.002439587221,0.00623229888,1.48833884,0.06313002661,0.00215308881,0.004179252488,1.990414573,0.08858918366,0.00309031559,0.007004739364
0,125,geom_mid15_r2_patient_indoff,mid15,r2_patient_indoff,0.125,"patient-level offset only, offset scale 0.5879, independent offsets",0.1830906215,0.2229475328,0.004508083546,100000,-0.8287523349,-0.5691519738,0.001686760687,0.006431295897,1.681020431,0.2155970688,0.002198669839,0.004468932809,2.196120617,0.2705836455,0.003297265641,0.006598626739,-1.320311956,-0.07560451521,0.004905369006,0.006524170376,1.860428062,0.155506363,0.004314762776,0.005038346768,2.449420545,0.2400289842,0.00672028559,0.007427335436,0.527434787,0.1350852461,0.003972409932,0.00650546357,1.55558837,0.08088493069,0.003314481995,0.00457210727,2.123735096,0.1233715467,0.005543861761,0.008298992047,0.3012643016,0.01998913936,0.003707465478,0.006174655723,1.476127906,0.05091909318,0.003079909252,0.004152617285,1.975692127,0.07386673839,0.004722219808,0.007202229046
0,126,geom_ind00_r1_halfnormal,ind00,r1_halfnormal,0.125,half-normal scale 0.3676,0.2909280885,0.2158116875,0.07462405772,100000,-0.8287523349,-0.5691519738,0.001686760687,0.006431295897,1.681020431,0.2155970688,0.002198669839,0.004468932809,2.196120617,0.2705836455,0.003297265641,0.006598626739,-2.109531791,-0.8648243503,0.001825574828,0.006746761252,2.350620757,0.6456990582,0.002450553048,0.005896248313,3.000326248,0.7909346878,0.003126980822,0.0083803989,-0.09187160003,-0.4842211409,0.001471305913,0.006415278037,1.517858126,0.04315468722,0.001960327279,0.004266266956,2.030758101,0.03039455099,0.002869172043,0.007210746705,-0.2198271443,-0.5011023065,0.00169079431,0.00621826711,1.492972381,0.06776356833,0.002076151511,0.004106117656,1.978628285,0.07680289632,0.003108997298,0.006546048572
0,127,geom_ind00_r1_chord,ind00,r1_chord,0.125,"chord link, shift 0.2469, offset scale 0.3336",0.293110543,0.07159900494,0.08755071707,100000,-0.8287523349,-0.5691519738,0.001686760687,0.006431295897,1.681020431,0.2155970688,0.002198669839,0.004468932809,2.196120617,0.2705836455,0.003297265641,0.006598626739,-2.123619292,-0.8789118516,0.002076249207,0.005551157807,2.246942962,0.5420212632,0.002628851494,0.005042356722,2.755224743,0.5458331819,0.00284696997,0.006524170307,-0.5260566722,-0.9184062131,0.002804314958,0.006152345339,1.533351354,0.05864791487,0.003423675803,0.004136041369,2.01539899,0.01503544012,0.005289065207,0.006433277292,-0.5782030585,-0.8594782207,0.002750932498,0.00610531097,1.534683516,0.1094747027,0.003249407006,0.004131013529,2.015381777,0.1135563877,0.004601151327,0.006337246984
0,128,geom_ind00_r2_halfnormal,ind00,r2_halfnormal,0.125,half-normal scale 0.0774,0.06156459513,0.04656526234,0.07849850396,100000,-0.8287523349,-0.5691519738,0.001686760687,0.006431295897,1.681020431,0.2155970688,0.002198669839,0.004468932809,2.196120617,0.2705836455,0.003297265641,0.006598626739,-0.4258837154,0.8188237251,0.002255132171,0.005189383795,1.299894326,-0.405027373,0.002850412827,0.003441812042,1.695382089,-0.5140094719,0.004067889017,0.004966739539,0.7986771868,0.4063276459,0.002670448065,0.006338442783,1.566488464,0.09178502533,0.002598048313,0.004692085539,2.157644726,0.1572811763,0.003975514404,0.008697440472,0.5425861609,0.2613109987,0.002788663608,0.005916483035,1.449659942,0.02445112901,0.002523117211,0.004115027185,1.948035392,0.04621000269,0.003679508345,0.007196301556
0,129,geom_ind00_r2_chord,ind00,r2_chord,0.125,"chord link, offset scale 0.3336",0.06140660897,0.09506769718,0.08755071707,100000,-0.8287523349,-0.5691519738,0.001686760687,0.006431295897,1.681020431,0.2155970688,0.002198669839,0.004468932809,2.196120617,0.2705836455,0.003297265641,0.006598626739,-0.4254844255,0.819223015,0.001825720083,0.005437728777,1.345856637,-0.3590650626,0.002673328802,0.00364222464,1.771410978,-0.4379805826,0.003452179871,0.005478859917,0.9088874429,0.516537902,0.00285096073,0.006477905609,1.628073186,0.1533697468,0.002869384324,0.004870073868,2.241062366,0.2406988163,0.004350930608,0.008929965307,0.6356119463,0.3543367841,0.003014509811,0.006046101706,1.499049206,0.07384039272,0.002779422521,0.00425719412,2.014820234,0.1129948448,0.004065319284,0.007385244778
0,130,geom_ind00_r1_patient,ind00,r1_patient,0.125,"patient-level geometry: plane angle 32.1 deg (SD 0), offset scale 0.3336",0.2922433101,0.1600540034,0.8080563935,100000,-0.8287523349,-0.5691519738,0.001686760687,0.006431295897,1.681020431,0.2155970688,0.002198669839,0.004468932809,2.196120617,0.2705836455,0.003297265641,0.006598626739,-2.114804287,-0.8700968464,0.004151768867,0.006614578083,2.340022716,0.6351010168,0.004017047365,0.005806845226,2.974494535,0.7651029746,0.005749419536,0.007976607879,-0.3294437196,-0.7217932605,0.003155978552,0.006328518959,1.52869607,0.05399263079,0.0031993565,0.004214990426,2.028178576,0.02781502625,0.005118470826,0.006856580565,-0.4146454726,-0.6959206348,0.002953364102,0.006177143445,1.512961306,0.08775249346,0.003046983544,0.004121368578,1.996898301,0.09507291202,0.004539767031,0.006492978197
0,131,geom_ind00_r1_patient_indoff,ind00,r1_patient_indoff,0.125,"patient-level geometry: plane angle 32.1 deg (SD 0), offset scale 0.3336, independent offsets",0.2921044508,0.1603292081,0.7901364384,100000,-0.8287523349,-0.5691519738,0.001686760687,0.006431295897,1.681020431,0.2155970688,0.002198669839,0.004468932809,2.196120617,0.2705836455,0.003297265641,0.006598626739,-2.113645901,-0.8689384601,0.004877850293,0.006580287112,2.336930943,0.6320092439,0.004599921331,0.005776037283,2.96605353,0.7566619689,0.006692187784,0.007884043317,-0.3219962415,-0.7143457824,0.003579108529,0.00631100412,1.524215978,0.04951253944,0.003436376255,0.004199169364,2.021514049,0.02115049935,0.005533615415,0.006824720011,-0.4082905685,-0.6895657307,0.003250146748,0.006153423025,1.507151592,0.08194277928,0.003214853637,0.004100775183,1.988246669,0.08642127976,0.004800455342,0.006486123113
0,132,geom_ind00_r1_patient_spanq,ind00,r1_patient_spanq,0.125,"patient-level geometry: plane angle 32.1 deg (SD 0), offset scale 0.3336, span-linked ellipticity",0.2920267199,0.1596469663,0.8068673363,100000,-0.8287523349,-0.5691519738,0.001686760687,0.006431295897,1.681020431,0.2155970688,0.002198669839,0.004468932809,2.196120617,0.2705836455,0.003297265641,0.006598626739,-2.25990952,-1.015202079,0.004924325788,0.007392676064,2.471606016,0.766684317,0.004732601731,0.006680951024,3.2515077,1.042116139,0.007487132745,0.01007998177,-0.3754134983,-0.7677630392,0.003420885488,0.00636798989,1.540182963,0.0654795242,0.003390305929,0.004270689577,2.048419944,0.04805639441,0.005769954986,0.006811238801,-0.4427859494,-0.7240611116,0.003129439054,0.006259737901,1.528818612,0.1036097995,0.003181646201,0.004215665421,2.028411219,0.1265858296,0.004993706526,0.006642842603
0,133,geom_ind00_r2_patient,ind00,r2_patient,0.125,"patient-level offset only, offset scale 0.3336",0.06140660897,0.09506769718,0.08755071707,100000,-0.8287523349,-0.5691519738,0.001686760687,0.006431295897,1.681020431,0.2155970688,0.002198669839,0.004468932809,2.196120617,0.2705836455,0.003297265641,0.006598626739,-0.4254844255,0.819223015,0.001825720083,0.005437728777,1.345856637,-0.3590650626,0.002673328802,0.00364222464,1.771410978,-0.4379805826,0.003452179871,0.005478859917,0.9088874429,0.516537902,0.00285096073,0.006477905609,1.628073186,0.1533697468,0.002869384324,0.004870073868,2.241062366,0.2406988163,0.004350930608,0.008929965307,0.6356119463,0.3543367841,0.003014509811,0.006046101706,1.499049206,0.07384039272,0.002779422521,0.00425719412,2.014820234,0.1129948448,0.004065319284,0.007385244778
0,134,geom_ind00_r2_patient_indoff,ind00,r2_patient_indoff,0.125,"patient-level offset only, offset scale 0.3336, independent offsets",0.06138389512,0.09541004873,0.001242879386,100000,-0.8287523349,-0.5691519738,0.001686760687,0.006431295897,1.681020431,0.2155970688,0.002198669839,0.004468932809,2.196120617,0.2705836455,0.003297265641,0.006598626739,-0.4240724165,0.8206350239,0.003461478694,0.005381478552,1.339742349,-0.3651793504,0.003534906751,0.003579026185,1.753807172,-0.455584389,0.005240620287,0.005216413328,0.92187138,0.5295218391,0.003730326572,0.006455025969,1.625117285,0.1504138464,0.003403915662,0.004873970419,2.239763648,0.2394000985,0.005645396393,0.008920822698,0.6451080584,0.3638328961,0.003566396333,0.006018110729,1.494607364,0.06939855097,0.003117083095,0.00424742361,2.009451135,0.107625746,0.004833743784,0.007503496148
0,135,geom_ind15_sd707_r1_halfnormal,ind15_sd707,r1_halfnormal,0.125,half-normal scale 0.3224,0.256153405,0.1922966079,0.07677986734,100000,-0.8287523349,-0.5691519738,0.001686760687,0.006431295897,1.681020431,0.2155970688,0.002198669839,0.004468932809,2.196120617,0.2705836455,0.003297265641,0.006598626739,-1.854285858,-0.6095784173,0.001286536418,0.006406766012,2.141126693,0.4362049934,0.001789483119,0.005439307071,2.74645227,0.537060709,0.002261267148,0.007754021948,-0.01746285342,-0.4098123943,0.001324590401,0.006401335964,1.509199467,0.03449602828,0.001719464287,0.004266508359,2.024345372,0.02398182264,0.002475493271,0.007315525249,-0.1569888944,-0.4382640566,0.001606369607,0.006188263283,1.479535476,0.05432666327,0.001890644851,0.004080513313,1.963177899,0.06135251031,0.002848422768,0.006567755884
0,136,geom_ind15_sd707_r1_chord,ind15_sd707,r1_chord,0.125,"chord link, shift 0.2121, offset scale 0.3226",0.2570293093,0.06964851618,0.08787503045,100000,-0.8287523349,-0.5691519738,0.001686760687,0.006431295897,1.681020431,0.2155970688,0.002198669839,0.004468932809,2.196120617,0.2705836455,0.003297265641,0.006598626739,-1.85909959,-0.61439215,0.001913982974,0.005437645234,2.035688536,0.3307668365,0.002257288833,0.004763418062,2.532394181,0.3230026204,0.002582436996,0.006253196427,-0.4111147323,-0.8034642732,0.002497378191,0.006094124319,1.493373522,0.01867008269,0.003094645552,0.004065298707,1.970485551,-0.02987799893,0.004697058476,0.006520772549,-0.4817605546,-0.7630357169,0.002511245847,0.006012003077,1.490279644,0.06507083115,0.002993790812,0.00403182096,1.961243276,0.05941788689,0.004205481182,0.006304795386
0,137,geom_ind15_sd707_r2_halfnormal,ind15_sd707,r2_halfnormal,0.125,half-normal scale 0.0719,0.05721739114,0.0432771924,0.07849850396,100000,-0.8287523349,-0.5691519738,0.001686760687,0.006431295897,1.681020431,0.2155970688,0.002198669839,0.004468932809,2.196120617,0.2705836455,0.003297265641,0.006598626739,-0.3939720311,0.8507354093,0.002328639228,0.005183664662,1.292060572,-0.4128611277,0.002943992912,0.003424640465,1.68588998,-0.5235015809,0.00421144619,0.004958415689,0.830234922,0.4378853812,0.002742807701,0.006344649655,1.575757457,0.1010540179,0.002679129629,0.004724106742,2.171337766,0.1709742167,0.004108257285,0.008747590284,0.5703718823,0.2890967201,0.002842893802,0.005913338791,1.454548921,0.02934010814,0.002583128078,0.004130800384,1.955005545,0.05318015612,0.00377485037,0.007231000351
0,138,geom_ind15_sd707_r2_chord,ind15_sd707,r2_chord,0.125,"chord link, offset scale 0.3226",0.05706022562,0.08839427578,0.08787503045,100000,-0.8287523349,-0.5691519738,0.001686760687,0.006431295897,1.681020431,0.2155970688,0.002198669839,0.004468932809,2.196120617,0.2705836455,0.003297265641,0.006598626739,-0.393523657,0.8511837834,0.001908769657,0.005400536639,1.332512267,-0.372409432,0.002774471416,0.003599771267,1.752544237,-0.4568473239,0.003629671878,0.005397940189,0.9290237192,0.5366741784,0.002895141608,0.006475686669,1.633290542,0.1585871031,0.002919512301,0.004887617839,2.248665142,0.2483015921,0.004435140904,0.008958323421,0.6534553436,0.3721801814,0.003044936547,0.006039093193,1.50150028,0.07629146731,0.002814644772,0.004265615054,2.018423166,0.1165977765,0.00412547968,0.007407741114
0,139,geom_ind15_sd707_r1_patient,ind15_sd707,r1_patient,0.125,"patient-level geometry: plane angle 30.2 deg (SD 15), offset scale 0.3226",0.255836281,0.223469366,0.6930305265,100000,-0.8287523349,-0.5691519738,0.001686760687,0.006431295897,1.681020431,0.2155970688,0.002198669839,0.004468932809,2.196120617,0.2705836455,0.003297265641,0.006598626739,-1.852539347,-0.6078319066,0.005382984709,0.007414038197,2.237048823,0.5321271241,0.004927121315,0.006264419452,2.98808355,0.7786919895,0.008108614093,0.009539580902,0.03364113368,-0.3587084072,0.003492992023,0.006533806426,1.535874985,0.06117154576,0.00302463743,0.004371794621,2.066434532,0.06607098266,0.004965678212,0.007531366944,-0.1097171592,-0.3909923214,0.003260135843,0.006250403063,1.489129806,0.06392099347,0.002896871639,0.00412463582,1.979583954,0.07775856532,0.004428465814,0.006720894744
0,140,geom_ind15_sd707_r1_patient_indoff,ind15_sd707,r1_patient_indoff,0.125,"patient-level geometry: plane angle 30.2 deg (SD 15), offset scale 0.3226, independent offsets",0.2557002447,0.2236696264,0.6843141665,100000,-0.8287523349,-0.5691519738,0.001686760687,0.006431295897,1.681020431,0.2155970688,0.002198669839,0.004468932809,2.196120617,0.2705836455,0.003297265641,0.006598626739,-1.851587211,-0.606879771,0.005942863621,0.007382161446,2.233439067,0.5285173674,0.005378448289,0.006236778255,2.979589144,0.7701975833,0.0086955699,0.009464814363,0.04149289404,-0.3508566468,0.003956132535,0.006518575051,1.532416064,0.05771262468,0.003346612345,0.004361858861,2.061761683,0.06139813345,0.005597790696,0.007512530349,-0.1040323573,-0.3853075195,0.003578883776,0.006231712404,1.485228562,0.06001974898,0.003115958621,0.004108918163,1.973374735,0.07154934608,0.004800410972,0.006739253121
0,141,geom_ind15_sd707_r1_patient_spanq,ind15_sd707,r1_patient_spanq,0.125,"patient-level geometry: plane angle 30.2 deg (SD 15), offset scale 0.3226, span-linked ellipticity",0.2553061929,0.2226327617,0.6917928982,100000,-0.8287523349,-0.5691519738,0.001686760687,0.006431295897,1.681020431,0.2155970688,0.002198669839,0.004468932809,2.196120617,0.2705836455,0.003297265641,0.006598626739,-2.229587946,-0.9848805057,0.007377012862,0.009559712184,2.566294954,0.8613732545,0.006835811893,0.008674091408,3.756298807,1.546907246,0.01270020304,0.01518707867,-0.09112363074,-0.4834731716,0.003897280815,0.006557080729,1.549508941,0.07480550236,0.003327038002,0.004366729209,2.075521932,0.07515838204,0.00601862977,0.006984656094,-0.1932027666,-0.4744779288,0.003510658734,0.006386774302,1.51835323,0.09314441732,0.003108329795,0.004255580683,2.028885191,0.1270598016,0.005057678396,0.006774581393
0,142,geom_ind15_sd707_r2_patient,ind15_sd707,r2_patient,0.125,"patient-level offset only, offset scale 0.3226",0.05706022562,0.08839427578,0.08787503045,100000,-0.8287523349,-0.5691519738,0.001686760687,0.006431295897,1.681020431,0.2155970688,0.002198669839,0.004468932809,2.196120617,0.2705836455,0.003297265641,0.006598626739,-0.393523657,0.8511837834,0.001908769657,0.005400536639,1.332512267,-0.372409432,0.002774471416,0.003599771267,1.752544237,-0.4568473239,0.003629671878,0.005397940189,0.9290237192,0.5366741784,0.002895141608,0.006475686669,1.633290542,0.1585871031,0.002919512301,0.004887617839,2.248665142,0.2483015921,0.004435140904,0.008958323421,0.6534553436,0.3721801814,0.003044936547,0.006039093193,1.50150028,0.07629146731,0.002814644772,0.004265615054,2.018423166,0.1165977765,0.00412547968,0.007407741114
0,143,geom_ind15_sd707_r2_patient_indoff,ind15_sd707,r2_patient_indoff,0.125,"patient-level offset only, offset scale 0.3226, independent offsets",0.05705771762,0.08883515883,0.001284850845,100000,-0.8287523349,-0.5691519738,0.001686760687,0.006431295897,1.681020431,0.2155970688,0.002198669839,0.004468932809,2.196120617,0.2705836455,0.003297265641,0.006598626739,-0.3923079826,0.8523994578,0.003419687496,0.005349979672,1.327138974,-0.3777827256,0.003541242835,0.003542343678,1.73669375,-0.4726978109,0.005235827495,0.005164988867,0.9410685216,0.5487189807,0.00372423511,0.00645477366,1.630633795,0.1559303564,0.003416583105,0.004891866672,2.247660695,0.2472971448,0.005657766944,0.008946332307,0.6622629042,0.380987742,0.00356239224,0.006013606717,1.497536497,0.07232768362,0.003125490704,0.004257117723,2.013678864,0.1118534746,0.004846484128,0.007519627537
0,144,geom_mid15_sd707_r1_halfnormal,mid15_sd707,r1_halfnormal,0.125,half-normal scale 0.3389,0.2689008093,0.2011332902,0.0761079048,100000,-0.8287523349,-0.5691519738,0.001686760687,0.006431295897,1.681020431,0.2155970688,0.002198669839,0.004468932809,2.196120617,0.2705836455,0.003297265641,0.006598626739,-1.947866046,-0.7031586054,0.001483434108,0.006530548818,2.216796796,0.5118750965,0.002036307363,0.005607842442,2.838828327,0.6294367664,0.0025853089,0.007988999606,-0.04595077102,-0.4383003119,0.001371175457,0.006406349201,1.512281554,0.03757811547,0.001807349071,0.004265236375,2.026376431,0.02601288137,0.002616584984,0.007273778141,-0.1812998568,-0.462575019,0.001630017255,0.006198851386,1.484372112,0.05916329946,0.001958697356,0.004089086959,1.96860536,0.06677997089,0.002939631394,0.006557480983
0,145,geom_mid15_sd707_r1_chord,mid15_sd707,r1_chord,0.125,"chord link, shift 0.1528, offset scale 0.4973",0.2702928355,0.159080247,0.07904351804,100000,-0.8287523349,-0.5691519738,0.001686760687,0.006431295897,1.681020431,0.2155970688,0.002198669839,0.004468932809,2.196120617,0.2705836455,0.003297265641,0.006598626739,-1.956625846,-0.7119184056,0.001472161441,0.00611423716,2.166019254,0.4610975549,0.002110613232,0.005362020388,2.750770242,0.5413786809,0.002573959829,0.007567760901,-0.2879968109,-0.6803463518,0.00185790412,0.006116675619,1.473305555,-0.001397884185,0.002572856759,0.004066526885,1.955575826,-0.04478772359,0.003820812434,0.006734054245,-0.3789508485,-0.6602260107,0.001987990651,0.005998604694,1.464474232,0.0392654189,0.002573340337,0.003996529477,1.934397474,0.03257208543,0.003683040708,0.006391941115
0,146,geom_mid15_sd707_r2_halfnormal,mid15_sd707,r2_halfnormal,0.125,half-normal scale 0.1738,0.1383429994,0.1046377069,0.07849850396,100000,-0.8287523349,-0.5691519738,0.001686760687,0.006431295897,1.681020431,0.2155970688,0.002198669839,0.004468932809,2.196120617,0.2705836455,0.003297265641,0.006598626739,-0.9894938422,0.2552135983,0.001007885664,0.005464299031,1.536008961,-0.1689127378,0.001140935682,0.00400701525,1.991211841,-0.2181797198,0.001613574569,0.005656325832,0.3604380208,-0.03191152012,0.00166248022,0.006334631127,1.496454451,0.02175101245,0.001550858624,0.004362652517,2.035345325,0.03498177484,0.002203257601,0.007946048785,0.1646841563,-0.116591006,0.002032850413,0.006031505376,1.433893708,0.008684894744,0.001806995041,0.00401117829,1.914416413,0.01259102401,0.002602535268,0.006768585497
0,147,geom_mid15_sd707_r2_chord,mid15_sd707,r2_chord,0.125,"chord link, offset scale 0.4973",0.138647464,0.1877796749,0.07904351804,100000,-0.8287523349,-0.5691519738,0.001686760687,0.006431295897,1.681020431,0.2155970688,0.002198669839,0.004468932809,2.196120617,0.2705836455,0.003297265641,0.006598626739,-0.991852577,0.2528548634,0.001413570676,0.006215991654,1.65435759,-0.05056410877,0.001549846206,0.004594246609,2.201723897,-0.007667663226,0.002376799397,0.007165087073,0.6301834792,0.2378339384,0.002282657616,0.006534102907,1.578069309,0.1033658705,0.002197275314,0.004665037642,2.160217258,0.1598537085,0.003188479965,0.008491119435,0.3922581462,0.1109829839,0.00261806738,0.006173925448,1.485748779,0.0605399656,0.002335163329,0.004193008499,1.991372361,0.08954697168,0.003327266934,0.007122039725
0,148,geom_mid15_sd707_r1_patient,mid15_sd707,r1_patient,0.125,"patient-level geometry: plane angle 20.1 deg (SD 15), offset scale 0.4973",0.2692276318,0.2372126051,0.3798065293,100000,-0.8287523349,-0.5691519738,0.001686760687,0.006431295897,1.681020431,0.2155970688,0.002198669839,0.004468932809,2.196120617,0.2705836455,0.003297265641,0.006598626739,-1.951158014,-0.7064505735,0.00426915669,0.007311956769,2.299130519,0.5942088194,0.004013186828,0.006218900902,3.025464478,0.8160729178,0.006454040605,0.009247107889,0.05732031836,-0.3350292225,0.002940635057,0.006529702103,1.533318104,0.0586146649,0.002627753773,0.004377097999,2.065658234,0.06529468381,0.004196599919,0.007575243066,-0.09202303396,-0.3732981962,0.002875096544,0.006257820172,1.489638942,0.06443012887,0.002617748653,0.004129713412,1.98102509,0.07919970131,0.00400522279,0.00668348659
0,149,geom_mid15_sd707_r1_patient_indoff,mid15_sd707,r1_patient_indoff,0.125,"patient-level geometry: plane angle 20.1 deg (SD 15), offset scale 0.4973, independent offsets",0.2685633846,0.2367781469,0.3469054252,100000,-0.8287523349,-0.5691519738,0.001686760687,0.006431295897,1.681020431,0.2155970688,0.002198669839,0.004468932809,2.196120617,0.2705836455,0.003297265641,0.006598626739,-1.949079041,-0.7043716004,0.00573622864,0.00722880869,2.290231475,0.5853097759,0.005216369963,0.006147602738,3.004067969,0.7946764079,0.008127082637,0.009004718638,0.07451030663,-0.3178392342,0.003956071694,0.006484357729,1.523756779,0.04905334009,0.003335901558,0.004345553379,2.051877008,0.05151345785,0.005569032074,0.00751244089,-0.07959521944,-0.3608703817,0.003586990137,0.006213901331,1.479038481,0.05382966822,0.003108149496,0.004098799498,1.966609712,0.06478432337,0.004786242315,0.006743704128
0,150,geom_mid15_sd707_r1_patient_spanq,mid15_sd707,r1_patient_spanq,0.125,"patient-level geometry: plane angle 20.1 deg (SD 15), offset scale 0.4973, span-linked ellipticity",0.2685644259,0.2366116762,0.3767415739,100000,-0.8287523349,-0.5691519738,0.001686760687,0.006431295897,1.681020431,0.2155970688,0.002198669839,0.004468932809,2.196120617,0.2705836455,0.003297265641,0.006598626739,-2.228759464,-0.984052024,0.006207797391,0.009006786863,2.542528209,0.8376065093,0.005854079388,0.008133341901,3.616560325,1.407168765,0.01134433052,0.01426666687,-0.03818865616,-0.430538197,0.003401557524,0.006541055105,1.54213485,0.06743141097,0.002959258793,0.004360957349,2.068805398,0.06844184875,0.00538824957,0.007052169086,-0.1572660962,-0.4385412584,0.003159637253,0.006357612887,1.510211538,0.08500272478,0.002844207785,0.004225985492,2.016585324,0.1147599346,0.004716358287,0.006749111247
0,151,geom_mid15_sd707_r2_patient,mid15_sd707,r2_patient,0.125,"patient-level offset only, offset scale 0.4973",0.138647464,0.1877796749,0.07904351804,100000,-0.8287523349,-0.5691519738,0.001686760687,0.006431295897,1.681020431,0.2155970688,0.002198669839,0.004468932809,2.196120617,0.2705836455,0.003297265641,0.006598626739,-0.991852577,0.2528548634,0.001413570676,0.006215991654,1.65435759,-0.05056410877,0.001549846206,0.004594246609,2.201723897,-0.007667663226,0.002376799397,0.007165087073,0.6301834792,0.2378339384,0.002282657616,0.006534102907,1.578069309,0.1033658705,0.002197275314,0.004665037642,2.160217258,0.1598537085,0.003188479965,0.008491119435,0.3922581462,0.1109829839,0.00261806738,0.006173925448,1.485748779,0.0605399656,0.002335163329,0.004193008499,1.991372361,0.08954697168,0.003327266934,0.007122039725
0,152,geom_mid15_sd707_r2_patient_indoff,mid15_sd707,r2_patient_indoff,0.125,"patient-level offset only, offset scale 0.4973, independent offsets",0.1380361099,0.1866839216,0.004507934207,100000,-0.8287523349,-0.5691519738,0.001686760687,0.006431295897,1.681020431,0.2155970688,0.002198669839,0.004468932809,2.196120617,0.2705836455,0.003297265641,0.006598626739,-0.9892109588,0.2554964817,0.0043937075,0.006103956637,1.643061635,-0.06186006453,0.003914144856,0.004477385662,2.168946686,-0.04044487501,0.006137610188,0.00667621243,0.655006764,0.2626572232,0.003875862545,0.00648185719,1.569343882,0.09464044347,0.00331163404,0.00465577122,2.151845513,0.1514819628,0.005541304832,0.008514971075,0.4109950979,0.1297199356,0.003653112178,0.006120179493,1.475128734,0.04991992097,0.003063833534,0.00416959449,1.978519451,0.07669406171,0.004738015522,0.007305346773
0,153,geom_ind00_sd707_r1_halfnormal,ind00_sd707,r1_halfnormal,0.125,half-normal scale 0.3151,0.2503903232,0.1882244081,0.07704407991,100000,-0.8287523349,-0.5691519738,0.001686760687,0.006431295897,1.681020431,0.2155970688,0.002198669839,0.004468932809,2.196120617,0.2705836455,0.003297265641,0.006598626739,-1.811978218,-0.5672707778,0.001198585001,0.006351356966,2.107374855,0.4024531562,0.00167676101,0.005363019891,2.705032025,0.4956404641,0.002113215193,0.00764598908,-0.004035651549,-0.3963851924,0.001306888216,0.006398914283,1.507785269,0.03308183056,0.00168047705,0.004267537386,2.023508276,0.02314472578,0.002413955936,0.007336026829,-0.1458638891,-0.4271390513,0.001601328106,0.006183037964,1.477173685,0.05196487253,0.001863541851,0.004077019028,1.960671796,0.05884640667,0.002816636929,0.006575234626
0,154,geom_ind00_sd707_r1_chord,ind00_sd707,r1_chord,0.125,"chord link, shift 0.2235, offset scale 0.2601",0.2512751063,0.04212267971,0.08867347449,100000,-0.8287523349,-0.5691519738,0.001686760687,0.006431295897,1.681020431,0.2155970688,0.002198669839,0.004468932809,2.196120617,0.2705836455,0.003297265641,0.006598626739,-1.816491395,-0.5717839545,0.002247952894,0.005311614284,1.993519985,0.2885982861,0.002462044001,0.004633397179,2.47405283,0.2646612693,0.003089264972,0.005980719161,-0.4180385774,-0.8103881182,0.002641013669,0.006085990574,1.493478757,0.01877531832,0.003171829843,0.004059784505,1.969428176,-0.03093537408,0.004827415519,0.006487273964,-0.4882402767,-0.7695154389,0.00262080833,0.006008164352,1.4915383,0.06632948715,0.003051624346,0.004029238256,1.961669278,0.05984388941,0.004277021876,0.006284095967
0,155,geom_ind00_sd707_r2_halfnormal,ind00_sd707,r2_halfnormal,0.125,half-normal scale 0.0450,0.03585058137,0.02711610014,0.07849850396,100000,-0.8287523349,-0.5691519738,0.001686760687,0.006431295897,1.681020431,0.2155970688,0.002198669839,0.004468932809,2.196120617,0.2705836455,0.003297265641,0.006598626739,-0.237123885,1.007583555,0.002691574056,0.005171530001,1.262707746,-0.4422139534,0.003394102186,0.003370836333,1.652474885,-0.5569166752,0.004908516002,0.004972604046,0.9975552885,0.6052057476,0.00312025111,0.006392828274,1.634634303,0.1599308643,0.003103736563,0.004909068968,2.254307215,0.2539436653,0.004787062418,0.008998366253,0.7153208572,0.4340456949,0.003137553916,0.005923974858,1.490626027,0.06541721447,0.002905501572,0.004241519403,2.005242291,0.1034169024,0.004313215825,0.007430900879
0,156,geom_ind00_sd707_r2_chord,ind00_sd707,r2_chord,0.125,"chord link, offset scale 0.2601",0.03576792784,0.05424694581,0.08867347449,100000,-0.8287523349,-0.5691519738,0.001686760687,0.006431295897,1.681020431,0.2155970688,0.002198669839,0.004468932809,2.196120617,0.2705836455,0.003297265641,0.006598626739,-0.2369111986,1.007796242,0.002384565869,0.005258069803,1.279853549,-0.4250681498,0.003287618077,0.003439208913,1.679532398,-0.529859163,0.004581996841,0.005137295215,1.042626586,0.6502770453,0.003150661114,0.006471132241,1.667294328,0.1925908887,0.003202158795,0.004994735371,2.296646157,0.2962826073,0.004900087839,0.009110648206,0.7522083749,0.4709332126,0.003217376986,0.006007235731,1.519048944,0.09384013069,0.003011788228,0.004320854594,2.043151846,0.1413264568,0.004467239854,0.007533157627
0,157,geom_ind00_sd707_r1_patient,ind00_sd707,r1_patient,0.125,"patient-level geometry: plane angle 30.0 deg (SD 0), offset scale 0.2601",0.2496708666,0.2133750112,0.9613470382,100000,-0.8287523349,-0.5691519738,0.001686760687,0.006431295897,1.681020431,0.2155970688,0.002198669839,0.004468932809,2.196120617,0.2705836455,0.003297265641,0.006598626739,-1.802634469,-0.5579270289,0.005730542729,0.007483816136,2.21131245,0.5063907509,0.005209483847,0.006293109144,2.97492612,0.7655345592,0.008604601361,0.009687361711,-0.0173413561,-0.409690897,0.003620580127,0.006539372268,1.538685422,0.06398198264,0.003148471567,0.004369282766,2.067993454,0.067629904,0.005177290498,0.007503170769,-0.1510292296,-0.4323043918,0.003331132277,0.006253434195,1.492750819,0.06754200588,0.002981413975,0.004129196882,1.983258593,0.0814332038,0.004545540129,0.006745375544
0,158,geom_ind00_sd707_r1_patient_indoff,ind00_sd707,r1_patient_indoff,0.125,"patient-level geometry: plane angle 30.0 deg (SD 0), offset scale 0.2601, independent offsets",0.2495938198,0.2134786654,0.9573352101,100000,-0.8287523349,-0.5691519738,0.001686760687,0.006431295897,1.681020431,0.2155970688,0.002198669839,0.004468932809,2.196120617,0.2705836455,0.003297265641,0.006598626739,-1.802157705,-0.5574502645,0.006062207489,0.007468474931,2.210182539,0.5052608398,0.0054622041,0.006277468395,2.970779089,0.7613875281,0.008931393944,0.009660631526,-0.01273091801,-0.4050804589,0.003927947595,0.0065304992,1.53610117,0.06139773149,0.00336075027,0.00436494405,2.065154088,0.06479053874,0.005564768117,0.007496933079,-0.1475270828,-0.4288022451,0.003546572273,0.006239812166,1.489275861,0.06406704783,0.003127780827,0.004119860769,1.978699293,0.07687390378,0.004805715085,0.006772817582
0,159,geom_ind00_sd707_r1_patient_spanq,ind00_sd707,r1_patient_spanq,0.125,"patient-level geometry: plane angle 30.0 deg (SD 0), offset scale 0.2601, span-linked ellipticity",0.2488133331,0.2121482086,0.9606935395,100000,-0.8287523349,-0.5691519738,0.001686760687,0.006431295897,1.681020431,0.2155970688,0.002198669839,0.004468932809,2.196120617,0.2705836455,0.003297265641,0.006598626739,-2.223572468,-0.9788650279,0.007794383592,0.009826198141,2.576883567,0.8719618674,0.007180511922,0.008921516483,3.820941632,1.611550072,0.01315201931,0.01558411457,-0.164454561,-0.5568041019,0.004019266192,0.006567142035,1.556533111,0.08182967215,0.003471763504,0.004378311855,2.083203693,0.08284014312,0.006217585637,0.006928001865,-0.2489142732,-0.5301894354,0.003591190467,0.006418485491,1.530036593,0.1048277795,0.003214439968,0.004290243758,2.044899195,0.1430738061,0.005210397886,0.006802160005
0,160,geom_ind00_sd707_r2_patient,ind00_sd707,r2_patient,0.125,"patient-level offset only, offset scale 0.2601",0.03576792784,0.05424694581,0.08867347449,100000,-0.8287523349,-0.5691519738,0.001686760687,0.006431295897,1.681020431,0.2155970688,0.002198669839,0.004468932809,2.196120617,0.2705836455,0.003297265641,0.006598626739,-0.2369111986,1.007796242,0.002384565869,0.005258069803,1.279853549,-0.4250681498,0.003287618077,0.003439208913,1.679532398,-0.529859163,0.004581996841,0.005137295215,1.042626586,0.6502770453,0.003150661114,0.006471132241,1.667294328,0.1925908887,0.003202158795,0.004994735371,2.296646157,0.2962826073,0.004900087839,0.009110648206,0.7522083749,0.4709332126,0.003217376986,0.006007235731,1.519048944,0.09384013069,0.003011788228,0.004320854594,2.043151846,0.1413264568,0.004467239854,0.007533157627
0,161,geom_ind00_sd707_r2_patient_indoff,ind00_sd707,r2_patient_indoff,0.125,"patient-level offset only, offset scale 0.2601, independent offsets",0.03575964894,0.05445745436,0.001340441741,100000,-0.8287523349,-0.5691519738,0.001686760687,0.006431295897,1.681020431,0.2155970688,0.002198669839,0.004468932809,2.196120617,0.2705836455,0.003297265641,0.006598626739,-0.2362974879,1.008409953,0.003270794127,0.005231509212,1.276448787,-0.4284729126,0.003644993162,0.003410818269,1.671130754,-0.5382608063,0.005347887086,0.005010655506,1.049728042,0.6573785011,0.003706024893,0.006460116047,1.66603318,0.1913297413,0.00350579623,0.004999555581,2.296779738,0.2964161879,0.005738497118,0.009082888829,0.7575218768,0.4762467146,0.00355995838,0.005992025218,1.51719908,0.09199026742,0.003193321853,0.00431551351,2.040646984,0.1388215944,0.004942460456,0.007612961984
0,162,geom_ind15_r1_halfnormal,ind15,r1_halfnormal,0.25,half-normal scale 0.3699,0.2926205573,0.2169045783,0.07449510816,100000,-1.923075698,-1.663475337,0.004927414245,0.008176218297,2.435991123,0.9705677607,0.005642985123,0.006670232077,3.222298536,1.296761565,0.009142796789,0.01014760751,-2.486720646,-1.242013206,0.002643696155,0.007161567656,2.663406065,0.9584843656,0.00338115434,0.006495262686,3.363410979,1.154019418,0.004390450853,0.009185459756,-0.5011514856,-0.8935010264,0.003075017377,0.00699574229,1.689860343,0.2151569045,0.003538028906,0.004784913588,2.268291183,0.2679276329,0.005936682787,0.007777890901,-0.7424008772,-1.023676039,0.003724505683,0.00698236116,1.727722657,0.3025138442,0.004019906599,0.004941098946,2.329473555,0.4276481663,0.00706349687,0.00800105758
0,163,geom_ind15_r1_chord,ind15,r1_chord,0.25,"chord link, shift 0.2308, offset scale 0.3844",0.2948076302,0.09678286763,0.08604583258,100000,-1.923075698,-1.663475337,0.004927414245,0.008176218297,2.435991123,0.9705677607,0.005642985123,0.006670232077,3.222298536,1.296761565,0.009142796789,0.01014760751,-2.501466641,-1.256759201,0.002558753761,0.006135503309,2.593395102,0.8884734029,0.003278671003,0.005741143268,3.165712842,0.9563212813,0.003722328783,0.007624881201,-1.018641042,-1.410990583,0.003404342756,0.006436704619,1.74764902,0.2729455815,0.00457343121,0.004611343559,2.27611616,0.2757526107,0.007001471192,0.006764230726,-1.161510172,-1.442785335,0.003737264334,0.006520687512,1.806105674,0.3808968615,0.004683274926,0.004836326713,2.366643176,0.4648177874,0.007180158537,0.007267078668
0,164,geom_ind15_r2_halfnormal,ind15,r2_halfnormal,0.25,half-normal scale 0.1047,0.08335168862,0.06304424221,0.07849850396,100000,-1.923075698,-1.663475337,0.004927414245,0.008176218297,2.435991123,0.9705677607,0.005642985123,0.006670232077,3.222298536,1.296761565,0.009142796789,0.01014760751,-0.9505915085,0.2941159319,0.002111654419,0.005502177279,1.525474161,-0.179447538,0.002092048747,0.004004914538,1.982672294,-0.2267192671,0.00305529531,0.005640669194,0.5267679792,0.1344184383,0.002944307067,0.006379274743,1.522169988,0.04746654946,0.002624434644,0.004505526894,2.084936074,0.0845725243,0.004060691141,0.008270539395,0.1676943897,-0.1135807725,0.003602039276,0.006201623189,1.457163902,0.03195508909,0.003043482535,0.004184240476,1.96827233,0.0664469411,0.005315295075,0.00730223075
0,165,geom_ind15_r2_chord,ind15,r2_chord,0.25,"chord link, offset scale 0.3844",0.08322625439,0.1258209758,0.08604583258,100000,-1.923075698,-1.663475337,0.004927414245,0.008176218297,2.435991123,0.9705677607,0.005642985123,0.006670232077,3.222298536,1.296761565,0.009142796789,0.01014760751,-0.9509985382,0.2937089023,0.001843969888,0.00591892737,1.588228039,-0.1166936604,0.001900853059,0.004341985555,2.099460242,-0.1099313189,0.002715439944,0.006664699073,0.7022372106,0.3098876697,0.003251987404,0.006603752844,1.604068067,0.1293646277,0.002987436218,0.004776020415,2.203190562,0.2028270122,0.004654538122,0.008684463693,0.3095966472,0.02832148497,0.00397767143,0.006468769234,1.524907212,0.09969839876,0.003355116273,0.004421519337,2.068889987,0.1670645982,0.005775770252,0.007710696353
0,166,geom_ind15_r1_patient,ind15,r1_patient,0.25,"patient-level geometry: plane angle 31.8 deg (SD 15), offset scale 0.3844",0.2943634529,0.1898821109,0.4417997143,100000,-1.923075698,-1.663475337,0.004927414245,0.008176218297,2.435991123,0.9705677607,0.005642985123,0.006670232077,3.222298536,1.296761565,0.009142796789,0.01014760751,-2.500015641,-1.255308201,0.004456920225,0.007147734851,2.673995946,0.9690742463,0.004498607098,0.006487546715,3.370317265,1.160925704,0.006315499742,0.008979491818,-0.6667383947,-1.059087936,0.004466620303,0.007025404038,1.734386507,0.2596830682,0.004437617519,0.00487036763,2.319508767,0.3191452173,0.007483526416,0.007850004995,-0.8700694771,-1.151344639,0.004570075779,0.006960720849,1.76426797,0.3390591571,0.00461405156,0.004989508335,2.366883165,0.4650577761,0.007822732342,0.008064607672
0,167,geom_ind15_r1_patient_indoff,ind15,r1_patient_indoff,0.25,"patient-level geometry: plane angle 31.8 deg (SD 15), offset scale 0.3844, independent offsets",0.2941899984,0.1902092712,0.4207862327,100000,-1.923075698,-1.663475337,0.004927414245,0.008176218297,2.435991123,0.9705677607,0.005642985123,0.006670232077,3.222298536,1.296761565,0.009142796789,0.01014760751,-2.498616756,-1.253909316,0.005321635383,0.007070225582,2.66924478,0.9643230803,0.00514969679,0.006416399428,3.352886023,1.143494463,0.007325095773,0.008702281877,-0.647733016,-1.040082557,0.00490724247,0.006963467252,1.721198892,0.2464954529,0.00463966064,0.004802077281,2.295320715,0.2949571657,0.007684146102,0.007571609056,-0.8549309854,-1.136206148,0.004833622047,0.006898713771,1.750317261,0.3251084478,0.004730526188,0.004925949977,2.343092949,0.4412675597,0.007929428138,0.00796191957
0,168,geom_ind15_r1_patient_spanq,ind15,r1_patient_spanq,0.25,"patient-level geometry: plane angle 31.8 deg (SD 15), offset scale 0.3844, span-linked ellipticity",0.2942914609,0.1896336975,0.4417632205,100000,-1.923075698,-1.663475337,0.004927414245,0.008176218297,2.435991123,0.9705677607,0.005642985123,0.006670232077,3.222298536,1.296761565,0.009142796789,0.01014760751,-2.626844964,-1.382137524,0.005263963124,0.007889194815,2.793294979,1.08837328,0.005228621082,0.007295031245,3.62273263,1.41334107,0.008118116254,0.01091251831,-0.7380933949,-1.130442936,0.004865427888,0.007214322304,1.770264261,0.2955608217,0.004748560338,0.005114259524,2.397785321,0.397421771,0.008762817717,0.008682899997,-0.9237865791,-1.205061741,0.004883084677,0.007180123307,1.802044628,0.3768358155,0.004869924616,0.005254911923,2.451274599,0.5494492101,0.008769313941,0.008927325639
0,169,geom_ind15_r2_patient,ind15,r2_patient,0.25,"patient-level offset only, offset scale 0.3844",0.08322625439,0.1258209758,0.08604583258,100000,-1.923075698,-1.663475337,0.004927414245,0.008176218297,2.435991123,0.9705677607,0.005642985123,0.006670232077,3.222298536,1.296761565,0.009142796789,0.01014760751,-0.9509985382,0.2937089023,0.001843969888,0.00591892737,1.588228039,-0.1166936604,0.001900853059,0.004341985555,2.099460242,-0.1099313189,0.002715439944,0.006664699073,0.7022372106,0.3098876697,0.003251987404,0.006603752844,1.604068067,0.1293646277,0.002987436218,0.004776020415,2.203190562,0.2028270122,0.004654538122,0.008684463693,0.3095966472,0.02832148497,0.00397767143,0.006468769234,1.524907212,0.09969839876,0.003355116273,0.004421519337,2.068889987,0.1670645982,0.005775770252,0.007710696353
0,170,geom_ind15_r2_patient_indoff,ind15,r2_patient_indoff,0.25,"patient-level offset only, offset scale 0.3844, independent offsets",0.08316760098,0.1261736224,0.002260545757,100000,-1.923075698,-1.663475337,0.004927414245,0.008176218297,2.435991123,0.9705677607,0.005642985123,0.006670232077,3.222298536,1.296761565,0.009142796789,0.01014760751,-0.9490038019,0.2957036385,0.003792627882,0.005798773982,1.577299297,-0.127622402,0.003425341182,0.004213427631,2.064740313,-0.1446512476,0.005286657004,0.006094967368,0.7227803845,0.3304308437,0.004201000172,0.006547263369,1.596126559,0.1214231197,0.003619390028,0.004755456869,2.192951067,0.1925875168,0.006078952953,0.008649500482,0.32949431,0.04821914779,0.004485104395,0.006403062047,1.513766035,0.08855722175,0.00369308012,0.00437833007,2.051449697,0.1496243077,0.006369933543,0.007769741281
0,171,geom_mid15_r1_halfnormal,mid15,r1_halfnormal,0.25,half-normal scale 0.3761,0.297329492,0.2199213015,0.07412426135,100000,-1.923075698,-1.663475337,0.004927414245,0.008176218297,2.435991123,0.9705677607,0.005642985123,0.006670232077,3.222298536,1.296761565,0.009142796789,0.01014760751,-2.521247453,-1.276540012,0.002705709866,0.007209120232,2.69388815,0.9889664506,0.003455072388,0.006554988789,3.399084906,1.189693345,0.004486147838,0.009264715328,-0.5162836295,-0.9086331704,0.003099762598,0.007010344216,1.695664242,0.2209608026,0.003580391754,0.00480181016,2.276179308,0.2758157587,0.006013411075,0.007796796047,-0.7553882752,-1.036663437,0.003739636661,0.006998527087,1.734172431,0.308963618,0.004052570895,0.004961019248,2.338482543,0.4366571544,0.007113052526,0.008030153129
0,172,geom_mid15_r1_chord,mid15,r1_chord,0.25,"chord link, shift 0.1425, offset scale 0.5879",0.3000216273,0.1922446699,0.07049730739,100000,-1.923075698,-1.663475337,0.004927414245,0.008176218297,2.435991123,0.9705677607,0.005642985123,0.006670232077,3.222298536,1.296761565,0.009142796789,0.01014760751,-2.539248725,-1.294541284,0.002662341919,0.006924169301,2.675493293,0.9705715941,0.003478317494,0.006390559183,3.352931283,1.143539723,0.004420518916,0.008935844537,-0.7335186065,-1.125868147,0.002926699166,0.006550411033,1.652586237,0.177882798,0.003931923998,0.004580147176,2.197451958,0.1970884084,0.00648570672,0.00737777896,-0.9291242272,-1.210399389,0.003517856406,0.006616951786,1.70798663,0.2827778174,0.004281612368,0.004821242634,2.289461321,0.3876359316,0.007307589494,0.007872101971
0,173,geom_mid15_r2_halfnormal,mid15,r2_halfnormal,0.25,half-normal scale 0.2302,0.1832311961,0.1385698417,0.07845278991,100000,-1.923075698,-1.663475337,0.004927414245,0.008176218297,2.435991123,0.9705677607,0.005642985123,0.006670232077,3.222298536,1.296761565,0.009142796789,0.01014760751,-1.683777518,-0.4390700775,0.00156993494,0.006113934784,1.997987004,0.2930653044,0.001768594731,0.005080514687,2.563803659,0.3544120987,0.002430291544,0.007180991262,-0.07302106936,-0.4653706102,0.002654596745,0.006630400478,1.559085323,0.08438188401,0.002568270808,0.004439348858,2.097977398,0.09761384869,0.004081077596,0.007577190296,-0.366382769,-0.6476579312,0.003464492629,0.006564672813,1.567696988,0.1424881746,0.003260478579,0.004456492082,2.108005254,0.2061798652,0.005841681159,0.007367952314
0,174,geom_mid15_r2_chord,mid15,r2_chord,0.25,"chord link, offset scale 0.5879",0.1836907084,0.2241942272,0.07049730739,100000,-1.923075698,-1.663475337,0.004927414245,0.008176218297,2.435991123,0.9705677607,0.005642985123,0.006670232077,3.222298536,1.296761565,0.009142796789,0.01014760751,-1.686705059,-0.4419976188,0.002425629421,0.00697557479,2.103478588,0.398556889,0.002419258424,0.005732539014,2.776830867,0.5674393063,0.003977084369,0.008699741767,0.2862480434,-0.1061014975,0.003257135834,0.006954412376,1.622105348,0.1474019087,0.002861175899,0.004782333991,2.217718361,0.2173548111,0.004809727365,0.008466356566,-0.0702973362,-0.3515724984,0.004079204748,0.006896854715,1.599321732,0.1741129186,0.003519876809,0.004694408037,2.182098679,0.28027329,0.006442777227,0.008077267148
0,175,geom_mid15_r1_patient,mid15,r1_patient,0.25,"patient-level geometry: plane angle 18.8 deg (SD 15), offset scale 0.5879",0.2994910932,0.2314310666,0.16697904,100000,-1.923075698,-1.663475337,0.004927414245,0.008176218297,2.435991123,0.9705677607,0.005642985123,0.006670232077,3.222298536,1.296761565,0.009142796789,0.01014760751,-2.537529912,-1.292822472,0.003790295506,0.007435961804,2.728139777,1.023218078,0.004101243,0.006727298247,3.459531118,1.250139557,0.005605596597,0.00944865706,-0.4834222585,-0.8757717994,0.003999789665,0.007096978198,1.703065824,0.2283623854,0.003993457973,0.004868210313,2.295725739,0.295362189,0.006867319515,0.00808438756,-0.7238616561,-1.005136818,0.004350654519,0.007052389938,1.732534999,0.3073261861,0.004349250852,0.004995892093,2.344684701,0.4428593115,0.007716817907,0.008283104907
0,176,geom_mid15_r1_patient_indoff,mid15,r1_patient_indoff,0.25,"patient-level geometry: plane angle 18.8 deg (SD 15), offset scale 0.5879, independent offsets",0.2988421401,0.2307875548,0.1228497015,100000,-1.923075698,-1.663475337,0.004927414245,0.008176218297,2.435991123,0.9705677607,0.005642985123,0.006670232077,3.222298536,1.296761565,0.009142796789,0.01014760751,-2.536512953,-1.291805513,0.00560849597,0.007296672117,2.721367692,1.016445992,0.005376980436,0.00659711189,3.428992143,1.219600583,0.007653654535,0.008988046675,-0.4465559744,-0.8389055153,0.004957516673,0.006960798836,1.676758258,0.202054819,0.004448027868,0.004725610971,2.246026676,0.2456631262,0.007445928811,0.007622992399,-0.694045006,-0.9753201682,0.004930138493,0.006926866638,1.70663344,0.2814246273,0.004615655545,0.004865413244,2.297781241,0.3959558518,0.0078782228,0.008010085484
0,177,geom_mid15_r1_patient_spanq,mid15,r1_patient_spanq,0.25,"patient-level geometry: plane angle 18.8 deg (SD 15), offset scale 0.5879, span-linked ellipticity",0.2993574827,0.2313236854,0.1660346315,100000,-1.923075698,-1.663475337,0.004927414245,0.008176218297,2.435991123,0.9705677607,0.005642985123,0.006670232077,3.222298536,1.296761565,0.009142796789,0.01014760751,-2.617559273,-1.372851833,0.004406740954,0.007885422201,2.802320672,1.097398973,0.004630161452,0.007222599059,3.61518225,1.405790689,0.00697195098,0.01065309338,-0.533021745,-0.9253712859,0.004314078912,0.007214003729,1.724416021,0.2497125826,0.004227097318,0.005014638223,2.34270039,0.3423368406,0.00800622135,0.008733940649,-0.7615511672,-1.042826329,0.004585549896,0.007190250591,1.756191099,0.3309822862,0.004533874731,0.00516304011,2.397890497,0.4960651083,0.008562094698,0.008996804099
0,178,geom_mid15_r2_patient,mid15,r2_patient,0.25,"patient-level offset only, offset scale 0.5879",0.1836907084,0.2241942272,0.07049730739,100000,-1.923075698,-1.663475337,0.004927414245,0.008176218297,2.435991123,0.9705677607,0.005642985123,0.006670232077,3.222298536,1.296761565,0.009142796789,0.01014760751,-1.686705059,-0.4419976188,0.002425629421,0.00697557479,2.103478588,0.398556889,0.002419258424,0.005732539014,2.776830867,0.5674393063,0.003977084369,0.008699741767,0.2862480434,-0.1061014975,0.003257135834,0.006954412376,1.622105348,0.1474019087,0.002861175899,0.004782333991,2.217718361,0.2173548111,0.004809727365,0.008466356566,-0.0702973362,-0.3515724984,0.004079204748,0.006896854715,1.599321732,0.1741129186,0.003519876809,0.004694408037,2.182098679,0.28027329,0.006442777227,0.008077267148
0,179,geom_mid15_r2_patient_indoff,mid15,r2_patient_indoff,0.25,"patient-level offset only, offset scale 0.5879, independent offsets",0.1830906215,0.2229475328,0.004508083546,100000,-1.923075698,-1.663475337,0.004927414245,0.008176218297,2.435991123,0.9705677607,0.005642985123,0.006670232077,3.222298536,1.296761565,0.009142796789,0.01014760751,-1.68508641,-0.4403789697,0.005071081642,0.006797266575,2.090691837,0.385770138,0.004548819709,0.005557690011,2.731254894,0.5218633334,0.007037105466,0.008065535547,0.3304650009,-0.06188453994,0.004703081487,0.006799230376,1.596293213,0.1215897742,0.00384772501,0.004673311541,2.175342331,0.1749787816,0.006511104892,0.008288000631,-0.03103465618,-0.3123098184,0.00488936084,0.006754759029,1.575065339,0.1498565265,0.004049088529,0.004563753368,2.136257119,0.2344317295,0.007055562034,0.007971904744
0,180,geom_ind00_r1_halfnormal,ind00,r1_halfnormal,0.25,half-normal scale 0.3676,0.2909280885,0.2158116875,0.07462405772,100000,-1.923075698,-1.663475337,0.004927414245,0.008176218297,2.435991123,0.9705677607,0.005642985123,0.006670232077,3.222298536,1.296761565,0.009142796789,0.01014760751,-2.474306245,-1.229598805,0.002621497439,0.007144446978,2.652470239,0.94754854,0.003354531503,0.006473713118,3.350589891,1.14119833,0.004356055357,0.009156793677,-0.4956595565,-0.8880090974,0.0030661969,0.00699045762,1.687774656,0.2130712166,0.003522697578,0.004778827107,2.265453443,0.2650898933,0.005908634246,0.007770993899,-0.7378494984,-1.019124661,0.003718769267,0.006976918153,1.725573773,0.3003649596,0.004008897706,0.004934097077,2.326394613,0.4245692241,0.007043587404,0.007988248473
0,181,geom_ind00_r1_chord,ind00,r1_chord,0.25,"chord link, shift 0.2469, offset scale 0.3336",0.293110543,0.07159900494,0.08755071707,100000,-1.923075698,-1.663475337,0.004927414245,0.008176218297,2.435991123,0.9705677607,0.005642985123,0.006670232077,3.222298536,1.296761565,0.009142796789,0.01014760751,-2.488393747,-1.243686306,0.002709589244,0.005985918974,2.575006691,0.8700849919,0.003336058364,0.005607639601,3.126530058,0.9171384972,0.003802339547,0.007288409142,-1.055697257,-1.448046798,0.003536471877,0.006432633422,1.765133534,0.2904300953,0.004665989521,0.004622399341,2.291796805,0.2914332549,0.007099976156,0.006682814874,-1.191944893,-1.473220056,0.003814766398,0.006516828381,1.82338894,0.3981801275,0.004737838379,0.004840321864,2.380671203,0.4788458135,0.007171754696,0.007174269682
0,182,geom_ind00_r2_halfnormal,ind00,r2_halfnormal,0.25,half-normal scale 0.0774,0.06156459513,0.04656526234,0.07849850396,100000,-1.923075698,-1.663475337,0.004927414245,0.008176218297,2.435991123,0.9705677607,0.005642985123,0.006670232077,3.222298536,1.296761565,0.009142796789,0.01014760751,-0.7906581699,0.4540492705,0.002386303219,0.005433538072,1.452171601,-0.2527500983,0.002439658885,0.003832305761,1.891413338,-0.3179782223,0.003533882436,0.005416348451,0.6965341245,0.3041845836,0.003158464338,0.006375455842,1.550288607,0.07558516817,0.002884752431,0.004632914373,2.133017313,0.1326537638,0.004538002436,0.008545887447,0.3183026712,0.03702750898,0.0037425296,0.006171682191,1.459622209,0.03441339588,0.003159882701,0.0042187266,1.977433844,0.07560845485,0.005473407969,0.00745419998
0,183,geom_ind00_r2_chord,ind00,r2_chord,0.25,"chord link, offset scale 0.3336",0.06140660897,0.09506769718,0.08755071707,100000,-1.923075698,-1.663475337,0.004927414245,0.008176218297,2.435991123,0.9705677607,0.005642985123,0.006670232077,3.222298536,1.296761565,0.009142796789,0.01014760751,-0.79025888,0.4544485604,0.002035414167,0.005688880481,1.493439468,-0.2114822311,0.0022058708,0.004037905034,1.964895124,-0.244496437,0.002942053844,0.006025014529,0.8117492979,0.419399757,0.003336918667,0.006546741566,1.616273776,0.1415703367,0.003130430717,0.004829657321,2.223707844,0.2233442944,0.00488543381,0.008808946107,0.4112376413,0.129962479,0.003992454149,0.006376899427,1.516851363,0.09164254971,0.003383945211,0.004398569829,2.058047707,0.1562223175,0.00576553016,0.007717267153
0,184,geom_ind00_r1_patient,ind00,r1_patient,0.25,"patient-level geometry: plane angle 32.1 deg (SD 0), offset scale 0.3336",0.2922433101,0.1600540034,0.8080563935,100000,-1.923075698,-1.663475337,0.004927414245,0.008176218297,2.435991123,0.9705677607,0.005642985123,0.006670232077,3.222298536,1.296761565,0.009142796789,0.01014760751,-2.479578741,-1.234871301,0.00449591896,0.006979509699,2.643457365,0.9385356657,0.004512419366,0.006349638622,3.319580935,1.110189375,0.006294848418,0.008667959476,-0.8355910623,-1.227940603,0.00438115138,0.006943799887,1.766930786,0.2922273473,0.004630441617,0.00489671264,2.349425439,0.3490618894,0.007543619994,0.007582415113,-1.004989729,-1.286264891,0.00443272657,0.006871471669,1.795441109,0.3702322962,0.004729624275,0.005008079204,2.394090522,0.4922651329,0.007670974076,0.007799980588
0,185,geom_ind00_r1_patient_indoff,ind00,r1_patient_indoff,0.25,"patient-level geometry: plane angle 32.1 deg (SD 0), offset scale 0.3336, independent offsets",0.2921044508,0.1603292081,0.7901364384,100000,-1.923075698,-1.663475337,0.004927414245,0.008176218297,2.435991123,0.9705677607,0.005642985123,0.006670232077,3.222298536,1.296761565,0.009142796789,0.01014760751,-2.478420355,-1.233712915,0.005147021932,0.006927005098,2.640175634,0.9352539351,0.005006542347,0.006301088604,3.307696999,1.098305438,0.007103434062,0.008517383356,-0.822549576,-1.214899117,0.00474412029,0.006906404219,1.757911802,0.2832083634,0.004780973944,0.004854020691,2.333748493,0.3333849436,0.007772196076,0.00748291331,-0.9937237528,-1.274998915,0.004661368885,0.006833550906,1.786151333,0.3609425201,0.004820712341,0.00496675959,2.37848313,0.4766577407,0.007786687236,0.007742827127
0,186,geom_ind00_r1_patient_spanq,ind00,r1_patient_spanq,0.25,"patient-level geometry: plane angle 32.1 deg (SD 0), offset scale 0.3336, span-linked ellipticity",0.2920267199,0.1596469663,0.8068673363,100000,-1.923075698,-1.663475337,0.004927414245,0.008176218297,2.435991123,0.9705677607,0.005642985123,0.006670232077,3.222298536,1.296761565,0.009142796789,0.01014760751,-2.624683974,-1.379976534,0.005363323946,0.007820021005,2.780244268,1.075322569,0.005293944603,0.007262556174,3.606130567,1.396739006,0.008161233899,0.01081461287,-0.9221430611,-1.314492602,0.004883689705,0.00719197073,1.814129219,0.3394257805,0.005011685105,0.005226569516,2.454127217,0.4537636675,0.008943437324,0.008579141596,-1.069372339,-1.350647501,0.004831207742,0.007154087279,1.844904171,0.4196953578,0.005044575579,0.005345988849,2.502319423,0.6004940343,0.008753497433,0.008807722667
0,187,geom_ind00_r2_patient,ind00,r2_patient,0.25,"patient-level offset only, offset scale 0.3336",0.06140660897,0.09506769718,0.08755071707,100000,-1.923075698,-1.663475337,0.004927414245,0.008176218297,2.435991123,0.9705677607,0.005642985123,0.006670232077,3.222298536,1.296761565,0.009142796789,0.01014760751,-0.79025888,0.4544485604,0.002035414167,0.005688880481,1.493439468,-0.2114822311,0.0022058708,0.004037905034,1.964895124,-0.244496437,0.002942053844,0.006025014529,0.8117492979,0.419399757,0.003336918667,0.006546741566,1.616273776,0.1415703367,0.003130430717,0.004829657321,2.223707844,0.2233442944,0.00488543381,0.008808946107,0.4112376413,0.129962479,0.003992454149,0.006376899427,1.516851363,0.09164254971,0.003383945211,0.004398569829,2.058047707,0.1562223175,0.00576553016,0.007717267153
0,188,geom_ind00_r2_patient_indoff,ind00,r2_patient_indoff,0.25,"patient-level offset only, offset scale 0.3336, independent offsets",0.06138389512,0.09541004873,0.001242879386,100000,-1.923075698,-1.663475337,0.004927414245,0.008176218297,2.435991123,0.9705677607,0.005642985123,0.006670232077,3.222298536,1.296761565,0.009142796789,0.01014760751,-0.788846871,0.4558605694,0.00352381633,0.005601836132,1.484976107,-0.2199455925,0.003269052012,0.003943559717,1.939150538,-0.2702410223,0.004924885244,0.005646118837,0.8259460007,0.4335964599,0.004112774091,0.006513223083,1.611879944,0.1371765054,0.003622732791,0.004823088402,2.219088071,0.2187245212,0.006088294611,0.008788890285,0.425299469,0.1440243068,0.004410753796,0.006336538623,1.511266155,0.08605734157,0.003650754528,0.004372762731,2.048416867,0.1465914775,0.006282755231,0.007784093046
0,189,geom_ind15_sd707_r1_halfnormal,ind15_sd707,r1_halfnormal,0.25,half-normal scale 0.3224,0.256153405,0.1922966079,0.07677986734,100000,-1.923075698,-1.663475337,0.004927414245,0.008176218297,2.435991123,0.9705677607,0.005642985123,0.006670232077,3.222298536,1.296761565,0.009142796789,0.01014760751,-2.219060312,-0.9743528719,0.002182592895,0.006792642813,2.431277064,0.7263553651,0.002801516698,0.006022549523,3.088394756,0.8790031954,0.003644641452,0.008537378825,-0.376192034,-0.7685415749,0.002894984484,0.006878285857,1.644690075,0.1699866359,0.003199641112,0.004655717992,2.207386411,0.2070228614,0.005320331461,0.00765264427,-0.6342488347,-0.9155239969,0.003614413854,0.006855542139,1.676755566,0.2515467527,0.003763222432,0.004786004667,2.258776303,0.3569509142,0.006660265934,0.007777318508
0,190,geom_ind15_sd707_r1_chord,ind15_sd707,r1_chord,0.25,"chord link, shift 0.2121, offset scale 0.3226",0.2570293093,0.06964851618,0.08787503045,100000,-1.923075698,-1.663475337,0.004927414245,0.008176218297,2.435991123,0.9705677607,0.005642985123,0.006670232077,3.222298536,1.296761565,0.009142796789,0.01014760751,-2.223874045,-0.9791666046,0.002515108736,0.005849379171,2.349131918,0.6442102183,0.002998556021,0.00533733355,2.892594894,0.6832033334,0.003531308969,0.007018272719,-0.8560292698,-1.248378811,0.003225449518,0.006284625576,1.657990069,0.1832866303,0.004212583496,0.004397143099,2.163885043,0.1635214929,0.00638610413,0.006550970485,-1.022271725,-1.303546888,0.003581407793,0.006336903735,1.713272515,0.2880637021,0.00438785922,0.004610154836,2.249585344,0.3477599547,0.00679905364,0.007027474166
0,191,geom_ind15_sd707_r2_halfnormal,ind15_sd707,r2_halfnormal,0.25,half-normal scale 0.0719,0.05721739114,0.0432771924,0.07849850396,100000,-1.923075698,-1.663475337,0.004927414245,0.008176218297,2.435991123,0.9705677607,0.005642985123,0.006670232077,3.222298536,1.296761565,0.009142796789,0.01014760751,-0.7587464856,0.4859609548,0.002444431755,0.005422902834,1.439234295,-0.2656874043,0.002512856147,0.003801412147,1.875221143,-0.3341704174,0.003636821988,0.005378584172,0.7323994291,0.3400498883,0.00320847719,0.006378620748,1.558568654,0.08386521477,0.002947474956,0.004664690786,2.145937674,0.1455741245,0.004647824337,0.008602840574,0.350322227,0.0690470648,0.003777264002,0.006171792559,1.462777574,0.03756876084,0.003194204315,0.004233307927,1.982874154,0.08104876486,0.005523658166,0.007493365687
0,192,geom_ind15_sd707_r2_chord,ind15_sd707,r2_chord,0.25,"chord link, offset scale 0.3226",0.05706022562,0.08839427578,0.08787503045,100000,-1.923075698,-1.663475337,0.004927414245,0.008176218297,2.435991123,0.9705677607,0.005642985123,0.006670232077,3.222298536,1.296761565,0.009142796789,0.01014760751,-0.7582981115,0.4864093289,0.002093460485,0.005647103775,1.475941953,-0.2289797458,0.002284591105,0.003981925975,1.940093359,-0.2692982017,0.003046994996,0.005909223521,0.8353148483,0.4429653074,0.003360984337,0.006537488369,1.620122752,0.1454193127,0.003166526372,0.004844387797,2.229704818,0.2293412682,0.004948323779,0.008839141555,0.4326696561,0.1513944939,0.004000711401,0.006361574687,1.51673102,0.09152220675,0.003395544528,0.004397353934,2.057699155,0.1558737657,0.005780087038,0.007730182708
0,193,geom_ind15_sd707_r1_patient,ind15_sd707,r1_patient,0.25,"patient-level geometry: plane angle 30.2 deg (SD 15), offset scale 0.3226",0.255836281,0.223469366,0.6930305265,100000,-1.923075698,-1.663475337,0.004927414245,0.008176218297,2.435991123,0.9705677607,0.005642985123,0.006670232077,3.222298536,1.296761565,0.009142796789,0.01014760751,-2.217313802,-0.9726063611,0.005620543158,0.007717950068,2.504069316,0.799147617,0.00528872691,0.006784378483,3.297437832,1.088046271,0.008561674735,0.0102101822,-0.3515554274,-0.7439049683,0.004807319858,0.00720357966,1.702728774,0.2280253356,0.004259011638,0.004912671548,2.304928485,0.3045649349,0.007657957296,0.008516795672,-0.5971922396,-0.8784674018,0.004828701502,0.007032827752,1.700035501,0.2748266876,0.004443031726,0.004911780891,2.302749602,0.400924213,0.008107027926,0.008516130857
0,194,geom_ind15_sd707_r1_patient_indoff,ind15_sd707,r1_patient_indoff,0.25,"patient-level geometry: plane angle 30.2 deg (SD 15), offset scale 0.3226, independent offsets",0.2557002447,0.2236696264,0.6843141665,100000,-1.923075698,-1.663475337,0.004927414245,0.008176218297,2.435991123,0.9705677607,0.005642985123,0.006670232077,3.222298536,1.296761565,0.009142796789,0.01014760751,-2.216361666,-0.9716542256,0.006137777149,0.007670449647,2.499209229,0.7942875297,0.005706781105,0.006745204745,3.285693226,1.076301666,0.009094349627,0.01009381438,-0.3399104217,-0.7322599626,0.005164763753,0.007166554483,1.694930763,0.2202273246,0.004475529844,0.004877162644,2.291601635,0.2912380848,0.007882489027,0.008325812799,-0.5865852443,-0.8678604065,0.005050000089,0.006999183193,1.692170741,0.266961928,0.004565536358,0.004877982959,2.289735748,0.3879103592,0.008268520931,0.00850906283
0,195,geom_ind15_sd707_r1_patient_spanq,ind15_sd707,r1_patient_spanq,0.25,"patient-level geometry: plane angle 30.2 deg (SD 15), offset scale 0.3226, span-linked ellipticity",0.2553061929,0.2226327617,0.6917928982,100000,-1.923075698,-1.663475337,0.004927414245,0.008176218297,2.435991123,0.9705677607,0.005642985123,0.006670232077,3.222298536,1.296761565,0.009142796789,0.01014760751,-2.594362401,-1.34965496,0.007828770109,0.01001210415,2.848510098,1.143588399,0.007396494829,0.009295652538,4.093267519,1.883875958,0.01341779409,0.01595685593,-0.5568012229,-0.9491507638,0.005710614849,0.007668716746,1.782979382,0.3082759433,0.005012389108,0.005488082623,2.488150005,0.487786455,0.01008116257,0.009890547208,-0.7530282463,-1.034303409,0.005547558153,0.007588726666,1.793737496,0.3685286834,0.005078127289,0.00557530992,2.515128464,0.6133030753,0.009905620111,0.01013068631
0,196,geom_ind15_sd707_r2_patient,ind15_sd707,r2_patient,0.25,"patient-level offset only, offset scale 0.3226",0.05706022562,0.08839427578,0.08787503045,100000,-1.923075698,-1.663475337,0.004927414245,0.008176218297,2.435991123,0.9705677607,0.005642985123,0.006670232077,3.222298536,1.296761565,0.009142796789,0.01014760751,-0.7582981115,0.4864093289,0.002093460485,0.005647103775,1.475941953,-0.2289797458,0.002284591105,0.003981925975,1.940093359,-0.2692982017,0.003046994996,0.005909223521,0.8353148483,0.4429653074,0.003360984337,0.006537488369,1.620122752,0.1454193127,0.003166526372,0.004844387797,2.229704818,0.2293412682,0.004948323779,0.008839141555,0.4326696561,0.1513944939,0.004000711401,0.006361574687,1.51673102,0.09152220675,0.003395544528,0.004397353934,2.057699155,0.1558737657,0.005780087038,0.007730182708
0,197,geom_ind15_sd707_r2_patient_indoff,ind15_sd707,r2_patient_indoff,0.25,"patient-level offset only, offset scale 0.3226, independent offsets",0.05705771762,0.08883515883,0.001284850845,100000,-1.923075698,-1.663475337,0.004927414245,0.008176218297,2.435991123,0.9705677607,0.005642985123,0.006670232077,3.222298536,1.296761565,0.009142796789,0.01014760751,-0.7570824371,0.4876250033,0.003476419767,0.005567613868,1.468249171,-0.2366725282,0.003249136684,0.003895169804,1.916500779,-0.2928907816,0.004871538501,0.005568124538,0.8482921694,0.4559426285,0.004096961498,0.006508062072,1.616359376,0.1416559367,0.003627410283,0.004839886607,2.225992912,0.225629362,0.006094323564,0.008818299445,0.446007259,0.1647320968,0.004397748669,0.006325860905,1.511788473,0.08657966011,0.003646602841,0.004376127101,2.049520451,0.1476950615,0.006276480512,0.007795924408
0,198,geom_mid15_sd707_r1_halfnormal,mid15_sd707,r1_halfnormal,0.25,half-normal scale 0.3389,0.2689008093,0.2011332902,0.0761079048,100000,-1.923075698,-1.663475337,0.004927414245,0.008176218297,2.435991123,0.9705677607,0.005642985123,0.006670232077,3.222298536,1.296761565,0.009142796789,0.01014760751,-2.3126405,-1.06793306,0.002338477008,0.006921038628,2.511492162,0.8065704632,0.003004886735,0.006189330479,3.184075337,0.9746837764,0.003904730619,0.008769481191,-0.4215196567,-0.8138691975,0.002955021846,0.006920195362,1.660526563,0.1858231238,0.003319587025,0.004700228657,2.22857383,0.2282102804,0.005539405414,0.007691413825,-0.6739579777,-0.9552331399,0.003648777468,0.006900254543,1.694655259,0.2694464459,0.003855414857,0.004841167223,2.283751961,0.3819265716,0.006808876712,0.007859507511
0,199,geom_mid15_sd707_r1_chord,mid15_sd707,r1_chord,0.25,"chord link, shift 0.1528, offset scale 0.4973",0.2702928355,0.159080247,0.07904351804,100000,-1.923075698,-1.663475337,0.004927414245,0.008176218297,2.435991123,0.9705677607,0.005642985123,0.006670232077,3.222298536,1.296761565,0.009142796789,0.01014760751,-2.321400301,-1.07669286,0.002306038463,0.006520679412,2.472422704,0.7675010044,0.003021518146,0.005939649896,3.104961004,0.8955694432,0.003806379318,0.008333539023,-0.6930816963,-1.085431237,0.002869814493,0.006414540731,1.618597243,0.1438938041,0.0038058039,0.004444228939,2.143584468,0.1432209179,0.006101843151,0.007086268391,-0.8903739328,-1.171649095,0.003441692953,0.006463403821,1.671095111,0.2458862981,0.004154029431,0.004666632369,2.22941312,0.3275877309,0.006962653962,0.007541628218
0,200,geom_mid15_sd707_r2_halfnormal,mid15_sd707,r2_halfnormal,0.25,half-normal scale 0.1738,0.1383429994,0.1046377069,0.07849850396,100000,-1.923075698,-1.663475337,0.004927414245,0.008176218297,2.435991123,0.9705677607,0.005642985123,0.006670232077,3.222298536,1.296761565,0.009142796789,0.01014760751,-1.354268297,-0.1095608563,0.001617437683,0.005783048064,1.762581755,0.05766005621,0.001565336187,0.00455159306,2.275604022,0.0662124617,0.002304186206,0.006408986339,0.1642501609,-0.22809938,0.002663230294,0.006488137579,1.521225391,0.04652195231,0.002383108552,0.00438454271,2.058283009,0.05791945908,0.003628527023,0.007744192516,-0.1564613693,-0.4377365315,0.003453393636,0.006378620613,1.504321505,0.0791126923,0.003051270983,0.004278030711,2.023145958,0.1213205687,0.005412146021,0.007197181604
0,201,geom_mid15_sd707_r2_chord,mid15_sd707,r2_chord,0.25,"chord link, offset scale 0.4973",0.138647464,0.1877796749,0.07904351804,100000,-1.923075698,-1.663475337,0.004927414245,0.008176218297,2.435991123,0.9705677607,0.005642985123,0.006670232077,3.222298536,1.296761565,0.009142796789,0.01014760751,-1.356627032,-0.1119195911,0.00198686709,0.006524785122,1.860915669,0.1559939695,0.001893493293,0.005132928637,2.469347367,0.2599558063,0.003274129975,0.007967682206,0.4637285192,0.07137897837,0.00320195261,0.006788090735,1.603654557,0.1289511181,0.002831763255,0.004744607695,2.196090992,0.1957274421,0.004524007981,0.008494593736,0.0908745574,-0.1904006048,0.004018978538,0.006705896995,1.560153316,0.1349445033,0.003406794061,0.00455089113,2.122526482,0.220701093,0.006063571928,0.007850040053
0,202,geom_mid15_sd707_r1_patient,mid15_sd707,r1_patient,0.25,"patient-level geometry: plane angle 20.1 deg (SD 15), offset scale 0.4973",0.2692276318,0.2372126051,0.3798065293,100000,-1.923075698,-1.663475337,0.004927414245,0.008176218297,2.435991123,0.9705677607,0.005642985123,0.006670232077,3.222298536,1.296761565,0.009142796789,0.01014760751,-2.315932468,-1.071225028,0.004618414181,0.007652030603,2.575646959,0.87072526,0.004533998224,0.006771211465,3.349453967,1.140062407,0.007121634209,0.01000574467,-0.3127927124,-0.7051422533,0.00430387345,0.007175018156,1.688996772,0.214293333,0.003930930361,0.004892024315,2.290387817,0.2900242676,0.007186388419,0.008571450109,-0.5744073351,-0.8556824973,0.004564711012,0.007065086289,1.698409881,0.2732010676,0.004274719766,0.004936462847,2.306824288,0.4049988994,0.00799677804,0.008593704819
0,203,geom_mid15_sd707_r1_patient_indoff,mid15_sd707,r1_patient_indoff,0.25,"patient-level geometry: plane angle 20.1 deg (SD 15), offset scale 0.4973, independent offsets",0.2685633846,0.2367781469,0.3469054252,100000,-1.923075698,-1.663475337,0.004927414245,0.008176218297,2.435991123,0.9705677607,0.005642985123,0.006670232077,3.222298536,1.296761565,0.009142796789,0.01014760751,-2.313853495,-1.069146055,0.005949989665,0.007532499117,2.565823633,0.8609019338,0.005570352766,0.006666565144,3.320800439,1.111408878,0.00853806766,0.009645034665,-0.282650333,-0.6749998739,0.005074099994,0.007065067476,1.667443988,0.1927405487,0.00437588673,0.004786452338,2.251967837,0.2516042875,0.007513736278,0.008035821802,-0.5493940274,-0.8306691896,0.005022144987,0.006961275756,1.676167334,0.250958521,0.004521427361,0.00483550184,2.268859042,0.3670336531,0.008246919071,0.008503542564
0,204,geom_mid15_sd707_r1_patient_spanq,mid15_sd707,r1_patient_spanq,0.25,"patient-level geometry: plane angle 20.1 deg (SD 15), offset scale 0.4973, span-linked ellipticity",0.2685644259,0.2366116762,0.3767415739,100000,-1.923075698,-1.663475337,0.004927414245,0.008176218297,2.435991123,0.9705677607,0.005642985123,0.006670232077,3.222298536,1.296761565,0.009142796789,0.01014760751,-2.593533919,-1.348826479,0.006698147022,0.009457031487,2.829782712,1.124861013,0.006472131952,0.008753444827,3.958519068,1.749127507,0.01208091198,0.01502874205,-0.4687121725,-0.8610617134,0.005160498091,0.007535147832,1.747359556,0.2726561173,0.004607021563,0.00533314413,2.42847269,0.4281091405,0.009501127087,0.009710133124,-0.6938728349,-0.9751479971,0.005217697228,0.007497785158,1.767532159,0.3423233459,0.00482326318,0.005457967917,2.470441564,0.5686161749,0.009629681024,0.009993551267
0,205,geom_mid15_sd707_r2_patient,mid15_sd707,r2_patient,0.25,"patient-level offset only, offset scale 0.4973",0.138647464,0.1877796749,0.07904351804,100000,-1.923075698,-1.663475337,0.004927414245,0.008176218297,2.435991123,0.9705677607,0.005642985123,0.006670232077,3.222298536,1.296761565,0.009142796789,0.01014760751,-1.356627032,-0.1119195911,0.00198686709,0.006524785122,1.860915669,0.1559939695,0.001893493293,0.005132928637,2.469347367,0.2599558063,0.003274129975,0.007967682206,0.4637285192,0.07137897837,0.00320195261,0.006788090735,1.603654557,0.1289511181,0.002831763255,0.004744607695,2.196090992,0.1957274421,0.004524007981,0.008494593736,0.0908745574,-0.1904006048,0.004018978538,0.006705896995,1.560153316,0.1349445033,0.003406794061,0.00455089113,2.122526482,0.220701093,0.006063571928,0.007850040053
0,206,geom_mid15_sd707_r2_patient_indoff,mid15_sd707,r2_patient_indoff,0.25,"patient-level offset only, offset scale 0.4973, independent offsets",0.1380361099,0.1866839216,0.004507934207,100000,-1.923075698,-1.663475337,0.004927414245,0.008176218297,2.435991123,0.9705677607,0.005642985123,0.006670232077,3.222298536,1.296761565,0.009142796789,0.01014760751,-1.353985413,-0.1092779728,0.004529531477,0.006360431298,1.846882619,0.1419609199,0.004023557787,0.004967689546,2.424612273,0.2152207122,0.006348059682,0.007301563008,0.4983608555,0.1060113146,0.004466825818,0.006673047753,1.585700561,0.1109971223,0.003710977159,0.004676378131,2.168242524,0.1678789744,0.006219775647,0.008384612342,0.1214716071,-0.1598035551,0.004706126897,0.006592319689,1.540851681,0.1156428676,0.003866719299,0.004456877542,2.088200129,0.1863747404,0.006709279625,0.007834555055
0,207,geom_ind00_sd707_r1_halfnormal,ind00_sd707,r1_halfnormal,0.25,half-normal scale 0.3151,0.2503903232,0.1882244081,0.07704407991,100000,-1.923075698,-1.663475337,0.004927414245,0.008176218297,2.435991123,0.9705677607,0.005642985123,0.006670232077,3.222298536,1.296761565,0.009142796789,0.01014760751,-2.176752673,-0.9320452324,0.002114875496,0.006735030626,2.395376713,0.6904550139,0.002709902896,0.005946828027,3.045368712,0.8359771512,0.003528740864,0.008430862695,-0.3550777559,-0.7474272968,0.002869205363,0.006859164268,1.637506599,0.1628031602,0.003145520084,0.004636205606,2.1979187,0.1975551498,0.005222364754,0.007638709347,-0.6157369611,-0.8970121233,0.003600133115,0.006835845461,1.668609468,0.243400655,0.003722339824,0.004762067528,2.247657357,0.3458319676,0.006599245654,0.007746714617
0,208,geom_ind00_sd707_r1_chord,ind00_sd707,r1_chord,0.25,"chord link, shift 0.2235, offset scale 0.2601",0.2512751063,0.04212267971,0.08867347449,100000,-1.923075698,-1.663475337,0.004927414245,0.008176218297,2.435991123,0.9705677607,0.005642985123,0.006670232077,3.222298536,1.296761565,0.009142796789,0.01014760751,-2.181265849,-0.936558409,0.002747779419,0.005717959049,2.306391711,0.6014700118,0.00311582705,0.005203823532,2.833265533,0.6238739723,0.003836225906,0.006734473737,-0.8618973742,-1.254246915,0.003335714696,0.006251342363,1.655603779,0.1809003401,0.004258112643,0.004370070208,2.156561183,0.1561976337,0.006423666466,0.006458490812,-1.025961195,-1.307236357,0.003629154783,0.006296444932,1.710303233,0.2850944201,0.004402707225,0.00457379752,2.239883614,0.3380582252,0.006744265806,0.006903945408
0,209,geom_ind00_sd707_r2_halfnormal,ind00_sd707,r2_halfnormal,0.25,half-normal scale 0.0450,0.03585058137,0.02711610014,0.07849850396,100000,-1.923075698,-1.663475337,0.004927414245,0.008176218297,2.435991123,0.9705677607,0.005642985123,0.006670232077,3.222298536,1.296761565,0.009142796789,0.01014760751,-0.6018983396,0.6428091009,0.002742506981,0.005385750278,1.384123791,-0.3207979078,0.002882474972,0.003670283384,1.806345263,-0.4030462972,0.004168651929,0.005232049833,0.9190693684,0.5267198275,0.003488573251,0.006417028502,1.614610127,0.1399066879,0.003297345683,0.004853380779,2.227660837,0.2272972874,0.005232829398,0.00888604013,0.5167082178,0.2354330556,0.003979981443,0.006188508019,1.490749233,0.06554042019,0.003395524063,0.004329431489,2.024033654,0.1222082654,0.005801275219,0.007691109549
0,210,geom_ind00_sd707_r2_chord,ind00_sd707,r2_chord,0.25,"chord link, offset scale 0.2601",0.03576792784,0.05424694581,0.08867347449,100000,-1.923075698,-1.663475337,0.004927414245,0.008176218297,2.435991123,0.9705677607,0.005642985123,0.006670232077,3.222298536,1.296761565,0.009142796789,0.01014760751,-0.6016856532,0.6430217873,0.002465513226,0.005479480724,1.400465304,-0.304456395,0.002727117659,0.003745901045,1.834248211,-0.3751433493,0.00376748567,0.005447989608,0.9652534625,0.5729039217,0.0035244007,0.006505752054,1.649168774,0.1744653352,0.003389122587,0.0049441073,2.272477261,0.2721137111,0.005331494566,0.009006675936,0.5522934043,0.2710182421,0.004073181808,0.006299045921,1.523606735,0.09839792195,0.003491428514,0.004417497379,2.067071909,0.1652465202,0.005888150944,0.007787773493
0,211,geom_ind00_sd707_r1_patient,ind00_sd707,r1_patient,0.25,"patient-level geometry: plane angle 30.0 deg (SD 0), offset scale 0.2601",0.2496708666,0.2133750112,0.9613470382,100000,-1.923075698,-1.663475337,0.004927414245,0.008176218297,2.435991123,0.9705677607,0.005642985123,0.006670232077,3.222298536,1.296761565,0.009142796789,0.01014760751,-2.167408924,-0.9227014834,0.005938101545,0.007772660022,2.471909083,0.7669873834,0.005534894276,0.006803482333,3.277045226,1.067653665,0.008980437419,0.01029766435,-0.4323036603,-0.8246532012,0.004968839498,0.007264469155,1.727752453,0.2530490136,0.004443375458,0.004978936779,2.337538212,0.3371746622,0.007801358961,0.008449676079,-0.6564446593,-0.9377198216,0.00488407168,0.007042570703,1.716003199,0.2907943865,0.004548652587,0.004945712975,2.32177738,0.4199519911,0.008022533682,0.00837913696
0,212,geom_ind00_sd707_r1_patient_indoff,ind00_sd707,r1_patient_indoff,0.25,"patient-level geometry: plane angle 30.0 deg (SD 0), offset scale 0.2601, independent offsets",0.2495938198,0.2134786654,0.9573352101,100000,-1.923075698,-1.663475337,0.004927414245,0.008176218297,2.435991123,0.9705677607,0.005642985123,0.006670232077,3.222298536,1.296761565,0.009142796789,0.01014760751,-2.166932159,-0.922224719,0.006245613182,0.007747273845,2.469838855,0.7649171558,0.00577514417,0.00678048831,3.270712486,1.061320925,0.009287118965,0.01024699967,-0.4256694503,-0.8180189912,0.005210770196,0.007244732825,1.722721995,0.2480185559,0.004587949633,0.00496186549,2.330183977,0.329820427,0.007925183957,0.008321802836,-0.6500934625,-0.9313686247,0.005041179589,0.007022499699,1.711035792,0.2858269789,0.004634337331,0.004925954913,2.313897663,0.4120722743,0.008124600804,0.008360701201
0,213,geom_ind00_sd707_r1_patient_spanq,ind00_sd707,r1_patient_spanq,0.25,"patient-level geometry: plane angle 30.0 deg (SD 0), offset scale 0.2601, span-linked ellipticity",0.2488133331,0.2121482086,0.9606935395,100000,-1.923075698,-1.663475337,0.004927414245,0.008176218297,2.435991123,0.9705677607,0.005642985123,0.006670232077,3.222298536,1.296761565,0.009142796789,0.01014760751,-2.588346923,-1.343639482,0.008243539465,0.01028311758,2.855245616,1.150323917,0.007738009438,0.009550575084,4.156162263,1.946770703,0.01389488076,0.016378422,-0.677822523,-1.070172064,0.005960380901,0.007813113961,1.828483561,0.3537801224,0.005291703614,0.005674977864,2.562002597,0.5616390468,0.01052324914,0.01018436635,-0.8406756638,-1.121950826,0.005698456979,0.007698683599,1.832170002,0.406961189,0.005273585615,0.005724364654,2.57558716,0.6737617707,0.01016205041,0.01031899728
0,214,geom_ind00_sd707_r2_patient,ind00_sd707,r2_patient,0.25,"patient-level offset only, offset scale 0.2601",0.03576792784,0.05424694581,0.08867347449,100000,-1.923075698,-1.663475337,0.004927414245,0.008176218297,2.435991123,0.9705677607,0.005642985123,0.006670232077,3.222298536,1.296761565,0.009142796789,0.01014760751,-0.6016856532,0.6430217873,0.002465513226,0.005479480724,1.400465304,-0.304456395,0.002727117659,0.003745901045,1.834248211,-0.3751433493,0.00376748567,0.005447989608,0.9652534625,0.5729039217,0.0035244007,0.006505752054,1.649168774,0.1744653352,0.003389122587,0.0049441073,2.272477261,0.2721137111,0.005331494566,0.009006675936,0.5522934043,0.2710182421,0.004073181808,0.006299045921,1.523606735,0.09839792195,0.003491428514,0.004417497379,2.067071909,0.1652465202,0.005888150944,0.007787773493
0,215,geom_ind00_sd707_r2_patient_indoff,ind00_sd707,r2_patient_indoff,0.25,"patient-level offset only, offset scale 0.2601, independent offsets",0.03575964894,0.05445745436,0.001340441741,100000,-1.923075698,-1.663475337,0.004927414245,0.008176218297,2.435991123,0.9705677607,0.005642985123,0.006670232077,3.222298536,1.296761565,0.009142796789,0.01014760751,-0.6010719425,0.643635498,0.003297362637,0.00543396767,1.3959263,-0.308995399,0.003225108827,0.003695215603,1.820455552,-0.3889360089,0.004741168142,0.005259159535,0.9724209619,0.580071421,0.004029736926,0.006493216929,1.647805583,0.1731021437,0.003676615911,0.004946218961,2.271947837,0.2715842872,0.006119572356,0.008976696547,0.5607910737,0.2795159115,0.004346940054,0.006277205831,1.520900195,0.09569138249,0.003648085767,0.004406427739,2.062711451,0.1608860619,0.006252116235,0.007855722549
1,0,geom_ind15_r1_halfnormal,ind15,r1_halfnormal,0.03,half-normal scale 0.3699,0.2916437968,0.2166271972,0.07674593335,100000,0.005634553169,0.2629475401,0.0007816352905,0.006040821831,1.438060053,-0.03045481316,0.001086281501,0.003976364159,1.910274351,-0.0263245235,0.001486741286,0.006598195709,-1.838795099,-0.5978730595,0.001500094651,0.006559757188,2.152424538,0.4487433714,0.001882607309,0.005523825614,2.772032796,0.5636143198,0.002443709302,0.007721458964,0.4033421193,0.01035404847,0.001322294182,0.00617425999,1.470075156,-0.006554248928,0.001249456905,0.004258746951,1.993688889,-0.01654699878,0.001851476697,0.007937135265,0.3343257322,0.05265182491,0.00149056955,0.005980070005,1.435180015,0.009471815297,0.001356267111,0.004035017059,1.920380603,0.01500224349,0.001848134346,0.006816954197
1,1,geom_ind15_r1_chord,ind15,r1_chord,0.03,"chord link, shift 0.2308, offset scale 0.3844",0.294532814,0.09701756534,0.09221954218,100000,0.005634553169,0.2629475401,0.0007816352905,0.006040821831,1.438060053,-0.03045481316,0.001086281501,0.003976364159,1.910274351,-0.0263245235,0.001486741286,0.006598195709,-1.856832391,-0.6159103519,0.001597327395,0.005492730778,2.036385272,0.3327041055,0.002060461795,0.00481452355,2.542598179,0.3341797027,0.002175871063,0.006324580394,0.1407182783,-0.2522697925,0.002707533381,0.006016228305,1.422634745,-0.05399465983,0.002465665438,0.004019194293,1.907685965,-0.102549923,0.004193138487,0.007183792805,0.1158503545,-0.1658235528,0.002581343323,0.005949895381,1.412631799,-0.01307640066,0.002276491026,0.003947148831,1.885075969,-0.02030239052,0.003172874266,0.00664479112
1,2,geom_ind15_r2_halfnormal,ind15,r2_halfnormal,0.03,half-normal scale 0.1047,0.08309229632,0.06302279275,0.08057715276,100000,0.005634553169,0.2629475401,0.0007816352905,0.006040821831,1.438060053,-0.03045481316,0.001086281501,0.003976364159,1.910274351,-0.0263245235,0.001486741286,0.006598195709,-0.3064039314,0.9345181076,0.002101913689,0.005182509852,1.275644553,-0.428036614,0.003029513236,0.003394760443,1.667242438,-0.541176038,0.004182051014,0.004953124436,0.897467615,0.5044795442,0.001726267882,0.006293333644,1.585298578,0.108669173,0.00208871119,0.004746434764,2.183120095,0.1728842072,0.002927008731,0.009073626213,0.7492221198,0.4675482125,0.001756571544,0.005898235363,1.494736413,0.06902821361,0.002038693216,0.004249703696,2.010029113,0.1046507536,0.002626093804,0.007160177381
1,3,geom_ind15_r2_chord,ind15,r2_chord,0.03,"chord link, offset scale 0.3844",0.08286898407,0.1261260907,0.09221954218,100000,0.005634553169,0.2629475401,0.0007816352905,0.006040821831,1.438060053,-0.03045481316,0.001086281501,0.003976364159,1.910274351,-0.0263245235,0.001486741286,0.006598195709,-0.305895974,0.9350260651,0.001711680523,0.005581233938,1.35434051,-0.3493406569,0.002912363119,0.003707201034,1.791244937,-0.4171735392,0.003651673373,0.005624164144,1.037565369,0.644577298,0.002037331658,0.006412404568,1.654635278,0.1780058734,0.002522830177,0.004950354141,2.277804647,0.2675687593,0.003443316817,0.009316310799,0.8670767166,0.5854028093,0.002095626851,0.005974578389,1.547031867,0.121323668,0.002450367996,0.004390964259,2.078784508,0.1734061485,0.003152873075,0.007312525129
1,4,geom_ind15_r1_patient,ind15,r1_patient,0.03,"patient-level geometry: plane angle 31.8 deg (SD 15), offset scale 0.3844",0.2946082255,0.1898603394,0.4434337788,100000,0.005634553169,0.2629475401,0.0007816352905,0.006040821831,1.438060053,-0.03045481316,0.001086281501,0.003976364159,1.910274351,-0.0263245235,0.001486741286,0.006598195709,-1.856763317,-0.6158412781,0.003999436175,0.006589211698,2.165648087,0.4619669206,0.003739596424,0.005567133045,2.790931328,0.5825128522,0.005425422398,0.007706134199,0.3308757585,-0.06211231231,0.002757071905,0.006126064698,1.454628235,-0.02200116939,0.002370080947,0.004178973879,1.965275581,-0.04496030715,0.004233565518,0.007648500559,0.2749428501,-0.006731057215,0.00248949055,0.005969877091,1.426479446,0.0007712469154,0.002130703736,0.004005837759,1.907747672,0.00236931245,0.002970500175,0.0067432166
1,5,geom_ind15_r1_patient_indoff,ind15,r1_patient_indoff,0.03,"patient-level geometry: plane angle 31.8 deg (SD 15), offset scale 0.3844, independent offsets",0.295305311,0.1897126048,0.4189618265,100000,0.005634553169,0.2629475401,0.0007816352905,0.006040821831,1.438060053,-0.03045481316,0.001086281501,0.003976364159,1.910274351,-0.0263245235,0.001486741286,0.006598195709,-1.859401415,-0.6184793758,0.00502796683,0.006565926024,2.165537317,0.46185615,0.004579577393,0.0055488268,2.787197332,0.5787788558,0.006755830369,0.007716209422,0.3350051185,-0.05798295228,0.003256886334,0.006132908301,1.455990067,-0.02063933824,0.002749912181,0.00418755024,1.968107527,-0.04212836033,0.005200271242,0.007716801862,0.278600333,-0.003073574329,0.002866652035,0.005973180371,1.426806798,0.001098599055,0.00241760801,0.004012118266,1.909311614,0.003933255013,0.003415297785,0.006799795769
1,6,geom_ind15_r1_patient_spanq,ind15,r1_patient_spanq,0.03,"patient-level geometry: plane angle 31.8 deg (SD 15), offset scale 0.3844, span-linked ellipticity",0.2944386735,0.1898167723,0.4442354077,100000,0.005634553169,0.2629475401,0.0007816352905,0.006040821831,1.438060053,-0.03045481316,0.001086281501,0.003976364159,1.910274351,-0.0263245235,0.001486741286,0.006598195709,-1.983676535,-0.7427544957,0.004644726799,0.007226333909,2.275650616,0.5719694499,0.004326899677,0.006307427848,3.026038756,0.8176202797,0.00712439302,0.009607725422,0.3126630467,-0.08032502409,0.002875418236,0.006095783072,1.451121242,-0.02550816251,0.002459040547,0.00413260495,1.952838485,-0.05739740282,0.004637368665,0.00732926243,0.2659130191,-0.01576088822,0.002527580806,0.005970564544,1.427948094,0.002239894701,0.002155598678,0.003995520476,1.906682507,0.001304147721,0.003126803195,0.006679777887
1,7,geom_ind15_r2_patient,ind15,r2_patient,0.03,"patient-level offset only, offset scale 0.3844",0.08286898407,0.1261260907,0.09221954218,100000,0.005634553169,0.2629475401,0.0007816352905,0.006040821831,1.438060053,-0.03045481316,0.001086281501,0.003976364159,1.910274351,-0.0263245235,0.001486741286,0.006598195709,-0.305895974,0.9350260651,0.001711680523,0.005581233938,1.35434051,-0.3493406569,0.002912363119,0.003707201034,1.791244937,-0.4171735392,0.003651673373,0.005624164144,1.037565369,0.644577298,0.002037331658,0.006412404568,1.654635278,0.1780058734,0.002522830177,0.004950354141,2.277804647,0.2675687593,0.003443316817,0.009316310799,0.8670767166,0.5854028093,0.002095626851,0.005974578389,1.547031867,0.121323668,0.002450367996,0.004390964259,2.078784508,0.1734061485,0.003152873075,0.007312525129
1,8,geom_ind15_r2_patient_indoff,ind15,r2_patient_indoff,0.03,"patient-level offset only, offset scale 0.3844, independent offsets",0.08374719569,0.1267187125,0.001242640528,100000,0.005634553169,0.2629475401,0.0007816352905,0.006040821831,1.438060053,-0.03045481316,0.001086281501,0.003976364159,1.910274351,-0.0263245235,0.001486741286,0.006598195709,-0.3096176476,0.9313043914,0.003848721476,0.005532526925,1.347187107,-0.3564940594,0.003934592172,0.003663083691,1.77671548,-0.4317029961,0.005721095946,0.005470753583,1.042399325,0.6494112545,0.003315799878,0.006401137552,1.655386007,0.1787566019,0.003216178589,0.004943412972,2.276842457,0.2666065694,0.005351770674,0.009295026619,0.8679222402,0.5862483328,0.003045322731,0.005970795589,1.546417256,0.1207090564,0.002939053003,0.004389654088,2.078050375,0.1726720157,0.004145401328,0.007382052733
1,9,geom_mid15_r1_halfnormal,mid15,r1_halfnormal,0.03,half-normal scale 0.3761,0.296328367,0.219615481,0.07633903355,100000,0.005634553169,0.2629475401,0.0007816352905,0.006040821831,1.438060053,-0.03045481316,0.001086281501,0.003976364159,1.910274351,-0.0263245235,0.001486741286,0.006598195709,-1.873193784,-0.6322717454,0.001574064923,0.006603388953,2.179794136,0.4761129696,0.001974956865,0.005583739445,2.805224753,0.5968062773,0.002557438191,0.007796921863,0.3979094658,0.004921395003,0.001352384748,0.006172772179,1.469337143,-0.007292261275,0.00127555803,0.004254023899,1.992135908,-0.01809997931,0.00190061572,0.007919910019,0.3297289702,0.04805506288,0.001511253731,0.005980307624,1.434782292,0.009074092629,0.001374671017,0.004033000617,1.919659698,0.01428133901,0.00186700351,0.00681242267
1,10,geom_mid15_r1_chord,mid15,r1_chord,0.03,"chord link, shift 0.1425, offset scale 0.5879",0.298976173,0.1915103727,0.07529111473,100000,0.005634553169,0.2629475401,0.0007816352905,0.006040821831,1.438060053,-0.03045481316,0.001086281501,0.003976364159,1.910274351,-0.0263245235,0.001486741286,0.006598195709,-1.890597906,-0.6496758665,0.00154506431,0.006300419306,2.143687463,0.440006296,0.002061428572,0.005429993219,2.746606832,0.5381883558,0.002733834635,0.007548654713,0.2530349105,-0.1399531603,0.001992708399,0.006030303221,1.4257304,-0.05089900502,0.001881323829,0.004083816229,1.923654333,-0.08658155431,0.003029828793,0.007532739601,0.2086274291,-0.07304647826,0.00208466753,0.005910527935,1.405764391,-0.01994380843,0.001883916345,0.003950653872,1.880671294,-0.02470706513,0.00261254687,0.00671436417
1,11,geom_mid15_r2_halfnormal,mid15,r2_halfnormal,0.03,half-normal scale 0.2302,0.1826616482,0.1385275154,0.08057961769,100000,0.005634553169,0.2629475401,0.0007816352905,0.006040821831,1.438060053,-0.03045481316,0.001086281501,0.003976364159,1.910274351,-0.0263245235,0.001486741286,0.006598195709,-1.038106102,0.2028159367,0.000436632246,0.005628264744,1.585689925,-0.1179912414,0.0006674647598,0.004160497298,2.060429325,-0.1479891505,0.0008201933712,0.005834665793,0.5770974725,0.1841094017,0.0006619653546,0.006212898367,1.497773603,0.02114419849,0.0008414832688,0.00441554893,2.047684914,0.03744902574,0.001065297641,0.008422699229,0.4787846186,0.1971107113,0.0008670737832,0.005947235829,1.445048208,0.01934000878,0.0009684065916,0.00409635594,1.940659873,0.03528151355,0.001341373716,0.006953791362
1,12,geom_mid15_r2_chord,mid15,r2_chord,0.03,"chord link, offset scale 0.5879",0.1824715077,0.2233378955,0.07529111473,100000,0.005634553169,0.2629475401,0.0007816352905,0.006040821831,1.438060053,-0.03045481316,0.001086281501,0.003976364159,1.910274351,-0.0263245235,0.001486741286,0.006598195709,-1.037127313,0.2037947257,0.001744305956,0.006503402947,1.732619199,0.02893803202,0.00178838785,0.004799030634,2.303261982,0.09484350639,0.002644661258,0.007191448197,0.8146545034,0.4216664326,0.001222988138,0.006371890169,1.581491827,0.1048624219,0.001672737281,0.004714473056,2.173412016,0.1631761281,0.002227516638,0.008977092227,0.6782335644,0.3965596571,0.001374329939,0.006009026789,1.501355307,0.0756471074,0.001706243096,0.004262341334,2.017623591,0.1122452314,0.002192592805,0.00716992121
1,13,geom_mid15_r1_patient,mid15,r1_patient,0.03,"patient-level geometry: plane angle 18.8 deg (SD 15), offset scale 0.5879",0.2988511265,0.2307400691,0.1706581804,100000,0.005634553169,0.2629475401,0.0007816352905,0.006040821831,1.438060053,-0.03045481316,0.001086281501,0.003976364159,1.910274351,-0.0263245235,0.001486741286,0.006598195709,-1.888919196,-0.6479971568,0.003114571514,0.006850039891,2.22380543,0.5201242631,0.003050854006,0.00575760021,2.874069146,0.6656506702,0.004297062632,0.008034402883,0.419575696,0.02658762517,0.002201215409,0.006183982805,1.473669786,-0.00295961895,0.001935650644,0.0042760794,2.000042464,-0.01019342421,0.003298947567,0.008004333845,0.3472219019,0.06554799457,0.002060436864,0.005984700565,1.43637154,0.01066334099,0.001809493211,0.004048511463,1.924107928,0.01872956854,0.002496580651,0.006835897138
1,14,geom_mid15_r1_patient_indoff,mid15,r1_patient_indoff,0.03,"patient-level geometry: plane angle 18.8 deg (SD 15), offset scale 0.5879, independent offsets",0.3005184249,0.2312252996,0.1172037203,100000,0.005634553169,0.2629475401,0.0007816352905,0.006040821831,1.438060053,-0.03045481316,0.001086281501,0.003976364159,1.910274351,-0.0263245235,0.001486741286,0.006598195709,-1.894952594,-0.6540305547,0.00529873695,0.006792107263,2.222649302,0.5189681355,0.004781781236,0.005713085004,2.864275005,0.6558565295,0.006987468076,0.007952660717,0.4248841683,0.03189609746,0.003307605809,0.006192255919,1.475527904,-0.001101501117,0.002788731694,0.004286872207,2.003719429,-0.006516459116,0.005221046379,0.008151129176,0.3526486328,0.07097472553,0.002919557445,0.005997174915,1.438028211,0.01232001181,0.002466732491,0.004065743698,1.928972729,0.02359436923,0.003551365202,0.00696258256
1,15,geom_mid15_r1_patient_spanq,mid15,r1_patient_spanq,0.03,"patient-level geometry: plane angle 18.8 deg (SD 15), offset scale 0.5879, span-linked ellipticity",0.2987662388,0.2307116579,0.1714428945,100000,0.005634553169,0.2629475401,0.0007816352905,0.006040821831,1.438060053,-0.03045481316,0.001086281501,0.003976364159,1.910274351,-0.0263245235,0.001486741286,0.006598195709,-1.969841898,-0.7289198591,0.003653510764,0.007234904465,2.291030392,0.5873492252,0.003537657896,0.006217577844,3.019041077,0.8106226006,0.005742675092,0.009271680622,0.4032298482,0.01024177737,0.00234281009,0.006151137128,1.469897027,-0.006732377636,0.00203888228,0.004225666641,1.986505794,-0.0237300936,0.00380214094,0.007622469862,0.3387402504,0.05706634312,0.002117632322,0.005981781237,1.436802637,0.01109443742,0.001848256768,0.004035460717,1.921686721,0.01630836128,0.002663215556,0.0067618866
1,16,geom_mid15_r2_patient,mid15,r2_patient,0.03,"patient-level offset only, offset scale 0.5879",0.1824715077,0.2233378955,0.07529111473,100000,0.005634553169,0.2629475401,0.0007816352905,0.006040821831,1.438060053,-0.03045481316,0.001086281501,0.003976364159,1.910274351,-0.0263245235,0.001486741286,0.006598195709,-1.037127313,0.2037947257,0.001744305956,0.006503402947,1.732619199,0.02893803202,0.00178838785,0.004799030634,2.303261982,0.09484350639,0.002644661258,0.007191448197,0.8146545034,0.4216664326,0.001222988138,0.006371890169,1.581491827,0.1048624219,0.001672737281,0.004714473056,2.173412016,0.1631761281,0.002227516638,0.008977092227,0.6782335644,0.3965596571,0.001374329939,0.006009026789,1.501355307,0.0756471074,0.001706243096,0.004262341334,2.017623591,0.1122452314,0.002192592805,0.00716992121
1,17,geom_mid15_r2_patient_indoff,mid15,r2_patient_indoff,0.03,"patient-level offset only, offset scale 0.5879, independent offsets",0.1843538801,0.2242308008,0.002380176612,100000,0.005634553169,0.2629475401,0.0007816352905,0.006040821831,1.438060053,-0.03045481316,0.001086281501,0.003976364159,1.910274351,-0.0263245235,0.001486741286,0.006598195709,-1.044516427,0.1964056122,0.004926646645,0.006419192794,1.72399252,0.02031135369,0.004315065598,0.004732281857,2.282887858,0.0744693821,0.006519509133,0.007002813711,0.8199945046,0.4270064338,0.003426675854,0.006355136875,1.581824225,0.1051948199,0.003074012098,0.004699980087,2.170513089,0.1602772014,0.00543816947,0.008922241559,0.6807800074,0.3991061,0.003079663998,0.006006583995,1.500649082,0.07494088257,0.002771676307,0.004265443699,2.017753817,0.1123754581,0.003989125571,0.007241502114
1,18,geom_ind00_r1_halfnormal,ind00,r1_halfnormal,0.03,half-normal scale 0.3676,0.2899599274,0.2155441942,0.07688621756,100000,0.005634553169,0.2629475401,0.0007816352905,0.006040821831,1.438060053,-0.03045481316,0.001086281501,0.003976364159,1.910274351,-0.0263245235,0.001486741286,0.006598195709,-1.826425029,-0.5855029903,0.001473399391,0.00654407448,2.142631294,0.4389501278,0.001849134651,0.005502215967,2.760122578,0.5517041017,0.002402478774,0.007694228869,0.4053222218,0.01233415101,0.001311384129,0.006174788567,1.470338983,-0.006290421851,0.001240071909,0.004260482118,1.994254086,-0.0159818015,0.001833832816,0.007943400677,0.3359414578,0.05426755051,0.001481937627,0.005979720272,1.43524716,0.009538960563,0.00134906129,0.004035601858,1.92055366,0.01517530025,0.001840445684,0.006818706964
1,19,geom_ind00_r1_chord,ind00,r1_chord,0.03,"chord link, shift 0.2469, offset scale 0.3336",0.2929328478,0.07184970621,0.09380526766,100000,0.005634553169,0.2629475401,0.0007816352905,0.006040821831,1.438060053,-0.03045481316,0.001086281501,0.003976364159,1.910274351,-0.0263245235,0.001486741286,0.006598195709,-1.844520462,-0.6035984229,0.001889727562,0.005349325936,2.015171266,0.3114900994,0.002237172628,0.004693466431,2.502749671,0.2943311952,0.00253236634,0.006055045432,0.1288840684,-0.2641040024,0.002808491333,0.006016771721,1.423246662,-0.05338274294,0.002539403187,0.00401386864,1.907021,-0.1032148875,0.004361398517,0.00714265342,0.1058581132,-0.1758157941,0.002639482461,0.005955084583,1.414014666,-0.01169353324,0.002316081653,0.003947216514,1.886126644,-0.01925171553,0.00323532242,0.006637521877
1,20,geom_ind00_r2_halfnormal,ind00,r2_halfnormal,0.03,half-normal scale 0.0774,0.06137300475,0.0465494195,0.08057715276,100000,0.005634553169,0.2629475401,0.0007816352905,0.006040821831,1.438060053,-0.03045481316,0.001086281501,0.003976364159,1.910274351,-0.0263245235,0.001486741286,0.006598195709,-0.1467904434,1.094131596,0.002476366881,0.005157402067,1.248293478,-0.4553876889,0.003508007114,0.003351380416,1.637498227,-0.5709202488,0.004924062078,0.005004044775,1.008214081,0.6152260103,0.002135267259,0.006330016827,1.627001933,0.1503725278,0.002497700835,0.004874684955,2.241286877,0.2310509896,0.00356314538,0.009248620238,0.8430834285,0.5614095211,0.002094358261,0.005896880644,1.522790603,0.09708240369,0.002383070178,0.004323427458,2.04647869,0.1411003304,0.0030879344,0.007242214745
1,21,geom_ind00_r2_chord,ind00,r2_chord,0.03,"chord link, offset scale 0.3336",0.06117066893,0.09540057321,0.09380526766,100000,0.005634553169,0.2629475401,0.0007816352905,0.006040821831,1.438060053,-0.03045481316,0.001086281501,0.003976364159,1.910274351,-0.0263245235,0.001486741286,0.006598195709,-0.1461234024,1.094798637,0.002062981888,0.005395701734,1.298260398,-0.4054207688,0.003380015298,0.00353159322,1.71250771,-0.4959107663,0.004458735517,0.005349393464,1.105610766,0.7126226952,0.00230122602,0.006427324432,1.681270043,0.2046406378,0.002769373184,0.005026668979,2.313738056,0.3035021681,0.003837818074,0.009403716828,0.9251987157,0.6435248084,0.002306006081,0.005962663154,1.564508137,0.1387999373,0.00265116094,0.004431282236,2.100307668,0.1949293083,0.003430778848,0.007345915939
1,22,geom_ind00_r1_patient,ind00,r1_patient,0.03,"patient-level geometry: plane angle 32.1 deg (SD 0), offset scale 0.3336",0.2923447815,0.1602778515,0.8081662738,100000,0.005634553169,0.2629475401,0.0007816352905,0.006040821831,1.438060053,-0.03045481316,0.001086281501,0.003976364159,1.910274351,-0.0263245235,0.001486741286,0.006598195709,-1.83962672,-0.5987046807,0.00408895164,0.006451800098,2.137697355,0.4340161889,0.003819488918,0.005456223126,2.747136198,0.5387177225,0.005579404311,0.007499230891,0.254886136,-0.1381019348,0.002803802389,0.006080947388,1.440403855,-0.03622554941,0.00242289385,0.004108498134,1.939773718,-0.07046216938,0.004431504703,0.007518447176,0.2109032579,-0.07077064938,0.002537369492,0.005958923594,1.418635779,-0.007072420002,0.002170940331,0.00397845456,1.896133359,-0.009245000358,0.00302596542,0.006738718759
1,23,geom_ind00_r1_patient_indoff,ind00,r1_patient_indoff,0.03,"patient-level geometry: plane angle 32.1 deg (SD 0), offset scale 0.3336, independent offsets",0.2928132005,0.1603484232,0.7899618695,100000,0.005634553169,0.2629475401,0.0007816352905,0.006040821831,1.438060053,-0.03045481316,0.001086281501,0.003976364159,1.910274351,-0.0263245235,0.001486741286,0.006598195709,-1.841243411,-0.6003213716,0.004859544943,0.00643803887,2.136302402,0.4326212356,0.004456767041,0.005450882549,2.744990036,0.53657156,0.006568572036,0.007527382376,0.2572841204,-0.1357039504,0.003158486276,0.006085050519,1.441142184,-0.03548722085,0.002686194649,0.004113475659,1.941376335,-0.06885955304,0.005013325052,0.007594136462,0.2134285951,-0.0682453122,0.00279133061,0.005961482253,1.419188064,-0.006520135655,0.002358529012,0.003981663452,1.897219885,-0.008158474725,0.003311111135,0.006752689111
1,24,geom_ind00_r1_patient_spanq,ind00,r1_patient_spanq,0.03,"patient-level geometry: plane angle 32.1 deg (SD 0), offset scale 0.3336, span-linked ellipticity",0.2921002732,0.1602916521,0.8083140951,100000,0.005634553169,0.2629475401,0.0007816352905,0.006040821831,1.438060053,-0.03045481316,0.001086281501,0.003976364159,1.910274351,-0.0263245235,0.001486741286,0.006598195709,-1.985659464,-0.7447374253,0.004783799594,0.007190148039,2.264012367,0.5603312,0.004460694424,0.0063141924,3.018710767,0.8102922907,0.00744652752,0.00972847401,0.2352369452,-0.1577511256,0.002938255188,0.006049808423,1.437293676,-0.03933572927,0.002522471533,0.004061430046,1.927516022,-0.08271986553,0.004846933405,0.007202153747,0.2027394253,-0.07893448199,0.002579885451,0.005963087719,1.421013189,-0.004695010144,0.002195338332,0.003971959872,1.896551932,-0.008826427593,0.003187863508,0.006677446846
1,25,geom_ind00_r2_patient,ind00,r2_patient,0.03,"patient-level offset only, offset scale 0.3336",0.06117066893,0.09540057321,0.09380526766,100000,0.005634553169,0.2629475401,0.0007816352905,0.006040821831,1.438060053,-0.03045481316,0.001086281501,0.003976364159,1.910274351,-0.0263245235,0.001486741286,0.006598195709,-0.1461234024,1.094798637,0.002062981888,0.005395701734,1.298260398,-0.4054207688,0.003380015298,0.00353159322,1.71250771,-0.4959107663,0.004458735517,0.005349393464,1.105610766,0.7126226952,0.00230122602,0.006427324432,1.681270043,0.2046406378,0.002769373184,0.005026668979,2.313738056,0.3035021681,0.003837818074,0.009403716828,0.9251987157,0.6435248084,0.002306006081,0.005962663154,1.564508137,0.1387999373,0.00265116094,0.004431282236,2.100307668,0.1949293083,0.003430778848,0.007345915939
1,26,geom_ind00_r2_patient_indoff,ind00,r2_patient_indoff,0.03,"patient-level offset only, offset scale 0.3336, independent offsets",0.06186588889,0.09611515427,0.0004587874629,100000,0.005634553169,0.2629475401,0.0007816352905,0.006040821831,1.438060053,-0.03045481316,0.001086281501,0.003976364159,1.910274351,-0.0263245235,0.001486741286,0.006598195709,-0.1487108965,1.092211143,0.003635092244,0.005362830226,1.292472428,-0.4112087381,0.003996204211,0.003503724122,1.702375098,-0.5060433779,0.005779488205,0.005270786394,1.108749618,0.7157615471,0.00330508914,0.006416901498,1.681650847,0.2050214426,0.003282115238,0.00501898659,2.312346648,0.3021107605,0.005366759382,0.009389852311,0.9245348629,0.6428609556,0.003045109094,0.00596241127,1.563808424,0.1381002242,0.003003137129,0.004432027566,2.099943803,0.1945654439,0.004208896915,0.007421601376
1,27,geom_ind15_sd707_r1_halfnormal,ind15_sd707,r1_halfnormal,0.03,half-normal scale 0.3224,0.2553309644,0.1921501248,0.07916921432,100000,0.005634553169,0.2629475401,0.0007816352905,0.006040821831,1.438060053,-0.03045481316,0.001086281501,0.003976364159,1.910274351,-0.0263245235,0.001486741286,0.006598195709,-1.57202808,-0.3311060414,0.0009170622215,0.006224068602,1.946994247,0.2433130802,0.001133840656,0.005054082993,2.518955447,0.310536971,0.0015098716,0.007105563475,0.449933288,0.05694521715,0.001073919205,0.006185672842,1.476504632,-0.0001247724977,0.001040737897,0.004299545451,2.007151353,-0.003084535245,0.001472009435,0.008079994489,0.3722961851,0.09062227783,0.001290192935,0.005973805983,1.437504406,0.0117962062,0.001194296284,0.004050681483,1.925410231,0.02003187111,0.001658990893,0.006856788782
1,28,geom_ind15_sd707_r1_chord,ind15_sd707,r1_chord,0.03,"chord link, shift 0.2121, offset scale 0.3226",0.256867475,0.06996785191,0.09403837629,100000,0.005634553169,0.2629475401,0.0007816352905,0.006040821831,1.438060053,-0.03045481316,0.001086281501,0.003976364159,1.910274351,-0.0263245235,0.001486741286,0.006598195709,-1.580101254,-0.3391792153,0.001787113649,0.005258802187,1.821431603,0.1177504365,0.001893437132,0.004409760452,2.293946896,0.0855284204,0.002325074825,0.005782937621,0.1850256702,-0.2079624007,0.002551597911,0.006013108467,1.4210353,-0.05559410458,0.002327254534,0.004038094436,1.910483103,-0.09975278519,0.003920899934,0.00732407205,0.1524488087,-0.1292250986,0.002477510331,0.005924837985,1.407046597,-0.01866160272,0.00218833371,0.003941841528,1.879780852,-0.02559750772,0.003044530002,0.006665034615
1,29,geom_ind15_sd707_r2_halfnormal,ind15_sd707,r2_halfnormal,0.03,half-normal scale 0.0719,0.05703932935,0.04326246826,0.08057715276,100000,0.005634553169,0.2629475401,0.0007816352905,0.006040821831,1.438060053,-0.03045481316,0.001086281501,0.003976364159,1.910274351,-0.0263245235,0.001486741286,0.006598195709,-0.1149425793,1.12597946,0.002551159737,0.005155671811,1.244868865,-0.4588123011,0.003600049636,0.003349019442,1.634405212,-0.5740132636,0.005068647795,0.005025313873,1.032751844,0.6397637731,0.002221672399,0.006339313433,1.637098164,0.1604687592,0.00258356537,0.004904242365,2.255044493,0.244808605,0.00369586141,0.009285026699,0.8631806428,0.5815067355,0.002166110693,0.005897742695,1.529381787,0.1036735873,0.002454557752,0.004340959712,2.055087085,0.1497087259,0.003187390741,0.007261653153
1,30,geom_ind15_sd707_r2_chord,ind15_sd707,r2_chord,0.03,"chord link, offset scale 0.3226",0.05685483394,0.08879956009,0.09403837629,100000,0.005634553169,0.2629475401,0.0007816352905,0.006040821831,1.438060053,-0.03045481316,0.001086281501,0.003976364159,1.910274351,-0.0263245235,0.001486741286,0.006598195709,-0.1143370754,1.126584964,0.002147785621,0.005363221524,1.289011194,-0.4146699726,0.003477791279,0.003504170565,1.699840791,-0.5085776852,0.004638166387,0.00531108072,1.120832521,0.7278444502,0.002359458249,0.006431330933,1.687606088,0.2109766828,0.00282249339,0.005044241344,2.322159757,0.311923869,0.003925841466,0.009424360792,0.938118447,0.6564445397,0.002350221936,0.005962139843,1.569028442,0.1433202428,0.002692386989,0.004441746617,2.105882671,0.2005043116,0.003486130231,0.007355356941
1,31,geom_ind15_sd707_r1_patient,ind15_sd707,r1_patient,0.03,"patient-level geometry: plane angle 30.2 deg (SD 15), offset scale 0.3226",0.256357315,0.2235256952,0.6926835482,100000,0.005634553169,0.2629475401,0.0007816352905,0.006040821831,1.438060053,-0.03045481316,0.001086281501,0.003976364159,1.910274351,-0.0263245235,0.001486741286,0.006598195709,-1.576784046,-0.3358620074,0.005366177223,0.00727955562,2.070266376,0.3665852097,0.004815067058,0.005915589628,2.790230804,0.581812328,0.007813356277,0.00898902632,0.4917852952,0.09879722439,0.002863172998,0.006230947656,1.493846754,0.01721734899,0.002470755829,0.004350546661,2.030833529,0.02059764089,0.004322521397,0.008038873462,0.4096687471,0.1279948398,0.002578554744,0.00599377591,1.447471592,0.02176339256,0.002237281587,0.004080649661,1.939156395,0.0337780354,0.003075310465,0.006886937531
1,32,geom_ind15_sd707_r1_patient_indoff,ind15_sd707,r1_patient_indoff,0.03,"patient-level geometry: plane angle 30.2 deg (SD 15), offset scale 0.3226, independent offsets",0.2568309054,0.2233311651,0.6840089877,100000,0.005634553169,0.2629475401,0.0007816352905,0.006040821831,1.438060053,-0.03045481316,0.001086281501,0.003976364159,1.910274351,-0.0263245235,0.001486741286,0.006598195709,-1.578273849,-0.33735181,0.005953353402,0.007265533066,2.068129268,0.364448102,0.005273159576,0.005909796006,2.787416838,0.578998362,0.008424579399,0.009010841083,0.4935307925,0.1005427217,0.003338526777,0.006230351882,1.493994446,0.01736504106,0.002817977257,0.004351162846,2.03107417,0.02083828195,0.005273048626,0.008083726697,0.4108230337,0.1291491264,0.002947524926,0.005994569298,1.447005325,0.0212971253,0.002494037928,0.004084627292,1.939645776,0.03426741665,0.003534131599,0.006956158904
1,33,geom_ind15_sd707_r1_patient_spanq,ind15_sd707,r1_patient_spanq,0.03,"patient-level geometry: plane angle 30.2 deg (SD 15), offset scale 0.3226, span-linked ellipticity",0.2558919374,0.2231739857,0.693164659,100000,0.005634553169,0.2629475401,0.0007816352905,0.006040821831,1.438060053,-0.03045481316,0.001086281501,0.003976364159,1.910274351,-0.0263245235,0.001486741286,0.006598195709,-1.956163248,-0.715241209,0.007177867915,0.009309061719,2.383575856,0.6798946891,0.00651634203,0.008252869352,3.534452009,1.326033533,0.0124815817,0.01472276615,0.4261826285,0.03319455769,0.003065188003,0.006115667969,1.477643924,0.001014519168,0.002590492057,0.004169315914,1.980336765,-0.02989912295,0.005272381906,0.006993830339,0.373418094,0.09174418666,0.002612833779,0.005984032838,1.448187232,0.02247903255,0.002239782213,0.00402869723,1.928800188,0.02342182859,0.003294500529,0.006656316897
1,34,geom_ind15_sd707_r2_patient,ind15_sd707,r2_patient,0.03,"patient-level offset only, offset scale 0.3226",0.05685483394,0.08879956009,0.09403837629,100000,0.005634553169,0.2629475401,0.0007816352905,0.006040821831,1.438060053,-0.03045481316,0.001086281501,0.003976364159,1.910274351,-0.0263245235,0.001486741286,0.006598195709,-0.1143370754,1.126584964,0.002147785621,0.005363221524,1.289011194,-0.4146699726,0.003477791279,0.003504170565,1.699840791,-0.5085776852,0.004638166387,0.00531108072,1.120832521,0.7278444502,0.002359458249,0.006431330933,1.687606088,0.2109766828,0.00282249339,0.005044241344,2.322159757,0.311923869,0.003925841466,0.009424360792,0.938118447,0.6564445397,0.002350221936,0.005962139843,1.569028442,0.1433202428,0.002692386989,0.004441746617,2.105882671,0.2005043116,0.003486130231,0.007355356941
1,35,geom_ind15_sd707_r2_patient_indoff,ind15_sd707,r2_patient_indoff,0.03,"patient-level offset only, offset scale 0.3226, independent offsets",0.05750584088,0.08949905241,0.000562769562,100000,0.005634553169,0.2629475401,0.0007816352905,0.006040821831,1.438060053,-0.03045481316,0.001086281501,0.003976364159,1.910274351,-0.0263245235,0.001486741286,0.006598195709,-0.1167596482,1.124162391,0.003599515414,0.005333975919,1.283666689,-0.4200144771,0.004019109911,0.003479865248,1.690779192,-0.5176392843,0.005813116166,0.005251465124,1.123732458,0.7307443874,0.003303610542,0.006420463251,1.687816391,0.211186986,0.003298205717,0.005036138843,2.320553436,0.3103175486,0.005366907731,0.009409890108,0.9372320242,0.6555581169,0.003045605513,0.005959792366,1.567733726,0.1420255271,0.003018218401,0.004441296591,2.104823236,0.1994448761,0.004225245589,0.007431193515
1,36,geom_mid15_sd707_r1_halfnormal,mid15_sd707,r1_halfnormal,0.03,half-normal scale 0.3389,0.2680299264,0.2009560191,0.07850895349,100000,0.005634553169,0.2629475401,0.0007816352905,0.006040821831,1.438060053,-0.03045481316,0.001086281501,0.003976364159,1.910274351,-0.0263245235,0.001486741286,0.006598195709,-1.665322156,-0.4244001168,0.001121842319,0.006340525476,2.017359512,0.3136783451,0.001401839184,0.005218976768,2.606431279,0.3980128029,0.001846952459,0.007328957685,0.4326734183,0.03968534748,0.001163165649,0.006181656655,1.474054135,-0.00257526987,0.001114537587,0.004284435479,2.002112877,-0.008123010359,0.001604161265,0.008028167419,0.3581907274,0.07651682004,0.001362732461,0.005975808216,1.436552702,0.01084450245,0.001251914238,0.004044287282,1.923354692,0.01797633244,0.001721950288,0.006840736765
1,37,geom_mid15_sd707_r1_chord,mid15_sd707,r1_chord,0.03,"chord link, shift 0.1528, offset scale 0.4973",0.2694648579,0.1584687268,0.08395010449,100000,0.005634553169,0.2629475401,0.0007816352905,0.006040821831,1.438060053,-0.03045481316,0.001086281501,0.003976364159,1.910274351,-0.0263245235,0.001486741286,0.006598195709,-1.674111317,-0.4331892781,0.001149574681,0.00591681004,1.955068395,0.2513872285,0.001528385229,0.004981174742,2.510672778,0.302254302,0.00196913605,0.006957161591,0.2575908893,-0.1353971815,0.002031808853,0.006023182962,1.423860666,-0.0527687383,0.001901507586,0.00408267995,1.922027598,-0.08820828992,0.003080527538,0.007548722063,0.2120830505,-0.0695908568,0.002108318398,0.005901880337,1.403569818,-0.02213838177,0.001895892683,0.003947367336,1.878340635,-0.02703772475,0.002646975176,0.006715320789
1,38,geom_mid15_sd707_r2_halfnormal,mid15_sd707,r2_halfnormal,0.03,half-normal scale 0.1738,0.1379124729,0.1046021061,0.08057715276,100000,0.005634553169,0.2629475401,0.0007816352905,0.006040821831,1.438060053,-0.03045481316,0.001086281501,0.003976364159,1.910274351,-0.0263245235,0.001486741286,0.006598195709,-0.7092734066,0.5316486325,0.001163139029,0.00536428999,1.413186157,-0.2904950097,0.001738990591,0.003719569089,1.838640993,-0.3697774834,0.002277218244,0.005243228156,0.6913402826,0.2983522117,0.0009112903365,0.006238537894,1.523376512,0.04674710742,0.001233979075,0.00452680071,2.090418133,0.08018224564,0.001612593585,0.008683186621,0.5755849111,0.2939110038,0.001068530119,0.005925381693,1.458067153,0.03235895329,0.001308709615,0.004142867415,1.960172875,0.05479451569,0.001725920526,0.007023569604
1,39,geom_mid15_sd707_r2_chord,mid15_sd707,r2_chord,0.03,"chord link, offset scale 0.4973",0.1376701122,0.1870578313,0.08395010449,100000,0.005634553169,0.2629475401,0.0007816352905,0.006040821831,1.438060053,-0.03045481316,0.001086281501,0.003976364159,1.910274351,-0.0263245235,0.001486741286,0.006598195709,-0.7085775172,0.5323445219,0.001446778043,0.00610220302,1.545152279,-0.1585288879,0.002021441636,0.004287488599,2.055658783,-0.1527596934,0.002541222264,0.006530372886,0.9035161742,0.5105281034,0.001520138279,0.006386834083,1.607971516,0.1313421113,0.002009020113,0.004806158912,2.212569919,0.2023340311,0.002672749727,0.009125772345,0.7529193096,0.4712454023,0.001655457977,0.005990436889,1.516524296,0.09081609709,0.002011658207,0.004307618399,2.03847615,0.1330977904,0.002570893843,0.007225975109
1,40,geom_mid15_sd707_r1_patient,mid15_sd707,r1_patient,0.03,"patient-level geometry: plane angle 20.1 deg (SD 15), offset scale 0.4973",0.2689245411,0.2370165713,0.3810614589,100000,0.005634553169,0.2629475401,0.0007816352905,0.006040821831,1.438060053,-0.03045481316,0.001086281501,0.003976364159,1.910274351,-0.0263245235,0.001486741286,0.006598195709,-1.670204038,-0.4292819988,0.004187373641,0.007145717324,2.116883773,0.4132026067,0.003812669482,0.0058433683,2.809921364,0.6015028884,0.006100980594,0.008613212198,0.5074807808,0.11449271,0.002328889463,0.006238702293,1.496558476,0.0199290714,0.002056143038,0.004370320673,2.037066138,0.02683025038,0.003428218372,0.0081461367,0.4211937536,0.1395198463,0.002160450997,0.005997924421,1.448844959,0.02313675915,0.001924432839,0.004093583984,1.942904511,0.03752615177,0.002639771531,0.006913147297
1,41,geom_mid15_sd707_r1_patient_indoff,mid15_sd707,r1_patient_indoff,0.03,"patient-level geometry: plane angle 20.1 deg (SD 15), offset scale 0.4973, independent offsets",0.2701915544,0.2371565766,0.3412144732,100000,0.005634553169,0.2629475401,0.0007816352905,0.006040821831,1.438060053,-0.03045481316,0.001086281501,0.003976364159,1.910274351,-0.0263245235,0.001486741286,0.006598195709,-1.675788299,-0.4348662602,0.005721975026,0.007098673693,2.115300239,0.4116190729,0.005075243769,0.005807642791,2.801309132,0.5928906561,0.007855518913,0.008569613054,0.5115181692,0.1185300983,0.003352445095,0.006243107702,1.498307894,0.02167848895,0.002829978255,0.004375321517,2.039424242,0.02918835418,0.005193900364,0.008216057791,0.4249092644,0.1432353571,0.002969838391,0.006008856538,1.450838933,0.02513073331,0.002522744931,0.004106373973,1.947086918,0.04170855869,0.003653690681,0.007033530968
1,42,geom_mid15_sd707_r1_patient_spanq,mid15_sd707,r1_patient_spanq,0.03,"patient-level geometry: plane angle 20.1 deg (SD 15), offset scale 0.4973, span-linked ellipticity",0.2686766553,0.2367636182,0.3829225109,100000,0.005634553169,0.2629475401,0.0007816352905,0.006040821831,1.438060053,-0.03045481316,0.001086281501,0.003976364159,1.910274351,-0.0263245235,0.001486741286,0.006598195709,-1.952614257,-0.711692218,0.006011737334,0.008773986916,2.352499171,0.6488180049,0.005511903346,0.007730923302,3.392773216,1.18435474,0.01127447234,0.01393824328,0.455061601,0.06207353019,0.002639428036,0.006133299545,1.482657847,0.006028442098,0.002262187569,0.004207758534,1.992179654,-0.01805623373,0.004895292303,0.007074866358,0.3916898664,0.1100159591,0.002256461902,0.005980612125,1.448224486,0.02251628667,0.001968633804,0.004040816117,1.931361521,0.02598316111,0.00298952495,0.006678367757
1,43,geom_mid15_sd707_r2_patient,mid15_sd707,r2_patient,0.03,"patient-level offset only, offset scale 0.4973",0.1376701122,0.1870578313,0.08395010449,100000,0.005634553169,0.2629475401,0.0007816352905,0.006040821831,1.438060053,-0.03045481316,0.001086281501,0.003976364159,1.910274351,-0.0263245235,0.001486741286,0.006598195709,-0.7085775172,0.5323445219,0.001446778043,0.00610220302,1.545152279,-0.1585288879,0.002021441636,0.004287488599,2.055658783,-0.1527596934,0.002541222264,0.006530372886,0.9035161742,0.5105281034,0.001520138279,0.006386834083,1.607971516,0.1313421113,0.002009020113,0.004806158912,2.212569919,0.2023340311,0.002672749727,0.009125772345,0.7529193096,0.4712454023,0.001655457977,0.005990436889,1.516524296,0.09081609709,0.002011658207,0.004307618399,2.03847615,0.1330977904,0.002570893843,0.007225975109
1,44,geom_mid15_sd707_r2_patient_indoff,mid15_sd707,r2_patient_indoff,0.03,"patient-level offset only, offset scale 0.4973, independent offsets",0.1391282266,0.1878690749,0.002091182689,100000,0.005634553169,0.2629475401,0.0007816352905,0.006040821831,1.438060053,-0.03045481316,0.001086281501,0.003976364159,1.910274351,-0.0263245235,0.001486741286,0.006598195709,-0.7151897594,0.5257322797,0.004463236038,0.006029505356,1.536959039,-0.1667221276,0.004056830184,0.004224604455,2.036407012,-0.1720114635,0.00606979723,0.006302415453,0.9100242604,0.5170361895,0.003372427962,0.00637246337,1.609500564,0.132871159,0.003114944898,0.004794229246,2.211093052,0.2008571647,0.005392557558,0.009082617373,0.7569617617,0.4752878544,0.003059888517,0.005991336968,1.517798539,0.09209033966,0.002828428765,0.004311465253,2.040237015,0.1348586561,0.004038136081,0.00729628411
1,45,geom_ind00_sd707_r1_halfnormal,ind00_sd707,r1_halfnormal,0.03,half-normal scale 0.3151,0.2495893861,0.1880910942,0.07943677309,100000,0.005634553169,0.2629475401,0.0007816352905,0.006040821831,1.438060053,-0.03045481316,0.001086281501,0.003976364159,1.910274351,-0.0263245235,0.001486741286,0.006598195709,-1.529846669,-0.2889246297,0.0008245691026,0.006172067019,1.915746955,0.212065788,0.001011031855,0.004979731186,2.479885857,0.2714673811,0.001353655508,0.007002576912,0.4581317072,0.06514363641,0.001032890572,0.006187540834,1.477688464,0.001059058901,0.001007913154,0.004306817718,2.009580188,-0.0006556995185,0.001412861738,0.008104126379,0.3791891123,0.09751520502,0.001257673148,0.005971553747,1.437688858,0.01198065817,0.001167537129,0.004053099203,1.926056629,0.0206782698,0.001625886195,0.006863729318
1,46,geom_ind00_sd707_r1_chord,ind00_sd707,r1_chord,0.03,"chord link, shift 0.2235, offset scale 0.2601",0.2511722061,0.04227750943,0.09372071848,100000,0.005634553169,0.2629475401,0.0007816352905,0.006040821831,1.438060053,-0.03045481316,0.001086281501,0.003976364159,1.910274351,-0.0263245235,0.001486741286,0.006598195709,-1.537859931,-0.2969378916,0.002170358014,0.0051413088,1.780977269,0.07729610282,0.002180680859,0.004285359589,2.237921435,0.02950295935,0.002915505942,0.005551209408,0.1806548401,-0.2123332307,0.002646980469,0.006012049496,1.420942022,-0.05568738265,0.002397473823,0.004034865538,1.909731379,-0.1005045085,0.004072918403,0.00730797115,0.1489892494,-0.1326846579,0.002540319803,0.005927884126,1.407860842,-0.01784735784,0.002233579641,0.003942191104,1.880463687,-0.0249146724,0.003119459668,0.006659034199
1,47,geom_ind00_sd707_r2_halfnormal,ind00_sd707,r2_halfnormal,0.03,half-normal scale 0.0450,0.03573901356,0.02710687446,0.08057715276,100000,0.005634553169,0.2629475401,0.0007816352905,0.006040821831,1.438060053,-0.03045481316,0.001086281501,0.003976364159,1.910274351,-0.0263245235,0.001486741286,0.006598195709,0.04159188623,1.282513925,0.002919042653,0.005163086336,1.23832865,-0.4653525166,0.004032975778,0.003367495766,1.633232769,-0.5751857066,0.005754901235,0.005178124253,1.166497301,0.7735092306,0.0026679725,0.006397894809,1.69790157,0.2212721649,0.003021173794,0.005070637821,2.335375948,0.3251400606,0.004372787022,0.00947097136,0.9751661685,0.6934922612,0.002533718182,0.005912772997,1.5719395,0.1462313009,0.002818401341,0.004445254228,2.108791727,0.2034133675,0.003694739443,0.007358500529
1,48,geom_ind00_sd707_r2_chord,ind00_sd707,r2_chord,0.03,"chord link, offset scale 0.2601",0.03563540963,0.05444634053,0.09372071848,100000,0.005634553169,0.2629475401,0.0007816352905,0.006040821831,1.438060053,-0.03045481316,0.001086281501,0.003976364159,1.910274351,-0.0263245235,0.001486741286,0.006598195709,0.04181598161,1.282738021,0.002624218408,0.005243021332,1.256284575,-0.4473965913,0.003966344262,0.003424046065,1.65850787,-0.5499106058,0.005541804848,0.005260706674,1.208663689,0.8156756179,0.002684981979,0.00645547338,1.726183318,0.2495539134,0.003116395653,0.005146316674,2.372370101,0.362134213,0.004420330884,0.009540005782,1.011733781,0.7300598732,0.002598179389,0.005955681812,1.594982935,0.1692747356,0.002925461496,0.004501815257,2.137892504,0.2325141443,0.00382216065,0.007411290729
1,49,geom_ind00_sd707_r1_patient,ind00_sd707,r1_patient,0.03,"patient-level geometry: plane angle 30.0 deg (SD 0), offset scale 0.2601",0.2500030239,0.213300197,0.9605956129,100000,0.005634553169,0.2629475401,0.0007816352905,0.006040821831,1.438060053,-0.03045481316,0.001086281501,0.003976364159,1.910274351,-0.0263245235,0.001486741286,0.006598195709,-1.529517167,-0.288595128,0.005730834595,0.007369957686,2.055923266,0.3522420995,0.005119806296,0.005953327678,2.787650638,0.5792321616,0.008275605624,0.009101853835,0.4618944388,0.06890636796,0.002998570642,0.006229814795,1.490382193,0.01375278848,0.002559682271,0.004327986309,2.0234542,0.0132183123,0.004620369966,0.008021055209,0.38408295,0.1024090427,0.002681705516,0.005998802262,1.445356297,0.01964809714,0.002295824699,0.004070636721,1.935470637,0.03009227719,0.003166477465,0.006891314361
1,50,geom_ind00_sd707_r1_patient_indoff,ind00_sd707,r1_patient_indoff,0.03,"patient-level geometry: plane angle 30.0 deg (SD 0), offset scale 0.2601, independent offsets",0.2502902742,0.2132446646,0.9568982913,100000,0.005634553169,0.2629475401,0.0007816352905,0.006040821831,1.438060053,-0.03045481316,0.001086281501,0.003976364159,1.910274351,-0.0263245235,0.001486741286,0.006598195709,-1.530501347,-0.2895793084,0.006077811813,0.007364267492,2.054500438,0.3508192718,0.005371888523,0.005953727494,2.78668687,0.5782683941,0.008598013954,0.009120875332,0.4626516481,0.06966357729,0.003309585634,0.006226997776,1.48985336,0.01322395484,0.002781357631,0.00432656167,2.022759972,0.01252408378,0.005190931617,0.008111606868,0.3841353245,0.1024614172,0.002919792029,0.005997671573,1.444843436,0.0191352366,0.002457969988,0.004070840728,1.935130591,0.02975223198,0.003449894554,0.006911045982
1,51,geom_ind00_sd707_r1_patient_spanq,ind00_sd707,r1_patient_spanq,0.03,"patient-level geometry: plane angle 30.0 deg (SD 0), offset scale 0.2601, span-linked ellipticity",0.249393727,0.213092582,0.9607243167,100000,0.005634553169,0.2629475401,0.0007816352905,0.006040821831,1.438060053,-0.03045481316,0.001086281501,0.003976364159,1.910274351,-0.0263245235,0.001486741286,0.006598195709,-1.954145663,-0.7132236242,0.007612890953,0.009602143339,2.403823735,0.7001425685,0.006890475683,0.008520805594,3.610915222,1.402496746,0.01311489214,0.01528251231,0.3854511476,-0.007536923221,0.003167406118,0.006097101402,1.472103317,-0.004526087975,0.002646098038,0.004121806373,1.966214628,-0.04402125966,0.005299812795,0.006866278322,0.3425025352,0.06082862791,0.002692092317,0.005990941473,1.44703269,0.02132449058,0.002272614809,0.004015622727,1.925203903,0.01982554382,0.003310378626,0.006638227239
1,52,geom_ind00_sd707_r2_patient,ind00_sd707,r2_patient,0.03,"patient-level offset only, offset scale 0.2601",0.03563540963,0.05444634053,0.09372071848,100000,0.005634553169,0.2629475401,0.0007816352905,0.006040821831,1.438060053,-0.03045481316,0.001086281501,0.003976364159,1.910274351,-0.0263245235,0.001486741286,0.006598195709,0.04181598161,1.282738021,0.002624218408,0.005243021332,1.256284575,-0.4473965913,0.003966344262,0.003424046065,1.65850787,-0.5499106058,0.005541804848,0.005260706674,1.208663689,0.8156756179,0.002684981979,0.00645547338,1.726183318,0.2495539134,0.003116395653,0.005146316674,2.372370101,0.362134213,0.004420330884,0.009540005782,1.011733781,0.7300598732,0.002598179389,0.005955681812,1.594982935,0.1692747356,0.002925461496,0.004501815257,2.137892504,0.2325141443,0.00382216065,0.007411290729
1,53,geom_ind00_sd707_r2_patient_indoff,ind00_sd707,r2_patient_indoff,0.03,"patient-level offset only, offset scale 0.2601, independent offsets",0.0360664574,0.05512305492,0.001697968978,100000,0.005634553169,0.2629475401,0.0007816352905,0.006040821831,1.438060053,-0.03045481316,0.001086281501,0.003976364159,1.910274351,-0.0263245235,0.001486741286,0.006598195709,0.04012075746,1.281042797,0.003475193442,0.005229049026,1.253324757,-0.4503564098,0.004189617753,0.003413306914,1.654048882,-0.554369594,0.006074009227,0.005256781654,1.210348709,0.8173606378,0.003308176823,0.006445351693,1.725744418,0.2491150129,0.003403853236,0.005139057222,2.370476386,0.3602404987,0.005353454013,0.009520779964,1.011062916,0.7293890087,0.003054005706,0.005952540734,1.59345573,0.1677475305,0.003117541723,0.004501561959,2.136700004,0.2313216444,0.004317472697,0.00747055923
1,54,geom_ind15_r1_halfnormal,ind15,r1_halfnormal,0.06,half-normal scale 0.3699,0.2916437968,0.2166271972,0.07674593335,100000,-0.257312987,0,0,0.006069795771,1.468514866,0,0,0.003992361743,1.936598874,0,0,0.006348167714,-1.926444279,-0.6855222396,0.001570637975,0.006611825861,2.214162696,0.5104815295,0.002051735867,0.005639400077,2.843020922,0.6346024463,0.00260913898,0.007857433343,0.225463433,-0.1675246378,0.0009909578078,0.006210336167,1.463826797,-0.01280260826,0.001047113639,0.004201013545,1.976770781,-0.03346510637,0.001578853009,0.007756619801,0.1417939413,-0.139879966,0.001119667395,0.005997246486,1.428608478,0.002900279081,0.001085914473,0.003969709902,1.901779718,-0.003598641141,0.001438012743,0.00656186543
1,55,geom_ind15_r1_chord,ind15,r1_chord,0.06,"chord link, shift 0.2308, offset scale 0.3844",0.294532814,0.09701756534,0.09221954218,100000,-0.257312987,0,0,0.006069795771,1.468514866,0,0,0.003992361743,1.936598874,0,0,0.006348167714,-1.944481571,-0.703559532,0.001632776176,0.005545611039,2.105903404,0.4022222375,0.002187818348,0.004920927834,2.618464819,0.4100463426,0.002262287231,0.006444083223,-0.08199024333,-0.4749783141,0.002545184488,0.006017561354,1.429329763,-0.04729964173,0.00253336103,0.00398098346,1.904675997,-0.1055598907,0.004244091918,0.006934610471,-0.1141270991,-0.3958010064,0.002438789777,0.005941901687,1.419692069,-0.006016130734,0.002322375318,0.003909090643,1.882447676,-0.02293068304,0.003211124962,0.006364209609
1,56,geom_ind15_r2_halfnormal,ind15,r2_halfnormal,0.06,half-normal scale 0.1047,0.08309229632,0.06302279275,0.08057715276,100000,-0.257312987,0,0,0.006069795771,1.468514866,0,0,0.003992361743,1.936598874,0,0,0.006348167714,-0.3940531115,0.8468689276,0.001996897194,0.00518624843,1.293140844,-0.4105403222,0.002796766299,0.003424568176,1.686703363,-0.5217151129,0.003845862317,0.004938483686,0.7988679628,0.405879892,0.001839679215,0.006299989627,1.557951449,0.0813220444,0.001991002271,0.004668989552,2.146424297,0.136188409,0.002923598455,0.009015732951,0.6254385596,0.3437646523,0.00188315156,0.005881055862,1.462176068,0.03646786813,0.00192158047,0.004137485802,1.962095974,0.05671761424,0.002504466052,0.0069590478
1,57,geom_ind15_r2_chord,ind15,r2_chord,0.06,"chord link, offset scale 0.3844",0.08286898407,0.1261260907,0.09221954218,100000,-0.257312987,0,0,0.006069795771,1.468514866,0,0,0.003992361743,1.936598874,0,0,0.006348167714,-0.393545154,0.847376885,0.001602145348,0.005590742253,1.37020858,-0.3334725863,0.00267014773,0.003745702741,1.811211314,-0.3972071616,0.003300189409,0.005663381946,0.9491646737,0.5561766029,0.00218332634,0.006434039307,1.629271797,0.1526423927,0.00245791848,0.004884726842,2.245118786,0.2348828979,0.003484870413,0.009274889375,0.7510263231,0.4693524158,0.002268180377,0.005971926597,1.514429887,0.08872168773,0.00237147421,0.004285925907,2.032337473,0.1269591131,0.003111099463,0.007136429706
1,58,geom_ind15_r1_patient,ind15,r1_patient,0.06,"patient-level geometry: plane angle 31.8 deg (SD 15), offset scale 0.3844",0.2946082255,0.1898603394,0.4434337788,100000,-0.257312987,0,0,0.006069795771,1.468514866,0,0,0.003992361743,1.936598874,0,0,0.006348167714,-1.944412497,-0.7034904581,0.004013458058,0.006633194844,2.226693796,0.5230126297,0.003798946529,0.005676698253,2.860178901,0.6517604246,0.005471152009,0.007824171169,0.1409132234,-0.2520748475,0.002762165691,0.006159551174,1.452541789,-0.02408761535,0.002398550486,0.004127911158,1.952901857,-0.05733403081,0.004275736121,0.007443862303,0.07268214741,-0.2089917599,0.002477121174,0.00598586202,1.424131021,-0.001577178801,0.002135981422,0.003949895839,1.894281203,-0.01109715642,0.002979711306,0.006482072576
1,59,geom_ind15_r1_patient_indoff,ind15,r1_patient_indoff,0.06,"patient-level geometry: plane angle 31.8 deg (SD 15), offset scale 0.3844, independent offsets",0.295305311,0.1897126048,0.4189618265,100000,-0.257312987,0,0,0.006069795771,1.468514866,0,0,0.003992361743,1.936598874,0,0,0.006348167714,-1.947050595,-0.7061285558,0.00502942003,0.006602666667,2.226100602,0.5224194357,0.004625425414,0.005652425315,2.854905101,0.6464866251,0.006793924942,0.007824000732,0.1472141161,-0.2457739547,0.003312778384,0.006162083869,1.452474153,-0.02415525147,0.002805992255,0.0041341235,1.95416524,-0.05607064755,0.005285182984,0.007523079526,0.07858542904,-0.2030884783,0.002897357473,0.005984379554,1.422824321,-0.002883878211,0.002448040245,0.003953487451,1.8940485,-0.01132985905,0.003460194068,0.006548020653
1,60,geom_ind15_r1_patient_spanq,ind15,r1_patient_spanq,0.06,"patient-level geometry: plane angle 31.8 deg (SD 15), offset scale 0.3844, span-linked ellipticity",0.2944386735,0.1898167723,0.4442354077,100000,-0.257312987,0,0,0.006069795771,1.468514866,0,0,0.003992361743,1.936598874,0,0,0.006348167714,-2.071325715,-0.8304036758,0.004690563214,0.007288141406,2.338765015,0.6350838481,0.00441300769,0.006428263485,3.098715478,0.8902970023,0.00721154684,0.009740226024,0.1177200351,-0.2752680358,0.002906175172,0.006136353843,1.451053558,-0.02557584699,0.002507387947,0.004091166717,1.944043261,-0.06619262684,0.00473327109,0.007116400451,0.05980391747,-0.2218699898,0.002534644928,0.005995929443,1.427436348,0.00172814856,0.00218138726,0.003951074068,1.897012795,-0.008365564095,0.003185287731,0.006426740955
1,61,geom_ind15_r2_patient,ind15,r2_patient,0.06,"patient-level offset only, offset scale 0.3844",0.08286898407,0.1261260907,0.09221954218,100000,-0.257312987,0,0,0.006069795771,1.468514866,0,0,0.003992361743,1.936598874,0,0,0.006348167714,-0.393545154,0.847376885,0.001602145348,0.005590742253,1.37020858,-0.3334725863,0.00267014773,0.003745702741,1.811211314,-0.3972071616,0.003300189409,0.005663381946,0.9491646737,0.5561766029,0.00218332634,0.006434039307,1.629271797,0.1526423927,0.00245791848,0.004884726842,2.245118786,0.2348828979,0.003484870413,0.009274889375,0.7510263231,0.4693524158,0.002268180377,0.005971926597,1.514429887,0.08872168773,0.00237147421,0.004285925907,2.032337473,0.1269591131,0.003111099463,0.007136429706
1,62,geom_ind15_r2_patient_indoff,ind15,r2_patient_indoff,0.06,"patient-level offset only, offset scale 0.3844, independent offsets",0.08374719569,0.1267187125,0.001242640528,100000,-0.257312987,0,0,0.006069795771,1.468514866,0,0,0.003992361743,1.936598874,0,0,0.006348167714,-0.3972668277,0.8436552114,0.00378471111,0.005530772327,1.361609697,-0.3420714692,0.003803379308,0.003691567764,1.793525744,-0.4148927315,0.005550000233,0.005477081058,0.9571015643,0.5641134935,0.003437175617,0.006413972217,1.628487288,0.1518578837,0.003192094009,0.004876432258,2.242745243,0.2325093553,0.005426737282,0.009254147112,0.7543146418,0.4726407345,0.003157075236,0.005962068525,1.512473974,0.08676577413,0.002875353647,0.004284882708,2.030660273,0.1252819131,0.004141464951,0.007221248149
1,63,geom_mid15_r1_halfnormal,mid15,r1_halfnormal,0.06,half-normal scale 0.3761,0.296328367,0.219615481,0.07633903355,100000,-0.257312987,0,0,0.006069795771,1.468514866,0,0,0.003992361743,1.936598874,0,0,0.006348167714,-1.960842965,-0.7199209255,0.00164556375,0.006656136455,2.242086525,0.5384053589,0.002142986859,0.005699435563,2.876677959,0.6682594827,0.002721936888,0.007932898097,0.2189201894,-0.1740678814,0.001029616828,0.006209180211,1.463495225,-0.01313417965,0.001085432482,0.004196997409,1.975671882,-0.03456400595,0.001642744781,0.007737712844,0.1362905844,-0.1453833229,0.001149094321,0.005998288391,1.428779846,0.003071646208,0.001115216094,0.003968739611,1.901705946,-0.003672413162,0.001474459774,0.006556220892
1,64,geom_mid15_r1_chord,mid15,r1_chord,0.06,"chord link, shift 0.1425, offset scale 0.5879",0.298976173,0.1915103727,0.07529111473,100000,-0.257312987,0,0,0.006069795771,1.468514866,0,0,0.003992361743,1.936598874,0,0,0.006348167714,-1.978247086,-0.7373250466,0.001610062512,0.006353705074,2.208494168,0.5048130017,0.002223015204,0.005543430542,2.819641463,0.6112229868,0.002866489098,0.007677121959,0.055463269,-0.3375248018,0.001697799465,0.006032226694,1.421839329,-0.05479007571,0.001825045929,0.004025176766,1.90835418,-0.101881708,0.00290122645,0.007309170225,-0.0003456475101,-0.2820195548,0.001792522535,0.005896063166,1.401555525,-0.02415267481,0.001786888566,0.003888416995,1.864489593,-0.04088876664,0.002424163381,0.006434833418
1,65,geom_mid15_r2_halfnormal,mid15,r2_halfnormal,0.06,half-normal scale 0.2302,0.1826616482,0.1385275154,0.08057961769,100000,-0.257312987,0,0,0.006069795771,1.468514866,0,0,0.003992361743,1.936598874,0,0,0.006348167714,-1.125755282,0.1151667566,0.0002712093699,0.005659459161,1.62983477,-0.07384639677,0.0003859916414,0.004258987542,2.11429438,-0.09412409574,0.0004931110004,0.005950190701,0.4308760833,0.03788801245,0.0002171823349,0.006239594186,1.480941329,0.004311923907,0.0002442337938,0.004342465274,2.019620961,0.009385073653,0.000332809737,0.008291694987,0.3135625042,0.03188859687,0.0003990890335,0.005948858754,1.42596336,0.000255160742,0.0003680219233,0.004004775445,1.907138721,0.001760362098,0.0005176335482,0.006710839738
1,66,geom_mid15_r2_chord,mid15,r2_chord,0.06,"chord link, offset scale 0.5879",0.1824715077,0.2233378955,0.07529111473,100000,-0.257312987,0,0,0.006069795771,1.468514866,0,0,0.003992361743,1.936598874,0,0,0.006348167714,-1.124776493,0.1161455457,0.001731545453,0.00653598527,1.770978376,0.06729720975,0.001706583028,0.004899642214,2.353080914,0.1446624376,0.002645696041,0.00732873157,0.6960544685,0.3030663977,0.001330312422,0.006415470427,1.561968048,0.08533864371,0.00151676757,0.004648176164,2.144825574,0.1345896866,0.00214844836,0.008898062274,0.5355449588,0.2538710514,0.001536350932,0.00603057529,1.477550956,0.05184275696,0.001570971929,0.004171829867,1.980796776,0.07541841676,0.002054456055,0.0069806753
1,67,geom_mid15_r1_patient,mid15,r1_patient,0.06,"patient-level geometry: plane angle 18.8 deg (SD 15), offset scale 0.5879",0.2988511265,0.2307400691,0.1706581804,100000,-0.257312987,0,0,0.006069795771,1.468514866,0,0,0.003992361743,1.936598874,0,0,0.006348167714,-1.976568376,-0.7356463368,0.003147140952,0.006898999502,2.284132943,0.5804517764,0.003146036523,0.00587295969,2.94387404,0.7354555638,0.004384573323,0.008164123687,0.2437268342,-0.1492612366,0.002168256975,0.006224001768,1.467548739,-0.009080665993,0.001890539084,0.004218414782,1.983225613,-0.02701027455,0.003255860623,0.007821417558,0.157060935,-0.1246129723,0.002011187093,0.006003879688,1.429417546,0.003709346993,0.001741910815,0.003982550138,1.905069348,-0.0003090111608,0.002396311405,0.006575307505
1,68,geom_mid15_r1_patient_indoff,mid15,r1_patient_indoff,0.06,"patient-level geometry: plane angle 18.8 deg (SD 15), offset scale 0.5879, independent offsets",0.3005184249,0.2312252996,0.1172037203,100000,-0.257312987,0,0,0.006069795771,1.468514866,0,0,0.003992361743,1.936598874,0,0,0.006348167714,-1.982601774,-0.7416797347,0.005301715473,0.006828872669,2.282592617,0.5789114509,0.004828391561,0.00581705951,2.931554767,0.7231362912,0.007030327577,0.008062093889,0.2523547839,-0.1406332869,0.003393295425,0.006227369717,1.467834444,-0.008794960722,0.002828166767,0.004227454827,1.985360802,-0.02487508543,0.005292405058,0.007983166428,0.16466285,-0.1170110573,0.002976512539,0.006011185558,1.429030153,0.003321954038,0.002484856278,0.003998001632,1.908012815,0.002634455179,0.003592882904,0.006718933667
1,69,geom_mid15_r1_patient_spanq,mid15,r1_patient_spanq,0.06,"patient-level geometry: plane angle 18.8 deg (SD 15), offset scale 0.5879, span-linked ellipticity",0.2987662388,0.2307116579,0.1714428945,100000,-0.257312987,0,0,0.006069795771,1.468514866,0,0,0.003992361743,1.936598874,0,0,0.006348167714,-2.057491078,-0.8165690392,0.003708840739,0.007295231902,2.352703658,0.6490224919,0.003647229425,0.00634041234,3.091157901,0.8827394248,0.005849208402,0.009408334578,0.2237638883,-0.1692241825,0.002335395153,0.006197670427,1.465322761,-0.0113066438,0.002021566428,0.004176111092,1.97259822,-0.03763766732,0.003814986378,0.007431600197,0.1463389442,-0.1353349632,0.002091797573,0.006009703224,1.431610898,0.005902698834,0.001804918804,0.003979369706,1.906051482,0.000673123099,0.002632561583,0.006515142985
1,70,geom_mid15_r2_patient,mid15,r2_patient,0.06,"patient-level offset only, offset scale 0.5879",0.1824715077,0.2233378955,0.07529111473,100000,-0.257312987,0,0,0.006069795771,1.468514866,0,0,0.003992361743,1.936598874,0,0,0.006348167714,-1.124776493,0.1161455457,0.001731545453,0.00653598527,1.770978376,0.06729720975,0.001706583028,0.004899642214,2.353080914,0.1446624376,0.002645696041,0.00732873157,0.6960544685,0.3030663977,0.001330312422,0.006415470427,1.561968048,0.08533864371,0.00151676757,0.004648176164,2.144825574,0.1345896866,0.00214844836,0.008898062274,0.5355449588,0.2538710514,0.001536350932,0.00603057529,1.477550956,0.05184275696,0.001570971929,0.004171829867,1.980796776,0.07541841676,0.002054456055,0.0069806753
1,71,geom_mid15_r2_patient_indoff,mid15,r2_patient_indoff,0.06,"patient-level offset only, offset scale 0.5879, independent offsets",0.1843538801,0.2242308008,0.002380176612,100000,-0.257312987,0,0,0.006069795771,1.468514866,0,0,0.003992361743,1.936598874,0,0,0.006348167714,-1.132165607,0.1087564322,0.004901942472,0.006436803253,1.761148624,0.05746745745,0.004297806332,0.004820145121,2.329163185,0.1207447087,0.006524077823,0.0071096158,0.7059843325,0.3129962617,0.003558773909,0.006386097546,1.559618325,0.08298891983,0.003063443736,0.00463056088,2.139298316,0.1290624277,0.005506520942,0.008842214269,0.5423323748,0.2606584675,0.003194280504,0.006017471779,1.474644283,0.04893608315,0.002730354128,0.004171961771,1.978657337,0.07327897739,0.003997736361,0.007052000802
1,72,geom_ind00_r1_halfnormal,ind00,r1_halfnormal,0.06,half-normal scale 0.3676,0.2899599274,0.2155441942,0.07688621756,100000,-0.257312987,0,0,0.006069795771,1.468514866,0,0,0.003992361743,1.936598874,0,0,0.006348167714,-1.914074209,-0.6731521704,0.001543571227,0.006595894506,2.204156048,0.5004748816,0.002018715425,0.005617781308,2.830939598,0.622521122,0.002568197897,0.007830182981,0.2278513939,-0.1651366769,0.0009768187544,0.006210736927,1.463945532,-0.01268387285,0.001033125329,0.004202480389,1.977170453,-0.03306543436,0.001555583928,0.007763442224,0.1438094285,-0.1378644788,0.001108875274,0.005996932185,1.428534913,0.0028267138,0.001074954037,0.003970224826,1.901831946,-0.003546413053,0.001421004521,0.006564401325
1,73,geom_ind00_r1_chord,ind00,r1_chord,0.06,"chord link, shift 0.2469, offset scale 0.3336",0.2929328478,0.07184970621,0.09380526766,100000,-0.257312987,0,0,0.006069795771,1.468514866,0,0,0.003992361743,1.936598874,0,0,0.006348167714,-1.932169642,-0.6912476029,0.001912001061,0.005400849279,2.085224822,0.3815436558,0.002344081331,0.004797945509,2.578791897,0.3703734214,0.002585301573,0.006169664539,-0.09688220639,-0.4898702772,0.002669426538,0.006019444817,1.431586405,-0.04504299946,0.002621111837,0.003979067373,1.905969968,-0.1042659198,0.004433034,0.006891040079,-0.126315415,-0.4079893223,0.002520223452,0.005950925733,1.423049574,-0.002658625337,0.002379338335,0.003914354494,1.886073137,-0.01930522237,0.003298053867,0.006360774807
1,74,geom_ind00_r2_halfnormal,ind00,r2_halfnormal,0.06,half-normal scale 0.0774,0.06137300475,0.0465494195,0.08057715276,100000,-0.257312987,0,0,0.006069795771,1.468514866,0,0,0.003992361743,1.936598874,0,0,0.006348167714,-0.2344396235,1.006482416,0.002373519085,0.005154532294,1.258460271,-0.4452208955,0.003284641954,0.003358786555,1.646771291,-0.561647185,0.004590439824,0.004947010643,0.9223697232,0.5293816524,0.002261861347,0.006333000641,1.598492507,0.1218631021,0.002434345246,0.00480235388,2.20486179,0.1946259018,0.003606343187,0.009209351707,0.7290429499,0.4473690426,0.002235998539,0.005875686495,1.486930309,0.06122210912,0.002295177091,0.004210575097,1.99595548,0.09057712057,0.003025775806,0.007058380122
1,75,geom_ind00_r2_chord,ind00,r2_chord,0.06,"chord link, offset scale 0.3336",0.06117066893,0.09540057321,0.09380526766,100000,-0.257312987,0,0,0.006069795771,1.468514866,0,0,0.003992361743,1.936598874,0,0,0.006348167714,-0.2337725824,1.007149457,0.001951705968,0.00539778346,1.307881681,-0.3957994857,0.003141559059,0.003546385764,1.72285435,-0.4855641255,0.004086451323,0.005327417444,1.025244638,0.6322565668,0.002444135463,0.006442664989,1.654815336,0.1781859313,0.002720578587,0.004963354827,2.280762652,0.2705267644,0.003898898217,0.009372938812,0.816566062,0.5348921547,0.00246979047,0.005958812183,1.530569661,0.1048614616,0.002580485745,0.004329970151,2.053652573,0.1482742133,0.003411536895,0.007191765568
1,76,geom_ind00_r1_patient,ind00,r1_patient,0.06,"patient-level geometry: plane angle 32.1 deg (SD 0), offset scale 0.3336",0.2923447815,0.1602778515,0.8081662738,100000,-0.257312987,0,0,0.006069795771,1.468514866,0,0,0.003992361743,1.936598874,0,0,0.006348167714,-1.9272759,-0.6863538608,0.00409891612,0.006494345195,2.199325141,0.4956439744,0.003872725153,0.005563274255,2.816381041,0.6079625652,0.005611910563,0.00760959761,0.05208796854,-0.3409001023,0.002775843201,0.006105316977,1.441964989,-0.03466441554,0.002475454911,0.004063150132,1.931363617,-0.07887227083,0.004511273887,0.007303701314,-0.001058825,-0.2827327323,0.002486619891,0.005967928061,1.419639732,-0.006068467729,0.002194385506,0.003932201081,1.887215419,-0.0181629399,0.003070190098,0.006485352076
1,77,geom_ind00_r1_patient_indoff,ind00,r1_patient_indoff,0.06,"patient-level geometry: plane angle 32.1 deg (SD 0), offset scale 0.3336, independent offsets",0.2928132005,0.1603484232,0.7899618695,100000,-0.257312987,0,0,0.006069795771,1.468514866,0,0,0.003992361743,1.936598874,0,0,0.006348167714,-1.928892591,-0.6879705516,0.004860329371,0.006474965343,2.197530167,0.4938490001,0.004501215829,0.005553372243,2.813023697,0.6046052211,0.006599242715,0.007630441853,0.05586738715,-0.3371206837,0.003179124584,0.006106262399,1.441735844,-0.03489356089,0.002758241892,0.004065885162,1.931768083,-0.07846780458,0.005113451855,0.007383604598,0.0009634940666,-0.2807104132,0.002783901057,0.005968461649,1.419471313,-0.006236885936,0.002406632932,0.003933618456,1.887384103,-0.01799425651,0.003383552752,0.006501595221
1,78,geom_ind00_r1_patient_spanq,ind00,r1_patient_spanq,0.06,"patient-level geometry: plane angle 32.1 deg (SD 0), offset scale 0.3336, span-linked ellipticity",0.2921002732,0.1602916521,0.8083140951,100000,-0.257312987,0,0,0.006069795771,1.468514866,0,0,0.003992361743,1.936598874,0,0,0.006348167714,-2.073308644,-0.8323866054,0.004830313775,0.007253594185,2.327962631,0.6242814642,0.004544981698,0.006434788557,3.091928036,0.8835095602,0.007526222239,0.009855429674,0.02658252438,-0.3664055464,0.002938381538,0.006084688085,1.441554489,-0.03507491588,0.002597685391,0.004031066139,1.924321313,-0.08591457451,0.004974423554,0.006986816438,-0.0136543837,-0.295328291,0.002560656971,0.005986846624,1.424855079,-0.0008531203229,0.002245518983,0.003942318348,1.893246907,-0.0121314526,0.0032950635,0.006441008636
1,79,geom_ind00_r2_patient,ind00,r2_patient,0.06,"patient-level offset only, offset scale 0.3336",0.06117066893,0.09540057321,0.09380526766,100000,-0.257312987,0,0,0.006069795771,1.468514866,0,0,0.003992361743,1.936598874,0,0,0.006348167714,-0.2337725824,1.007149457,0.001951705968,0.00539778346,1.307881681,-0.3957994857,0.003141559059,0.003546385764,1.72285435,-0.4855641255,0.004086451323,0.005327417444,1.025244638,0.6322565668,0.002444135463,0.006442664989,1.654815336,0.1781859313,0.002720578587,0.004963354827,2.280762652,0.2705267644,0.003898898217,0.009372938812,0.816566062,0.5348921547,0.00246979047,0.005958812183,1.530569661,0.1048614616,0.002580485745,0.004329970151,2.053652573,0.1482742133,0.003411536895,0.007191765568
1,80,geom_ind00_r2_patient_indoff,ind00,r2_patient_indoff,0.06,"patient-level offset only, offset scale 0.3336, independent offsets",0.06186588889,0.09611515427,0.0004587874629,100000,-0.257312987,0,0,0.006069795771,1.468514866,0,0,0.003992361743,1.936598874,0,0,0.006348167714,-0.2363600765,1.004561963,0.003559713262,0.005356007663,1.300658043,-0.4030231235,0.003839273457,0.003511153929,1.710122571,-0.498295905,0.005548508215,0.005224577794,1.030968402,0.6379803309,0.0034240945,0.006424846871,1.654168284,0.1775388793,0.003258899843,0.004954262943,2.278315232,0.2680793447,0.005446775157,0.009358394412,0.8172229883,0.535549081,0.0031544621,0.005947865009,1.528005074,0.1022968745,0.002937138545,0.004325213352,2.050738368,0.1453600082,0.004207275902,0.007263128723
1,81,geom_ind15_sd707_r1_halfnormal,ind15_sd707,r1_halfnormal,0.06,half-normal scale 0.3224,0.2553309644,0.1921501248,0.07916921432,100000,-0.257312987,0,0,0.006069795771,1.468514866,0,0,0.003992361743,1.936598874,0,0,0.006348167714,-1.659677261,-0.4187552215,0.0009744002018,0.006270302207,2.003922265,0.3002410989,0.001307462061,0.005167669231,2.585760675,0.3773421992,0.001676184658,0.007239833164,0.2811953636,-0.1117927072,0.000661941469,0.0062191039,1.467032767,-0.009596637736,0.0007149447212,0.00423626049,1.986644781,-0.0235911063,0.001042845997,0.007912489805,0.1881242186,-0.09354968874,0.000835475833,0.005984902599,1.426665764,0.0009575645481,0.0007980415144,0.003977312449,1.901909781,-0.003468578538,0.001065905082,0.006606124904
1,82,geom_ind15_sd707_r1_chord,ind15_sd707,r1_chord,0.06,"chord link, shift 0.2121, offset scale 0.3226",0.256867475,0.06996785191,0.09403837629,100000,-0.257312987,0,0,0.006069795771,1.468514866,0,0,0.003992361743,1.936598874,0,0,0.006348167714,-1.667750434,-0.4268283954,0.001786056287,0.005302869928,1.885329893,0.1816487264,0.001979069954,0.00451548217,2.365038338,0.1566198616,0.002348556976,0.005897840516,-0.02578858351,-0.4187766543,0.002380639975,0.006007949759,1.421587451,-0.05504195355,0.00236357607,0.003986577476,1.900046048,-0.1101898394,0.00392738967,0.007081520028,-0.06731647352,-0.3489903808,0.002318573341,0.005911159641,1.408496244,-0.01721195501,0.002199406625,0.003892082827,1.870475179,-0.03490318032,0.003027029215,0.006381900166
1,83,geom_ind15_sd707_r2_halfnormal,ind15_sd707,r2_halfnormal,0.06,half-normal scale 0.0719,0.05703932935,0.04326246826,0.08057715276,100000,-0.257312987,0,0,0.006069795771,1.468514866,0,0,0.003992361743,1.936598874,0,0,0.006348167714,-0.2025917594,1.03833028,0.002448668313,0.005151477409,1.25352736,-0.4501538066,0.003378745739,0.003351819245,1.641581199,-0.566837277,0.004736614888,0.004960174425,0.9495051604,0.5565170896,0.002349323452,0.006341670684,1.608487199,0.131857794,0.002525958656,0.004833208903,2.21882819,0.2085923027,0.003746264706,0.009249492584,0.7520751212,0.4704012139,0.002307732434,0.005876332346,1.493376462,0.06766826305,0.002370641381,0.004229131433,2.004672203,0.09929384349,0.003134907892,0.00708224832
1,84,geom_ind15_sd707_r2_chord,ind15_sd707,r2_chord,0.06,"chord link, offset scale 0.3226",0.05685483394,0.08879956009,0.09403837629,100000,-0.257312987,0,0,0.006069795771,1.468514866,0,0,0.003992361743,1.936598874,0,0,0.006348167714,-0.2019862554,1.038935784,0.002036918833,0.005363712104,1.297348365,-0.4063328015,0.003240995718,0.003513701748,1.708130683,-0.5002877925,0.00426639474,0.005276014561,1.042158688,0.6491706176,0.00250138381,0.006445387892,1.661002201,0.1843727964,0.002776835543,0.004981417668,2.28918232,0.2789464327,0.003990753282,0.009395690586,0.8309188411,0.5492449338,0.002512436057,0.005957255229,1.534603682,0.1088954828,0.002624261809,0.004340840932,2.058951097,0.1535727372,0.003476432061,0.007204728686
1,85,geom_ind15_sd707_r1_patient,ind15_sd707,r1_patient,0.06,"patient-level geometry: plane angle 30.2 deg (SD 15), offset scale 0.3226",0.256357315,0.2235256952,0.6926835482,100000,-0.257312987,0,0,0.006069795771,1.468514866,0,0,0.003992361743,1.936598874,0,0,0.006348167714,-1.664433227,-0.4235111875,0.005366389413,0.00731186806,2.119377217,0.41569605,0.004839706005,0.006020716251,2.848969279,0.6405508034,0.007856511526,0.009107933968,0.3269322155,-0.06605585533,0.002953348498,0.006278355968,1.485589614,0.008960209578,0.002478212261,0.004291459584,2.012118441,0.001882553485,0.004375473463,0.0078753255,0.2291965561,-0.05247735123,0.002642672201,0.006014891503,1.436657882,0.01094968308,0.002219599243,0.004008013292,1.915825374,0.01044701423,0.003059193097,0.006645961222
1,86,geom_ind15_sd707_r1_patient_indoff,ind15_sd707,r1_patient_indoff,0.06,"patient-level geometry: plane angle 30.2 deg (SD 15), offset scale 0.3226, independent offsets",0.2568309054,0.2233311651,0.6840089877,100000,-0.257312987,0,0,0.006069795771,1.468514866,0,0,0.003992361743,1.936598874,0,0,0.006348167714,-1.665923029,-0.4250009901,0.005947518209,0.007292992117,2.116534029,0.4128528621,0.005304191415,0.006011937793,2.844999078,0.636580602,0.008474057616,0.009126451511,0.330306622,-0.06268144884,0.003445790278,0.006273064029,1.484459855,0.007830450041,0.002846582733,0.004290214085,2.011018733,0.0007828450915,0.005346175366,0.007924665549,0.231337043,-0.05033686427,0.003023649925,0.006015769222,1.435799286,0.01009108682,0.002496415874,0.004013633131,1.916358153,0.01097979393,0.003559286025,0.006720708228
1,87,geom_ind15_sd707_r1_patient_spanq,ind15_sd707,r1_patient_spanq,0.06,"patient-level geometry: plane angle 30.2 deg (SD 15), offset scale 0.3226, span-linked ellipticity",0.2558919374,0.2231739857,0.693164659,100000,-0.257312987,0,0,0.006069795771,1.468514866,0,0,0.003992361743,1.936598874,0,0,0.006348167714,-2.043812428,-0.802890389,0.00724766576,0.009388008757,2.439088725,0.7354075581,0.006614293203,0.008391345873,3.604240828,1.395822352,0.01261803976,0.0148877807,0.2465240088,-0.146464062,0.003193176294,0.00618576289,1.474829322,-0.001800082844,0.002642775937,0.004137629354,1.971573503,-0.03866238522,0.005406839797,0.00680865203,0.1819649443,-0.09970896304,0.002714671001,0.006033654298,1.443249686,0.01754148659,0.002267740684,0.003988257144,1.916656791,0.01127843153,0.003402400457,0.006443702181
1,88,geom_ind15_sd707_r2_patient,ind15_sd707,r2_patient,0.06,"patient-level offset only, offset scale 0.3226",0.05685483394,0.08879956009,0.09403837629,100000,-0.257312987,0,0,0.006069795771,1.468514866,0,0,0.003992361743,1.936598874,0,0,0.006348167714,-0.2019862554,1.038935784,0.002036918833,0.005363712104,1.297348365,-0.4063328015,0.003240995718,0.003513701748,1.708130683,-0.5002877925,0.00426639474,0.005276014561,1.042158688,0.6491706176,0.00250138381,0.006445387892,1.661002201,0.1843727964,0.002776835543,0.004981417668,2.28918232,0.2789464327,0.003990753282,0.009395690586,0.8309188411,0.5492449338,0.002512436057,0.005957255229,1.534603682,0.1088954828,0.002624261809,0.004340840932,2.058951097,0.1535727372,0.003476432061,0.007204728686
1,89,geom_ind15_sd707_r2_patient_indoff,ind15_sd707,r2_patient_indoff,0.06,"patient-level offset only, offset scale 0.3226, independent offsets",0.05750584088,0.08949905241,0.000562769562,100000,-0.257312987,0,0,0.006069795771,1.468514866,0,0,0.003992361743,1.936598874,0,0,0.006348167714,-0.2044088283,1.036513211,0.003521856476,0.005326111911,1.290598798,-0.4130823687,0.003857439691,0.003482625852,1.696614691,-0.5118037847,0.005571692731,0.005194624951,1.047521248,0.6545331773,0.003422223243,0.006427470075,1.660236094,0.1836066895,0.003275248731,0.004972059374,2.286590608,0.2763547204,0.005447899335,0.009380436728,0.8313240626,0.5496501552,0.003154697702,0.005944612904,1.531660062,0.1059518627,0.002952730594,0.004334677451,2.055457763,0.1500794039,0.004226264538,0.007273943064
1,90,geom_mid15_sd707_r1_halfnormal,mid15_sd707,r1_halfnormal,0.06,half-normal scale 0.3389,0.2680299264,0.2009560191,0.07850895349,100000,-0.257312987,0,0,0.006069795771,1.468514866,0,0,0.003992361743,1.936598874,0,0,0.006348167714,-1.752971336,-0.5120492968,0.001185476427,0.006388919677,2.076055146,0.3723739797,0.001575317295,0.005333592249,2.674826565,0.4664080886,0.002014931854,0.007464185036,0.2606108567,-0.1323772141,0.0007834029019,0.006215976665,1.465710435,-0.01091896966,0.000839598322,0.004223063728,1.982855509,-0.02738037861,0.001240267775,0.007855848501,0.1712160065,-0.1104579008,0.0009469857098,0.005989457835,1.427288148,0.001579948298,0.0009114951911,0.003974297298,1.901746451,-0.003631908769,0.001221716097,0.006588390905
1,91,geom_mid15_sd707_r1_chord,mid15_sd707,r1_chord,0.06,"chord link, shift 0.1528, offset scale 0.4973",0.2694648579,0.1584687268,0.08395010449,100000,-0.257312987,0,0,0.006069795771,1.468514866,0,0,0.003992361743,1.936598874,0,0,0.006348167714,-1.761760497,-0.5208384582,0.001196633542,0.005965589501,2.017144058,0.3134628911,0.001687563191,0.005092883328,2.581199386,0.3727809102,0.00209686429,0.007084981317,0.06187857813,-0.3311094927,0.001756215189,0.006021051889,1.418582168,-0.05804723698,0.001846554387,0.004020870666,1.905019499,-0.1052163891,0.002957304672,0.007325739961,0.004897001099,-0.2767769062,0.001829793361,0.005885464038,1.398185646,-0.02752255365,0.001796935992,0.003884520596,1.861144282,-0.04423407786,0.002454628586,0.006437986701
1,92,geom_mid15_sd707_r2_halfnormal,mid15_sd707,r2_halfnormal,0.06,half-normal scale 0.1738,0.1379124729,0.1046021061,0.08057715276,100000,-0.257312987,0,0,0.006069795771,1.468514866,0,0,0.003992361743,1.936598874,0,0,0.006348167714,-0.7969225867,0.4439994524,0.001046415643,0.005383949067,1.446732312,-0.2569488545,0.001488967595,0.003795691509,1.879826422,-0.3285920536,0.001960263223,0.005319861478,0.5638507884,0.1708627176,0.0008882005924,0.00625853843,1.501755667,0.02512626235,0.000977673524,0.004449234296,2.057867554,0.04763166627,0.001377792793,0.008583102971,0.4258759213,0.144202014,0.001062474895,0.005918900627,1.432904146,0.007195946194,0.001053549964,0.004039153073,1.919550398,0.01417203856,0.001366308235,0.006795948
1,93,geom_mid15_sd707_r2_chord,mid15_sd707,r2_chord,0.06,"chord link, offset scale 0.4973",0.1376701122,0.1870578313,0.08395010449,100000,-0.257312987,0,0,0.006069795771,1.468514866,0,0,0.003992361743,1.936598874,0,0,0.006348167714,-0.7962266972,0.4446953419,0.001384098923,0.006126063335,1.57446406,-0.1292171069,0.001822471043,0.004367936156,2.09447001,-0.1139484659,0.0023741556,0.006649601457,0.7976516107,0.4046635399,0.001656812306,0.006422483753,1.585886029,0.1092566242,0.001897894975,0.004739224159,2.181979972,0.1717440845,0.002652317403,0.009062723849,0.6212068662,0.3395329589,0.00183818935,0.006004756685,1.489799333,0.06409113401,0.001909923785,0.0042096174,1.997891939,0.09251357914,0.0024860134,0.007034442118
1,94,geom_mid15_sd707_r1_patient,mid15_sd707,r1_patient,0.06,"patient-level geometry: plane angle 20.1 deg (SD 15), offset scale 0.4973",0.2689245411,0.2370165713,0.3810614589,100000,-0.257312987,0,0,0.006069795771,1.468514866,0,0,0.003992361743,1.936598874,0,0,0.006348167714,-1.757853218,-0.5169311789,0.004201071462,0.007186472477,2.169946424,0.4662652571,0.003859315886,0.00595474847,2.873070649,0.6646521734,0.006154760297,0.008738899583,0.3447083098,-0.04827976098,0.002375680402,0.006287024138,1.487540934,0.01091152967,0.002016688384,0.004311255153,2.01778382,0.00754793213,0.003410048028,0.007986256351,0.2425755353,-0.03909837205,0.002196864431,0.006021835915,1.437883044,0.01217484474,0.001867202945,0.004021897479,1.919650334,0.01427197497,0.002562052781,0.006673176329
1,95,geom_mid15_sd707_r1_patient_indoff,mid15_sd707,r1_patient_indoff,0.06,"patient-level geometry: plane angle 20.1 deg (SD 15), offset scale 0.4973, independent offsets",0.2701915544,0.2371565766,0.3412144732,100000,-0.257312987,0,0,0.006069795771,1.468514866,0,0,0.003992361743,1.936598874,0,0,0.006348167714,-1.763437479,-0.5225154402,0.005718734355,0.007129046206,2.167566218,0.4638850513,0.005110898097,0.005910738134,2.862165422,0.6537469456,0.00790093402,0.008681740987,0.3518879782,-0.04110009262,0.003459881494,0.006285115707,1.487667289,0.01103788429,0.002854312955,0.004313836155,2.018428495,0.008192607625,0.005258884145,0.00806759218,0.2483434691,-0.03333043819,0.003049387254,0.00602917586,1.438610111,0.01290191191,0.002522641238,0.004033796602,1.922689336,0.01731097672,0.00368316942,0.006807065865
1,96,geom_mid15_sd707_r1_patient_spanq,mid15_sd707,r1_patient_spanq,0.06,"patient-level geometry: plane angle 20.1 deg (SD 15), offset scale 0.4973, span-linked ellipticity",0.2686766553,0.2367636182,0.3829225109,100000,-0.257312987,0,0,0.006069795771,1.468514866,0,0,0.003992361743,1.936598874,0,0,0.006348167714,-2.040263437,-0.7993413981,0.006084512728,0.008850557211,2.409857275,0.7061761085,0.005617091146,0.007866690952,3.463500087,1.255081611,0.01140290188,0.01409333131,0.2809363262,-0.1120517446,0.002732652286,0.006198350949,1.477726893,0.001097488157,0.002274530352,0.004167952555,1.980111676,-0.03012421209,0.004984462971,0.006881175555,0.2047017436,-0.07697216369,0.002329021965,0.006025278271,1.441579481,0.01587128208,0.001955728817,0.003992654335,1.916315299,0.01093693934,0.003041572475,0.006451490042
1,97,geom_mid15_sd707_r2_patient,mid15_sd707,r2_patient,0.06,"patient-level offset only, offset scale 0.4973",0.1376701122,0.1870578313,0.08395010449,100000,-0.257312987,0,0,0.006069795771,1.468514866,0,0,0.003992361743,1.936598874,0,0,0.006348167714,-0.7962266972,0.4446953419,0.001384098923,0.006126063335,1.57446406,-0.1292171069,0.001822471043,0.004367936156,2.09447001,-0.1139484659,0.0023741556,0.006649601457,0.7976516107,0.4046635399,0.001656812306,0.006422483753,1.585886029,0.1092566242,0.001897894975,0.004739224159,2.181979972,0.1717440845,0.002652317403,0.009062723849,0.6212068662,0.3395329589,0.00183818935,0.006004756685,1.489799333,0.06409113401,0.001909923785,0.0042096174,1.997891939,0.09251357914,0.0024860134,0.007034442118
1,98,geom_mid15_sd707_r2_patient_indoff,mid15_sd707,r2_patient_indoff,0.06,"patient-level offset only, offset scale 0.4973, independent offsets",0.1391282266,0.1878690749,0.002091182689,100000,-0.257312987,0,0,0.006069795771,1.468514866,0,0,0.003992361743,1.936598874,0,0,0.006348167714,-0.8028389394,0.4380830996,0.004423374159,0.006039031795,1.564708065,-0.1389731015,0.003994410108,0.004293263908,2.07159465,-0.1368238257,0.006021280091,0.006386222184,0.808639603,0.4156515322,0.003498839193,0.006395580117,1.584971206,0.1083418007,0.00309535328,0.004724500191,2.178118823,0.1678829352,0.005459813414,0.009019881374,0.6297068588,0.3480329515,0.003172462193,0.005992919427,1.488162771,0.06245457137,0.002775901346,0.004211166633,1.996998533,0.09162017322,0.004033712121,0.007119987719
1,99,geom_ind00_sd707_r1_halfnormal,ind00_sd707,r1_halfnormal,0.06,half-normal scale 0.3151,0.2495893861,0.1880910942,0.07943677309,100000,-0.257312987,0,0,0.006069795771,1.468514866,0,0,0.003992361743,1.936598874,0,0,0.006348167714,-1.617495849,-0.3765738097,0.0008780136877,0.006217283352,1.97183949,0.2681583232,0.001183721279,0.005092730463,2.545921325,0.3375028493,0.001518284535,0.007136355455,0.2909627244,-0.1020253464,0.0006039859111,0.006220452066,1.467673019,-0.008956386221,0.0006550144088,0.004242613479,1.98847253,-0.02176335767,0.0009490774769,0.007938914355,0.1963244946,-0.08534941276,0.0007840019209,0.005983494314,1.426595248,0.0008870488944,0.0007454720981,0.003979409202,1.902295436,-0.003082923338,0.001000487373,0.006613438332
1,100,geom_ind00_sd707_r1_chord,ind00_sd707,r1_chord,0.06,"chord link, shift 0.2235, offset scale 0.2601",0.2511722061,0.04227750943,0.09372071848,100000,-0.257312987,0,0,0.006069795771,1.468514866,0,0,0.003992361743,1.936598874,0,0,0.006348167714,-1.625509111,-0.3845870717,0.002159793953,0.005182327599,1.844451221,0.1407700542,0.002240382198,0.00438853495,2.308225497,0.09980702155,0.002916292551,0.005660628711,-0.0308956032,-0.423883674,0.002500438561,0.006006303536,1.421843317,-0.05478608811,0.002444697895,0.003983546323,1.899601716,-0.1106341719,0.004094671862,0.007064174392,-0.07155860839,-0.3532325157,0.002404780704,0.005912717892,1.409366487,-0.01634171275,0.002257237043,0.003892056289,1.871125052,-0.03425330718,0.003118362155,0.006375658395
1,101,geom_ind00_sd707_r2_halfnormal,ind00_sd707,r2_halfnormal,0.06,half-normal scale 0.0450,0.03573901356,0.02710687446,0.08057715276,100000,-0.257312987,0,0,0.006069795771,1.468514866,0,0,0.003992361743,1.936598874,0,0,0.006348167714,-0.04605729382,1.194864745,0.002818036875,0.005152396481,1.239253137,-0.4644280295,0.003823543474,0.003348248125,1.62997352,-0.5784449555,0.00543607138,0.005077148467,1.096075959,0.7030878882,0.002795363707,0.006397884828,1.669516812,0.1928874073,0.002988093932,0.005007367861,2.301007302,0.2907714138,0.004451218171,0.009450080989,0.8748589614,0.5931850541,0.002673111132,0.005886385973,1.533325927,0.107617728,0.002750700663,0.00433500626,2.056768712,0.1513903527,0.003688085911,0.007206070382
1,102,geom_ind00_sd707_r2_chord,ind00_sd707,r2_chord,0.06,"chord link, offset scale 0.2601",0.03563540963,0.05444634053,0.09372071848,100000,-0.257312987,0,0,0.006069795771,1.468514866,0,0,0.003992361743,1.936598874,0,0,0.006348167714,-0.04583319843,1.195088841,0.002517257988,0.005235317122,1.257743962,-0.445937205,0.003743004421,0.003407373693,1.656178677,-0.5522397988,0.005192343103,0.005168283205,1.139310351,0.7463222806,0.002819462342,0.006462971466,1.699112541,0.2224831357,0.003086155524,0.005087267222,2.339868869,0.3296329812,0.004502156325,0.009521567445,0.9119833756,0.6303094683,0.002747647484,0.005945836288,1.558388752,0.1326805528,0.002863430359,0.004402748145,2.089730902,0.1843525422,0.003839120362,0.007283550829
1,103,geom_ind00_sd707_r1_patient,ind00_sd707,r1_patient,0.06,"patient-level geometry: plane angle 30.0 deg (SD 0), offset scale 0.2601",0.2500030239,0.213300197,0.9605956129,100000,-0.257312987,0,0,0.006069795771,1.468514866,0,0,0.003992361743,1.936598874,0,0,0.006348167714,-1.617166347,-0.3762443081,0.005727095549,0.007398827051,2.103022367,0.3993412005,0.005139927801,0.006055386046,2.844193458,0.6357749817,0.008317863452,0.009217623094,0.2911961791,-0.1017918917,0.003092980864,0.006278596299,1.483714595,0.007085190137,0.002584313646,0.004272519394,2.006697023,-0.003538864715,0.004692074278,0.007855554393,0.198748206,-0.08292570128,0.002740822867,0.006024177977,1.436494013,0.01078581314,0.002291813036,0.004006292041,1.915342421,0.009964061449,0.00318367248,0.006658797087
1,104,geom_ind00_sd707_r1_patient_indoff,ind00_sd707,r1_patient_indoff,0.06,"patient-level geometry: plane angle 30.0 deg (SD 0), offset scale 0.2601, independent offsets",0.2502902742,0.2132446646,0.9568982913,100000,-0.257312987,0,0,0.006069795771,1.468514866,0,0,0.003992361743,1.936598874,0,0,0.006348167714,-1.618150528,-0.3772284884,0.006070652839,0.007390174038,2.100955599,0.3972744324,0.005399291034,0.006054623008,2.842503078,0.6340846017,0.00864654733,0.009235588934,0.2930865572,-0.09990151357,0.003415450232,0.00627348447,1.482579302,0.005949897584,0.002818842441,0.004270243506,2.005373061,-0.004862827088,0.005274381446,0.007951185865,0.2010233117,-0.08065059557,0.002993613483,0.006017730846,1.434867652,0.00915945294,0.00246882759,0.004003565238,1.913552354,0.008173994896,0.003492080354,0.006679131554
1,105,geom_ind00_sd707_r1_patient_spanq,ind00_sd707,r1_patient_spanq,0.06,"patient-level geometry: plane angle 30.0 deg (SD 0), offset scale 0.2601, span-linked ellipticity",0.249393727,0.213092582,0.9607243167,100000,-0.257312987,0,0,0.006069795771,1.468514866,0,0,0.003992361743,1.936598874,0,0,0.006348167714,-2.041794843,-0.8008728043,0.007683933672,0.009682824581,2.458014865,0.754333698,0.006989851345,0.008661858672,3.680290968,1.471872492,0.013252127,0.01544782743,0.1973093296,-0.1956787412,0.003297443176,0.006172558709,1.47247382,-0.004155584572,0.002717048386,0.004099730027,1.961871803,-0.04836408441,0.00545595599,0.00667926605,0.1442937759,-0.1373801314,0.002792836642,0.006047339284,1.444657481,0.01894928165,0.002317122536,0.003988478451,1.917763115,0.0123847556,0.003448387133,0.006439365782
1,106,geom_ind00_sd707_r2_patient,ind00_sd707,r2_patient,0.06,"patient-level offset only, offset scale 0.2601",0.03563540963,0.05444634053,0.09372071848,100000,-0.257312987,0,0,0.006069795771,1.468514866,0,0,0.003992361743,1.936598874,0,0,0.006348167714,-0.04583319843,1.195088841,0.002517257988,0.005235317122,1.257743962,-0.445937205,0.003743004421,0.003407373693,1.656178677,-0.5522397988,0.005192343103,0.005168283205,1.139310351,0.7463222806,0.002819462342,0.006462971466,1.699112541,0.2224831357,0.003086155524,0.005087267222,2.339868869,0.3296329812,0.004502156325,0.009521567445,0.9119833756,0.6303094683,0.002747647484,0.005945836288,1.558388752,0.1326805528,0.002863430359,0.004402748145,2.089730902,0.1843525422,0.003839120362,0.007283550829
1,107,geom_ind00_sd707_r2_patient_indoff,ind00_sd707,r2_patient_indoff,0.06,"patient-level offset only, offset scale 0.2601, independent offsets",0.0360664574,0.05512305492,0.001697968978,100000,-0.257312987,0,0,0.006069795771,1.468514866,0,0,0.003992361743,1.936598874,0,0,0.006348167714,-0.04752842259,1.193393616,0.003387052385,0.005216063198,1.253691177,-0.44998999,0.004009653252,0.003392982785,1.650140379,-0.5582780965,0.005796480664,0.005155428337,1.142381565,0.7493934937,0.003425173213,0.00644916715,1.698113057,0.2214836521,0.00338417527,0.005079968103,2.337556361,0.3273204732,0.005440685392,0.00950111784,0.9125290578,0.6308551504,0.003167087981,0.005932770982,1.555675786,0.1299675871,0.003054967819,0.004395842816,2.086252918,0.1808745581,0.00433526838,0.007333274104
1,108,geom_ind15_r1_halfnormal,ind15,r1_halfnormal,0.125,half-normal scale 0.3699,0.2916437968,0.2166271972,0.07674593335,100000,-0.8270326573,-0.5697196703,0.001693543129,0.006464867266,1.685267362,0.2167524963,0.002195382097,0.00449809543,2.205309978,0.2687111033,0.003208776371,0.006618007331,-2.116350835,-0.8754287964,0.001844452288,0.006757807139,2.357055663,0.6533744969,0.002479010853,0.005907634403,3.007605513,0.7991870374,0.00308951025,0.008187981124,-0.09576927025,-0.4887573411,0.001477619607,0.006448952867,1.52407985,0.04745044538,0.001964402923,0.004295612336,2.041575243,0.03133935495,0.002876508942,0.007550300032,-0.2220385651,-0.5037124725,0.001691145738,0.006232752457,1.497262987,0.07155478809,0.002076162551,0.004113639587,1.983426983,0.07804862359,0.003038969364,0.006472821691
1,109,geom_ind15_r1_chord,ind15,r1_chord,0.125,"chord link, shift 0.2308, offset scale 0.3844",0.294532814,0.09701756534,0.09221954218,100000,-0.8270326573,-0.5697196703,0.001693543129,0.006464867266,1.685267362,0.2167524963,0.002195382097,0.00449809543,2.205309978,0.2687111033,0.003208776371,0.006618007331,-2.134388128,-0.8934660887,0.001838424956,0.00569949696,2.264440224,0.5607590576,0.002521982799,0.005173339338,2.793565241,0.585146765,0.002607122152,0.006748093562,-0.5008800655,-0.8938681363,0.002649295241,0.00618196683,1.529744121,0.05311471663,0.003326570239,0.00416222808,2.018047079,0.007811190987,0.005248145563,0.006742527368,-0.5583054207,-0.8399793281,0.002622703059,0.00611107803,1.528973628,0.1032654285,0.003170511081,0.004133342227,2.011515614,0.106137255,0.004465630653,0.006292263501
1,110,geom_ind15_r2_halfnormal,ind15,r2_halfnormal,0.125,half-normal scale 0.1047,0.08309229632,0.06302279275,0.08057715276,100000,-0.8270326573,-0.5697196703,0.001693543129,0.006464867266,1.685267362,0.2167524963,0.002195382097,0.00449809543,2.205309978,0.2687111033,0.003208776371,0.006618007331,-0.5839596682,0.6569623708,0.001876360939,0.005238980843,1.350817369,-0.3528637973,0.002364999528,0.003551025935,1.756608515,-0.4518099611,0.003249468566,0.00502306266,0.6557698626,0.2627817918,0.002331911064,0.006348874076,1.534850327,0.05822092233,0.002221304202,0.004588103673,2.112063921,0.1018280335,0.003308254477,0.008919354628,0.4148543278,0.1331804205,0.002545768811,0.005936311175,1.435660196,0.009951996359,0.002262803576,0.004043444154,1.922510835,0.01713247557,0.003118483208,0.006726603109
1,111,geom_ind15_r2_chord,ind15,r2_chord,0.125,"chord link, offset scale 0.3844",0.08286898407,0.1261260907,0.09221954218,100000,-0.8270326573,-0.5697196703,0.001693543129,0.006464867266,1.685267362,0.2167524963,0.002195382097,0.00449809543,2.205309978,0.2687111033,0.003208776371,0.006618007331,-0.5834517108,0.6574703283,0.001498722758,0.005652637849,1.423693455,-0.2799877116,0.002212744323,0.003884234088,1.88032322,-0.328095256,0.002712344261,0.005849719717,0.8201712593,0.4271831885,0.002656719104,0.006515754162,1.609948662,0.1333192569,0.002640699248,0.004823102982,2.217688812,0.2074529247,0.003832984494,0.009204579648,0.5534094245,0.2717355172,0.002895240837,0.006081115509,1.491997801,0.06628960126,0.002638443677,0.004216849463,2.00105512,0.09567676091,0.003641726526,0.006965734951
1,112,geom_ind15_r1_patient,ind15,r1_patient,0.125,"patient-level geometry: plane angle 31.8 deg (SD 15), offset scale 0.3844",0.2946082255,0.1898603394,0.4434337788,100000,-0.8270326573,-0.5697196703,0.001693543129,0.006464867266,1.685267362,0.2167524963,0.002195382097,0.00449809543,2.205309978,0.2687111033,0.003208776371,0.006618007331,-2.134319054,-0.8933970149,0.004100858596,0.006762032608,2.369147342,0.6654661751,0.003981745949,0.00592870696,3.021221706,0.8128032304,0.005634131351,0.008110713127,-0.2100409109,-0.6030289817,0.003237809364,0.006404589077,1.526357948,0.04972854354,0.003103973282,0.004261691995,2.036161165,0.02592527738,0.005163542846,0.007256865433,-0.3142755311,-0.5959494384,0.003023063456,0.006214630015,1.50463919,0.07893099049,0.00295148424,0.004119430771,1.990199264,0.08482090441,0.004295786459,0.006404135196
1,113,geom_ind15_r1_patient_indoff,ind15,r1_patient_indoff,0.125,"patient-level geometry: plane angle 31.8 deg (SD 15), offset scale 0.3844, independent offsets",0.295305311,0.1897126048,0.4189618265,100000,-0.8270326573,-0.5697196703,0.001693543129,0.006464867266,1.685267362,0.2167524963,0.002195382097,0.00449809543,2.205309978,0.2687111033,0.003208776371,0.006618007331,-2.136957152,-0.8960351126,0.005078630767,0.006716341807,2.367674487,0.6639933206,0.004761664737,0.005892043555,3.012883251,0.8044647754,0.00691634599,0.008084266082,-0.1980217226,-0.5910097934,0.003789696811,0.006388941056,1.521643496,0.04501409139,0.003438647121,0.004249291345,2.030031666,0.01979577858,0.005999916684,0.007307959735,-0.3054944038,-0.5871683111,0.003418839699,0.006205591236,1.500914791,0.07520659184,0.003189440188,0.004112780428,1.986007195,0.08062883606,0.004625804946,0.006424760185
1,114,geom_ind15_r1_patient_spanq,ind15,r1_patient_spanq,0.125,"patient-level geometry: plane angle 31.8 deg (SD 15), offset scale 0.3844, span-linked ellipticity",0.2944386735,0.1898167723,0.4442354077,100000,-0.8270326573,-0.5697196703,0.001693543129,0.006464867266,1.685267362,0.2167524963,0.002195382097,0.00449809543,2.205309978,0.2687111033,0.003208776371,0.006618007331,-2.261232272,-1.020310233,0.004836760248,0.007451609699,2.484465025,0.7807838581,0.00464296094,0.006703165703,3.265848216,1.05742974,0.007450080484,0.01005385648,-0.2473106647,-0.6402987355,0.003450619118,0.006428400766,1.5347393,0.05810989485,0.003262981165,0.004287363461,2.047817102,0.03758121375,0.005773692049,0.007072607194,-0.3372510568,-0.6189249641,0.003149254886,0.006277090819,1.517439219,0.09173101941,0.003051363433,0.00418483156,2.01342638,0.1080480207,0.004655391546,0.006521633615
1,115,geom_ind15_r2_patient,ind15,r2_patient,0.125,"patient-level offset only, offset scale 0.3844",0.08286898407,0.1261260907,0.09221954218,100000,-0.8270326573,-0.5697196703,0.001693543129,0.006464867266,1.685267362,0.2167524963,0.002195382097,0.00449809543,2.205309978,0.2687111033,0.003208776371,0.006618007331,-0.5834517108,0.6574703283,0.001498722758,0.005652637849,1.423693455,-0.2799877116,0.002212744323,0.003884234088,1.88032322,-0.328095256,0.002712344261,0.005849719717,0.8201712593,0.4271831885,0.002656719104,0.006515754162,1.609948662,0.1333192569,0.002640699248,0.004823102982,2.217688812,0.2074529247,0.003832984494,0.009204579648,0.5534094245,0.2717355172,0.002895240837,0.006081115509,1.491997801,0.06628960126,0.002638443677,0.004216849463,2.00105512,0.09567676091,0.003641726526,0.006965734951
1,116,geom_ind15_r2_patient_indoff,ind15,r2_patient_indoff,0.125,"patient-level offset only, offset scale 0.3844, independent offsets",0.08374719569,0.1267187125,0.001242640528,100000,-0.8270326573,-0.5697196703,0.001693543129,0.006464867266,1.685267362,0.2167524963,0.002195382097,0.00449809543,2.205309978,0.2687111033,0.003208776371,0.006618007331,-0.5871733845,0.6537486546,0.003705552865,0.005568944416,1.412969836,-0.2907113309,0.00357302075,0.003807343562,1.856355505,-0.352062971,0.005277287082,0.005585905173,0.8338086622,0.4408205913,0.003764990229,0.006472624904,1.605032776,0.1284033715,0.003338793575,0.004804763446,2.210131739,0.1998958514,0.005681136774,0.009183824153,0.5621629753,0.280489068,0.003602052354,0.00604279857,1.485211606,0.0595034065,0.00307485797,0.004197256549,1.991866499,0.08648813984,0.004538659115,0.007022422552
1,117,geom_mid15_r1_halfnormal,mid15,r1_halfnormal,0.125,half-normal scale 0.3761,0.296328367,0.219615481,0.07633903355,100000,-0.8270326573,-0.5697196703,0.001693543129,0.006464867266,1.685267362,0.2167524963,0.002195382097,0.00449809543,2.205309978,0.2687111033,0.003208776371,0.006618007331,-2.150749521,-0.9098274822,0.001916351729,0.006803329473,2.385950844,0.6822696773,0.002564634332,0.005967814169,3.042072716,0.8336542402,0.003195489564,0.008263211419,-0.1050620029,-0.4980500737,0.00150059545,0.00645042949,1.525332915,0.04870351021,0.001996433799,0.004295554012,2.042498587,0.03226269898,0.002930457787,0.00753204627,-0.2299222556,-0.5115961629,0.001703358724,0.006236057695,1.498910002,0.0732018026,0.002100141262,0.004116980286,1.985363169,0.07998480948,0.003070413298,0.006472170139
1,118,geom_mid15_r1_chord,mid15,r1_chord,0.125,"chord link, shift 0.1425, offset scale 0.5879",0.298976173,0.1915103727,0.07529111473,100000,-0.8270326573,-0.5697196703,0.001693543129,0.006464867266,1.685267362,0.2167524963,0.002195382097,0.00449809543,2.205309978,0.2687111033,0.003208776371,0.006618007331,-2.168153642,-0.9272316034,0.001871468397,0.006503558746,2.357686145,0.6540049781,0.002624581472,0.005806742045,2.988390128,0.7799716519,0.003270972709,0.007991561753,-0.3004743934,-0.6934624642,0.001772972211,0.006187611564,1.487799391,0.01116998638,0.00256770424,0.00412961292,1.979621242,-0.03061464589,0.003876813685,0.007080378926,-0.3906056797,-0.672279587,0.00190607125,0.006053227798,1.477451271,0.05174307164,0.00256151905,0.004042087225,1.953635798,0.04825743906,0.003640521535,0.006317144694
1,119,geom_mid15_r2_halfnormal,mid15,r2_halfnormal,0.125,half-normal scale 0.2302,0.1826616482,0.1385275154,0.08057961769,100000,-0.8270326573,-0.5697196703,0.001693543129,0.006464867266,1.685267362,0.2167524963,0.002195382097,0.00449809543,2.205309978,0.2687111033,0.003208776371,0.006618007331,-1.315661839,-0.07473980015,0.0005344254223,0.005766987908,1.74020686,0.03652569367,0.0005606352323,0.004503829635,2.248721363,0.04030288742,0.0007485150421,0.006257126375,0.1875761997,-0.2054118711,0.001343009078,0.006396351804,1.498605199,0.02197579406,0.001373218732,0.004336677095,2.031372826,0.02113693806,0.001908579613,0.008094970673,0.01665106961,-0.2650228377,0.001749053281,0.006105608232,1.45031772,0.02460952094,0.001681962167,0.00403073185,1.930824997,0.02544663718,0.002527953597,0.006514850521
1,120,geom_mid15_r2_chord,mid15,r2_chord,0.125,"chord link, offset scale 0.5879",0.1824715077,0.2233378955,0.07529111473,100000,-0.8270326573,-0.5697196703,0.001693543129,0.006464867266,1.685267362,0.2167524963,0.002195382097,0.00449809543,2.205309978,0.2687111033,0.003208776371,0.006618007331,-1.31468305,-0.07376101109,0.001835186121,0.006641187952,1.8680207,0.1643395332,0.001735760981,0.005147242288,2.477677372,0.2692588958,0.002870103404,0.007667584275,0.5018115927,0.1088235219,0.002080675253,0.006600027598,1.568991303,0.09236189805,0.001946296538,0.004632596999,2.146580477,0.136344589,0.00278558266,0.008764260315,0.2768893764,-0.004784530928,0.002463424936,0.006234241908,1.488489171,0.06278097206,0.00217381278,0.004180458755,1.990780269,0.08540190919,0.003084376582,0.006821994953
1,121,geom_mid15_r1_patient,mid15,r1_patient,0.125,"patient-level geometry: plane angle 18.8 deg (SD 15), offset scale 0.5879",0.2988511265,0.2307400691,0.1706581804,100000,-0.8270326573,-0.5697196703,0.001693543129,0.006464867266,1.685267362,0.2167524963,0.002195382097,0.00449809543,2.205309978,0.2687111033,0.003208776371,0.006618007331,-2.166474933,-0.9255528936,0.003288179602,0.007037075996,2.424363597,0.7206824304,0.003415338783,0.006138490696,3.105737911,0.897319435,0.004658644063,0.008476839826,-0.07551736145,-0.4685054323,0.002672079628,0.006475576324,1.528157322,0.05152791706,0.002597020488,0.004317086573,2.049138797,0.03890290962,0.004157664022,0.007624139055,-0.2050441178,-0.4867180251,0.00263981617,0.006247371573,1.497178697,0.07147049755,0.002585238191,0.004127277797,1.986194657,0.080816298,0.003771137908,0.006505761492
1,122,geom_mid15_r1_patient_indoff,mid15,r1_patient_indoff,0.125,"patient-level geometry: plane angle 18.8 deg (SD 15), offset scale 0.5879, independent offsets",0.3005184249,0.2312252996,0.1172037203,100000,-0.8270326573,-0.5697196703,0.001693543129,0.006464867266,1.685267362,0.2167524963,0.002195382097,0.00449809543,2.205309978,0.2687111033,0.003208776371,0.006618007331,-2.172508331,-0.9315862915,0.005351855245,0.006941490118,2.422618186,0.7189370192,0.004965049377,0.00605733488,3.088393234,0.8799747581,0.007161907963,0.00832566029,-0.05733330532,-0.4503213761,0.003889757911,0.006447673831,1.520236749,0.04360734386,0.003380759514,0.004300458162,2.039729227,0.02949333897,0.005911795878,0.007765588209,-0.189040728,-0.4707146353,0.003525638129,0.006232483254,1.491352577,0.06564437728,0.003145363244,0.004118211694,1.979919772,0.07454141261,0.004636517335,0.006591680916
1,123,geom_mid15_r1_patient_spanq,mid15,r1_patient_spanq,0.125,"patient-level geometry: plane angle 18.8 deg (SD 15), offset scale 0.5879, span-linked ellipticity",0.2987662388,0.2307116579,0.1714428945,100000,-0.8270326573,-0.5697196703,0.001693543129,0.006464867266,1.685267362,0.2167524963,0.002195382097,0.00449809543,2.205309978,0.2687111033,0.003208776371,0.006618007331,-2.247397635,-1.006475596,0.003886369531,0.007455561182,2.495334871,0.7916537047,0.003934965934,0.006620141618,3.257188941,1.048770465,0.006143439804,0.009732794625,-0.1059464887,-0.4989345596,0.002887950945,0.006484045628,1.53277458,0.05614517526,0.002758777345,0.004319824225,2.053160341,0.04292445331,0.00479436417,0.007323959141,-0.2247031807,-0.506377088,0.002766401225,0.006289372121,1.505897279,0.08018908001,0.00268723807,0.004169367936,2.001517457,0.09613909764,0.004126675389,0.006553703942
1,124,geom_mid15_r2_patient,mid15,r2_patient,0.125,"patient-level offset only, offset scale 0.5879",0.1824715077,0.2233378955,0.07529111473,100000,-0.8270326573,-0.5697196703,0.001693543129,0.006464867266,1.685267362,0.2167524963,0.002195382097,0.00449809543,2.205309978,0.2687111033,0.003208776371,0.006618007331,-1.31468305,-0.07376101109,0.001835186121,0.006641187952,1.8680207,0.1643395332,0.001735760981,0.005147242288,2.477677372,0.2692588958,0.002870103404,0.007667584275,0.5018115927,0.1088235219,0.002080675253,0.006600027598,1.568991303,0.09236189805,0.001946296538,0.004632596999,2.146580477,0.136344589,0.00278558266,0.008764260315,0.2768893764,-0.004784530928,0.002463424936,0.006234241908,1.488489171,0.06278097206,0.00217381278,0.004180458755,1.990780269,0.08540190919,0.003084376582,0.006821994953
1,125,geom_mid15_r2_patient_indoff,mid15,r2_patient_indoff,0.125,"patient-level offset only, offset scale 0.5879, independent offsets",0.1843538801,0.2242308008,0.002380176612,100000,-0.8270326573,-0.5697196703,0.001693543129,0.006464867266,1.685267362,0.2167524963,0.002195382097,0.00449809543,2.205309978,0.2687111033,0.003208776371,0.006618007331,-1.322072164,-0.08115012458,0.004895785506,0.006510662591,1.856537386,0.1528562191,0.004312190071,0.005039840762,2.446774439,0.2383559628,0.006587232434,0.007374916673,0.5241066074,0.1311185366,0.003984839316,0.006523951293,1.557428125,0.08079871981,0.003323053351,0.004588330754,2.128576807,0.1183409188,0.005832556994,0.008704517,0.29589755,0.01422364269,0.003722347469,0.00618035012,1.477629143,0.05192094325,0.003084387837,0.004151890268,1.976661307,0.07128294806,0.004583115195,0.006872870488
1,126,geom_ind00_r1_halfnormal,ind00,r1_halfnormal,0.125,half-normal scale 0.3676,0.2899599274,0.2155441942,0.07688621756,100000,-0.8270326573,-0.5697196703,0.001693543129,0.006464867266,1.685267362,0.2167524963,0.002195382097,0.00449809543,2.205309978,0.2687111033,0.003208776371,0.006618007331,-2.103980766,-0.8630587271,0.001818534354,0.006741431222,2.346695357,0.64301419,0.002448051519,0.005885944833,2.995226053,0.7868075773,0.003051051812,0.00816077645,-0.09238336042,-0.4853714312,0.001469472096,0.006448405157,1.523621847,0.04699244204,0.001952859106,0.004295673325,2.041246191,0.03101030282,0.002857151289,0.007556983032,-0.2192499813,-0.5009238886,0.001686540184,0.0062312384,1.496593262,0.07088506295,0.002067818958,0.004112287008,1.982640897,0.07726253732,0.003026683894,0.006472524123
1,127,geom_ind00_r1_chord,ind00,r1_chord,0.125,"chord link, shift 0.2469, offset scale 0.3336",0.2929328478,0.07184970621,0.09380526766,100000,-0.8270326573,-0.5697196703,0.001693543129,0.006464867266,1.685267362,0.2167524963,0.002195382097,0.00449809543,2.205309978,0.2687111033,0.003208776371,0.006618007331,-2.122076199,-0.8811541597,0.002074843261,0.005552928503,2.244887657,0.5412064901,0.002637535785,0.005046962389,2.754392502,0.5459740259,0.00284498177,0.006465013902,-0.5241760445,-0.9171641153,0.0028061813,0.00618859838,1.537366379,0.06073697457,0.003428158641,0.004172672099,2.025980557,0.01574466934,0.00545089286,0.006706867097,-0.5778487768,-0.8595226842,0.002745530803,0.006125384059,1.537566529,0.1118583301,0.003247528502,0.004149471124,2.021362084,0.1159837248,0.004584054105,0.006290114906
1,128,geom_ind00_r2_halfnormal,ind00,r2_halfnormal,0.125,half-normal scale 0.0774,0.06137300475,0.0465494195,0.08057715276,100000,-0.8270326573,-0.5697196703,0.001693543129,0.006464867266,1.685267362,0.2167524963,0.002195382097,0.00449809543,2.205309978,0.2687111033,0.003208776371,0.006618007331,-0.4243461802,0.8165758588,0.00224022706,0.005193346043,1.301492886,-0.4021882802,0.002850706802,0.003439847557,1.696209604,-0.5122088715,0.003961351176,0.004941913616,0.8019680845,0.4089800136,0.00266981541,0.00636510374,1.570442261,0.0938128566,0.002598071084,0.00472048752,2.166694915,0.1564590275,0.003930053127,0.009142048403,0.5413058255,0.2596319182,0.002797451178,0.005917273027,1.452467746,0.02675954705,0.002529662319,0.004104562441,1.947919144,0.04254078419,0.003508186089,0.006843109798
1,129,geom_ind00_r2_chord,ind00,r2_chord,0.125,"chord link, offset scale 0.3336",0.06117066893,0.09540057321,0.09380526766,100000,-0.8270326573,-0.5697196703,0.001693543129,0.006464867266,1.685267362,0.2167524963,0.002195382097,0.00449809543,2.205309978,0.2687111033,0.003208776371,0.006618007331,-0.4236791392,0.8172428999,0.00181851082,0.005445227931,1.349174123,-0.3545070432,0.002671835537,0.003639048657,1.773280882,-0.4351375944,0.003388547135,0.00539567839,0.9116176632,0.5186295924,0.002853571087,0.006500921285,1.630599789,0.1539703845,0.002867939387,0.004897316171,2.248822416,0.2385865278,0.004210021128,0.009319151493,0.6335213407,0.3518474334,0.003027389506,0.006043164683,1.500651982,0.07494378293,0.002789354489,0.004244241215,2.013280087,0.1079017273,0.003874986648,0.007018864945
1,130,geom_ind00_r1_patient,ind00,r1_patient,0.125,"patient-level geometry: plane angle 32.1 deg (SD 0), offset scale 0.3336",0.2923447815,0.1602778515,0.8081662738,100000,-0.8270326573,-0.5697196703,0.001693543129,0.006464867266,1.685267362,0.2167524963,0.002195382097,0.00449809543,2.205309978,0.2687111033,0.003208776371,0.006618007331,-2.117182457,-0.8762604176,0.004176558985,0.006620850899,2.342630199,0.6389490326,0.004042595121,0.005812144108,2.97758029,0.7691618138,0.005742976819,0.007880380127,-0.3287381675,-0.7217262383,0.00320431361,0.006341933833,1.529499332,0.05286992767,0.003241878561,0.004231655392,2.03225024,0.02201435185,0.005499138162,0.007147314042,-0.4122455092,-0.6939194165,0.002970253838,0.006190119707,1.51333687,0.08762867081,0.003054243621,0.004137021722,2.000416517,0.09503815734,0.004463459769,0.006443171245
1,131,geom_ind00_r1_patient_indoff,ind00,r1_patient_indoff,0.125,"patient-level geometry: plane angle 32.1 deg (SD 0), offset scale 0.3336, independent offsets",0.2928132005,0.1603484232,0.7899618695,100000,-0.8270326573,-0.5697196703,0.001693543129,0.006464867266,1.685267362,0.2167524963,0.002195382097,0.00449809543,2.205309978,0.2687111033,0.003208776371,0.006618007331,-2.118799147,-0.8778771084,0.00490969239,0.006589694187,2.340325513,0.6366443464,0.004637412496,0.005791876545,2.971813142,0.7633946661,0.006708068934,0.007882285979,-0.3207709113,-0.7137589821,0.003625013173,0.00632905466,1.525171755,0.04854235056,0.003475446311,0.004221867064,2.026955157,0.0167192695,0.005988760054,0.007199620554,-0.4063765073,-0.6880504146,0.00327239153,0.006178240964,1.509375232,0.08366703286,0.003216489668,0.004127921128,1.995537481,0.09015912112,0.00468535969,0.006424600426
1,132,geom_ind00_r1_patient_spanq,ind00,r1_patient_spanq,0.125,"patient-level geometry: plane angle 32.1 deg (SD 0), offset scale 0.3336, span-linked ellipticity",0.2921002732,0.1602916521,0.8083140951,100000,-0.8270326573,-0.5697196703,0.001693543129,0.006464867266,1.685267362,0.2167524963,0.002195382097,0.00449809543,2.205309978,0.2687111033,0.003208776371,0.006618007331,-2.263215201,-1.022293162,0.004976605915,0.007420641441,2.475355895,0.7716747287,0.004769562432,0.006709201238,3.260165628,1.051747152,0.007746938893,0.01015755093,-0.3724883157,-0.7654763865,0.003456625166,0.006386220633,1.542140037,0.06551063239,0.003429537918,0.004288252154,2.053555005,0.04331911733,0.006142074289,0.007031880453,-0.4387929758,-0.7204668831,0.003136923117,0.006278029487,1.530631974,0.1049237743,0.003178734617,0.004232078636,2.033190912,0.127812553,0.004886932954,0.006612426662
1,133,geom_ind00_r2_patient,ind00,r2_patient,0.125,"patient-level offset only, offset scale 0.3336",0.06117066893,0.09540057321,0.09380526766,100000,-0.8270326573,-0.5697196703,0.001693543129,0.006464867266,1.685267362,0.2167524963,0.002195382097,0.00449809543,2.205309978,0.2687111033,0.003208776371,0.006618007331,-0.4236791392,0.8172428999,0.00181851082,0.005445227931,1.349174123,-0.3545070432,0.002671835537,0.003639048657,1.773280882,-0.4351375944,0.003388547135,0.00539567839,0.9116176632,0.5186295924,0.002853571087,0.006500921285,1.630599789,0.1539703845,0.002867939387,0.004897316171,2.248822416,0.2385865278,0.004210021128,0.009319151493,0.6335213407,0.3518474334,0.003027389506,0.006043164683,1.500651982,0.07494378293,0.002789354489,0.004244241215,2.013280087,0.1079017273,0.003874986648,0.007018864945
1,134,geom_ind00_r2_patient_indoff,ind00,r2_patient_indoff,0.125,"patient-level offset only, offset scale 0.3336, independent offsets",0.06186588889,0.09611515427,0.0004587874629,100000,-0.8270326573,-0.5697196703,0.001693543129,0.006464867266,1.685267362,0.2167524963,0.002195382097,0.00449809543,2.205309978,0.2687111033,0.003208776371,0.006618007331,-0.4262666333,0.8146554058,0.00345864897,0.00538461956,1.339495923,-0.3641852431,0.003546001422,0.003587269948,1.755302546,-0.4531159297,0.005136452266,0.005233355828,0.9211495632,0.5281614923,0.003728900435,0.006468116424,1.627629322,0.1509999177,0.003383211863,0.004881571782,2.243240444,0.2330045559,0.005689546266,0.009304916665,0.6393108339,0.3576369266,0.003578216557,0.006013891691,1.495366424,0.06965822509,0.003103034058,0.004229974765,2.006332849,0.1009544899,0.00457262118,0.007081354832
1,135,geom_ind15_sd707_r1_halfnormal,ind15_sd707,r1_halfnormal,0.125,half-normal scale 0.3224,0.2553309644,0.1921501248,0.07916921432,100000,-0.8270326573,-0.5697196703,0.001693543129,0.006464867266,1.685267362,0.2167524963,0.002195382097,0.00449809543,2.205309978,0.2687111033,0.003208776371,0.006618007331,-1.849583817,-0.6086617782,0.001284598925,0.006405782071,2.138160082,0.4344789158,0.001790886169,0.00543380589,2.743050065,0.5346315886,0.002223877451,0.007569626612,-0.01740098217,-0.410389053,0.001326581567,0.006435308401,1.514319051,0.03768964654,0.001713482535,0.004299345412,2.035087419,0.02485153106,0.002452331974,0.007698358803,-0.1563952124,-0.4380691197,0.00160728967,0.006199260667,1.482594181,0.05688598169,0.001884397656,0.004085872614,1.966597141,0.06121878119,0.002781600611,0.006472872223
1,136,geom_ind15_sd707_r1_chord,ind15_sd707,r1_chord,0.125,"chord link, shift 0.2121, offset scale 0.3226",0.256867475,0.06996785191,0.09403837629,100000,-0.8270326573,-0.5697196703,0.001693543129,0.006464867266,1.685267362,0.2167524963,0.002195382097,0.00449809543,2.205309978,0.2687111033,0.003208776371,0.006618007331,-1.857656991,-0.6167349521,0.001909860999,0.005440093471,2.034183143,0.3305019761,0.002261490449,0.004767015068,2.531861291,0.3234428156,0.002571559415,0.006193754307,-0.4085421448,-0.8015302157,0.002493656445,0.006131831283,1.497337182,0.02070777763,0.003095174242,0.004104634921,1.981616657,-0.02861923121,0.004822540583,0.006835504013,-0.4807165952,-0.7623905025,0.00250153315,0.006037395348,1.493429736,0.06772153639,0.00299032111,0.004056784854,1.968772778,0.06339441901,0.004202972499,0.006254094742
1,137,geom_ind15_sd707_r2_halfnormal,ind15_sd707,r2_halfnormal,0.125,half-normal scale 0.0719,0.05703932935,0.04326246826,0.08057715276,100000,-0.8270326573,-0.5697196703,0.001693543129,0.006464867266,1.685267362,0.2167524963,0.002195382097,0.00449809543,2.205309978,0.2687111033,0.003208776371,0.006618007331,-0.3924983161,0.8484237229,0.00231331988,0.005187466374,1.293531497,-0.4101496694,0.002945247422,0.003423151676,1.686715375,-0.5217031009,0.004103762028,0.004936628652,0.8334630769,0.440475006,0.002742130259,0.00637101135,1.579747065,0.10311766,0.002679346097,0.004751863281,2.180274908,0.1700390198,0.004061344341,0.0091873072,0.5683793041,0.2867053968,0.00285129905,0.005914956071,1.457552234,0.03184403455,0.002589429647,0.004119768242,1.954914468,0.04953610896,0.003596613911,0.006867087582
1,138,geom_ind15_sd707_r2_chord,ind15_sd707,r2_chord,0.125,"chord link, offset scale 0.3226",0.05685483394,0.08879956009,0.09403837629,100000,-0.8270326573,-0.5697196703,0.001693543129,0.006464867266,1.685267362,0.2167524963,0.002195382097,0.00449809543,2.205309978,0.2687111033,0.003208776371,0.006618007331,-0.3918928122,0.8490292269,0.001899890172,0.005408009559,1.335988704,-0.3676924623,0.002771761697,0.003596323936,1.754482109,-0.4539363674,0.003558795276,0.005317178058,0.9317126253,0.5387245545,0.00289778826,0.006498806619,1.635898159,0.159268754,0.002917684673,0.004914627449,2.256434118,0.2461982302,0.004293659008,0.009343585785,0.6508840208,0.3692101134,0.00305676948,0.006035422869,1.503083,0.07737480023,0.002821556968,0.004250889399,2.016493616,0.1111152564,0.003921457131,0.007026906948
1,139,geom_ind15_sd707_r1_patient,ind15_sd707,r1_patient,0.125,"patient-level geometry: plane angle 30.2 deg (SD 15), offset scale 0.3226",0.256357315,0.2235256952,0.6926835482,100000,-0.8270326573,-0.5697196703,0.001693543129,0.006464867266,1.685267362,0.2167524963,0.002195382097,0.00449809543,2.205309978,0.2687111033,0.003208776371,0.006618007331,-1.854339783,-0.6134177442,0.005410067237,0.007412875436,2.238232687,0.5345515209,0.004940812483,0.006264141586,2.988911726,0.7804932497,0.0079801369,0.009380075677,0.02934156528,-0.3636465055,0.003531357073,0.006537254776,1.53688479,0.06025538538,0.003060947727,0.004373090964,2.067459357,0.05722346898,0.005135628359,0.007704430992,-0.1109849623,-0.3926588696,0.003273099975,0.006253785358,1.491929988,0.06622178881,0.002904395601,0.004119980057,1.980722515,0.07534415588,0.00422739447,0.006554027699
1,140,geom_ind15_sd707_r1_patient_indoff,ind15_sd707,r1_patient_indoff,0.125,"patient-level geometry: plane angle 30.2 deg (SD 15), offset scale 0.3226, independent offsets",0.2568309054,0.2233311651,0.6840089877,100000,-0.8270326573,-0.5697196703,0.001693543129,0.006464867266,1.685267362,0.2167524963,0.002195382097,0.00449809543,2.205309978,0.2687111033,0.003208776371,0.006618007331,-1.855829586,-0.6149075469,0.005973965939,0.007383741987,2.234242364,0.5305611974,0.005407190232,0.006248370673,2.982618565,0.7742000893,0.008601987104,0.00938919145,0.03633034369,-0.3566577271,0.003984308088,0.006518880433,1.532801457,0.05617205208,0.003369313594,0.004360500334,2.061760803,0.05152491521,0.005971571737,0.007748580473,-0.105957763,-0.3876316704,0.003600984651,0.006244097813,1.488729638,0.06302143878,0.0031172496,0.004115537402,1.977388128,0.07200976852,0.004583623207,0.006604514536
1,141,geom_ind15_sd707_r1_patient_spanq,ind15_sd707,r1_patient_spanq,0.125,"patient-level geometry: plane angle 30.2 deg (SD 15), offset scale 0.3226, span-linked ellipticity",0.2558919374,0.2231739857,0.693164659,100000,-0.8270326573,-0.5697196703,0.001693543129,0.006464867266,1.685267362,0.2167524963,0.002195382097,0.00449809543,2.205309978,0.2687111033,0.003208776371,0.006618007331,-2.233718985,-0.9927969458,0.007428052982,0.009581160477,2.569699887,0.8660187205,0.006854632604,0.008698270209,3.764209387,1.555790912,0.01293664973,0.01525770175,-0.08872220644,-0.4817102773,0.003919812807,0.006562975928,1.550032284,0.07340287911,0.003363695775,0.004373228675,2.0772804,0.06704451229,0.006482945645,0.006983532544,-0.1890770683,-0.4707509756,0.003499380701,0.006392145219,1.521049237,0.09534103717,0.003109377762,0.004252162543,2.030187511,0.1248091512,0.004973251186,0.006713074528
1,142,geom_ind15_sd707_r2_patient,ind15_sd707,r2_patient,0.125,"patient-level offset only, offset scale 0.3226",0.05685483394,0.08879956009,0.09403837629,100000,-0.8270326573,-0.5697196703,0.001693543129,0.006464867266,1.685267362,0.2167524963,0.002195382097,0.00449809543,2.205309978,0.2687111033,0.003208776371,0.006618007331,-0.3918928122,0.8490292269,0.001899890172,0.005408009559,1.335988704,-0.3676924623,0.002771761697,0.003596323936,1.754482109,-0.4539363674,0.003558795276,0.005317178058,0.9317126253,0.5387245545,0.00289778826,0.006498806619,1.635898159,0.159268754,0.002917684673,0.004914627449,2.256434118,0.2461982302,0.004293659008,0.009343585785,0.6508840208,0.3692101134,0.00305676948,0.006035422869,1.503083,0.07737480023,0.002821556968,0.004250889399,2.016493616,0.1111152564,0.003921457131,0.007026906948
1,143,geom_ind15_sd707_r2_patient_indoff,ind15_sd707,r2_patient_indoff,0.125,"patient-level offset only, offset scale 0.3226, independent offsets",0.05750584088,0.08949905241,0.000562769562,100000,-0.8270326573,-0.5697196703,0.001693543129,0.006464867266,1.685267362,0.2167524963,0.002195382097,0.00449809543,2.205309978,0.2687111033,0.003208776371,0.006618007331,-0.394315385,0.846606654,0.003416281835,0.005352718203,1.326766203,-0.3769149637,0.003552258794,0.00355009751,1.737991711,-0.4704267651,0.005132814197,0.00518133638,0.9404106698,0.547422599,0.003722734242,0.006468191704,1.633203502,0.1565740973,0.003395766663,0.004899746025,2.251239832,0.2410039446,0.005689582073,0.009330179612,0.6563588213,0.374684914,0.003573776427,0.006007598827,1.497959974,0.07225177508,0.003112101833,0.004237958297,2.009949048,0.1045706891,0.004584057539,0.007095334795
1,144,geom_mid15_sd707_r1_halfnormal,mid15_sd707,r1_halfnormal,0.125,half-normal scale 0.3389,0.2680299264,0.2009560191,0.07850895349,100000,-0.8270326573,-0.5697196703,0.001693543129,0.006464867266,1.685267362,0.2167524963,0.002195382097,0.00449809543,2.205309978,0.2687111033,0.003208776371,0.006618007331,-1.942877893,-0.7019558536,0.001479605124,0.006528306605,2.213551749,0.5098705828,0.002035822879,0.005600741577,2.834891638,0.6264731623,0.002535309881,0.007794726206,-0.04620379478,-0.4391918656,0.001372836628,0.006440630596,1.517678979,0.04104957382,0.001801660567,0.004297597636,2.037220056,0.02698416834,0.002599797786,0.007644484773,-0.1806044807,-0.462278388,0.001630946116,0.006212866236,1.48794439,0.06223619023,0.001950680643,0.004097057902,1.972954654,0.06757629433,0.002870767029,0.006476055767
1,145,geom_mid15_sd707_r1_chord,mid15_sd707,r1_chord,0.125,"chord link, shift 0.1528, offset scale 0.4973",0.2694648579,0.1584687268,0.08395010449,100000,-0.8270326573,-0.5697196703,0.001693543129,0.006464867266,1.685267362,0.2167524963,0.002195382097,0.00449809543,2.205309978,0.2687111033,0.003208776371,0.006618007331,-1.951667054,-0.7107450149,0.001461817769,0.006108179187,2.161620551,0.4579393846,0.002112109692,0.005354789953,2.745897354,0.5374788778,0.002535315747,0.007400154492,-0.2862622512,-0.679250322,0.001848432597,0.006154826877,1.477834561,0.001205156379,0.002566681757,0.004106238491,1.967256359,-0.04297952839,0.003872302307,0.007080303693,-0.3792106145,-0.6608845219,0.001979785464,0.006020750519,1.467947209,0.04223900922,0.002567457532,0.004017281734,1.94131608,0.03593772042,0.003637948451,0.006285178795
1,146,geom_mid15_sd707_r2_halfnormal,mid15_sd707,r2_halfnormal,0.125,half-normal scale 0.1738,0.1379124729,0.1046021061,0.08057715276,100000,-0.8270326573,-0.5697196703,0.001693543129,0.006464867266,1.685267362,0.2167524963,0.002195382097,0.00449809543,2.205309978,0.2687111033,0.003208776371,0.006618007331,-0.9868291434,0.2540928956,0.001000972415,0.005469047738,1.536418746,-0.1672624205,0.001133112176,0.004005350976,1.991193151,-0.2172253251,0.001556759407,0.005567926225,0.3627259626,-0.03026210824,0.001663852136,0.006366949303,1.499685659,0.02305625455,0.001547881944,0.004400336595,2.045808869,0.03557298127,0.002172019135,0.008417884124,0.1653293584,-0.1163445489,0.00204323413,0.00602615132,1.433835902,0.008127703045,0.001818502817,0.004003595995,1.912785261,0.007406901851,0.002599750766,0.006559940928
1,147,geom_mid15_sd707_r2_chord,mid15_sd707,r2_chord,0.125,"chord link, offset scale 0.4973",0.1376701122,0.1870578313,0.08395010449,100000,-0.8270326573,-0.5697196703,0.001693543129,0.006464867266,1.685267362,0.2167524963,0.002195382097,0.00449809543,2.205309978,0.2687111033,0.003208776371,0.006618007331,-0.986133254,0.2547887851,0.001413167081,0.006215028469,1.654005684,-0.04967548243,0.001553029061,0.004581881978,2.198881092,-0.009537384249,0.002312050988,0.006965989193,0.6319217824,0.2389337116,0.002288190313,0.006563393525,1.580927244,0.1042978392,0.002196901326,0.004698709019,2.169584181,0.159348293,0.003133146323,0.008954987725,0.3900108267,0.1083369194,0.002633934009,0.006168018091,1.485920207,0.06021200773,0.002345427995,0.004181595079,1.989099072,0.08372071231,0.003262127078,0.006866326806
1,148,geom_mid15_sd707_r1_patient,mid15_sd707,r1_patient,0.125,"patient-level geometry: plane angle 20.1 deg (SD 15), offset scale 0.4973",0.2689245411,0.2370165713,0.3810614589,100000,-0.8270326573,-0.5697196703,0.001693543129,0.006464867266,1.685267362,0.2167524963,0.002195382097,0.00449809543,2.205309978,0.2687111033,0.003208776371,0.006618007331,-1.947759775,-0.7068377356,0.004285290747,0.007305937143,2.296063128,0.5923819615,0.004026154112,0.006212502896,3.021818412,0.8133999363,0.006327453755,0.009034640715,0.05348843512,-0.3394996357,0.002962196128,0.006543954577,1.536941189,0.06031178403,0.002639909472,0.004385183408,2.070060951,0.05982506309,0.004214928392,0.007804019695,-0.09477761355,-0.3764515209,0.002879858309,0.00626807323,1.493002506,0.06729430686,0.002616452434,0.004133737187,1.984393537,0.07901517747,0.003785320556,0.006577700385
1,149,geom_mid15_sd707_r1_patient_indoff,mid15_sd707,r1_patient_indoff,0.125,"patient-level geometry: plane angle 20.1 deg (SD 15), offset scale 0.4973, independent offsets",0.2701915544,0.2371565766,0.3412144732,100000,-0.8270326573,-0.5697196703,0.001693543129,0.006464867266,1.685267362,0.2167524963,0.002195382097,0.00449809543,2.205309978,0.2687111033,0.003208776371,0.006618007331,-1.953344036,-0.712421997,0.005752334322,0.007226710376,2.292467643,0.5887864769,0.005224857466,0.006150337319,3.006332481,0.7979140046,0.008027284882,0.00894289039,0.06906534384,-0.323922727,0.003972721996,0.006512710209,1.52955295,0.05292354483,0.003347105238,0.004366639297,2.060647236,0.05041134864,0.005823740094,0.007876417821,-0.08316404801,-0.3648379553,0.003615452202,0.006250362426,1.487219942,0.06151174304,0.00311895588,0.004125256475,1.978277088,0.07289872885,0.004616023012,0.006671012905
1,150,geom_mid15_sd707_r1_patient_spanq,mid15_sd707,r1_patient_spanq,0.125,"patient-level geometry: plane angle 20.1 deg (SD 15), offset scale 0.4973, span-linked ellipticity",0.2686766553,0.2367636182,0.3829225109,100000,-0.8270326573,-0.5697196703,0.001693543129,0.006464867266,1.685267362,0.2167524963,0.002195382097,0.00449809543,2.205309978,0.2687111033,0.003208776371,0.006618007331,-2.230169994,-0.9892479549,0.006276495045,0.009040026182,2.544015359,0.8403341926,0.005880629148,0.008169355181,3.625711491,1.417293015,0.01170916021,0.01444391638,-0.0397925467,-0.4327806175,0.00344616263,0.006551851139,1.545284841,0.0686554358,0.003002624849,0.004366153548,2.072248985,0.06201309712,0.006005074932,0.006977345475,-0.1556584589,-0.4373323662,0.003145256591,0.006367234539,1.513489612,0.08778141287,0.002834679194,0.00422814812,2.01949414,0.1141157806,0.004612199159,0.006655295898
1,151,geom_mid15_sd707_r2_patient,mid15_sd707,r2_patient,0.125,"patient-level offset only, offset scale 0.4973",0.1376701122,0.1870578313,0.08395010449,100000,-0.8270326573,-0.5697196703,0.001693543129,0.006464867266,1.685267362,0.2167524963,0.002195382097,0.00449809543,2.205309978,0.2687111033,0.003208776371,0.006618007331,-0.986133254,0.2547887851,0.001413167081,0.006215028469,1.654005684,-0.04967548243,0.001553029061,0.004581881978,2.198881092,-0.009537384249,0.002312050988,0.006965989193,0.6319217824,0.2389337116,0.002288190313,0.006563393525,1.580927244,0.1042978392,0.002196901326,0.004698709019,2.169584181,0.159348293,0.003133146323,0.008954987725,0.3900108267,0.1083369194,0.002633934009,0.006168018091,1.485920207,0.06021200773,0.002345427995,0.004181595079,1.989099072,0.08372071231,0.003262127078,0.006866326806
1,152,geom_mid15_sd707_r2_patient_indoff,mid15_sd707,r2_patient_indoff,0.125,"patient-level offset only, offset scale 0.4973, independent offsets",0.1391282266,0.1878690749,0.002091182689,100000,-0.8270326573,-0.5697196703,0.001693543129,0.006464867266,1.685267362,0.2167524963,0.002195382097,0.00449809543,2.205309978,0.2687111033,0.003208776371,0.006618007331,-0.9927454962,0.2481765429,0.004389132423,0.006097931208,1.642064555,-0.06161661195,0.003917104585,0.0044806551,2.16886674,-0.0395517355,0.00599010608,0.006619669343,0.6533407212,0.2603526504,0.003878468315,0.006496548795,1.572020455,0.0953910502,0.003300910276,0.004664868667,2.155765877,0.1455299895,0.005740622409,0.008910060986,0.4060383854,0.1243644781,0.003663612041,0.006122991059,1.477122593,0.051414394,0.003059287999,0.004161799845,1.978365899,0.07298753962,0.004531111083,0.006938150496
1,153,geom_ind00_sd707_r1_halfnormal,ind00_sd707,r1_halfnormal,0.125,half-normal scale 0.3151,0.2495893861,0.1880910942,0.07943677309,100000,-0.8270326573,-0.5697196703,0.001693543129,0.006464867266,1.685267362,0.2167524963,0.002195382097,0.00449809543,2.205309978,0.2687111033,0.003208776371,0.006618007331,-1.807402406,-0.5664803665,0.001197421926,0.006350916394,2.104552589,0.4008714228,0.001678725138,0.005358137861,2.701865471,0.4934469954,0.002081061817,0.007465794711,-0.003793875034,-0.3967819459,0.001309024819,0.006432729364,1.51280561,0.03617620505,0.001674289395,0.004300478347,2.034201003,0.02396511515,0.002387700474,0.007723989634,-0.1451248437,-0.426798751,0.001604580259,0.006195401904,1.480502399,0.05479419913,0.001857318747,0.004083445401,1.96451605,0.0591376909,0.002752399513,0.006480980378
1,154,geom_ind00_sd707_r1_chord,ind00_sd707,r1_chord,0.125,"chord link, shift 0.2235, offset scale 0.2601",0.2511722061,0.04227750943,0.09372071848,100000,-0.8270326573,-0.5697196703,0.001693543129,0.006464867266,1.685267362,0.2167524963,0.002195382097,0.00449809543,2.205309978,0.2687111033,0.003208776371,0.006618007331,-1.815415667,-0.5744936284,0.002243068407,0.005314111481,1.992512062,0.2888308951,0.002463910994,0.004636379049,2.473799484,0.2653810084,0.00305565424,0.005945734379,-0.4145909984,-0.8075790692,0.002639425044,0.006123919005,1.497299226,0.02066982116,0.003172106508,0.004099022349,1.980425861,-0.02981002655,0.004977361738,0.00681236498,-0.485980887,-0.7676547943,0.00261360272,0.006030843706,1.493517862,0.06780966263,0.003048130625,0.00405298588,1.96805707,0.06267871088,0.004288821578,0.00624218862
1,155,geom_ind00_sd707_r2_halfnormal,ind00_sd707,r2_halfnormal,0.125,half-normal scale 0.0450,0.03573901356,0.02710687446,0.08057715276,100000,-0.8270326573,-0.5697196703,0.001693543129,0.006464867266,1.685267362,0.2167524963,0.002195382097,0.00449809543,2.205309978,0.2687111033,0.003208776371,0.006618007331,-0.2359638506,1.004958188,0.002674238904,0.005174362464,1.263579597,-0.4401015691,0.003399002118,0.003371101928,1.653195347,-0.5552231288,0.004798609526,0.004965430199,1.000323463,0.6073353925,0.003120077135,0.006418097152,1.639107003,0.162477598,0.003101272808,0.004932702616,2.262698156,0.2524622682,0.004727885739,0.009409232556,0.7121851581,0.4305112508,0.003138214526,0.005920628684,1.49289344,0.0671852402,0.002901442803,0.004223557817,2.003136802,0.09775844254,0.004072798443,0.007018531274
1,156,geom_ind00_sd707_r2_chord,ind00_sd707,r2_chord,0.125,"chord link, offset scale 0.2601",0.03563540963,0.05444634053,0.09372071848,100000,-0.8270326573,-0.5697196703,0.001693543129,0.006464867266,1.685267362,0.2167524963,0.002195382097,0.00449809543,2.205309978,0.2687111033,0.003208776371,0.006618007331,-0.2357397552,1.005182284,0.002368717166,0.005263021388,1.282584856,-0.4210963104,0.003287154078,0.00343580098,1.680917888,-0.527500588,0.004488825577,0.005078243356,1.04504138,0.6520533091,0.003151942189,0.00649461565,1.670612203,0.1939827986,0.003197929024,0.005019116065,2.304359466,0.2941235786,0.0047746334,0.009482355902,0.7489222617,0.4672483544,0.003221032111,0.005999332153,1.520089842,0.09438164302,0.00300988122,0.004300456436,2.039619374,0.1342410145,0.004219154549,0.007108431859
1,157,geom_ind00_sd707_r1_patient,ind00_sd707,r1_patient,0.125,"patient-level geometry: plane angle 30.0 deg (SD 0), offset scale 0.2601",0.2500030239,0.213300197,0.9605956129,100000,-0.8270326573,-0.5697196703,0.001693543129,0.006464867266,1.685267362,0.2167524963,0.002195382097,0.00449809543,2.205309978,0.2687111033,0.003208776371,0.006618007331,-1.807072904,-0.5661508649,0.005759562277,0.00749214198,2.217896309,0.5142151422,0.005226447924,0.006292575826,2.979710639,0.7712921631,0.008433204411,0.009480535218,-0.0208654603,-0.4138535311,0.003676677679,0.006550420603,1.542210415,0.06558100976,0.003188350817,0.004373556485,2.071519603,0.06128371566,0.005467756367,0.007702265086,-0.1521993365,-0.4338732438,0.003356664056,0.00626571879,1.497062426,0.07135422701,0.002988881652,0.004132638073,1.98722132,0.08184296053,0.004376427879,0.006595290158
1,158,geom_ind00_sd707_r1_patient_indoff,ind00_sd707,r1_patient_indoff,0.125,"patient-level geometry: plane angle 30.0 deg (SD 0), offset scale 0.2601, independent offsets",0.2502902742,0.2132446646,0.9568982913,100000,-0.8270326573,-0.5697196703,0.001693543129,0.006464867266,1.685267362,0.2167524963,0.002195382097,0.00449809543,2.205309978,0.2687111033,0.003208776371,0.006618007331,-1.808057084,-0.5671350452,0.00609345121,0.007477206002,2.214907598,0.5112264316,0.005493315814,0.006288162962,2.976554295,0.768135819,0.008770576398,0.009495133936,-0.01656745399,-0.4095555248,0.003973658363,0.006538085397,1.539214727,0.06258532174,0.003386245964,0.004365460895,2.06758018,0.05734429207,0.005963038172,0.007790564349,-0.1485851754,-0.4302590827,0.003571371977,0.006253758269,1.494017699,0.06830949925,0.003124608547,0.004124216069,1.983176163,0.0777978035,0.004604801462,0.00660491244
1,159,geom_ind00_sd707_r1_patient_spanq,ind00_sd707,r1_patient_spanq,0.125,"patient-level geometry: plane angle 30.0 deg (SD 0), offset scale 0.2601, span-linked ellipticity",0.249393727,0.213092582,0.9607243167,100000,-0.8270326573,-0.5697196703,0.001693543129,0.006464867266,1.685267362,0.2167524963,0.002195382097,0.00449809543,2.205309978,0.2687111033,0.003208776371,0.006618007331,-2.2317014,-0.990779361,0.007865314485,0.009878969717,2.585918724,0.8822375575,0.007231158496,0.008973796685,3.839244432,1.630825957,0.01357101262,0.01581788965,-0.160461618,-0.5534496889,0.004047688185,0.006584174776,1.560150356,0.08352095168,0.003501759007,0.004389522139,2.088262514,0.07802662632,0.006660542523,0.006940511956,-0.2431787707,-0.524852678,0.003578030768,0.006433865735,1.533396487,0.1076882874,0.003205919413,0.004297989108,2.049038152,0.143659793,0.005116380076,0.006770268194
1,160,geom_ind00_sd707_r2_patient,ind00_sd707,r2_patient,0.125,"patient-level offset only, offset scale 0.2601",0.03563540963,0.05444634053,0.09372071848,100000,-0.8270326573,-0.5697196703,0.001693543129,0.006464867266,1.685267362,0.2167524963,0.002195382097,0.00449809543,2.205309978,0.2687111033,0.003208776371,0.006618007331,-0.2357397552,1.005182284,0.002368717166,0.005263021388,1.282584856,-0.4210963104,0.003287154078,0.00343580098,1.680917888,-0.527500588,0.004488825577,0.005078243356,1.04504138,0.6520533091,0.003151942189,0.00649461565,1.670612203,0.1939827986,0.003197929024,0.005019116065,2.304359466,0.2941235786,0.0047746334,0.009482355902,0.7489222617,0.4672483544,0.003221032111,0.005999332153,1.520089842,0.09438164302,0.00300988122,0.004300456436,2.039619374,0.1342410145,0.004219154549,0.007108431859
1,161,geom_ind00_sd707_r2_patient_indoff,ind00_sd707,r2_patient_indoff,0.125,"patient-level offset only, offset scale 0.2601, independent offsets",0.0360664574,0.05512305492,0.001697968978,100000,-0.8270326573,-0.5697196703,0.001693543129,0.006464867266,1.685267362,0.2167524963,0.002195382097,0.00449809543,2.205309978,0.2687111033,0.003208776371,0.006618007331,-0.2374349794,1.00348706,0.003259966717,0.005232512775,1.276246374,-0.4274347927,0.003652952931,0.003413903678,1.671606109,-0.5368123667,0.005252576539,0.005041462177,1.04939777,0.6564096987,0.003703096746,0.006477126306,1.669033974,0.192404569,0.003486610587,0.005010849177,2.301414835,0.2911789476,0.005678669543,0.009465910614,0.7522109409,0.4705370335,0.00356924733,0.005982524168,1.516746716,0.09103851672,0.003184813825,0.004294581346,2.035889253,0.1305108938,0.004669693454,0.007171246614
1,162,geom_ind15_r1_halfnormal,ind15,r1_halfnormal,0.25,half-normal scale 0.3699,0.2916437968,0.2166271972,0.07674593335,100000,-1.922372538,-1.665059551,0.004946211956,0.008208963819,2.443757978,0.975243112,0.005642786345,0.006680006776,3.230194651,1.293595777,0.008866718128,0.01000764628,-2.481464129,-1.24054209,0.002643153121,0.007155773997,2.658893123,0.9552119565,0.003383188596,0.006487258752,3.358291704,1.149873228,0.004314017498,0.008970850959,-0.5020174359,-0.8950055067,0.003095370462,0.007039271135,1.698134943,0.2215055382,0.003550765897,0.004820235177,2.281908361,0.2716724728,0.005931909664,0.008107079904,-0.7451929106,-1.026866818,0.003754414873,0.007005603746,1.734774779,0.3090665797,0.004042707594,0.004953476338,2.337330054,0.4319516945,0.006958078551,0.007998873274
1,163,geom_ind15_r1_chord,ind15,r1_chord,0.25,"chord link, shift 0.2308, offset scale 0.3844",0.294532814,0.09701756534,0.09221954218,100000,-1.922372538,-1.665059551,0.004946211956,0.008208963819,2.443757978,0.975243112,0.005642786345,0.006680006776,3.230194651,1.293595777,0.008866718128,0.01000764628,-2.499501421,-1.258579382,0.002557254453,0.006131631072,2.591177197,0.88749603,0.003276745914,0.005738460929,3.163409508,0.9549910324,0.003697015296,0.00751991715,-1.016156793,-1.409144864,0.003393869763,0.006484188703,1.754525675,0.27789627,0.004579918545,0.004646142637,2.28844989,0.2782140018,0.007047985173,0.006994691664,-1.160827334,-1.442501241,0.003734905149,0.00655197091,1.810612688,0.3849044885,0.004692142276,0.004860056343,2.374933568,0.4695552082,0.007058997855,0.00726273022
1,164,geom_ind15_r2_halfnormal,ind15,r2_halfnormal,0.25,half-normal scale 0.1047,0.08309229632,0.06302279275,0.08057715276,100000,-1.922372538,-1.665059551,0.004946211956,0.008208963819,2.443757978,0.975243112,0.005642786345,0.006680006776,3.230194651,1.293595777,0.008866718128,0.01000764628,-0.9490729616,0.2918490774,0.002100231999,0.005503640098,1.527122158,-0.1765590087,0.0020832331,0.003997034551,1.982350784,-0.2260676924,0.002968958521,0.005596163523,0.5295465814,0.1365585106,0.002945321321,0.006405246702,1.525623141,0.04899373603,0.002622671384,0.004533863335,2.093584745,0.08334885753,0.003950692357,0.00879574834,0.1651204633,-0.1165534441,0.003610639671,0.006195753867,1.458506135,0.03279793521,0.003049750488,0.004169820404,1.966205223,0.06082686323,0.005117487353,0.007064808549
1,165,geom_ind15_r2_chord,ind15,r2_chord,0.25,"chord link, offset scale 0.3844",0.08286898407,0.1261260907,0.09221954218,100000,-1.922372538,-1.665059551,0.004946211956,0.008208963819,2.443757978,0.975243112,0.005642786345,0.006680006776,3.230194651,1.293595777,0.008866718128,0.01000764628,-0.9485650042,0.2923570349,0.001848397886,0.005922466502,1.589704119,-0.1139770477,0.001907915797,0.004336082396,2.099357387,-0.109061089,0.002693665231,0.006536533728,0.7041103257,0.3111222549,0.003260672186,0.006626944897,1.606460708,0.1298313035,0.002985056891,0.004802784985,2.210739085,0.2005031972,0.004483462004,0.009148605685,0.3084871282,0.02681322088,0.003991431859,0.006455516619,1.52313355,0.09742535058,0.003370058385,0.004407466087,2.064580373,0.1592020135,0.005625274915,0.00748013866
1,166,geom_ind15_r1_patient,ind15,r1_patient,0.25,"patient-level geometry: plane angle 31.8 deg (SD 15), offset scale 0.3844",0.2946082255,0.1898603394,0.4434337788,100000,-1.922372538,-1.665059551,0.004946211956,0.008208963819,2.443757978,0.975243112,0.005642786345,0.006680006776,3.230194651,1.293595777,0.008866718128,0.01000764628,-2.499432347,-1.258510308,0.004468588165,0.007129460985,2.670800106,0.9671189393,0.004501644097,0.006478349625,3.366011382,1.157592906,0.006201683442,0.00879841929,-0.6713885627,-1.064376634,0.004482774517,0.00703884547,1.739842053,0.2632126479,0.00446574153,0.004876700756,2.32491884,0.3146829521,0.007408117415,0.007858946933,-0.8739918305,-1.155665738,0.004581244807,0.006979384875,1.771935997,0.3462277972,0.004629159271,0.00499525986,2.3738143,0.4684359405,0.007502310901,0.007840904112
1,167,geom_ind15_r1_patient_indoff,ind15,r1_patient_indoff,0.25,"patient-level geometry: plane angle 31.8 deg (SD 15), offset scale 0.3844, independent offsets",0.295305311,0.1897126048,0.4189618265,100000,-1.922372538,-1.665059551,0.004946211956,0.008208963819,2.443757978,0.975243112,0.005642786345,0.006680006776,3.230194651,1.293595777,0.008866718128,0.01000764628,-2.502070445,-1.261148406,0.005342092506,0.007057449903,2.669602958,0.9659217913,0.005156071975,0.006414302618,3.352769992,1.144351516,0.007330943793,0.008709756868,-0.6523678152,-1.045355886,0.004939773076,0.006987835315,1.726700042,0.2500706369,0.004675953484,0.004823950054,2.30402239,0.2937865027,0.007891088897,0.007818851878,-0.8580871198,-1.139761027,0.004859165619,0.006930052899,1.758938453,0.3332302538,0.004745521311,0.004944682765,2.353471648,0.4480932884,0.007624115584,0.007770975013
1,168,geom_ind15_r1_patient_spanq,ind15,r1_patient_spanq,0.25,"patient-level geometry: plane angle 31.8 deg (SD 15), offset scale 0.3844, span-linked ellipticity",0.2944386735,0.1898167723,0.4442354077,100000,-1.922372538,-1.665059551,0.004946211956,0.008208963819,2.443757978,0.975243112,0.005642786345,0.006680006776,3.230194651,1.293595777,0.008866718128,0.01000764628,-2.626345565,-1.385423526,0.005278265733,0.007870528352,2.790595277,1.086914111,0.005214943523,0.00728339329,3.618307717,1.409889241,0.008108693991,0.01077739591,-0.7401197249,-1.133107796,0.004899180043,0.007231615747,1.774908358,0.2982789537,0.004778476552,0.00512550303,2.403612186,0.3933762984,0.008567091395,0.008502795726,-0.9236653928,-1.2053393,0.004890162375,0.007193294719,1.807267765,0.3815595652,0.00487632141,0.00525477473,2.455087556,0.5497091964,0.008348033158,0.008618718016
1,169,geom_ind15_r2_patient,ind15,r2_patient,0.25,"patient-level offset only, offset scale 0.3844",0.08286898407,0.1261260907,0.09221954218,100000,-1.922372538,-1.665059551,0.004946211956,0.008208963819,2.443757978,0.975243112,0.005642786345,0.006680006776,3.230194651,1.293595777,0.008866718128,0.01000764628,-0.9485650042,0.2923570349,0.001848397886,0.005922466502,1.589704119,-0.1139770477,0.001907915797,0.004336082396,2.099357387,-0.109061089,0.002693665231,0.006536533728,0.7041103257,0.3111222549,0.003260672186,0.006626944897,1.606460708,0.1298313035,0.002985056891,0.004802784985,2.210739085,0.2005031972,0.004483462004,0.009148605685,0.3084871282,0.02681322088,0.003991431859,0.006455516619,1.52313355,0.09742535058,0.003370058385,0.004407466087,2.064580373,0.1592020135,0.005625274915,0.00748013866
1,170,geom_ind15_r2_patient_indoff,ind15,r2_patient_indoff,0.25,"patient-level offset only, offset scale 0.3844, independent offsets",0.08374719569,0.1267187125,0.001242640528,100000,-1.922372538,-1.665059551,0.004946211956,0.008208963819,2.443757978,0.975243112,0.005642786345,0.006680006776,3.230194651,1.293595777,0.008866718128,0.01000764628,-0.9522866779,0.2886353612,0.003792073523,0.005797821268,1.577252051,-0.1264291156,0.003438339399,0.004219695748,2.065983893,-0.1424345827,0.005195657885,0.006114386994,0.7212037941,0.3282157233,0.004198337982,0.006554919333,1.59696984,0.1203404353,0.00359845674,0.004760775868,2.194718363,0.184482475,0.006075748631,0.009081746948,0.3207671722,0.03909326486,0.004505824152,0.006387871078,1.511561156,0.08585295622,0.00368582468,0.004357226553,2.045321604,0.1399432449,0.006078065532,0.007390368233
1,171,geom_mid15_r1_halfnormal,mid15,r1_halfnormal,0.25,half-normal scale 0.3761,0.296328367,0.219615481,0.07633903355,100000,-1.922372538,-1.665059551,0.004946211956,0.008208963819,2.443757978,0.975243112,0.005642786345,0.006680006776,3.230194651,1.293595777,0.008866718128,0.01000764628,-2.515862815,-1.274940776,0.002704294515,0.007202706906,2.689241152,0.985559985,0.003456308582,0.006546325217,3.393731354,1.185312878,0.004403039429,0.009044745475,-0.5171523659,-0.9101404367,0.003119019299,0.007053369632,1.703977638,0.2273482336,0.003592208932,0.004836199679,2.289628602,0.2793927146,0.006007717126,0.008118172186,-0.7583089327,-1.03998284,0.00377073333,0.007022382032,1.741382216,0.3156740164,0.004075523742,0.004973912728,2.346565163,0.4411868036,0.007004264347,0.008026743678
1,172,geom_mid15_r1_chord,mid15,r1_chord,0.25,"chord link, shift 0.1425, offset scale 0.5879",0.298976173,0.1915103727,0.07529111473,100000,-1.922372538,-1.665059551,0.004946211956,0.008208963819,2.443757978,0.975243112,0.005642786345,0.006680006776,3.230194651,1.293595777,0.008866718128,0.01000764628,-2.533266936,-1.292344897,0.002653088204,0.006912716499,2.67012119,0.9664400235,0.003471817393,0.006376873855,3.34603624,1.137617764,0.004375042064,0.008748231935,-0.733339658,-1.126327729,0.002937445816,0.006605543851,1.661348066,0.1847186612,0.003943295273,0.004627103188,2.213834767,0.2035988797,0.006444590167,0.007651461436,-0.9308699892,-1.212543897,0.003527475042,0.006639937343,1.713805167,0.2880969675,0.004289085678,0.004835542237,2.296813366,0.3914350071,0.007118547555,0.007775783302
1,173,geom_mid15_r2_halfnormal,mid15,r2_halfnormal,0.25,half-normal scale 0.2302,0.1826616482,0.1385275154,0.08057961769,100000,-1.922372538,-1.665059551,0.004946211956,0.008208963819,2.443757978,0.975243112,0.005642786345,0.006680006776,3.230194651,1.293595777,0.008866718128,0.01000764628,-1.680775133,-0.4398530936,0.001574928421,0.006116030454,1.996304836,0.2926236694,0.001778373925,0.005079707961,2.562333017,0.3539145414,0.002413674479,0.007052027092,-0.07156918887,-0.4645572597,0.002666772207,0.006669779666,1.563861146,0.08723174156,0.002573318368,0.00448110716,2.110372892,0.1001370041,0.003932345934,0.008017635633,-0.3703030836,-0.6519769909,0.003492331861,0.006575989113,1.569488714,0.1437805145,0.003294888751,0.004470089003,2.112213155,0.2068347954,0.00576463004,0.007323934105
1,174,geom_mid15_r2_chord,mid15,r2_chord,0.25,"chord link, offset scale 0.5879",0.1824715077,0.2233378955,0.07529111473,100000,-1.922372538,-1.665059551,0.004946211956,0.008208963819,2.443757978,0.975243112,0.005642786345,0.006680006776,3.230194651,1.293595777,0.008866718128,0.01000764628,-1.679796344,-0.4388743045,0.002421793459,0.006968173567,2.099543764,0.3958625972,0.002416792819,0.005717657004,2.770778137,0.5623596613,0.003894439731,0.008467206799,0.2870145407,-0.1059735301,0.003284129132,0.006995428618,1.627010526,0.1503811215,0.00288309028,0.00482575445,2.230679396,0.2204435078,0.004671139859,0.00891308152,-0.07406771451,-0.3557416218,0.004109754569,0.00690521627,1.601908143,0.1761999437,0.003556722829,0.00469845921,2.184866018,0.2794876589,0.006331194979,0.007952621673
1,175,geom_mid15_r1_patient,mid15,r1_patient,0.25,"patient-level geometry: plane angle 18.8 deg (SD 15), offset scale 0.5879",0.2988511265,0.2307400691,0.1706581804,100000,-1.922372538,-1.665059551,0.004946211956,0.008208963819,2.443757978,0.975243112,0.005642786345,0.006680006776,3.230194651,1.293595777,0.008866718128,0.01000764628,-2.531588226,-1.290666187,0.003787360781,0.007416556152,2.722366039,1.018684873,0.004090502708,0.006706849176,3.45100195,1.242583474,0.005476297515,0.009212851522,-0.4891546892,-0.8821427601,0.004031165651,0.007130682077,1.712336828,0.2357074228,0.004019052996,0.004890614132,2.307354362,0.2971184742,0.006760989613,0.008256004313,-0.731455335,-1.013129242,0.004378931548,0.007070953146,1.740755082,0.3150468824,0.004365026662,0.005004609414,2.3526187,0.4472403406,0.007383695911,0.008118172234
1,176,geom_mid15_r1_patient_indoff,mid15,r1_patient_indoff,0.25,"patient-level geometry: plane angle 18.8 deg (SD 15), offset scale 0.5879, independent offsets",0.3005184249,0.2312252996,0.1172037203,100000,-1.922372538,-1.665059551,0.004946211956,0.008208963819,2.443757978,0.975243112,0.005642786345,0.006680006776,3.230194651,1.293595777,0.008866718128,0.01000764628,-2.537621624,-1.296699585,0.005608765329,0.007276885941,2.721187899,1.017506732,0.005354189603,0.006580241007,3.425606144,1.217187668,0.007587223063,0.008954423939,-0.4510859099,-0.8440739807,0.004979209054,0.006995181556,1.683287807,0.2066584024,0.004465648342,0.004757363614,2.257584121,0.2473482336,0.007564041525,0.008077013818,-0.6989226534,-0.9805965607,0.004969072751,0.006965238567,1.715863183,0.290154984,0.004624783037,0.004894626322,2.310822189,0.4054438299,0.007648433418,0.00796783334
1,177,geom_mid15_r1_patient_spanq,mid15,r1_patient_spanq,0.25,"patient-level geometry: plane angle 18.8 deg (SD 15), offset scale 0.5879, span-linked ellipticity",0.2987662388,0.2307116579,0.1714428945,100000,-1.922372538,-1.665059551,0.004946211956,0.008208963819,2.443757978,0.975243112,0.005642786345,0.006680006776,3.230194651,1.293595777,0.008866718128,0.01000764628,-2.612510928,-1.371588889,0.004413989549,0.007868781235,2.796585461,1.092904295,0.004616285713,0.007208387451,3.607897344,1.399478868,0.006941989867,0.01048090838,-0.5396866946,-0.9326747654,0.004352846264,0.007245704218,1.734353378,0.2577239734,0.004261954476,0.005033165884,2.353982198,0.3437463104,0.007723980739,0.008529945268,-0.769450644,-1.051124551,0.004612949025,0.007215638125,1.76599931,0.3402911105,0.004558208608,0.005176696648,2.40801694,0.5026385806,0.008039497418,0.008639627352
1,178,geom_mid15_r2_patient,mid15,r2_patient,0.25,"patient-level offset only, offset scale 0.5879",0.1824715077,0.2233378955,0.07529111473,100000,-1.922372538,-1.665059551,0.004946211956,0.008208963819,2.443757978,0.975243112,0.005642786345,0.006680006776,3.230194651,1.293595777,0.008866718128,0.01000764628,-1.679796344,-0.4388743045,0.002421793459,0.006968173567,2.099543764,0.3958625972,0.002416792819,0.005717657004,2.770778137,0.5623596613,0.003894439731,0.008467206799,0.2870145407,-0.1059735301,0.003284129132,0.006995428618,1.627010526,0.1503811215,0.00288309028,0.00482575445,2.230679396,0.2204435078,0.004671139859,0.00891308152,-0.07406771451,-0.3557416218,0.004109754569,0.00690521627,1.601908143,0.1761999437,0.003556722829,0.00469845921,2.184866018,0.2794876589,0.006331194979,0.007952621673
1,179,geom_mid15_r2_patient_indoff,mid15,r2_patient_indoff,0.25,"patient-level offset only, offset scale 0.5879, independent offsets",0.1843538801,0.2242308008,0.002380176612,100000,-1.922372538,-1.665059551,0.004946211956,0.008208963819,2.443757978,0.975243112,0.005642786345,0.006680006776,3.230194651,1.293595777,0.008866718128,0.01000764628,-1.687185457,-0.446263418,0.005063722729,0.006783375966,2.08835836,0.3846771939,0.004545164559,0.005555859905,2.729096499,0.5206780234,0.006920178766,0.008015830768,0.3268479233,-0.06614014749,0.004704328545,0.006803556954,1.596561769,0.1199323641,0.003848158214,0.00467614626,2.176148432,0.1659125446,0.006591893542,0.008644043541,-0.04092645346,-0.3226003608,0.00492121443,0.006754043993,1.573980139,0.1482719398,0.004059998105,0.004567217714,2.136197646,0.2308192869,0.006887967783,0.007748641034
1,180,geom_ind00_r1_halfnormal,ind00,r1_halfnormal,0.25,half-normal scale 0.3676,0.2899599274,0.2155441942,0.07688621756,100000,-1.922372538,-1.665059551,0.004946211956,0.008208963819,2.443757978,0.975243112,0.005642786345,0.006680006776,3.230194651,1.293595777,0.008866718128,0.01000764628,-2.46909406,-1.228172021,0.002621232957,0.007138878058,2.648005642,0.9443244754,0.003356819698,0.006465941875,3.34555414,1.137135664,0.004281759003,0.008944065977,-0.496523748,-0.8895118188,0.003086929806,0.007034185995,1.696026497,0.2193970927,0.003535799223,0.004814541425,2.279136594,0.268900706,0.005904742555,0.008103481974,-0.7405934503,-1.022267358,0.003749801146,0.007000465748,1.732599672,0.306891473,0.004031904758,0.004946922849,2.334326824,0.4289484644,0.006941174274,0.007988145787
1,181,geom_ind00_r1_chord,ind00,r1_chord,0.25,"chord link, shift 0.2469, offset scale 0.3336",0.2929328478,0.07184970621,0.09380526766,100000,-1.922372538,-1.665059551,0.004946211956,0.008208963819,2.443757978,0.975243112,0.005642786345,0.006680006776,3.230194651,1.293595777,0.008866718128,0.01000764628,-2.487189492,-1.246267453,0.002709377784,0.005985286823,2.573418603,0.8697374363,0.003334609063,0.005608912316,3.125450621,0.9170321447,0.003792947028,0.007228811533,-1.052004667,-1.444992738,0.003521283222,0.006476793881,1.770898932,0.2942695268,0.004669930111,0.00465348944,2.302511187,0.2922752995,0.007146161888,0.006890650894,-1.189928258,-1.471602165,0.003806482654,0.006547731063,1.826923788,0.4012155886,0.004744183336,0.004863679392,2.388129937,0.4827515773,0.007057406192,0.007185717415
1,182,geom_ind00_r2_halfnormal,ind00,r2_halfnormal,0.25,half-normal scale 0.0774,0.06137300475,0.0465494195,0.08057715276,100000,-1.922372538,-1.665059551,0.004946211956,0.008208963819,2.443757978,0.975243112,0.005642786345,0.006680006776,3.230194651,1.293595777,0.008866718128,0.01000764628,-0.7894594736,0.4514625654,0.002371555254,0.005434095154,1.454025233,-0.2496559332,0.002433043025,0.003823585995,1.891072644,-0.3173458317,0.003434060869,0.005387735569,0.6990164085,0.3060283377,0.003159517551,0.006401338539,1.554036476,0.0774070714,0.002886452781,0.00465970902,2.141564025,0.1313281369,0.00443693457,0.009051487412,0.3171030375,0.03542913018,0.003741111144,0.006159890775,1.460451379,0.03474317984,0.003156502816,0.004197667468,1.973560698,0.06818233842,0.005230382847,0.007151144952
1,183,geom_ind00_r2_chord,ind00,r2_chord,0.25,"chord link, offset scale 0.3336",0.06117066893,0.09540057321,0.09380526766,100000,-1.922372538,-1.665059551,0.004946211956,0.008208963819,2.443757978,0.975243112,0.005642786345,0.006680006776,3.230194651,1.293595777,0.008866718128,0.01000764628,-0.7887924326,0.4521296065,0.002031941752,0.005694313206,1.496295836,-0.2073853302,0.002204621712,0.004032116558,1.965879286,-0.2425391904,0.002897075588,0.005942402099,0.8136860999,0.4206980291,0.003344162518,0.00656816643,1.618782477,0.1421530718,0.00312810528,0.004853544894,2.230722518,0.2204866304,0.004692310456,0.009242651766,0.4088524592,0.1271785519,0.004005249588,0.006365698868,1.516798832,0.09109063288,0.003395052175,0.004380265413,2.054101268,0.1487229087,0.005557782583,0.00741235214
1,184,geom_ind00_r1_patient,ind00,r1_patient,0.25,"patient-level geometry: plane angle 32.1 deg (SD 0), offset scale 0.3336",0.2923447815,0.1602778515,0.8081662738,100000,-1.922372538,-1.665059551,0.004946211956,0.008208963819,2.443757978,0.975243112,0.005642786345,0.006680006776,3.230194651,1.293595777,0.008866718128,0.01000764628,-2.48229575,-1.241373711,0.004524037088,0.006986545873,2.645733224,0.9420520571,0.004539383259,0.006358507562,3.323089782,1.114671306,0.006245393554,0.008543464463,-0.8378756764,-1.230863747,0.004432628086,0.006960796837,1.772979575,0.2963501706,0.004663892092,0.004902880705,2.355261441,0.3450255536,0.007690467897,0.007736089756,-1.007370374,-1.289044281,0.004472496209,0.006897955556,1.802324603,0.3766164037,0.004748284604,0.005024517733,2.402691527,0.4973131676,0.007543089734,0.00777339015
1,185,geom_ind00_r1_patient_indoff,ind00,r1_patient_indoff,0.25,"patient-level geometry: plane angle 32.1 deg (SD 0), offset scale 0.3336, independent offsets",0.2928132005,0.1603484232,0.7899618695,100000,-1.922372538,-1.665059551,0.004946211956,0.008208963819,2.443757978,0.975243112,0.005642786345,0.006680006776,3.230194651,1.293595777,0.008866718128,0.01000764628,-2.483912441,-1.242990402,0.005178924767,0.006934921906,2.643851198,0.9401700318,0.005039550111,0.006315993856,3.313470553,1.105052077,0.007107809399,0.008499470759,-0.8253850528,-1.218373124,0.004796001344,0.006928736402,1.762980774,0.2863513689,0.004815081933,0.0048722416,2.34135672,0.3311208323,0.007999528279,0.007759418541,-0.9953445908,-1.277018498,0.004701804427,0.006864571992,1.79266709,0.3669588905,0.004829112737,0.004989256651,2.388074244,0.4826958846,0.007623673455,0.007705095715
1,186,geom_ind00_r1_patient_spanq,ind00,r1_patient_spanq,0.25,"patient-level geometry: plane angle 32.1 deg (SD 0), offset scale 0.3336, span-linked ellipticity",0.2921002732,0.1602916521,0.8083140951,100000,-1.922372538,-1.665059551,0.004946211956,0.008208963819,2.443757978,0.975243112,0.005642786345,0.006680006776,3.230194651,1.293595777,0.008866718128,0.01000764628,-2.628328495,-1.387406456,0.005414154512,0.007846354059,2.78429416,1.080612994,0.005326147632,0.007288576997,3.614495305,1.406076829,0.008369122433,0.01086241043,-0.9226609403,-1.315649011,0.004942914765,0.007223925528,1.82146584,0.3448364355,0.005047482302,0.005245999182,2.463688501,0.453452613,0.009006568756,0.008625886856,-1.069000047,-1.350673954,0.00485979165,0.007188138237,1.852202236,0.4264940368,0.005054596761,0.005365648356,2.511900189,0.6065218299,0.008493008095,0.008690757703
1,187,geom_ind00_r2_patient,ind00,r2_patient,0.25,"patient-level offset only, offset scale 0.3336",0.06117066893,0.09540057321,0.09380526766,100000,-1.922372538,-1.665059551,0.004946211956,0.008208963819,2.443757978,0.975243112,0.005642786345,0.006680006776,3.230194651,1.293595777,0.008866718128,0.01000764628,-0.7887924326,0.4521296065,0.002031941752,0.005694313206,1.496295836,-0.2073853302,0.002204621712,0.004032116558,1.965879286,-0.2425391904,0.002897075588,0.005942402099,0.8136860999,0.4206980291,0.003344162518,0.00656816643,1.618782477,0.1421530718,0.00312810528,0.004853544894,2.230722518,0.2204866304,0.004692310456,0.009242651766,0.4088524592,0.1271785519,0.004005249588,0.006365698868,1.516798832,0.09109063288,0.003395052175,0.004380265413,2.054101268,0.1487229087,0.005557782583,0.00741235214
1,188,geom_ind00_r2_patient_indoff,ind00,r2_patient_indoff,0.25,"patient-level offset only, offset scale 0.3336, independent offsets",0.06186588889,0.09611515427,0.0004587874629,100000,-1.922372538,-1.665059551,0.004946211956,0.008208963819,2.443757978,0.975243112,0.005642786345,0.006680006776,3.230194651,1.293595777,0.008866718128,0.01000764628,-0.7913799267,0.4495421124,0.003519537363,0.005601063143,1.48521606,-0.2184651061,0.003281865331,0.003946632083,1.939959188,-0.2684592882,0.004824733014,0.005650851875,0.8245754069,0.4315873361,0.004109432604,0.006522514162,1.613429384,0.1367999788,0.003601134787,0.004828115671,2.221306183,0.2110702951,0.006056061188,0.009221211161,0.417829908,0.1361560007,0.004421319776,0.00631746738,1.50886968,0.08316148051,0.003639694393,0.004346162111,2.040975583,0.1355972239,0.005978897182,0.007387616926
1,189,geom_ind15_sd707_r1_halfnormal,ind15_sd707,r1_halfnormal,0.25,half-normal scale 0.3224,0.2553309644,0.1921501248,0.07916921432,100000,-1.922372538,-1.665059551,0.004946211956,0.008208963819,2.443757978,0.975243112,0.005642786345,0.006680006776,3.230194651,1.293595777,0.008866718128,0.01000764628,-2.214697111,-0.9737750716,0.002187244136,0.006791227903,2.427617544,0.7239363778,0.002809461686,0.006019654565,3.084949726,0.8765312504,0.003607032331,0.008360787839,-0.376842344,-0.7698304148,0.002920448366,0.00692476686,1.652320836,0.1756914308,0.003218133579,0.004697935434,2.221981505,0.2117456168,0.005310385487,0.008036008859,-0.6370130549,-0.9186869622,0.003649924287,0.006877560145,1.68265577,0.2569475705,0.003791158843,0.00480053569,2.266235135,0.3608567753,0.006593493696,0.007785905001
1,190,geom_ind15_sd707_r1_chord,ind15_sd707,r1_chord,0.25,"chord link, shift 0.2121, offset scale 0.3226",0.256867475,0.06996785191,0.09403837629,100000,-1.922372538,-1.665059551,0.004946211956,0.008208963819,2.443757978,0.975243112,0.005642786345,0.006680006776,3.230194651,1.293595777,0.008866718128,0.01000764628,-2.222770285,-0.9818482455,0.002512936032,0.005849340597,2.347933887,0.6442527202,0.002996185834,0.005337964989,2.891738589,0.6833201127,0.003518172918,0.006959562824,-0.8517004688,-1.24468854,0.003208523225,0.006328886749,1.663206853,0.1865774481,0.004211449789,0.004432377458,2.175048133,0.1648122456,0.006380631016,0.00681559389,-1.01969844,-1.301372348,0.003575155891,0.006367010203,1.716198047,0.2904898473,0.004391591457,0.004634988684,2.256906348,0.3515279884,0.006668762426,0.007010624448
1,191,geom_ind15_sd707_r2_halfnormal,ind15_sd707,r2_halfnormal,0.25,half-normal scale 0.0719,0.05703932935,0.04326246826,0.08057715276,100000,-1.922372538,-1.665059551,0.004946211956,0.008208963819,2.443757978,0.975243112,0.005642786345,0.006680006776,3.230194651,1.293595777,0.008866718128,0.01000764628,-0.7576116095,0.4833104295,0.002429057828,0.005423243533,1.44103778,-0.2626433863,0.002507110307,0.003792792484,1.87486079,-0.333557686,0.00353500653,0.005353077194,0.7348543549,0.3418662841,0.003209426962,0.006404062812,1.562365459,0.08573605445,0.002948794837,0.004690637627,2.15433794,0.1441020524,0.004546735296,0.0091027828,0.3489195688,0.06724566154,0.003774173677,0.006156573304,1.463140403,0.03743220348,0.003187618687,0.004208662878,1.977889392,0.07251103271,0.005267764502,0.007174274751
1,192,geom_ind15_sd707_r2_chord,ind15_sd707,r2_chord,0.25,"chord link, offset scale 0.3226",0.05685483394,0.08879956009,0.09403837629,100000,-1.922372538,-1.665059551,0.004946211956,0.008208963819,2.443757978,0.975243112,0.005642786345,0.006680006776,3.230194651,1.293595777,0.008866718128,0.01000764628,-0.7570061056,0.4839159335,0.002088003595,0.005652400704,1.479068032,-0.2246131342,0.002281124064,0.003975378253,1.941131028,-0.2672874484,0.002991699999,0.005827994934,0.8372497585,0.4442616877,0.003367457497,0.006558566141,1.622629764,0.1460003593,0.003163701482,0.004867771019,2.236609739,0.2263738514,0.004755810668,0.0092688911,0.4307558091,0.1490819018,0.00401058353,0.006347576974,1.516388044,0.09067984506,0.003403489145,0.004376379863,2.052969464,0.1475911044,0.005546332258,0.00739582186
1,193,geom_ind15_sd707_r1_patient,ind15_sd707,r1_patient,0.25,"patient-level geometry: plane angle 30.2 deg (SD 15), offset scale 0.3226",0.256357315,0.2235256952,0.6926835482,100000,-1.922372538,-1.665059551,0.004946211956,0.008208963819,2.443757978,0.975243112,0.005642786345,0.006680006776,3.230194651,1.293595777,0.008866718128,0.01000764628,-2.219453077,-0.9785310376,0.005653448837,0.007719861945,2.505210912,0.8015297458,0.005306625801,0.006789332506,3.299324053,1.090905577,0.008357305193,0.009982618194,-0.3600399467,-0.7530280175,0.004831661263,0.007212900337,1.70935482,0.2327254152,0.004288751387,0.004909480691,2.309149164,0.2989132767,0.007310038853,0.008289893317,-0.6013478599,-0.8830217672,0.00484277794,0.007042974782,1.708032854,0.2823246542,0.00444694306,0.004903638282,2.306928483,0.4015501231,0.007474688933,0.008002480371
1,194,geom_ind15_sd707_r1_patient_indoff,ind15_sd707,r1_patient_indoff,0.25,"patient-level geometry: plane angle 30.2 deg (SD 15), offset scale 0.3226, independent offsets",0.2568309054,0.2233311651,0.6840089877,100000,-1.922372538,-1.665059551,0.004946211956,0.008208963819,2.443757978,0.975243112,0.005642786345,0.006680006776,3.230194651,1.293595777,0.008866718128,0.01000764628,-2.220942879,-0.9800208403,0.006171154301,0.007672510155,2.499939998,0.796258831,0.005735410236,0.006759892986,3.289265817,1.080847341,0.008952511908,0.009964298246,-0.3499013105,-0.7428893814,0.005191295784,0.007181868541,1.701457616,0.2248282115,0.004503760312,0.004884023706,2.297890973,0.2876550848,0.007851735814,0.008308706892,-0.593454271,-0.8751281783,0.005066142665,0.007015034508,1.701159257,0.2754510574,0.004566112584,0.004877797302,2.296347029,0.3909686693,0.007610808965,0.007978426333
1,195,geom_ind15_sd707_r1_patient_spanq,ind15_sd707,r1_patient_spanq,0.25,"patient-level geometry: plane angle 30.2 deg (SD 15), offset scale 0.3226, span-linked ellipticity",0.2558919374,0.2231739857,0.693164659,100000,-1.922372538,-1.665059551,0.004946211956,0.008208963819,2.443757978,0.975243112,0.005642786345,0.006680006776,3.230194651,1.293595777,0.008866718128,0.01000764628,-2.598832278,-1.357910239,0.007877450857,0.01003143992,2.851607617,1.14792645,0.00741353705,0.009319457134,4.100830072,1.892411596,0.01365220345,0.01603524091,-0.5571355318,-0.9501236027,0.005745540995,0.007684581049,1.788212062,0.3115826571,0.005031106468,0.005493584748,2.493114425,0.4828785375,0.0101692034,0.009807999526,-0.7500994631,-1.03177337,0.005549109468,0.0076004098,1.799678107,0.3739699075,0.005074789401,0.005568127213,2.517779647,0.6124012876,0.009595297397,0.009942431676
1,196,geom_ind15_sd707_r2_patient,ind15_sd707,r2_patient,0.25,"patient-level offset only, offset scale 0.3226",0.05685483394,0.08879956009,0.09403837629,100000,-1.922372538,-1.665059551,0.004946211956,0.008208963819,2.443757978,0.975243112,0.005642786345,0.006680006776,3.230194651,1.293595777,0.008866718128,0.01000764628,-0.7570061056,0.4839159335,0.002088003595,0.005652400704,1.479068032,-0.2246131342,0.002281124064,0.003975378253,1.941131028,-0.2672874484,0.002991699999,0.005827994934,0.8372497585,0.4442616877,0.003367457497,0.006558566141,1.622629764,0.1460003593,0.003163701482,0.004867771019,2.236609739,0.2263738514,0.004755810668,0.0092688911,0.4307558091,0.1490819018,0.00401058353,0.006347576974,1.516388044,0.09067984506,0.003403489145,0.004376379863,2.052969464,0.1475911044,0.005546332258,0.00739582186
1,197,geom_ind15_sd707_r2_patient_indoff,ind15_sd707,r2_patient_indoff,0.25,"patient-level offset only, offset scale 0.3226, independent offsets",0.05750584088,0.08949905241,0.000562769562,100000,-1.922372538,-1.665059551,0.004946211956,0.008208963819,2.443757978,0.975243112,0.005642786345,0.006680006776,3.230194651,1.293595777,0.008866718128,0.01000764628,-0.7594286784,0.4814933606,0.003471496147,0.005566397942,1.46837968,-0.2353014862,0.003261853324,0.003897506694,1.917075778,-0.2913426981,0.004769174402,0.005570171733,0.8470014369,0.454013366,0.004093118272,0.006517737017,1.61797794,0.1413485357,0.003605589613,0.004845234149,2.228330885,0.2180949977,0.006051239154,0.009250631757,0.4387809755,0.1571070682,0.004406236839,0.00630369157,1.509132493,0.0834242935,0.003633076088,0.004345894333,2.04111287,0.1357345109,0.005962143492,0.007389636066
1,198,geom_mid15_sd707_r1_halfnormal,mid15_sd707,r1_halfnormal,0.25,half-normal scale 0.3389,0.2680299264,0.2009560191,0.07850895349,100000,-1.922372538,-1.665059551,0.004946211956,0.008208963819,2.443757978,0.975243112,0.005642786345,0.006680006776,3.230194651,1.293595777,0.008866718128,0.01000764628,-2.307991186,-1.067069147,0.002341550285,0.00691847552,2.507597976,0.8039168096,0.003010703021,0.006184898096,3.180142419,0.9717239426,0.003856577155,0.008583152377,-0.4223263167,-0.8153143875,0.002979957653,0.006966160484,1.668374945,0.1917455399,0.003337296768,0.004740883567,2.243000263,0.2327643751,0.005540989831,0.008063214144,-0.6760845325,-0.9577584398,0.003686846582,0.006925020121,1.701260156,0.2755519568,0.003881103158,0.004856305357,2.291862279,0.3864839199,0.006729223283,0.007867820914
1,199,geom_mid15_sd707_r1_chord,mid15_sd707,r1_chord,0.25,"chord link, shift 0.1528, offset scale 0.4973",0.2694648579,0.1584687268,0.08395010449,100000,-1.922372538,-1.665059551,0.004946211956,0.008208963819,2.443757978,0.975243112,0.005642786345,0.006680006776,3.230194651,1.293595777,0.008866718128,0.01000764628,-2.316780347,-1.075858308,0.002297610047,0.00651190016,2.467968605,0.7642874388,0.003018320133,0.00593049684,3.099663392,0.8912449159,0.003753149178,0.008167364212,-0.6926119737,-1.085600045,0.002875790706,0.006469524955,1.626623952,0.1499945472,0.00381811566,0.004493617159,2.159894628,0.1496587406,0.0060956554,0.007412231521,-0.8926115744,-1.174285482,0.003456437329,0.0064989934,1.677108103,0.2513999032,0.004174107956,0.004698654273,2.240625963,0.3352476039,0.006865538417,0.007522847363
1,200,geom_mid15_sd707_r2_halfnormal,mid15_sd707,r2_halfnormal,0.25,half-normal scale 0.1738,0.1379124729,0.1046021061,0.08057715276,100000,-1.922372538,-1.665059551,0.004946211956,0.008208963819,2.443757978,0.975243112,0.005642786345,0.006680006776,3.230194651,1.293595777,0.008866718128,0.01000764628,-1.351942437,-0.1110203978,0.001615703093,0.005785492533,1.762446658,0.05876549187,0.001565857159,0.00454830708,2.274842251,0.06642377479,0.002266029727,0.006319355873,0.167159229,-0.2258288418,0.002662465603,0.006517178695,1.524021397,0.04739199248,0.002375548807,0.004418868469,2.067670561,0.05743467302,0.003452729757,0.008242504035,-0.1575688603,-0.4392427676,0.003464610559,0.006374414113,1.503714487,0.07800628734,0.003064445199,0.004274299771,2.021905745,0.1165273855,0.005281427321,0.007081841847
1,201,geom_mid15_sd707_r2_chord,mid15_sd707,r2_chord,0.25,"chord link, offset scale 0.4973",0.1376701122,0.1870578313,0.08395010449,100000,-1.922372538,-1.665059551,0.004946211956,0.008208963819,2.443757978,0.975243112,0.005642786345,0.006680006776,3.230194651,1.293595777,0.008866718128,0.01000764628,-1.351246547,-0.1103245083,0.001984888019,0.006520905466,1.8593862,0.155705033,0.001892161319,0.005119330707,2.465369246,0.2569507702,0.003185091895,0.007762115463,0.464279797,0.07129172619,0.003221538681,0.006824472623,1.607938526,0.1313091215,0.00284034633,0.004782685841,2.207453695,0.1972178071,0.004448700142,0.009011395037,0.0863314163,-0.195342491,0.004045619653,0.006712970155,1.561221675,0.1355134759,0.003438050578,0.004556766972,2.124571693,0.2191933337,0.006036948569,0.007778808086
1,202,geom_mid15_sd707_r1_patient,mid15_sd707,r1_patient,0.25,"patient-level geometry: plane angle 20.1 deg (SD 15), offset scale 0.4973",0.2689245411,0.2370165713,0.3810614589,100000,-1.922372538,-1.665059551,0.004946211956,0.008208963819,2.443757978,0.975243112,0.005642786345,0.006680006776,3.230194651,1.293595777,0.008866718128,0.01000764628,-2.312873068,-1.071951029,0.004639460235,0.007647907034,2.57279218,0.8691110135,0.004547149013,0.006766947413,3.346396799,1.137978323,0.006881296817,0.00971124234,-0.3198011161,-0.7127891869,0.004318948626,0.007194899812,1.698268443,0.2216390384,0.003938761697,0.00489365667,2.297581188,0.2873453006,0.006624633925,0.008334501411,-0.5821613726,-0.8638352799,0.00457847283,0.007079406354,1.707650647,0.281942448,0.004274851301,0.004934181584,2.313149623,0.4077712635,0.007285936778,0.008078822671
1,203,geom_mid15_sd707_r1_patient_indoff,mid15_sd707,r1_patient_indoff,0.25,"patient-level geometry: plane angle 20.1 deg (SD 15), offset scale 0.4973, independent offsets",0.2701915544,0.2371565766,0.3412144732,100000,-1.922372538,-1.665059551,0.004946211956,0.008208963819,2.443757978,0.975243112,0.005642786345,0.006680006776,3.230194651,1.293595777,0.008866718128,0.01000764628,-2.318457329,-1.07753529,0.005968184091,0.007530478339,2.569231587,0.8655504207,0.005573268818,0.006667152004,3.323552028,1.115133552,0.008401781193,0.009536603679,-0.290057037,-0.6830451078,0.005082635981,0.007091259503,1.675659746,0.1990303413,0.00438053331,0.004800902412,2.261123379,0.2508874908,0.007481952099,0.008233574581,-0.55517809,-0.8368519973,0.005050561965,0.006992084046,1.686953635,0.2612454355,0.004522491752,0.004849029491,2.279714402,0.3743360423,0.007567674152,0.007982833059
1,204,geom_mid15_sd707_r1_patient_spanq,mid15_sd707,r1_patient_spanq,0.25,"patient-level geometry: plane angle 20.1 deg (SD 15), offset scale 0.4973, span-linked ellipticity",0.2686766553,0.2367636182,0.3829225109,100000,-1.922372538,-1.665059551,0.004946211956,0.008208963819,2.443757978,0.975243112,0.005642786345,0.006680006776,3.230194651,1.293595777,0.008866718128,0.01000764628,-2.595283287,-1.354361248,0.006763444236,0.009488137395,2.831402994,1.127721827,0.006495919579,0.008786987389,3.967099752,1.758681276,0.01241934393,0.01519359652,-0.4745361491,-0.8675242199,0.005213611601,0.007564892319,1.757145673,0.2805162685,0.004639986493,0.0053482283,2.438829004,0.4285931159,0.009516146428,0.009451613296,-0.6964905534,-0.9781644607,0.005212227089,0.00751064508,1.776227964,0.3505197649,0.004812843296,0.005450748171,2.475080127,0.5697017673,0.009150989922,0.009652535098
1,205,geom_mid15_sd707_r2_patient,mid15_sd707,r2_patient,0.25,"patient-level offset only, offset scale 0.4973",0.1376701122,0.1870578313,0.08395010449,100000,-1.922372538,-1.665059551,0.004946211956,0.008208963819,2.443757978,0.975243112,0.005642786345,0.006680006776,3.230194651,1.293595777,0.008866718128,0.01000764628,-1.351246547,-0.1103245083,0.001984888019,0.006520905466,1.8593862,0.155705033,0.001892161319,0.005119330707,2.465369246,0.2569507702,0.003185091895,0.007762115463,0.464279797,0.07129172619,0.003221538681,0.006824472623,1.607938526,0.1313091215,0.00284034633,0.004782685841,2.207453695,0.1972178071,0.004448700142,0.009011395037,0.0863314163,-0.195342491,0.004045619653,0.006712970155,1.561221675,0.1355134759,0.003438050578,0.004556766972,2.124571693,0.2191933337,0.006036948569,0.007778808086
1,206,geom_mid15_sd707_r2_patient_indoff,mid15_sd707,r2_patient_indoff,0.25,"patient-level offset only, offset scale 0.4973, independent offsets",0.1391282266,0.1878690749,0.002091182689,100000,-1.922372538,-1.665059551,0.004946211956,0.008208963819,2.443757978,0.975243112,0.005642786345,0.006680006776,3.230194651,1.293595777,0.008866718128,0.01000764628,-1.35785879,-0.1169367505,0.004524705926,0.006351860774,1.846402612,0.1427214458,0.004027803076,0.004969080157,2.42453164,0.2161131645,0.006216148885,0.007244790053,0.4967615289,0.1037734581,0.004462622358,0.006678149821,1.586395865,0.1097664606,0.00369689535,0.004679600388,2.169445994,0.1592101065,0.006314237667,0.008819502819,0.1135164045,-0.1681575028,0.004728787286,0.006586542455,1.539158772,0.1134505727,0.003870620223,0.004452085846,2.085928269,0.1805499094,0.006527487466,0.007579658176
1,207,geom_ind00_sd707_r1_halfnormal,ind00_sd707,r1_halfnormal,0.25,half-normal scale 0.3151,0.2495893861,0.1880910942,0.07943677309,100000,-1.922372538,-1.665059551,0.004946211956,0.008208963819,2.443757978,0.975243112,0.005642786345,0.006680006776,3.230194651,1.293595777,0.008866718128,0.01000764628,-2.172515699,-0.9315936599,0.002120132123,0.006734104987,2.391821153,0.6881399862,0.002718817223,0.005944596725,3.042136767,0.8337182914,0.00349533642,0.008258393237,-0.3555951037,-0.7485831745,0.002894248699,0.006905443122,1.645039922,0.1684105174,0.003163491583,0.004678440131,2.212445403,0.2022095157,0.005198060587,0.008021362059,-0.6190898068,-0.9007637141,0.003636535545,0.006857105819,1.67432742,0.2486192207,0.003752933127,0.004776887794,2.255042171,0.3496638111,0.006528138419,0.007745202216
1,208,geom_ind00_sd707_r1_chord,ind00_sd707,r1_chord,0.25,"chord link, shift 0.2235, offset scale 0.2601",0.2511722061,0.04227750943,0.09372071848,100000,-1.922372538,-1.665059551,0.004946211956,0.008208963819,2.443757978,0.975243112,0.005642786345,0.006680006776,3.230194651,1.293595777,0.008866718128,0.01000764628,-2.180528961,-0.9396069218,0.002743027462,0.005717124678,2.305867313,0.6021861465,0.003109602931,0.005202142174,2.832529845,0.624111369,0.003806802091,0.006697282321,-0.8559763169,-1.248964388,0.003313894688,0.006292678378,1.659854112,0.1832247069,0.004253215566,0.004401522095,2.166203124,0.1559672362,0.006428026991,0.006727897949,-1.022330362,-1.304004269,0.003618841749,0.00632345543,1.712382491,0.2866742917,0.00440173675,0.004595101261,2.245824624,0.3404462643,0.00659649364,0.0068710584
1,209,geom_ind00_sd707_r2_halfnormal,ind00_sd707,r2_halfnormal,0.25,half-normal scale 0.0450,0.03573901356,0.02710687446,0.08057715276,100000,-1.922372538,-1.665059551,0.004946211956,0.008208963819,2.443757978,0.975243112,0.005642786345,0.006680006776,3.230194651,1.293595777,0.008866718128,0.01000764628,-0.601077144,0.6398448951,0.002724211734,0.005384857728,1.38534156,-0.318339607,0.002882180249,0.003663026334,1.80580564,-0.4026128355,0.004060810337,0.005221831198,0.921298666,0.5283105952,0.003489509941,0.006438769571,1.618374926,0.1417455213,0.003296424152,0.00487381933,2.234843425,0.224607537,0.005129679126,0.009351487689,0.5144012282,0.2327273209,0.003975769795,0.006167119469,1.490223577,0.06451537757,0.003388887158,0.004297858777,2.016905264,0.1115269047,0.005511730829,0.007307404175
1,210,geom_ind00_sd707_r2_chord,ind00_sd707,r2_chord,0.25,"chord link, offset scale 0.2601",0.03563540963,0.05444634053,0.09372071848,100000,-1.922372538,-1.665059551,0.004946211956,0.008208963819,2.443757978,0.975243112,0.005642786345,0.006680006776,3.230194651,1.293595777,0.008866718128,0.01000764628,-0.6008530486,0.6400689905,0.002450157047,0.005481307568,1.403502282,-0.3001788841,0.002721542829,0.003735857206,1.834521084,-0.3738973922,0.00367489247,0.005380633644,0.9668594659,0.5738713951,0.003528776736,0.006527204016,1.652023915,0.1753945101,0.003386800551,0.004965939482,2.279301176,0.2690652878,0.005165562108,0.009426100883,0.5498931102,0.2682192029,0.004073674901,0.006273227277,1.521700542,0.09599234268,0.003486317094,0.004384207805,2.058562879,0.1531845194,0.005598079278,0.00739300799
1,211,geom_ind00_sd707_r1_patient,ind00_sd707,r1_patient,0.25,"patient-level geometry: plane angle 30.0 deg (SD 0), offset scale 0.2601",0.2500030239,0.213300197,0.9605956129,100000,-1.922372538,-1.665059551,0.004946211956,0.008208963819,2.443757978,0.975243112,0.005642786345,0.006680006776,3.230194651,1.293595777,0.008866718128,0.01000764628,-2.172186197,-0.9312641583,0.005973063184,0.00778395835,2.478304113,0.7746229462,0.005553974068,0.006808368472,3.282884866,1.07446639,0.008771833012,0.01005630228,-0.4407166444,-0.8337047152,0.005027637459,0.007282745229,1.737857682,0.2612282775,0.00447207897,0.004977842288,2.344784837,0.3345489488,0.007639899483,0.0083207242,-0.6620142374,-0.9436881447,0.004916437913,0.007059210915,1.726708762,0.3010005631,0.004543814531,0.004939595269,2.328402648,0.4230242889,0.00752541564,0.007968639719
1,212,geom_ind00_sd707_r1_patient_indoff,ind00_sd707,r1_patient_indoff,0.25,"patient-level geometry: plane angle 30.0 deg (SD 0), offset scale 0.2601, independent offsets",0.2502902742,0.2132446646,0.9568982913,100000,-1.922372538,-1.665059551,0.004946211956,0.008208963819,2.443757978,0.975243112,0.005642786345,0.006680006776,3.230194651,1.293595777,0.008866718128,0.01000764628,-2.173170378,-0.9322483386,0.006281065768,0.007757779264,2.47412655,0.7704453839,0.005809618403,0.006796813391,3.277334774,1.068916298,0.009106198818,0.01005882821,-0.4351835298,-0.8281716006,0.005265097636,0.00726420398,1.73256972,0.2559403154,0.004612247154,0.004964297223,2.337990137,0.3277542496,0.007962525716,0.008391247245,-0.6557396174,-0.9374135247,0.005070043049,0.00703925828,1.721614556,0.2959063563,0.004622697688,0.004920496054,2.320573336,0.4151949767,0.007621973059,0.007948058174
1,213,geom_ind00_sd707_r1_patient_spanq,ind00_sd707,r1_patient_spanq,0.25,"patient-level geometry: plane angle 30.0 deg (SD 0), offset scale 0.2601, span-linked ellipticity",0.249393727,0.213092582,0.9607243167,100000,-1.922372538,-1.665059551,0.004946211956,0.008208963819,2.443757978,0.975243112,0.005642786345,0.006680006776,3.230194651,1.293595777,0.008866718128,0.01000764628,-2.596814693,-1.355892654,0.008311099539,0.01033238289,2.864179763,1.160498597,0.007783585775,0.009599854093,4.173625932,1.965207456,0.01428220359,0.01659364238,-0.6766609327,-1.069649004,0.005992496689,0.00783368318,1.836347202,0.3597177976,0.005309916977,0.005676556212,2.5679696,0.5577337123,0.0105619137,0.01005014358,-0.8409234642,-1.122597372,0.005705963667,0.007724386874,1.840516379,0.4148081798,0.005278883275,0.005732573755,2.58335206,0.6779737004,0.009856599794,0.01015293677
1,214,geom_ind00_sd707_r2_patient,ind00_sd707,r2_patient,0.25,"patient-level offset only, offset scale 0.2601",0.03563540963,0.05444634053,0.09372071848,100000,-1.922372538,-1.665059551,0.004946211956,0.008208963819,2.443757978,0.975243112,0.005642786345,0.006680006776,3.230194651,1.293595777,0.008866718128,0.01000764628,-0.6008530486,0.6400689905,0.002450157047,0.005481307568,1.403502282,-0.3001788841,0.002721542829,0.003735857206,1.834521084,-0.3738973922,0.00367489247,0.005380633644,0.9668594659,0.5738713951,0.003528776736,0.006527204016,1.652023915,0.1753945101,0.003386800551,0.004965939482,2.279301176,0.2690652878,0.005165562108,0.009426100883,0.5498931102,0.2682192029,0.004073674901,0.006273227277,1.521700542,0.09599234268,0.003486317094,0.004384207805,2.058562879,0.1531845194,0.005598079278,0.00739300799
1,215,geom_ind00_sd707_r2_patient_indoff,ind00_sd707,r2_patient_indoff,0.25,"patient-level offset only, offset scale 0.2601, independent offsets",0.0360664574,0.05512305492,0.001697968978,100000,-1.922372538,-1.665059551,0.004946211956,0.008208963819,2.443757978,0.975243112,0.005642786345,0.006680006776,3.230194651,1.293595777,0.008866718128,0.01000764628,-0.6025482728,0.6383737663,0.003285091438,0.005431070124,1.395554383,-0.3081267831,0.003235809675,0.003694764955,1.820078898,-0.3883395784,0.004643392996,0.005277663593,0.9715289186,0.5785408478,0.004026272892,0.006507106133,1.650012709,0.1733833046,0.00365863886,0.004955352394,2.275537106,0.2653012182,0.006019238906,0.009406854204,0.5535788445,0.2719049371,0.004356023732,0.006254188105,1.518064408,0.09235620893,0.003636787589,0.00437423924,2.053752007,0.1483736477,0.005933458405,0.007433303877
