group,variant,description,replicate,axis,rule,rule_name,metric,n_scenarios,n_scenarios_expected,mean_u_long_min,mean_u_long_max,sd_u_long_min,sd_u_long_max,min_value,min_mcse,min_at,max_value,max_mcse,max_at,largest_mcse,stored12_min,stored12_max,below_stored12_min_by,above_stored12_max_by,bracketed_by_stored12
published_12_stored,all,"the 12 view-accuracy scenarios as stored (results/2026-09-18_amend2), re-simulated bit-identically",-1,AP,A1,anchor-view mean,bias_mm,12,12,,,,,-1.92746491,0.008176023676,stored_cell_756 @ anchor 0.25,0.01615579299,0.006027636585,stored_cell_180 @ anchor 0.03,0.008209739287,-1.92746491,0.01615579299,0,0,True
published_12_stored,all,"the 12 view-accuracy scenarios as stored (results/2026-09-18_amend2), re-simulated bit-identically",-1,AP,A1,anchor-view mean,rmse_mm,12,12,,,,,1.900583197,0.006158241093,stored_cell_108 @ anchor 0.03,3.232934252,0.01004635874,stored_cell_828 @ anchor 0.25,0.0100975003,1.900583197,3.232934252,0,0,True
published_12_stored,all,"the 12 view-accuracy scenarios as stored (results/2026-09-18_amend2), re-simulated bit-identically",-1,AP,A1,anchor-view mean,sd_err_mm,12,12,,,,,1.900586393,0.004249861622,stored_cell_108 @ anchor 0.03,2.596147514,0.005805191348,stored_cell_828 @ anchor 0.25,0.005805191348,1.900586393,2.596147514,0,0,True
published_12_stored,all,"the 12 view-accuracy scenarios as stored (results/2026-09-18_amend2), re-simulated bit-identically",-1,AP,A1,anchor-view mean,relbias_pct,12,12,,,,,-17.81458528,0.07072902103,stored_cell_756 @ anchor 0.25,0.1402832482,0.0567192146,stored_cell_180 @ anchor 0.03,0.07072902103,-17.81458528,0.1402832482,0,0,True
published_12_stored,all,"the 12 view-accuracy scenarios as stored (results/2026-09-18_amend2), re-simulated bit-identically",-1,SL,A1,anchor-view mean,bias_mm,12,12,,,,,-1.236776292,0.00581945933,stored_cell_828 @ anchor 0.25,0.009007702171,0.004506281165,stored_cell_108 @ anchor 0.03,0.005825863727,-1.236776292,0.009007702171,0,0,True
published_12_stored,all,"the 12 view-accuracy scenarios as stored (results/2026-09-18_amend2), re-simulated bit-identically",-1,SL,A1,anchor-view mean,rmse_mm,12,12,,,,,1.42503257,0.004303902078,stored_cell_108 @ anchor 0.03,2.217793129,0.006986201224,stored_cell_684 @ anchor 0.25,0.006986201224,1.42503257,2.217793129,0,0,True
published_12_stored,all,"the 12 view-accuracy scenarios as stored (results/2026-09-18_amend2), re-simulated bit-identically",-1,SL,A1,anchor-view mean,sd_err_mm,12,12,,,,,1.425011226,0.003186437902,stored_cell_108 @ anchor 0.03,1.842299872,0.004119528345,stored_cell_684 @ anchor 0.25,0.004119528345,1.425011226,1.842299872,0,0,True
published_12_stored,all,"the 12 view-accuracy scenarios as stored (results/2026-09-18_amend2), re-simulated bit-identically",-1,SL,A1,anchor-view mean,relbias_pct,12,12,,,,,-17.83042754,0.08362670231,stored_cell_684 @ anchor 0.25,0.1581210067,0.07189987692,stored_cell_108 @ anchor 0.03,0.08362670231,-17.83042754,0.1581210067,0,0,True
published_12_stored,all,"the 12 view-accuracy scenarios as stored (results/2026-09-18_amend2), re-simulated bit-identically",-1,AP,A2,mean across views,bias_mm,12,12,,,,,-3.160932123,0.00807934415,stored_cell_828 @ anchor 0.25,-0.2750493415,0.005217798391,stored_cell_36 @ anchor 0.03,0.00807934415,-3.160932123,-0.2750493415,0,0,True
published_12_stored,all,"the 12 view-accuracy scenarios as stored (results/2026-09-18_amend2), re-simulated bit-identically",-1,AP,A2,mean across views,rmse_mm,12,12,,,,,1.672772226,0.005012658086,stored_cell_36 @ anchor 0.03,4.064358104,0.01027955698,stored_cell_828 @ anchor 0.25,0.01027955698,1.672772226,4.064358104,0,0,True
published_12_stored,all,"the 12 view-accuracy scenarios as stored (results/2026-09-18_amend2), re-simulated bit-identically",-1,AP,A2,mean across views,sd_err_mm,12,12,,,,,1.643211904,0.003674351891,stored_cell_252 @ anchor 0.06,2.554912951,0.005712987601,stored_cell_828 @ anchor 0.25,0.005712987601,1.643211904,2.554912951,0,0,True
published_12_stored,all,"the 12 view-accuracy scenarios as stored (results/2026-09-18_amend2), re-simulated bit-identically",-1,AP,A2,mean across views,relbias_pct,12,12,,,,,-29.07432433,0.06233358865,stored_cell_828 @ anchor 0.25,-2.5216703,0.04897443616,stored_cell_36 @ anchor 0.03,0.06233358865,-29.07432433,-2.5216703,0,0,True
published_12_stored,all,"the 12 view-accuracy scenarios as stored (results/2026-09-18_amend2), re-simulated bit-identically",-1,SL,A2,mean across views,bias_mm,12,12,,,,,-2.025949956,0.005659855415,stored_cell_828 @ anchor 0.25,-0.1768472898,0.003905652298,stored_cell_36 @ anchor 0.03,0.005659855415,-2.025949956,-0.1768472898,0,0,True
published_12_stored,all,"the 12 view-accuracy scenarios as stored (results/2026-09-18_amend2), re-simulated bit-identically",-1,SL,A2,mean across views,rmse_mm,12,12,,,,,1.247666501,0.003524872491,stored_cell_36 @ anchor 0.03,2.703301227,0.00703390262,stored_cell_828 @ anchor 0.25,0.00703390262,1.247666501,2.703301227,0,0,True
published_12_stored,all,"the 12 view-accuracy scenarios as stored (results/2026-09-18_amend2), re-simulated bit-identically",-1,SL,A2,mean across views,sd_err_mm,12,12,,,,,1.232075416,0.002755018159,stored_cell_252 @ anchor 0.06,1.789803434,0.004002142155,stored_cell_828 @ anchor 0.25,0.004002142155,1.232075416,1.789803434,0,0,True
published_12_stored,all,"the 12 view-accuracy scenarios as stored (results/2026-09-18_amend2), re-simulated bit-identically",-1,SL,A2,mean across views,relbias_pct,12,12,,,,,-29.1557565,0.07333347401,stored_cell_828 @ anchor 0.25,-2.559632547,0.06253249661,stored_cell_36 @ anchor 0.03,0.07333347401,-29.1557565,-2.559632547,0,0,True
published_12_stored,all,"the 12 view-accuracy scenarios as stored (results/2026-09-18_amend2), re-simulated bit-identically",-1,AP,A3,largest view mean,bias_mm,12,12,,,,,-0.7675215473,0.007319215297,stored_cell_828 @ anchor 0.25,0.919777008,0.00634969721,stored_cell_36 @ anchor 0.03,0.007319215297,-0.7675215473,0.919777008,0,0,True
published_12_stored,all,"the 12 view-accuracy scenarios as stored (results/2026-09-18_amend2), re-simulated bit-identically",-1,AP,A3,largest view mean,rmse_mm,12,12,,,,,1.961960353,0.007326983261,stored_cell_396 @ anchor 0.06,2.438468169,0.008379379942,stored_cell_828 @ anchor 0.25,0.01109328318,1.961960353,2.438468169,0,0,True
published_12_stored,all,"the 12 view-accuracy scenarios as stored (results/2026-09-18_amend2), re-simulated bit-identically",-1,AP,A3,largest view mean,sd_err_mm,12,12,,,,,1.95011314,0.004360607347,stored_cell_180 @ anchor 0.03,2.314539102,0.005175492647,stored_cell_828 @ anchor 0.25,0.005175492647,1.95011314,2.314539102,0,0,True
published_12_stored,all,"the 12 view-accuracy scenarios as stored (results/2026-09-18_amend2), re-simulated bit-identically",-1,AP,A3,largest view mean,relbias_pct,12,12,,,,,-6.85906108,0.06546562824,stored_cell_828 @ anchor 0.25,8.86437916,0.05759461862,stored_cell_36 @ anchor 0.03,0.06546562824,-6.85906108,8.86437916,0,0,True
published_12_stored,all,"the 12 view-accuracy scenarios as stored (results/2026-09-18_amend2), re-simulated bit-identically",-1,SL,A3,largest view mean,bias_mm,12,12,,,,,-0.437901431,0.005225276883,stored_cell_828 @ anchor 0.25,0.6850496269,0.004579170014,stored_cell_36 @ anchor 0.03,0.005225276883,-0.437901431,0.6850496269,0,0,True
published_12_stored,all,"the 12 view-accuracy scenarios as stored (results/2026-09-18_amend2), re-simulated bit-identically",-1,SL,A3,largest view mean,rmse_mm,12,12,,,,,1.446643337,0.004782344407,stored_cell_396 @ anchor 0.06,1.709409901,0.005596369608,stored_cell_828 @ anchor 0.25,0.007958814365,1.446643337,1.709409901,0,0,True
published_12_stored,all,"the 12 view-accuracy scenarios as stored (results/2026-09-18_amend2), re-simulated bit-identically",-1,SL,A3,largest view mean,sd_err_mm,12,12,,,,,1.425522315,0.003187580739,stored_cell_180 @ anchor 0.03,1.652377635,0.003694847192,stored_cell_828 @ anchor 0.25,0.003694847192,1.425522315,1.652377635,0,0,True
published_12_stored,all,"the 12 view-accuracy scenarios as stored (results/2026-09-18_amend2), re-simulated bit-identically",-1,SL,A3,largest view mean,relbias_pct,12,12,,,,,-5.741849122,0.07779540284,stored_cell_828 @ anchor 0.25,10.78934664,0.07072448175,stored_cell_36 @ anchor 0.03,0.07779540284,-5.741849122,10.78934664,0,0,True
published_12_stored,all,"the 12 view-accuracy scenarios as stored (results/2026-09-18_amend2), re-simulated bit-identically",-1,AP,A4,largest view mean after review,bias_mm,12,12,,,,,-0.9722003196,0.007314102595,stored_cell_828 @ anchor 0.25,0.7626407532,0.005912899852,stored_cell_36 @ anchor 0.03,0.007314102595,-0.9722003196,0.7626407532,0,0,True
published_12_stored,all,"the 12 view-accuracy scenarios as stored (results/2026-09-18_amend2), re-simulated bit-identically",-1,AP,A4,largest view mean after review,rmse_mm,12,12,,,,,1.906027253,0.006698613812,stored_cell_396 @ anchor 0.06,2.50892998,0.008617641533,stored_cell_828 @ anchor 0.25,0.01020730952,1.906027253,2.50892998,0,0,True
published_12_stored,all,"the 12 view-accuracy scenarios as stored (results/2026-09-18_amend2), re-simulated bit-identically",-1,AP,A4,largest view mean after review,sd_err_mm,12,12,,,,,1.864172557,0.004168437401,stored_cell_252 @ anchor 0.06,2.312922324,0.005171877403,stored_cell_828 @ anchor 0.25,0.005171877403,1.864172557,2.312922324,0,0,True
published_12_stored,all,"the 12 view-accuracy scenarios as stored (results/2026-09-18_amend2), re-simulated bit-identically",-1,AP,A4,largest view mean after review,relbias_pct,12,12,,,,,-8.545376551,0.0647018552,stored_cell_828 @ anchor 0.25,7.649584223,0.05521402044,stored_cell_36 @ anchor 0.03,0.0647018552,-8.545376551,7.649584223,0,0,True
published_12_stored,all,"the 12 view-accuracy scenarios as stored (results/2026-09-18_amend2), re-simulated bit-identically",-1,SL,A4,largest view mean after review,bias_mm,12,12,,,,,-0.5248314744,0.005210352892,stored_cell_828 @ anchor 0.25,0.6248478046,0.004386330445,stored_cell_36 @ anchor 0.03,0.005210352892,-0.5248314744,0.6248478046,0,0,True
published_12_stored,all,"the 12 view-accuracy scenarios as stored (results/2026-09-18_amend2), re-simulated bit-identically",-1,SL,A4,largest view mean after review,rmse_mm,12,12,,,,,1.42004453,0.00437685209,stored_cell_396 @ anchor 0.06,1.729219088,0.005606042404,stored_cell_828 @ anchor 0.25,0.005606042404,1.42004453,1.729219088,0,0,True
published_12_stored,all,"the 12 view-accuracy scenarios as stored (results/2026-09-18_amend2), re-simulated bit-identically",-1,SL,A4,largest view mean after review,sd_err_mm,12,12,,,,,1.375939933,0.003076710607,stored_cell_252 @ anchor 0.06,1.647658255,0.003684294284,stored_cell_828 @ anchor 0.25,0.003684294284,1.375939933,1.647658255,0,0,True
published_12_stored,all,"the 12 view-accuracy scenarios as stored (results/2026-09-18_amend2), re-simulated bit-identically",-1,SL,A4,largest view mean after review,relbias_pct,12,12,,,,,-6.754179596,0.07731561592,stored_cell_828 @ anchor 0.25,10.12993067,0.06949631736,stored_cell_36 @ anchor 0.03,0.07731561592,-6.754179596,10.12993067,0,0,True
published_12_new_seed,all,"the 12 view-accuracy scenarios on the stage B stream (76, 2, 0)",0,AP,A1,anchor-view mean,bias_mm,12,12,0.07958911905,0.3839471773,,,-1.923075698,0.008176218297,published_L0.1 @ anchor 0.25,0.003085165303,0.006002848344,published_L0.1 @ anchor 0.03,0.008176218297,-1.92746491,0.01615579299,0,0,True
published_12_new_seed,all,"the 12 view-accuracy scenarios on the stage B stream (76, 2, 0)",0,AP,A1,anchor-view mean,rmse_mm,12,12,0.07958911905,0.3839471773,,,1.898260337,0.006719244452,published_L0.1 @ anchor 0.03,3.222298536,0.01014760751,published_L0.1 @ anchor 0.25,0.01014760751,1.900583197,3.232934252,0.002322860245,0,False
published_12_new_seed,all,"the 12 view-accuracy scenarios on the stage B stream (76, 2, 0)",0,AP,A1,anchor-view mean,mae_mm,12,12,0.07958911905,0.3839471773,,,1.434267338,0.003932283019,published_L0.1 @ anchor 0.03,2.435991123,0.006670232077,published_L0.1 @ anchor 0.25,0.006670232077,,,,,
published_12_new_seed,all,"the 12 view-accuracy scenarios on the stage B stream (76, 2, 0)",0,AP,A1,anchor-view mean,sd_err_mm,12,12,0.07958911905,0.3839471773,,,1.898267321,0.004244675994,published_L0.1 @ anchor 0.03,2.585547246,0.005781488309,published_L0.1 @ anchor 0.25,0.005781488309,1.900586393,2.596147514,0.002319072169,0,False
published_12_new_seed,all,"the 12 view-accuracy scenarios on the stage B stream (76, 2, 0)",0,AP,A2,mean across views,bias_mm,12,12,0.07958911905,0.3839471773,,,-3.155994672,0.008037549526,published_L0.5 @ anchor 0.25,-0.2809178509,0.005168037414,published_L0.1 @ anchor 0.03,0.008037549526,-3.160932123,-0.2750493415,0,0,True
published_12_new_seed,all,"the 12 view-accuracy scenarios on the stage B stream (76, 2, 0)",0,AP,A2,mean across views,rmse_mm,12,12,0.07958911905,0.3839471773,,,1.658236775,0.004978592617,published_L0.1 @ anchor 0.03,4.052216431,0.01040981326,published_L0.5 @ anchor 0.25,0.01040981326,1.672772226,4.064358104,0.01453545101,0,False
published_12_new_seed,all,"the 12 view-accuracy scenarios on the stage B stream (76, 2, 0)",0,AP,A2,mean across views,mae_mm,12,12,0.07958911905,0.3839471773,,,1.267742803,0.00338022013,published_L0.1 @ anchor 0.03,3.269290633,0.00757116509,published_L0.5 @ anchor 0.25,0.00757116509,,,,,
published_12_new_seed,all,"the 12 view-accuracy scenarios on the stage B stream (76, 2, 0)",0,AP,A2,mean across views,sd_err_mm,12,12,0.07958911905,0.3839471773,,,1.634276926,0.003654372572,published_L0.1 @ anchor 0.03,2.541696331,0.005683434191,published_L0.5 @ anchor 0.25,0.005683434191,1.643211904,2.554912951,0.008934978392,0,False
published_12_new_seed,all,"the 12 view-accuracy scenarios on the stage B stream (76, 2, 0)",0,AP,A3,largest view mean,bias_mm,12,12,0.07958911905,0.3839471773,,,-0.7648534034,0.007253892499,published_L0.5 @ anchor 0.25,0.9120541546,0.006270110702,published_L0.1 @ anchor 0.03,0.007253892499,-0.7675215473,0.919777008,0,0,True
published_12_new_seed,all,"the 12 view-accuracy scenarios on the stage B stream (76, 2, 0)",0,AP,A3,largest view mean,rmse_mm,12,12,0.07958911905,0.3839471773,,,1.950418617,0.007208646105,published_L0.5 @ anchor 0.06,2.418024762,0.008190655274,published_L0.5 @ anchor 0.25,0.008733789661,1.961960353,2.438468169,0.01154173636,0,False
published_12_new_seed,all,"the 12 view-accuracy scenarios on the stage B stream (76, 2, 0)",0,AP,A3,largest view mean,mae_mm,12,12,0.07958911905,0.3839471773,,,1.455062192,0.004150074896,published_L0.5 @ anchor 0.03,1.799879553,0.005106176081,published_L0.5 @ anchor 0.25,0.005106176081,,,,,
published_12_new_seed,all,"the 12 view-accuracy scenarios on the stage B stream (76, 2, 0)",0,AP,A3,largest view mean,sd_err_mm,12,12,0.07958911905,0.3839471773,,,1.934103699,0.00432480897,published_L0.5 @ anchor 0.03,2.29388222,0.005129302223,published_L0.5 @ anchor 0.25,0.005129302223,1.95011314,2.314539102,0.0160094408,0,False
published_12_new_seed,all,"the 12 view-accuracy scenarios on the stage B stream (76, 2, 0)",0,AP,A4,largest view mean after review,bias_mm,12,12,0.07958911905,0.3839471773,,,-0.9696541715,0.007258136171,published_L0.5 @ anchor 0.25,0.7619860803,0.005901922152,published_L0.1 @ anchor 0.03,0.007258136171,-0.9722003196,0.7626407532,0,0,True
published_12_new_seed,all,"the 12 view-accuracy scenarios on the stage B stream (76, 2, 0)",0,AP,A4,largest view mean after review,rmse_mm,12,12,0.07958911905,0.3839471773,,,1.89817753,0.0066319785,published_L0.5 @ anchor 0.06,2.491632115,0.008547404789,published_L0.5 @ anchor 0.25,0.008547404789,1.906027253,2.50892998,0.00784972341,0,False
published_12_new_seed,all,"the 12 view-accuracy scenarios on the stage B stream (76, 2, 0)",0,AP,A4,largest view mean after review,mae_mm,12,12,0.07958911905,0.3839471773,,,1.425208813,0.003982129465,published_L0.25 @ anchor 0.06,1.846160676,0.00529145477,published_L0.5 @ anchor 0.25,0.00529145477,,,,,
published_12_new_seed,all,"the 12 view-accuracy scenarios on the stage B stream (76, 2, 0)",0,AP,A4,largest view mean after review,sd_err_mm,12,12,0.07958911905,0.3839471773,,,1.860652875,0.004160567113,published_L0.1 @ anchor 0.06,2.295224187,0.005132302967,published_L0.5 @ anchor 0.25,0.005132302967,1.864172557,2.312922324,0.003519681662,0,False
published_12_new_seed,all,"the 12 view-accuracy scenarios on the stage B stream (76, 2, 0)",0,SL,A1,anchor-view mean,bias_mm,12,12,0.08014215699,0.3862897449,,,-1.233394657,0.005791084161,published_L0.1 @ anchor 0.25,-5.091610478e-05,0.004518063982,published_L0.1 @ anchor 0.03,0.005791084161,-1.236776292,0.009007702171,0,0,True
published_12_new_seed,all,"the 12 view-accuracy scenarios on the stage B stream (76, 2, 0)",0,SL,A1,anchor-view mean,rmse_mm,12,12,0.08014215699,0.3862897449,,,1.428730137,0.004304265393,published_L0.1 @ anchor 0.03,2.207916307,0.006746519721,published_L0.1 @ anchor 0.25,0.006746519721,1.42503257,2.217793129,0,0,True
published_12_new_seed,all,"the 12 view-accuracy scenarios on the stage B stream (76, 2, 0)",0,SL,A1,anchor-view mean,mae_mm,12,12,0.08014215699,0.3862897449,,,1.101346492,0.002878044461,published_L0.1 @ anchor 0.03,1.678744808,0.004535119468,published_L0.1 @ anchor 0.25,0.004535119468,,,,,
published_12_new_seed,all,"the 12 view-accuracy scenarios on the stage B stream (76, 2, 0)",0,SL,A1,anchor-view mean,sd_err_mm,12,12,0.08014215699,0.3862897449,,,1.42873728,0.003194769654,published_L0.1 @ anchor 0.03,1.831301607,0.004094935355,published_L0.1 @ anchor 0.25,0.004094935355,1.425011226,1.842299872,0,0,True
published_12_new_seed,all,"the 12 view-accuracy scenarios on the stage B stream (76, 2, 0)",0,SL,A2,mean across views,bias_mm,12,12,0.08014215699,0.3862897449,,,-2.021893782,0.005640759157,published_L0.5 @ anchor 0.25,-0.1780897897,0.003905445174,published_L0.1 @ anchor 0.03,0.005640759157,-2.025949956,-0.1768472898,0,0,True
published_12_new_seed,all,"the 12 view-accuracy scenarios on the stage B stream (76, 2, 0)",0,SL,A2,mean across views,rmse_mm,12,12,0.08014215699,0.3862897449,,,1.247778394,0.003413820512,published_L0.1 @ anchor 0.03,2.696263903,0.007021087834,published_L0.5 @ anchor 0.25,0.007021087834,1.247666501,2.703301227,0,0,True
published_12_new_seed,all,"the 12 view-accuracy scenarios on the stage B stream (76, 2, 0)",0,SL,A2,mean across views,mae_mm,12,12,0.08014215699,0.3862897449,,,0.9684977226,0.002487909308,published_L0.1 @ anchor 0.03,2.147630428,0.005155142243,published_L0.5 @ anchor 0.25,0.005155142243,,,,,
published_12_new_seed,all,"the 12 view-accuracy scenarios on the stage B stream (76, 2, 0)",0,SL,A2,mean across views,sd_err_mm,12,12,0.08014215699,0.3862897449,,,1.235010203,0.002761580574,published_L0.1 @ anchor 0.03,1.783764667,0.003988638994,published_L0.5 @ anchor 0.25,0.003988638994,1.232075416,1.789803434,0,0,True
published_12_new_seed,all,"the 12 view-accuracy scenarios on the stage B stream (76, 2, 0)",0,SL,A3,largest view mean,bias_mm,12,12,0.08014215699,0.3862897449,,,-0.4328481056,0.005213207313,published_L0.5 @ anchor 0.25,0.6829053233,0.004575131991,published_L0.1 @ anchor 0.03,0.005213207313,-0.437901431,0.6850496269,0,0,True
published_12_new_seed,all,"the 12 view-accuracy scenarios on the stage B stream (76, 2, 0)",0,SL,A3,largest view mean,rmse_mm,12,12,0.08014215699,0.3862897449,,,1.449749073,0.00480617454,published_L0.5 @ anchor 0.06,1.704430507,0.00564400698,published_L0.5 @ anchor 0.25,0.005790846957,1.446643337,1.709409901,0,0,True
published_12_new_seed,all,"the 12 view-accuracy scenarios on the stage B stream (76, 2, 0)",0,SL,A3,largest view mean,mae_mm,12,12,0.08014215699,0.3862897449,,,1.103185084,0.002974498096,published_L0.5 @ anchor 0.06,1.283914986,0.003544937556,published_L0.5 @ anchor 0.25,0.003544937556,,,,,
published_12_new_seed,all,"the 12 view-accuracy scenarios on the stage B stream (76, 2, 0)",0,SL,A3,largest view mean,sd_err_mm,12,12,0.08014215699,0.3862897449,,,1.437118469,0.003213510656,published_L0.5 @ anchor 0.03,1.648560902,0.003686312674,published_L0.5 @ anchor 0.25,0.003686312674,1.425522315,1.652377635,0,0,True
published_12_new_seed,all,"the 12 view-accuracy scenarios on the stage B stream (76, 2, 0)",0,SL,A4,largest view mean after review,bias_mm,12,12,0.08014215699,0.3862897449,,,-0.5196412053,0.005183968746,published_L0.5 @ anchor 0.25,0.62564866,0.004380574078,published_L0.1 @ anchor 0.03,0.005183968746,-0.5248314744,0.6248478046,0,0.0008008553733,False
published_12_new_seed,all,"the 12 view-accuracy scenarios on the stage B stream (76, 2, 0)",0,SL,A4,largest view mean after review,rmse_mm,12,12,0.08014215699,0.3862897449,,,1.421760373,0.004408236488,published_L0.5 @ anchor 0.06,1.719695701,0.005703953448,published_L0.5 @ anchor 0.25,0.005703953448,1.42004453,1.729219088,0,0,True
published_12_new_seed,all,"the 12 view-accuracy scenarios on the stage B stream (76, 2, 0)",0,SL,A4,largest view mean after review,mae_mm,12,12,0.08014215699,0.3862897449,,,1.090627641,0.002884340871,published_L0.5 @ anchor 0.06,1.292876272,0.003585857093,published_L0.5 @ anchor 0.25,0.003585857093,,,,,
published_12_new_seed,all,"the 12 view-accuracy scenarios on the stage B stream (76, 2, 0)",0,SL,A4,largest view mean after review,sd_err_mm,12,12,0.08014215699,0.3862897449,,,1.380289975,0.003086437646,published_L0.1 @ anchor 0.06,1.639314856,0.003665637782,published_L0.5 @ anchor 0.25,0.003665637782,1.375939933,1.647658255,0,0,True
halfnormal_calibrated_run_2026-10-05,all,"half-normal shape at calibrated means, the 28 scenarios of 2026-10-05 (mean underestimation 8.3% to 29.7%)",0,AP,A1,anchor-view mean,bias_mm,28,28,0.08335168862,0.297329492,0.06304424221,0.2199213015,-1.923075698,0.008176218297,geom_ind15_r1_halfnormal @ anchor 0.25,0.003085165303,0.006002848344,geom_ind15_r1_halfnormal @ anchor 0.03,0.008176218297,-1.92746491,0.01615579299,0,0,True
halfnormal_calibrated_run_2026-10-05,all,"half-normal shape at calibrated means, the 28 scenarios of 2026-10-05 (mean underestimation 8.3% to 29.7%)",0,AP,A1,anchor-view mean,rmse_mm,28,28,0.08335168862,0.297329492,0.06304424221,0.2199213015,1.898260337,0.006719244452,geom_ind15_r1_halfnormal @ anchor 0.03,3.222298536,0.01014760751,geom_ind15_r1_halfnormal @ anchor 0.25,0.01014760751,1.900583197,3.232934252,0.002322860245,0,False
halfnormal_calibrated_run_2026-10-05,all,"half-normal shape at calibrated means, the 28 scenarios of 2026-10-05 (mean underestimation 8.3% to 29.7%)",0,AP,A1,anchor-view mean,mae_mm,28,28,0.08335168862,0.297329492,0.06304424221,0.2199213015,1.434267338,0.003932283019,geom_ind15_r1_halfnormal @ anchor 0.03,2.435991123,0.006670232077,geom_ind15_r1_halfnormal @ anchor 0.25,0.006670232077,,,,,
halfnormal_calibrated_run_2026-10-05,all,"half-normal shape at calibrated means, the 28 scenarios of 2026-10-05 (mean underestimation 8.3% to 29.7%)",0,AP,A1,anchor-view mean,sd_err_mm,28,28,0.08335168862,0.297329492,0.06304424221,0.2199213015,1.898267321,0.004244675994,geom_ind15_r1_halfnormal @ anchor 0.03,2.585547246,0.005781488309,geom_ind15_r1_halfnormal @ anchor 0.25,0.005781488309,1.900586393,2.596147514,0.002319072169,0,False
halfnormal_calibrated_run_2026-10-05,all,"half-normal shape at calibrated means, the 28 scenarios of 2026-10-05 (mean underestimation 8.3% to 29.7%)",0,AP,A2,mean across views,bias_mm,28,28,0.08335168862,0.297329492,0.06304424221,0.2199213015,-2.521247453,0.007209120232,geom_mid15_r1_halfnormal @ anchor 0.25,-0.3085378873,0.005174278645,geom_ind15_r2_halfnormal @ anchor 0.03,0.007209120232,-3.160932123,-0.2750493415,0,0,True
halfnormal_calibrated_run_2026-10-05,all,"half-normal shape at calibrated means, the 28 scenarios of 2026-10-05 (mean underestimation 8.3% to 29.7%)",0,AP,A2,mean across views,rmse_mm,28,28,0.08335168862,0.297329492,0.06304424221,0.2199213015,1.665078017,0.004979462224,geom_ind15_r2_halfnormal @ anchor 0.03,3.399084906,0.009264715328,geom_mid15_r1_halfnormal @ anchor 0.25,0.009264715328,1.672772226,4.064358104,0.007694209008,0,False
halfnormal_calibrated_run_2026-10-05,all,"half-normal shape at calibrated means, the 28 scenarios of 2026-10-05 (mean underestimation 8.3% to 29.7%)",0,AP,A2,mean across views,mae_mm,28,28,0.08335168862,0.297329492,0.06304424221,0.2199213015,1.273560112,0.003391962485,geom_ind15_r2_halfnormal @ anchor 0.03,2.69388815,0.006554988789,geom_mid15_r1_halfnormal @ anchor 0.25,0.006554988789,,,,,
halfnormal_calibrated_run_2026-10-05,all,"half-normal shape at calibrated means, the 28 scenarios of 2026-10-05 (mean underestimation 8.3% to 29.7%)",0,AP,A2,mean across views,sd_err_mm,28,28,0.08335168862,0.297329492,0.06304424221,0.2199213015,1.636250577,0.003658785811,geom_ind15_r2_halfnormal @ anchor 0.03,2.279723986,0.005097643291,geom_mid15_r1_halfnormal @ anchor 0.25,0.005097643291,1.643211904,2.554912951,0.006961327392,0,False
halfnormal_calibrated_run_2026-10-05,all,"half-normal shape at calibrated means, the 28 scenarios of 2026-10-05 (mean underestimation 8.3% to 29.7%)",0,AP,A3,largest view mean,bias_mm,28,28,0.08335168862,0.297329492,0.06304424221,0.2199213015,-0.5162836295,0.007010344216,geom_mid15_r1_halfnormal @ anchor 0.25,0.8943873644,0.006264558165,geom_ind15_r2_halfnormal @ anchor 0.03,0.007010344216,-0.7675215473,0.919777008,0,0,True
halfnormal_calibrated_run_2026-10-05,all,"half-normal shape at calibrated means, the 28 scenarios of 2026-10-05 (mean underestimation 8.3% to 29.7%)",0,AP,A3,largest view mean,rmse_mm,28,28,0.08335168862,0.297329492,0.06304424221,0.2199213015,1.965328116,0.007434924547,geom_mid15_r1_halfnormal @ anchor 0.06,2.276179308,0.007796796047,geom_mid15_r1_halfnormal @ anchor 0.25,0.008703103781,1.961960353,2.438468169,0,0,True
halfnormal_calibrated_run_2026-10-05,all,"half-normal shape at calibrated means, the 28 scenarios of 2026-10-05 (mean underestimation 8.3% to 29.7%)",0,AP,A3,largest view mean,mae_mm,28,28,0.08335168862,0.297329492,0.06304424221,0.2199213015,1.460307756,0.004159366732,geom_mid15_r1_halfnormal @ anchor 0.06,1.695664242,0.00480181016,geom_mid15_r1_halfnormal @ anchor 0.25,0.00480181016,,,,,
halfnormal_calibrated_run_2026-10-05,all,"half-normal shape at calibrated means, the 28 scenarios of 2026-10-05 (mean underestimation 8.3% to 29.7%)",0,AP,A3,largest view mean,sd_err_mm,28,28,0.08335168862,0.297329492,0.06304424221,0.2199213015,1.941264383,0.004340820827,geom_mid15_r1_halfnormal @ anchor 0.03,2.216865491,0.004957086719,geom_mid15_r1_halfnormal @ anchor 0.25,0.004957086719,1.95011314,2.314539102,0.008848756796,0,False
halfnormal_calibrated_run_2026-10-05,all,"half-normal shape at calibrated means, the 28 scenarios of 2026-10-05 (mean underestimation 8.3% to 29.7%)",0,AP,A4,largest view mean after review,bias_mm,28,28,0.08335168862,0.297329492,0.06304424221,0.2199213015,-0.7553882752,0.006998527087,geom_mid15_r1_halfnormal @ anchor 0.25,0.7473126989,0.005901433921,geom_ind15_r2_halfnormal @ anchor 0.03,0.006998527087,-0.9722003196,0.7626407532,0,0,True
halfnormal_calibrated_run_2026-10-05,all,"half-normal shape at calibrated means, the 28 scenarios of 2026-10-05 (mean underestimation 8.3% to 29.7%)",0,AP,A4,largest view mean after review,rmse_mm,28,28,0.08335168862,0.297329492,0.06304424221,0.2199213015,1.896272979,0.006714046878,geom_mid15_r1_halfnormal @ anchor 0.06,2.338482543,0.008030153129,geom_mid15_r1_halfnormal @ anchor 0.25,0.008030153129,1.906027253,2.50892998,0.00975427441,0,False
halfnormal_calibrated_run_2026-10-05,all,"half-normal shape at calibrated means, the 28 scenarios of 2026-10-05 (mean underestimation 8.3% to 29.7%)",0,AP,A4,largest view mean after review,mae_mm,28,28,0.08335168862,0.297329492,0.06304424221,0.2199213015,1.424852994,0.003968502456,lib_biplane_inflow @ anchor 0.06,1.734172431,0.004961019248,geom_mid15_r1_halfnormal @ anchor 0.25,0.004961019248,,,,,
halfnormal_calibrated_run_2026-10-05,all,"half-normal shape at calibrated means, the 28 scenarios of 2026-10-05 (mean underestimation 8.3% to 29.7%)",0,AP,A4,largest view mean after review,sd_err_mm,28,28,0.08335168862,0.297329492,0.06304424221,0.2199213015,1.86131596,0.004162049825,geom_ind15_r2_halfnormal @ anchor 0.06,2.213128586,0.004948730705,geom_mid15_r1_halfnormal @ anchor 0.25,0.004948730705,1.864172557,2.312922324,0.002856596662,0,False
halfnormal_calibrated_run_2026-10-05,all,"half-normal shape at calibrated means, the 28 scenarios of 2026-10-05 (mean underestimation 8.3% to 29.7%)",0,SL,A1,anchor-view mean,bias_mm,28,28,0.01463385628,0.2854722795,0.01104141218,0.1625449733,-1.233394657,0.005791084161,geom_ind15_r1_halfnormal @ anchor 0.25,-5.091610478e-05,0.004518063982,geom_ind15_r1_halfnormal @ anchor 0.03,0.005791084161,-1.236776292,0.009007702171,0,0,True
halfnormal_calibrated_run_2026-10-05,all,"half-normal shape at calibrated means, the 28 scenarios of 2026-10-05 (mean underestimation 8.3% to 29.7%)",0,SL,A1,anchor-view mean,rmse_mm,28,28,0.01463385628,0.2854722795,0.01104141218,0.1625449733,1.428730137,0.004304265393,geom_ind15_r1_halfnormal @ anchor 0.03,2.207916307,0.006746519721,geom_ind15_r1_halfnormal @ anchor 0.25,0.006746519721,1.42503257,2.217793129,0,0,True
halfnormal_calibrated_run_2026-10-05,all,"half-normal shape at calibrated means, the 28 scenarios of 2026-10-05 (mean underestimation 8.3% to 29.7%)",0,SL,A1,anchor-view mean,mae_mm,28,28,0.01463385628,0.2854722795,0.01104141218,0.1625449733,1.101346492,0.002878044461,geom_ind15_r1_halfnormal @ anchor 0.03,1.678744808,0.004535119468,geom_ind15_r1_halfnormal @ anchor 0.25,0.004535119468,,,,,
halfnormal_calibrated_run_2026-10-05,all,"half-normal shape at calibrated means, the 28 scenarios of 2026-10-05 (mean underestimation 8.3% to 29.7%)",0,SL,A1,anchor-view mean,sd_err_mm,28,28,0.01463385628,0.2854722795,0.01104141218,0.1625449733,1.42873728,0.003194769654,geom_ind15_r1_halfnormal @ anchor 0.03,1.831301607,0.004094935355,geom_ind15_r1_halfnormal @ anchor 0.25,0.004094935355,1.425011226,1.842299872,0,0,True
halfnormal_calibrated_run_2026-10-05,all,"half-normal shape at calibrated means, the 28 scenarios of 2026-10-05 (mean underestimation 8.3% to 29.7%)",0,SL,A2,mean across views,bias_mm,28,28,0.01463385628,0.2854722795,0.01104141218,0.1625449733,-1.549638491,0.005033340324,lib_biplane_mBC @ anchor 0.25,0.1282746675,0.003914924797,geom_mid15_r1_halfnormal @ anchor 0.03,0.005033340324,-2.025949956,-0.1768472898,0,0.3051219573,False
halfnormal_calibrated_run_2026-10-05,all,"half-normal shape at calibrated means, the 28 scenarios of 2026-10-05 (mean underestimation 8.3% to 29.7%)",0,SL,A2,mean across views,rmse_mm,28,28,0.01463385628,0.2854722795,0.01104141218,0.1625449733,1.232352794,0.003506234189,geom_ind15_r1_halfnormal @ anchor 0.06,2.221442234,0.006025236413,lib_biplane_mBC @ anchor 0.25,0.006025236413,1.247666501,2.703301227,0.01531370659,0,False
halfnormal_calibrated_run_2026-10-05,all,"half-normal shape at calibrated means, the 28 scenarios of 2026-10-05 (mean underestimation 8.3% to 29.7%)",0,SL,A2,mean across views,mae_mm,28,28,0.01463385628,0.2854722795,0.01104141218,0.1625449733,0.9516701837,0.002475930937,geom_ind15_r1_halfnormal @ anchor 0.06,1.743179425,0.004354480515,lib_biplane_mBC @ anchor 0.25,0.004354480515,,,,,
halfnormal_calibrated_run_2026-10-05,all,"half-normal shape at calibrated means, the 28 scenarios of 2026-10-05 (mean underestimation 8.3% to 29.7%)",0,SL,A2,mean across views,sd_err_mm,28,28,0.01463385628,0.2854722795,0.01104141218,0.1625449733,1.232041456,0.002754942222,geom_ind15_r1_halfnormal @ anchor 0.06,1.591681966,0.003559126871,lib_biplane_mBC @ anchor 0.25,0.003559126871,1.232075416,1.789803434,3.396006965e-05,0,False
halfnormal_calibrated_run_2026-10-05,all,"half-normal shape at calibrated means, the 28 scenarios of 2026-10-05 (mean underestimation 8.3% to 29.7%)",0,SL,A3,largest view mean,bias_mm,28,28,0.01463385628,0.2854722795,0.01104141218,0.1625449733,-0.2335168427,0.005025565857,lib_biplane_mBC @ anchor 0.25,0.9508419733,0.004680580696,geom_mid15_r1_halfnormal @ anchor 0.03,0.005025565857,-0.437901431,0.6850496269,0,0.2657923464,False
halfnormal_calibrated_run_2026-10-05,all,"half-normal shape at calibrated means, the 28 scenarios of 2026-10-05 (mean underestimation 8.3% to 29.7%)",0,SL,A3,largest view mean,rmse_mm,28,28,0.01463385628,0.2854722795,0.01104141218,0.1625449733,1.459988819,0.004982406926,lib_biplane_mBC @ anchor 0.06,1.75922202,0.006227749252,geom_mid15_r1_halfnormal @ anchor 0.03,0.006227749252,1.446643337,1.709409901,0,0.0498121189,False
halfnormal_calibrated_run_2026-10-05,all,"half-normal shape at calibrated means, the 28 scenarios of 2026-10-05 (mean underestimation 8.3% to 29.7%)",0,SL,A3,largest view mean,mae_mm,28,28,0.01463385628,0.2854722795,0.01104141218,0.1625449733,1.10583273,0.003014482393,lib_biplane_mBC @ anchor 0.06,1.314946324,0.00369566224,geom_mid15_r1_halfnormal @ anchor 0.03,0.00369566224,,,,,
halfnormal_calibrated_run_2026-10-05,all,"half-normal shape at calibrated means, the 28 scenarios of 2026-10-05 (mean underestimation 8.3% to 29.7%)",0,SL,A3,largest view mean,sd_err_mm,28,28,0.01463385628,0.2854722795,0.01104141218,0.1625449733,1.437377845,0.003214090642,lib_biplane_mBC @ anchor 0.03,1.589223464,0.003553629465,lib_biplane_mBC @ anchor 0.25,0.003553629465,1.425522315,1.652377635,0,0,True
halfnormal_calibrated_run_2026-10-05,all,"half-normal shape at calibrated means, the 28 scenarios of 2026-10-05 (mean underestimation 8.3% to 29.7%)",0,SL,A4,largest view mean after review,bias_mm,28,28,0.01463385628,0.2854722795,0.01104141218,0.1625449733,-0.3398409848,0.004984853267,lib_biplane_mBC @ anchor 0.25,0.8680352143,0.004414046365,geom_mid15_r1_halfnormal @ anchor 0.03,0.004984853267,-0.5248314744,0.6248478046,0,0.2431874097,False
halfnormal_calibrated_run_2026-10-05,all,"half-normal shape at calibrated means, the 28 scenarios of 2026-10-05 (mean underestimation 8.3% to 29.7%)",0,SL,A4,largest view mean after review,rmse_mm,28,28,0.01463385628,0.2854722795,0.01104141218,0.1625449733,1.422744032,0.004492821734,lib_biplane_mBC @ anchor 0.06,1.643729351,0.005247835013,geom_mid15_r1_halfnormal @ anchor 0.03,0.005302183431,1.42004453,1.729219088,0,0,True
halfnormal_calibrated_run_2026-10-05,all,"half-normal shape at calibrated means, the 28 scenarios of 2026-10-05 (mean underestimation 8.3% to 29.7%)",0,SL,A4,largest view mean after review,mae_mm,28,28,0.01463385628,0.2854722795,0.01104141218,0.1625449733,1.088811942,0.002896027493,lib_biplane_mBC @ anchor 0.06,1.253920583,0.00336086395,geom_mid15_r1_halfnormal @ anchor 0.03,0.00336086395,,,,,
halfnormal_calibrated_run_2026-10-05,all,"half-normal shape at calibrated means, the 28 scenarios of 2026-10-05 (mean underestimation 8.3% to 29.7%)",0,SL,A4,largest view mean after review,sd_err_mm,28,28,0.01463385628,0.2854722795,0.01104141218,0.1625449733,1.386464127,0.003100243538,geom_ind15_r1_halfnormal @ anchor 0.06,1.576349013,0.003524841173,lib_biplane_mBC @ anchor 0.25,0.003524841173,1.375939933,1.647658255,0,0,True
halfnormal_lowest_calibrated,all,"half-normal shape at the lowest calibrated mean (off-centre component, variant ind00)",0,AP,A1,anchor-view mean,bias_mm,4,4,0.06156459513,0.06156459513,0.04656526234,0.04656526234,-1.923075698,0.008176218297,geom_ind00_r2_halfnormal @ anchor 0.25,0.003085165303,0.006002848344,geom_ind00_r2_halfnormal @ anchor 0.03,0.008176218297,-1.92746491,0.01615579299,0,0,True
halfnormal_lowest_calibrated,all,"half-normal shape at the lowest calibrated mean (off-centre component, variant ind00)",0,AP,A1,anchor-view mean,rmse_mm,4,4,0.06156459513,0.06156459513,0.04656526234,0.04656526234,1.898260337,0.006719244452,geom_ind00_r2_halfnormal @ anchor 0.03,3.222298536,0.01014760751,geom_ind00_r2_halfnormal @ anchor 0.25,0.01014760751,1.900583197,3.232934252,0.002322860245,0,False
halfnormal_lowest_calibrated,all,"half-normal shape at the lowest calibrated mean (off-centre component, variant ind00)",0,AP,A1,anchor-view mean,mae_mm,4,4,0.06156459513,0.06156459513,0.04656526234,0.04656526234,1.434267338,0.003932283019,geom_ind00_r2_halfnormal @ anchor 0.03,2.435991123,0.006670232077,geom_ind00_r2_halfnormal @ anchor 0.25,0.006670232077,,,,,
halfnormal_lowest_calibrated,all,"half-normal shape at the lowest calibrated mean (off-centre component, variant ind00)",0,AP,A1,anchor-view mean,sd_err_mm,4,4,0.06156459513,0.06156459513,0.04656526234,0.04656526234,1.898267321,0.004244675994,geom_ind00_r2_halfnormal @ anchor 0.03,2.585547246,0.005781488309,geom_ind00_r2_halfnormal @ anchor 0.25,0.005781488309,1.900586393,2.596147514,0.002319072169,0,False
halfnormal_lowest_calibrated,all,"half-normal shape at the lowest calibrated mean (off-centre component, variant ind00)",0,AP,A2,mean across views,bias_mm,4,4,0.06156459513,0.06156459513,0.04656526234,0.04656526234,-0.7906581699,0.005433538072,geom_ind00_r2_halfnormal @ anchor 0.25,-0.1486045487,0.005149561965,geom_ind00_r2_halfnormal @ anchor 0.03,0.005433538072,-3.160932123,-0.2750493415,0,0.1264447928,False
halfnormal_lowest_calibrated,all,"half-normal shape at the lowest calibrated mean (off-centre component, variant ind00)",0,AP,A2,mean across views,rmse_mm,4,4,0.06156459513,0.06156459513,0.04656526234,0.04656526234,1.635192844,0.005015059159,geom_ind00_r2_halfnormal @ anchor 0.03,1.891413338,0.005416348451,geom_ind00_r2_halfnormal @ anchor 0.25,0.005416348451,1.672772226,4.064358104,0.03757938201,0,False
halfnormal_lowest_calibrated,all,"half-normal shape at the lowest calibrated mean (off-centre component, variant ind00)",0,AP,A2,mean across views,mae_mm,4,4,0.06156459513,0.06156459513,0.04656526234,0.04656526234,1.246881436,0.003345375183,geom_ind00_r2_halfnormal @ anchor 0.03,1.452171601,0.003832305761,geom_ind00_r2_halfnormal @ anchor 0.25,0.003832305761,,,,,
halfnormal_lowest_calibrated,all,"half-normal shape at the lowest calibrated mean (off-centre component, variant ind00)",0,AP,A2,mean across views,sd_err_mm,4,4,0.06156459513,0.06156459513,0.04656526234,0.04656526234,1.627946504,0.003640217248,geom_ind00_r2_halfnormal @ anchor 0.06,1.718235606,0.003842110827,geom_ind00_r2_halfnormal @ anchor 0.25,0.003842110827,1.643211904,2.554912951,0.01526540039,0,False
halfnormal_lowest_calibrated,all,"half-normal shape at the lowest calibrated mean (off-centre component, variant ind00)",0,AP,A3,largest view mean,bias_mm,4,4,0.06156459513,0.06156459513,0.04656526234,0.04656526234,0.6965341245,0.006375455842,geom_ind00_r2_halfnormal @ anchor 0.25,1.00493985,0.006302676515,geom_ind00_r2_halfnormal @ anchor 0.03,0.006375455842,-0.7675215473,0.919777008,0,0.08516284204,False
halfnormal_lowest_calibrated,all,"half-normal shape at the lowest calibrated mean (off-centre component, variant ind00)",0,AP,A3,largest view mean,rmse_mm,4,4,0.06156459513,0.06156459513,0.04656526234,0.04656526234,2.133017313,0.008545887447,geom_ind00_r2_halfnormal @ anchor 0.25,2.232092629,0.008889068511,geom_ind00_r2_halfnormal @ anchor 0.03,0.008889068511,1.961960353,2.438468169,0,0,True
halfnormal_lowest_calibrated,all,"half-normal shape at the lowest calibrated mean (off-centre component, variant ind00)",0,AP,A3,largest view mean,mae_mm,4,4,0.06156459513,0.06156459513,0.04656526234,0.04656526234,1.550288607,0.004632914373,geom_ind00_r2_halfnormal @ anchor 0.25,1.623625815,0.004843655828,geom_ind00_r2_halfnormal @ anchor 0.03,0.004843655828,,,,,
halfnormal_lowest_calibrated,all,"half-normal shape at the lowest calibrated mean (off-centre component, variant ind00)",0,AP,A3,largest view mean,sd_err_mm,4,4,0.06156459513,0.06156459513,0.04656526234,0.04656526234,1.993081314,0.004456687587,geom_ind00_r2_halfnormal @ anchor 0.03,2.016096158,0.0045081506,geom_ind00_r2_halfnormal @ anchor 0.25,0.0045081506,1.95011314,2.314539102,0,0,True
halfnormal_lowest_calibrated,all,"half-normal shape at the lowest calibrated mean (off-centre component, variant ind00)",0,AP,A4,largest view mean after review,bias_mm,4,4,0.06156459513,0.06156459513,0.04656526234,0.04656526234,0.3183026712,0.006171682191,geom_ind00_r2_halfnormal @ anchor 0.25,0.8399035522,0.005898073996,geom_ind00_r2_halfnormal @ anchor 0.03,0.006171682191,-0.9722003196,0.7626407532,0,0.077262799,False
halfnormal_lowest_calibrated,all,"half-normal shape at the lowest calibrated mean (off-centre component, variant ind00)",0,AP,A4,largest view mean after review,rmse_mm,4,4,0.06156459513,0.06156459513,0.04656526234,0.04656526234,1.948035392,0.007196301556,geom_ind00_r2_halfnormal @ anchor 0.125,2.045514819,0.007629449471,geom_ind00_r2_halfnormal @ anchor 0.03,0.007629449471,1.906027253,2.50892998,0,0,True
halfnormal_lowest_calibrated,all,"half-normal shape at the lowest calibrated mean (off-centre component, variant ind00)",0,AP,A4,largest view mean after review,mae_mm,4,4,0.06156459513,0.06156459513,0.04656526234,0.04656526234,1.449659942,0.004115027185,geom_ind00_r2_halfnormal @ anchor 0.125,1.519322489,0.004331060848,geom_ind00_r2_halfnormal @ anchor 0.03,0.004331060848,,,,,
halfnormal_lowest_calibrated,all,"half-normal shape at the lowest calibrated mean (off-centre component, variant ind00)",0,AP,A4,largest view mean after review,sd_err_mm,4,4,0.06156459513,0.06156459513,0.04656526234,0.04656526234,1.858738011,0.004156285327,geom_ind00_r2_halfnormal @ anchor 0.06,1.951657272,0.004364060149,geom_ind00_r2_halfnormal @ anchor 0.25,0.004364060149,1.864172557,2.312922324,0.005434545662,0,False
halfnormal_lowest_calibrated,all,"half-normal shape at the lowest calibrated mean (off-centre component, variant ind00)",0,SL,A1,anchor-view mean,bias_mm,4,4,0.1233855517,0.1233855517,0.09309581204,0.09309581204,-1.233394657,0.005791084161,geom_ind00_r2_halfnormal @ anchor 0.25,-5.091610478e-05,0.004518063982,geom_ind00_r2_halfnormal @ anchor 0.03,0.005791084161,-1.236776292,0.009007702171,0,0,True
halfnormal_lowest_calibrated,all,"half-normal shape at the lowest calibrated mean (off-centre component, variant ind00)",0,SL,A1,anchor-view mean,rmse_mm,4,4,0.1233855517,0.1233855517,0.09309581204,0.09309581204,1.428730137,0.004304265393,geom_ind00_r2_halfnormal @ anchor 0.03,2.207916307,0.006746519721,geom_ind00_r2_halfnormal @ anchor 0.25,0.006746519721,1.42503257,2.217793129,0,0,True
halfnormal_lowest_calibrated,all,"half-normal shape at the lowest calibrated mean (off-centre component, variant ind00)",0,SL,A1,anchor-view mean,mae_mm,4,4,0.1233855517,0.1233855517,0.09309581204,0.09309581204,1.101346492,0.002878044461,geom_ind00_r2_halfnormal @ anchor 0.03,1.678744808,0.004535119468,geom_ind00_r2_halfnormal @ anchor 0.25,0.004535119468,,,,,
halfnormal_lowest_calibrated,all,"half-normal shape at the lowest calibrated mean (off-centre component, variant ind00)",0,SL,A1,anchor-view mean,sd_err_mm,4,4,0.1233855517,0.1233855517,0.09309581204,0.09309581204,1.42873728,0.003194769654,geom_ind00_r2_halfnormal @ anchor 0.03,1.831301607,0.004094935355,geom_ind00_r2_halfnormal @ anchor 0.25,0.004094935355,1.425011226,1.842299872,0,0,True
halfnormal_lowest_calibrated,all,"half-normal shape at the lowest calibrated mean (off-centre component, variant ind00)",0,SL,A2,mean across views,bias_mm,4,4,0.1233855517,0.1233855517,0.09309581204,0.09309581204,-0.7914419342,0.004200752061,geom_ind00_r2_halfnormal @ anchor 0.25,-0.3803273537,0.003975261197,geom_ind00_r2_halfnormal @ anchor 0.03,0.004200752061,-2.025949956,-0.1768472898,0,0,True
halfnormal_lowest_calibrated,all,"half-normal shape at the lowest calibrated mean (off-centre component, variant ind00)",0,SL,A2,mean across views,rmse_mm,4,4,0.1233855517,0.1233855517,0.09309581204,0.09309581204,1.313355722,0.003529700004,geom_ind00_r2_halfnormal @ anchor 0.03,1.546284087,0.004179344563,geom_ind00_r2_halfnormal @ anchor 0.25,0.004179344563,1.247666501,2.703301227,0,0,True
halfnormal_lowest_calibrated,all,"half-normal shape at the lowest calibrated mean (off-centre component, variant ind00)",0,SL,A2,mean across views,mae_mm,4,4,0.1233855517,0.1233855517,0.09309581204,0.09309581204,1.020459306,0.002614522696,geom_ind00_r2_halfnormal @ anchor 0.03,1.201448981,0.003078188263,geom_ind00_r2_halfnormal @ anchor 0.25,0.003078188263,,,,,
halfnormal_lowest_calibrated,all,"half-normal shape at the lowest calibrated mean (off-centre component, variant ind00)",0,SL,A2,mean across views,sd_err_mm,4,4,0.1233855517,0.1233855517,0.09309581204,0.09309581204,1.257087968,0.002810948204,geom_ind00_r2_halfnormal @ anchor 0.03,1.32839444,0.00297039512,geom_ind00_r2_halfnormal @ anchor 0.25,0.00297039512,1.232075416,1.789803434,0,0,True
halfnormal_lowest_calibrated,all,"half-normal shape at the lowest calibrated mean (off-centre component, variant ind00)",0,SL,A3,largest view mean,bias_mm,4,4,0.1233855517,0.1233855517,0.09309581204,0.09309581204,0.2536444191,0.004693913043,geom_ind00_r2_halfnormal @ anchor 0.25,0.5637674981,0.004556542228,geom_ind00_r2_halfnormal @ anchor 0.03,0.004693913043,-0.437901431,0.6850496269,0,0,True
halfnormal_lowest_calibrated,all,"half-normal shape at the lowest calibrated mean (off-centre component, variant ind00)",0,SL,A3,largest view mean,rmse_mm,4,4,0.1233855517,0.1233855517,0.09309581204,0.09309581204,1.505853719,0.005359861273,geom_ind00_r2_halfnormal @ anchor 0.25,1.547262336,0.005581965804,geom_ind00_r2_halfnormal @ anchor 0.03,0.005581965804,1.446643337,1.709409901,0,0,True
halfnormal_lowest_calibrated,all,"half-normal shape at the lowest calibrated mean (off-centre component, variant ind00)",0,SL,A3,largest view mean,mae_mm,4,4,0.1233855517,0.1233855517,0.09309581204,0.09309581204,1.128868922,0.003154770819,geom_ind00_r2_halfnormal @ anchor 0.125,1.158360919,0.003243811404,geom_ind00_r2_halfnormal @ anchor 0.03,0.003243811404,,,,,
halfnormal_lowest_calibrated,all,"half-normal shape at the lowest calibrated mean (off-centre component, variant ind00)",0,SL,A3,largest view mean,sd_err_mm,4,4,0.1233855517,0.1233855517,0.09309581204,0.09309581204,1.44090517,0.003221978018,geom_ind00_r2_halfnormal @ anchor 0.03,1.484345636,0.003319114339,geom_ind00_r2_halfnormal @ anchor 0.25,0.003319114339,1.425522315,1.652377635,0,0,True
halfnormal_lowest_calibrated,all,"half-normal shape at the lowest calibrated mean (off-centre component, variant ind00)",0,SL,A4,largest view mean after review,bias_mm,4,4,0.1233855517,0.1233855517,0.09309581204,0.09309581204,0.1050334214,0.004585959599,geom_ind00_r2_halfnormal @ anchor 0.25,0.5170465841,0.004395713938,geom_ind00_r2_halfnormal @ anchor 0.03,0.004585959599,-0.5248314744,0.6248478046,0,0,True
halfnormal_lowest_calibrated,all,"half-normal shape at the lowest calibrated mean (off-centre component, variant ind00)",0,SL,A4,largest view mean after review,rmse_mm,4,4,0.1233855517,0.1233855517,0.09309581204,0.09309581204,1.42981769,0.004586160101,geom_ind00_r2_halfnormal @ anchor 0.125,1.483087304,0.004885413882,geom_ind00_r2_halfnormal @ anchor 0.03,0.004885413882,1.42004453,1.729219088,0,0,True
halfnormal_lowest_calibrated,all,"half-normal shape at the lowest calibrated mean (off-centre component, variant ind00)",0,SL,A4,largest view mean after review,mae_mm,4,4,0.1233855517,0.1233855517,0.09309581204,0.09309581204,1.091233975,0.002921635801,geom_ind00_r2_halfnormal @ anchor 0.125,1.127541471,0.003046649738,geom_ind00_r2_halfnormal @ anchor 0.03,0.003046649738,,,,,
halfnormal_lowest_calibrated,all,"half-normal shape at the lowest calibrated mean (off-centre component, variant ind00)",0,SL,A4,largest view mean after review,sd_err_mm,4,4,0.1233855517,0.1233855517,0.09309581204,0.09309581204,1.387604534,0.003102793577,geom_ind00_r2_halfnormal @ anchor 0.06,1.450207759,0.003242779345,geom_ind00_r2_halfnormal @ anchor 0.25,0.003242779345,1.375939933,1.647658255,0,0,True
halfnormal_calibrated_all,all,"half-normal shape at calibrated means, all values including the lowest (36 scenarios)",0,AP,A1,anchor-view mean,bias_mm,36,36,0.06156459513,0.297329492,0.04656526234,0.2199213015,-1.923075698,0.008176218297,geom_ind15_r1_halfnormal @ anchor 0.25,0.003085165303,0.006002848344,geom_ind15_r1_halfnormal @ anchor 0.03,0.008176218297,-1.92746491,0.01615579299,0,0,True
halfnormal_calibrated_all,all,"half-normal shape at calibrated means, all values including the lowest (36 scenarios)",0,AP,A1,anchor-view mean,rmse_mm,36,36,0.06156459513,0.297329492,0.04656526234,0.2199213015,1.898260337,0.006719244452,geom_ind15_r1_halfnormal @ anchor 0.03,3.222298536,0.01014760751,geom_ind15_r1_halfnormal @ anchor 0.25,0.01014760751,1.900583197,3.232934252,0.002322860245,0,False
halfnormal_calibrated_all,all,"half-normal shape at calibrated means, all values including the lowest (36 scenarios)",0,AP,A1,anchor-view mean,mae_mm,36,36,0.06156459513,0.297329492,0.04656526234,0.2199213015,1.434267338,0.003932283019,geom_ind15_r1_halfnormal @ anchor 0.03,2.435991123,0.006670232077,geom_ind15_r1_halfnormal @ anchor 0.25,0.006670232077,,,,,
halfnormal_calibrated_all,all,"half-normal shape at calibrated means, all values including the lowest (36 scenarios)",0,AP,A1,anchor-view mean,sd_err_mm,36,36,0.06156459513,0.297329492,0.04656526234,0.2199213015,1.898267321,0.004244675994,geom_ind15_r1_halfnormal @ anchor 0.03,2.585547246,0.005781488309,geom_ind15_r1_halfnormal @ anchor 0.25,0.005781488309,1.900586393,2.596147514,0.002319072169,0,False
halfnormal_calibrated_all,all,"half-normal shape at calibrated means, all values including the lowest (36 scenarios)",0,AP,A2,mean across views,bias_mm,36,36,0.06156459513,0.297329492,0.04656526234,0.2199213015,-2.521247453,0.007209120232,geom_mid15_r1_halfnormal @ anchor 0.25,-0.1486045487,0.005149561965,geom_ind00_r2_halfnormal @ anchor 0.03,0.007209120232,-3.160932123,-0.2750493415,0,0.1264447928,False
halfnormal_calibrated_all,all,"half-normal shape at calibrated means, all values including the lowest (36 scenarios)",0,AP,A2,mean across views,rmse_mm,36,36,0.06156459513,0.297329492,0.04656526234,0.2199213015,1.635192844,0.005015059159,geom_ind00_r2_halfnormal @ anchor 0.03,3.399084906,0.009264715328,geom_mid15_r1_halfnormal @ anchor 0.25,0.009264715328,1.672772226,4.064358104,0.03757938201,0,False
halfnormal_calibrated_all,all,"half-normal shape at calibrated means, all values including the lowest (36 scenarios)",0,AP,A2,mean across views,mae_mm,36,36,0.06156459513,0.297329492,0.04656526234,0.2199213015,1.246881436,0.003345375183,geom_ind00_r2_halfnormal @ anchor 0.03,2.69388815,0.006554988789,geom_mid15_r1_halfnormal @ anchor 0.25,0.006554988789,,,,,
halfnormal_calibrated_all,all,"half-normal shape at calibrated means, all values including the lowest (36 scenarios)",0,AP,A2,mean across views,sd_err_mm,36,36,0.06156459513,0.297329492,0.04656526234,0.2199213015,1.627946504,0.003640217248,geom_ind00_r2_halfnormal @ anchor 0.06,2.279723986,0.005097643291,geom_mid15_r1_halfnormal @ anchor 0.25,0.005097643291,1.643211904,2.554912951,0.01526540039,0,False
halfnormal_calibrated_all,all,"half-normal shape at calibrated means, all values including the lowest (36 scenarios)",0,AP,A3,largest view mean,bias_mm,36,36,0.06156459513,0.297329492,0.04656526234,0.2199213015,-0.5162836295,0.007010344216,geom_mid15_r1_halfnormal @ anchor 0.25,1.00493985,0.006302676515,geom_ind00_r2_halfnormal @ anchor 0.03,0.007010344216,-0.7675215473,0.919777008,0,0.08516284204,False
halfnormal_calibrated_all,all,"half-normal shape at calibrated means, all values including the lowest (36 scenarios)",0,AP,A3,largest view mean,rmse_mm,36,36,0.06156459513,0.297329492,0.04656526234,0.2199213015,1.965328116,0.007434924547,geom_mid15_r1_halfnormal @ anchor 0.06,2.276179308,0.007796796047,geom_mid15_r1_halfnormal @ anchor 0.25,0.008889068511,1.961960353,2.438468169,0,0,True
halfnormal_calibrated_all,all,"half-normal shape at calibrated means, all values including the lowest (36 scenarios)",0,AP,A3,largest view mean,mae_mm,36,36,0.06156459513,0.297329492,0.04656526234,0.2199213015,1.460307756,0.004159366732,geom_mid15_r1_halfnormal @ anchor 0.06,1.695664242,0.00480181016,geom_mid15_r1_halfnormal @ anchor 0.25,0.004843655828,,,,,
halfnormal_calibrated_all,all,"half-normal shape at calibrated means, all values including the lowest (36 scenarios)",0,AP,A3,largest view mean,sd_err_mm,36,36,0.06156459513,0.297329492,0.04656526234,0.2199213015,1.941264383,0.004340820827,geom_mid15_r1_halfnormal @ anchor 0.03,2.216865491,0.004957086719,geom_mid15_r1_halfnormal @ anchor 0.25,0.004957086719,1.95011314,2.314539102,0.008848756796,0,False
halfnormal_calibrated_all,all,"half-normal shape at calibrated means, all values including the lowest (36 scenarios)",0,AP,A4,largest view mean after review,bias_mm,36,36,0.06156459513,0.297329492,0.04656526234,0.2199213015,-0.7553882752,0.006998527087,geom_mid15_r1_halfnormal @ anchor 0.25,0.8399035522,0.005898073996,geom_ind00_r2_halfnormal @ anchor 0.03,0.006998527087,-0.9722003196,0.7626407532,0,0.077262799,False
halfnormal_calibrated_all,all,"half-normal shape at calibrated means, all values including the lowest (36 scenarios)",0,AP,A4,largest view mean after review,rmse_mm,36,36,0.06156459513,0.297329492,0.04656526234,0.2199213015,1.896272979,0.006714046878,geom_mid15_r1_halfnormal @ anchor 0.06,2.338482543,0.008030153129,geom_mid15_r1_halfnormal @ anchor 0.25,0.008030153129,1.906027253,2.50892998,0.00975427441,0,False
halfnormal_calibrated_all,all,"half-normal shape at calibrated means, all values including the lowest (36 scenarios)",0,AP,A4,largest view mean after review,mae_mm,36,36,0.06156459513,0.297329492,0.04656526234,0.2199213015,1.424852994,0.003968502456,lib_biplane_inflow @ anchor 0.06,1.734172431,0.004961019248,geom_mid15_r1_halfnormal @ anchor 0.25,0.004961019248,,,,,
halfnormal_calibrated_all,all,"half-normal shape at calibrated means, all values including the lowest (36 scenarios)",0,AP,A4,largest view mean after review,sd_err_mm,36,36,0.06156459513,0.297329492,0.04656526234,0.2199213015,1.858738011,0.004156285327,geom_ind00_r2_halfnormal @ anchor 0.06,2.213128586,0.004948730705,geom_mid15_r1_halfnormal @ anchor 0.25,0.004948730705,1.864172557,2.312922324,0.005434545662,0,False
halfnormal_calibrated_all,all,"half-normal shape at calibrated means, all values including the lowest (36 scenarios)",0,SL,A1,anchor-view mean,bias_mm,36,36,0.01463385628,0.2854722795,0.01104141218,0.1625449733,-1.233394657,0.005791084161,geom_ind15_r1_halfnormal @ anchor 0.25,-5.091610478e-05,0.004518063982,geom_ind15_r1_halfnormal @ anchor 0.03,0.005791084161,-1.236776292,0.009007702171,0,0,True
halfnormal_calibrated_all,all,"half-normal shape at calibrated means, all values including the lowest (36 scenarios)",0,SL,A1,anchor-view mean,rmse_mm,36,36,0.01463385628,0.2854722795,0.01104141218,0.1625449733,1.428730137,0.004304265393,geom_ind15_r1_halfnormal @ anchor 0.03,2.207916307,0.006746519721,geom_ind15_r1_halfnormal @ anchor 0.25,0.006746519721,1.42503257,2.217793129,0,0,True
halfnormal_calibrated_all,all,"half-normal shape at calibrated means, all values including the lowest (36 scenarios)",0,SL,A1,anchor-view mean,mae_mm,36,36,0.01463385628,0.2854722795,0.01104141218,0.1625449733,1.101346492,0.002878044461,geom_ind15_r1_halfnormal @ anchor 0.03,1.678744808,0.004535119468,geom_ind15_r1_halfnormal @ anchor 0.25,0.004535119468,,,,,
halfnormal_calibrated_all,all,"half-normal shape at calibrated means, all values including the lowest (36 scenarios)",0,SL,A1,anchor-view mean,sd_err_mm,36,36,0.01463385628,0.2854722795,0.01104141218,0.1625449733,1.42873728,0.003194769654,geom_ind15_r1_halfnormal @ anchor 0.03,1.831301607,0.004094935355,geom_ind15_r1_halfnormal @ anchor 0.25,0.004094935355,1.425011226,1.842299872,0,0,True
halfnormal_calibrated_all,all,"half-normal shape at calibrated means, all values including the lowest (36 scenarios)",0,SL,A2,mean across views,bias_mm,36,36,0.01463385628,0.2854722795,0.01104141218,0.1625449733,-1.549638491,0.005033340324,lib_biplane_mBC @ anchor 0.25,0.1282746675,0.003914924797,geom_mid15_r1_halfnormal @ anchor 0.03,0.005033340324,-2.025949956,-0.1768472898,0,0.3051219573,False
halfnormal_calibrated_all,all,"half-normal shape at calibrated means, all values including the lowest (36 scenarios)",0,SL,A2,mean across views,rmse_mm,36,36,0.01463385628,0.2854722795,0.01104141218,0.1625449733,1.231301826,0.003488742058,geom_ind00_r1_halfnormal @ anchor 0.06,2.221442234,0.006025236413,lib_biplane_mBC @ anchor 0.25,0.006025236413,1.247666501,2.703301227,0.01636467459,0,False
halfnormal_calibrated_all,all,"half-normal shape at calibrated means, all values including the lowest (36 scenarios)",0,SL,A2,mean across views,mae_mm,36,36,0.01463385628,0.2854722795,0.01104141218,0.1625449733,0.9514119867,0.002471690771,geom_ind00_r1_halfnormal @ anchor 0.06,1.743179425,0.004354480515,lib_biplane_mBC @ anchor 0.25,0.004354480515,,,,,
halfnormal_calibrated_all,all,"half-normal shape at calibrated means, all values including the lowest (36 scenarios)",0,SL,A2,mean across views,sd_err_mm,36,36,0.01463385628,0.2854722795,0.01104141218,0.1625449733,1.231260968,0.002753196989,geom_ind00_r1_halfnormal @ anchor 0.06,1.591681966,0.003559126871,lib_biplane_mBC @ anchor 0.25,0.003559126871,1.232075416,1.789803434,0.0008144480697,0,False
halfnormal_calibrated_all,all,"half-normal shape at calibrated means, all values including the lowest (36 scenarios)",0,SL,A3,largest view mean,bias_mm,36,36,0.01463385628,0.2854722795,0.01104141218,0.1625449733,-0.2335168427,0.005025565857,lib_biplane_mBC @ anchor 0.25,0.9508419733,0.004680580696,geom_mid15_r1_halfnormal @ anchor 0.03,0.005025565857,-0.437901431,0.6850496269,0,0.2657923464,False
halfnormal_calibrated_all,all,"half-normal shape at calibrated means, all values including the lowest (36 scenarios)",0,SL,A3,largest view mean,rmse_mm,36,36,0.01463385628,0.2854722795,0.01104141218,0.1625449733,1.459988819,0.004982406926,lib_biplane_mBC @ anchor 0.06,1.75922202,0.006227749252,geom_mid15_r1_halfnormal @ anchor 0.03,0.006227749252,1.446643337,1.709409901,0,0.0498121189,False
halfnormal_calibrated_all,all,"half-normal shape at calibrated means, all values including the lowest (36 scenarios)",0,SL,A3,largest view mean,mae_mm,36,36,0.01463385628,0.2854722795,0.01104141218,0.1625449733,1.10583273,0.003014482393,lib_biplane_mBC @ anchor 0.06,1.314946324,0.00369566224,geom_mid15_r1_halfnormal @ anchor 0.03,0.00369566224,,,,,
halfnormal_calibrated_all,all,"half-normal shape at calibrated means, all values including the lowest (36 scenarios)",0,SL,A3,largest view mean,sd_err_mm,36,36,0.01463385628,0.2854722795,0.01104141218,0.1625449733,1.437377845,0.003214090642,lib_biplane_mBC @ anchor 0.03,1.589223464,0.003553629465,lib_biplane_mBC @ anchor 0.25,0.003553629465,1.425522315,1.652377635,0,0,True
halfnormal_calibrated_all,all,"half-normal shape at calibrated means, all values including the lowest (36 scenarios)",0,SL,A4,largest view mean after review,bias_mm,36,36,0.01463385628,0.2854722795,0.01104141218,0.1625449733,-0.3398409848,0.004984853267,lib_biplane_mBC @ anchor 0.25,0.8680352143,0.004414046365,geom_mid15_r1_halfnormal @ anchor 0.03,0.004984853267,-0.5248314744,0.6248478046,0,0.2431874097,False
halfnormal_calibrated_all,all,"half-normal shape at calibrated means, all values including the lowest (36 scenarios)",0,SL,A4,largest view mean after review,rmse_mm,36,36,0.01463385628,0.2854722795,0.01104141218,0.1625449733,1.422744032,0.004492821734,lib_biplane_mBC @ anchor 0.06,1.643729351,0.005247835013,geom_mid15_r1_halfnormal @ anchor 0.03,0.005302183431,1.42004453,1.729219088,0,0,True
halfnormal_calibrated_all,all,"half-normal shape at calibrated means, all values including the lowest (36 scenarios)",0,SL,A4,largest view mean after review,mae_mm,36,36,0.01463385628,0.2854722795,0.01104141218,0.1625449733,1.088811942,0.002896027493,lib_biplane_mBC @ anchor 0.06,1.253920583,0.00336086395,geom_mid15_r1_halfnormal @ anchor 0.03,0.00336086395,,,,,
halfnormal_calibrated_all,all,"half-normal shape at calibrated means, all values including the lowest (36 scenarios)",0,SL,A4,largest view mean after review,sd_err_mm,36,36,0.01463385628,0.2854722795,0.01104141218,0.1625449733,1.385020219,0.003097014845,geom_ind00_r1_halfnormal @ anchor 0.06,1.576349013,0.003524841173,lib_biplane_mBC @ anchor 0.25,0.003524841173,1.375939933,1.647658255,0,0,True
patient_geometry_reading1,all,"patient-level geometric shape, rotation counted as error (variants ind15, mid15, ind00)",0,AP,A1,anchor-view mean,bias_mm,12,12,0.2922433101,0.2994910932,0.1600540034,0.2314310666,-1.923075698,0.008176218297,geom_ind15_r1_patient @ anchor 0.25,0.003085165303,0.006002848344,geom_ind15_r1_patient @ anchor 0.03,0.008176218297,-1.92746491,0.01615579299,0,0,True
patient_geometry_reading1,all,"patient-level geometric shape, rotation counted as error (variants ind15, mid15, ind00)",0,AP,A1,anchor-view mean,rmse_mm,12,12,0.2922433101,0.2994910932,0.1600540034,0.2314310666,1.898260337,0.006719244452,geom_ind15_r1_patient @ anchor 0.03,3.222298536,0.01014760751,geom_ind15_r1_patient @ anchor 0.25,0.01014760751,1.900583197,3.232934252,0.002322860245,0,False
patient_geometry_reading1,all,"patient-level geometric shape, rotation counted as error (variants ind15, mid15, ind00)",0,AP,A1,anchor-view mean,mae_mm,12,12,0.2922433101,0.2994910932,0.1600540034,0.2314310666,1.434267338,0.003932283019,geom_ind15_r1_patient @ anchor 0.03,2.435991123,0.006670232077,geom_ind15_r1_patient @ anchor 0.25,0.006670232077,,,,,
patient_geometry_reading1,all,"patient-level geometric shape, rotation counted as error (variants ind15, mid15, ind00)",0,AP,A1,anchor-view mean,sd_err_mm,12,12,0.2922433101,0.2994910932,0.1600540034,0.2314310666,1.898267321,0.004244675994,geom_ind15_r1_patient @ anchor 0.03,2.585547246,0.005781488309,geom_ind15_r1_patient @ anchor 0.25,0.005781488309,1.900586393,2.596147514,0.002319072169,0,False
patient_geometry_reading1,all,"patient-level geometric shape, rotation counted as error (variants ind15, mid15, ind00)",0,AP,A2,mean across views,bias_mm,12,12,0.2922433101,0.2994910932,0.1600540034,0.2314310666,-2.537529912,0.007435961804,geom_mid15_r1_patient @ anchor 0.25,-1.83752512,0.006445184435,geom_ind00_r1_patient @ anchor 0.03,0.007435961804,-3.160932123,-0.2750493415,0,0,True
patient_geometry_reading1,all,"patient-level geometric shape, rotation counted as error (variants ind15, mid15, ind00)",0,AP,A2,mean across views,rmse_mm,12,12,0.2922433101,0.2994910932,0.1600540034,0.2314310666,2.744175152,0.007584846497,geom_ind00_r1_patient @ anchor 0.03,3.459531118,0.00944865706,geom_mid15_r1_patient @ anchor 0.25,0.00944865706,1.672772226,4.064358104,0,0,True
patient_geometry_reading1,all,"patient-level geometric shape, rotation counted as error (variants ind15, mid15, ind00)",0,AP,A2,mean across views,mae_mm,12,12,0.2922433101,0.2994910932,0.1600540034,0.2314310666,2.135355966,0.005450487935,geom_ind00_r1_patient @ anchor 0.03,2.728139777,0.006727298247,geom_mid15_r1_patient @ anchor 0.25,0.006727298247,,,,,
patient_geometry_reading1,all,"patient-level geometric shape, rotation counted as error (variants ind15, mid15, ind00)",0,AP,A2,mean across views,sd_err_mm,12,12,0.2922433101,0.2994910932,0.1600540034,0.2314310666,2.038146276,0.004557456408,geom_ind00_r1_patient @ anchor 0.03,2.35145759,0.005258045307,geom_mid15_r1_patient @ anchor 0.25,0.005258045307,1.643211904,2.554912951,0,0,True
patient_geometry_reading1,all,"patient-level geometric shape, rotation counted as error (variants ind15, mid15, ind00)",0,AP,A3,largest view mean,bias_mm,12,12,0.2922433101,0.2994910932,0.1600540034,0.2314310666,-0.8355910623,0.006943799887,geom_ind00_r1_patient @ anchor 0.25,0.4198968222,0.006162892299,geom_mid15_r1_patient @ anchor 0.03,0.007096978198,-0.7675215473,0.919777008,0.06806951499,0,False
patient_geometry_reading1,all,"patient-level geometric shape, rotation counted as error (variants ind15, mid15, ind00)",0,AP,A3,largest view mean,rmse_mm,12,12,0.2922433101,0.2994910932,0.1600540034,0.2314310666,1.927526519,0.007079380765,geom_ind00_r1_patient @ anchor 0.06,2.349425439,0.007582415113,geom_ind00_r1_patient @ anchor 0.25,0.00808438756,1.961960353,2.438468169,0.03443383436,0,False
patient_geometry_reading1,all,"patient-level geometric shape, rotation counted as error (variants ind15, mid15, ind00)",0,AP,A3,largest view mean,mae_mm,12,12,0.2922433101,0.2994910932,0.1600540034,0.2314310666,1.440863452,0.004087116507,geom_ind00_r1_patient @ anchor 0.03,1.766930786,0.00489671264,geom_ind00_r1_patient @ anchor 0.25,0.00489671264,,,,,
patient_geometry_reading1,all,"patient-level geometric shape, rotation counted as error (variants ind15, mid15, ind00)",0,AP,A3,largest view mean,sd_err_mm,12,12,0.2922433101,0.2994910932,0.1600540034,0.2314310666,1.919040096,0.004291125561,geom_ind00_r1_patient @ anchor 0.03,2.244261561,0.005018346502,geom_mid15_r1_patient @ anchor 0.25,0.005018346502,1.95011314,2.314539102,0.0310730438,0,False
patient_geometry_reading1,all,"patient-level geometric shape, rotation counted as error (variants ind15, mid15, ind00)",0,AP,A4,largest view mean after review,bias_mm,12,12,0.2922433101,0.2994910932,0.1600540034,0.2314310666,-1.004989729,0.006871471669,geom_ind00_r1_patient @ anchor 0.25,0.3481544265,0.005969032763,geom_mid15_r1_patient @ anchor 0.03,0.007052389938,-0.9722003196,0.7626407532,0.03278940942,0,False
patient_geometry_reading1,all,"patient-level geometric shape, rotation counted as error (variants ind15, mid15, ind00)",0,AP,A4,largest view mean after review,rmse_mm,12,12,0.2922433101,0.2994910932,0.1600540034,0.2314310666,1.884580248,0.006636786428,geom_ind00_r1_patient @ anchor 0.06,2.394090522,0.007799980588,geom_ind00_r1_patient @ anchor 0.25,0.008283104907,1.906027253,2.50892998,0.02144700541,0,False
patient_geometry_reading1,all,"patient-level geometric shape, rotation counted as error (variants ind15, mid15, ind00)",0,AP,A4,largest view mean after review,mae_mm,12,12,0.2922433101,0.2994910932,0.1600540034,0.2314310666,1.419410699,0.003957950249,geom_ind00_r1_patient @ anchor 0.03,1.795441109,0.005008079204,geom_ind00_r1_patient @ anchor 0.25,0.005008079204,,,,,
patient_geometry_reading1,all,"patient-level geometric shape, rotation counted as error (variants ind15, mid15, ind00)",0,AP,A4,largest view mean after review,sd_err_mm,12,12,0.2922433101,0.2994910932,0.1600540034,0.2314310666,1.880944991,0.004205941892,geom_ind00_r1_patient @ anchor 0.03,2.230161515,0.004986817683,geom_mid15_r1_patient @ anchor 0.25,0.004986817683,1.864172557,2.312922324,0,0,True
patient_geometry_reading1,all,"patient-level geometric shape, rotation counted as error (variants ind15, mid15, ind00)",0,SL,A1,anchor-view mean,bias_mm,12,12,0.01937368944,0.02921627506,0.1944995629,0.3650639583,-1.233394657,0.005791084161,geom_ind15_r1_patient @ anchor 0.25,-5.091610478e-05,0.004518063982,geom_ind15_r1_patient @ anchor 0.03,0.005791084161,-1.236776292,0.009007702171,0,0,True
patient_geometry_reading1,all,"patient-level geometric shape, rotation counted as error (variants ind15, mid15, ind00)",0,SL,A1,anchor-view mean,rmse_mm,12,12,0.01937368944,0.02921627506,0.1944995629,0.3650639583,1.428730137,0.004304265393,geom_ind15_r1_patient @ anchor 0.03,2.207916307,0.006746519721,geom_ind15_r1_patient @ anchor 0.25,0.006746519721,1.42503257,2.217793129,0,0,True
patient_geometry_reading1,all,"patient-level geometric shape, rotation counted as error (variants ind15, mid15, ind00)",0,SL,A1,anchor-view mean,mae_mm,12,12,0.01937368944,0.02921627506,0.1944995629,0.3650639583,1.101346492,0.002878044461,geom_ind15_r1_patient @ anchor 0.03,1.678744808,0.004535119468,geom_ind15_r1_patient @ anchor 0.25,0.004535119468,,,,,
patient_geometry_reading1,all,"patient-level geometric shape, rotation counted as error (variants ind15, mid15, ind00)",0,SL,A1,anchor-view mean,sd_err_mm,12,12,0.01937368944,0.02921627506,0.1944995629,0.3650639583,1.42873728,0.003194769654,geom_ind15_r1_patient @ anchor 0.03,1.831301607,0.004094935355,geom_ind15_r1_patient @ anchor 0.25,0.004094935355,1.425011226,1.842299872,0,0,True
patient_geometry_reading1,all,"patient-level geometric shape, rotation counted as error (variants ind15, mid15, ind00)",0,SL,A2,mean across views,bias_mm,12,12,0.01937368944,0.02921627506,0.1944995629,0.3650639583,-0.3477455303,0.004705112113,geom_ind00_r1_patient @ anchor 0.25,0.1143989448,0.005902088376,geom_mid15_r1_patient @ anchor 0.03,0.006025031639,-2.025949956,-0.1768472898,0,0.2912462346,False
patient_geometry_reading1,all,"patient-level geometric shape, rotation counted as error (variants ind15, mid15, ind00)",0,SL,A2,mean across views,rmse_mm,12,12,0.01937368944,0.02921627506,0.1944995629,0.3650639583,1.442240393,0.004379470251,geom_ind00_r1_patient @ anchor 0.06,1.928238702,0.006874675393,geom_mid15_r1_patient @ anchor 0.25,0.007141891109,1.247666501,2.703301227,0,0,True
patient_geometry_reading1,all,"patient-level geometric shape, rotation counted as error (variants ind15, mid15, ind00)",0,SL,A2,mean across views,mae_mm,12,12,0.01937368944,0.02921627506,0.1944995629,0.3650639583,1.098040713,0.002956979347,geom_ind00_r1_patient @ anchor 0.06,1.436462063,0.004067797662,geom_mid15_r1_patient @ anchor 0.25,0.004067797662,,,,,
patient_geometry_reading1,all,"patient-level geometric shape, rotation counted as error (variants ind15, mid15, ind00)",0,SL,A2,mean across views,sd_err_mm,12,12,0.01937368944,0.02921627506,0.1944995629,0.3650639583,1.442229134,0.003224938507,geom_ind00_r1_patient @ anchor 0.06,1.905282295,0.004260362031,geom_mid15_r1_patient @ anchor 0.25,0.004260362031,1.232075416,1.789803434,0,0.1154788612,False
patient_geometry_reading1,all,"patient-level geometric shape, rotation counted as error (variants ind15, mid15, ind00)",0,SL,A3,largest view mean,bias_mm,12,12,0.01937368944,0.02921627506,0.1944995629,0.3650639583,1.06334912,0.005399810771,geom_ind00_r1_patient @ anchor 0.25,1.950712337,0.00834288863,geom_mid15_r1_patient @ anchor 0.03,0.008789452696,-0.437901431,0.6850496269,0,1.26566271,False
patient_geometry_reading1,all,"patient-level geometric shape, rotation counted as error (variants ind15, mid15, ind00)",0,SL,A3,largest view mean,rmse_mm,12,12,0.01937368944,0.02921627506,0.1944995629,0.3650639583,2.010717773,0.007025702914,geom_ind00_r1_patient @ anchor 0.125,3.296390772,0.01976739741,geom_mid15_r1_patient @ anchor 0.25,0.0198795421,1.446643337,1.709409901,0,1.586980871,False
patient_geometry_reading1,all,"patient-level geometric shape, rotation counted as error (variants ind15, mid15, ind00)",0,SL,A3,largest view mean,mae_mm,12,12,0.01937368944,0.02921627506,0.1944995629,0.3650639583,1.501459683,0.00423333742,geom_ind00_r1_patient @ anchor 0.25,2.261672135,0.007583593338,geom_mid15_r1_patient @ anchor 0.25,0.007583593338,,,,,
patient_geometry_reading1,all,"patient-level geometric shape, rotation counted as error (variants ind15, mid15, ind00)",0,SL,A3,largest view mean,sd_err_mm,12,12,0.01937368944,0.02921627506,0.1944995629,0.3650639583,1.635467673,0.003657035178,geom_ind00_r1_patient @ anchor 0.03,2.779468991,0.00621511268,geom_mid15_r1_patient @ anchor 0.25,0.00621511268,1.425522315,1.652377635,0,1.127091356,False
patient_geometry_reading1,all,"patient-level geometric shape, rotation counted as error (variants ind15, mid15, ind00)",0,SL,A4,largest view mean after review,bias_mm,12,12,0.01937368944,0.02921627506,0.1944995629,0.3650639583,0.8002024386,0.005251858114,geom_ind00_r1_patient @ anchor 0.25,1.675976927,0.007665036824,geom_mid15_r1_patient @ anchor 0.03,0.008369544552,-0.5248314744,0.6248478046,0,1.051129122,False
patient_geometry_reading1,all,"patient-level geometric shape, rotation counted as error (variants ind15, mid15, ind00)",0,SL,A4,largest view mean after review,rmse_mm,12,12,0.01937368944,0.02921627506,0.1944995629,0.3650639583,1.826766313,0.005811681893,geom_ind00_r1_patient @ anchor 0.125,2.968802547,0.02016081353,geom_mid15_r1_patient @ anchor 0.25,0.0203704287,1.42004453,1.729219088,0,1.239583459,False
patient_geometry_reading1,all,"patient-level geometric shape, rotation counted as error (variants ind15, mid15, ind00)",0,SL,A4,largest view mean after review,mae_mm,12,12,0.01937368944,0.02921627506,0.1944995629,0.3650639583,1.391852018,0.003741439726,geom_ind00_r1_patient @ anchor 0.125,2.034963173,0.006835759047,geom_mid15_r1_patient @ anchor 0.25,0.006835759047,,,,,
patient_geometry_reading1,all,"patient-level geometric shape, rotation counted as error (variants ind15, mid15, ind00)",0,SL,A4,largest view mean after review,sd_err_mm,12,12,0.01937368944,0.02921627506,0.1944995629,0.3650639583,1.526361001,0.003413064022,geom_ind00_r1_patient @ anchor 0.03,2.646682376,0.005918191299,geom_mid15_r1_patient @ anchor 0.25,0.005918191299,1.375939933,1.647658255,0,0.9990241208,False
patient_geometry_reading2,all,"patient-level geometric shape, off-centre placement only (variants ind15, mid15, ind00); identical to the chord-distributed offset",0,AP,A1,anchor-view mean,bias_mm,12,12,0.06140660897,0.1836907084,0.09506769718,0.2241942272,-1.923075698,0.008176218297,geom_ind15_r2_patient @ anchor 0.25,0.003085165303,0.006002848344,geom_ind15_r2_patient @ anchor 0.03,0.008176218297,-1.92746491,0.01615579299,0,0,True
patient_geometry_reading2,all,"patient-level geometric shape, off-centre placement only (variants ind15, mid15, ind00); identical to the chord-distributed offset",0,AP,A1,anchor-view mean,rmse_mm,12,12,0.06140660897,0.1836907084,0.09506769718,0.2241942272,1.898260337,0.006719244452,geom_ind15_r2_patient @ anchor 0.03,3.222298536,0.01014760751,geom_ind15_r2_patient @ anchor 0.25,0.01014760751,1.900583197,3.232934252,0.002322860245,0,False
patient_geometry_reading2,all,"patient-level geometric shape, off-centre placement only (variants ind15, mid15, ind00); identical to the chord-distributed offset",0,AP,A1,anchor-view mean,mae_mm,12,12,0.06140660897,0.1836907084,0.09506769718,0.2241942272,1.434267338,0.003932283019,geom_ind15_r2_patient @ anchor 0.03,2.435991123,0.006670232077,geom_ind15_r2_patient @ anchor 0.25,0.006670232077,,,,,
patient_geometry_reading2,all,"patient-level geometric shape, off-centre placement only (variants ind15, mid15, ind00); identical to the chord-distributed offset",0,AP,A1,anchor-view mean,sd_err_mm,12,12,0.06140660897,0.1836907084,0.09506769718,0.2241942272,1.898267321,0.004244675994,geom_ind15_r2_patient @ anchor 0.03,2.585547246,0.005781488309,geom_ind15_r2_patient @ anchor 0.25,0.005781488309,1.900586393,2.596147514,0.002319072169,0,False
patient_geometry_reading2,all,"patient-level geometric shape, off-centre placement only (variants ind15, mid15, ind00); identical to the chord-distributed offset",0,AP,A2,mean across views,bias_mm,12,12,0.06140660897,0.1836907084,0.09506769718,0.2241942272,-1.686705059,0.00697557479,geom_mid15_r2_patient @ anchor 0.25,-0.1482052588,0.005385467429,geom_ind00_r2_patient @ anchor 0.03,0.00697557479,-3.160932123,-0.2750493415,0,0.1268440827,False
patient_geometry_reading2,all,"patient-level geometric shape, off-centre placement only (variants ind15, mid15, ind00); identical to the chord-distributed offset",0,AP,A2,mean across views,rmse_mm,12,12,0.06140660897,0.1836907084,0.09506769718,0.2241942272,1.709462412,0.005414323176,geom_ind00_r2_patient @ anchor 0.03,2.776830867,0.008699741767,geom_mid15_r2_patient @ anchor 0.25,0.008699741767,1.672772226,4.064358104,0,0,True
patient_geometry_reading2,all,"patient-level geometric shape, off-centre placement only (variants ind15, mid15, ind00); identical to the chord-distributed offset",0,AP,A2,mean across views,mae_mm,12,12,0.06140660897,0.1836907084,0.09506769718,0.2241942272,1.294800073,0.003529542417,geom_ind00_r2_patient @ anchor 0.03,2.103478588,0.005732539014,geom_mid15_r2_patient @ anchor 0.25,0.005732539014,,,,,
patient_geometry_reading2,all,"patient-level geometric shape, off-centre placement only (variants ind15, mid15, ind00); identical to the chord-distributed offset",0,AP,A2,mean across views,sd_err_mm,12,12,0.06140660897,0.1836907084,0.09506769718,0.2241942272,1.703034334,0.003808119579,geom_ind00_r2_patient @ anchor 0.03,2.205870433,0.004932500899,geom_mid15_r2_patient @ anchor 0.25,0.004932500899,1.643211904,2.554912951,0,0,True
patient_geometry_reading2,all,"patient-level geometric shape, off-centre placement only (variants ind15, mid15, ind00); identical to the chord-distributed offset",0,AP,A3,largest view mean,bias_mm,12,12,0.06140660897,0.1836907084,0.09506769718,0.2241942272,0.2862480434,0.006954412376,geom_mid15_r2_patient @ anchor 0.25,1.102276375,0.006403849329,geom_ind00_r2_patient @ anchor 0.03,0.006954412376,-0.7675215473,0.919777008,0,0.182499367,False
patient_geometry_reading2,all,"patient-level geometric shape, off-centre placement only (variants ind15, mid15, ind00); identical to the chord-distributed offset",0,AP,A3,largest view mean,rmse_mm,12,12,0.06140660897,0.1836907084,0.09506769718,0.2241942272,2.133666253,0.008443157833,geom_mid15_r2_patient @ anchor 0.06,2.305623738,0.00909039973,geom_ind00_r2_patient @ anchor 0.03,0.00909039973,1.961960353,2.438468169,0,0,True
patient_geometry_reading2,all,"patient-level geometric shape, off-centre placement only (variants ind15, mid15, ind00); identical to the chord-distributed offset",0,AP,A3,largest view mean,mae_mm,12,12,0.06140660897,0.1836907084,0.09506769718,0.2241942272,1.560553296,0.004601332701,geom_mid15_r2_patient @ anchor 0.06,1.679214005,0.004996164639,geom_ind00_r2_patient @ anchor 0.03,0.004996164639,,,,,
patient_geometry_reading2,all,"patient-level geometric shape, off-centre placement only (variants ind15, mid15, ind00); identical to the chord-distributed offset",0,AP,A3,largest view mean,sd_err_mm,12,12,0.06140660897,0.1836907084,0.09506769718,0.2241942272,2.004137199,0.004481409421,geom_mid15_r2_patient @ anchor 0.03,2.19917829,0.004917536738,geom_mid15_r2_patient @ anchor 0.25,0.004917536738,1.95011314,2.314539102,0,0,True
patient_geometry_reading2,all,"patient-level geometric shape, off-centre placement only (variants ind15, mid15, ind00); identical to the chord-distributed offset",0,AP,A4,largest view mean after review,bias_mm,12,12,0.06140660897,0.1836907084,0.09506769718,0.2241942272,-0.0702973362,0.006896854715,geom_mid15_r2_patient @ anchor 0.25,0.9225764046,0.005970635224,geom_ind00_r2_patient @ anchor 0.03,0.006896854715,-0.9722003196,0.7626407532,0,0.1599356514,False
patient_geometry_reading2,all,"patient-level geometric shape, off-centre placement only (variants ind15, mid15, ind00); identical to the chord-distributed offset",0,AP,A4,largest view mean after review,rmse_mm,12,12,0.06140660897,0.1836907084,0.09506769718,0.2241942272,1.979781683,0.00721606202,geom_mid15_r2_patient @ anchor 0.06,2.182098679,0.008077267148,geom_mid15_r2_patient @ anchor 0.25,0.008077267148,1.906027253,2.50892998,0,0,True
patient_geometry_reading2,all,"patient-level geometric shape, off-centre placement only (variants ind15, mid15, ind00); identical to the chord-distributed offset",0,AP,A4,largest view mean after review,mae_mm,12,12,0.06140660897,0.1836907084,0.09506769718,0.2241942272,1.478028647,0.004165314132,geom_mid15_r2_patient @ anchor 0.06,1.599321732,0.004694408037,geom_mid15_r2_patient @ anchor 0.25,0.004694408037,,,,,
patient_geometry_reading2,all,"patient-level geometric shape, off-centre placement only (variants ind15, mid15, ind00); identical to the chord-distributed offset",0,AP,A4,largest view mean after review,sd_err_mm,12,12,0.06140660897,0.1836907084,0.09506769718,0.2241942272,1.886615158,0.004218620833,geom_ind00_r2_patient @ anchor 0.06,2.180976959,0.004876837122,geom_mid15_r2_patient @ anchor 0.25,0.004876837122,1.864172557,2.312922324,0,0,True
patient_geometry_reading2,all,"patient-level geometric shape, off-centre placement only (variants ind15, mid15, ind00); identical to the chord-distributed offset",0,SL,A1,anchor-view mean,bias_mm,12,12,0.124043653,0.2166723668,0.1731740025,0.244345109,-1.233394657,0.005791084161,geom_ind15_r2_patient @ anchor 0.25,-5.091610478e-05,0.004518063982,geom_ind15_r2_patient @ anchor 0.03,0.005791084161,-1.236776292,0.009007702171,0,0,True
patient_geometry_reading2,all,"patient-level geometric shape, off-centre placement only (variants ind15, mid15, ind00); identical to the chord-distributed offset",0,SL,A1,anchor-view mean,rmse_mm,12,12,0.124043653,0.2166723668,0.1731740025,0.244345109,1.428730137,0.004304265393,geom_ind15_r2_patient @ anchor 0.03,2.207916307,0.006746519721,geom_ind15_r2_patient @ anchor 0.25,0.006746519721,1.42503257,2.217793129,0,0,True
patient_geometry_reading2,all,"patient-level geometric shape, off-centre placement only (variants ind15, mid15, ind00); identical to the chord-distributed offset",0,SL,A1,anchor-view mean,mae_mm,12,12,0.124043653,0.2166723668,0.1731740025,0.244345109,1.101346492,0.002878044461,geom_ind15_r2_patient @ anchor 0.03,1.678744808,0.004535119468,geom_ind15_r2_patient @ anchor 0.25,0.004535119468,,,,,
patient_geometry_reading2,all,"patient-level geometric shape, off-centre placement only (variants ind15, mid15, ind00); identical to the chord-distributed offset",0,SL,A1,anchor-view mean,sd_err_mm,12,12,0.124043653,0.2166723668,0.1731740025,0.244345109,1.42873728,0.003194769654,geom_ind15_r2_patient @ anchor 0.03,1.831301607,0.004094935355,geom_ind15_r2_patient @ anchor 0.25,0.004094935355,1.425011226,1.842299872,0,0,True
patient_geometry_reading2,all,"patient-level geometric shape, off-centre placement only (variants ind15, mid15, ind00); identical to the chord-distributed offset",0,SL,A2,mean across views,bias_mm,12,12,0.124043653,0.2166723668,0.1731740025,0.244345109,-1.22520646,0.005119601882,geom_mid15_r2_patient @ anchor 0.25,-0.3817045401,0.00434980415,geom_ind00_r2_patient @ anchor 0.03,0.005119601882,-2.025949956,-0.1768472898,0,0,True
patient_geometry_reading2,all,"patient-level geometric shape, off-centre placement only (variants ind15, mid15, ind00); identical to the chord-distributed offset",0,SL,A2,mean across views,rmse_mm,12,12,0.124043653,0.2166723668,0.1731740025,0.244345109,1.42750098,0.004198588044,geom_ind00_r2_patient @ anchor 0.03,2.030304658,0.005994981714,geom_mid15_r2_patient @ anchor 0.25,0.005994981714,1.247666501,2.703301227,0,0,True
patient_geometry_reading2,all,"patient-level geometric shape, off-centre placement only (variants ind15, mid15, ind00); identical to the chord-distributed offset",0,SL,A2,mean across views,mae_mm,12,12,0.124043653,0.2166723668,0.1731740025,0.244345109,1.091804187,0.00290814567,geom_ind00_r2_patient @ anchor 0.03,1.553816161,0.004132565084,geom_mid15_r2_patient @ anchor 0.25,0.004132565084,,,,,
patient_geometry_reading2,all,"patient-level geometric shape, off-centre placement only (variants ind15, mid15, ind00); identical to the chord-distributed offset",0,SL,A2,mean across views,sd_err_mm,12,12,0.124043653,0.2166723668,0.1731740025,0.244345109,1.375528849,0.00307579139,geom_ind00_r2_patient @ anchor 0.03,1.618960266,0.003620123308,geom_mid15_r2_patient @ anchor 0.25,0.003620123308,1.232075416,1.789803434,0,0,True
patient_geometry_reading2,all,"patient-level geometric shape, off-centre placement only (variants ind15, mid15, ind00); identical to the chord-distributed offset",0,SL,A3,largest view mean,bias_mm,12,12,0.124043653,0.2166723668,0.1731740025,0.244345109,0.1766047076,0.005085296707,geom_mid15_r2_patient @ anchor 0.25,0.688415799,0.004649252652,geom_ind00_r2_patient @ anchor 0.03,0.005085296707,-0.437901431,0.6850496269,0,0.003366172059,False
patient_geometry_reading2,all,"patient-level geometric shape, off-centre placement only (variants ind15, mid15, ind00); identical to the chord-distributed offset",0,SL,A3,largest view mean,rmse_mm,12,12,0.124043653,0.2166723668,0.1731740025,0.244345109,1.553244169,0.005570035334,geom_mid15_r2_patient @ anchor 0.06,1.623406825,0.005872110105,geom_ind00_r2_patient @ anchor 0.03,0.005872110105,1.446643337,1.709409901,0,0,True
patient_geometry_reading2,all,"patient-level geometric shape, off-centre placement only (variants ind15, mid15, ind00); identical to the chord-distributed offset",0,SL,A3,largest view mean,mae_mm,12,12,0.124043653,0.2166723668,0.1731740025,0.244345109,1.16418231,0.003251549737,geom_mid15_r2_patient @ anchor 0.06,1.212738564,0.00341280902,geom_ind00_r2_patient @ anchor 0.03,0.00341280902,,,,,
patient_geometry_reading2,all,"patient-level geometric shape, off-centre placement only (variants ind15, mid15, ind00); identical to the chord-distributed offset",0,SL,A3,largest view mean,sd_err_mm,12,12,0.124043653,0.2166723668,0.1731740025,0.244345109,1.468235616,0.003283091059,geom_mid15_r2_patient @ anchor 0.03,1.608112017,0.003595865765,geom_mid15_r2_patient @ anchor 0.25,0.003595865765,1.425522315,1.652377635,0,0,True
patient_geometry_reading2,all,"patient-level geometric shape, off-centre placement only (variants ind15, mid15, ind00); identical to the chord-distributed offset",0,SL,A4,largest view mean after review,bias_mm,12,12,0.124043653,0.2166723668,0.1731740025,0.244345109,0.01929726162,0.005019069293,geom_mid15_r2_patient @ anchor 0.25,0.6281848901,0.004447178433,geom_ind00_r2_patient @ anchor 0.03,0.005019069293,-0.5248314744,0.6248478046,0,0.003337085473,False
patient_geometry_reading2,all,"patient-level geometric shape, off-centre placement only (variants ind15, mid15, ind00); identical to the chord-distributed offset",0,SL,A4,largest view mean after review,rmse_mm,12,12,0.124043653,0.2166723668,0.1731740025,0.244345109,1.480889666,0.004776379042,geom_mid15_r2_patient @ anchor 0.06,1.587278441,0.005448314646,geom_mid15_r2_patient @ anchor 0.25,0.005448314646,1.42004453,1.729219088,0,0,True
patient_geometry_reading2,all,"patient-level geometric shape, off-centre placement only (variants ind15, mid15, ind00); identical to the chord-distributed offset",0,SL,A4,largest view mean after review,mae_mm,12,12,0.124043653,0.2166723668,0.1731740025,0.244345109,1.129150216,0.003029955731,geom_mid15_r2_patient @ anchor 0.06,1.191306095,0.003317007144,geom_mid15_r2_patient @ anchor 0.25,0.003317007144,,,,,
patient_geometry_reading2,all,"patient-level geometric shape, off-centre placement only (variants ind15, mid15, ind00); identical to the chord-distributed offset",0,SL,A4,largest view mean after review,sd_err_mm,12,12,0.124043653,0.2166723668,0.1731740025,0.244345109,1.406321301,0.00314464575,geom_ind00_r2_patient @ anchor 0.03,1.58716907,0.003549035677,geom_mid15_r2_patient @ anchor 0.25,0.003549035677,1.375939933,1.647658255,0,0,True
patient_geometry_both_readings,all,"patient-level geometric shape, both readings (24 scenarios)",0,AP,A1,anchor-view mean,bias_mm,24,24,0.06140660897,0.2994910932,0.09506769718,0.2314310666,-1.923075698,0.008176218297,geom_ind15_r1_patient @ anchor 0.25,0.003085165303,0.006002848344,geom_ind15_r1_patient @ anchor 0.03,0.008176218297,-1.92746491,0.01615579299,0,0,True
patient_geometry_both_readings,all,"patient-level geometric shape, both readings (24 scenarios)",0,AP,A1,anchor-view mean,rmse_mm,24,24,0.06140660897,0.2994910932,0.09506769718,0.2314310666,1.898260337,0.006719244452,geom_ind15_r1_patient @ anchor 0.03,3.222298536,0.01014760751,geom_ind15_r1_patient @ anchor 0.25,0.01014760751,1.900583197,3.232934252,0.002322860245,0,False
patient_geometry_both_readings,all,"patient-level geometric shape, both readings (24 scenarios)",0,AP,A1,anchor-view mean,mae_mm,24,24,0.06140660897,0.2994910932,0.09506769718,0.2314310666,1.434267338,0.003932283019,geom_ind15_r1_patient @ anchor 0.03,2.435991123,0.006670232077,geom_ind15_r1_patient @ anchor 0.25,0.006670232077,,,,,
patient_geometry_both_readings,all,"patient-level geometric shape, both readings (24 scenarios)",0,AP,A1,anchor-view mean,sd_err_mm,24,24,0.06140660897,0.2994910932,0.09506769718,0.2314310666,1.898267321,0.004244675994,geom_ind15_r1_patient @ anchor 0.03,2.585547246,0.005781488309,geom_ind15_r1_patient @ anchor 0.25,0.005781488309,1.900586393,2.596147514,0.002319072169,0,False
patient_geometry_both_readings,all,"patient-level geometric shape, both readings (24 scenarios)",0,AP,A2,mean across views,bias_mm,24,24,0.06140660897,0.2994910932,0.09506769718,0.2314310666,-2.537529912,0.007435961804,geom_mid15_r1_patient @ anchor 0.25,-0.1482052588,0.005385467429,geom_ind00_r2_patient @ anchor 0.03,0.007435961804,-3.160932123,-0.2750493415,0,0.1268440827,False
patient_geometry_both_readings,all,"patient-level geometric shape, both readings (24 scenarios)",0,AP,A2,mean across views,rmse_mm,24,24,0.06140660897,0.2994910932,0.09506769718,0.2314310666,1.709462412,0.005414323176,geom_ind00_r2_patient @ anchor 0.03,3.459531118,0.00944865706,geom_mid15_r1_patient @ anchor 0.25,0.00944865706,1.672772226,4.064358104,0,0,True
patient_geometry_both_readings,all,"patient-level geometric shape, both readings (24 scenarios)",0,AP,A2,mean across views,mae_mm,24,24,0.06140660897,0.2994910932,0.09506769718,0.2314310666,1.294800073,0.003529542417,geom_ind00_r2_patient @ anchor 0.03,2.728139777,0.006727298247,geom_mid15_r1_patient @ anchor 0.25,0.006727298247,,,,,
patient_geometry_both_readings,all,"patient-level geometric shape, both readings (24 scenarios)",0,AP,A2,mean across views,sd_err_mm,24,24,0.06140660897,0.2994910932,0.09506769718,0.2314310666,1.703034334,0.003808119579,geom_ind00_r2_patient @ anchor 0.03,2.35145759,0.005258045307,geom_mid15_r1_patient @ anchor 0.25,0.005258045307,1.643211904,2.554912951,0,0,True
patient_geometry_both_readings,all,"patient-level geometric shape, both readings (24 scenarios)",0,AP,A3,largest view mean,bias_mm,24,24,0.06140660897,0.2994910932,0.09506769718,0.2314310666,-0.8355910623,0.006943799887,geom_ind00_r1_patient @ anchor 0.25,1.102276375,0.006403849329,geom_ind00_r2_patient @ anchor 0.03,0.007096978198,-0.7675215473,0.919777008,0.06806951499,0.182499367,False
patient_geometry_both_readings,all,"patient-level geometric shape, both readings (24 scenarios)",0,AP,A3,largest view mean,rmse_mm,24,24,0.06140660897,0.2994910932,0.09506769718,0.2314310666,1.927526519,0.007079380765,geom_ind00_r1_patient @ anchor 0.06,2.349425439,0.007582415113,geom_ind00_r1_patient @ anchor 0.25,0.00909039973,1.961960353,2.438468169,0.03443383436,0,False
patient_geometry_both_readings,all,"patient-level geometric shape, both readings (24 scenarios)",0,AP,A3,largest view mean,mae_mm,24,24,0.06140660897,0.2994910932,0.09506769718,0.2314310666,1.440863452,0.004087116507,geom_ind00_r1_patient @ anchor 0.03,1.766930786,0.00489671264,geom_ind00_r1_patient @ anchor 0.25,0.004996164639,,,,,
patient_geometry_both_readings,all,"patient-level geometric shape, both readings (24 scenarios)",0,AP,A3,largest view mean,sd_err_mm,24,24,0.06140660897,0.2994910932,0.09506769718,0.2314310666,1.919040096,0.004291125561,geom_ind00_r1_patient @ anchor 0.03,2.244261561,0.005018346502,geom_mid15_r1_patient @ anchor 0.25,0.005018346502,1.95011314,2.314539102,0.0310730438,0,False
patient_geometry_both_readings,all,"patient-level geometric shape, both readings (24 scenarios)",0,AP,A4,largest view mean after review,bias_mm,24,24,0.06140660897,0.2994910932,0.09506769718,0.2314310666,-1.004989729,0.006871471669,geom_ind00_r1_patient @ anchor 0.25,0.9225764046,0.005970635224,geom_ind00_r2_patient @ anchor 0.03,0.007052389938,-0.9722003196,0.7626407532,0.03278940942,0.1599356514,False
patient_geometry_both_readings,all,"patient-level geometric shape, both readings (24 scenarios)",0,AP,A4,largest view mean after review,rmse_mm,24,24,0.06140660897,0.2994910932,0.09506769718,0.2314310666,1.884580248,0.006636786428,geom_ind00_r1_patient @ anchor 0.06,2.394090522,0.007799980588,geom_ind00_r1_patient @ anchor 0.25,0.008283104907,1.906027253,2.50892998,0.02144700541,0,False
patient_geometry_both_readings,all,"patient-level geometric shape, both readings (24 scenarios)",0,AP,A4,largest view mean after review,mae_mm,24,24,0.06140660897,0.2994910932,0.09506769718,0.2314310666,1.419410699,0.003957950249,geom_ind00_r1_patient @ anchor 0.03,1.795441109,0.005008079204,geom_ind00_r1_patient @ anchor 0.25,0.005008079204,,,,,
patient_geometry_both_readings,all,"patient-level geometric shape, both readings (24 scenarios)",0,AP,A4,largest view mean after review,sd_err_mm,24,24,0.06140660897,0.2994910932,0.09506769718,0.2314310666,1.880944991,0.004205941892,geom_ind00_r1_patient @ anchor 0.03,2.230161515,0.004986817683,geom_mid15_r1_patient @ anchor 0.25,0.004986817683,1.864172557,2.312922324,0,0,True
patient_geometry_both_readings,all,"patient-level geometric shape, both readings (24 scenarios)",0,SL,A1,anchor-view mean,bias_mm,24,24,0.01937368944,0.2166723668,0.1731740025,0.3650639583,-1.233394657,0.005791084161,geom_ind15_r1_patient @ anchor 0.25,-5.091610478e-05,0.004518063982,geom_ind15_r1_patient @ anchor 0.03,0.005791084161,-1.236776292,0.009007702171,0,0,True
patient_geometry_both_readings,all,"patient-level geometric shape, both readings (24 scenarios)",0,SL,A1,anchor-view mean,rmse_mm,24,24,0.01937368944,0.2166723668,0.1731740025,0.3650639583,1.428730137,0.004304265393,geom_ind15_r1_patient @ anchor 0.03,2.207916307,0.006746519721,geom_ind15_r1_patient @ anchor 0.25,0.006746519721,1.42503257,2.217793129,0,0,True
patient_geometry_both_readings,all,"patient-level geometric shape, both readings (24 scenarios)",0,SL,A1,anchor-view mean,mae_mm,24,24,0.01937368944,0.2166723668,0.1731740025,0.3650639583,1.101346492,0.002878044461,geom_ind15_r1_patient @ anchor 0.03,1.678744808,0.004535119468,geom_ind15_r1_patient @ anchor 0.25,0.004535119468,,,,,
patient_geometry_both_readings,all,"patient-level geometric shape, both readings (24 scenarios)",0,SL,A1,anchor-view mean,sd_err_mm,24,24,0.01937368944,0.2166723668,0.1731740025,0.3650639583,1.42873728,0.003194769654,geom_ind15_r1_patient @ anchor 0.03,1.831301607,0.004094935355,geom_ind15_r1_patient @ anchor 0.25,0.004094935355,1.425011226,1.842299872,0,0,True
patient_geometry_both_readings,all,"patient-level geometric shape, both readings (24 scenarios)",0,SL,A2,mean across views,bias_mm,24,24,0.01937368944,0.2166723668,0.1731740025,0.3650639583,-1.22520646,0.005119601882,geom_mid15_r2_patient @ anchor 0.25,0.1143989448,0.005902088376,geom_mid15_r1_patient @ anchor 0.03,0.006025031639,-2.025949956,-0.1768472898,0,0.2912462346,False
patient_geometry_both_readings,all,"patient-level geometric shape, both readings (24 scenarios)",0,SL,A2,mean across views,rmse_mm,24,24,0.01937368944,0.2166723668,0.1731740025,0.3650639583,1.42750098,0.004198588044,geom_ind00_r2_patient @ anchor 0.03,2.030304658,0.005994981714,geom_mid15_r2_patient @ anchor 0.25,0.007141891109,1.247666501,2.703301227,0,0,True
patient_geometry_both_readings,all,"patient-level geometric shape, both readings (24 scenarios)",0,SL,A2,mean across views,mae_mm,24,24,0.01937368944,0.2166723668,0.1731740025,0.3650639583,1.091804187,0.00290814567,geom_ind00_r2_patient @ anchor 0.03,1.553816161,0.004132565084,geom_mid15_r2_patient @ anchor 0.25,0.004132565084,,,,,
patient_geometry_both_readings,all,"patient-level geometric shape, both readings (24 scenarios)",0,SL,A2,mean across views,sd_err_mm,24,24,0.01937368944,0.2166723668,0.1731740025,0.3650639583,1.375528849,0.00307579139,geom_ind00_r2_patient @ anchor 0.03,1.905282295,0.004260362031,geom_mid15_r1_patient @ anchor 0.25,0.004260362031,1.232075416,1.789803434,0,0.1154788612,False
patient_geometry_both_readings,all,"patient-level geometric shape, both readings (24 scenarios)",0,SL,A3,largest view mean,bias_mm,24,24,0.01937368944,0.2166723668,0.1731740025,0.3650639583,0.1766047076,0.005085296707,geom_mid15_r2_patient @ anchor 0.25,1.950712337,0.00834288863,geom_mid15_r1_patient @ anchor 0.03,0.008789452696,-0.437901431,0.6850496269,0,1.26566271,False
patient_geometry_both_readings,all,"patient-level geometric shape, both readings (24 scenarios)",0,SL,A3,largest view mean,rmse_mm,24,24,0.01937368944,0.2166723668,0.1731740025,0.3650639583,1.553244169,0.005570035334,geom_mid15_r2_patient @ anchor 0.06,3.296390772,0.01976739741,geom_mid15_r1_patient @ anchor 0.25,0.0198795421,1.446643337,1.709409901,0,1.586980871,False
patient_geometry_both_readings,all,"patient-level geometric shape, both readings (24 scenarios)",0,SL,A3,largest view mean,mae_mm,24,24,0.01937368944,0.2166723668,0.1731740025,0.3650639583,1.16418231,0.003251549737,geom_mid15_r2_patient @ anchor 0.06,2.261672135,0.007583593338,geom_mid15_r1_patient @ anchor 0.25,0.007583593338,,,,,
patient_geometry_both_readings,all,"patient-level geometric shape, both readings (24 scenarios)",0,SL,A3,largest view mean,sd_err_mm,24,24,0.01937368944,0.2166723668,0.1731740025,0.3650639583,1.468235616,0.003283091059,geom_mid15_r2_patient @ anchor 0.03,2.779468991,0.00621511268,geom_mid15_r1_patient @ anchor 0.25,0.00621511268,1.425522315,1.652377635,0,1.127091356,False
patient_geometry_both_readings,all,"patient-level geometric shape, both readings (24 scenarios)",0,SL,A4,largest view mean after review,bias_mm,24,24,0.01937368944,0.2166723668,0.1731740025,0.3650639583,0.01929726162,0.005019069293,geom_mid15_r2_patient @ anchor 0.25,1.675976927,0.007665036824,geom_mid15_r1_patient @ anchor 0.03,0.008369544552,-0.5248314744,0.6248478046,0,1.051129122,False
patient_geometry_both_readings,all,"patient-level geometric shape, both readings (24 scenarios)",0,SL,A4,largest view mean after review,rmse_mm,24,24,0.01937368944,0.2166723668,0.1731740025,0.3650639583,1.480889666,0.004776379042,geom_mid15_r2_patient @ anchor 0.06,2.968802547,0.02016081353,geom_mid15_r1_patient @ anchor 0.25,0.0203704287,1.42004453,1.729219088,0,1.239583459,False
patient_geometry_both_readings,all,"patient-level geometric shape, both readings (24 scenarios)",0,SL,A4,largest view mean after review,mae_mm,24,24,0.01937368944,0.2166723668,0.1731740025,0.3650639583,1.129150216,0.003029955731,geom_mid15_r2_patient @ anchor 0.06,2.034963173,0.006835759047,geom_mid15_r1_patient @ anchor 0.25,0.006835759047,,,,,
patient_geometry_both_readings,all,"patient-level geometric shape, both readings (24 scenarios)",0,SL,A4,largest view mean after review,sd_err_mm,24,24,0.01937368944,0.2166723668,0.1731740025,0.3650639583,1.406321301,0.00314464575,geom_ind00_r2_patient @ anchor 0.03,2.646682376,0.005918191299,geom_mid15_r1_patient @ anchor 0.25,0.005918191299,1.375939933,1.647658255,0,0.9990241208,False
all_calibrated_primary,all,half-normal and patient-level geometric shapes at all calibrated values (60 scenarios),0,AP,A1,anchor-view mean,bias_mm,60,60,0.06140660897,0.2994910932,0.04656526234,0.2314310666,-1.923075698,0.008176218297,geom_ind15_r1_halfnormal @ anchor 0.25,0.003085165303,0.006002848344,geom_ind15_r1_halfnormal @ anchor 0.03,0.008176218297,-1.92746491,0.01615579299,0,0,True
all_calibrated_primary,all,half-normal and patient-level geometric shapes at all calibrated values (60 scenarios),0,AP,A1,anchor-view mean,rmse_mm,60,60,0.06140660897,0.2994910932,0.04656526234,0.2314310666,1.898260337,0.006719244452,geom_ind15_r1_halfnormal @ anchor 0.03,3.222298536,0.01014760751,geom_ind15_r1_halfnormal @ anchor 0.25,0.01014760751,1.900583197,3.232934252,0.002322860245,0,False
all_calibrated_primary,all,half-normal and patient-level geometric shapes at all calibrated values (60 scenarios),0,AP,A1,anchor-view mean,mae_mm,60,60,0.06140660897,0.2994910932,0.04656526234,0.2314310666,1.434267338,0.003932283019,geom_ind15_r1_halfnormal @ anchor 0.03,2.435991123,0.006670232077,geom_ind15_r1_halfnormal @ anchor 0.25,0.006670232077,,,,,
all_calibrated_primary,all,half-normal and patient-level geometric shapes at all calibrated values (60 scenarios),0,AP,A1,anchor-view mean,sd_err_mm,60,60,0.06140660897,0.2994910932,0.04656526234,0.2314310666,1.898267321,0.004244675994,geom_ind15_r1_halfnormal @ anchor 0.03,2.585547246,0.005781488309,geom_ind15_r1_halfnormal @ anchor 0.25,0.005781488309,1.900586393,2.596147514,0.002319072169,0,False
all_calibrated_primary,all,half-normal and patient-level geometric shapes at all calibrated values (60 scenarios),0,AP,A2,mean across views,bias_mm,60,60,0.06140660897,0.2994910932,0.04656526234,0.2314310666,-2.537529912,0.007435961804,geom_mid15_r1_patient @ anchor 0.25,-0.1482052588,0.005385467429,geom_ind00_r2_patient @ anchor 0.03,0.007435961804,-3.160932123,-0.2750493415,0,0.1268440827,False
all_calibrated_primary,all,half-normal and patient-level geometric shapes at all calibrated values (60 scenarios),0,AP,A2,mean across views,rmse_mm,60,60,0.06140660897,0.2994910932,0.04656526234,0.2314310666,1.635192844,0.005015059159,geom_ind00_r2_halfnormal @ anchor 0.03,3.459531118,0.00944865706,geom_mid15_r1_patient @ anchor 0.25,0.00944865706,1.672772226,4.064358104,0.03757938201,0,False
all_calibrated_primary,all,half-normal and patient-level geometric shapes at all calibrated values (60 scenarios),0,AP,A2,mean across views,mae_mm,60,60,0.06140660897,0.2994910932,0.04656526234,0.2314310666,1.246881436,0.003345375183,geom_ind00_r2_halfnormal @ anchor 0.03,2.728139777,0.006727298247,geom_mid15_r1_patient @ anchor 0.25,0.006727298247,,,,,
all_calibrated_primary,all,half-normal and patient-level geometric shapes at all calibrated values (60 scenarios),0,AP,A2,mean across views,sd_err_mm,60,60,0.06140660897,0.2994910932,0.04656526234,0.2314310666,1.627946504,0.003640217248,geom_ind00_r2_halfnormal @ anchor 0.06,2.35145759,0.005258045307,geom_mid15_r1_patient @ anchor 0.25,0.005258045307,1.643211904,2.554912951,0.01526540039,0,False
all_calibrated_primary,all,half-normal and patient-level geometric shapes at all calibrated values (60 scenarios),0,AP,A3,largest view mean,bias_mm,60,60,0.06140660897,0.2994910932,0.04656526234,0.2314310666,-0.8355910623,0.006943799887,geom_ind00_r1_patient @ anchor 0.25,1.102276375,0.006403849329,geom_ind00_r2_patient @ anchor 0.03,0.007096978198,-0.7675215473,0.919777008,0.06806951499,0.182499367,False
all_calibrated_primary,all,half-normal and patient-level geometric shapes at all calibrated values (60 scenarios),0,AP,A3,largest view mean,rmse_mm,60,60,0.06140660897,0.2994910932,0.04656526234,0.2314310666,1.927526519,0.007079380765,geom_ind00_r1_patient @ anchor 0.06,2.349425439,0.007582415113,geom_ind00_r1_patient @ anchor 0.25,0.00909039973,1.961960353,2.438468169,0.03443383436,0,False
all_calibrated_primary,all,half-normal and patient-level geometric shapes at all calibrated values (60 scenarios),0,AP,A3,largest view mean,mae_mm,60,60,0.06140660897,0.2994910932,0.04656526234,0.2314310666,1.440863452,0.004087116507,geom_ind00_r1_patient @ anchor 0.03,1.766930786,0.00489671264,geom_ind00_r1_patient @ anchor 0.25,0.004996164639,,,,,
all_calibrated_primary,all,half-normal and patient-level geometric shapes at all calibrated values (60 scenarios),0,AP,A3,largest view mean,sd_err_mm,60,60,0.06140660897,0.2994910932,0.04656526234,0.2314310666,1.919040096,0.004291125561,geom_ind00_r1_patient @ anchor 0.03,2.244261561,0.005018346502,geom_mid15_r1_patient @ anchor 0.25,0.005018346502,1.95011314,2.314539102,0.0310730438,0,False
all_calibrated_primary,all,half-normal and patient-level geometric shapes at all calibrated values (60 scenarios),0,AP,A4,largest view mean after review,bias_mm,60,60,0.06140660897,0.2994910932,0.04656526234,0.2314310666,-1.004989729,0.006871471669,geom_ind00_r1_patient @ anchor 0.25,0.9225764046,0.005970635224,geom_ind00_r2_patient @ anchor 0.03,0.007052389938,-0.9722003196,0.7626407532,0.03278940942,0.1599356514,False
all_calibrated_primary,all,half-normal and patient-level geometric shapes at all calibrated values (60 scenarios),0,AP,A4,largest view mean after review,rmse_mm,60,60,0.06140660897,0.2994910932,0.04656526234,0.2314310666,1.884580248,0.006636786428,geom_ind00_r1_patient @ anchor 0.06,2.394090522,0.007799980588,geom_ind00_r1_patient @ anchor 0.25,0.008283104907,1.906027253,2.50892998,0.02144700541,0,False
all_calibrated_primary,all,half-normal and patient-level geometric shapes at all calibrated values (60 scenarios),0,AP,A4,largest view mean after review,mae_mm,60,60,0.06140660897,0.2994910932,0.04656526234,0.2314310666,1.419410699,0.003957950249,geom_ind00_r1_patient @ anchor 0.03,1.795441109,0.005008079204,geom_ind00_r1_patient @ anchor 0.25,0.005008079204,,,,,
all_calibrated_primary,all,half-normal and patient-level geometric shapes at all calibrated values (60 scenarios),0,AP,A4,largest view mean after review,sd_err_mm,60,60,0.06140660897,0.2994910932,0.04656526234,0.2314310666,1.858738011,0.004156285327,geom_ind00_r2_halfnormal @ anchor 0.06,2.230161515,0.004986817683,geom_mid15_r1_patient @ anchor 0.25,0.004986817683,1.864172557,2.312922324,0.005434545662,0,False
all_calibrated_primary,all,half-normal and patient-level geometric shapes at all calibrated values (60 scenarios),0,SL,A1,anchor-view mean,bias_mm,60,60,0.01463385628,0.2854722795,0.01104141218,0.3650639583,-1.233394657,0.005791084161,geom_ind15_r1_halfnormal @ anchor 0.25,-5.091610478e-05,0.004518063982,geom_ind15_r1_halfnormal @ anchor 0.03,0.005791084161,-1.236776292,0.009007702171,0,0,True
all_calibrated_primary,all,half-normal and patient-level geometric shapes at all calibrated values (60 scenarios),0,SL,A1,anchor-view mean,rmse_mm,60,60,0.01463385628,0.2854722795,0.01104141218,0.3650639583,1.428730137,0.004304265393,geom_ind15_r1_halfnormal @ anchor 0.03,2.207916307,0.006746519721,geom_ind15_r1_halfnormal @ anchor 0.25,0.006746519721,1.42503257,2.217793129,0,0,True
all_calibrated_primary,all,half-normal and patient-level geometric shapes at all calibrated values (60 scenarios),0,SL,A1,anchor-view mean,mae_mm,60,60,0.01463385628,0.2854722795,0.01104141218,0.3650639583,1.101346492,0.002878044461,geom_ind15_r1_halfnormal @ anchor 0.03,1.678744808,0.004535119468,geom_ind15_r1_halfnormal @ anchor 0.25,0.004535119468,,,,,
all_calibrated_primary,all,half-normal and patient-level geometric shapes at all calibrated values (60 scenarios),0,SL,A1,anchor-view mean,sd_err_mm,60,60,0.01463385628,0.2854722795,0.01104141218,0.3650639583,1.42873728,0.003194769654,geom_ind15_r1_halfnormal @ anchor 0.03,1.831301607,0.004094935355,geom_ind15_r1_halfnormal @ anchor 0.25,0.004094935355,1.425011226,1.842299872,0,0,True
all_calibrated_primary,all,half-normal and patient-level geometric shapes at all calibrated values (60 scenarios),0,SL,A2,mean across views,bias_mm,60,60,0.01463385628,0.2854722795,0.01104141218,0.3650639583,-1.549638491,0.005033340324,lib_biplane_mBC @ anchor 0.25,0.1282746675,0.003914924797,geom_mid15_r1_halfnormal @ anchor 0.03,0.006025031639,-2.025949956,-0.1768472898,0,0.3051219573,False
all_calibrated_primary,all,half-normal and patient-level geometric shapes at all calibrated values (60 scenarios),0,SL,A2,mean across views,rmse_mm,60,60,0.01463385628,0.2854722795,0.01104141218,0.3650639583,1.231301826,0.003488742058,geom_ind00_r1_halfnormal @ anchor 0.06,2.221442234,0.006025236413,lib_biplane_mBC @ anchor 0.25,0.007141891109,1.247666501,2.703301227,0.01636467459,0,False
all_calibrated_primary,all,half-normal and patient-level geometric shapes at all calibrated values (60 scenarios),0,SL,A2,mean across views,mae_mm,60,60,0.01463385628,0.2854722795,0.01104141218,0.3650639583,0.9514119867,0.002471690771,geom_ind00_r1_halfnormal @ anchor 0.06,1.743179425,0.004354480515,lib_biplane_mBC @ anchor 0.25,0.004354480515,,,,,
all_calibrated_primary,all,half-normal and patient-level geometric shapes at all calibrated values (60 scenarios),0,SL,A2,mean across views,sd_err_mm,60,60,0.01463385628,0.2854722795,0.01104141218,0.3650639583,1.231260968,0.002753196989,geom_ind00_r1_halfnormal @ anchor 0.06,1.905282295,0.004260362031,geom_mid15_r1_patient @ anchor 0.25,0.004260362031,1.232075416,1.789803434,0.0008144480697,0.1154788612,False
all_calibrated_primary,all,half-normal and patient-level geometric shapes at all calibrated values (60 scenarios),0,SL,A3,largest view mean,bias_mm,60,60,0.01463385628,0.2854722795,0.01104141218,0.3650639583,-0.2335168427,0.005025565857,lib_biplane_mBC @ anchor 0.25,1.950712337,0.00834288863,geom_mid15_r1_patient @ anchor 0.03,0.008789452696,-0.437901431,0.6850496269,0,1.26566271,False
all_calibrated_primary,all,half-normal and patient-level geometric shapes at all calibrated values (60 scenarios),0,SL,A3,largest view mean,rmse_mm,60,60,0.01463385628,0.2854722795,0.01104141218,0.3650639583,1.459988819,0.004982406926,lib_biplane_mBC @ anchor 0.06,3.296390772,0.01976739741,geom_mid15_r1_patient @ anchor 0.25,0.0198795421,1.446643337,1.709409901,0,1.586980871,False
all_calibrated_primary,all,half-normal and patient-level geometric shapes at all calibrated values (60 scenarios),0,SL,A3,largest view mean,mae_mm,60,60,0.01463385628,0.2854722795,0.01104141218,0.3650639583,1.10583273,0.003014482393,lib_biplane_mBC @ anchor 0.06,2.261672135,0.007583593338,geom_mid15_r1_patient @ anchor 0.25,0.007583593338,,,,,
all_calibrated_primary,all,half-normal and patient-level geometric shapes at all calibrated values (60 scenarios),0,SL,A3,largest view mean,sd_err_mm,60,60,0.01463385628,0.2854722795,0.01104141218,0.3650639583,1.437377845,0.003214090642,lib_biplane_mBC @ anchor 0.03,2.779468991,0.00621511268,geom_mid15_r1_patient @ anchor 0.25,0.00621511268,1.425522315,1.652377635,0,1.127091356,False
all_calibrated_primary,all,half-normal and patient-level geometric shapes at all calibrated values (60 scenarios),0,SL,A4,largest view mean after review,bias_mm,60,60,0.01463385628,0.2854722795,0.01104141218,0.3650639583,-0.3398409848,0.004984853267,lib_biplane_mBC @ anchor 0.25,1.675976927,0.007665036824,geom_mid15_r1_patient @ anchor 0.03,0.008369544552,-0.5248314744,0.6248478046,0,1.051129122,False
all_calibrated_primary,all,half-normal and patient-level geometric shapes at all calibrated values (60 scenarios),0,SL,A4,largest view mean after review,rmse_mm,60,60,0.01463385628,0.2854722795,0.01104141218,0.3650639583,1.422744032,0.004492821734,lib_biplane_mBC @ anchor 0.06,2.968802547,0.02016081353,geom_mid15_r1_patient @ anchor 0.25,0.0203704287,1.42004453,1.729219088,0,1.239583459,False
all_calibrated_primary,all,half-normal and patient-level geometric shapes at all calibrated values (60 scenarios),0,SL,A4,largest view mean after review,mae_mm,60,60,0.01463385628,0.2854722795,0.01104141218,0.3650639583,1.088811942,0.002896027493,lib_biplane_mBC @ anchor 0.06,2.034963173,0.006835759047,geom_mid15_r1_patient @ anchor 0.25,0.006835759047,,,,,
all_calibrated_primary,all,half-normal and patient-level geometric shapes at all calibrated values (60 scenarios),0,SL,A4,largest view mean after review,sd_err_mm,60,60,0.01463385628,0.2854722795,0.01104141218,0.3650639583,1.385020219,0.003097014845,geom_ind00_r1_halfnormal @ anchor 0.06,2.646682376,0.005918191299,geom_mid15_r1_patient @ anchor 0.25,0.005918191299,1.375939933,1.647658255,0,0.9990241208,False
constant_rotation_chord_reading1,all,constant rotation plus chord-distributed offset (between-patient SD about half the calibrated one; not a calibrated shape),0,AP,A1,anchor-view mean,bias_mm,12,12,0.293110543,0.3000216273,0.07159900494,0.1922446699,-1.923075698,0.008176218297,geom_ind15_r1_chord @ anchor 0.25,0.003085165303,0.006002848344,geom_ind15_r1_chord @ anchor 0.03,0.008176218297,-1.92746491,0.01615579299,0,0,True
constant_rotation_chord_reading1,all,constant rotation plus chord-distributed offset (between-patient SD about half the calibrated one; not a calibrated shape),0,AP,A1,anchor-view mean,rmse_mm,12,12,0.293110543,0.3000216273,0.07159900494,0.1922446699,1.898260337,0.006719244452,geom_ind15_r1_chord @ anchor 0.03,3.222298536,0.01014760751,geom_ind15_r1_chord @ anchor 0.25,0.01014760751,1.900583197,3.232934252,0.002322860245,0,False
constant_rotation_chord_reading1,all,constant rotation plus chord-distributed offset (between-patient SD about half the calibrated one; not a calibrated shape),0,AP,A1,anchor-view mean,mae_mm,12,12,0.293110543,0.3000216273,0.07159900494,0.1922446699,1.434267338,0.003932283019,geom_ind15_r1_chord @ anchor 0.03,2.435991123,0.006670232077,geom_ind15_r1_chord @ anchor 0.25,0.006670232077,,,,,
constant_rotation_chord_reading1,all,constant rotation plus chord-distributed offset (between-patient SD about half the calibrated one; not a calibrated shape),0,AP,A1,anchor-view mean,sd_err_mm,12,12,0.293110543,0.3000216273,0.07159900494,0.1922446699,1.898267321,0.004244675994,geom_ind15_r1_chord @ anchor 0.03,2.585547246,0.005781488309,geom_ind15_r1_chord @ anchor 0.25,0.005781488309,1.900586393,2.596147514,0.002319072169,0,False
constant_rotation_chord_reading1,all,constant rotation plus chord-distributed offset (between-patient SD about half the calibrated one; not a calibrated shape),0,AP,A2,mean across views,bias_mm,12,12,0.293110543,0.3000216273,0.07159900494,0.1922446699,-2.539248725,0.006924169301,geom_mid15_r1_chord @ anchor 0.25,-1.846340125,0.00534432182,geom_ind00_r1_chord @ anchor 0.03,0.006924169301,-3.160932123,-0.2750493415,0,0,True
constant_rotation_chord_reading1,all,constant rotation plus chord-distributed offset (between-patient SD about half the calibrated one; not a calibrated shape),0,AP,A2,mean across views,rmse_mm,12,12,0.293110543,0.3000216273,0.07159900494,0.1922446699,2.503022347,0.006119268213,geom_ind00_r1_chord @ anchor 0.03,3.352931283,0.008935844537,geom_mid15_r1_chord @ anchor 0.25,0.008935844537,1.672772226,4.064358104,0,0,True
constant_rotation_chord_reading1,all,constant rotation plus chord-distributed offset (between-patient SD about half the calibrated one; not a calibrated shape),0,AP,A2,mean across views,mae_mm,12,12,0.293110543,0.3000216273,0.07159900494,0.1922446699,2.016998683,0.004687066405,geom_ind00_r1_chord @ anchor 0.03,2.675493293,0.006390559183,geom_mid15_r1_chord @ anchor 0.25,0.006390559183,,,,,
constant_rotation_chord_reading1,all,constant rotation plus chord-distributed offset (between-patient SD about half the calibrated one; not a calibrated shape),0,AP,A2,mean across views,sd_err_mm,12,12,0.293110543,0.3000216273,0.07159900494,0.1922446699,1.69002295,0.003779025095,geom_ind00_r1_chord @ anchor 0.03,2.189614589,0.004896151547,geom_mid15_r1_chord @ anchor 0.25,0.004896151547,1.643211904,2.554912951,0,0,True
constant_rotation_chord_reading1,all,constant rotation plus chord-distributed offset (between-patient SD about half the calibrated one; not a calibrated shape),0,AP,A3,largest view mean,bias_mm,12,12,0.293110543,0.3000216273,0.07159900494,0.1922446699,-1.055697257,0.006432633422,geom_ind00_r1_chord @ anchor 0.25,0.2502473454,0.005992781671,geom_mid15_r1_chord @ anchor 0.03,0.006550411033,-0.7675215473,0.919777008,0.2881757097,0,False
constant_rotation_chord_reading1,all,constant rotation plus chord-distributed offset (between-patient SD about half the calibrated one; not a calibrated shape),0,AP,A3,largest view mean,rmse_mm,12,12,0.293110543,0.3000216273,0.07159900494,0.1922446699,1.894535301,0.006699254421,geom_ind15_r1_chord @ anchor 0.06,2.291796805,0.006682814874,geom_ind00_r1_chord @ anchor 0.25,0.00737777896,1.961960353,2.438468169,0.06742505236,0,False
constant_rotation_chord_reading1,all,constant rotation plus chord-distributed offset (between-patient SD about half the calibrated one; not a calibrated shape),0,AP,A3,largest view mean,mae_mm,12,12,0.293110543,0.3000216273,0.07159900494,0.1922446699,1.41941581,0.00397604791,geom_mid15_r1_chord @ anchor 0.06,1.765133534,0.004622399341,geom_ind00_r1_chord @ anchor 0.25,0.004622399341,,,,,
constant_rotation_chord_reading1,all,constant rotation plus chord-distributed offset (between-patient SD about half the calibrated one; not a calibrated shape),0,AP,A3,largest view mean,sd_err_mm,12,12,0.293110543,0.3000216273,0.07159900494,0.1922446699,1.892088755,0.00423086023,geom_ind15_r1_chord @ anchor 0.03,2.071421847,0.00463186322,geom_mid15_r1_chord @ anchor 0.25,0.00463186322,1.95011314,2.314539102,0.0580243848,0,False
constant_rotation_chord_reading1,all,constant rotation plus chord-distributed offset (between-patient SD about half the calibrated one; not a calibrated shape),0,AP,A4,largest view mean after review,bias_mm,12,12,0.293110543,0.3000216273,0.07159900494,0.1922446699,-1.191944893,0.006516828381,geom_ind00_r1_chord @ anchor 0.25,0.2071563091,0.005890464998,geom_mid15_r1_chord @ anchor 0.03,0.006616951786,-0.9722003196,0.7626407532,0.2197445734,0,False
constant_rotation_chord_reading1,all,constant rotation plus chord-distributed offset (between-patient SD about half the calibrated one; not a calibrated shape),0,AP,A4,largest view mean after review,rmse_mm,12,12,0.293110543,0.3000216273,0.07159900494,0.1922446699,1.858225622,0.006600484269,geom_mid15_r1_chord @ anchor 0.06,2.380671203,0.007174269682,geom_ind00_r1_chord @ anchor 0.25,0.007872101971,1.906027253,2.50892998,0.04780163141,0,False
constant_rotation_chord_reading1,all,constant rotation plus chord-distributed offset (between-patient SD about half the calibrated one; not a calibrated shape),0,AP,A4,largest view mean after review,mae_mm,12,12,0.293110543,0.3000216273,0.07159900494,0.1922446699,1.400922463,0.003860613445,geom_mid15_r1_chord @ anchor 0.06,1.82338894,0.004840321864,geom_ind00_r1_chord @ anchor 0.25,0.004840321864,,,,,
constant_rotation_chord_reading1,all,constant rotation plus chord-distributed offset (between-patient SD about half the calibrated one; not a calibrated shape),0,AP,A4,largest view mean after review,sd_err_mm,12,12,0.293110543,0.3000216273,0.07159900494,0.1922446699,1.858234863,0.004155160248,geom_mid15_r1_chord @ anchor 0.06,2.092463881,0.004678914873,geom_mid15_r1_chord @ anchor 0.25,0.004678914873,1.864172557,2.312922324,0.005937693662,0,False
constant_rotation_chord_reading1,all,constant rotation plus chord-distributed offset (between-patient SD about half the calibrated one; not a calibrated shape),0,SL,A1,anchor-view mean,bias_mm,12,12,0.01675427373,0.02898382128,0.1919670526,0.3067059988,-1.233394657,0.005791084161,geom_ind15_r1_chord @ anchor 0.25,-5.091610478e-05,0.004518063982,geom_ind15_r1_chord @ anchor 0.03,0.005791084161,-1.236776292,0.009007702171,0,0,True
constant_rotation_chord_reading1,all,constant rotation plus chord-distributed offset (between-patient SD about half the calibrated one; not a calibrated shape),0,SL,A1,anchor-view mean,rmse_mm,12,12,0.01675427373,0.02898382128,0.1919670526,0.3067059988,1.428730137,0.004304265393,geom_ind15_r1_chord @ anchor 0.03,2.207916307,0.006746519721,geom_ind15_r1_chord @ anchor 0.25,0.006746519721,1.42503257,2.217793129,0,0,True
constant_rotation_chord_reading1,all,constant rotation plus chord-distributed offset (between-patient SD about half the calibrated one; not a calibrated shape),0,SL,A1,anchor-view mean,mae_mm,12,12,0.01675427373,0.02898382128,0.1919670526,0.3067059988,1.101346492,0.002878044461,geom_ind15_r1_chord @ anchor 0.03,1.678744808,0.004535119468,geom_ind15_r1_chord @ anchor 0.25,0.004535119468,,,,,
constant_rotation_chord_reading1,all,constant rotation plus chord-distributed offset (between-patient SD about half the calibrated one; not a calibrated shape),0,SL,A1,anchor-view mean,sd_err_mm,12,12,0.01675427373,0.02898382128,0.1919670526,0.3067059988,1.42873728,0.003194769654,geom_ind15_r1_chord @ anchor 0.03,1.831301607,0.004094935355,geom_ind15_r1_chord @ anchor 0.25,0.004094935355,1.425011226,1.842299872,0,0,True
constant_rotation_chord_reading1,all,constant rotation plus chord-distributed offset (between-patient SD about half the calibrated one; not a calibrated shape),0,SL,A2,mean across views,bias_mm,12,12,0.01675427373,0.02898382128,0.1919670526,0.3067059988,-0.3461381328,0.004680968431,geom_ind00_r1_chord @ anchor 0.25,0.1260448449,0.005371671236,geom_mid15_r1_chord @ anchor 0.03,0.00550283409,-2.025949956,-0.1768472898,0,0.3028921347,False
constant_rotation_chord_reading1,all,constant rotation plus chord-distributed offset (between-patient SD about half the calibrated one; not a calibrated shape),0,SL,A2,mean across views,rmse_mm,12,12,0.01675427373,0.02898382128,0.1919670526,0.3067059988,1.434658046,0.004350721957,geom_ind00_r1_chord @ anchor 0.06,1.763335696,0.005531219997,geom_mid15_r1_chord @ anchor 0.25,0.005531219997,1.247666501,2.703301227,0,0,True
constant_rotation_chord_reading1,all,constant rotation plus chord-distributed offset (between-patient SD about half the calibrated one; not a calibrated shape),0,SL,A2,mean across views,mae_mm,12,12,0.01675427373,0.02898382128,0.1919670526,0.3067059988,1.09200969,0.002942392233,geom_ind00_r1_chord @ anchor 0.06,1.33024884,0.003660333587,geom_mid15_r1_chord @ anchor 0.25,0.003660333587,,,,,
constant_rotation_chord_reading1,all,constant rotation plus chord-distributed offset (between-patient SD about half the calibrated one; not a calibrated shape),0,SL,A2,mean across views,sd_err_mm,12,12,0.01675427373,0.02898382128,0.1919670526,0.3067059988,1.434637573,0.003207963177,geom_ind00_r1_chord @ anchor 0.06,1.740148931,0.003891110757,geom_mid15_r1_chord @ anchor 0.25,0.003891110757,1.232075416,1.789803434,0,0,True
constant_rotation_chord_reading1,all,constant rotation plus chord-distributed offset (between-patient SD about half the calibrated one; not a calibrated shape),0,SL,A3,largest view mean,bias_mm,12,12,0.01675427373,0.02898382128,0.1919670526,0.3067059988,1.063117133,0.005353447078,geom_ind00_r1_chord @ anchor 0.25,1.749454033,0.006118115727,geom_mid15_r1_chord @ anchor 0.03,0.006572485005,-0.437901431,0.6850496269,0,1.064404406,False
constant_rotation_chord_reading1,all,constant rotation plus chord-distributed offset (between-patient SD about half the calibrated one; not a calibrated shape),0,SL,A3,largest view mean,rmse_mm,12,12,0.01675427373,0.02898382128,0.1919670526,0.3067059988,1.998692769,0.006983409406,geom_ind00_r1_chord @ anchor 0.125,2.626215217,0.008314584285,geom_mid15_r1_chord @ anchor 0.25,0.008345221651,1.446643337,1.709409901,0,0.9168053159,False
constant_rotation_chord_reading1,all,constant rotation plus chord-distributed offset (between-patient SD about half the calibrated one; not a calibrated shape),0,SL,A3,largest view mean,mae_mm,12,12,0.01675427373,0.02898382128,0.1919670526,0.3067059988,1.49287286,0.004204137534,geom_ind00_r1_chord @ anchor 0.25,2.005435594,0.005362148073,geom_mid15_r1_chord @ anchor 0.25,0.005362148073,,,,,
constant_rotation_chord_reading1,all,constant rotation plus chord-distributed offset (between-patient SD about half the calibrated one; not a calibrated shape),0,SL,A3,largest view mean,sd_err_mm,12,12,0.01675427373,0.02898382128,0.1919670526,0.3067059988,1.623680671,0.003630678508,geom_ind00_r1_chord @ anchor 0.03,2.07840225,0.004647471954,geom_mid15_r1_chord @ anchor 0.25,0.004647471954,1.425522315,1.652377635,0,0.4260246145,False
constant_rotation_chord_reading1,all,constant rotation plus chord-distributed offset (between-patient SD about half the calibrated one; not a calibrated shape),0,SL,A4,largest view mean after review,bias_mm,12,12,0.01675427373,0.02898382128,0.1919670526,0.3067059988,0.8016020964,0.005216503378,geom_ind00_r1_chord @ anchor 0.25,1.538153968,0.00567730679,geom_mid15_r1_chord @ anchor 0.03,0.006453547899,-0.5248314744,0.6248478046,0,0.9133061634,False
constant_rotation_chord_reading1,all,constant rotation plus chord-distributed offset (between-patient SD about half the calibrated one; not a calibrated shape),0,SL,A4,largest view mean after review,rmse_mm,12,12,0.01675427373,0.02898382128,0.1919670526,0.3067059988,1.817185826,0.005795530266,geom_ind00_r1_chord @ anchor 0.125,2.384049439,0.007275127543,geom_mid15_r1_chord @ anchor 0.25,0.007275127543,1.42004453,1.729219088,0,0.6548303509,False
constant_rotation_chord_reading1,all,constant rotation plus chord-distributed offset (between-patient SD about half the calibrated one; not a calibrated shape),0,SL,A4,largest view mean after review,mae_mm,12,12,0.01675427373,0.02898382128,0.1919670526,0.3067059988,1.385418548,0.003718593287,geom_ind00_r1_chord @ anchor 0.125,1.832608804,0.004822094932,geom_mid15_r1_chord @ anchor 0.25,0.004822094932,,,,,
constant_rotation_chord_reading1,all,constant rotation plus chord-distributed offset (between-patient SD about half the calibrated one; not a calibrated shape),0,SL,A4,largest view mean after review,sd_err_mm,12,12,0.01675427373,0.02898382128,0.1919670526,0.3067059988,1.517502979,0.003393256784,geom_ind00_r1_chord @ anchor 0.03,2.040791035,0.004563370299,geom_mid15_r1_chord @ anchor 0.25,0.004563370299,1.375939933,1.647658255,0,0.3931327798,False
patient_geometry_reading1_independent_offsets,all,"sensitivity: patient-level geometric shape, reading 1, offsets independent between views",0,AP,A1,anchor-view mean,bias_mm,12,12,0.2921044508,0.2988421401,0.1603292081,0.2307875548,-1.923075698,0.008176218297,geom_ind15_r1_patient_indoff @ anchor 0.25,0.003085165303,0.006002848344,geom_ind15_r1_patient_indoff @ anchor 0.03,0.008176218297,-1.92746491,0.01615579299,0,0,True
patient_geometry_reading1_independent_offsets,all,"sensitivity: patient-level geometric shape, reading 1, offsets independent between views",0,AP,A1,anchor-view mean,rmse_mm,12,12,0.2921044508,0.2988421401,0.1603292081,0.2307875548,1.898260337,0.006719244452,geom_ind15_r1_patient_indoff @ anchor 0.03,3.222298536,0.01014760751,geom_ind15_r1_patient_indoff @ anchor 0.25,0.01014760751,1.900583197,3.232934252,0.002322860245,0,False
patient_geometry_reading1_independent_offsets,all,"sensitivity: patient-level geometric shape, reading 1, offsets independent between views",0,AP,A1,anchor-view mean,mae_mm,12,12,0.2921044508,0.2988421401,0.1603292081,0.2307875548,1.434267338,0.003932283019,geom_ind15_r1_patient_indoff @ anchor 0.03,2.435991123,0.006670232077,geom_ind15_r1_patient_indoff @ anchor 0.25,0.006670232077,,,,,
patient_geometry_reading1_independent_offsets,all,"sensitivity: patient-level geometric shape, reading 1, offsets independent between views",0,AP,A1,anchor-view mean,sd_err_mm,12,12,0.2921044508,0.2988421401,0.1603292081,0.2307875548,1.898267321,0.004244675994,geom_ind15_r1_patient_indoff @ anchor 0.03,2.585547246,0.005781488309,geom_ind15_r1_patient_indoff @ anchor 0.25,0.005781488309,1.900586393,2.596147514,0.002319072169,0,False
patient_geometry_reading1_independent_offsets,all,"sensitivity: patient-level geometric shape, reading 1, offsets independent between views",0,AP,A2,mean across views,bias_mm,12,12,0.2921044508,0.2988421401,0.1603292081,0.2307875548,-2.536512953,0.007296672117,geom_mid15_r1_patient_indoff @ anchor 0.25,-1.836366734,0.006426517836,geom_ind00_r1_patient_indoff @ anchor 0.03,0.007296672117,-3.160932123,-0.2750493415,0,0,True
patient_geometry_reading1_independent_offsets,all,"sensitivity: patient-level geometric shape, reading 1, offsets independent between views",0,AP,A2,mean across views,rmse_mm,12,12,0.2921044508,0.2988421401,0.1603292081,0.2307875548,2.739017092,0.007529417073,geom_ind00_r1_patient_indoff @ anchor 0.03,3.428992143,0.008988046675,geom_mid15_r1_patient_indoff @ anchor 0.25,0.008988046675,1.672772226,4.064358104,0,0,True
patient_geometry_reading1_independent_offsets,all,"sensitivity: patient-level geometric shape, reading 1, offsets independent between views",0,AP,A2,mean across views,mae_mm,12,12,0.2921044508,0.2988421401,0.1603292081,0.2307875548,2.13325069,0.005432757713,geom_ind00_r1_patient_indoff @ anchor 0.03,2.721367692,0.00659711189,geom_mid15_r1_patient_indoff @ anchor 0.25,0.00659711189,,,,,
patient_geometry_reading1_independent_offsets,all,"sensitivity: patient-level geometric shape, reading 1, offsets independent between views",0,AP,A2,mean across views,sd_err_mm,12,12,0.2921044508,0.2988421401,0.1603292081,0.2307875548,2.032243378,0.004544257062,geom_ind00_r1_patient_indoff @ anchor 0.03,2.307410323,0.005159552132,geom_mid15_r1_patient_indoff @ anchor 0.25,0.005159552132,1.643211904,2.554912951,0,0,True
patient_geometry_reading1_independent_offsets,all,"sensitivity: patient-level geometric shape, reading 1, offsets independent between views",0,AP,A3,largest view mean,bias_mm,12,12,0.2921044508,0.2988421401,0.1603292081,0.2307875548,-0.822549576,0.006906404219,geom_ind00_r1_patient_indoff @ anchor 0.25,0.4255349725,0.006159839763,geom_mid15_r1_patient_indoff @ anchor 0.03,0.006963467252,-0.7675215473,0.919777008,0.05502802869,0,False
patient_geometry_reading1_independent_offsets,all,"sensitivity: patient-level geometric shape, reading 1, offsets independent between views",0,AP,A3,largest view mean,rmse_mm,12,12,0.2921044508,0.2988421401,0.1603292081,0.2307875548,1.926189105,0.007070746656,geom_ind00_r1_patient_indoff @ anchor 0.06,2.333748493,0.00748291331,geom_ind00_r1_patient_indoff @ anchor 0.25,0.007690215977,1.961960353,2.438468169,0.03577124836,0,False
patient_geometry_reading1_independent_offsets,all,"sensitivity: patient-level geometric shape, reading 1, offsets independent between views",0,AP,A3,largest view mean,mae_mm,12,12,0.2921044508,0.2988421401,0.1603292081,0.2307875548,1.440238762,0.004087195276,geom_ind00_r1_patient_indoff @ anchor 0.03,1.757911802,0.004854020691,geom_ind00_r1_patient_indoff @ anchor 0.25,0.004854020691,,,,,
patient_geometry_reading1_independent_offsets,all,"sensitivity: patient-level geometric shape, reading 1, offsets independent between views",0,AP,A3,largest view mean,sd_err_mm,12,12,0.2921044508,0.2988421401,0.1603292081,0.2307875548,1.918303858,0.004289479274,geom_ind00_r1_patient_indoff @ anchor 0.03,2.202041693,0.004923939534,geom_ind15_r1_patient_indoff @ anchor 0.25,0.004923939534,1.95011314,2.314539102,0.0318092818,0,False
patient_geometry_reading1_independent_offsets,all,"sensitivity: patient-level geometric shape, reading 1, offsets independent between views",0,AP,A4,largest view mean after review,bias_mm,12,12,0.2921044508,0.2988421401,0.1603292081,0.2307875548,-0.9937237528,0.006833550906,geom_ind00_r1_patient_indoff @ anchor 0.25,0.3516285114,0.005976691141,geom_mid15_r1_patient_indoff @ anchor 0.03,0.006926866638,-0.9722003196,0.7626407532,0.02152343322,0,False
patient_geometry_reading1_independent_offsets,all,"sensitivity: patient-level geometric shape, reading 1, offsets independent between views",0,AP,A4,largest view mean after review,rmse_mm,12,12,0.2921044508,0.2988421401,0.1603292081,0.2307875548,1.882431733,0.006662018749,geom_ind00_r1_patient_indoff @ anchor 0.06,2.37848313,0.007742827127,geom_ind00_r1_patient_indoff @ anchor 0.25,0.008010085484,1.906027253,2.50892998,0.02359552041,0,False
patient_geometry_reading1_independent_offsets,all,"sensitivity: patient-level geometric shape, reading 1, offsets independent between views",0,AP,A4,largest view mean after review,mae_mm,12,12,0.2921044508,0.2988421401,0.1603292081,0.2307875548,1.419273453,0.00396147842,geom_ind00_r1_patient_indoff @ anchor 0.03,1.786151333,0.00496675959,geom_ind00_r1_patient_indoff @ anchor 0.25,0.00496675959,,,,,
patient_geometry_reading1_independent_offsets,all,"sensitivity: patient-level geometric shape, reading 1, offsets independent between views",0,AP,A4,largest view mean after review,sd_err_mm,12,12,0.2921044508,0.2988421401,0.1603292081,0.2307875548,1.881432453,0.004207031895,geom_ind00_r1_patient_indoff @ anchor 0.03,2.190467562,0.004898058862,geom_mid15_r1_patient_indoff @ anchor 0.25,0.004898058862,1.864172557,2.312922324,0,0,True
patient_geometry_reading1_independent_offsets,all,"sensitivity: patient-level geometric shape, reading 1, offsets independent between views",0,SL,A1,anchor-view mean,bias_mm,12,12,0.01670203186,0.02766088873,0.1932118693,0.3642351648,-1.233394657,0.005791084161,geom_ind15_r1_patient_indoff @ anchor 0.25,-5.091610478e-05,0.004518063982,geom_ind15_r1_patient_indoff @ anchor 0.03,0.005791084161,-1.236776292,0.009007702171,0,0,True
patient_geometry_reading1_independent_offsets,all,"sensitivity: patient-level geometric shape, reading 1, offsets independent between views",0,SL,A1,anchor-view mean,rmse_mm,12,12,0.01670203186,0.02766088873,0.1932118693,0.3642351648,1.428730137,0.004304265393,geom_ind15_r1_patient_indoff @ anchor 0.03,2.207916307,0.006746519721,geom_ind15_r1_patient_indoff @ anchor 0.25,0.006746519721,1.42503257,2.217793129,0,0,True
patient_geometry_reading1_independent_offsets,all,"sensitivity: patient-level geometric shape, reading 1, offsets independent between views",0,SL,A1,anchor-view mean,mae_mm,12,12,0.01670203186,0.02766088873,0.1932118693,0.3642351648,1.101346492,0.002878044461,geom_ind15_r1_patient_indoff @ anchor 0.03,1.678744808,0.004535119468,geom_ind15_r1_patient_indoff @ anchor 0.25,0.004535119468,,,,,
patient_geometry_reading1_independent_offsets,all,"sensitivity: patient-level geometric shape, reading 1, offsets independent between views",0,SL,A1,anchor-view mean,sd_err_mm,12,12,0.01670203186,0.02766088873,0.1932118693,0.3642351648,1.42873728,0.003194769654,geom_ind15_r1_patient_indoff @ anchor 0.03,1.831301607,0.004094935355,geom_ind15_r1_patient_indoff @ anchor 0.25,0.004094935355,1.425011226,1.842299872,0,0,True
patient_geometry_reading1_independent_offsets,all,"sensitivity: patient-level geometric shape, reading 1, offsets independent between views",0,SL,A2,mean across views,bias_mm,12,12,0.01670203186,0.02766088873,0.1932118693,0.3642351648,-0.3436452877,0.004577826808,geom_ind00_r1_patient_indoff @ anchor 0.25,0.1209973856,0.005827002529,geom_mid15_r1_patient_indoff @ anchor 0.03,0.005882854011,-2.025949956,-0.1768472898,0,0.2978446754,False
patient_geometry_reading1_independent_offsets,all,"sensitivity: patient-level geometric shape, reading 1, offsets independent between views",0,SL,A2,mean across views,rmse_mm,12,12,0.01670203186,0.02766088873,0.1932118693,0.3642351648,1.418025859,0.004289383088,geom_ind00_r1_patient_indoff @ anchor 0.06,1.882798585,0.00684619098,geom_mid15_r1_patient_indoff @ anchor 0.25,0.007298218426,1.247666501,2.703301227,0,0,True
patient_geometry_reading1_independent_offsets,all,"sensitivity: patient-level geometric shape, reading 1, offsets independent between views",0,SL,A2,mean across views,mae_mm,12,12,0.01670203186,0.02766088873,0.1932118693,0.3642351648,1.082045567,0.002898246241,geom_ind00_r1_patient_indoff @ anchor 0.06,1.406868016,0.003956852982,geom_mid15_r1_patient_indoff @ anchor 0.25,0.003956852982,,,,,
patient_geometry_reading1_independent_offsets,all,"sensitivity: patient-level geometric shape, reading 1, offsets independent between views",0,SL,A2,mean across views,sd_err_mm,12,12,0.01670203186,0.02766088873,0.1932118693,0.3642351648,1.417987129,0.003170731465,geom_ind00_r1_patient_indoff @ anchor 0.06,1.860321782,0.004159826763,geom_mid15_r1_patient_indoff @ anchor 0.25,0.004159826763,1.232075416,1.789803434,0,0.07051834821,False
patient_geometry_reading1_independent_offsets,all,"sensitivity: patient-level geometric shape, reading 1, offsets independent between views",0,SL,A3,largest view mean,bias_mm,12,12,0.01670203186,0.02766088873,0.1932118693,0.3642351648,1.087002736,0.005322602334,geom_ind00_r1_patient_indoff @ anchor 0.25,1.970490003,0.008329829238,geom_mid15_r1_patient_indoff @ anchor 0.03,0.008676938082,-0.437901431,0.6850496269,0,1.285440376,False
patient_geometry_reading1_independent_offsets,all,"sensitivity: patient-level geometric shape, reading 1, offsets independent between views",0,SL,A3,largest view mean,rmse_mm,12,12,0.01670203186,0.02766088873,0.1932118693,0.3642351648,2.00363574,0.007076714542,geom_ind00_r1_patient_indoff @ anchor 0.25,3.290756203,0.01997831383,geom_mid15_r1_patient_indoff @ anchor 0.25,0.02003127738,1.446643337,1.709409901,0,1.581346302,False
patient_geometry_reading1_independent_offsets,all,"sensitivity: patient-level geometric shape, reading 1, offsets independent between views",0,SL,A3,largest view mean,mae_mm,12,12,0.01670203186,0.02766088873,0.1932118693,0.3642351648,1.493053466,0.004225358424,geom_ind00_r1_patient_indoff @ anchor 0.25,2.251424338,0.007589612928,geom_mid15_r1_patient_indoff @ anchor 0.25,0.007591299458,,,,,
patient_geometry_reading1_independent_offsets,all,"sensitivity: patient-level geometric shape, reading 1, offsets independent between views",0,SL,A3,largest view mean,sd_err_mm,12,12,0.01670203186,0.02766088873,0.1932118693,0.3642351648,1.631087582,0.003647240947,geom_ind00_r1_patient_indoff @ anchor 0.03,2.743888745,0.006135552435,geom_mid15_r1_patient_indoff @ anchor 0.25,0.006135552435,1.425522315,1.652377635,0,1.09151111,False
patient_geometry_reading1_independent_offsets,all,"sensitivity: patient-level geometric shape, reading 1, offsets independent between views",0,SL,A4,largest view mean after review,bias_mm,12,12,0.01670203186,0.02766088873,0.1932118693,0.3642351648,0.823562898,0.005181155385,geom_ind00_r1_patient_indoff @ anchor 0.25,1.695477219,0.007675314182,geom_mid15_r1_patient_indoff @ anchor 0.03,0.008296944163,-0.5248314744,0.6248478046,0,1.070629414,False
patient_geometry_reading1_independent_offsets,all,"sensitivity: patient-level geometric shape, reading 1, offsets independent between views",0,SL,A4,largest view mean after review,rmse_mm,12,12,0.01670203186,0.02766088873,0.1932118693,0.3642351648,1.824838445,0.00580739472,geom_ind00_r1_patient_indoff @ anchor 0.125,2.968353254,0.02014667934,geom_mid15_r1_patient_indoff @ anchor 0.25,0.02030680459,1.42004453,1.729219088,0,1.239134166,False
patient_geometry_reading1_independent_offsets,all,"sensitivity: patient-level geometric shape, reading 1, offsets independent between views",0,SL,A4,largest view mean after review,mae_mm,12,12,0.01670203186,0.02766088873,0.1932118693,0.3642351648,1.387453776,0.003791638843,geom_ind00_r1_patient_indoff @ anchor 0.25,2.027175655,0.006856913973,geom_mid15_r1_patient_indoff @ anchor 0.25,0.006856913973,,,,,
patient_geometry_reading1_independent_offsets,all,"sensitivity: patient-level geometric shape, reading 1, offsets independent between views",0,SL,A4,largest view mean after review,sd_err_mm,12,12,0.01670203186,0.02766088873,0.1932118693,0.3642351648,1.521231703,0.003401594506,geom_ind00_r1_patient_indoff @ anchor 0.03,2.623724117,0.005866854815,geom_mid15_r1_patient_indoff @ anchor 0.25,0.005866854815,1.375939933,1.647658255,0,0.9760658618,False
patient_geometry_reading2_independent_offsets,all,"sensitivity: patient-level geometric shape, reading 2, offsets independent between views",0,AP,A1,anchor-view mean,bias_mm,12,12,0.06138389512,0.1830906215,0.09541004873,0.2229475328,-1.923075698,0.008176218297,geom_ind15_r2_patient_indoff @ anchor 0.25,0.003085165303,0.006002848344,geom_ind15_r2_patient_indoff @ anchor 0.03,0.008176218297,-1.92746491,0.01615579299,0,0,True
patient_geometry_reading2_independent_offsets,all,"sensitivity: patient-level geometric shape, reading 2, offsets independent between views",0,AP,A1,anchor-view mean,rmse_mm,12,12,0.06138389512,0.1830906215,0.09541004873,0.2229475328,1.898260337,0.006719244452,geom_ind15_r2_patient_indoff @ anchor 0.03,3.222298536,0.01014760751,geom_ind15_r2_patient_indoff @ anchor 0.25,0.01014760751,1.900583197,3.232934252,0.002322860245,0,False
patient_geometry_reading2_independent_offsets,all,"sensitivity: patient-level geometric shape, reading 2, offsets independent between views",0,AP,A1,anchor-view mean,mae_mm,12,12,0.06138389512,0.1830906215,0.09541004873,0.2229475328,1.434267338,0.003932283019,geom_ind15_r2_patient_indoff @ anchor 0.03,2.435991123,0.006670232077,geom_ind15_r2_patient_indoff @ anchor 0.25,0.006670232077,,,,,
patient_geometry_reading2_independent_offsets,all,"sensitivity: patient-level geometric shape, reading 2, offsets independent between views",0,AP,A1,anchor-view mean,sd_err_mm,12,12,0.06138389512,0.1830906215,0.09541004873,0.2229475328,1.898267321,0.004244675994,geom_ind15_r2_patient_indoff @ anchor 0.03,2.585547246,0.005781488309,geom_ind15_r2_patient_indoff @ anchor 0.25,0.005781488309,1.900586393,2.596147514,0.002319072169,0,False
patient_geometry_reading2_independent_offsets,all,"sensitivity: patient-level geometric shape, reading 2, offsets independent between views",0,AP,A2,mean across views,bias_mm,12,12,0.06138389512,0.1830906215,0.09541004873,0.2229475328,-1.68508641,0.006797266575,geom_mid15_r2_patient_indoff @ anchor 0.25,-0.1467932498,0.005355493413,geom_ind00_r2_patient_indoff @ anchor 0.03,0.006797266575,-3.160932123,-0.2750493415,0,0.1282560917,False
patient_geometry_reading2_independent_offsets,all,"sensitivity: patient-level geometric shape, reading 2, offsets independent between views",0,AP,A2,mean across views,rmse_mm,12,12,0.06138389512,0.1830906215,0.09541004873,0.2229475328,1.699897217,0.005233498912,geom_ind00_r2_patient_indoff @ anchor 0.03,2.731254894,0.008065535547,geom_mid15_r2_patient_indoff @ anchor 0.25,0.008065535547,1.672772226,4.064358104,0,0,True
patient_geometry_reading2_independent_offsets,all,"sensitivity: patient-level geometric shape, reading 2, offsets independent between views",0,AP,A2,mean across views,mae_mm,12,12,0.06138389512,0.1830906215,0.09541004873,0.2229475328,1.291835843,0.003494027633,geom_ind00_r2_patient_indoff @ anchor 0.03,2.090691837,0.005557690011,geom_mid15_r2_patient_indoff @ anchor 0.25,0.005557690011,,,,,
patient_geometry_reading2_independent_offsets,all,"sensitivity: patient-level geometric shape, reading 2, offsets independent between views",0,AP,A2,mean across views,sd_err_mm,12,12,0.06138389512,0.1830906215,0.09541004873,0.2229475328,1.691848391,0.003783106925,geom_ind00_r2_patient_indoff @ anchor 0.06,2.149484424,0.004806417321,geom_mid15_r2_patient_indoff @ anchor 0.25,0.004806417321,1.643211904,2.554912951,0,0,True
patient_geometry_reading2_independent_offsets,all,"sensitivity: patient-level geometric shape, reading 2, offsets independent between views",0,AP,A3,largest view mean,bias_mm,12,12,0.06138389512,0.1830906215,0.09541004873,0.2229475328,0.3304650009,0.006799230376,geom_mid15_r2_patient_indoff @ anchor 0.25,1.108726412,0.006406112226,geom_ind00_r2_patient_indoff @ anchor 0.03,0.006799230376,-0.7675215473,0.919777008,0,0.188949404,False
patient_geometry_reading2_independent_offsets,all,"sensitivity: patient-level geometric shape, reading 2, offsets independent between views",0,AP,A3,largest view mean,rmse_mm,12,12,0.06138389512,0.1830906215,0.09541004873,0.2229475328,2.123735096,0.008298992047,geom_mid15_r2_patient_indoff @ anchor 0.125,2.309342028,0.009083084199,geom_ind00_r2_patient_indoff @ anchor 0.03,0.009083084199,1.961960353,2.438468169,0,0,True
patient_geometry_reading2_independent_offsets,all,"sensitivity: patient-level geometric shape, reading 2, offsets independent between views",0,AP,A3,largest view mean,mae_mm,12,12,0.06138389512,0.1830906215,0.09541004873,0.2229475328,1.55558837,0.00457210727,geom_mid15_r2_patient_indoff @ anchor 0.125,1.680318062,0.005009607678,geom_ind00_r2_patient_indoff @ anchor 0.03,0.005009607678,,,,,
patient_geometry_reading2_independent_offsets,all,"sensitivity: patient-level geometric shape, reading 2, offsets independent between views",0,AP,A3,largest view mean,sd_err_mm,12,12,0.06138389512,0.1830906215,0.09541004873,0.2229475328,2.004207345,0.004481566272,geom_mid15_r2_patient_indoff @ anchor 0.03,2.150105433,0.004807805945,geom_mid15_r2_patient_indoff @ anchor 0.25,0.004807805945,1.95011314,2.314539102,0,0,True
patient_geometry_reading2_independent_offsets,all,"sensitivity: patient-level geometric shape, reading 2, offsets independent between views",0,AP,A4,largest view mean after review,bias_mm,12,12,0.06138389512,0.1830906215,0.09541004873,0.2229475328,-0.03103465618,0.006754759029,geom_mid15_r2_patient_indoff @ anchor 0.25,0.9258269843,0.005967645304,geom_ind00_r2_patient_indoff @ anchor 0.03,0.006754759029,-0.9722003196,0.7626407532,0,0.1631862311,False
patient_geometry_reading2_independent_offsets,all,"sensitivity: patient-level geometric shape, reading 2, offsets independent between views",0,AP,A4,largest view mean after review,rmse_mm,12,12,0.06138389512,0.1830906215,0.09541004873,0.2229475328,1.975692127,0.007202229046,geom_mid15_r2_patient_indoff @ anchor 0.125,2.136257119,0.007971904744,geom_mid15_r2_patient_indoff @ anchor 0.25,0.007971904744,1.906027253,2.50892998,0,0,True
patient_geometry_reading2_independent_offsets,all,"sensitivity: patient-level geometric shape, reading 2, offsets independent between views",0,AP,A4,largest view mean after review,mae_mm,12,12,0.06138389512,0.1830906215,0.09541004873,0.2229475328,1.474470249,0.004175480796,geom_mid15_r2_patient_indoff @ anchor 0.06,1.575065339,0.004563753368,geom_mid15_r2_patient_indoff @ anchor 0.25,0.004563753368,,,,,
patient_geometry_reading2_independent_offsets,all,"sensitivity: patient-level geometric shape, reading 2, offsets independent between views",0,AP,A4,largest view mean after review,sd_err_mm,12,12,0.06138389512,0.1830906215,0.09541004873,0.2229475328,1.882779017,0.004210042919,geom_ind00_r2_patient_indoff @ anchor 0.06,2.136042358,0.004776359796,geom_mid15_r2_patient_indoff @ anchor 0.25,0.004776359796,1.864172557,2.312922324,0,0,True
patient_geometry_reading2_independent_offsets,all,"sensitivity: patient-level geometric shape, reading 2, offsets independent between views",0,SL,A1,anchor-view mean,bias_mm,12,12,0.1226387548,0.214631419,0.172013333,0.2430325998,-1.233394657,0.005791084161,geom_ind15_r2_patient_indoff @ anchor 0.25,-5.091610478e-05,0.004518063982,geom_ind15_r2_patient_indoff @ anchor 0.03,0.005791084161,-1.236776292,0.009007702171,0,0,True
patient_geometry_reading2_independent_offsets,all,"sensitivity: patient-level geometric shape, reading 2, offsets independent between views",0,SL,A1,anchor-view mean,rmse_mm,12,12,0.1226387548,0.214631419,0.172013333,0.2430325998,1.428730137,0.004304265393,geom_ind15_r2_patient_indoff @ anchor 0.03,2.207916307,0.006746519721,geom_ind15_r2_patient_indoff @ anchor 0.25,0.006746519721,1.42503257,2.217793129,0,0,True
patient_geometry_reading2_independent_offsets,all,"sensitivity: patient-level geometric shape, reading 2, offsets independent between views",0,SL,A1,anchor-view mean,mae_mm,12,12,0.1226387548,0.214631419,0.172013333,0.2430325998,1.101346492,0.002878044461,geom_ind15_r2_patient_indoff @ anchor 0.03,1.678744808,0.004535119468,geom_ind15_r2_patient_indoff @ anchor 0.25,0.004535119468,,,,,
patient_geometry_reading2_independent_offsets,all,"sensitivity: patient-level geometric shape, reading 2, offsets independent between views",0,SL,A1,anchor-view mean,sd_err_mm,12,12,0.1226387548,0.214631419,0.172013333,0.2430325998,1.42873728,0.003194769654,geom_ind15_r2_patient_indoff @ anchor 0.03,1.831301607,0.004094935355,geom_ind15_r2_patient_indoff @ anchor 0.25,0.004094935355,1.425011226,1.842299872,0,0,True
patient_geometry_reading2_independent_offsets,all,"sensitivity: patient-level geometric shape, reading 2, offsets independent between views",0,SL,A2,mean across views,bias_mm,12,12,0.1226387548,0.214631419,0.172013333,0.2430325998,-1.22051515,0.004984105189,geom_mid15_r2_patient_indoff @ anchor 0.25,-0.3780534534,0.004287610118,geom_ind00_r2_patient_indoff @ anchor 0.03,0.004984105189,-2.025949956,-0.1768472898,0,0,True
patient_geometry_reading2_independent_offsets,all,"sensitivity: patient-level geometric shape, reading 2, offsets independent between views",0,SL,A2,mean across views,rmse_mm,12,12,0.1226387548,0.214631419,0.172013333,0.2430325998,1.407574539,0.004072874248,geom_ind00_r2_patient_indoff @ anchor 0.03,1.993429919,0.00568291773,geom_mid15_r2_patient_indoff @ anchor 0.25,0.00568291773,1.247666501,2.703301227,0,0,True
patient_geometry_reading2_independent_offsets,all,"sensitivity: patient-level geometric shape, reading 2, offsets independent between views",0,SL,A2,mean across views,mae_mm,12,12,0.1226387548,0.214631419,0.172013333,0.2430325998,1.080755951,0.002851737699,geom_ind00_r2_patient_indoff @ anchor 0.03,1.537049164,0.00401404886,geom_mid15_r2_patient_indoff @ anchor 0.25,0.00401404886,,,,,
patient_geometry_reading2_independent_offsets,all,"sensitivity: patient-level geometric shape, reading 2, offsets independent between views",0,SL,A2,mean across views,sd_err_mm,12,12,0.1226387548,0.214631419,0.172013333,0.2430325998,1.355861369,0.003031813349,geom_ind00_r2_patient_indoff @ anchor 0.03,1.57611245,0.003524312199,geom_mid15_r2_patient_indoff @ anchor 0.25,0.003524312199,1.232075416,1.789803434,0,0,True
patient_geometry_reading2_independent_offsets,all,"sensitivity: patient-level geometric shape, reading 2, offsets independent between views",0,SL,A3,largest view mean,bias_mm,12,12,0.1226387548,0.214631419,0.172013333,0.2430325998,0.2093203361,0.004964278903,geom_mid15_r2_patient_indoff @ anchor 0.25,0.6950551284,0.004641017751,geom_ind00_r2_patient_indoff @ anchor 0.03,0.004964278903,-0.437901431,0.6850496269,0,0.01000550146,False
patient_geometry_reading2_independent_offsets,all,"sensitivity: patient-level geometric shape, reading 2, offsets independent between views",0,SL,A3,largest view mean,rmse_mm,12,12,0.1226387548,0.214631419,0.172013333,0.2430325998,1.545481191,0.005486514202,geom_mid15_r2_patient_indoff @ anchor 0.125,1.623879512,0.005878507738,geom_ind00_r2_patient_indoff @ anchor 0.03,0.005878507738,1.446643337,1.709409901,0,0,True
patient_geometry_reading2_independent_offsets,all,"sensitivity: patient-level geometric shape, reading 2, offsets independent between views",0,SL,A3,largest view mean,mae_mm,12,12,0.1226387548,0.214631419,0.172013333,0.2430325998,1.160308191,0.003228323771,geom_mid15_r2_patient_indoff @ anchor 0.125,1.212285158,0.003416666562,geom_ind00_r2_patient_indoff @ anchor 0.03,0.003416666562,,,,,
patient_geometry_reading2_independent_offsets,all,"sensitivity: patient-level geometric shape, reading 2, offsets independent between views",0,SL,A3,largest view mean,sd_err_mm,12,12,0.1226387548,0.214631419,0.172013333,0.2430325998,1.466669654,0.003279589445,geom_mid15_r2_patient_indoff @ anchor 0.03,1.569842827,0.003510292827,geom_mid15_r2_patient_indoff @ anchor 0.25,0.003510292827,1.425522315,1.652377635,0,0,True
patient_geometry_reading2_independent_offsets,all,"sensitivity: patient-level geometric shape, reading 2, offsets independent between views",0,SL,A4,largest view mean after review,bias_mm,12,12,0.1226387548,0.214631419,0.172013333,0.2430325998,0.04682709046,0.004920300905,geom_mid15_r2_patient_indoff @ anchor 0.25,0.6350952861,0.004442845932,geom_ind00_r2_patient_indoff @ anchor 0.03,0.004920300905,-0.5248314744,0.6248478046,0,0.01024748147,False
patient_geometry_reading2_independent_offsets,all,"sensitivity: patient-level geometric shape, reading 2, offsets independent between views",0,SL,A4,largest view mean after review,rmse_mm,12,12,0.1226387548,0.214631419,0.172013333,0.2430325998,1.473119755,0.004591401559,geom_mid15_r2_patient_indoff @ anchor 0.125,1.556632476,0.005197424504,geom_mid15_r2_patient_indoff @ anchor 0.25,0.005197424504,1.42004453,1.729219088,0,0,True
patient_geometry_reading2_independent_offsets,all,"sensitivity: patient-level geometric shape, reading 2, offsets independent between views",0,SL,A4,largest view mean after review,mae_mm,12,12,0.1226387548,0.214631419,0.172013333,0.2430325998,1.125203733,0.003006671602,geom_mid15_r2_patient_indoff @ anchor 0.125,1.173861941,0.003232898485,geom_mid15_r2_patient_indoff @ anchor 0.25,0.003232898485,,,,,
patient_geometry_reading2_independent_offsets,all,"sensitivity: patient-level geometric shape, reading 2, offsets independent between views",0,SL,A4,largest view mean after review,sd_err_mm,12,12,0.1226387548,0.214631419,0.172013333,0.2430325998,1.404596463,0.003140788877,geom_ind00_r2_patient_indoff @ anchor 0.06,1.555935763,0.003479195531,geom_mid15_r2_patient_indoff @ anchor 0.25,0.003479195531,1.375939933,1.647658255,0,0,True
patient_geometry_reading1_span_linked_ellipticity,all,"sensitivity: patient-level geometric shape, reading 1, ellipticity linked to the true AP span",0,AP,A1,anchor-view mean,bias_mm,12,12,0.2920267199,0.2993574827,0.1596469663,0.2313236854,-1.923075698,0.008176218297,geom_ind15_r1_patient_spanq @ anchor 0.25,0.003085165303,0.006002848344,geom_ind15_r1_patient_spanq @ anchor 0.03,0.008176218297,-1.92746491,0.01615579299,0,0,True
patient_geometry_reading1_span_linked_ellipticity,all,"sensitivity: patient-level geometric shape, reading 1, ellipticity linked to the true AP span",0,AP,A1,anchor-view mean,rmse_mm,12,12,0.2920267199,0.2993574827,0.1596469663,0.2313236854,1.898260337,0.006719244452,geom_ind15_r1_patient_spanq @ anchor 0.03,3.222298536,0.01014760751,geom_ind15_r1_patient_spanq @ anchor 0.25,0.01014760751,1.900583197,3.232934252,0.002322860245,0,False
patient_geometry_reading1_span_linked_ellipticity,all,"sensitivity: patient-level geometric shape, reading 1, ellipticity linked to the true AP span",0,AP,A1,anchor-view mean,mae_mm,12,12,0.2920267199,0.2993574827,0.1596469663,0.2313236854,1.434267338,0.003932283019,geom_ind15_r1_patient_spanq @ anchor 0.03,2.435991123,0.006670232077,geom_ind15_r1_patient_spanq @ anchor 0.25,0.006670232077,,,,,
patient_geometry_reading1_span_linked_ellipticity,all,"sensitivity: patient-level geometric shape, reading 1, ellipticity linked to the true AP span",0,AP,A1,anchor-view mean,sd_err_mm,12,12,0.2920267199,0.2993574827,0.1596469663,0.2313236854,1.898267321,0.004244675994,geom_ind15_r1_patient_spanq @ anchor 0.03,2.585547246,0.005781488309,geom_ind15_r1_patient_spanq @ anchor 0.25,0.005781488309,1.900586393,2.596147514,0.002319072169,0,False
patient_geometry_reading1_span_linked_ellipticity,all,"sensitivity: patient-level geometric shape, reading 1, ellipticity linked to the true AP span",0,AP,A2,mean across views,bias_mm,12,12,0.2920267199,0.2993574827,0.1596469663,0.2313236854,-2.626844964,0.007889194815,geom_ind15_r1_patient_spanq @ anchor 0.25,-1.975505652,0.007250387021,geom_mid15_r1_patient_spanq @ anchor 0.03,0.007889194815,-3.160932123,-0.2750493415,0,0,True
patient_geometry_reading1_span_linked_ellipticity,all,"sensitivity: patient-level geometric shape, reading 1, ellipticity linked to the true AP span",0,AP,A2,mean across views,rmse_mm,12,12,0.2920267199,0.2993574827,0.1596469663,0.2313236854,3.009596215,0.009640731082,geom_ind00_r1_patient_spanq @ anchor 0.03,3.62273263,0.01091251831,geom_ind15_r1_patient_spanq @ anchor 0.25,0.01091251831,1.672772226,4.064358104,0,0,True
patient_geometry_reading1_span_linked_ellipticity,all,"sensitivity: patient-level geometric shape, reading 1, ellipticity linked to the true AP span",0,AP,A2,mean across views,mae_mm,12,12,0.2920267199,0.2993574827,0.1596469663,0.2313236854,2.260217993,0.006284205197,geom_ind00_r1_patient_spanq @ anchor 0.03,2.802320672,0.007222599059,geom_mid15_r1_patient_spanq @ anchor 0.25,0.007295031245,,,,,
patient_geometry_reading1_span_linked_ellipticity,all,"sensitivity: patient-level geometric shape, reading 1, ellipticity linked to the true AP span",0,AP,A2,mean across views,sd_err_mm,12,12,0.2920267199,0.2993574827,0.1596469663,0.2313236854,2.26426534,0.005063076536,geom_ind00_r1_patient_spanq @ anchor 0.03,2.494782452,0.005578531045,geom_ind15_r1_patient_spanq @ anchor 0.25,0.005578531045,1.643211904,2.554912951,0,0,True
patient_geometry_reading1_span_linked_ellipticity,all,"sensitivity: patient-level geometric shape, reading 1, ellipticity linked to the true AP span",0,AP,A3,largest view mean,bias_mm,12,12,0.2920267199,0.2993574827,0.1596469663,0.2313236854,-0.9221430611,0.00719197073,geom_ind00_r1_patient_spanq @ anchor 0.25,0.4038974382,0.006136940807,geom_mid15_r1_patient_spanq @ anchor 0.03,0.007214322304,-0.7675215473,0.919777008,0.1546215138,0,False
patient_geometry_reading1_span_linked_ellipticity,all,"sensitivity: patient-level geometric shape, reading 1, ellipticity linked to the true AP span",0,AP,A3,largest view mean,rmse_mm,12,12,0.2920267199,0.2993574827,0.1596469663,0.2313236854,1.918959197,0.006821076096,geom_ind00_r1_patient_spanq @ anchor 0.06,2.454127217,0.008579141596,geom_ind00_r1_patient_spanq @ anchor 0.25,0.008733940649,1.961960353,2.438468169,0.04300115636,0.01565904807,False
patient_geometry_reading1_span_linked_ellipticity,all,"sensitivity: patient-level geometric shape, reading 1, ellipticity linked to the true AP span",0,AP,A3,largest view mean,mae_mm,12,12,0.2920267199,0.2993574827,0.1596469663,0.2313236854,1.436418006,0.004035071131,geom_ind00_r1_patient_spanq @ anchor 0.03,1.814129219,0.005226569516,geom_ind00_r1_patient_spanq @ anchor 0.25,0.005226569516,,,,,
patient_geometry_reading1_span_linked_ellipticity,all,"sensitivity: patient-level geometric shape, reading 1, ellipticity linked to the true AP span",0,AP,A3,largest view mean,sd_err_mm,12,12,0.2920267199,0.2993574827,0.1596469663,0.2313236854,1.907354419,0.004264995463,geom_ind00_r1_patient_spanq @ anchor 0.03,2.281369026,0.00510132173,geom_ind15_r1_patient_spanq @ anchor 0.25,0.00510132173,1.95011314,2.314539102,0.0427587208,0,False
patient_geometry_reading1_span_linked_ellipticity,all,"sensitivity: patient-level geometric shape, reading 1, ellipticity linked to the true AP span",0,AP,A4,largest view mean after review,bias_mm,12,12,0.2920267199,0.2993574827,0.1596469663,0.2313236854,-1.069372339,0.007154087279,geom_ind00_r1_patient_spanq @ anchor 0.25,0.3385440425,0.005967247598,geom_mid15_r1_patient_spanq @ anchor 0.03,0.007190250591,-0.9722003196,0.7626407532,0.09717201942,0,False
patient_geometry_reading1_span_linked_ellipticity,all,"sensitivity: patient-level geometric shape, reading 1, ellipticity linked to the true AP span",0,AP,A4,largest view mean after review,rmse_mm,12,12,0.2920267199,0.2993574827,0.1596469663,0.2313236854,1.887692823,0.006570338923,geom_ind00_r1_patient_spanq @ anchor 0.06,2.502319423,0.008807722667,geom_ind00_r1_patient_spanq @ anchor 0.25,0.008996804099,1.906027253,2.50892998,0.01833443041,0,False
patient_geometry_reading1_span_linked_ellipticity,all,"sensitivity: patient-level geometric shape, reading 1, ellipticity linked to the true AP span",0,AP,A4,largest view mean after review,mae_mm,12,12,0.2920267199,0.2993574827,0.1596469663,0.2313236854,1.419451037,0.00394512772,geom_ind00_r1_patient_spanq @ anchor 0.03,1.844904171,0.005345988849,geom_ind00_r1_patient_spanq @ anchor 0.25,0.005345988849,,,,,
patient_geometry_reading1_span_linked_ellipticity,all,"sensitivity: patient-level geometric shape, reading 1, ellipticity linked to the true AP span",0,AP,A4,largest view mean after review,sd_err_mm,12,12,0.2920267199,0.2993574827,0.1596469663,0.2313236854,1.879463568,0.004202629313,geom_ind00_r1_patient_spanq @ anchor 0.03,2.273756882,0.005084300373,geom_mid15_r1_patient_spanq @ anchor 0.25,0.005084300373,1.864172557,2.312922324,0,0,True
patient_geometry_reading1_span_linked_ellipticity,all,"sensitivity: patient-level geometric shape, reading 1, ellipticity linked to the true AP span",0,SL,A1,anchor-view mean,bias_mm,12,12,0.0193963757,0.02922585829,0.1944608901,0.3652434989,-1.233394657,0.005791084161,geom_ind15_r1_patient_spanq @ anchor 0.25,-5.091610478e-05,0.004518063982,geom_ind15_r1_patient_spanq @ anchor 0.03,0.005791084161,-1.236776292,0.009007702171,0,0,True
patient_geometry_reading1_span_linked_ellipticity,all,"sensitivity: patient-level geometric shape, reading 1, ellipticity linked to the true AP span",0,SL,A1,anchor-view mean,rmse_mm,12,12,0.0193963757,0.02922585829,0.1944608901,0.3652434989,1.428730137,0.004304265393,geom_ind15_r1_patient_spanq @ anchor 0.03,2.207916307,0.006746519721,geom_ind15_r1_patient_spanq @ anchor 0.25,0.006746519721,1.42503257,2.217793129,0,0,True
patient_geometry_reading1_span_linked_ellipticity,all,"sensitivity: patient-level geometric shape, reading 1, ellipticity linked to the true AP span",0,SL,A1,anchor-view mean,mae_mm,12,12,0.0193963757,0.02922585829,0.1944608901,0.3652434989,1.101346492,0.002878044461,geom_ind15_r1_patient_spanq @ anchor 0.03,1.678744808,0.004535119468,geom_ind15_r1_patient_spanq @ anchor 0.25,0.004535119468,,,,,
patient_geometry_reading1_span_linked_ellipticity,all,"sensitivity: patient-level geometric shape, reading 1, ellipticity linked to the true AP span",0,SL,A1,anchor-view mean,sd_err_mm,12,12,0.0193963757,0.02922585829,0.1944608901,0.3652434989,1.42873728,0.003194769654,geom_ind15_r1_patient_spanq @ anchor 0.03,1.831301607,0.004094935355,geom_ind15_r1_patient_spanq @ anchor 0.25,0.004094935355,1.425011226,1.842299872,0,0,True
patient_geometry_reading1_span_linked_ellipticity,all,"sensitivity: patient-level geometric shape, reading 1, ellipticity linked to the true AP span",0,SL,A2,mean across views,bias_mm,12,12,0.0193963757,0.02922585829,0.1944608901,0.3652434989,-0.3276348495,0.004704838831,geom_ind00_r1_patient_spanq @ anchor 0.25,0.172257076,0.006137254312,geom_mid15_r1_patient_spanq @ anchor 0.03,0.006202645335,-2.025949956,-0.1768472898,0,0.3491043658,False
patient_geometry_reading1_span_linked_ellipticity,all,"sensitivity: patient-level geometric shape, reading 1, ellipticity linked to the true AP span",0,SL,A2,mean across views,rmse_mm,12,12,0.0193963757,0.02922585829,0.1944608901,0.3652434989,1.44918738,0.004471946758,geom_ind00_r1_patient_spanq @ anchor 0.06,1.975928984,0.008269454334,geom_mid15_r1_patient_spanq @ anchor 0.25,0.008995524213,1.247666501,2.703301227,0,0,True
patient_geometry_reading1_span_linked_ellipticity,all,"sensitivity: patient-level geometric shape, reading 1, ellipticity linked to the true AP span",0,SL,A2,mean across views,mae_mm,12,12,0.0193963757,0.02922585829,0.1944608901,0.3652434989,1.100653206,0.00298113312,geom_ind00_r1_patient_spanq @ anchor 0.06,1.44995831,0.004244919633,geom_mid15_r1_patient_spanq @ anchor 0.25,0.004249928455,,,,,
patient_geometry_reading1_span_linked_ellipticity,all,"sensitivity: patient-level geometric shape, reading 1, ellipticity linked to the true AP span",0,SL,A2,mean across views,sd_err_mm,12,12,0.0193963757,0.02922585829,0.1944608901,0.3652434989,1.448935388,0.003239934222,geom_ind00_r1_patient_spanq @ anchor 0.06,1.961448678,0.004385954507,geom_mid15_r1_patient_spanq @ anchor 0.25,0.004385954507,1.232075416,1.789803434,0,0.1716452442,False
patient_geometry_reading1_span_linked_ellipticity,all,"sensitivity: patient-level geometric shape, reading 1, ellipticity linked to the true AP span",0,SL,A3,largest view mean,bias_mm,12,12,0.0193963757,0.02922585829,0.1944608901,0.3652434989,1.09512149,0.005499567403,geom_ind00_r1_patient_spanq @ anchor 0.25,2.06455845,0.009357030253,geom_mid15_r1_patient_spanq @ anchor 0.03,0.009765803281,-0.437901431,0.6850496269,0,1.379508823,False
patient_geometry_reading1_span_linked_ellipticity,all,"sensitivity: patient-level geometric shape, reading 1, ellipticity linked to the true AP span",0,SL,A3,largest view mean,rmse_mm,12,12,0.0193963757,0.02922585829,0.1944608901,0.3652434989,2.054509813,0.007396157828,geom_ind00_r1_patient_spanq @ anchor 0.125,3.621247454,0.027036339,geom_mid15_r1_patient_spanq @ anchor 0.25,0.0271621257,1.446643337,1.709409901,0,1.911837553,False
patient_geometry_reading1_span_linked_ellipticity,all,"sensitivity: patient-level geometric shape, reading 1, ellipticity linked to the true AP span",0,SL,A3,largest view mean,mae_mm,12,12,0.0193963757,0.02922585829,0.1944608901,0.3652434989,1.523147387,0.004363285541,geom_ind00_r1_patient_spanq @ anchor 0.25,2.369560847,0.008659497387,geom_mid15_r1_patient_spanq @ anchor 0.25,0.008659497387,,,,,
patient_geometry_reading1_span_linked_ellipticity,all,"sensitivity: patient-level geometric shape, reading 1, ellipticity linked to the true AP span",0,SL,A3,largest view mean,sd_err_mm,12,12,0.0193963757,0.02922585829,0.1944608901,0.3652434989,1.668330088,0.003730518139,geom_ind00_r1_patient_spanq @ anchor 0.03,3.088218155,0.006905500251,geom_mid15_r1_patient_spanq @ anchor 0.25,0.006905500251,1.425522315,1.652377635,0,1.43584052,False
patient_geometry_reading1_span_linked_ellipticity,all,"sensitivity: patient-level geometric shape, reading 1, ellipticity linked to the true AP span",0,SL,A4,largest view mean after review,bias_mm,12,12,0.0193963757,0.02922585829,0.1944608901,0.3652434989,0.8273455803,0.0053273713,geom_ind00_r1_patient_spanq @ anchor 0.25,1.76646043,0.008554461036,geom_mid15_r1_patient_spanq @ anchor 0.03,0.009207150898,-0.5248314744,0.6248478046,0,1.141612625,False
patient_geometry_reading1_span_linked_ellipticity,all,"sensitivity: patient-level geometric shape, reading 1, ellipticity linked to the true AP span",0,SL,A4,largest view mean after review,rmse_mm,12,12,0.0193963757,0.02922585829,0.1944608901,0.3652434989,1.86083769,0.006141833861,geom_ind00_r1_patient_spanq @ anchor 0.125,3.250195623,0.02676090986,geom_mid15_r1_patient_spanq @ anchor 0.25,0.02701400793,1.42004453,1.729219088,0,1.520976535,False
patient_geometry_reading1_span_linked_ellipticity,all,"sensitivity: patient-level geometric shape, reading 1, ellipticity linked to the true AP span",0,SL,A4,largest view mean after review,mae_mm,12,12,0.0193963757,0.02922585829,0.1944608901,0.3652434989,1.408903709,0.003844115017,geom_ind00_r1_patient_spanq @ anchor 0.125,2.122514046,0.007783807745,geom_mid15_r1_patient_spanq @ anchor 0.25,0.007783807745,,,,,
patient_geometry_reading1_span_linked_ellipticity,all,"sensitivity: patient-level geometric shape, reading 1, ellipticity linked to the true AP span",0,SL,A4,largest view mean after review,sd_err_mm,12,12,0.0193963757,0.02922585829,0.1944608901,0.3652434989,1.552062912,0.00347053553,geom_ind00_r1_patient_spanq @ anchor 0.03,2.91155676,0.006510471388,geom_mid15_r1_patient_spanq @ anchor 0.25,0.006510471388,1.375939933,1.647658255,0,1.263898505,False
sd707_halfnormal,all,SD of the 3D maximal diameter 7.07 mm: half-normal shape at the recalibrated means (24 scenarios),0,AP,A1,anchor-view mean,bias_mm,24,24,0.03585058137,0.2689008093,0.02711610014,0.2011332902,-1.923075698,0.008176218297,geom_ind15_sd707_r1_halfnormal @ anchor 0.25,0.003085165303,0.006002848344,geom_ind15_sd707_r1_halfnormal @ anchor 0.03,0.008176218297,-1.92746491,0.01615579299,0,0,True
sd707_halfnormal,all,SD of the 3D maximal diameter 7.07 mm: half-normal shape at the recalibrated means (24 scenarios),0,AP,A1,anchor-view mean,rmse_mm,24,24,0.03585058137,0.2689008093,0.02711610014,0.2011332902,1.898260337,0.006719244452,geom_ind15_sd707_r1_halfnormal @ anchor 0.03,3.222298536,0.01014760751,geom_ind15_sd707_r1_halfnormal @ anchor 0.25,0.01014760751,1.900583197,3.232934252,0.002322860245,0,False
sd707_halfnormal,all,SD of the 3D maximal diameter 7.07 mm: half-normal shape at the recalibrated means (24 scenarios),0,AP,A1,anchor-view mean,mae_mm,24,24,0.03585058137,0.2689008093,0.02711610014,0.2011332902,1.434267338,0.003932283019,geom_ind15_sd707_r1_halfnormal @ anchor 0.03,2.435991123,0.006670232077,geom_ind15_sd707_r1_halfnormal @ anchor 0.25,0.006670232077,,,,,
sd707_halfnormal,all,SD of the 3D maximal diameter 7.07 mm: half-normal shape at the recalibrated means (24 scenarios),0,AP,A1,anchor-view mean,sd_err_mm,24,24,0.03585058137,0.2689008093,0.02711610014,0.2011332902,1.898267321,0.004244675994,geom_ind15_sd707_r1_halfnormal @ anchor 0.03,2.585547246,0.005781488309,geom_ind15_sd707_r1_halfnormal @ anchor 0.25,0.005781488309,1.900586393,2.596147514,0.002319072169,0,False
sd707_halfnormal,all,SD of the 3D maximal diameter 7.07 mm: half-normal shape at the recalibrated means (24 scenarios),0,AP,A2,mean across views,bias_mm,24,24,0.03585058137,0.2689008093,0.02711610014,0.2011332902,-2.3126405,0.006921038628,geom_mid15_sd707_r1_halfnormal @ anchor 0.25,0.04015528168,0.005156132864,geom_ind00_sd707_r2_halfnormal @ anchor 0.03,0.006921038628,-3.160932123,-0.2750493415,0,0.3152046232,False
sd707_halfnormal,all,SD of the 3D maximal diameter 7.07 mm: half-normal shape at the recalibrated means (24 scenarios),0,AP,A2,mean across views,rmse_mm,24,24,0.03585058137,0.2689008093,0.02711610014,0.2011332902,1.628257505,0.005077521813,geom_ind00_sd707_r2_halfnormal @ anchor 0.06,3.184075337,0.008769481191,geom_mid15_sd707_r1_halfnormal @ anchor 0.25,0.008769481191,1.672772226,4.064358104,0.04451472101,0,False
sd707_halfnormal,all,SD of the 3D maximal diameter 7.07 mm: half-normal shape at the recalibrated means (24 scenarios),0,AP,A2,mean across views,mae_mm,24,24,0.03585058137,0.2689008093,0.02711610014,0.2011332902,1.237413002,0.003360025036,geom_ind00_sd707_r2_halfnormal @ anchor 0.03,2.511492162,0.006189330479,geom_mid15_sd707_r1_halfnormal @ anchor 0.25,0.006189330479,,,,,
sd707_halfnormal,all,SD of the 3D maximal diameter 7.07 mm: half-normal shape at the recalibrated means (24 scenarios),0,AP,A2,mean across views,sd_err_mm,24,24,0.03585058137,0.2689008093,0.02711610014,0.2011332902,1.627021933,0.003638149834,geom_ind15_sd707_r2_halfnormal @ anchor 0.06,2.188624584,0.004893937816,geom_mid15_sd707_r1_halfnormal @ anchor 0.25,0.004893937816,1.643211904,2.554912951,0.01618997139,0,False
sd707_halfnormal,all,SD of the 3D maximal diameter 7.07 mm: half-normal shape at the recalibrated means (24 scenarios),0,AP,A3,largest view mean,bias_mm,24,24,0.03585058137,0.2689008093,0.02711610014,0.2011332902,-0.4215196567,0.006920195362,geom_mid15_sd707_r1_halfnormal @ anchor 0.25,1.163707178,0.006372008157,geom_ind00_sd707_r2_halfnormal @ anchor 0.03,0.006920195362,-0.7675215473,0.919777008,0,0.24393017,False
sd707_halfnormal,all,SD of the 3D maximal diameter 7.07 mm: half-normal shape at the recalibrated means (24 scenarios),0,AP,A3,largest view mean,rmse_mm,24,24,0.03585058137,0.2689008093,0.02711610014,0.2011332902,1.972657437,0.00752669591,geom_mid15_sd707_r1_halfnormal @ anchor 0.06,2.326891186,0.00913108643,geom_ind00_sd707_r2_halfnormal @ anchor 0.03,0.00913108643,1.961960353,2.438468169,0,0,True
sd707_halfnormal,all,SD of the 3D maximal diameter 7.07 mm: half-normal shape at the recalibrated means (24 scenarios),0,AP,A3,largest view mean,mae_mm,24,24,0.03585058137,0.2689008093,0.02711610014,0.2011332902,1.46300018,0.004184525476,geom_mid15_sd707_r1_halfnormal @ anchor 0.06,1.694221741,0.00504386828,geom_ind00_sd707_r2_halfnormal @ anchor 0.03,0.00504386828,,,,,
sd707_halfnormal,all,SD of the 3D maximal diameter 7.07 mm: half-normal shape at the recalibrated means (24 scenarios),0,AP,A3,largest view mean,sd_err_mm,24,24,0.03585058137,0.2689008093,0.02711610014,0.2011332902,1.943993053,0.00434692235,geom_mid15_sd707_r1_halfnormal @ anchor 0.03,2.18835792,0.004893341534,geom_mid15_sd707_r1_halfnormal @ anchor 0.25,0.004893341534,1.95011314,2.314539102,0.006120086796,0,False
sd707_halfnormal,all,SD of the 3D maximal diameter 7.07 mm: half-normal shape at the recalibrated means (24 scenarios),0,AP,A4,largest view mean after review,bias_mm,24,24,0.03585058137,0.2689008093,0.02711610014,0.2011332902,-0.6739579777,0.006900254543,geom_mid15_sd707_r1_halfnormal @ anchor 0.25,0.974361119,0.005913505906,geom_ind00_sd707_r2_halfnormal @ anchor 0.03,0.006900254543,-0.9722003196,0.7626407532,0,0.2117203658,False
sd707_halfnormal,all,SD of the 3D maximal diameter 7.07 mm: half-normal shape at the recalibrated means (24 scenarios),0,AP,A4,largest view mean after review,rmse_mm,24,24,0.03585058137,0.2689008093,0.02711610014,0.2011332902,1.897223638,0.00675185114,geom_mid15_sd707_r1_halfnormal @ anchor 0.06,2.283751961,0.007859507511,geom_mid15_sd707_r1_halfnormal @ anchor 0.25,0.007859507511,1.906027253,2.50892998,0.00880361541,0,False
sd707_halfnormal,all,SD of the 3D maximal diameter 7.07 mm: half-normal shape at the recalibrated means (24 scenarios),0,AP,A4,largest view mean after review,mae_mm,24,24,0.03585058137,0.2689008093,0.02711610014,0.2011332902,1.425156988,0.003960696122,geom_ind00_sd707_r1_halfnormal @ anchor 0.06,1.694655259,0.004841167223,geom_mid15_sd707_r1_halfnormal @ anchor 0.25,0.004841167223,,,,,
sd707_halfnormal,all,SD of the 3D maximal diameter 7.07 mm: half-normal shape at the recalibrated means (24 scenarios),0,AP,A4,largest view mean after review,sd_err_mm,24,24,0.03585058137,0.2689008093,0.02711610014,0.2011332902,1.858976297,0.004156818152,geom_ind15_sd707_r2_halfnormal @ anchor 0.06,2.182052079,0.004879241175,geom_mid15_sd707_r1_halfnormal @ anchor 0.25,0.004879241175,1.864172557,2.312922324,0.005196259662,0,False
sd707_halfnormal,all,SD of the 3D maximal diameter 7.07 mm: half-normal shape at the recalibrated means (24 scenarios),0,SL,A1,anchor-view mean,bias_mm,24,24,0.009597737907,0.1731235849,0.007241603183,0.1306207289,-1.233394657,0.005791084161,geom_ind15_sd707_r1_halfnormal @ anchor 0.25,-5.091610478e-05,0.004518063982,geom_ind15_sd707_r1_halfnormal @ anchor 0.03,0.005791084161,-1.236776292,0.009007702171,0,0,True
sd707_halfnormal,all,SD of the 3D maximal diameter 7.07 mm: half-normal shape at the recalibrated means (24 scenarios),0,SL,A1,anchor-view mean,rmse_mm,24,24,0.009597737907,0.1731235849,0.007241603183,0.1306207289,1.428730137,0.004304265393,geom_ind15_sd707_r1_halfnormal @ anchor 0.03,2.207916307,0.006746519721,geom_ind15_sd707_r1_halfnormal @ anchor 0.25,0.006746519721,1.42503257,2.217793129,0,0,True
sd707_halfnormal,all,SD of the 3D maximal diameter 7.07 mm: half-normal shape at the recalibrated means (24 scenarios),0,SL,A1,anchor-view mean,mae_mm,24,24,0.009597737907,0.1731235849,0.007241603183,0.1306207289,1.101346492,0.002878044461,geom_ind15_sd707_r1_halfnormal @ anchor 0.03,1.678744808,0.004535119468,geom_ind15_sd707_r1_halfnormal @ anchor 0.25,0.004535119468,,,,,
sd707_halfnormal,all,SD of the 3D maximal diameter 7.07 mm: half-normal shape at the recalibrated means (24 scenarios),0,SL,A1,anchor-view mean,sd_err_mm,24,24,0.009597737907,0.1731235849,0.007241603183,0.1306207289,1.42873728,0.003194769654,geom_ind15_sd707_r1_halfnormal @ anchor 0.03,1.831301607,0.004094935355,geom_ind15_sd707_r1_halfnormal @ anchor 0.25,0.004094935355,1.425011226,1.842299872,0,0,True
sd707_halfnormal,all,SD of the 3D maximal diameter 7.07 mm: half-normal shape at the recalibrated means (24 scenarios),0,SL,A2,mean across views,bias_mm,24,24,0.009597737907,0.1731235849,0.007241603183,0.1306207289,-1.024040844,0.004400979219,geom_mid15_sd707_r2_halfnormal @ anchor 0.25,0.1518272197,0.003921427919,geom_mid15_sd707_r1_halfnormal @ anchor 0.03,0.004400979219,-2.025949956,-0.1768472898,0,0.3286745095,False
sd707_halfnormal,all,SD of the 3D maximal diameter 7.07 mm: half-normal shape at the recalibrated means (24 scenarios),0,SL,A2,mean across views,rmse_mm,24,24,0.009597737907,0.1731235849,0.007241603183,0.1306207289,1.231592772,0.003494121674,geom_ind00_sd707_r1_halfnormal @ anchor 0.06,1.727860553,0.004697284163,geom_mid15_sd707_r2_halfnormal @ anchor 0.25,0.004697284163,1.247666501,2.703301227,0.01607372859,0,False
sd707_halfnormal,all,SD of the 3D maximal diameter 7.07 mm: half-normal shape at the recalibrated means (24 scenarios),0,SL,A2,mean across views,mae_mm,24,24,0.009597737907,0.1731235849,0.007241603183,0.1306207289,0.9514648402,0.002472936575,geom_ind00_sd707_r1_halfnormal @ anchor 0.06,1.345059556,0.003429764778,geom_mid15_sd707_r2_halfnormal @ anchor 0.25,0.003429764778,,,,,
sd707_halfnormal,all,SD of the 3D maximal diameter 7.07 mm: half-normal shape at the recalibrated means (24 scenarios),0,SL,A2,mean across views,sd_err_mm,24,24,0.009597737907,0.1731235849,0.007241603183,0.1306207289,1.231492422,0.002753714537,geom_ind00_sd707_r1_halfnormal @ anchor 0.06,1.391711827,0.00311197781,geom_mid15_sd707_r2_halfnormal @ anchor 0.25,0.00311197781,1.232075416,1.789803434,0.0005829940697,0,False
sd707_halfnormal,all,SD of the 3D maximal diameter 7.07 mm: half-normal shape at the recalibrated means (24 scenarios),0,SL,A3,largest view mean,bias_mm,24,24,0.009597737907,0.1731235849,0.007241603183,0.1306207289,0.07098683518,0.004784707784,geom_mid15_sd707_r2_halfnormal @ anchor 0.25,0.9766934686,0.004696561534,geom_mid15_sd707_r1_halfnormal @ anchor 0.03,0.004784707784,-0.437901431,0.6850496269,0,0.2916438417,False
sd707_halfnormal,all,SD of the 3D maximal diameter 7.07 mm: half-normal shape at the recalibrated means (24 scenarios),0,SL,A3,largest view mean,rmse_mm,24,24,0.009597737907,0.1731235849,0.007241603183,0.1306207289,1.486741109,0.005202893669,geom_mid15_sd707_r2_halfnormal @ anchor 0.125,1.777548058,0.006268332952,geom_mid15_sd707_r1_halfnormal @ anchor 0.03,0.006268332952,1.446643337,1.709409901,0,0.0681381569,False
sd707_halfnormal,all,SD of the 3D maximal diameter 7.07 mm: half-normal shape at the recalibrated means (24 scenarios),0,SL,A3,largest view mean,mae_mm,24,24,0.009597737907,0.1731235849,0.007241603183,0.1306207289,1.119807357,0.003092636694,geom_mid15_sd707_r2_halfnormal @ anchor 0.125,1.329334108,0.003731704507,geom_mid15_sd707_r1_halfnormal @ anchor 0.03,0.003731704507,,,,,
sd707_halfnormal,all,SD of the 3D maximal diameter 7.07 mm: half-normal shape at the recalibrated means (24 scenarios),0,SL,A3,largest view mean,sd_err_mm,24,24,0.009597737907,0.1731235849,0.007241603183,0.1306207289,1.438429074,0.003216441273,geom_mid15_sd707_r2_halfnormal @ anchor 0.03,1.513057454,0.003383316237,geom_mid15_sd707_r2_halfnormal @ anchor 0.25,0.003383316237,1.425522315,1.652377635,0,0,True
sd707_halfnormal,all,SD of the 3D maximal diameter 7.07 mm: half-normal shape at the recalibrated means (24 scenarios),0,SL,A4,largest view mean after review,bias_mm,24,24,0.009597737907,0.1731235849,0.007241603183,0.1306207289,-0.06189450272,0.004705141355,geom_mid15_sd707_r2_halfnormal @ anchor 0.25,0.891098902,0.004423707773,geom_mid15_sd707_r1_halfnormal @ anchor 0.03,0.004705141355,-0.5248314744,0.6248478046,0,0.2662510974,False
sd707_halfnormal,all,SD of the 3D maximal diameter 7.07 mm: half-normal shape at the recalibrated means (24 scenarios),0,SL,A4,largest view mean after review,rmse_mm,24,24,0.009597737907,0.1731235849,0.007241603183,0.1306207289,1.428636806,0.004503555254,geom_mid15_sd707_r2_halfnormal @ anchor 0.125,1.658600835,0.005277476847,geom_mid15_sd707_r1_halfnormal @ anchor 0.03,0.005277476847,1.42004453,1.729219088,0,0,True
sd707_halfnormal,all,SD of the 3D maximal diameter 7.07 mm: half-normal shape at the recalibrated means (24 scenarios),0,SL,A4,largest view mean after review,mae_mm,24,24,0.009597737907,0.1731235849,0.007241603183,0.1306207289,1.091928015,0.002924774708,geom_ind15_sd707_r2_halfnormal @ anchor 0.125,1.265981769,0.00338859613,geom_mid15_sd707_r1_halfnormal @ anchor 0.03,0.00338859613,,,,,
sd707_halfnormal,all,SD of the 3D maximal diameter 7.07 mm: half-normal shape at the recalibrated means (24 scenarios),0,SL,A4,largest view mean after review,sd_err_mm,24,24,0.009597737907,0.1731235849,0.007241603183,0.1306207289,1.383496049,0.003093606681,geom_ind00_sd707_r2_halfnormal @ anchor 0.06,1.487896339,0.003327053994,geom_mid15_sd707_r2_halfnormal @ anchor 0.25,0.003327053994,1.375939933,1.647658255,0,0,True
sd707_patient_geometry_reading1,all,"SD of the 3D maximal diameter 7.07 mm: patient-level geometric shape, reading 1",0,AP,A1,anchor-view mean,bias_mm,12,12,0.2496708666,0.2692276318,0.2133750112,0.2372126051,-1.923075698,0.008176218297,geom_ind15_sd707_r1_patient @ anchor 0.25,0.003085165303,0.006002848344,geom_ind15_sd707_r1_patient @ anchor 0.03,0.008176218297,-1.92746491,0.01615579299,0,0,True
sd707_patient_geometry_reading1,all,"SD of the 3D maximal diameter 7.07 mm: patient-level geometric shape, reading 1",0,AP,A1,anchor-view mean,rmse_mm,12,12,0.2496708666,0.2692276318,0.2133750112,0.2372126051,1.898260337,0.006719244452,geom_ind15_sd707_r1_patient @ anchor 0.03,3.222298536,0.01014760751,geom_ind15_sd707_r1_patient @ anchor 0.25,0.01014760751,1.900583197,3.232934252,0.002322860245,0,False
sd707_patient_geometry_reading1,all,"SD of the 3D maximal diameter 7.07 mm: patient-level geometric shape, reading 1",0,AP,A1,anchor-view mean,mae_mm,12,12,0.2496708666,0.2692276318,0.2133750112,0.2372126051,1.434267338,0.003932283019,geom_ind15_sd707_r1_patient @ anchor 0.03,2.435991123,0.006670232077,geom_ind15_sd707_r1_patient @ anchor 0.25,0.006670232077,,,,,
sd707_patient_geometry_reading1,all,"SD of the 3D maximal diameter 7.07 mm: patient-level geometric shape, reading 1",0,AP,A1,anchor-view mean,sd_err_mm,12,12,0.2496708666,0.2692276318,0.2133750112,0.2372126051,1.898267321,0.004244675994,geom_ind15_sd707_r1_patient @ anchor 0.03,2.585547246,0.005781488309,geom_ind15_sd707_r1_patient @ anchor 0.25,0.005781488309,1.900586393,2.596147514,0.002319072169,0,False
sd707_patient_geometry_reading1,all,"SD of the 3D maximal diameter 7.07 mm: patient-level geometric shape, reading 1",0,AP,A2,mean across views,bias_mm,12,12,0.2496708666,0.2692276318,0.2133750112,0.2372126051,-2.315932468,0.007652030603,geom_mid15_sd707_r1_patient @ anchor 0.25,-1.525355303,0.007363180417,geom_ind00_sd707_r1_patient @ anchor 0.03,0.007772660022,-3.160932123,-0.2750493415,0,0,True
sd707_patient_geometry_reading1,all,"SD of the 3D maximal diameter 7.07 mm: patient-level geometric shape, reading 1",0,AP,A2,mean across views,rmse_mm,12,12,0.2496708666,0.2692276318,0.2133750112,0.2372126051,2.783576327,0.00930019116,geom_ind00_sd707_r1_patient @ anchor 0.03,3.349453967,0.01000574467,geom_mid15_sd707_r1_patient @ anchor 0.25,0.01029766435,1.672772226,4.064358104,0,0,True
sd707_patient_geometry_reading1,all,"SD of the 3D maximal diameter 7.07 mm: patient-level geometric shape, reading 1",0,AP,A2,mean across views,mae_mm,12,12,0.2496708666,0.2692276318,0.2133750112,0.2372126051,2.050508334,0.005952938919,geom_ind00_sd707_r1_patient @ anchor 0.03,2.575646959,0.006771211465,geom_mid15_sd707_r1_patient @ anchor 0.25,0.006803482333,,,,,
sd707_patient_geometry_reading1,all,"SD of the 3D maximal diameter 7.07 mm: patient-level geometric shape, reading 1",0,AP,A2,mean across views,sd_err_mm,12,12,0.2496708666,0.2692276318,0.2133750112,0.2372126051,2.261744693,0.005057440168,geom_mid15_sd707_r1_patient @ anchor 0.03,2.457930915,0.00549612809,geom_ind00_sd707_r1_patient @ anchor 0.25,0.00549612809,1.643211904,2.554912951,0,0,True
sd707_patient_geometry_reading1,all,"SD of the 3D maximal diameter 7.07 mm: patient-level geometric shape, reading 1",0,AP,A3,largest view mean,bias_mm,12,12,0.2496708666,0.2692276318,0.2133750112,0.2372126051,-0.4323036603,0.007264469155,geom_ind00_sd707_r1_patient @ anchor 0.25,0.5089359453,0.006226129313,geom_mid15_sd707_r1_patient @ anchor 0.03,0.007264469155,-0.7675215473,0.919777008,0,0,True
sd707_patient_geometry_reading1,all,"SD of the 3D maximal diameter 7.07 mm: patient-level geometric shape, reading 1",0,AP,A3,largest view mean,rmse_mm,12,12,0.2496708666,0.2692276318,0.2133750112,0.2372126051,2.004721561,0.007722697408,geom_ind00_sd707_r1_patient @ anchor 0.06,2.337538212,0.008449676079,geom_ind00_sd707_r1_patient @ anchor 0.25,0.008571450109,1.961960353,2.438468169,0,0,True
sd707_patient_geometry_reading1,all,"SD of the 3D maximal diameter 7.07 mm: patient-level geometric shape, reading 1",0,AP,A3,largest view mean,mae_mm,12,12,0.2496708666,0.2692276318,0.2133750112,0.2372126051,1.483031866,0.004265610408,geom_ind00_sd707_r1_patient @ anchor 0.06,1.727752453,0.004978936779,geom_ind00_sd707_r1_patient @ anchor 0.25,0.004978936779,,,,,
sd707_patient_geometry_reading1,all,"SD of the 3D maximal diameter 7.07 mm: patient-level geometric shape, reading 1",0,AP,A3,largest view mean,sd_err_mm,12,12,0.2496708666,0.2692276318,0.2133750112,0.2372126051,1.967740588,0.004400023716,geom_ind00_sd707_r1_patient @ anchor 0.03,2.297226852,0.005136781085,geom_ind00_sd707_r1_patient @ anchor 0.25,0.005136781085,1.95011314,2.314539102,0,0,True
sd707_patient_geometry_reading1,all,"SD of the 3D maximal diameter 7.07 mm: patient-level geometric shape, reading 1",0,AP,A4,largest view mean after review,bias_mm,12,12,0.2496708666,0.2692276318,0.2133750112,0.2372126051,-0.6564446593,0.007042570703,geom_ind00_sd707_r1_patient @ anchor 0.25,0.4229856161,0.005990154877,geom_mid15_sd707_r1_patient @ anchor 0.03,0.007065086289,-0.9722003196,0.7626407532,0,0,True
sd707_patient_geometry_reading1,all,"SD of the 3D maximal diameter 7.07 mm: patient-level geometric shape, reading 1",0,AP,A4,largest view mean after review,rmse_mm,12,12,0.2496708666,0.2692276318,0.2133750112,0.2372126051,1.910624373,0.006915266807,geom_ind00_sd707_r1_patient @ anchor 0.06,2.32177738,0.00837913696,geom_ind00_sd707_r1_patient @ anchor 0.25,0.008593704819,1.906027253,2.50892998,0,0,True
sd707_patient_geometry_reading1,all,"SD of the 3D maximal diameter 7.07 mm: patient-level geometric shape, reading 1",0,AP,A4,largest view mean after review,mae_mm,12,12,0.2496708666,0.2692276318,0.2133750112,0.2372126051,1.434024686,0.003992586425,geom_ind00_sd707_r1_patient @ anchor 0.06,1.716003199,0.004945712975,geom_ind00_sd707_r1_patient @ anchor 0.25,0.004945712975,,,,,
sd707_patient_geometry_reading1,all,"SD of the 3D maximal diameter 7.07 mm: patient-level geometric shape, reading 1",0,AP,A4,largest view mean after review,sd_err_mm,12,12,0.2496708666,0.2692276318,0.2133750112,0.2372126051,1.893648644,0.004234348265,geom_ind00_sd707_r1_patient @ anchor 0.03,2.234176454,0.004995795403,geom_mid15_sd707_r1_patient @ anchor 0.25,0.004995795403,1.864172557,2.312922324,0,0,True
sd707_patient_geometry_reading1,all,"SD of the 3D maximal diameter 7.07 mm: patient-level geometric shape, reading 1",0,SL,A1,anchor-view mean,bias_mm,12,12,0.01426830533,0.02765716876,0.162943754,0.338777614,-1.233394657,0.005791084161,geom_ind15_sd707_r1_patient @ anchor 0.25,-5.091610478e-05,0.004518063982,geom_ind15_sd707_r1_patient @ anchor 0.03,0.005791084161,-1.236776292,0.009007702171,0,0,True
sd707_patient_geometry_reading1,all,"SD of the 3D maximal diameter 7.07 mm: patient-level geometric shape, reading 1",0,SL,A1,anchor-view mean,rmse_mm,12,12,0.01426830533,0.02765716876,0.162943754,0.338777614,1.428730137,0.004304265393,geom_ind15_sd707_r1_patient @ anchor 0.03,2.207916307,0.006746519721,geom_ind15_sd707_r1_patient @ anchor 0.25,0.006746519721,1.42503257,2.217793129,0,0,True
sd707_patient_geometry_reading1,all,"SD of the 3D maximal diameter 7.07 mm: patient-level geometric shape, reading 1",0,SL,A1,anchor-view mean,mae_mm,12,12,0.01426830533,0.02765716876,0.162943754,0.338777614,1.101346492,0.002878044461,geom_ind15_sd707_r1_patient @ anchor 0.03,1.678744808,0.004535119468,geom_ind15_sd707_r1_patient @ anchor 0.25,0.004535119468,,,,,
sd707_patient_geometry_reading1,all,"SD of the 3D maximal diameter 7.07 mm: patient-level geometric shape, reading 1",0,SL,A1,anchor-view mean,sd_err_mm,12,12,0.01426830533,0.02765716876,0.162943754,0.338777614,1.42873728,0.003194769654,geom_ind15_sd707_r1_patient @ anchor 0.03,1.831301607,0.004094935355,geom_ind15_sd707_r1_patient @ anchor 0.25,0.004094935355,1.425011226,1.842299872,0,0,True
sd707_patient_geometry_reading1,all,"SD of the 3D maximal diameter 7.07 mm: patient-level geometric shape, reading 1",0,SL,A2,mean across views,bias_mm,12,12,0.01426830533,0.02765716876,0.162943754,0.338777614,-0.3410826955,0.004524093243,geom_ind00_sd707_r1_patient @ anchor 0.25,0.135816057,0.005737185913,geom_mid15_sd707_r1_patient @ anchor 0.03,0.005852424593,-2.025949956,-0.1768472898,0,0.3126633468,False
sd707_patient_geometry_reading1,all,"SD of the 3D maximal diameter 7.07 mm: patient-level geometric shape, reading 1",0,SL,A2,mean across views,rmse_mm,12,12,0.01426830533,0.02765716876,0.162943754,0.338777614,1.386424788,0.004149756799,geom_ind00_sd707_r1_patient @ anchor 0.06,1.871053817,0.01020507533,geom_mid15_sd707_r1_patient @ anchor 0.25,0.01095474778,1.247666501,2.703301227,0,0,True
sd707_patient_geometry_reading1,all,"SD of the 3D maximal diameter 7.07 mm: patient-level geometric shape, reading 1",0,SL,A2,mean across views,mae_mm,12,12,0.01426830533,0.02765716876,0.162943754,0.338777614,1.059593214,0.002827443912,geom_ind00_sd707_r1_patient @ anchor 0.06,1.373653804,0.004017379438,geom_mid15_sd707_r1_patient @ anchor 0.25,0.004017379438,,,,,
sd707_patient_geometry_reading1,all,"SD of the 3D maximal diameter 7.07 mm: patient-level geometric shape, reading 1",0,SL,A2,mean across views,sd_err_mm,12,12,0.01426830533,0.02765716876,0.162943754,0.338777614,1.386361417,0.003100013869,geom_ind00_sd707_r1_patient @ anchor 0.06,1.850699155,0.004138309808,geom_mid15_sd707_r1_patient @ anchor 0.25,0.004138309808,1.232075416,1.789803434,0,0.06089572121,False
sd707_patient_geometry_reading1,all,"SD of the 3D maximal diameter 7.07 mm: patient-level geometric shape, reading 1",0,SL,A3,largest view mean,bias_mm,12,12,0.01426830533,0.02765716876,0.162943754,0.338777614,0.9738341224,0.005236925732,geom_ind00_sd707_r1_patient @ anchor 0.25,1.770198829,0.008631839494,geom_mid15_sd707_r1_patient @ anchor 0.03,0.008969538675,-0.437901431,0.6850496269,0,1.085149202,False
sd707_patient_geometry_reading1,all,"SD of the 3D maximal diameter 7.07 mm: patient-level geometric shape, reading 1",0,SL,A3,largest view mean,rmse_mm,12,12,0.01426830533,0.02765716876,0.162943754,0.338777614,1.921162301,0.006829945069,geom_ind00_sd707_r1_patient @ anchor 0.25,3.255868413,0.04513509088,geom_mid15_sd707_r1_patient @ anchor 0.25,0.04527586464,1.446643337,1.709409901,0,1.546458512,False
sd707_patient_geometry_reading1,all,"SD of the 3D maximal diameter 7.07 mm: patient-level geometric shape, reading 1",0,SL,A3,largest view mean,mae_mm,12,12,0.01426830533,0.02765716876,0.162943754,0.338777614,1.429289673,0.004059571523,geom_ind00_sd707_r1_patient @ anchor 0.25,2.084990546,0.007907942892,geom_mid15_sd707_r1_patient @ anchor 0.25,0.007907942892,,,,,
sd707_patient_geometry_reading1,all,"SD of the 3D maximal diameter 7.07 mm: patient-level geometric shape, reading 1",0,SL,A3,largest view mean,sd_err_mm,12,12,0.01426830533,0.02765716876,0.162943754,0.338777614,1.59820986,0.003573723757,geom_ind00_sd707_r1_patient @ anchor 0.03,2.836417177,0.006342453334,geom_mid15_sd707_r1_patient @ anchor 0.25,0.006342453334,1.425522315,1.652377635,0,1.184039542,False
sd707_patient_geometry_reading1,all,"SD of the 3D maximal diameter 7.07 mm: patient-level geometric shape, reading 1",0,SL,A4,largest view mean after review,bias_mm,12,12,0.01426830533,0.02765716876,0.162943754,0.338777614,0.7293690858,0.005077735815,geom_ind00_sd707_r1_patient @ anchor 0.25,1.529698088,0.00791276809,geom_mid15_sd707_r1_patient @ anchor 0.03,0.008457305598,-0.5248314744,0.6248478046,0,0.9048502834,False
sd707_patient_geometry_reading1,all,"SD of the 3D maximal diameter 7.07 mm: patient-level geometric shape, reading 1",0,SL,A4,largest view mean after review,rmse_mm,12,12,0.01426830533,0.02765716876,0.162943754,0.338777614,1.754054058,0.005637025587,geom_ind00_sd707_r1_patient @ anchor 0.125,2.937427856,0.04865643987,geom_mid15_sd707_r1_patient @ anchor 0.25,0.04907778869,1.42004453,1.729219088,0,1.208208768,False
sd707_patient_geometry_reading1,all,"SD of the 3D maximal diameter 7.07 mm: patient-level geometric shape, reading 1",0,SL,A4,largest view mean after review,mae_mm,12,12,0.01426830533,0.02765716876,0.162943754,0.338777614,1.332560337,0.003653203902,geom_ind00_sd707_r1_patient @ anchor 0.25,1.884653845,0.007105796148,geom_mid15_sd707_r1_patient @ anchor 0.03,0.007133940412,,,,,
sd707_patient_geometry_reading1,all,"SD of the 3D maximal diameter 7.07 mm: patient-level geometric shape, reading 1",0,SL,A4,largest view mean after review,sd_err_mm,12,12,0.01426830533,0.02765716876,0.162943754,0.338777614,1.495128344,0.003343225327,geom_ind00_sd707_r1_patient @ anchor 0.03,2.674434856,0.00598024804,geom_mid15_sd707_r1_patient @ anchor 0.25,0.00598024804,1.375939933,1.647658255,0,1.026776601,False
sd707_patient_geometry_reading2,all,"SD of the 3D maximal diameter 7.07 mm: patient-level geometric shape, reading 2",0,AP,A1,anchor-view mean,bias_mm,12,12,0.03576792784,0.138647464,0.05424694581,0.1877796749,-1.923075698,0.008176218297,geom_ind15_sd707_r2_patient @ anchor 0.25,0.003085165303,0.006002848344,geom_ind15_sd707_r2_patient @ anchor 0.03,0.008176218297,-1.92746491,0.01615579299,0,0,True
sd707_patient_geometry_reading2,all,"SD of the 3D maximal diameter 7.07 mm: patient-level geometric shape, reading 2",0,AP,A1,anchor-view mean,rmse_mm,12,12,0.03576792784,0.138647464,0.05424694581,0.1877796749,1.898260337,0.006719244452,geom_ind15_sd707_r2_patient @ anchor 0.03,3.222298536,0.01014760751,geom_ind15_sd707_r2_patient @ anchor 0.25,0.01014760751,1.900583197,3.232934252,0.002322860245,0,False
sd707_patient_geometry_reading2,all,"SD of the 3D maximal diameter 7.07 mm: patient-level geometric shape, reading 2",0,AP,A1,anchor-view mean,mae_mm,12,12,0.03576792784,0.138647464,0.05424694581,0.1877796749,1.434267338,0.003932283019,geom_ind15_sd707_r2_patient @ anchor 0.03,2.435991123,0.006670232077,geom_ind15_sd707_r2_patient @ anchor 0.25,0.006670232077,,,,,
sd707_patient_geometry_reading2,all,"SD of the 3D maximal diameter 7.07 mm: patient-level geometric shape, reading 2",0,AP,A1,anchor-view mean,sd_err_mm,12,12,0.03576792784,0.138647464,0.05424694581,0.1877796749,1.898267321,0.004244675994,geom_ind15_sd707_r2_patient @ anchor 0.03,2.585547246,0.005781488309,geom_ind15_sd707_r2_patient @ anchor 0.25,0.005781488309,1.900586393,2.596147514,0.002319072169,0,False
sd707_patient_geometry_reading2,all,"SD of the 3D maximal diameter 7.07 mm: patient-level geometric shape, reading 2",0,AP,A2,mean across views,bias_mm,12,12,0.03576792784,0.138647464,0.05424694581,0.1877796749,-1.356627032,0.006524785122,geom_mid15_sd707_r2_patient @ anchor 0.25,0.0403679681,0.005234417156,geom_ind00_sd707_r2_patient @ anchor 0.03,0.006524785122,-3.160932123,-0.2750493415,0,0.3154173096,False
sd707_patient_geometry_reading2,all,"SD of the 3D maximal diameter 7.07 mm: patient-level geometric shape, reading 2",0,AP,A2,mean across views,rmse_mm,12,12,0.03576792784,0.138647464,0.05424694581,0.1877796749,1.653892004,0.005212234612,geom_ind00_sd707_r2_patient @ anchor 0.06,2.469347367,0.007967682206,geom_mid15_sd707_r2_patient @ anchor 0.25,0.007967682206,1.672772226,4.064358104,0.01888022201,0,False
sd707_patient_geometry_reading2,all,"SD of the 3D maximal diameter 7.07 mm: patient-level geometric shape, reading 2",0,AP,A2,mean across views,mae_mm,12,12,0.03576792784,0.138647464,0.05424694581,0.1877796749,1.254033142,0.003418957498,geom_ind00_sd707_r2_patient @ anchor 0.03,1.860915669,0.005132928637,geom_mid15_sd707_r2_patient @ anchor 0.25,0.005132928637,,,,,
sd707_patient_geometry_reading2,all,"SD of the 3D maximal diameter 7.07 mm: patient-level geometric shape, reading 2",0,AP,A2,mean across views,sd_err_mm,12,12,0.03576792784,0.138647464,0.05424694581,0.1877796749,1.653226794,0.003696745977,geom_ind00_sd707_r2_patient @ anchor 0.06,2.063318223,0.004613742874,geom_mid15_sd707_r2_patient @ anchor 0.25,0.004613742874,1.643211904,2.554912951,0,0,True
sd707_patient_geometry_reading2,all,"SD of the 3D maximal diameter 7.07 mm: patient-level geometric shape, reading 2",0,AP,A3,largest view mean,bias_mm,12,12,0.03576792784,0.138647464,0.05424694581,0.1877796749,0.4637285192,0.006788090735,geom_mid15_sd707_r2_patient @ anchor 0.25,1.205979219,0.006431271109,geom_ind00_sd707_r2_patient @ anchor 0.03,0.006788090735,-0.7675215473,0.919777008,0,0.286202211,False
sd707_patient_geometry_reading2,all,"SD of the 3D maximal diameter 7.07 mm: patient-level geometric shape, reading 2",0,AP,A3,largest view mean,rmse_mm,12,12,0.03576792784,0.138647464,0.05424694581,0.1877796749,2.160217258,0.008491119435,geom_mid15_sd707_r2_patient @ anchor 0.125,2.364417333,0.009233382855,geom_ind00_sd707_r2_patient @ anchor 0.03,0.009233382855,1.961960353,2.438468169,0,0,True
sd707_patient_geometry_reading2,all,"SD of the 3D maximal diameter 7.07 mm: patient-level geometric shape, reading 2",0,AP,A3,largest view mean,mae_mm,12,12,0.03576792784,0.138647464,0.05424694581,0.1877796749,1.578069309,0.004665037642,geom_mid15_sd707_r2_patient @ anchor 0.125,1.723430797,0.005118868834,geom_ind00_sd707_r2_patient @ anchor 0.03,0.005118868834,,,,,
sd707_patient_geometry_reading2,all,"SD of the 3D maximal diameter 7.07 mm: patient-level geometric shape, reading 2",0,AP,A3,largest view mean,sd_err_mm,12,12,0.03576792784,0.138647464,0.05424694581,0.1877796749,2.010921395,0.004496579419,geom_mid15_sd707_r2_patient @ anchor 0.03,2.146582769,0.00479992899,geom_mid15_sd707_r2_patient @ anchor 0.25,0.00479992899,1.95011314,2.314539102,0,0,True
sd707_patient_geometry_reading2,all,"SD of the 3D maximal diameter 7.07 mm: patient-level geometric shape, reading 2",0,AP,A4,largest view mean after review,bias_mm,12,12,0.03576792784,0.138647464,0.05424694581,0.1877796749,0.0908745574,0.006705896995,geom_mid15_sd707_r2_patient @ anchor 0.25,1.01104845,0.005964673976,geom_ind00_sd707_r2_patient @ anchor 0.03,0.006705896995,-0.9722003196,0.7626407532,0,0.2484076968,False
sd707_patient_geometry_reading2,all,"SD of the 3D maximal diameter 7.07 mm: patient-level geometric shape, reading 2",0,AP,A4,largest view mean after review,rmse_mm,12,12,0.03576792784,0.138647464,0.05424694581,0.1877796749,1.991372361,0.007122039725,geom_mid15_sd707_r2_patient @ anchor 0.125,2.140074054,0.007865786146,geom_ind00_sd707_r2_patient @ anchor 0.03,0.007865786146,1.906027253,2.50892998,0,0,True
sd707_patient_geometry_reading2,all,"SD of the 3D maximal diameter 7.07 mm: patient-level geometric shape, reading 2",0,AP,A4,largest view mean after review,mae_mm,12,12,0.03576792784,0.138647464,0.05424694581,0.1877796749,1.485748779,0.004193008499,geom_mid15_sd707_r2_patient @ anchor 0.125,1.592898326,0.004519526861,geom_ind00_sd707_r2_patient @ anchor 0.03,0.00455089113,,,,,
sd707_patient_geometry_reading2,all,"SD of the 3D maximal diameter 7.07 mm: patient-level geometric shape, reading 2",0,AP,A4,largest view mean after review,sd_err_mm,12,12,0.03576792784,0.138647464,0.05424694581,0.1877796749,1.882454192,0.004209316584,geom_ind00_sd707_r2_patient @ anchor 0.06,2.120590826,0.004741808948,geom_mid15_sd707_r2_patient @ anchor 0.25,0.004741808948,1.864172557,2.312922324,0,0,True
sd707_patient_geometry_reading2,all,"SD of the 3D maximal diameter 7.07 mm: patient-level geometric shape, reading 2",0,SL,A1,anchor-view mean,bias_mm,12,12,0.09982338383,0.1740901875,0.1462783964,0.2169397141,-1.233394657,0.005791084161,geom_ind15_sd707_r2_patient @ anchor 0.25,-5.091610478e-05,0.004518063982,geom_ind15_sd707_r2_patient @ anchor 0.03,0.005791084161,-1.236776292,0.009007702171,0,0,True
sd707_patient_geometry_reading2,all,"SD of the 3D maximal diameter 7.07 mm: patient-level geometric shape, reading 2",0,SL,A1,anchor-view mean,rmse_mm,12,12,0.09982338383,0.1740901875,0.1462783964,0.2169397141,1.428730137,0.004304265393,geom_ind15_sd707_r2_patient @ anchor 0.03,2.207916307,0.006746519721,geom_ind15_sd707_r2_patient @ anchor 0.25,0.006746519721,1.42503257,2.217793129,0,0,True
sd707_patient_geometry_reading2,all,"SD of the 3D maximal diameter 7.07 mm: patient-level geometric shape, reading 2",0,SL,A1,anchor-view mean,mae_mm,12,12,0.09982338383,0.1740901875,0.1462783964,0.2169397141,1.101346492,0.002878044461,geom_ind15_sd707_r2_patient @ anchor 0.03,1.678744808,0.004535119468,geom_ind15_sd707_r2_patient @ anchor 0.25,0.004535119468,,,,,
sd707_patient_geometry_reading2,all,"SD of the 3D maximal diameter 7.07 mm: patient-level geometric shape, reading 2",0,SL,A1,anchor-view mean,sd_err_mm,12,12,0.09982338383,0.1740901875,0.1462783964,0.2169397141,1.42873728,0.003194769654,geom_ind15_sd707_r2_patient @ anchor 0.03,1.831301607,0.004094935355,geom_ind15_sd707_r2_patient @ anchor 0.25,0.004094935355,1.425011226,1.842299872,0,0,True
sd707_patient_geometry_reading2,all,"SD of the 3D maximal diameter 7.07 mm: patient-level geometric shape, reading 2",0,SL,A2,mean across views,bias_mm,12,12,0.09982338383,0.1740901875,0.1462783964,0.2169397141,-1.026551183,0.004889224907,geom_mid15_sd707_r2_patient @ anchor 0.25,-0.2685606158,0.004212240858,geom_ind00_sd707_r2_patient @ anchor 0.03,0.004889224907,-2.025949956,-0.1768472898,0,0,True
sd707_patient_geometry_reading2,all,"SD of the 3D maximal diameter 7.07 mm: patient-level geometric shape, reading 2",0,SL,A2,mean across views,rmse_mm,12,12,0.09982338383,0.1740901875,0.1462783964,0.2169397141,1.358824627,0.003915954399,geom_ind00_sd707_r2_patient @ anchor 0.03,1.855865148,0.005587652926,geom_mid15_sd707_r2_patient @ anchor 0.25,0.005587652926,1.247666501,2.703301227,0,0,True
sd707_patient_geometry_reading2,all,"SD of the 3D maximal diameter 7.07 mm: patient-level geometric shape, reading 2",0,SL,A2,mean across views,mae_mm,12,12,0.09982338383,0.1740901875,0.1462783964,0.2169397141,1.043566637,0.002752054895,geom_ind00_sd707_r2_patient @ anchor 0.03,1.413920272,0.003801419947,geom_mid15_sd707_r2_patient @ anchor 0.25,0.003801419947,,,,,
sd707_patient_geometry_reading2,all,"SD of the 3D maximal diameter 7.07 mm: patient-level geometric shape, reading 2",0,SL,A2,mean across views,sd_err_mm,12,12,0.09982338383,0.1740901875,0.1462783964,0.2169397141,1.332027517,0.002978518968,geom_ind00_sd707_r2_patient @ anchor 0.03,1.54610867,0.003457221373,geom_mid15_sd707_r2_patient @ anchor 0.25,0.003457221373,1.232075416,1.789803434,0,0,True
sd707_patient_geometry_reading2,all,"SD of the 3D maximal diameter 7.07 mm: patient-level geometric shape, reading 2",0,SL,A3,largest view mean,bias_mm,12,12,0.09982338383,0.1740901875,0.1462783964,0.2169397141,0.2859696278,0.00498413466,geom_mid15_sd707_r2_patient @ anchor 0.25,0.7286132969,0.004650261248,geom_ind00_sd707_r2_patient @ anchor 0.03,0.00498413466,-0.437901431,0.6850496269,0,0.04356366996,False
sd707_patient_geometry_reading2,all,"SD of the 3D maximal diameter 7.07 mm: patient-level geometric shape, reading 2",0,SL,A3,largest view mean,rmse_mm,12,12,0.09982338383,0.1740901875,0.1462783964,0.2169397141,1.567593385,0.005634852406,geom_mid15_sd707_r2_patient @ anchor 0.125,1.641142492,0.005935447482,geom_ind00_sd707_r2_patient @ anchor 0.03,0.005935447482,1.446643337,1.709409901,0,0,True
sd707_patient_geometry_reading2,all,"SD of the 3D maximal diameter 7.07 mm: patient-level geometric shape, reading 2",0,SL,A3,largest view mean,mae_mm,12,12,0.09982338383,0.1740901875,0.1462783964,0.2169397141,1.173002957,0.003288501022,geom_mid15_sd707_r2_patient @ anchor 0.125,1.225415646,0.003452125563,geom_ind00_sd707_r2_patient @ anchor 0.03,0.003452125563,,,,,
sd707_patient_geometry_reading2,all,"SD of the 3D maximal diameter 7.07 mm: patient-level geometric shape, reading 2",0,SL,A3,largest view mean,sd_err_mm,12,12,0.09982338383,0.1740901875,0.1462783964,0.2169397141,1.469147402,0.003285129886,geom_mid15_sd707_r2_patient @ anchor 0.03,1.576121769,0.003524333038,geom_mid15_sd707_r2_patient @ anchor 0.25,0.003524333038,1.425522315,1.652377635,0,0,True
sd707_patient_geometry_reading2,all,"SD of the 3D maximal diameter 7.07 mm: patient-level geometric shape, reading 2",0,SL,A4,largest view mean after review,bias_mm,12,12,0.09982338383,0.1740901875,0.1462783964,0.2169397141,0.1204753347,0.004904555438,geom_mid15_sd707_r2_patient @ anchor 0.25,0.6647750669,0.004437979495,geom_ind00_sd707_r2_patient @ anchor 0.03,0.004904555438,-0.5248314744,0.6248478046,0,0.03992726227,False
sd707_patient_geometry_reading2,all,"SD of the 3D maximal diameter 7.07 mm: patient-level geometric shape, reading 2",0,SL,A4,largest view mean after review,rmse_mm,12,12,0.09982338383,0.1740901875,0.1462783964,0.2169397141,1.483837382,0.004751786871,geom_mid15_sd707_r2_patient @ anchor 0.125,1.555620987,0.005298588067,geom_mid15_sd707_r2_patient @ anchor 0.25,0.005298588067,1.42004453,1.729219088,0,0,True
sd707_patient_geometry_reading2,all,"SD of the 3D maximal diameter 7.07 mm: patient-level geometric shape, reading 2",0,SL,A4,largest view mean after review,mae_mm,12,12,0.09982338383,0.1740901875,0.1462783964,0.2169397141,1.131198056,0.003036731061,geom_mid15_sd707_r2_patient @ anchor 0.125,1.181265482,0.003187623592,geom_ind00_sd707_r2_patient @ anchor 0.03,0.003241239341,,,,,
sd707_patient_geometry_reading2,all,"SD of the 3D maximal diameter 7.07 mm: patient-level geometric shape, reading 2",0,SL,A4,largest view mean after review,sd_err_mm,12,12,0.09982338383,0.1740901875,0.1462783964,0.2169397141,1.403412341,0.003138141086,geom_ind00_sd707_r2_patient @ anchor 0.03,1.55095661,0.00346806175,geom_mid15_sd707_r2_patient @ anchor 0.25,0.00346806175,1.375939933,1.647658255,0,0,True
sd707_all,all,SD of the 3D maximal diameter 7.07 mm: half-normal and patient-level geometric shapes (48 scenarios),0,AP,A1,anchor-view mean,bias_mm,48,48,0.03576792784,0.2692276318,0.02711610014,0.2372126051,-1.923075698,0.008176218297,geom_ind15_sd707_r1_halfnormal @ anchor 0.25,0.003085165303,0.006002848344,geom_ind15_sd707_r1_halfnormal @ anchor 0.03,0.008176218297,-1.92746491,0.01615579299,0,0,True
sd707_all,all,SD of the 3D maximal diameter 7.07 mm: half-normal and patient-level geometric shapes (48 scenarios),0,AP,A1,anchor-view mean,rmse_mm,48,48,0.03576792784,0.2692276318,0.02711610014,0.2372126051,1.898260337,0.006719244452,geom_ind15_sd707_r1_halfnormal @ anchor 0.03,3.222298536,0.01014760751,geom_ind15_sd707_r1_halfnormal @ anchor 0.25,0.01014760751,1.900583197,3.232934252,0.002322860245,0,False
sd707_all,all,SD of the 3D maximal diameter 7.07 mm: half-normal and patient-level geometric shapes (48 scenarios),0,AP,A1,anchor-view mean,mae_mm,48,48,0.03576792784,0.2692276318,0.02711610014,0.2372126051,1.434267338,0.003932283019,geom_ind15_sd707_r1_halfnormal @ anchor 0.03,2.435991123,0.006670232077,geom_ind15_sd707_r1_halfnormal @ anchor 0.25,0.006670232077,,,,,
sd707_all,all,SD of the 3D maximal diameter 7.07 mm: half-normal and patient-level geometric shapes (48 scenarios),0,AP,A1,anchor-view mean,sd_err_mm,48,48,0.03576792784,0.2692276318,0.02711610014,0.2372126051,1.898267321,0.004244675994,geom_ind15_sd707_r1_halfnormal @ anchor 0.03,2.585547246,0.005781488309,geom_ind15_sd707_r1_halfnormal @ anchor 0.25,0.005781488309,1.900586393,2.596147514,0.002319072169,0,False
sd707_all,all,SD of the 3D maximal diameter 7.07 mm: half-normal and patient-level geometric shapes (48 scenarios),0,AP,A2,mean across views,bias_mm,48,48,0.03576792784,0.2692276318,0.02711610014,0.2372126051,-2.315932468,0.007652030603,geom_mid15_sd707_r1_patient @ anchor 0.25,0.0403679681,0.005234417156,geom_ind00_sd707_r2_patient @ anchor 0.03,0.007772660022,-3.160932123,-0.2750493415,0,0.3154173096,False
sd707_all,all,SD of the 3D maximal diameter 7.07 mm: half-normal and patient-level geometric shapes (48 scenarios),0,AP,A2,mean across views,rmse_mm,48,48,0.03576792784,0.2692276318,0.02711610014,0.2372126051,1.628257505,0.005077521813,geom_ind00_sd707_r2_halfnormal @ anchor 0.06,3.349453967,0.01000574467,geom_mid15_sd707_r1_patient @ anchor 0.25,0.01029766435,1.672772226,4.064358104,0.04451472101,0,False
sd707_all,all,SD of the 3D maximal diameter 7.07 mm: half-normal and patient-level geometric shapes (48 scenarios),0,AP,A2,mean across views,mae_mm,48,48,0.03576792784,0.2692276318,0.02711610014,0.2372126051,1.237413002,0.003360025036,geom_ind00_sd707_r2_halfnormal @ anchor 0.03,2.575646959,0.006771211465,geom_mid15_sd707_r1_patient @ anchor 0.25,0.006803482333,,,,,
sd707_all,all,SD of the 3D maximal diameter 7.07 mm: half-normal and patient-level geometric shapes (48 scenarios),0,AP,A2,mean across views,sd_err_mm,48,48,0.03576792784,0.2692276318,0.02711610014,0.2372126051,1.627021933,0.003638149834,geom_ind15_sd707_r2_halfnormal @ anchor 0.06,2.457930915,0.00549612809,geom_ind00_sd707_r1_patient @ anchor 0.25,0.00549612809,1.643211904,2.554912951,0.01618997139,0,False
sd707_all,all,SD of the 3D maximal diameter 7.07 mm: half-normal and patient-level geometric shapes (48 scenarios),0,AP,A3,largest view mean,bias_mm,48,48,0.03576792784,0.2692276318,0.02711610014,0.2372126051,-0.4323036603,0.007264469155,geom_ind00_sd707_r1_patient @ anchor 0.25,1.205979219,0.006431271109,geom_ind00_sd707_r2_patient @ anchor 0.03,0.007264469155,-0.7675215473,0.919777008,0,0.286202211,False
sd707_all,all,SD of the 3D maximal diameter 7.07 mm: half-normal and patient-level geometric shapes (48 scenarios),0,AP,A3,largest view mean,rmse_mm,48,48,0.03576792784,0.2692276318,0.02711610014,0.2372126051,1.972657437,0.00752669591,geom_mid15_sd707_r1_halfnormal @ anchor 0.06,2.364417333,0.009233382855,geom_ind00_sd707_r2_patient @ anchor 0.03,0.009233382855,1.961960353,2.438468169,0,0,True
sd707_all,all,SD of the 3D maximal diameter 7.07 mm: half-normal and patient-level geometric shapes (48 scenarios),0,AP,A3,largest view mean,mae_mm,48,48,0.03576792784,0.2692276318,0.02711610014,0.2372126051,1.46300018,0.004184525476,geom_mid15_sd707_r1_halfnormal @ anchor 0.06,1.727752453,0.004978936779,geom_ind00_sd707_r1_patient @ anchor 0.25,0.005118868834,,,,,
sd707_all,all,SD of the 3D maximal diameter 7.07 mm: half-normal and patient-level geometric shapes (48 scenarios),0,AP,A3,largest view mean,sd_err_mm,48,48,0.03576792784,0.2692276318,0.02711610014,0.2372126051,1.943993053,0.00434692235,geom_mid15_sd707_r1_halfnormal @ anchor 0.03,2.297226852,0.005136781085,geom_ind00_sd707_r1_patient @ anchor 0.25,0.005136781085,1.95011314,2.314539102,0.006120086796,0,False
sd707_all,all,SD of the 3D maximal diameter 7.07 mm: half-normal and patient-level geometric shapes (48 scenarios),0,AP,A4,largest view mean after review,bias_mm,48,48,0.03576792784,0.2692276318,0.02711610014,0.2372126051,-0.6739579777,0.006900254543,geom_mid15_sd707_r1_halfnormal @ anchor 0.25,1.01104845,0.005964673976,geom_ind00_sd707_r2_patient @ anchor 0.03,0.007065086289,-0.9722003196,0.7626407532,0,0.2484076968,False
sd707_all,all,SD of the 3D maximal diameter 7.07 mm: half-normal and patient-level geometric shapes (48 scenarios),0,AP,A4,largest view mean after review,rmse_mm,48,48,0.03576792784,0.2692276318,0.02711610014,0.2372126051,1.897223638,0.00675185114,geom_mid15_sd707_r1_halfnormal @ anchor 0.06,2.32177738,0.00837913696,geom_ind00_sd707_r1_patient @ anchor 0.25,0.008593704819,1.906027253,2.50892998,0.00880361541,0,False
sd707_all,all,SD of the 3D maximal diameter 7.07 mm: half-normal and patient-level geometric shapes (48 scenarios),0,AP,A4,largest view mean after review,mae_mm,48,48,0.03576792784,0.2692276318,0.02711610014,0.2372126051,1.425156988,0.003960696122,geom_ind00_sd707_r1_halfnormal @ anchor 0.06,1.716003199,0.004945712975,geom_ind00_sd707_r1_patient @ anchor 0.25,0.004945712975,,,,,
sd707_all,all,SD of the 3D maximal diameter 7.07 mm: half-normal and patient-level geometric shapes (48 scenarios),0,AP,A4,largest view mean after review,sd_err_mm,48,48,0.03576792784,0.2692276318,0.02711610014,0.2372126051,1.858976297,0.004156818152,geom_ind15_sd707_r2_halfnormal @ anchor 0.06,2.234176454,0.004995795403,geom_mid15_sd707_r1_patient @ anchor 0.25,0.004995795403,1.864172557,2.312922324,0.005196259662,0,False
sd707_all,all,SD of the 3D maximal diameter 7.07 mm: half-normal and patient-level geometric shapes (48 scenarios),0,SL,A1,anchor-view mean,bias_mm,48,48,0.009597737907,0.1740901875,0.007241603183,0.338777614,-1.233394657,0.005791084161,geom_ind15_sd707_r1_halfnormal @ anchor 0.25,-5.091610478e-05,0.004518063982,geom_ind15_sd707_r1_halfnormal @ anchor 0.03,0.005791084161,-1.236776292,0.009007702171,0,0,True
sd707_all,all,SD of the 3D maximal diameter 7.07 mm: half-normal and patient-level geometric shapes (48 scenarios),0,SL,A1,anchor-view mean,rmse_mm,48,48,0.009597737907,0.1740901875,0.007241603183,0.338777614,1.428730137,0.004304265393,geom_ind15_sd707_r1_halfnormal @ anchor 0.03,2.207916307,0.006746519721,geom_ind15_sd707_r1_halfnormal @ anchor 0.25,0.006746519721,1.42503257,2.217793129,0,0,True
sd707_all,all,SD of the 3D maximal diameter 7.07 mm: half-normal and patient-level geometric shapes (48 scenarios),0,SL,A1,anchor-view mean,mae_mm,48,48,0.009597737907,0.1740901875,0.007241603183,0.338777614,1.101346492,0.002878044461,geom_ind15_sd707_r1_halfnormal @ anchor 0.03,1.678744808,0.004535119468,geom_ind15_sd707_r1_halfnormal @ anchor 0.25,0.004535119468,,,,,
sd707_all,all,SD of the 3D maximal diameter 7.07 mm: half-normal and patient-level geometric shapes (48 scenarios),0,SL,A1,anchor-view mean,sd_err_mm,48,48,0.009597737907,0.1740901875,0.007241603183,0.338777614,1.42873728,0.003194769654,geom_ind15_sd707_r1_halfnormal @ anchor 0.03,1.831301607,0.004094935355,geom_ind15_sd707_r1_halfnormal @ anchor 0.25,0.004094935355,1.425011226,1.842299872,0,0,True
sd707_all,all,SD of the 3D maximal diameter 7.07 mm: half-normal and patient-level geometric shapes (48 scenarios),0,SL,A2,mean across views,bias_mm,48,48,0.009597737907,0.1740901875,0.007241603183,0.338777614,-1.026551183,0.004889224907,geom_mid15_sd707_r2_patient @ anchor 0.25,0.1518272197,0.003921427919,geom_mid15_sd707_r1_halfnormal @ anchor 0.03,0.005852424593,-2.025949956,-0.1768472898,0,0.3286745095,False
sd707_all,all,SD of the 3D maximal diameter 7.07 mm: half-normal and patient-level geometric shapes (48 scenarios),0,SL,A2,mean across views,rmse_mm,48,48,0.009597737907,0.1740901875,0.007241603183,0.338777614,1.231592772,0.003494121674,geom_ind00_sd707_r1_halfnormal @ anchor 0.06,1.871053817,0.01020507533,geom_mid15_sd707_r1_patient @ anchor 0.25,0.01095474778,1.247666501,2.703301227,0.01607372859,0,False
sd707_all,all,SD of the 3D maximal diameter 7.07 mm: half-normal and patient-level geometric shapes (48 scenarios),0,SL,A2,mean across views,mae_mm,48,48,0.009597737907,0.1740901875,0.007241603183,0.338777614,0.9514648402,0.002472936575,geom_ind00_sd707_r1_halfnormal @ anchor 0.06,1.413920272,0.003801419947,geom_mid15_sd707_r2_patient @ anchor 0.25,0.004017379438,,,,,
sd707_all,all,SD of the 3D maximal diameter 7.07 mm: half-normal and patient-level geometric shapes (48 scenarios),0,SL,A2,mean across views,sd_err_mm,48,48,0.009597737907,0.1740901875,0.007241603183,0.338777614,1.231492422,0.002753714537,geom_ind00_sd707_r1_halfnormal @ anchor 0.06,1.850699155,0.004138309808,geom_mid15_sd707_r1_patient @ anchor 0.25,0.004138309808,1.232075416,1.789803434,0.0005829940697,0.06089572121,False
sd707_all,all,SD of the 3D maximal diameter 7.07 mm: half-normal and patient-level geometric shapes (48 scenarios),0,SL,A3,largest view mean,bias_mm,48,48,0.009597737907,0.1740901875,0.007241603183,0.338777614,0.07098683518,0.004784707784,geom_mid15_sd707_r2_halfnormal @ anchor 0.25,1.770198829,0.008631839494,geom_mid15_sd707_r1_patient @ anchor 0.03,0.008969538675,-0.437901431,0.6850496269,0,1.085149202,False
sd707_all,all,SD of the 3D maximal diameter 7.07 mm: half-normal and patient-level geometric shapes (48 scenarios),0,SL,A3,largest view mean,rmse_mm,48,48,0.009597737907,0.1740901875,0.007241603183,0.338777614,1.486741109,0.005202893669,geom_mid15_sd707_r2_halfnormal @ anchor 0.125,3.255868413,0.04513509088,geom_mid15_sd707_r1_patient @ anchor 0.25,0.04527586464,1.446643337,1.709409901,0,1.546458512,False
sd707_all,all,SD of the 3D maximal diameter 7.07 mm: half-normal and patient-level geometric shapes (48 scenarios),0,SL,A3,largest view mean,mae_mm,48,48,0.009597737907,0.1740901875,0.007241603183,0.338777614,1.119807357,0.003092636694,geom_mid15_sd707_r2_halfnormal @ anchor 0.125,2.084990546,0.007907942892,geom_mid15_sd707_r1_patient @ anchor 0.25,0.007907942892,,,,,
sd707_all,all,SD of the 3D maximal diameter 7.07 mm: half-normal and patient-level geometric shapes (48 scenarios),0,SL,A3,largest view mean,sd_err_mm,48,48,0.009597737907,0.1740901875,0.007241603183,0.338777614,1.438429074,0.003216441273,geom_mid15_sd707_r2_halfnormal @ anchor 0.03,2.836417177,0.006342453334,geom_mid15_sd707_r1_patient @ anchor 0.25,0.006342453334,1.425522315,1.652377635,0,1.184039542,False
sd707_all,all,SD of the 3D maximal diameter 7.07 mm: half-normal and patient-level geometric shapes (48 scenarios),0,SL,A4,largest view mean after review,bias_mm,48,48,0.009597737907,0.1740901875,0.007241603183,0.338777614,-0.06189450272,0.004705141355,geom_mid15_sd707_r2_halfnormal @ anchor 0.25,1.529698088,0.00791276809,geom_mid15_sd707_r1_patient @ anchor 0.03,0.008457305598,-0.5248314744,0.6248478046,0,0.9048502834,False
sd707_all,all,SD of the 3D maximal diameter 7.07 mm: half-normal and patient-level geometric shapes (48 scenarios),0,SL,A4,largest view mean after review,rmse_mm,48,48,0.009597737907,0.1740901875,0.007241603183,0.338777614,1.428636806,0.004503555254,geom_mid15_sd707_r2_halfnormal @ anchor 0.125,2.937427856,0.04865643987,geom_mid15_sd707_r1_patient @ anchor 0.25,0.04907778869,1.42004453,1.729219088,0,1.208208768,False
sd707_all,all,SD of the 3D maximal diameter 7.07 mm: half-normal and patient-level geometric shapes (48 scenarios),0,SL,A4,largest view mean after review,mae_mm,48,48,0.009597737907,0.1740901875,0.007241603183,0.338777614,1.091928015,0.002924774708,geom_ind15_sd707_r2_halfnormal @ anchor 0.125,1.884653845,0.007105796148,geom_mid15_sd707_r1_patient @ anchor 0.03,0.007133940412,,,,,
sd707_all,all,SD of the 3D maximal diameter 7.07 mm: half-normal and patient-level geometric shapes (48 scenarios),0,SL,A4,largest view mean after review,sd_err_mm,48,48,0.009597737907,0.1740901875,0.007241603183,0.338777614,1.383496049,0.003093606681,geom_ind00_sd707_r2_halfnormal @ anchor 0.06,2.674434856,0.00598024804,geom_mid15_sd707_r1_patient @ anchor 0.25,0.00598024804,1.375939933,1.647658255,0,1.026776601,False
patient_geometry_reading1,ind15,"patient-level geometric shape, reading 1, variant ind15",0,AP,A1,anchor-view mean,bias_mm,4,4,0.2943634529,0.2943634529,0.1898821109,0.1898821109,-1.923075698,0.008176218297,geom_ind15_r1_patient @ anchor 0.25,0.003085165303,0.006002848344,geom_ind15_r1_patient @ anchor 0.03,0.008176218297,-1.92746491,0.01615579299,0,0,True
patient_geometry_reading1,ind15,"patient-level geometric shape, reading 1, variant ind15",0,AP,A1,anchor-view mean,rmse_mm,4,4,0.2943634529,0.2943634529,0.1898821109,0.1898821109,1.898260337,0.006719244452,geom_ind15_r1_patient @ anchor 0.03,3.222298536,0.01014760751,geom_ind15_r1_patient @ anchor 0.25,0.01014760751,1.900583197,3.232934252,0.002322860245,0,False
patient_geometry_reading1,ind15,"patient-level geometric shape, reading 1, variant ind15",0,AP,A1,anchor-view mean,mae_mm,4,4,0.2943634529,0.2943634529,0.1898821109,0.1898821109,1.434267338,0.003932283019,geom_ind15_r1_patient @ anchor 0.03,2.435991123,0.006670232077,geom_ind15_r1_patient @ anchor 0.25,0.006670232077,,,,,
patient_geometry_reading1,ind15,"patient-level geometric shape, reading 1, variant ind15",0,AP,A1,anchor-view mean,sd_err_mm,4,4,0.2943634529,0.2943634529,0.1898821109,0.1898821109,1.898267321,0.004244675994,geom_ind15_r1_patient @ anchor 0.03,2.585547246,0.005781488309,geom_ind15_r1_patient @ anchor 0.25,0.005781488309,1.900586393,2.596147514,0.002319072169,0,False
patient_geometry_reading1,ind15,"patient-level geometric shape, reading 1, variant ind15",0,AP,A2,mean across views,bias_mm,4,4,0.2943634529,0.2943634529,0.1898821109,0.1898821109,-2.500015641,0.007147734851,geom_ind15_r1_patient @ anchor 0.25,-1.85796202,0.006607106926,geom_ind15_r1_patient @ anchor 0.03,0.007147734851,-3.160932123,-0.2750493415,0,0,True
patient_geometry_reading1,ind15,"patient-level geometric shape, reading 1, variant ind15",0,AP,A2,mean across views,rmse_mm,4,4,0.2943634529,0.2943634529,0.1898821109,0.1898821109,2.795955187,0.007801026099,geom_ind15_r1_patient @ anchor 0.03,3.370317265,0.008979491818,geom_ind15_r1_patient @ anchor 0.25,0.008979491818,1.672772226,4.064358104,0,0,True
patient_geometry_reading1,ind15,"patient-level geometric shape, reading 1, variant ind15",0,AP,A2,mean across views,mae_mm,4,4,0.2943634529,0.2943634529,0.1898821109,0.1898821109,2.169187479,0.005578550176,geom_ind15_r1_patient @ anchor 0.03,2.673995946,0.006487546715,geom_ind15_r1_patient @ anchor 0.25,0.006487546715,,,,,
patient_geometry_reading1,ind15,"patient-level geometric shape, reading 1, variant ind15",0,AP,A2,mean across views,sd_err_mm,4,4,0.2943634529,0.2943634529,0.1898821109,0.1898821109,2.089350663,0.004671953471,geom_ind15_r1_patient @ anchor 0.03,2.260312224,0.005054237054,geom_ind15_r1_patient @ anchor 0.25,0.005054237054,1.643211904,2.554912951,0,0,True
patient_geometry_reading1,ind15,"patient-level geometric shape, reading 1, variant ind15",0,AP,A3,largest view mean,bias_mm,4,4,0.2943634529,0.2943634529,0.1898821109,0.1898821109,-0.6667383947,0.007025404038,geom_ind15_r1_patient @ anchor 0.25,0.3305612451,0.006116549541,geom_ind15_r1_patient @ anchor 0.03,0.007025404038,-0.7675215473,0.919777008,0,0,True
patient_geometry_reading1,ind15,"patient-level geometric shape, reading 1, variant ind15",0,AP,A3,largest view mean,rmse_mm,4,4,0.2943634529,0.2943634529,0.1898821109,0.1898821109,1.950013577,0.007264259901,geom_ind15_r1_patient @ anchor 0.06,2.319508767,0.007850004995,geom_ind15_r1_patient @ anchor 0.25,0.007850004995,1.961960353,2.438468169,0.01194677636,0,False
patient_geometry_reading1,ind15,"patient-level geometric shape, reading 1, variant ind15",0,AP,A3,largest view mean,mae_mm,4,4,0.2943634529,0.2943634529,0.1898821109,0.1898821109,1.453965365,0.00410920254,geom_ind15_r1_patient @ anchor 0.06,1.734386507,0.00487036763,geom_ind15_r1_patient @ anchor 0.25,0.00487036763,,,,,
patient_geometry_reading1,ind15,"patient-level geometric shape, reading 1, variant ind15",0,AP,A3,largest view mean,sd_err_mm,4,4,0.2943634529,0.2943634529,0.1898821109,0.1898821109,1.934222797,0.004325075284,geom_ind15_r1_patient @ anchor 0.03,2.221627824,0.004967735675,geom_ind15_r1_patient @ anchor 0.25,0.004967735675,1.95011314,2.314539102,0.0158903428,0,False
patient_geometry_reading1,ind15,"patient-level geometric shape, reading 1, variant ind15",0,AP,A4,largest view mean after review,bias_mm,4,4,0.2943634529,0.2943634529,0.1898821109,0.1898821109,-0.8700694771,0.006960720849,geom_ind15_r1_patient @ anchor 0.25,0.2736401626,0.005964734035,geom_ind15_r1_patient @ anchor 0.03,0.006960720849,-0.9722003196,0.7626407532,0,0,True
patient_geometry_reading1,ind15,"patient-level geometric shape, reading 1, variant ind15",0,AP,A4,largest view mean after review,rmse_mm,4,4,0.2943634529,0.2943634529,0.1898821109,0.1898821109,1.891847824,0.006710356694,geom_ind15_r1_patient @ anchor 0.06,2.366883165,0.008064607672,geom_ind15_r1_patient @ anchor 0.25,0.008064607672,1.906027253,2.50892998,0.01417942941,0,False
patient_geometry_reading1,ind15,"patient-level geometric shape, reading 1, variant ind15",0,AP,A4,largest view mean after review,mae_mm,4,4,0.2943634529,0.2943634529,0.1898821109,0.1898821109,1.424770863,0.003935900999,geom_ind15_r1_patient @ anchor 0.06,1.76426797,0.004989508335,geom_ind15_r1_patient @ anchor 0.25,0.004989508335,,,,,
patient_geometry_reading1,ind15,"patient-level geometric shape, reading 1, variant ind15",0,AP,A4,largest view mean after review,sd_err_mm,4,4,0.2943634529,0.2943634529,0.1898821109,0.1898821109,1.886214519,0.004217724973,geom_ind15_r1_patient @ anchor 0.03,2.201173204,0.004921997524,geom_ind15_r1_patient @ anchor 0.25,0.004921997524,1.864172557,2.312922324,0,0,True
patient_geometry_reading1,ind15,"patient-level geometric shape, reading 1, variant ind15",0,SL,A1,anchor-view mean,bias_mm,4,4,0.02740763113,0.02740763113,0.2550543314,0.2550543314,-1.233394657,0.005791084161,geom_ind15_r1_patient @ anchor 0.25,-5.091610478e-05,0.004518063982,geom_ind15_r1_patient @ anchor 0.03,0.005791084161,-1.236776292,0.009007702171,0,0,True
patient_geometry_reading1,ind15,"patient-level geometric shape, reading 1, variant ind15",0,SL,A1,anchor-view mean,rmse_mm,4,4,0.02740763113,0.02740763113,0.2550543314,0.2550543314,1.428730137,0.004304265393,geom_ind15_r1_patient @ anchor 0.03,2.207916307,0.006746519721,geom_ind15_r1_patient @ anchor 0.25,0.006746519721,1.42503257,2.217793129,0,0,True
patient_geometry_reading1,ind15,"patient-level geometric shape, reading 1, variant ind15",0,SL,A1,anchor-view mean,mae_mm,4,4,0.02740763113,0.02740763113,0.2550543314,0.2550543314,1.101346492,0.002878044461,geom_ind15_r1_patient @ anchor 0.03,1.678744808,0.004535119468,geom_ind15_r1_patient @ anchor 0.25,0.004535119468,,,,,
patient_geometry_reading1,ind15,"patient-level geometric shape, reading 1, variant ind15",0,SL,A1,anchor-view mean,sd_err_mm,4,4,0.02740763113,0.02740763113,0.2550543314,0.2550543314,1.42873728,0.003194769654,geom_ind15_r1_patient @ anchor 0.03,1.831301607,0.004094935355,geom_ind15_r1_patient @ anchor 0.25,0.004094935355,1.425011226,1.842299872,0,0,True
patient_geometry_reading1,ind15,"patient-level geometric shape, reading 1, variant ind15",0,SL,A2,mean across views,bias_mm,4,4,0.02740763113,0.02740763113,0.2550543314,0.2550543314,-0.3366867337,0.005109721926,geom_ind15_r1_patient @ anchor 0.25,0.07442784678,0.004973265807,geom_ind15_r1_patient @ anchor 0.03,0.005109721926,-2.025949956,-0.1768472898,0,0.2512751366,False
patient_geometry_reading1,ind15,"patient-level geometric shape, reading 1, variant ind15",0,SL,A2,mean across views,rmse_mm,4,4,0.02740763113,0.02740763113,0.2550543314,0.2550543314,1.572900675,0.005212519915,geom_ind15_r1_patient @ anchor 0.06,1.650532539,0.005334455482,geom_ind15_r1_patient @ anchor 0.25,0.005334455482,1.247666501,2.703301227,0,0,True
patient_geometry_reading1,ind15,"patient-level geometric shape, reading 1, variant ind15",0,SL,A2,mean across views,mae_mm,4,4,0.02740763113,0.02740763113,0.2550543314,0.2550543314,1.183637136,0.003275714264,geom_ind15_r1_patient @ anchor 0.06,1.241803275,0.003438304977,geom_ind15_r1_patient @ anchor 0.25,0.003438304977,,,,,
patient_geometry_reading1,ind15,"patient-level geometric shape, reading 1, variant ind15",0,SL,A2,mean across views,sd_err_mm,4,4,0.02740763113,0.02740763113,0.2550543314,0.2550543314,1.572684736,0.00351664756,geom_ind15_r1_patient @ anchor 0.03,1.61583595,0.00361313709,geom_ind15_r1_patient @ anchor 0.25,0.00361313709,1.232075416,1.789803434,0,0,True
patient_geometry_reading1,ind15,"patient-level geometric shape, reading 1, variant ind15",0,SL,A3,largest view mean,bias_mm,4,4,0.02740763113,0.02740763113,0.2550543314,0.2550543314,1.295613683,0.006690884348,geom_ind15_r1_patient @ anchor 0.25,1.454452241,0.006388003083,geom_ind15_r1_patient @ anchor 0.03,0.006690884348,-0.437901431,0.6850496269,0,0.7694026141,False
patient_geometry_reading1,ind15,"patient-level geometric shape, reading 1, variant ind15",0,SL,A3,largest view mean,rmse_mm,4,4,0.02740763113,0.02740763113,0.2550543314,0.2550543314,2.474859021,0.01235645958,geom_ind15_r1_patient @ anchor 0.125,2.489186384,0.01230715574,geom_ind15_r1_patient @ anchor 0.03,0.01235645958,1.446643337,1.709409901,0,0.7797764829,False
patient_geometry_reading1,ind15,"patient-level geometric shape, reading 1, variant ind15",0,SL,A3,largest view mean,mae_mm,4,4,0.02740763113,0.02740763113,0.2550543314,0.2550543314,1.753663802,0.00552233731,geom_ind15_r1_patient @ anchor 0.125,1.770859374,0.005531850081,geom_ind15_r1_patient @ anchor 0.03,0.005532612597,,,,,
patient_geometry_reading1,ind15,"patient-level geometric shape, reading 1, variant ind15",0,SL,A3,largest view mean,sd_err_mm,4,4,0.02740763113,0.02740763113,0.2550543314,0.2550543314,2.020063944,0.004517022883,geom_ind15_r1_patient @ anchor 0.03,2.11584341,0.004731193351,geom_ind15_r1_patient @ anchor 0.25,0.004731193351,1.425522315,1.652377635,0,0.4634657745,False
patient_geometry_reading1,ind15,"patient-level geometric shape, reading 1, variant ind15",0,SL,A4,largest view mean after review,bias_mm,4,4,0.02740763113,0.02740763113,0.2550543314,0.2550543314,0.9737692542,0.006403260169,geom_ind15_r1_patient @ anchor 0.25,1.276629974,0.005887536817,geom_ind15_r1_patient @ anchor 0.03,0.006403260169,-0.5248314744,0.6248478046,0,0.6517821694,False
patient_geometry_reading1,ind15,"patient-level geometric shape, reading 1, variant ind15",0,SL,A4,largest view mean after review,rmse_mm,4,4,0.02740763113,0.02740763113,0.2550543314,0.2550543314,2.225008292,0.01198140234,geom_ind15_r1_patient @ anchor 0.125,2.257445106,0.01186813291,geom_ind15_r1_patient @ anchor 0.03,0.01198140234,1.42004453,1.729219088,0,0.5282260179,False
patient_geometry_reading1,ind15,"patient-level geometric shape, reading 1, variant ind15",0,SL,A4,largest view mean after review,mae_mm,4,4,0.02740763113,0.02740763113,0.2550543314,0.2550543314,1.596193484,0.004901889727,geom_ind15_r1_patient @ anchor 0.125,1.629456033,0.004940603051,geom_ind15_r1_patient @ anchor 0.03,0.004958895718,,,,,
patient_geometry_reading1,ind15,"patient-level geometric shape, reading 1, variant ind15",0,SL,A4,largest view mean after review,sd_err_mm,4,4,0.02740763113,0.02740763113,0.2550543314,0.2550543314,1.861802615,0.004163138024,geom_ind15_r1_patient @ anchor 0.03,2.024888658,0.004527811326,geom_ind15_r1_patient @ anchor 0.25,0.004527811326,1.375939933,1.647658255,0,0.3772304028,False
patient_geometry_reading1,mid15,"patient-level geometric shape, reading 1, variant mid15",0,AP,A1,anchor-view mean,bias_mm,4,4,0.2994910932,0.2994910932,0.2314310666,0.2314310666,-1.923075698,0.008176218297,geom_mid15_r1_patient @ anchor 0.25,0.003085165303,0.006002848344,geom_mid15_r1_patient @ anchor 0.03,0.008176218297,-1.92746491,0.01615579299,0,0,True
patient_geometry_reading1,mid15,"patient-level geometric shape, reading 1, variant mid15",0,AP,A1,anchor-view mean,rmse_mm,4,4,0.2994910932,0.2994910932,0.2314310666,0.2314310666,1.898260337,0.006719244452,geom_mid15_r1_patient @ anchor 0.03,3.222298536,0.01014760751,geom_mid15_r1_patient @ anchor 0.25,0.01014760751,1.900583197,3.232934252,0.002322860245,0,False
patient_geometry_reading1,mid15,"patient-level geometric shape, reading 1, variant mid15",0,AP,A1,anchor-view mean,mae_mm,4,4,0.2994910932,0.2994910932,0.2314310666,0.2314310666,1.434267338,0.003932283019,geom_mid15_r1_patient @ anchor 0.03,2.435991123,0.006670232077,geom_mid15_r1_patient @ anchor 0.25,0.006670232077,,,,,
patient_geometry_reading1,mid15,"patient-level geometric shape, reading 1, variant mid15",0,AP,A1,anchor-view mean,sd_err_mm,4,4,0.2994910932,0.2994910932,0.2314310666,0.2314310666,1.898267321,0.004244675994,geom_mid15_r1_patient @ anchor 0.03,2.585547246,0.005781488309,geom_mid15_r1_patient @ anchor 0.25,0.005781488309,1.900586393,2.596147514,0.002319072169,0,False
patient_geometry_reading1,mid15,"patient-level geometric shape, reading 1, variant mid15",0,AP,A2,mean across views,bias_mm,4,4,0.2994910932,0.2994910932,0.2314310666,0.2314310666,-2.537529912,0.007435961804,geom_mid15_r1_patient @ anchor 0.25,-1.895476291,0.006868551583,geom_mid15_r1_patient @ anchor 0.03,0.007435961804,-3.160932123,-0.2750493415,0,0,True
patient_geometry_reading1,mid15,"patient-level geometric shape, reading 1, variant mid15",0,AP,A2,mean across views,rmse_mm,4,4,0.2994910932,0.2994910932,0.2314310666,0.2314310666,2.882790883,0.008215767637,geom_mid15_r1_patient @ anchor 0.03,3.459531118,0.00944865706,geom_mid15_r1_patient @ anchor 0.25,0.00944865706,1.672772226,4.064358104,0,0,True
patient_geometry_reading1,mid15,"patient-level geometric shape, reading 1, variant mid15",0,AP,A2,mean across views,mae_mm,4,4,0.2994910932,0.2994910932,0.2314310666,0.2314310666,2.230031663,0.005777088743,geom_mid15_r1_patient @ anchor 0.03,2.728139777,0.006727298247,geom_mid15_r1_patient @ anchor 0.25,0.006727298247,,,,,
patient_geometry_reading1,mid15,"patient-level geometric shape, reading 1, variant mid15",0,AP,A2,mean across views,sd_err_mm,4,4,0.2994910932,0.2994910932,0.2314310666,0.2314310666,2.172026723,0.004856823685,geom_mid15_r1_patient @ anchor 0.03,2.35145759,0.005258045307,geom_mid15_r1_patient @ anchor 0.25,0.005258045307,1.643211904,2.554912951,0,0,True
patient_geometry_reading1,mid15,"patient-level geometric shape, reading 1, variant mid15",0,AP,A3,largest view mean,bias_mm,4,4,0.2994910932,0.2994910932,0.2314310666,0.2314310666,-0.4834222585,0.007096978198,geom_mid15_r1_patient @ anchor 0.25,0.4198968222,0.006162892299,geom_mid15_r1_patient @ anchor 0.03,0.007096978198,-0.7675215473,0.919777008,0,0,True
patient_geometry_reading1,mid15,"patient-level geometric shape, reading 1, variant mid15",0,AP,A3,largest view mean,rmse_mm,4,4,0.2994910932,0.2994910932,0.2314310666,0.2314310666,1.976503346,0.007525116982,geom_mid15_r1_patient @ anchor 0.06,2.295725739,0.00808438756,geom_mid15_r1_patient @ anchor 0.25,0.00808438756,1.961960353,2.438468169,0,0,True
patient_geometry_reading1,mid15,"patient-level geometric shape, reading 1, variant mid15",0,AP,A3,largest view mean,mae_mm,4,4,0.2994910932,0.2994910932,0.2314310666,0.2314310666,1.466930084,0.004188912928,geom_mid15_r1_patient @ anchor 0.06,1.703065824,0.004868210313,geom_mid15_r1_patient @ anchor 0.25,0.004868210313,,,,,
patient_geometry_reading1,mid15,"patient-level geometric shape, reading 1, variant mid15",0,AP,A3,largest view mean,sd_err_mm,4,4,0.2994910932,0.2994910932,0.2314310666,0.2314310666,1.948877664,0.004357844726,geom_mid15_r1_patient @ anchor 0.03,2.244261561,0.005018346502,geom_mid15_r1_patient @ anchor 0.25,0.005018346502,1.95011314,2.314539102,0.001235475796,0,False
patient_geometry_reading1,mid15,"patient-level geometric shape, reading 1, variant mid15",0,AP,A4,largest view mean after review,bias_mm,4,4,0.2994910932,0.2994910932,0.2314310666,0.2314310666,-0.7238616561,0.007052389938,geom_mid15_r1_patient @ anchor 0.25,0.3481544265,0.005969032763,geom_mid15_r1_patient @ anchor 0.03,0.007052389938,-0.9722003196,0.7626407532,0,0,True
patient_geometry_reading1,mid15,"patient-level geometric shape, reading 1, variant mid15",0,AP,A4,largest view mean after review,rmse_mm,4,4,0.2994910932,0.2994910932,0.2314310666,0.2314310666,1.900474879,0.006722401113,geom_mid15_r1_patient @ anchor 0.06,2.344684701,0.008283104907,geom_mid15_r1_patient @ anchor 0.25,0.008283104907,1.906027253,2.50892998,0.00555237441,0,False
patient_geometry_reading1,mid15,"patient-level geometric shape, reading 1, variant mid15",0,AP,A4,largest view mean after review,mae_mm,4,4,0.2994910932,0.2994910932,0.2314310666,0.2314310666,1.428691951,0.003963155032,geom_mid15_r1_patient @ anchor 0.06,1.732534999,0.004995892093,geom_mid15_r1_patient @ anchor 0.25,0.004995892093,,,,,
patient_geometry_reading1,mid15,"patient-level geometric shape, reading 1, variant mid15",0,AP,A4,largest view mean after review,sd_err_mm,4,4,0.2994910932,0.2994910932,0.2314310666,0.2314310666,1.887573896,0.004220764648,geom_mid15_r1_patient @ anchor 0.03,2.230161515,0.004986817683,geom_mid15_r1_patient @ anchor 0.25,0.004986817683,1.864172557,2.312922324,0,0,True
patient_geometry_reading1,mid15,"patient-level geometric shape, reading 1, variant mid15",0,SL,A1,anchor-view mean,bias_mm,4,4,0.01937368944,0.01937368944,0.3650639583,0.3650639583,-1.233394657,0.005791084161,geom_mid15_r1_patient @ anchor 0.25,-5.091610478e-05,0.004518063982,geom_mid15_r1_patient @ anchor 0.03,0.005791084161,-1.236776292,0.009007702171,0,0,True
patient_geometry_reading1,mid15,"patient-level geometric shape, reading 1, variant mid15",0,SL,A1,anchor-view mean,rmse_mm,4,4,0.01937368944,0.01937368944,0.3650639583,0.3650639583,1.428730137,0.004304265393,geom_mid15_r1_patient @ anchor 0.03,2.207916307,0.006746519721,geom_mid15_r1_patient @ anchor 0.25,0.006746519721,1.42503257,2.217793129,0,0,True
patient_geometry_reading1,mid15,"patient-level geometric shape, reading 1, variant mid15",0,SL,A1,anchor-view mean,mae_mm,4,4,0.01937368944,0.01937368944,0.3650639583,0.3650639583,1.101346492,0.002878044461,geom_mid15_r1_patient @ anchor 0.03,1.678744808,0.004535119468,geom_mid15_r1_patient @ anchor 0.25,0.004535119468,,,,,
patient_geometry_reading1,mid15,"patient-level geometric shape, reading 1, variant mid15",0,SL,A1,anchor-view mean,sd_err_mm,4,4,0.01937368944,0.01937368944,0.3650639583,0.3650639583,1.42873728,0.003194769654,geom_mid15_r1_patient @ anchor 0.03,1.831301607,0.004094935355,geom_mid15_r1_patient @ anchor 0.25,0.004094935355,1.425011226,1.842299872,0,0,True
patient_geometry_reading1,mid15,"patient-level geometric shape, reading 1, variant mid15",0,SL,A2,mean across views,bias_mm,4,4,0.01937368944,0.01937368944,0.3650639583,0.3650639583,-0.2967156357,0.006025031639,geom_mid15_r1_patient @ anchor 0.25,0.1143989448,0.005902088376,geom_mid15_r1_patient @ anchor 0.03,0.006025031639,-2.025949956,-0.1768472898,0,0.2912462346,False
patient_geometry_reading1,mid15,"patient-level geometric shape, reading 1, variant mid15",0,SL,A2,mean across views,rmse_mm,4,4,0.01937368944,0.01937368944,0.3650639583,0.3650639583,1.867736602,0.007068800227,geom_mid15_r1_patient @ anchor 0.06,1.928238702,0.006874675393,geom_mid15_r1_patient @ anchor 0.25,0.007141891109,1.247666501,2.703301227,0,0,True
patient_geometry_reading1,mid15,"patient-level geometric shape, reading 1, variant mid15",0,SL,A2,mean across views,mae_mm,4,4,0.01937368944,0.01937368944,0.3650639583,0.3650639583,1.385353411,0.003961378086,geom_mid15_r1_patient @ anchor 0.06,1.436462063,0.004067797662,geom_mid15_r1_patient @ anchor 0.25,0.004067797662,,,,,
patient_geometry_reading1,mid15,"patient-level geometric shape, reading 1, variant mid15",0,SL,A2,mean across views,sd_err_mm,4,4,0.01937368944,0.01937368944,0.3650639583,0.3650639583,1.866404222,0.004173427581,geom_mid15_r1_patient @ anchor 0.03,1.905282295,0.004260362031,geom_mid15_r1_patient @ anchor 0.25,0.004260362031,1.232075416,1.789803434,0,0.1154788612,False
patient_geometry_reading1,mid15,"patient-level geometric shape, reading 1, variant mid15",0,SL,A3,largest view mean,bias_mm,4,4,0.01937368944,0.01937368944,0.3650639583,0.3650639583,1.772236302,0.008789452696,geom_mid15_r1_patient @ anchor 0.25,1.950712337,0.00834288863,geom_mid15_r1_patient @ anchor 0.03,0.008789452696,-0.437901431,0.6850496269,0,1.26566271,False
patient_geometry_reading1,mid15,"patient-level geometric shape, reading 1, variant mid15",0,SL,A3,largest view mean,rmse_mm,4,4,0.01937368944,0.01937368944,0.3650639583,0.3650639583,3.276912133,0.0198795421,geom_mid15_r1_patient @ anchor 0.06,3.296390772,0.01976739741,geom_mid15_r1_patient @ anchor 0.25,0.0198795421,1.446643337,1.709409901,0,1.586980871,False
patient_geometry_reading1,mid15,"patient-level geometric shape, reading 1, variant mid15",0,SL,A3,largest view mean,mae_mm,4,4,0.01937368944,0.01937368944,0.3650639583,0.3650639583,2.235711734,0.007576149133,geom_mid15_r1_patient @ anchor 0.06,2.261672135,0.007583593338,geom_mid15_r1_patient @ anchor 0.25,0.007583593338,,,,,
patient_geometry_reading1,mid15,"patient-level geometric shape, reading 1, variant mid15",0,SL,A3,largest view mean,sd_err_mm,4,4,0.01937368944,0.01937368944,0.3650639583,0.3650639583,2.638253033,0.005899342622,geom_mid15_r1_patient @ anchor 0.03,2.779468991,0.00621511268,geom_mid15_r1_patient @ anchor 0.25,0.00621511268,1.425522315,1.652377635,0,1.127091356,False
patient_geometry_reading1,mid15,"patient-level geometric shape, reading 1, variant mid15",0,SL,A4,largest view mean after review,bias_mm,4,4,0.01937368944,0.01937368944,0.3650639583,0.3650639583,1.34496506,0.008369544552,geom_mid15_r1_patient @ anchor 0.25,1.675976927,0.007665036824,geom_mid15_r1_patient @ anchor 0.03,0.008369544552,-0.5248314744,0.6248478046,0,1.051129122,False
patient_geometry_reading1,mid15,"patient-level geometric shape, reading 1, variant mid15",0,SL,A4,largest view mean after review,rmse_mm,4,4,0.01937368944,0.01937368944,0.3650639583,0.3650639583,2.932891923,0.0203704287,geom_mid15_r1_patient @ anchor 0.125,2.968802547,0.02016081353,geom_mid15_r1_patient @ anchor 0.25,0.0203704287,1.42004453,1.729219088,0,1.239583459,False
patient_geometry_reading1,mid15,"patient-level geometric shape, reading 1, variant mid15",0,SL,A4,largest view mean after review,mae_mm,4,4,0.01937368944,0.01937368944,0.3650639583,0.3650639583,1.999132968,0.006786286511,geom_mid15_r1_patient @ anchor 0.125,2.034963173,0.006835759047,geom_mid15_r1_patient @ anchor 0.25,0.006835759047,,,,,
patient_geometry_reading1,mid15,"patient-level geometric shape, reading 1, variant mid15",0,SL,A4,largest view mean after review,sd_err_mm,4,4,0.01937368944,0.01937368944,0.3650639583,0.3650639583,2.423897471,0.005420026616,geom_mid15_r1_patient @ anchor 0.03,2.646682376,0.005918191299,geom_mid15_r1_patient @ anchor 0.25,0.005918191299,1.375939933,1.647658255,0,0.9990241208,False
patient_geometry_reading1,ind00,"patient-level geometric shape, reading 1, variant ind00",0,AP,A1,anchor-view mean,bias_mm,4,4,0.2922433101,0.2922433101,0.1600540034,0.1600540034,-1.923075698,0.008176218297,geom_ind00_r1_patient @ anchor 0.25,0.003085165303,0.006002848344,geom_ind00_r1_patient @ anchor 0.03,0.008176218297,-1.92746491,0.01615579299,0,0,True
patient_geometry_reading1,ind00,"patient-level geometric shape, reading 1, variant ind00",0,AP,A1,anchor-view mean,rmse_mm,4,4,0.2922433101,0.2922433101,0.1600540034,0.1600540034,1.898260337,0.006719244452,geom_ind00_r1_patient @ anchor 0.03,3.222298536,0.01014760751,geom_ind00_r1_patient @ anchor 0.25,0.01014760751,1.900583197,3.232934252,0.002322860245,0,False
patient_geometry_reading1,ind00,"patient-level geometric shape, reading 1, variant ind00",0,AP,A1,anchor-view mean,mae_mm,4,4,0.2922433101,0.2922433101,0.1600540034,0.1600540034,1.434267338,0.003932283019,geom_ind00_r1_patient @ anchor 0.03,2.435991123,0.006670232077,geom_ind00_r1_patient @ anchor 0.25,0.006670232077,,,,,
patient_geometry_reading1,ind00,"patient-level geometric shape, reading 1, variant ind00",0,AP,A1,anchor-view mean,sd_err_mm,4,4,0.2922433101,0.2922433101,0.1600540034,0.1600540034,1.898267321,0.004244675994,geom_ind00_r1_patient @ anchor 0.03,2.585547246,0.005781488309,geom_ind00_r1_patient @ anchor 0.25,0.005781488309,1.900586393,2.596147514,0.002319072169,0,False
patient_geometry_reading1,ind00,"patient-level geometric shape, reading 1, variant ind00",0,AP,A2,mean across views,bias_mm,4,4,0.2922433101,0.2922433101,0.1600540034,0.1600540034,-2.479578741,0.006979509699,geom_ind00_r1_patient @ anchor 0.25,-1.83752512,0.006445184435,geom_ind00_r1_patient @ anchor 0.03,0.006979509699,-3.160932123,-0.2750493415,0,0,True
patient_geometry_reading1,ind00,"patient-level geometric shape, reading 1, variant ind00",0,AP,A2,mean across views,rmse_mm,4,4,0.2922433101,0.2922433101,0.1600540034,0.1600540034,2.744175152,0.007584846497,geom_ind00_r1_patient @ anchor 0.03,3.319580935,0.008667959476,geom_ind00_r1_patient @ anchor 0.25,0.008667959476,1.672772226,4.064358104,0,0,True
patient_geometry_reading1,ind00,"patient-level geometric shape, reading 1, variant ind00",0,AP,A2,mean across views,mae_mm,4,4,0.2922433101,0.2922433101,0.1600540034,0.1600540034,2.135355966,0.005450487935,geom_ind00_r1_patient @ anchor 0.03,2.643457365,0.006349638622,geom_ind00_r1_patient @ anchor 0.25,0.006349638622,,,,,
patient_geometry_reading1,ind00,"patient-level geometric shape, reading 1, variant ind00",0,AP,A2,mean across views,sd_err_mm,4,4,0.2922433101,0.2922433101,0.1600540034,0.1600540034,2.038146276,0.004557456408,geom_ind00_r1_patient @ anchor 0.03,2.20711476,0.004935283314,geom_ind00_r1_patient @ anchor 0.25,0.004935283314,1.643211904,2.554912951,0,0,True
patient_geometry_reading1,ind00,"patient-level geometric shape, reading 1, variant ind00",0,AP,A3,largest view mean,bias_mm,4,4,0.2922433101,0.2922433101,0.1600540034,0.1600540034,-0.8355910623,0.006943799887,geom_ind00_r1_patient @ anchor 0.25,0.2526753953,0.006068537623,geom_ind00_r1_patient @ anchor 0.03,0.006943799887,-0.7675215473,0.919777008,0.06806951499,0,False
patient_geometry_reading1,ind00,"patient-level geometric shape, reading 1, variant ind00",0,AP,A3,largest view mean,rmse_mm,4,4,0.2922433101,0.2922433101,0.1600540034,0.1600540034,1.927526519,0.007079380765,geom_ind00_r1_patient @ anchor 0.06,2.349425439,0.007582415113,geom_ind00_r1_patient @ anchor 0.25,0.007582415113,1.961960353,2.438468169,0.03443383436,0,False
patient_geometry_reading1,ind00,"patient-level geometric shape, reading 1, variant ind00",0,AP,A3,largest view mean,mae_mm,4,4,0.2922433101,0.2922433101,0.1600540034,0.1600540034,1.440863452,0.004087116507,geom_ind00_r1_patient @ anchor 0.03,1.766930786,0.00489671264,geom_ind00_r1_patient @ anchor 0.25,0.00489671264,,,,,
patient_geometry_reading1,ind00,"patient-level geometric shape, reading 1, variant ind00",0,AP,A3,largest view mean,sd_err_mm,4,4,0.2922433101,0.2922433101,0.1600540034,0.1600540034,1.919040096,0.004291125561,geom_ind00_r1_patient @ anchor 0.03,2.195822326,0.004910032537,geom_ind00_r1_patient @ anchor 0.25,0.004910032537,1.95011314,2.314539102,0.0310730438,0,False
patient_geometry_reading1,ind00,"patient-level geometric shape, reading 1, variant ind00",0,AP,A4,largest view mean after review,bias_mm,4,4,0.2922433101,0.2922433101,0.1600540034,0.1600540034,-1.004989729,0.006871471669,geom_ind00_r1_patient @ anchor 0.25,0.2081571618,0.005948070326,geom_ind00_r1_patient @ anchor 0.03,0.006871471669,-0.9722003196,0.7626407532,0.03278940942,0,False
patient_geometry_reading1,ind00,"patient-level geometric shape, reading 1, variant ind00",0,AP,A4,largest view mean after review,rmse_mm,4,4,0.2922433101,0.2922433101,0.1600540034,0.1600540034,1.884580248,0.006636786428,geom_ind00_r1_patient @ anchor 0.06,2.394090522,0.007799980588,geom_ind00_r1_patient @ anchor 0.25,0.007799980588,1.906027253,2.50892998,0.02144700541,0,False
patient_geometry_reading1,ind00,"patient-level geometric shape, reading 1, variant ind00",0,AP,A4,largest view mean after review,mae_mm,4,4,0.2922433101,0.2922433101,0.1600540034,0.1600540034,1.419410699,0.003957950249,geom_ind00_r1_patient @ anchor 0.03,1.795441109,0.005008079204,geom_ind00_r1_patient @ anchor 0.25,0.005008079204,,,,,
patient_geometry_reading1,ind00,"patient-level geometric shape, reading 1, variant ind00",0,AP,A4,largest view mean after review,sd_err_mm,4,4,0.2922433101,0.2922433101,0.1600540034,0.1600540034,1.880944991,0.004205941892,geom_ind00_r1_patient @ anchor 0.03,2.172950135,0.004858888508,geom_ind00_r1_patient @ anchor 0.25,0.004858888508,1.864172557,2.312922324,0,0,True
patient_geometry_reading1,ind00,"patient-level geometric shape, reading 1, variant ind00",0,SL,A1,anchor-view mean,bias_mm,4,4,0.02921627506,0.02921627506,0.1944995629,0.1944995629,-1.233394657,0.005791084161,geom_ind00_r1_patient @ anchor 0.25,-5.091610478e-05,0.004518063982,geom_ind00_r1_patient @ anchor 0.03,0.005791084161,-1.236776292,0.009007702171,0,0,True
patient_geometry_reading1,ind00,"patient-level geometric shape, reading 1, variant ind00",0,SL,A1,anchor-view mean,rmse_mm,4,4,0.02921627506,0.02921627506,0.1944995629,0.1944995629,1.428730137,0.004304265393,geom_ind00_r1_patient @ anchor 0.03,2.207916307,0.006746519721,geom_ind00_r1_patient @ anchor 0.25,0.006746519721,1.42503257,2.217793129,0,0,True
patient_geometry_reading1,ind00,"patient-level geometric shape, reading 1, variant ind00",0,SL,A1,anchor-view mean,mae_mm,4,4,0.02921627506,0.02921627506,0.1944995629,0.1944995629,1.101346492,0.002878044461,geom_ind00_r1_patient @ anchor 0.03,1.678744808,0.004535119468,geom_ind00_r1_patient @ anchor 0.25,0.004535119468,,,,,
patient_geometry_reading1,ind00,"patient-level geometric shape, reading 1, variant ind00",0,SL,A1,anchor-view mean,sd_err_mm,4,4,0.02921627506,0.02921627506,0.1944995629,0.1944995629,1.42873728,0.003194769654,geom_ind00_r1_patient @ anchor 0.03,1.831301607,0.004094935355,geom_ind00_r1_patient @ anchor 0.25,0.004094935355,1.425011226,1.842299872,0,0,True
patient_geometry_reading1,ind00,"patient-level geometric shape, reading 1, variant ind00",0,SL,A2,mean across views,bias_mm,4,4,0.02921627506,0.02921627506,0.1944995629,0.1944995629,-0.3477455303,0.004705112113,geom_ind00_r1_patient @ anchor 0.25,0.06336905013,0.00456092182,geom_ind00_r1_patient @ anchor 0.03,0.004705112113,-2.025949956,-0.1768472898,0,0.24021634,False
patient_geometry_reading1,ind00,"patient-level geometric shape, reading 1, variant ind00",0,SL,A2,mean across views,rmse_mm,4,4,0.02921627506,0.02921627506,0.1944995629,0.1944995629,1.442240393,0.004379470251,geom_ind00_r1_patient @ anchor 0.06,1.527976707,0.00473446887,geom_ind00_r1_patient @ anchor 0.25,0.00473446887,1.247666501,2.703301227,0,0,True
patient_geometry_reading1,ind00,"patient-level geometric shape, reading 1, variant ind00",0,SL,A2,mean across views,mae_mm,4,4,0.02921627506,0.02921627506,0.1944995629,0.1944995629,1.098040713,0.002956979347,geom_ind00_r1_patient @ anchor 0.06,1.158163491,0.003151793263,geom_ind00_r1_patient @ anchor 0.25,0.003151793263,,,,,
patient_geometry_reading1,ind00,"patient-level geometric shape, reading 1, variant ind00",0,SL,A2,mean across views,sd_err_mm,4,4,0.02921627506,0.02921627506,0.1944995629,0.1944995629,1.442229134,0.003224938507,geom_ind00_r1_patient @ anchor 0.06,1.487887092,0.003327033317,geom_ind00_r1_patient @ anchor 0.25,0.003327033317,1.232075416,1.789803434,0,0,True
patient_geometry_reading1,ind00,"patient-level geometric shape, reading 1, variant ind00",0,SL,A3,largest view mean,bias_mm,4,4,0.02921627506,0.02921627506,0.1944995629,0.1944995629,1.06334912,0.005399810771,geom_ind00_r1_patient @ anchor 0.25,1.207424209,0.005171802888,geom_ind00_r1_patient @ anchor 0.03,0.005399810771,-0.437901431,0.6850496269,0,0.5223745821,False
patient_geometry_reading1,ind00,"patient-level geometric shape, reading 1, variant ind00",0,SL,A3,largest view mean,rmse_mm,4,4,0.02921627506,0.02921627506,0.1944995629,0.1944995629,2.010717773,0.007025702914,geom_ind00_r1_patient @ anchor 0.125,2.032879973,0.007028879253,geom_ind00_r1_patient @ anchor 0.03,0.007031436213,1.446643337,1.709409901,0,0.3234700719,False
patient_geometry_reading1,ind00,"patient-level geometric shape, reading 1, variant ind00",0,SL,A3,largest view mean,mae_mm,4,4,0.02921627506,0.02921627506,0.1944995629,0.1944995629,1.501459683,0.00423333742,geom_ind00_r1_patient @ anchor 0.25,1.523645033,0.004255731322,geom_ind00_r1_patient @ anchor 0.03,0.004255731322,,,,,
patient_geometry_reading1,ind00,"patient-level geometric shape, reading 1, variant ind00",0,SL,A3,largest view mean,sd_err_mm,4,4,0.02921627506,0.02921627506,0.1944995629,0.1944995629,1.635467673,0.003657035178,geom_ind00_r1_patient @ anchor 0.03,1.707570097,0.003818261905,geom_ind00_r1_patient @ anchor 0.25,0.003818261905,1.425522315,1.652377635,0,0.05519246152,False
patient_geometry_reading1,ind00,"patient-level geometric shape, reading 1, variant ind00",0,SL,A4,largest view mean after review,bias_mm,4,4,0.02921627506,0.02921627506,0.1944995629,0.1944995629,0.8002024386,0.005251858114,geom_ind00_r1_patient @ anchor 0.25,1.084339392,0.004826777295,geom_ind00_r1_patient @ anchor 0.03,0.005251858114,-0.5248314744,0.6248478046,0,0.4594915874,False
patient_geometry_reading1,ind00,"patient-level geometric shape, reading 1, variant ind00",0,SL,A4,largest view mean after review,rmse_mm,4,4,0.02921627506,0.02921627506,0.1944995629,0.1944995629,1.826766313,0.005811681893,geom_ind00_r1_patient @ anchor 0.125,1.872310478,0.00591271098,geom_ind00_r1_patient @ anchor 0.03,0.005960655894,1.42004453,1.729219088,0,0.1430913899,False
patient_geometry_reading1,ind00,"patient-level geometric shape, reading 1, variant ind00",0,SL,A4,largest view mean after review,mae_mm,4,4,0.02921627506,0.02921627506,0.1944995629,0.1944995629,1.391852018,0.003741439726,geom_ind00_r1_patient @ anchor 0.125,1.43059011,0.003819650577,geom_ind00_r1_patient @ anchor 0.03,0.003819650577,,,,,
patient_geometry_reading1,ind00,"patient-level geometric shape, reading 1, variant ind00",0,SL,A4,largest view mean after review,sd_err_mm,4,4,0.02921627506,0.02921627506,0.1944995629,0.1944995629,1.526361001,0.003413064022,geom_ind00_r1_patient @ anchor 0.03,1.660783359,0.003713643055,geom_ind00_r1_patient @ anchor 0.25,0.003713643055,1.375939933,1.647658255,0,0.01312510378,False
patient_geometry_reading2,ind15,"patient-level geometric shape, reading 2, variant ind15",0,AP,A1,anchor-view mean,bias_mm,4,4,0.08322625439,0.08322625439,0.1258209758,0.1258209758,-1.923075698,0.008176218297,geom_ind15_r2_patient @ anchor 0.25,0.003085165303,0.006002848344,geom_ind15_r2_patient @ anchor 0.03,0.008176218297,-1.92746491,0.01615579299,0,0,True
patient_geometry_reading2,ind15,"patient-level geometric shape, reading 2, variant ind15",0,AP,A1,anchor-view mean,rmse_mm,4,4,0.08322625439,0.08322625439,0.1258209758,0.1258209758,1.898260337,0.006719244452,geom_ind15_r2_patient @ anchor 0.03,3.222298536,0.01014760751,geom_ind15_r2_patient @ anchor 0.25,0.01014760751,1.900583197,3.232934252,0.002322860245,0,False
patient_geometry_reading2,ind15,"patient-level geometric shape, reading 2, variant ind15",0,AP,A1,anchor-view mean,mae_mm,4,4,0.08322625439,0.08322625439,0.1258209758,0.1258209758,1.434267338,0.003932283019,geom_ind15_r2_patient @ anchor 0.03,2.435991123,0.006670232077,geom_ind15_r2_patient @ anchor 0.25,0.006670232077,,,,,
patient_geometry_reading2,ind15,"patient-level geometric shape, reading 2, variant ind15",0,AP,A1,anchor-view mean,sd_err_mm,4,4,0.08322625439,0.08322625439,0.1258209758,0.1258209758,1.898267321,0.004244675994,geom_ind15_r2_patient @ anchor 0.03,2.585547246,0.005781488309,geom_ind15_r2_patient @ anchor 0.25,0.005781488309,1.900586393,2.596147514,0.002319072169,0,False
patient_geometry_reading2,ind15,"patient-level geometric shape, reading 2, variant ind15",0,AP,A2,mean across views,bias_mm,4,4,0.08322625439,0.08322625439,0.1258209758,0.1258209758,-0.9509985382,0.00591892737,geom_ind15_r2_patient @ anchor 0.25,-0.3089449169,0.005573099665,geom_ind15_r2_patient @ anchor 0.03,0.00591892737,-3.160932123,-0.2750493415,0,0,True
patient_geometry_reading2,ind15,"patient-level geometric shape, reading 2, variant ind15",0,AP,A2,mean across views,rmse_mm,4,4,0.08322625439,0.08322625439,0.1258209758,0.1258209758,1.789234442,0.005732112406,geom_ind15_r2_patient @ anchor 0.03,2.099460242,0.006664699073,geom_ind15_r2_patient @ anchor 0.25,0.006664699073,1.672772226,4.064358104,0,0,True
patient_geometry_reading2,ind15,"patient-level geometric shape, reading 2, variant ind15",0,AP,A2,mean across views,mae_mm,4,4,0.08322625439,0.08322625439,0.1258209758,0.1258209758,1.351746189,0.003706960848,geom_ind15_r2_patient @ anchor 0.03,1.588228039,0.004341985555,geom_ind15_r2_patient @ anchor 0.25,0.004341985555,,,,,
patient_geometry_reading2,ind15,"patient-level geometric shape, reading 2, variant ind15",0,AP,A2,mean across views,sd_err_mm,4,4,0.08322625439,0.08322625439,0.1258209758,0.1258209758,1.762368857,0.003940796269,geom_ind15_r2_patient @ anchor 0.03,1.871729179,0.004185334607,geom_ind15_r2_patient @ anchor 0.25,0.004185334607,1.643211904,2.554912951,0,0,True
patient_geometry_reading2,ind15,"patient-level geometric shape, reading 2, variant ind15",0,AP,A3,largest view mean,bias_mm,4,4,0.08322625439,0.08322625439,0.1258209758,0.1258209758,0.7022372106,0.006603752844,geom_ind15_r2_patient @ anchor 0.25,1.034494333,0.006388456442,geom_ind15_r2_patient @ anchor 0.03,0.006603752844,-0.7675215473,0.919777008,0,0.114717325,False
patient_geometry_reading2,ind15,"patient-level geometric shape, reading 2, variant ind15",0,AP,A3,largest view mean,rmse_mm,4,4,0.08322625439,0.08322625439,0.1258209758,0.1258209758,2.203190562,0.008684463693,geom_ind15_r2_patient @ anchor 0.25,2.269664135,0.00898248361,geom_ind15_r2_patient @ anchor 0.03,0.00898248361,1.961960353,2.438468169,0,0,True
patient_geometry_reading2,ind15,"patient-level geometric shape, reading 2, variant ind15",0,AP,A3,largest view mean,mae_mm,4,4,0.08322625439,0.08322625439,0.1258209758,0.1258209758,1.604068067,0.004776020415,geom_ind15_r2_patient @ anchor 0.25,1.653192919,0.004917674899,geom_ind15_r2_patient @ anchor 0.03,0.004917674899,,,,,
patient_geometry_reading2,ind15,"patient-level geometric shape, reading 2, variant ind15",0,AP,A3,largest view mean,sd_err_mm,4,4,0.08322625439,0.08322625439,0.1258209758,0.1258209758,2.020207309,0.004517343458,geom_ind15_r2_patient @ anchor 0.03,2.088290009,0.004669581765,geom_ind15_r2_patient @ anchor 0.25,0.004669581765,1.95011314,2.314539102,0,0,True
patient_geometry_reading2,ind15,"patient-level geometric shape, reading 2, variant ind15",0,AP,A4,largest view mean after review,bias_mm,4,4,0.08322625439,0.08322625439,0.1258209758,0.1258209758,0.3095966472,0.006468769234,geom_ind15_r2_patient @ anchor 0.25,0.8648289895,0.005978811903,geom_ind15_r2_patient @ anchor 0.03,0.006468769234,-0.9722003196,0.7626407532,0,0.1021882363,False
patient_geometry_reading2,ind15,"patient-level geometric shape, reading 2, variant ind15",0,AP,A4,largest view mean after review,rmse_mm,4,4,0.08322625439,0.08322625439,0.1258209758,0.1258209758,2.002528086,0.007290295359,geom_ind15_r2_patient @ anchor 0.125,2.079065322,0.007683165406,geom_ind15_r2_patient @ anchor 0.03,0.007710696353,1.906027253,2.50892998,0,0,True
patient_geometry_reading2,ind15,"patient-level geometric shape, reading 2, variant ind15",0,AP,A4,largest view mean after review,mae_mm,4,4,0.08322625439,0.08322625439,0.1258209758,0.1258209758,1.491430717,0.004225838387,geom_ind15_r2_patient @ anchor 0.125,1.546556123,0.004393968681,geom_ind15_r2_patient @ anchor 0.03,0.004421519337,,,,,
patient_geometry_reading2,ind15,"patient-level geometric shape, reading 2, variant ind15",0,AP,A4,largest view mean after review,sd_err_mm,4,4,0.08322625439,0.08322625439,0.1258209758,0.1258209758,1.890666332,0.004227679578,geom_ind15_r2_patient @ anchor 0.03,2.045604444,0.004574133462,geom_ind15_r2_patient @ anchor 0.25,0.004574133462,1.864172557,2.312922324,0,0,True
patient_geometry_reading2,ind15,"patient-level geometric shape, reading 2, variant ind15",0,SL,A1,anchor-view mean,bias_mm,4,4,0.1444653551,0.1444653551,0.1927438762,0.1927438762,-1.233394657,0.005791084161,geom_ind15_r2_patient @ anchor 0.25,-5.091610478e-05,0.004518063982,geom_ind15_r2_patient @ anchor 0.03,0.005791084161,-1.236776292,0.009007702171,0,0,True
patient_geometry_reading2,ind15,"patient-level geometric shape, reading 2, variant ind15",0,SL,A1,anchor-view mean,rmse_mm,4,4,0.1444653551,0.1444653551,0.1927438762,0.1927438762,1.428730137,0.004304265393,geom_ind15_r2_patient @ anchor 0.03,2.207916307,0.006746519721,geom_ind15_r2_patient @ anchor 0.25,0.006746519721,1.42503257,2.217793129,0,0,True
patient_geometry_reading2,ind15,"patient-level geometric shape, reading 2, variant ind15",0,SL,A1,anchor-view mean,mae_mm,4,4,0.1444653551,0.1444653551,0.1927438762,0.1927438762,1.101346492,0.002878044461,geom_ind15_r2_patient @ anchor 0.03,1.678744808,0.004535119468,geom_ind15_r2_patient @ anchor 0.25,0.004535119468,,,,,
patient_geometry_reading2,ind15,"patient-level geometric shape, reading 2, variant ind15",0,SL,A1,anchor-view mean,sd_err_mm,4,4,0.1444653551,0.1444653551,0.1927438762,0.1927438762,1.42873728,0.003194769654,geom_ind15_r2_patient @ anchor 0.03,1.831301607,0.004094935355,geom_ind15_r2_patient @ anchor 0.25,0.004094935355,1.425011226,1.842299872,0,0,True
patient_geometry_reading2,ind15,"patient-level geometric shape, reading 2, variant ind15",0,SL,A2,mean across views,bias_mm,4,4,0.1444653551,0.1444653551,0.1927438762,0.1927438762,-0.8882324055,0.004711400192,geom_ind15_r2_patient @ anchor 0.25,-0.4771178251,0.004464081471,geom_ind15_r2_patient @ anchor 0.03,0.004711400192,-2.025949956,-0.1768472898,0,0,True
patient_geometry_reading2,ind15,"patient-level geometric shape, reading 2, variant ind15",0,SL,A2,mean across views,rmse_mm,4,4,0.1444653551,0.1444653551,0.1927438762,0.1927438762,1.490108663,0.004433636,geom_ind15_r2_patient @ anchor 0.03,1.734550024,0.005249719113,geom_ind15_r2_patient @ anchor 0.25,0.005249719113,1.247666501,2.703301227,0,0,True
patient_geometry_reading2,ind15,"patient-level geometric shape, reading 2, variant ind15",0,SL,A2,mean across views,mae_mm,4,4,0.1444653551,0.1444653551,0.1927438762,0.1927438762,1.136764692,0.003046636089,geom_ind15_r2_patient @ anchor 0.03,1.320822781,0.003555423473,geom_ind15_r2_patient @ anchor 0.25,0.003555423473,,,,,
patient_geometry_reading2,ind15,"patient-level geometric shape, reading 2, variant ind15",0,SL,A2,mean across views,sd_err_mm,4,4,0.1444653551,0.1444653551,0.1927438762,0.1927438762,1.411666511,0.003156598063,geom_ind15_r2_patient @ anchor 0.03,1.489875558,0.003331479682,geom_ind15_r2_patient @ anchor 0.25,0.003331479682,1.232075416,1.789803434,0,0,True
patient_geometry_reading2,ind15,"patient-level geometric shape, reading 2, variant ind15",0,SL,A3,largest view mean,bias_mm,4,4,0.1444653551,0.1444653551,0.1927438762,0.1927438762,0.3634657405,0.004916215365,geom_ind15_r2_patient @ anchor 0.25,0.6575120786,0.004647859213,geom_ind15_r2_patient @ anchor 0.03,0.004916215365,-0.437901431,0.6850496269,0,0,True
patient_geometry_reading2,ind15,"patient-level geometric shape, reading 2, variant ind15",0,SL,A3,largest view mean,rmse_mm,4,4,0.1444653551,0.1444653551,0.1927438762,0.1927438762,1.578531098,0.005720991079,geom_ind15_r2_patient @ anchor 0.125,1.610142869,0.005821460844,geom_ind15_r2_patient @ anchor 0.03,0.005821460844,1.446643337,1.709409901,0,0,True
patient_geometry_reading2,ind15,"patient-level geometric shape, reading 2, variant ind15",0,SL,A3,largest view mean,mae_mm,4,4,0.1444653551,0.1444653551,0.1927438762,0.1927438762,1.179204351,0.003318506502,geom_ind15_r2_patient @ anchor 0.125,1.203403869,0.003382884315,geom_ind15_r2_patient @ anchor 0.03,0.003382884315,,,,,
patient_geometry_reading2,ind15,"patient-level geometric shape, reading 2, variant ind15",0,SL,A3,largest view mean,sd_err_mm,4,4,0.1444653551,0.1444653551,0.1927438762,0.1927438762,1.469782136,0.003286549201,geom_ind15_r2_patient @ anchor 0.03,1.554643802,0.003476306604,geom_ind15_r2_patient @ anchor 0.25,0.003476306604,1.425522315,1.652377635,0,0,True
patient_geometry_reading2,ind15,"patient-level geometric shape, reading 2, variant ind15",0,SL,A4,largest view mean after review,bias_mm,4,4,0.1444653551,0.1444653551,0.1927438762,0.1927438762,0.1920309846,0.004826897624,geom_ind15_r2_patient @ anchor 0.25,0.5999304336,0.004453190027,geom_ind15_r2_patient @ anchor 0.03,0.004826897624,-0.5248314744,0.6248478046,0,0,True
patient_geometry_reading2,ind15,"patient-level geometric shape, reading 2, variant ind15",0,SL,A4,largest view mean after review,rmse_mm,4,4,0.1444653551,0.1444653551,0.1927438762,0.1927438762,1.487018876,0.004794021033,geom_ind15_r2_patient @ anchor 0.125,1.538423436,0.005201345816,geom_ind15_r2_patient @ anchor 0.25,0.005201345816,1.42004453,1.729219088,0,0,True
patient_geometry_reading2,ind15,"patient-level geometric shape, reading 2, variant ind15",0,SL,A4,largest view mean after review,mae_mm,4,4,0.1444653551,0.1444653551,0.1927438762,0.1927438762,1.132746069,0.003046507449,geom_ind15_r2_patient @ anchor 0.125,1.164311261,0.003142253964,geom_ind15_r2_patient @ anchor 0.03,0.003199429253,,,,,
patient_geometry_reading2,ind15,"patient-level geometric shape, reading 2, variant ind15",0,SL,A4,largest view mean after review,sd_err_mm,4,4,0.1444653551,0.1444653551,0.1927438762,0.1927438762,1.408222334,0.00314889661,geom_ind15_r2_patient @ anchor 0.03,1.526399052,0.003413149108,geom_ind15_r2_patient @ anchor 0.25,0.003413149108,1.375939933,1.647658255,0,0,True
patient_geometry_reading2,mid15,"patient-level geometric shape, reading 2, variant mid15",0,AP,A1,anchor-view mean,bias_mm,4,4,0.1836907084,0.1836907084,0.2241942272,0.2241942272,-1.923075698,0.008176218297,geom_mid15_r2_patient @ anchor 0.25,0.003085165303,0.006002848344,geom_mid15_r2_patient @ anchor 0.03,0.008176218297,-1.92746491,0.01615579299,0,0,True
patient_geometry_reading2,mid15,"patient-level geometric shape, reading 2, variant mid15",0,AP,A1,anchor-view mean,rmse_mm,4,4,0.1836907084,0.1836907084,0.2241942272,0.2241942272,1.898260337,0.006719244452,geom_mid15_r2_patient @ anchor 0.03,3.222298536,0.01014760751,geom_mid15_r2_patient @ anchor 0.25,0.01014760751,1.900583197,3.232934252,0.002322860245,0,False
patient_geometry_reading2,mid15,"patient-level geometric shape, reading 2, variant mid15",0,AP,A1,anchor-view mean,mae_mm,4,4,0.1836907084,0.1836907084,0.2241942272,0.2241942272,1.434267338,0.003932283019,geom_mid15_r2_patient @ anchor 0.03,2.435991123,0.006670232077,geom_mid15_r2_patient @ anchor 0.25,0.006670232077,,,,,
patient_geometry_reading2,mid15,"patient-level geometric shape, reading 2, variant mid15",0,AP,A1,anchor-view mean,sd_err_mm,4,4,0.1836907084,0.1836907084,0.2241942272,0.2241942272,1.898267321,0.004244675994,geom_mid15_r2_patient @ anchor 0.03,2.585547246,0.005781488309,geom_mid15_r2_patient @ anchor 0.25,0.005781488309,1.900586393,2.596147514,0.002319072169,0,False
patient_geometry_reading2,mid15,"patient-level geometric shape, reading 2, variant mid15",0,AP,A2,mean across views,bias_mm,4,4,0.1836907084,0.1836907084,0.2241942272,0.2241942272,-1.686705059,0.00697557479,geom_mid15_r2_patient @ anchor 0.25,-1.044651438,0.006505556158,geom_mid15_r2_patient @ anchor 0.03,0.00697557479,-3.160932123,-0.2750493415,0,0,True
patient_geometry_reading2,mid15,"patient-level geometric shape, reading 2, variant mid15",0,AP,A2,mean across views,rmse_mm,4,4,0.1836907084,0.1836907084,0.2241942272,0.2241942272,2.307266867,0.00744088396,geom_mid15_r2_patient @ anchor 0.03,2.776830867,0.008699741767,geom_mid15_r2_patient @ anchor 0.25,0.008699741767,1.672772226,4.064358104,0,0,True
patient_geometry_reading2,mid15,"patient-level geometric shape, reading 2, variant mid15",0,AP,A2,mean across views,mae_mm,4,4,0.1836907084,0.1836907084,0.2241942272,0.2241942272,1.73440573,0.004811798326,geom_mid15_r2_patient @ anchor 0.03,2.103478588,0.005732539014,geom_mid15_r2_patient @ anchor 0.25,0.005732539014,,,,,
patient_geometry_reading2,mid15,"patient-level geometric shape, reading 2, variant mid15",0,AP,A2,mean across views,sd_err_mm,4,4,0.1836907084,0.1836907084,0.2241942272,0.2241942272,2.057237491,0.004600145876,geom_mid15_r2_patient @ anchor 0.03,2.205870433,0.004932500899,geom_mid15_r2_patient @ anchor 0.25,0.004932500899,1.643211904,2.554912951,0,0,True
patient_geometry_reading2,mid15,"patient-level geometric shape, reading 2, variant mid15",0,AP,A3,largest view mean,bias_mm,4,4,0.1836907084,0.1836907084,0.2241942272,0.2241942272,0.2862480434,0.006954412376,geom_mid15_r2_patient @ anchor 0.25,0.8116565627,0.006337638293,geom_mid15_r2_patient @ anchor 0.03,0.006954412376,-0.7675215473,0.919777008,0,0,True
patient_geometry_reading2,mid15,"patient-level geometric shape, reading 2, variant mid15",0,AP,A3,largest view mean,rmse_mm,4,4,0.1836907084,0.1836907084,0.2241942272,0.2241942272,2.133666253,0.008443157833,geom_mid15_r2_patient @ anchor 0.06,2.217718361,0.008466356566,geom_mid15_r2_patient @ anchor 0.25,0.008563397095,1.961960353,2.438468169,0,0,True
patient_geometry_reading2,mid15,"patient-level geometric shape, reading 2, variant mid15",0,AP,A3,largest view mean,mae_mm,4,4,0.1836907084,0.1836907084,0.2241942272,0.2241942272,1.560553296,0.004601332701,geom_mid15_r2_patient @ anchor 0.06,1.622105348,0.004782333991,geom_mid15_r2_patient @ anchor 0.25,0.004782333991,,,,,
patient_geometry_reading2,mid15,"patient-level geometric shape, reading 2, variant mid15",0,AP,A3,largest view mean,sd_err_mm,4,4,0.1836907084,0.1836907084,0.2241942272,0.2241942272,2.004137199,0.004481409421,geom_mid15_r2_patient @ anchor 0.03,2.19917829,0.004917536738,geom_mid15_r2_patient @ anchor 0.25,0.004917536738,1.95011314,2.314539102,0,0,True
patient_geometry_reading2,mid15,"patient-level geometric shape, reading 2, variant mid15",0,AP,A4,largest view mean after review,bias_mm,4,4,0.1836907084,0.1836907084,0.2241942272,0.2241942272,-0.0702973362,0.006896854715,geom_mid15_r2_patient @ anchor 0.25,0.676944162,0.006006321232,geom_mid15_r2_patient @ anchor 0.03,0.006896854715,-0.9722003196,0.7626407532,0,0,True
patient_geometry_reading2,mid15,"patient-level geometric shape, reading 2, variant mid15",0,AP,A4,largest view mean after review,rmse_mm,4,4,0.1836907084,0.1836907084,0.2241942272,0.2241942272,1.979781683,0.00721606202,geom_mid15_r2_patient @ anchor 0.06,2.182098679,0.008077267148,geom_mid15_r2_patient @ anchor 0.25,0.008077267148,1.906027253,2.50892998,0,0,True
patient_geometry_reading2,mid15,"patient-level geometric shape, reading 2, variant mid15",0,AP,A4,largest view mean after review,mae_mm,4,4,0.1836907084,0.1836907084,0.2241942272,0.2241942272,1.478028647,0.004165314132,geom_mid15_r2_patient @ anchor 0.06,1.599321732,0.004694408037,geom_mid15_r2_patient @ anchor 0.25,0.004694408037,,,,,
patient_geometry_reading2,mid15,"patient-level geometric shape, reading 2, variant mid15",0,AP,A4,largest view mean after review,sd_err_mm,4,4,0.1836907084,0.1836907084,0.2241942272,0.2241942272,1.899365545,0.004247131709,geom_mid15_r2_patient @ anchor 0.03,2.180976959,0.004876837122,geom_mid15_r2_patient @ anchor 0.25,0.004876837122,1.864172557,2.312922324,0,0,True
patient_geometry_reading2,mid15,"patient-level geometric shape, reading 2, variant mid15",0,SL,A1,anchor-view mean,bias_mm,4,4,0.2166723668,0.2166723668,0.244345109,0.244345109,-1.233394657,0.005791084161,geom_mid15_r2_patient @ anchor 0.25,-5.091610478e-05,0.004518063982,geom_mid15_r2_patient @ anchor 0.03,0.005791084161,-1.236776292,0.009007702171,0,0,True
patient_geometry_reading2,mid15,"patient-level geometric shape, reading 2, variant mid15",0,SL,A1,anchor-view mean,rmse_mm,4,4,0.2166723668,0.2166723668,0.244345109,0.244345109,1.428730137,0.004304265393,geom_mid15_r2_patient @ anchor 0.03,2.207916307,0.006746519721,geom_mid15_r2_patient @ anchor 0.25,0.006746519721,1.42503257,2.217793129,0,0,True
patient_geometry_reading2,mid15,"patient-level geometric shape, reading 2, variant mid15",0,SL,A1,anchor-view mean,mae_mm,4,4,0.2166723668,0.2166723668,0.244345109,0.244345109,1.101346492,0.002878044461,geom_mid15_r2_patient @ anchor 0.03,1.678744808,0.004535119468,geom_mid15_r2_patient @ anchor 0.25,0.004535119468,,,,,
patient_geometry_reading2,mid15,"patient-level geometric shape, reading 2, variant mid15",0,SL,A1,anchor-view mean,sd_err_mm,4,4,0.2166723668,0.2166723668,0.244345109,0.244345109,1.42873728,0.003194769654,geom_mid15_r2_patient @ anchor 0.03,1.831301607,0.004094935355,geom_mid15_r2_patient @ anchor 0.25,0.004094935355,1.425011226,1.842299872,0,0,True
patient_geometry_reading2,mid15,"patient-level geometric shape, reading 2, variant mid15",0,SL,A2,mean across views,bias_mm,4,4,0.2166723668,0.2166723668,0.244345109,0.244345109,-1.22520646,0.005119601882,geom_mid15_r2_patient @ anchor 0.25,-0.8140918798,0.004824760964,geom_mid15_r2_patient @ anchor 0.03,0.005119601882,-2.025949956,-0.1768472898,0,0,True
patient_geometry_reading2,mid15,"patient-level geometric shape, reading 2, variant mid15",0,SL,A2,mean across views,rmse_mm,4,4,0.2166723668,0.2166723668,0.244345109,0.244345109,1.729321875,0.005117318507,geom_mid15_r2_patient @ anchor 0.03,2.030304658,0.005994981714,geom_mid15_r2_patient @ anchor 0.25,0.005994981714,1.247666501,2.703301227,0,0,True
patient_geometry_reading2,mid15,"patient-level geometric shape, reading 2, variant mid15",0,SL,A2,mean across views,mae_mm,4,4,0.2166723668,0.2166723668,0.244345109,0.244345109,1.318600972,0.003538160739,geom_mid15_r2_patient @ anchor 0.03,1.553816161,0.004132565084,geom_mid15_r2_patient @ anchor 0.25,0.004132565084,,,,,
patient_geometry_reading2,mid15,"patient-level geometric shape, reading 2, variant mid15",0,SL,A2,mean across views,sd_err_mm,4,4,0.2166723668,0.2166723668,0.244345109,0.244345109,1.525723381,0.003411638254,geom_mid15_r2_patient @ anchor 0.03,1.618960266,0.003620123308,geom_mid15_r2_patient @ anchor 0.25,0.003620123308,1.232075416,1.789803434,0,0,True
patient_geometry_reading2,mid15,"patient-level geometric shape, reading 2, variant mid15",0,SL,A3,largest view mean,bias_mm,4,4,0.2166723668,0.2166723668,0.244345109,0.244345109,0.1766047076,0.005085296707,geom_mid15_r2_patient @ anchor 0.25,0.5592127107,0.004642968687,geom_mid15_r2_patient @ anchor 0.03,0.005085296707,-0.437901431,0.6850496269,0,0,True
patient_geometry_reading2,mid15,"patient-level geometric shape, reading 2, variant mid15",0,SL,A3,largest view mean,rmse_mm,4,4,0.2166723668,0.2166723668,0.244345109,0.244345109,1.553244169,0.005570035334,geom_mid15_r2_patient @ anchor 0.06,1.617772426,0.005780686748,geom_mid15_r2_patient @ anchor 0.25,0.005780686748,1.446643337,1.709409901,0,0,True
patient_geometry_reading2,mid15,"patient-level geometric shape, reading 2, variant mid15",0,SL,A3,largest view mean,mae_mm,4,4,0.2166723668,0.2166723668,0.244345109,0.244345109,1.16418231,0.003251549737,geom_mid15_r2_patient @ anchor 0.06,1.207710642,0.00340387164,geom_mid15_r2_patient @ anchor 0.25,0.00340387164,,,,,
patient_geometry_reading2,mid15,"patient-level geometric shape, reading 2, variant mid15",0,SL,A3,largest view mean,sd_err_mm,4,4,0.2166723668,0.2166723668,0.244345109,0.244345109,1.468235616,0.003283091059,geom_mid15_r2_patient @ anchor 0.03,1.608112017,0.003595865765,geom_mid15_r2_patient @ anchor 0.25,0.003595865765,1.425522315,1.652377635,0,0,True
patient_geometry_reading2,mid15,"patient-level geometric shape, reading 2, variant mid15",0,SL,A4,largest view mean after review,bias_mm,4,4,0.2166723668,0.2166723668,0.244345109,0.244345109,0.01929726162,0.005019069293,geom_mid15_r2_patient @ anchor 0.25,0.5103230861,0.004475670598,geom_mid15_r2_patient @ anchor 0.03,0.005019069293,-0.5248314744,0.6248478046,0,0,True
patient_geometry_reading2,mid15,"patient-level geometric shape, reading 2, variant mid15",0,SL,A4,largest view mean after review,rmse_mm,4,4,0.2166723668,0.2166723668,0.244345109,0.244345109,1.480889666,0.004776379042,geom_mid15_r2_patient @ anchor 0.06,1.587278441,0.005448314646,geom_mid15_r2_patient @ anchor 0.25,0.005448314646,1.42004453,1.729219088,0,0,True
patient_geometry_reading2,mid15,"patient-level geometric shape, reading 2, variant mid15",0,SL,A4,largest view mean after review,mae_mm,4,4,0.2166723668,0.2166723668,0.244345109,0.244345109,1.129150216,0.003029955731,geom_mid15_r2_patient @ anchor 0.06,1.191306095,0.003317007144,geom_mid15_r2_patient @ anchor 0.25,0.003317007144,,,,,
patient_geometry_reading2,mid15,"patient-level geometric shape, reading 2, variant mid15",0,SL,A4,largest view mean after review,sd_err_mm,4,4,0.2166723668,0.2166723668,0.244345109,0.244345109,1.415331315,0.003164792854,geom_mid15_r2_patient @ anchor 0.03,1.58716907,0.003549035677,geom_mid15_r2_patient @ anchor 0.25,0.003549035677,1.375939933,1.647658255,0,0,True
patient_geometry_reading2,ind00,"patient-level geometric shape, reading 2, variant ind00",0,AP,A1,anchor-view mean,bias_mm,4,4,0.06140660897,0.06140660897,0.09506769718,0.09506769718,-1.923075698,0.008176218297,geom_ind00_r2_patient @ anchor 0.25,0.003085165303,0.006002848344,geom_ind00_r2_patient @ anchor 0.03,0.008176218297,-1.92746491,0.01615579299,0,0,True
patient_geometry_reading2,ind00,"patient-level geometric shape, reading 2, variant ind00",0,AP,A1,anchor-view mean,rmse_mm,4,4,0.06140660897,0.06140660897,0.09506769718,0.09506769718,1.898260337,0.006719244452,geom_ind00_r2_patient @ anchor 0.03,3.222298536,0.01014760751,geom_ind00_r2_patient @ anchor 0.25,0.01014760751,1.900583197,3.232934252,0.002322860245,0,False
patient_geometry_reading2,ind00,"patient-level geometric shape, reading 2, variant ind00",0,AP,A1,anchor-view mean,mae_mm,4,4,0.06140660897,0.06140660897,0.09506769718,0.09506769718,1.434267338,0.003932283019,geom_ind00_r2_patient @ anchor 0.03,2.435991123,0.006670232077,geom_ind00_r2_patient @ anchor 0.25,0.006670232077,,,,,
patient_geometry_reading2,ind00,"patient-level geometric shape, reading 2, variant ind00",0,AP,A1,anchor-view mean,sd_err_mm,4,4,0.06140660897,0.06140660897,0.09506769718,0.09506769718,1.898267321,0.004244675994,geom_ind00_r2_patient @ anchor 0.03,2.585547246,0.005781488309,geom_ind00_r2_patient @ anchor 0.25,0.005781488309,1.900586393,2.596147514,0.002319072169,0,False
patient_geometry_reading2,ind00,"patient-level geometric shape, reading 2, variant ind00",0,AP,A2,mean across views,bias_mm,4,4,0.06140660897,0.06140660897,0.09506769718,0.09506769718,-0.79025888,0.005688880481,geom_ind00_r2_patient @ anchor 0.25,-0.1482052588,0.005385467429,geom_ind00_r2_patient @ anchor 0.03,0.005688880481,-3.160932123,-0.2750493415,0,0.1268440827,False
patient_geometry_reading2,ind00,"patient-level geometric shape, reading 2, variant ind00",0,AP,A2,mean across views,rmse_mm,4,4,0.06140660897,0.06140660897,0.09506769718,0.09506769718,1.709462412,0.005414323176,geom_ind00_r2_patient @ anchor 0.03,1.964895124,0.006025014529,geom_ind00_r2_patient @ anchor 0.25,0.006025014529,1.672772226,4.064358104,0,0,True
patient_geometry_reading2,ind00,"patient-level geometric shape, reading 2, variant ind00",0,AP,A2,mean across views,mae_mm,4,4,0.06140660897,0.06140660897,0.09506769718,0.09506769718,1.294800073,0.003529542417,geom_ind00_r2_patient @ anchor 0.03,1.493439468,0.004037905034,geom_ind00_r2_patient @ anchor 0.25,0.004037905034,,,,,
patient_geometry_reading2,ind00,"patient-level geometric shape, reading 2, variant ind00",0,AP,A2,mean across views,sd_err_mm,4,4,0.06140660897,0.06140660897,0.09506769718,0.09506769718,1.703034334,0.003808119579,geom_ind00_r2_patient @ anchor 0.03,1.798981966,0.004022666079,geom_ind00_r2_patient @ anchor 0.25,0.004022666079,1.643211904,2.554912951,0,0,True
patient_geometry_reading2,ind00,"patient-level geometric shape, reading 2, variant ind00",0,AP,A3,largest view mean,bias_mm,4,4,0.06140660897,0.06140660897,0.09506769718,0.09506769718,0.8117492979,0.006546741566,geom_ind00_r2_patient @ anchor 0.25,1.102276375,0.006403849329,geom_ind00_r2_patient @ anchor 0.03,0.006546741566,-0.7675215473,0.919777008,0,0.182499367,False
patient_geometry_reading2,ind00,"patient-level geometric shape, reading 2, variant ind00",0,AP,A3,largest view mean,rmse_mm,4,4,0.06140660897,0.06140660897,0.09506769718,0.09506769718,2.223707844,0.008808946107,geom_ind00_r2_patient @ anchor 0.25,2.305623738,0.00909039973,geom_ind00_r2_patient @ anchor 0.03,0.00909039973,1.961960353,2.438468169,0,0,True
patient_geometry_reading2,ind00,"patient-level geometric shape, reading 2, variant ind00",0,AP,A3,largest view mean,mae_mm,4,4,0.06140660897,0.06140660897,0.09506769718,0.09506769718,1.616273776,0.004829657321,geom_ind00_r2_patient @ anchor 0.25,1.679214005,0.004996164639,geom_ind00_r2_patient @ anchor 0.03,0.004996164639,,,,,
patient_geometry_reading2,ind00,"patient-level geometric shape, reading 2, variant ind00",0,AP,A3,largest view mean,sd_err_mm,4,4,0.06140660897,0.06140660897,0.09506769718,0.09506769718,2.025074967,0.004528227927,geom_ind00_r2_patient @ anchor 0.03,2.07026146,0.004629268502,geom_ind00_r2_patient @ anchor 0.25,0.004629268502,1.95011314,2.314539102,0,0,True
patient_geometry_reading2,ind00,"patient-level geometric shape, reading 2, variant ind00",0,AP,A4,largest view mean after review,bias_mm,4,4,0.06140660897,0.06140660897,0.09506769718,0.09506769718,0.4112376413,0.006376899427,geom_ind00_r2_patient @ anchor 0.25,0.9225764046,0.005970635224,geom_ind00_r2_patient @ anchor 0.03,0.006376899427,-0.9722003196,0.7626407532,0,0.1599356514,False
patient_geometry_reading2,ind00,"patient-level geometric shape, reading 2, variant ind00",0,AP,A4,largest view mean after review,rmse_mm,4,4,0.06140660897,0.06140660897,0.09506769718,0.09506769718,2.014820234,0.007385244778,geom_ind00_r2_patient @ anchor 0.125,2.101418586,0.00775583519,geom_ind00_r2_patient @ anchor 0.03,0.00775583519,1.906027253,2.50892998,0,0,True
patient_geometry_reading2,ind00,"patient-level geometric shape, reading 2, variant ind00",0,AP,A4,largest view mean after review,mae_mm,4,4,0.06140660897,0.06140660897,0.09506769718,0.09506769718,1.499049206,0.00425719412,geom_ind00_r2_patient @ anchor 0.125,1.563173441,0.004441248238,geom_ind00_r2_patient @ anchor 0.03,0.004441248238,,,,,
patient_geometry_reading2,ind00,"patient-level geometric shape, reading 2, variant ind00",0,AP,A4,largest view mean after review,sd_err_mm,4,4,0.06140660897,0.06140660897,0.09506769718,0.09506769718,1.886615158,0.004218620833,geom_ind00_r2_patient @ anchor 0.06,2.01655266,0.004509171374,geom_ind00_r2_patient @ anchor 0.25,0.004509171374,1.864172557,2.312922324,0,0,True
patient_geometry_reading2,ind00,"patient-level geometric shape, reading 2, variant ind00",0,SL,A1,anchor-view mean,bias_mm,4,4,0.124043653,0.124043653,0.1731740025,0.1731740025,-1.233394657,0.005791084161,geom_ind00_r2_patient @ anchor 0.25,-5.091610478e-05,0.004518063982,geom_ind00_r2_patient @ anchor 0.03,0.005791084161,-1.236776292,0.009007702171,0,0,True
patient_geometry_reading2,ind00,"patient-level geometric shape, reading 2, variant ind00",0,SL,A1,anchor-view mean,rmse_mm,4,4,0.124043653,0.124043653,0.1731740025,0.1731740025,1.428730137,0.004304265393,geom_ind00_r2_patient @ anchor 0.03,2.207916307,0.006746519721,geom_ind00_r2_patient @ anchor 0.25,0.006746519721,1.42503257,2.217793129,0,0,True
patient_geometry_reading2,ind00,"patient-level geometric shape, reading 2, variant ind00",0,SL,A1,anchor-view mean,mae_mm,4,4,0.124043653,0.124043653,0.1731740025,0.1731740025,1.101346492,0.002878044461,geom_ind00_r2_patient @ anchor 0.03,1.678744808,0.004535119468,geom_ind00_r2_patient @ anchor 0.25,0.004535119468,,,,,
patient_geometry_reading2,ind00,"patient-level geometric shape, reading 2, variant ind00",0,SL,A1,anchor-view mean,sd_err_mm,4,4,0.124043653,0.124043653,0.1731740025,0.1731740025,1.42873728,0.003194769654,geom_ind00_r2_patient @ anchor 0.03,1.831301607,0.004094935355,geom_ind00_r2_patient @ anchor 0.25,0.004094935355,1.425011226,1.842299872,0,0,True
patient_geometry_reading2,ind00,"patient-level geometric shape, reading 2, variant ind00",0,SL,A2,mean across views,bias_mm,4,4,0.124043653,0.124043653,0.1731740025,0.1731740025,-0.7928191206,0.004580619768,geom_ind00_r2_patient @ anchor 0.25,-0.3817045401,0.00434980415,geom_ind00_r2_patient @ anchor 0.03,0.004580619768,-2.025949956,-0.1768472898,0,0,True
patient_geometry_reading2,ind00,"patient-level geometric shape, reading 2, variant ind00",0,SL,A2,mean across views,rmse_mm,4,4,0.124043653,0.124043653,0.1731740025,0.1731740025,1.42750098,0.004198588044,geom_ind00_r2_patient @ anchor 0.03,1.65128705,0.004964521216,geom_ind00_r2_patient @ anchor 0.25,0.004964521216,1.247666501,2.703301227,0,0,True
patient_geometry_reading2,ind00,"patient-level geometric shape, reading 2, variant ind00",0,SL,A2,mean across views,mae_mm,4,4,0.124043653,0.124043653,0.1731740025,0.1731740025,1.091804187,0.00290814567,geom_ind00_r2_patient @ anchor 0.03,1.259177495,0.003378213091,geom_ind00_r2_patient @ anchor 0.25,0.003378213091,,,,,
patient_geometry_reading2,ind00,"patient-level geometric shape, reading 2, variant ind00",0,SL,A2,mean across views,sd_err_mm,4,4,0.124043653,0.124043653,0.1731740025,0.1731740025,1.375528849,0.00307579139,geom_ind00_r2_patient @ anchor 0.03,1.448519156,0.003239003495,geom_ind00_r2_patient @ anchor 0.25,0.003239003495,1.232075416,1.789803434,0,0,True
patient_geometry_reading2,ind00,"patient-level geometric shape, reading 2, variant ind00",0,SL,A3,largest view mean,bias_mm,4,4,0.124043653,0.124043653,0.1731740025,0.1731740025,0.4185262869,0.004871094773,geom_ind00_r2_patient @ anchor 0.25,0.688415799,0.004649252652,geom_ind00_r2_patient @ anchor 0.03,0.004871094773,-0.437901431,0.6850496269,0,0.003366172059,False
patient_geometry_reading2,ind00,"patient-level geometric shape, reading 2, variant ind00",0,SL,A3,largest view mean,rmse_mm,4,4,0.124043653,0.124043653,0.1731740025,0.1731740025,1.588097886,0.005781362204,geom_ind00_r2_patient @ anchor 0.125,1.623406825,0.005872110105,geom_ind00_r2_patient @ anchor 0.03,0.005872110105,1.446643337,1.709409901,0,0,True
patient_geometry_reading2,ind00,"patient-level geometric shape, reading 2, variant ind00",0,SL,A3,largest view mean,mae_mm,4,4,0.124043653,0.124043653,0.1731740025,0.1731740025,1.184965687,0.003343534651,geom_ind00_r2_patient @ anchor 0.125,1.212738564,0.00341280902,geom_ind00_r2_patient @ anchor 0.03,0.00341280902,,,,,
patient_geometry_reading2,ind00,"patient-level geometric shape, reading 2, variant ind00",0,SL,A3,largest view mean,sd_err_mm,4,4,0.124043653,0.124043653,0.1731740025,0.1731740025,1.47022278,0.003287534516,geom_ind00_r2_patient @ anchor 0.03,1.540375418,0.003444401368,geom_ind00_r2_patient @ anchor 0.25,0.003444401368,1.425522315,1.652377635,0,0,True
patient_geometry_reading2,ind00,"patient-level geometric shape, reading 2, variant ind00",0,SL,A4,largest view mean after review,bias_mm,4,4,0.124043653,0.124043653,0.1731740025,0.1731740025,0.2432158435,0.004774654455,geom_ind00_r2_patient @ anchor 0.25,0.6281848901,0.004447178433,geom_ind00_r2_patient @ anchor 0.03,0.004774654455,-0.5248314744,0.6248478046,0,0.003337085473,False
patient_geometry_reading2,ind00,"patient-level geometric shape, reading 2, variant ind00",0,SL,A4,largest view mean after review,rmse_mm,4,4,0.124043653,0.124043653,0.1731740025,0.1731740025,1.491121464,0.004821798691,geom_ind00_r2_patient @ anchor 0.125,1.540238968,0.005042142379,geom_ind00_r2_patient @ anchor 0.03,0.005143599857,1.42004453,1.729219088,0,0,True
patient_geometry_reading2,ind00,"patient-level geometric shape, reading 2, variant ind00",0,SL,A4,largest view mean after review,mae_mm,4,4,0.124043653,0.124043653,0.1731740025,0.1731740025,1.135379789,0.003056738947,geom_ind00_r2_patient @ anchor 0.125,1.171457154,0.003162331761,geom_ind00_r2_patient @ anchor 0.03,0.003176133349,,,,,
patient_geometry_reading2,ind00,"patient-level geometric shape, reading 2, variant ind00",0,SL,A4,largest view mean after review,sd_err_mm,4,4,0.124043653,0.124043653,0.1731740025,0.1731740025,1.406321301,0.00314464575,geom_ind00_r2_patient @ anchor 0.03,1.509878312,0.003376207424,geom_ind00_r2_patient @ anchor 0.25,0.003376207424,1.375939933,1.647658255,0,0,True
halfnormal_lowest_calibrated,all,"half-normal shape at the lowest calibrated mean (off-centre component, variant ind00)",1,AP,A1,anchor-view mean,bias_mm,4,4,0.06137300475,0.06137300475,0.0465494195,0.0465494195,-1.922372538,0.008208963819,geom_ind00_r2_halfnormal @ anchor 0.25,0.005634553169,0.006040821831,geom_ind00_r2_halfnormal @ anchor 0.03,0.008208963819,-1.92746491,0.01615579299,0,0,True
halfnormal_lowest_calibrated,all,"half-normal shape at the lowest calibrated mean (off-centre component, variant ind00)",1,AP,A1,anchor-view mean,rmse_mm,4,4,0.06137300475,0.06137300475,0.0465494195,0.0465494195,1.910274351,0.006598195709,geom_ind00_r2_halfnormal @ anchor 0.03,3.230194651,0.01000764628,geom_ind00_r2_halfnormal @ anchor 0.25,0.01000764628,1.900583197,3.232934252,0,0,True
halfnormal_lowest_calibrated,all,"half-normal shape at the lowest calibrated mean (off-centre component, variant ind00)",1,AP,A1,anchor-view mean,mae_mm,4,4,0.06137300475,0.06137300475,0.0465494195,0.0465494195,1.438060053,0.003976364159,geom_ind00_r2_halfnormal @ anchor 0.03,2.443757978,0.006680006776,geom_ind00_r2_halfnormal @ anchor 0.25,0.006680006776,,,,,
halfnormal_lowest_calibrated,all,"half-normal shape at the lowest calibrated mean (off-centre component, variant ind00)",1,AP,A1,anchor-view mean,sd_err_mm,4,4,0.06137300475,0.06137300475,0.0465494195,0.0465494195,1.910275593,0.004271527438,geom_ind00_r2_halfnormal @ anchor 0.03,2.59590229,0.005804643006,geom_ind00_r2_halfnormal @ anchor 0.25,0.005804643006,1.900586393,2.596147514,0,0,True
halfnormal_lowest_calibrated,all,"half-normal shape at the lowest calibrated mean (off-centre component, variant ind00)",1,AP,A2,mean across views,bias_mm,4,4,0.06137300475,0.06137300475,0.0465494195,0.0465494195,-0.7894594736,0.005434095154,geom_ind00_r2_halfnormal @ anchor 0.25,-0.1467904434,0.005157402067,geom_ind00_r2_halfnormal @ anchor 0.03,0.005434095154,-3.160932123,-0.2750493415,0,0.1282588981,False
halfnormal_lowest_calibrated,all,"half-normal shape at the lowest calibrated mean (off-centre component, variant ind00)",1,AP,A2,mean across views,rmse_mm,4,4,0.06137300475,0.06137300475,0.0465494195,0.0465494195,1.637498227,0.005004044775,geom_ind00_r2_halfnormal @ anchor 0.03,1.891072644,0.005387735569,geom_ind00_r2_halfnormal @ anchor 0.25,0.005387735569,1.672772226,4.064358104,0.03527399901,0,False
halfnormal_lowest_calibrated,all,"half-normal shape at the lowest calibrated mean (off-centre component, variant ind00)",1,AP,A2,mean across views,mae_mm,4,4,0.06137300475,0.06137300475,0.0465494195,0.0465494195,1.248293478,0.003351380416,geom_ind00_r2_halfnormal @ anchor 0.03,1.454025233,0.003823585995,geom_ind00_r2_halfnormal @ anchor 0.25,0.003823585995,,,,,
halfnormal_lowest_calibrated,all,"half-normal shape at the lowest calibrated mean (off-centre component, variant ind00)",1,AP,A2,mean across views,sd_err_mm,4,4,0.06137300475,0.06137300475,0.0465494195,0.0465494195,1.630006232,0.003644822963,geom_ind00_r2_halfnormal @ anchor 0.06,1.718411771,0.003842504746,geom_ind00_r2_halfnormal @ anchor 0.25,0.003842504746,1.643211904,2.554912951,0.01320567239,0,False
halfnormal_lowest_calibrated,all,"half-normal shape at the lowest calibrated mean (off-centre component, variant ind00)",1,AP,A3,largest view mean,bias_mm,4,4,0.06137300475,0.06137300475,0.0465494195,0.0465494195,0.6990164085,0.006401338539,geom_ind00_r2_halfnormal @ anchor 0.25,1.008214081,0.006330016827,geom_ind00_r2_halfnormal @ anchor 0.03,0.006401338539,-0.7675215473,0.919777008,0,0.08843707304,False
halfnormal_lowest_calibrated,all,"half-normal shape at the lowest calibrated mean (off-centre component, variant ind00)",1,AP,A3,largest view mean,rmse_mm,4,4,0.06137300475,0.06137300475,0.0465494195,0.0465494195,2.141564025,0.009051487412,geom_ind00_r2_halfnormal @ anchor 0.25,2.241286877,0.009248620238,geom_ind00_r2_halfnormal @ anchor 0.03,0.009248620238,1.961960353,2.438468169,0,0,True
halfnormal_lowest_calibrated,all,"half-normal shape at the lowest calibrated mean (off-centre component, variant ind00)",1,AP,A3,largest view mean,mae_mm,4,4,0.06137300475,0.06137300475,0.0465494195,0.0465494195,1.554036476,0.00465970902,geom_ind00_r2_halfnormal @ anchor 0.25,1.627001933,0.004874684955,geom_ind00_r2_halfnormal @ anchor 0.03,0.004874684955,,,,,
halfnormal_lowest_calibrated,all,"half-normal shape at the lowest calibrated mean (off-centre component, variant ind00)",1,AP,A3,largest view mean,sd_err_mm,4,4,0.06137300475,0.06137300475,0.0465494195,0.0465494195,2.00172708,0.004476020203,geom_ind00_r2_halfnormal @ anchor 0.03,2.024280986,0.004526452522,geom_ind00_r2_halfnormal @ anchor 0.25,0.004526452522,1.95011314,2.314539102,0,0,True
halfnormal_lowest_calibrated,all,"half-normal shape at the lowest calibrated mean (off-centre component, variant ind00)",1,AP,A4,largest view mean after review,bias_mm,4,4,0.06137300475,0.06137300475,0.0465494195,0.0465494195,0.3171030375,0.006159890775,geom_ind00_r2_halfnormal @ anchor 0.25,0.8430834285,0.005896880644,geom_ind00_r2_halfnormal @ anchor 0.03,0.006159890775,-0.9722003196,0.7626407532,0,0.0804426753,False
halfnormal_lowest_calibrated,all,"half-normal shape at the lowest calibrated mean (off-centre component, variant ind00)",1,AP,A4,largest view mean after review,rmse_mm,4,4,0.06137300475,0.06137300475,0.0465494195,0.0465494195,1.947919144,0.006843109798,geom_ind00_r2_halfnormal @ anchor 0.125,2.04647869,0.007242214745,geom_ind00_r2_halfnormal @ anchor 0.03,0.007242214745,1.906027253,2.50892998,0,0,True
halfnormal_lowest_calibrated,all,"half-normal shape at the lowest calibrated mean (off-centre component, variant ind00)",1,AP,A4,largest view mean after review,mae_mm,4,4,0.06137300475,0.06137300475,0.0465494195,0.0465494195,1.452467746,0.004104562441,geom_ind00_r2_halfnormal @ anchor 0.125,1.522790603,0.004323427458,geom_ind00_r2_halfnormal @ anchor 0.03,0.004323427458,,,,,
halfnormal_lowest_calibrated,all,"half-normal shape at the lowest calibrated mean (off-centre component, variant ind00)",1,AP,A4,largest view mean after review,sd_err_mm,4,4,0.06137300475,0.06137300475,0.0465494195,0.0465494195,1.858055214,0.004154758539,geom_ind00_r2_halfnormal @ anchor 0.06,1.947928499,0.004355722317,geom_ind00_r2_halfnormal @ anchor 0.25,0.004355722317,1.864172557,2.312922324,0.006117342662,0,False
halfnormal_lowest_calibrated,all,"half-normal shape at the lowest calibrated mean (off-centre component, variant ind00)",1,SL,A1,anchor-view mean,bias_mm,4,4,0.1224267938,0.1224267938,0.09242197541,0.09242197541,-1.230173624,0.005798567499,geom_ind00_r2_halfnormal @ anchor 0.25,0.004586482366,0.004498965221,geom_ind00_r2_halfnormal @ anchor 0.03,0.005798567499,-1.236776292,0.009007702171,0,0,True
halfnormal_lowest_calibrated,all,"half-normal shape at the lowest calibrated mean (off-centre component, variant ind00)",1,SL,A1,anchor-view mean,rmse_mm,4,4,0.1224267938,0.1224267938,0.09242197541,0.09242197541,1.422698001,0.004236165163,geom_ind00_r2_halfnormal @ anchor 0.03,2.208083338,0.006825764544,geom_ind00_r2_halfnormal @ anchor 0.25,0.006825764544,1.42503257,2.217793129,0.002334569087,0,False
halfnormal_lowest_calibrated,all,"half-normal shape at the lowest calibrated mean (off-centre component, variant ind00)",1,SL,A1,anchor-view mean,mae_mm,4,4,0.1224267938,0.1224267938,0.09242197541,0.09242197541,1.097165467,0.00286409801,geom_ind00_r2_halfnormal @ anchor 0.03,1.674901109,0.004550119784,geom_ind00_r2_halfnormal @ anchor 0.25,0.004550119784,,,,,
halfnormal_lowest_calibrated,all,"half-normal shape at the lowest calibrated mean (off-centre component, variant ind00)",1,SL,A1,anchor-view mean,sd_err_mm,4,4,0.1224267938,0.1224267938,0.09242197541,0.09242197541,1.422697721,0.003181264722,geom_ind00_r2_halfnormal @ anchor 0.03,1.833668046,0.004100226901,geom_ind00_r2_halfnormal @ anchor 0.25,0.004100226901,1.425011226,1.842299872,0.002313504808,0,False
halfnormal_lowest_calibrated,all,"half-normal shape at the lowest calibrated mean (off-centre component, variant ind00)",1,SL,A2,mean across views,bias_mm,4,4,0.1224267938,0.1224267938,0.09242197541,0.09242197541,-0.7868056039,0.004204679796,geom_ind00_r2_halfnormal @ anchor 0.25,-0.3752189018,0.003961977295,geom_ind00_r2_halfnormal @ anchor 0.03,0.004204679796,-2.025949956,-0.1768472898,0,0,True
halfnormal_lowest_calibrated,all,"half-normal shape at the lowest calibrated mean (off-centre component, variant ind00)",1,SL,A2,mean across views,rmse_mm,4,4,0.1224267938,0.1224267938,0.09242197541,0.09242197541,1.307860824,0.003554079869,geom_ind00_r2_halfnormal @ anchor 0.03,1.544984983,0.00427349409,geom_ind00_r2_halfnormal @ anchor 0.25,0.00427349409,1.247666501,2.703301227,0,0,True
halfnormal_lowest_calibrated,all,"half-normal shape at the lowest calibrated mean (off-centre component, variant ind00)",1,SL,A2,mean across views,mae_mm,4,4,0.1224267938,0.1224267938,0.09242197541,0.09242197541,1.013690047,0.002613310646,geom_ind00_r2_halfnormal @ anchor 0.03,1.195977367,0.003092937604,geom_ind00_r2_halfnormal @ anchor 0.25,0.003092937604,,,,,
halfnormal_lowest_calibrated,all,"half-normal shape at the lowest calibrated mean (off-centre component, variant ind00)",1,SL,A2,mean across views,sd_err_mm,4,4,0.1224267938,0.1224267938,0.09242197541,0.09242197541,1.252887229,0.00280155502,geom_ind00_r2_halfnormal @ anchor 0.03,1.329636499,0.002973172463,geom_ind00_r2_halfnormal @ anchor 0.25,0.002973172463,1.232075416,1.789803434,0,0,True
halfnormal_lowest_calibrated,all,"half-normal shape at the lowest calibrated mean (off-centre component, variant ind00)",1,SL,A3,largest view mean,bias_mm,4,4,0.1224267938,0.1224267938,0.09242197541,0.09242197541,0.251480693,0.004675475303,geom_ind00_r2_halfnormal @ anchor 0.25,0.5647400458,0.004531970259,geom_ind00_r2_halfnormal @ anchor 0.03,0.004675475303,-0.437901431,0.6850496269,0,0,True
halfnormal_lowest_calibrated,all,"half-normal shape at the lowest calibrated mean (off-centre component, variant ind00)",1,SL,A3,largest view mean,rmse_mm,4,4,0.1224267938,0.1224267938,0.09242197541,0.09242197541,1.499742515,0.005325760626,geom_ind00_r2_halfnormal @ anchor 0.25,1.540385089,0.005502764083,geom_ind00_r2_halfnormal @ anchor 0.03,0.005502764083,1.446643337,1.709409901,0,0,True
halfnormal_lowest_calibrated,all,"half-normal shape at the lowest calibrated mean (off-centre component, variant ind00)",1,SL,A3,largest view mean,mae_mm,4,4,0.1224267938,0.1224267938,0.09242197541,0.09242197541,1.126745302,0.003132421845,geom_ind00_r2_halfnormal @ anchor 0.125,1.156265951,0.003218455581,geom_ind00_r2_halfnormal @ anchor 0.03,0.003218455581,,,,,
halfnormal_lowest_calibrated,all,"half-normal shape at the lowest calibrated mean (off-centre component, variant ind00)",1,SL,A3,largest view mean,sd_err_mm,4,4,0.1224267938,0.1224267938,0.09242197541,0.09242197541,1.433134831,0.003204602925,geom_ind00_r2_halfnormal @ anchor 0.03,1.47851511,0.003306076823,geom_ind00_r2_halfnormal @ anchor 0.25,0.003306076823,1.425522315,1.652377635,0,0,True
halfnormal_lowest_calibrated,all,"half-normal shape at the lowest calibrated mean (off-centre component, variant ind00)",1,SL,A4,largest view mean after review,bias_mm,4,4,0.1224267938,0.1224267938,0.09242197541,0.09242197541,0.1039743001,0.004600384861,geom_ind00_r2_halfnormal @ anchor 0.25,0.5189125111,0.004385643867,geom_ind00_r2_halfnormal @ anchor 0.03,0.004600384861,-0.5248314744,0.6248478046,0,0,True
halfnormal_lowest_calibrated,all,"half-normal shape at the lowest calibrated mean (off-centre component, variant ind00)",1,SL,A4,largest view mean after review,rmse_mm,4,4,0.1224267938,0.1224267938,0.09242197541,0.09242197541,1.431238082,0.004583711072,geom_ind00_r2_halfnormal @ anchor 0.125,1.480755947,0.004775851637,geom_ind00_r2_halfnormal @ anchor 0.03,0.004959059181,1.42004453,1.729219088,0,0,True
halfnormal_lowest_calibrated,all,"half-normal shape at the lowest calibrated mean (off-centre component, variant ind00)",1,SL,A4,largest view mean after review,mae_mm,4,4,0.1224267938,0.1224267938,0.09242197541,0.09242197541,1.092422876,0.00292414647,geom_ind00_r2_halfnormal @ anchor 0.125,1.127938621,0.003033812527,geom_ind00_r2_halfnormal @ anchor 0.03,0.003033812527,,,,,
halfnormal_lowest_calibrated,all,"half-normal shape at the lowest calibrated mean (off-centre component, variant ind00)",1,SL,A4,largest view mean after review,sd_err_mm,4,4,0.1224267938,0.1224267938,0.09242197541,0.09242197541,1.386862363,0.003101134024,geom_ind00_r2_halfnormal @ anchor 0.03,1.454769427,0.003252979596,geom_ind00_r2_halfnormal @ anchor 0.25,0.003252979596,1.375939933,1.647658255,0,0,True
patient_geometry_reading1,all,"patient-level geometric shape, rotation counted as error (variants ind15, mid15, ind00)",1,AP,A1,anchor-view mean,bias_mm,12,12,0.2923447815,0.2988511265,0.1602778515,0.2307400691,-1.922372538,0.008208963819,geom_ind15_r1_patient @ anchor 0.25,0.005634553169,0.006040821831,geom_ind15_r1_patient @ anchor 0.03,0.008208963819,-1.92746491,0.01615579299,0,0,True
patient_geometry_reading1,all,"patient-level geometric shape, rotation counted as error (variants ind15, mid15, ind00)",1,AP,A1,anchor-view mean,rmse_mm,12,12,0.2923447815,0.2988511265,0.1602778515,0.2307400691,1.910274351,0.006598195709,geom_ind15_r1_patient @ anchor 0.03,3.230194651,0.01000764628,geom_ind15_r1_patient @ anchor 0.25,0.01000764628,1.900583197,3.232934252,0,0,True
patient_geometry_reading1,all,"patient-level geometric shape, rotation counted as error (variants ind15, mid15, ind00)",1,AP,A1,anchor-view mean,mae_mm,12,12,0.2923447815,0.2988511265,0.1602778515,0.2307400691,1.438060053,0.003976364159,geom_ind15_r1_patient @ anchor 0.03,2.443757978,0.006680006776,geom_ind15_r1_patient @ anchor 0.25,0.006680006776,,,,,
patient_geometry_reading1,all,"patient-level geometric shape, rotation counted as error (variants ind15, mid15, ind00)",1,AP,A1,anchor-view mean,sd_err_mm,12,12,0.2923447815,0.2988511265,0.1602778515,0.2307400691,1.910275593,0.004271527438,geom_ind15_r1_patient @ anchor 0.03,2.59590229,0.005804643006,geom_ind15_r1_patient @ anchor 0.25,0.005804643006,1.900586393,2.596147514,0,0,True
patient_geometry_reading1,all,"patient-level geometric shape, rotation counted as error (variants ind15, mid15, ind00)",1,AP,A2,mean across views,bias_mm,12,12,0.2923447815,0.2988511265,0.1602778515,0.2307400691,-2.531588226,0.007416556152,geom_mid15_r1_patient @ anchor 0.25,-1.83962672,0.006451800098,geom_ind00_r1_patient @ anchor 0.03,0.007416556152,-3.160932123,-0.2750493415,0,0,True
patient_geometry_reading1,all,"patient-level geometric shape, rotation counted as error (variants ind15, mid15, ind00)",1,AP,A2,mean across views,rmse_mm,12,12,0.2923447815,0.2988511265,0.1602778515,0.2307400691,2.747136198,0.007499230891,geom_ind00_r1_patient @ anchor 0.03,3.45100195,0.009212851522,geom_mid15_r1_patient @ anchor 0.25,0.009212851522,1.672772226,4.064358104,0,0,True
patient_geometry_reading1,all,"patient-level geometric shape, rotation counted as error (variants ind15, mid15, ind00)",1,AP,A2,mean across views,mae_mm,12,12,0.2923447815,0.2988511265,0.1602778515,0.2307400691,2.137697355,0.005456223126,geom_ind00_r1_patient @ anchor 0.03,2.722366039,0.006706849176,geom_mid15_r1_patient @ anchor 0.25,0.006706849176,,,,,
patient_geometry_reading1,all,"patient-level geometric shape, rotation counted as error (variants ind15, mid15, ind00)",1,AP,A2,mean across views,sd_err_mm,12,12,0.2923447815,0.2988511265,0.1602778515,0.2307400691,2.040238332,0.004562134411,geom_ind00_r1_patient @ anchor 0.03,2.345320983,0.005244323369,geom_mid15_r1_patient @ anchor 0.25,0.005244323369,1.643211904,2.554912951,0,0,True
patient_geometry_reading1,all,"patient-level geometric shape, rotation counted as error (variants ind15, mid15, ind00)",1,AP,A3,largest view mean,bias_mm,12,12,0.2923447815,0.2988511265,0.1602778515,0.2307400691,-0.8378756764,0.006960796837,geom_ind00_r1_patient @ anchor 0.25,0.419575696,0.006183982805,geom_mid15_r1_patient @ anchor 0.03,0.007130682077,-0.7675215473,0.919777008,0.07035412909,0,False
patient_geometry_reading1,all,"patient-level geometric shape, rotation counted as error (variants ind15, mid15, ind00)",1,AP,A3,largest view mean,rmse_mm,12,12,0.2923447815,0.2988511265,0.1602778515,0.2307400691,1.931363617,0.007303701314,geom_ind00_r1_patient @ anchor 0.06,2.355261441,0.007736089756,geom_ind00_r1_patient @ anchor 0.25,0.008256004313,1.961960353,2.438468169,0.03059673636,0,False
patient_geometry_reading1,all,"patient-level geometric shape, rotation counted as error (variants ind15, mid15, ind00)",1,AP,A3,largest view mean,mae_mm,12,12,0.2923447815,0.2988511265,0.1602778515,0.2307400691,1.440403855,0.004108498134,geom_ind00_r1_patient @ anchor 0.03,1.772979575,0.004902880705,geom_ind00_r1_patient @ anchor 0.25,0.004902880705,,,,,
patient_geometry_reading1,all,"patient-level geometric shape, rotation counted as error (variants ind15, mid15, ind00)",1,AP,A3,largest view mean,sd_err_mm,12,12,0.2923447815,0.2988511265,0.1602778515,0.2307400691,1.922964408,0.004299900634,geom_ind00_r1_patient @ anchor 0.03,2.254919663,0.005042178862,geom_mid15_r1_patient @ anchor 0.25,0.005042178862,1.95011314,2.314539102,0.0271487318,0,False
patient_geometry_reading1,all,"patient-level geometric shape, rotation counted as error (variants ind15, mid15, ind00)",1,AP,A4,largest view mean after review,bias_mm,12,12,0.2923447815,0.2988511265,0.1602778515,0.2307400691,-1.007370374,0.006897955556,geom_ind00_r1_patient @ anchor 0.25,0.3472219019,0.005984700565,geom_mid15_r1_patient @ anchor 0.03,0.007070953146,-0.9722003196,0.7626407532,0.03517005442,0,False
patient_geometry_reading1,all,"patient-level geometric shape, rotation counted as error (variants ind15, mid15, ind00)",1,AP,A4,largest view mean after review,rmse_mm,12,12,0.2923447815,0.2988511265,0.1602778515,0.2307400691,1.887215419,0.006485352076,geom_ind00_r1_patient @ anchor 0.06,2.402691527,0.00777339015,geom_ind00_r1_patient @ anchor 0.25,0.008118172234,1.906027253,2.50892998,0.01881183441,0,False
patient_geometry_reading1,all,"patient-level geometric shape, rotation counted as error (variants ind15, mid15, ind00)",1,AP,A4,largest view mean after review,mae_mm,12,12,0.2923447815,0.2988511265,0.1602778515,0.2307400691,1.418635779,0.00397845456,geom_ind00_r1_patient @ anchor 0.03,1.802324603,0.005024517733,geom_ind00_r1_patient @ anchor 0.25,0.005024517733,,,,,
patient_geometry_reading1,all,"patient-level geometric shape, rotation counted as error (variants ind15, mid15, ind00)",1,AP,A4,largest view mean after review,sd_err_mm,12,12,0.2923447815,0.2988511265,0.1602778515,0.2307400691,1.884377096,0.00421361635,geom_ind00_r1_patient @ anchor 0.03,2.236031717,0.004999943919,geom_mid15_r1_patient @ anchor 0.25,0.004999943919,1.864172557,2.312922324,0,0,True
patient_geometry_reading1,all,"patient-level geometric shape, rotation counted as error (variants ind15, mid15, ind00)",1,SL,A1,anchor-view mean,bias_mm,12,12,0.01539422497,0.02719982777,0.1925023027,0.363122452,-1.230173624,0.005798567499,geom_ind15_r1_patient @ anchor 0.25,0.004586482366,0.004498965221,geom_ind15_r1_patient @ anchor 0.03,0.005798567499,-1.236776292,0.009007702171,0,0,True
patient_geometry_reading1,all,"patient-level geometric shape, rotation counted as error (variants ind15, mid15, ind00)",1,SL,A1,anchor-view mean,rmse_mm,12,12,0.01539422497,0.02719982777,0.1925023027,0.363122452,1.422698001,0.004236165163,geom_ind15_r1_patient @ anchor 0.03,2.208083338,0.006825764544,geom_ind15_r1_patient @ anchor 0.25,0.006825764544,1.42503257,2.217793129,0.002334569087,0,False
patient_geometry_reading1,all,"patient-level geometric shape, rotation counted as error (variants ind15, mid15, ind00)",1,SL,A1,anchor-view mean,mae_mm,12,12,0.01539422497,0.02719982777,0.1925023027,0.363122452,1.097165467,0.00286409801,geom_ind15_r1_patient @ anchor 0.03,1.674901109,0.004550119784,geom_ind15_r1_patient @ anchor 0.25,0.004550119784,,,,,
patient_geometry_reading1,all,"patient-level geometric shape, rotation counted as error (variants ind15, mid15, ind00)",1,SL,A1,anchor-view mean,sd_err_mm,12,12,0.01539422497,0.02719982777,0.1925023027,0.363122452,1.422697721,0.003181264722,geom_ind15_r1_patient @ anchor 0.03,1.833668046,0.004100226901,geom_ind15_r1_patient @ anchor 0.25,0.004100226901,1.425011226,1.842299872,0.002313504808,0,False
patient_geometry_reading1,all,"patient-level geometric shape, rotation counted as error (variants ind15, mid15, ind00)",1,SL,A2,mean across views,bias_mm,12,12,0.01539422497,0.02719982777,0.1925023027,0.363122452,-0.3405428746,0.004698373275,geom_ind00_r1_patient @ anchor 0.25,0.1202633972,0.005898610859,geom_mid15_r1_patient @ anchor 0.03,0.006039705663,-2.025949956,-0.1768472898,0,0.297110687,False
patient_geometry_reading1,all,"patient-level geometric shape, rotation counted as error (variants ind15, mid15, ind00)",1,SL,A2,mean across views,rmse_mm,12,12,0.01539422497,0.02719982777,0.1925023027,0.363122452,1.436248087,0.004393958196,geom_ind00_r1_patient @ anchor 0.06,1.932003426,0.007689675138,geom_mid15_r1_patient @ anchor 0.25,0.00793755446,1.247666501,2.703301227,0,0,True
patient_geometry_reading1,all,"patient-level geometric shape, rotation counted as error (variants ind15, mid15, ind00)",1,SL,A2,mean across views,mae_mm,12,12,0.01539422497,0.02719982777,0.1925023027,0.363122452,1.092744607,0.002947416629,geom_ind00_r1_patient @ anchor 0.06,1.432971322,0.004097861909,geom_mid15_r1_patient @ anchor 0.25,0.004097861909,,,,,
patient_geometry_reading1,all,"patient-level geometric shape, rotation counted as error (variants ind15, mid15, ind00)",1,SL,A2,mean across views,sd_err_mm,12,12,0.01539422497,0.02719982777,0.1925023027,0.363122452,1.435559727,0.003210025185,geom_ind00_r1_patient @ anchor 0.03,1.909922629,0.004270738184,geom_mid15_r1_patient @ anchor 0.25,0.004270738184,1.232075416,1.789803434,0,0.1201191952,False
patient_geometry_reading1,all,"patient-level geometric shape, rotation counted as error (variants ind15, mid15, ind00)",1,SL,A3,largest view mean,bias_mm,12,12,0.01539422497,0.02719982777,0.1925023027,0.363122452,1.060429046,0.005371543382,geom_ind00_r1_patient @ anchor 0.25,1.94922304,0.008342941192,geom_mid15_r1_patient @ anchor 0.03,0.008790627486,-0.437901431,0.6850496269,0,1.264173413,False
patient_geometry_reading1,all,"patient-level geometric shape, rotation counted as error (variants ind15, mid15, ind00)",1,SL,A3,largest view mean,rmse_mm,12,12,0.01539422497,0.02719982777,0.1925023027,0.363122452,2.001827131,0.006913867061,geom_ind00_r1_patient @ anchor 0.125,3.294263917,0.020972924,geom_mid15_r1_patient @ anchor 0.25,0.02108889187,1.446643337,1.709409901,0,1.584854016,False
patient_geometry_reading1,all,"patient-level geometric shape, rotation counted as error (variants ind15, mid15, ind00)",1,SL,A3,largest view mean,mae_mm,12,12,0.01539422497,0.02719982777,0.1925023027,0.363122452,1.497340219,0.004204543596,geom_ind00_r1_patient @ anchor 0.25,2.258417309,0.007584051378,geom_mid15_r1_patient @ anchor 0.25,0.007584051378,,,,,
patient_geometry_reading1,all,"patient-level geometric shape, rotation counted as error (variants ind15, mid15, ind00)",1,SL,A3,largest view mean,sd_err_mm,12,12,0.01539422497,0.02719982777,0.1925023027,0.363122452,1.625753662,0.00363531388,geom_ind00_r1_patient @ anchor 0.03,2.779840492,0.006215943386,geom_mid15_r1_patient @ anchor 0.25,0.006215943386,1.425522315,1.652377635,0,1.127462857,False
patient_geometry_reading1,all,"patient-level geometric shape, rotation counted as error (variants ind15, mid15, ind00)",1,SL,A4,largest view mean after review,bias_mm,12,12,0.01539422497,0.02719982777,0.1925023027,0.363122452,0.8020502928,0.005250568712,geom_ind00_r1_patient @ anchor 0.25,1.68206936,0.007676813887,geom_mid15_r1_patient @ anchor 0.03,0.008390994774,-0.5248314744,0.6248478046,0,1.057221555,False
patient_geometry_reading1,all,"patient-level geometric shape, rotation counted as error (variants ind15, mid15, ind00)",1,SL,A4,largest view mean after review,rmse_mm,12,12,0.01539422497,0.02719982777,0.1925023027,0.363122452,1.826163212,0.005806144799,geom_ind00_r1_patient @ anchor 0.125,2.977208877,0.01996699784,geom_mid15_r1_patient @ anchor 0.25,0.02018226281,1.42004453,1.729219088,0,1.247989789,False
patient_geometry_reading1,all,"patient-level geometric shape, rotation counted as error (variants ind15, mid15, ind00)",1,SL,A4,largest view mean after review,mae_mm,12,12,0.01539422497,0.02719982777,0.1925023027,0.363122452,1.39212981,0.003737459886,geom_ind00_r1_patient @ anchor 0.125,2.040954822,0.006854431482,geom_mid15_r1_patient @ anchor 0.25,0.006854431482,,,,,
patient_geometry_reading1,all,"patient-level geometric shape, rotation counted as error (variants ind15, mid15, ind00)",1,SL,A4,largest view mean after review,sd_err_mm,12,12,0.01539422497,0.02719982777,0.1925023027,0.363122452,1.522682367,0.003404838306,geom_ind00_r1_patient @ anchor 0.03,2.653465532,0.005933358972,geom_mid15_r1_patient @ anchor 0.25,0.005933358972,1.375939933,1.647658255,0,1.005807277,False
patient_geometry_reading2,all,"patient-level geometric shape, off-centre placement only (variants ind15, mid15, ind00); identical to the chord-distributed offset",1,AP,A1,anchor-view mean,bias_mm,12,12,0.06117066893,0.1824715077,0.09540057321,0.2233378955,-1.922372538,0.008208963819,geom_ind15_r2_patient @ anchor 0.25,0.005634553169,0.006040821831,geom_ind15_r2_patient @ anchor 0.03,0.008208963819,-1.92746491,0.01615579299,0,0,True
patient_geometry_reading2,all,"patient-level geometric shape, off-centre placement only (variants ind15, mid15, ind00); identical to the chord-distributed offset",1,AP,A1,anchor-view mean,rmse_mm,12,12,0.06117066893,0.1824715077,0.09540057321,0.2233378955,1.910274351,0.006598195709,geom_ind15_r2_patient @ anchor 0.03,3.230194651,0.01000764628,geom_ind15_r2_patient @ anchor 0.25,0.01000764628,1.900583197,3.232934252,0,0,True
patient_geometry_reading2,all,"patient-level geometric shape, off-centre placement only (variants ind15, mid15, ind00); identical to the chord-distributed offset",1,AP,A1,anchor-view mean,mae_mm,12,12,0.06117066893,0.1824715077,0.09540057321,0.2233378955,1.438060053,0.003976364159,geom_ind15_r2_patient @ anchor 0.03,2.443757978,0.006680006776,geom_ind15_r2_patient @ anchor 0.25,0.006680006776,,,,,
patient_geometry_reading2,all,"patient-level geometric shape, off-centre placement only (variants ind15, mid15, ind00); identical to the chord-distributed offset",1,AP,A1,anchor-view mean,sd_err_mm,12,12,0.06117066893,0.1824715077,0.09540057321,0.2233378955,1.910275593,0.004271527438,geom_ind15_r2_patient @ anchor 0.03,2.59590229,0.005804643006,geom_ind15_r2_patient @ anchor 0.25,0.005804643006,1.900586393,2.596147514,0,0,True
patient_geometry_reading2,all,"patient-level geometric shape, off-centre placement only (variants ind15, mid15, ind00); identical to the chord-distributed offset",1,AP,A2,mean across views,bias_mm,12,12,0.06117066893,0.1824715077,0.09540057321,0.2233378955,-1.679796344,0.006968173567,geom_mid15_r2_patient @ anchor 0.25,-0.1461234024,0.005395701734,geom_ind00_r2_patient @ anchor 0.03,0.006968173567,-3.160932123,-0.2750493415,0,0.1289259391,False
patient_geometry_reading2,all,"patient-level geometric shape, off-centre placement only (variants ind15, mid15, ind00); identical to the chord-distributed offset",1,AP,A2,mean across views,rmse_mm,12,12,0.06117066893,0.1824715077,0.09540057321,0.2233378955,1.71250771,0.005349393464,geom_ind00_r2_patient @ anchor 0.03,2.770778137,0.008467206799,geom_mid15_r2_patient @ anchor 0.25,0.008467206799,1.672772226,4.064358104,0,0,True
patient_geometry_reading2,all,"patient-level geometric shape, off-centre placement only (variants ind15, mid15, ind00); identical to the chord-distributed offset",1,AP,A2,mean across views,mae_mm,12,12,0.06117066893,0.1824715077,0.09540057321,0.2233378955,1.298260398,0.00353159322,geom_ind00_r2_patient @ anchor 0.03,2.099543764,0.005717657004,geom_mid15_r2_patient @ anchor 0.25,0.005717657004,,,,,
patient_geometry_reading2,all,"patient-level geometric shape, off-centre placement only (variants ind15, mid15, ind00); identical to the chord-distributed offset",1,AP,A2,mean across views,sd_err_mm,12,12,0.06117066893,0.1824715077,0.09540057321,0.2233378955,1.706270706,0.003815356362,geom_ind00_r2_patient @ anchor 0.03,2.20352996,0.004927267418,geom_mid15_r2_patient @ anchor 0.25,0.004927267418,1.643211904,2.554912951,0,0,True
patient_geometry_reading2,all,"patient-level geometric shape, off-centre placement only (variants ind15, mid15, ind00); identical to the chord-distributed offset",1,AP,A3,largest view mean,bias_mm,12,12,0.06117066893,0.1824715077,0.09540057321,0.2233378955,0.2870145407,0.006995428618,geom_mid15_r2_patient @ anchor 0.25,1.105610766,0.006427324432,geom_ind00_r2_patient @ anchor 0.03,0.006995428618,-0.7675215473,0.919777008,0,0.185833758,False
patient_geometry_reading2,all,"patient-level geometric shape, off-centre placement only (variants ind15, mid15, ind00); identical to the chord-distributed offset",1,AP,A3,largest view mean,rmse_mm,12,12,0.06117066893,0.1824715077,0.09540057321,0.2233378955,2.144825574,0.008898062274,geom_mid15_r2_patient @ anchor 0.06,2.313738056,0.009403716828,geom_ind00_r2_patient @ anchor 0.03,0.009403716828,1.961960353,2.438468169,0,0,True
patient_geometry_reading2,all,"patient-level geometric shape, off-centre placement only (variants ind15, mid15, ind00); identical to the chord-distributed offset",1,AP,A3,largest view mean,mae_mm,12,12,0.06117066893,0.1824715077,0.09540057321,0.2233378955,1.561968048,0.004648176164,geom_mid15_r2_patient @ anchor 0.06,1.681270043,0.005026668979,geom_ind00_r2_patient @ anchor 0.03,0.005026668979,,,,,
patient_geometry_reading2,all,"patient-level geometric shape, off-centre placement only (variants ind15, mid15, ind00); identical to the chord-distributed offset",1,AP,A3,largest view mean,sd_err_mm,12,12,0.06117066893,0.1824715077,0.09540057321,0.2233378955,2.014968593,0.004505629275,geom_mid15_r2_patient @ anchor 0.03,2.212148764,0.004946539746,geom_mid15_r2_patient @ anchor 0.25,0.004946539746,1.95011314,2.314539102,0,0,True
patient_geometry_reading2,all,"patient-level geometric shape, off-centre placement only (variants ind15, mid15, ind00); identical to the chord-distributed offset",1,AP,A4,largest view mean after review,bias_mm,12,12,0.06117066893,0.1824715077,0.09540057321,0.2233378955,-0.07406771451,0.00690521627,geom_mid15_r2_patient @ anchor 0.25,0.9251987157,0.005962663154,geom_ind00_r2_patient @ anchor 0.03,0.00690521627,-0.9722003196,0.7626407532,0,0.1625579625,False
patient_geometry_reading2,all,"patient-level geometric shape, off-centre placement only (variants ind15, mid15, ind00); identical to the chord-distributed offset",1,AP,A4,largest view mean after review,rmse_mm,12,12,0.06117066893,0.1824715077,0.09540057321,0.2233378955,1.980796776,0.0069806753,geom_mid15_r2_patient @ anchor 0.06,2.184866018,0.007952621673,geom_mid15_r2_patient @ anchor 0.25,0.007952621673,1.906027253,2.50892998,0,0,True
patient_geometry_reading2,all,"patient-level geometric shape, off-centre placement only (variants ind15, mid15, ind00); identical to the chord-distributed offset",1,AP,A4,largest view mean after review,mae_mm,12,12,0.06117066893,0.1824715077,0.09540057321,0.2233378955,1.477550956,0.004171829867,geom_mid15_r2_patient @ anchor 0.06,1.601908143,0.00469845921,geom_mid15_r2_patient @ anchor 0.25,0.00469845921,,,,,
patient_geometry_reading2,all,"patient-level geometric shape, off-centre placement only (variants ind15, mid15, ind00); identical to the chord-distributed offset",1,AP,A4,largest view mean after review,sd_err_mm,12,12,0.06117066893,0.1824715077,0.09540057321,0.2233378955,1.884341865,0.00421353757,geom_ind00_r2_patient @ anchor 0.06,2.183621115,0.004882749664,geom_mid15_r2_patient @ anchor 0.25,0.004882749664,1.864172557,2.312922324,0,0,True
patient_geometry_reading2,all,"patient-level geometric shape, off-centre placement only (variants ind15, mid15, ind00); identical to the chord-distributed offset",1,SL,A1,anchor-view mean,bias_mm,12,12,0.1222048685,0.21414354,0.1714562552,0.2427901509,-1.230173624,0.005798567499,geom_ind15_r2_patient @ anchor 0.25,0.004586482366,0.004498965221,geom_ind15_r2_patient @ anchor 0.03,0.005798567499,-1.236776292,0.009007702171,0,0,True
patient_geometry_reading2,all,"patient-level geometric shape, off-centre placement only (variants ind15, mid15, ind00); identical to the chord-distributed offset",1,SL,A1,anchor-view mean,rmse_mm,12,12,0.1222048685,0.21414354,0.1714562552,0.2427901509,1.422698001,0.004236165163,geom_ind15_r2_patient @ anchor 0.03,2.208083338,0.006825764544,geom_ind15_r2_patient @ anchor 0.25,0.006825764544,1.42503257,2.217793129,0.002334569087,0,False
patient_geometry_reading2,all,"patient-level geometric shape, off-centre placement only (variants ind15, mid15, ind00); identical to the chord-distributed offset",1,SL,A1,anchor-view mean,mae_mm,12,12,0.1222048685,0.21414354,0.1714562552,0.2427901509,1.097165467,0.00286409801,geom_ind15_r2_patient @ anchor 0.03,1.674901109,0.004550119784,geom_ind15_r2_patient @ anchor 0.25,0.004550119784,,,,,
patient_geometry_reading2,all,"patient-level geometric shape, off-centre placement only (variants ind15, mid15, ind00); identical to the chord-distributed offset",1,SL,A1,anchor-view mean,sd_err_mm,12,12,0.1222048685,0.21414354,0.1714562552,0.2427901509,1.422697721,0.003181264722,geom_ind15_r2_patient @ anchor 0.03,1.833668046,0.004100226901,geom_ind15_r2_patient @ anchor 0.25,0.004100226901,1.425011226,1.842299872,0.002313504808,0,False
patient_geometry_reading2,all,"patient-level geometric shape, off-centre placement only (variants ind15, mid15, ind00); identical to the chord-distributed offset",1,SL,A2,mean across views,bias_mm,12,12,0.1222048685,0.21414354,0.1714562552,0.2427901509,-1.21910089,0.005134931835,geom_mid15_r2_patient @ anchor 0.25,-0.3744119192,0.004331925775,geom_ind00_r2_patient @ anchor 0.03,0.005134931835,-2.025949956,-0.1768472898,0,0,True
patient_geometry_reading2,all,"patient-level geometric shape, off-centre placement only (variants ind15, mid15, ind00); identical to the chord-distributed offset",1,SL,A2,mean across views,rmse_mm,12,12,0.1222048685,0.21414354,0.1714562552,0.2427901509,1.420113943,0.004239553754,geom_ind00_r2_patient @ anchor 0.03,2.030500704,0.006106790168,geom_mid15_r2_patient @ anchor 0.25,0.006106790168,1.247666501,2.703301227,0,0,True
patient_geometry_reading2,all,"patient-level geometric shape, off-centre placement only (variants ind15, mid15, ind00); identical to the chord-distributed offset",1,SL,A2,mean across views,mae_mm,12,12,0.1222048685,0.21414354,0.1714562552,0.2427901509,1.084579061,0.002899000302,geom_ind00_r2_patient @ anchor 0.03,1.548283825,0.004154235865,geom_mid15_r2_patient @ anchor 0.25,0.004154235865,,,,,
patient_geometry_reading2,all,"patient-level geometric shape, off-centre placement only (variants ind15, mid15, ind00); identical to the chord-distributed offset",1,SL,A2,mean across views,sd_err_mm,12,12,0.1222048685,0.21414354,0.1714562552,0.2427901509,1.36987521,0.003063149407,geom_ind00_r2_patient @ anchor 0.03,1.623808023,0.003630963276,geom_mid15_r2_patient @ anchor 0.25,0.003630963276,1.232075416,1.789803434,0,0,True
patient_geometry_reading2,all,"patient-level geometric shape, off-centre placement only (variants ind15, mid15, ind00); identical to the chord-distributed offset",1,SL,A3,largest view mean,bias_mm,12,12,0.1222048685,0.21414354,0.1714562552,0.2427901509,0.1723385167,0.005070517901,geom_mid15_r2_patient @ anchor 0.25,0.6889981426,0.004619883174,geom_ind00_r2_patient @ anchor 0.03,0.005070517901,-0.437901431,0.6850496269,0,0.003948515659,False
patient_geometry_reading2,all,"patient-level geometric shape, off-centre placement only (variants ind15, mid15, ind00); identical to the chord-distributed offset",1,SL,A3,largest view mean,rmse_mm,12,12,0.1222048685,0.21414354,0.1714562552,0.2427901509,1.546053814,0.005531047106,geom_mid15_r2_patient @ anchor 0.06,1.615248944,0.005780362131,geom_ind00_r2_patient @ anchor 0.03,0.005780362131,1.446643337,1.709409901,0,0,True
patient_geometry_reading2,all,"patient-level geometric shape, off-centre placement only (variants ind15, mid15, ind00); identical to the chord-distributed offset",1,SL,A3,largest view mean,mae_mm,12,12,0.1222048685,0.21414354,0.1714562552,0.2427901509,1.161631577,0.003226305761,geom_mid15_r2_patient @ anchor 0.06,1.209512197,0.003385440675,geom_ind00_r2_patient @ anchor 0.03,0.003385440675,,,,,
patient_geometry_reading2,all,"patient-level geometric shape, off-centre placement only (variants ind15, mid15, ind00); identical to the chord-distributed offset",1,SL,A3,largest view mean,sd_err_mm,12,12,0.1222048685,0.21414354,0.1714562552,0.2427901509,1.460162785,0.003265039571,geom_mid15_r2_patient @ anchor 0.03,1.603438548,0.003585415519,geom_mid15_r2_patient @ anchor 0.25,0.003585415519,1.425522315,1.652377635,0,0,True
patient_geometry_reading2,all,"patient-level geometric shape, off-centre placement only (variants ind15, mid15, ind00); identical to the chord-distributed offset",1,SL,A4,largest view mean after review,bias_mm,12,12,0.1222048685,0.21414354,0.1714562552,0.2427901509,0.01826889791,0.00503404911,geom_mid15_r2_patient @ anchor 0.25,0.6300910535,0.004437834209,geom_ind00_r2_patient @ anchor 0.03,0.00503404911,-0.5248314744,0.6248478046,0,0.005243248873,False
patient_geometry_reading2,all,"patient-level geometric shape, off-centre placement only (variants ind15, mid15, ind00); identical to the chord-distributed offset",1,SL,A4,largest view mean after review,rmse_mm,12,12,0.1222048685,0.21414354,0.1714562552,0.2427901509,1.479549095,0.004739361887,geom_mid15_r2_patient @ anchor 0.06,1.59200297,0.005565931511,geom_mid15_r2_patient @ anchor 0.25,0.005565931511,1.42004453,1.729219088,0,0,True
patient_geometry_reading2,all,"patient-level geometric shape, off-centre placement only (variants ind15, mid15, ind00); identical to the chord-distributed offset",1,SL,A4,largest view mean after review,mae_mm,12,12,0.1222048685,0.21414354,0.1714562552,0.2427901509,1.129289561,0.003022879008,geom_mid15_r2_patient @ anchor 0.06,1.193563063,0.003331503817,geom_mid15_r2_patient @ anchor 0.25,0.003331503817,,,,,
patient_geometry_reading2,all,"patient-level geometric shape, off-centre placement only (variants ind15, mid15, ind00); identical to the chord-distributed offset",1,SL,A4,largest view mean after review,sd_err_mm,12,12,0.1222048685,0.21414354,0.1714562552,0.2427901509,1.403366398,0.003138038353,geom_ind00_r2_patient @ anchor 0.03,1.591906104,0.003559628061,geom_mid15_r2_patient @ anchor 0.25,0.003559628061,1.375939933,1.647658255,0,0,True
patient_geometry_both_readings,all,"patient-level geometric shape, both readings (24 scenarios)",1,AP,A1,anchor-view mean,bias_mm,24,24,0.06117066893,0.2988511265,0.09540057321,0.2307400691,-1.922372538,0.008208963819,geom_ind15_r1_patient @ anchor 0.25,0.005634553169,0.006040821831,geom_ind15_r1_patient @ anchor 0.03,0.008208963819,-1.92746491,0.01615579299,0,0,True
patient_geometry_both_readings,all,"patient-level geometric shape, both readings (24 scenarios)",1,AP,A1,anchor-view mean,rmse_mm,24,24,0.06117066893,0.2988511265,0.09540057321,0.2307400691,1.910274351,0.006598195709,geom_ind15_r1_patient @ anchor 0.03,3.230194651,0.01000764628,geom_ind15_r1_patient @ anchor 0.25,0.01000764628,1.900583197,3.232934252,0,0,True
patient_geometry_both_readings,all,"patient-level geometric shape, both readings (24 scenarios)",1,AP,A1,anchor-view mean,mae_mm,24,24,0.06117066893,0.2988511265,0.09540057321,0.2307400691,1.438060053,0.003976364159,geom_ind15_r1_patient @ anchor 0.03,2.443757978,0.006680006776,geom_ind15_r1_patient @ anchor 0.25,0.006680006776,,,,,
patient_geometry_both_readings,all,"patient-level geometric shape, both readings (24 scenarios)",1,AP,A1,anchor-view mean,sd_err_mm,24,24,0.06117066893,0.2988511265,0.09540057321,0.2307400691,1.910275593,0.004271527438,geom_ind15_r1_patient @ anchor 0.03,2.59590229,0.005804643006,geom_ind15_r1_patient @ anchor 0.25,0.005804643006,1.900586393,2.596147514,0,0,True
patient_geometry_both_readings,all,"patient-level geometric shape, both readings (24 scenarios)",1,AP,A2,mean across views,bias_mm,24,24,0.06117066893,0.2988511265,0.09540057321,0.2307400691,-2.531588226,0.007416556152,geom_mid15_r1_patient @ anchor 0.25,-0.1461234024,0.005395701734,geom_ind00_r2_patient @ anchor 0.03,0.007416556152,-3.160932123,-0.2750493415,0,0.1289259391,False
patient_geometry_both_readings,all,"patient-level geometric shape, both readings (24 scenarios)",1,AP,A2,mean across views,rmse_mm,24,24,0.06117066893,0.2988511265,0.09540057321,0.2307400691,1.71250771,0.005349393464,geom_ind00_r2_patient @ anchor 0.03,3.45100195,0.009212851522,geom_mid15_r1_patient @ anchor 0.25,0.009212851522,1.672772226,4.064358104,0,0,True
patient_geometry_both_readings,all,"patient-level geometric shape, both readings (24 scenarios)",1,AP,A2,mean across views,mae_mm,24,24,0.06117066893,0.2988511265,0.09540057321,0.2307400691,1.298260398,0.00353159322,geom_ind00_r2_patient @ anchor 0.03,2.722366039,0.006706849176,geom_mid15_r1_patient @ anchor 0.25,0.006706849176,,,,,
patient_geometry_both_readings,all,"patient-level geometric shape, both readings (24 scenarios)",1,AP,A2,mean across views,sd_err_mm,24,24,0.06117066893,0.2988511265,0.09540057321,0.2307400691,1.706270706,0.003815356362,geom_ind00_r2_patient @ anchor 0.03,2.345320983,0.005244323369,geom_mid15_r1_patient @ anchor 0.25,0.005244323369,1.643211904,2.554912951,0,0,True
patient_geometry_both_readings,all,"patient-level geometric shape, both readings (24 scenarios)",1,AP,A3,largest view mean,bias_mm,24,24,0.06117066893,0.2988511265,0.09540057321,0.2307400691,-0.8378756764,0.006960796837,geom_ind00_r1_patient @ anchor 0.25,1.105610766,0.006427324432,geom_ind00_r2_patient @ anchor 0.03,0.007130682077,-0.7675215473,0.919777008,0.07035412909,0.185833758,False
patient_geometry_both_readings,all,"patient-level geometric shape, both readings (24 scenarios)",1,AP,A3,largest view mean,rmse_mm,24,24,0.06117066893,0.2988511265,0.09540057321,0.2307400691,1.931363617,0.007303701314,geom_ind00_r1_patient @ anchor 0.06,2.355261441,0.007736089756,geom_ind00_r1_patient @ anchor 0.25,0.009403716828,1.961960353,2.438468169,0.03059673636,0,False
patient_geometry_both_readings,all,"patient-level geometric shape, both readings (24 scenarios)",1,AP,A3,largest view mean,mae_mm,24,24,0.06117066893,0.2988511265,0.09540057321,0.2307400691,1.440403855,0.004108498134,geom_ind00_r1_patient @ anchor 0.03,1.772979575,0.004902880705,geom_ind00_r1_patient @ anchor 0.25,0.005026668979,,,,,
patient_geometry_both_readings,all,"patient-level geometric shape, both readings (24 scenarios)",1,AP,A3,largest view mean,sd_err_mm,24,24,0.06117066893,0.2988511265,0.09540057321,0.2307400691,1.922964408,0.004299900634,geom_ind00_r1_patient @ anchor 0.03,2.254919663,0.005042178862,geom_mid15_r1_patient @ anchor 0.25,0.005042178862,1.95011314,2.314539102,0.0271487318,0,False
patient_geometry_both_readings,all,"patient-level geometric shape, both readings (24 scenarios)",1,AP,A4,largest view mean after review,bias_mm,24,24,0.06117066893,0.2988511265,0.09540057321,0.2307400691,-1.007370374,0.006897955556,geom_ind00_r1_patient @ anchor 0.25,0.9251987157,0.005962663154,geom_ind00_r2_patient @ anchor 0.03,0.007070953146,-0.9722003196,0.7626407532,0.03517005442,0.1625579625,False
patient_geometry_both_readings,all,"patient-level geometric shape, both readings (24 scenarios)",1,AP,A4,largest view mean after review,rmse_mm,24,24,0.06117066893,0.2988511265,0.09540057321,0.2307400691,1.887215419,0.006485352076,geom_ind00_r1_patient @ anchor 0.06,2.402691527,0.00777339015,geom_ind00_r1_patient @ anchor 0.25,0.008118172234,1.906027253,2.50892998,0.01881183441,0,False
patient_geometry_both_readings,all,"patient-level geometric shape, both readings (24 scenarios)",1,AP,A4,largest view mean after review,mae_mm,24,24,0.06117066893,0.2988511265,0.09540057321,0.2307400691,1.418635779,0.00397845456,geom_ind00_r1_patient @ anchor 0.03,1.802324603,0.005024517733,geom_ind00_r1_patient @ anchor 0.25,0.005024517733,,,,,
patient_geometry_both_readings,all,"patient-level geometric shape, both readings (24 scenarios)",1,AP,A4,largest view mean after review,sd_err_mm,24,24,0.06117066893,0.2988511265,0.09540057321,0.2307400691,1.884341865,0.00421353757,geom_ind00_r2_patient @ anchor 0.06,2.236031717,0.004999943919,geom_mid15_r1_patient @ anchor 0.25,0.004999943919,1.864172557,2.312922324,0,0,True
patient_geometry_both_readings,all,"patient-level geometric shape, both readings (24 scenarios)",1,SL,A1,anchor-view mean,bias_mm,24,24,0.01539422497,0.21414354,0.1714562552,0.363122452,-1.230173624,0.005798567499,geom_ind15_r1_patient @ anchor 0.25,0.004586482366,0.004498965221,geom_ind15_r1_patient @ anchor 0.03,0.005798567499,-1.236776292,0.009007702171,0,0,True
patient_geometry_both_readings,all,"patient-level geometric shape, both readings (24 scenarios)",1,SL,A1,anchor-view mean,rmse_mm,24,24,0.01539422497,0.21414354,0.1714562552,0.363122452,1.422698001,0.004236165163,geom_ind15_r1_patient @ anchor 0.03,2.208083338,0.006825764544,geom_ind15_r1_patient @ anchor 0.25,0.006825764544,1.42503257,2.217793129,0.002334569087,0,False
patient_geometry_both_readings,all,"patient-level geometric shape, both readings (24 scenarios)",1,SL,A1,anchor-view mean,mae_mm,24,24,0.01539422497,0.21414354,0.1714562552,0.363122452,1.097165467,0.00286409801,geom_ind15_r1_patient @ anchor 0.03,1.674901109,0.004550119784,geom_ind15_r1_patient @ anchor 0.25,0.004550119784,,,,,
patient_geometry_both_readings,all,"patient-level geometric shape, both readings (24 scenarios)",1,SL,A1,anchor-view mean,sd_err_mm,24,24,0.01539422497,0.21414354,0.1714562552,0.363122452,1.422697721,0.003181264722,geom_ind15_r1_patient @ anchor 0.03,1.833668046,0.004100226901,geom_ind15_r1_patient @ anchor 0.25,0.004100226901,1.425011226,1.842299872,0.002313504808,0,False
patient_geometry_both_readings,all,"patient-level geometric shape, both readings (24 scenarios)",1,SL,A2,mean across views,bias_mm,24,24,0.01539422497,0.21414354,0.1714562552,0.363122452,-1.21910089,0.005134931835,geom_mid15_r2_patient @ anchor 0.25,0.1202633972,0.005898610859,geom_mid15_r1_patient @ anchor 0.03,0.006039705663,-2.025949956,-0.1768472898,0,0.297110687,False
patient_geometry_both_readings,all,"patient-level geometric shape, both readings (24 scenarios)",1,SL,A2,mean across views,rmse_mm,24,24,0.01539422497,0.21414354,0.1714562552,0.363122452,1.420113943,0.004239553754,geom_ind00_r2_patient @ anchor 0.03,2.030500704,0.006106790168,geom_mid15_r2_patient @ anchor 0.25,0.00793755446,1.247666501,2.703301227,0,0,True
patient_geometry_both_readings,all,"patient-level geometric shape, both readings (24 scenarios)",1,SL,A2,mean across views,mae_mm,24,24,0.01539422497,0.21414354,0.1714562552,0.363122452,1.084579061,0.002899000302,geom_ind00_r2_patient @ anchor 0.03,1.548283825,0.004154235865,geom_mid15_r2_patient @ anchor 0.25,0.004154235865,,,,,
patient_geometry_both_readings,all,"patient-level geometric shape, both readings (24 scenarios)",1,SL,A2,mean across views,sd_err_mm,24,24,0.01539422497,0.21414354,0.1714562552,0.363122452,1.36987521,0.003063149407,geom_ind00_r2_patient @ anchor 0.03,1.909922629,0.004270738184,geom_mid15_r1_patient @ anchor 0.25,0.004270738184,1.232075416,1.789803434,0,0.1201191952,False
patient_geometry_both_readings,all,"patient-level geometric shape, both readings (24 scenarios)",1,SL,A3,largest view mean,bias_mm,24,24,0.01539422497,0.21414354,0.1714562552,0.363122452,0.1723385167,0.005070517901,geom_mid15_r2_patient @ anchor 0.25,1.94922304,0.008342941192,geom_mid15_r1_patient @ anchor 0.03,0.008790627486,-0.437901431,0.6850496269,0,1.264173413,False
patient_geometry_both_readings,all,"patient-level geometric shape, both readings (24 scenarios)",1,SL,A3,largest view mean,rmse_mm,24,24,0.01539422497,0.21414354,0.1714562552,0.363122452,1.546053814,0.005531047106,geom_mid15_r2_patient @ anchor 0.06,3.294263917,0.020972924,geom_mid15_r1_patient @ anchor 0.25,0.02108889187,1.446643337,1.709409901,0,1.584854016,False
patient_geometry_both_readings,all,"patient-level geometric shape, both readings (24 scenarios)",1,SL,A3,largest view mean,mae_mm,24,24,0.01539422497,0.21414354,0.1714562552,0.363122452,1.161631577,0.003226305761,geom_mid15_r2_patient @ anchor 0.06,2.258417309,0.007584051378,geom_mid15_r1_patient @ anchor 0.25,0.007584051378,,,,,
patient_geometry_both_readings,all,"patient-level geometric shape, both readings (24 scenarios)",1,SL,A3,largest view mean,sd_err_mm,24,24,0.01539422497,0.21414354,0.1714562552,0.363122452,1.460162785,0.003265039571,geom_mid15_r2_patient @ anchor 0.03,2.779840492,0.006215943386,geom_mid15_r1_patient @ anchor 0.25,0.006215943386,1.425522315,1.652377635,0,1.127462857,False
patient_geometry_both_readings,all,"patient-level geometric shape, both readings (24 scenarios)",1,SL,A4,largest view mean after review,bias_mm,24,24,0.01539422497,0.21414354,0.1714562552,0.363122452,0.01826889791,0.00503404911,geom_mid15_r2_patient @ anchor 0.25,1.68206936,0.007676813887,geom_mid15_r1_patient @ anchor 0.03,0.008390994774,-0.5248314744,0.6248478046,0,1.057221555,False
patient_geometry_both_readings,all,"patient-level geometric shape, both readings (24 scenarios)",1,SL,A4,largest view mean after review,rmse_mm,24,24,0.01539422497,0.21414354,0.1714562552,0.363122452,1.479549095,0.004739361887,geom_mid15_r2_patient @ anchor 0.06,2.977208877,0.01996699784,geom_mid15_r1_patient @ anchor 0.25,0.02018226281,1.42004453,1.729219088,0,1.247989789,False
patient_geometry_both_readings,all,"patient-level geometric shape, both readings (24 scenarios)",1,SL,A4,largest view mean after review,mae_mm,24,24,0.01539422497,0.21414354,0.1714562552,0.363122452,1.129289561,0.003022879008,geom_mid15_r2_patient @ anchor 0.06,2.040954822,0.006854431482,geom_mid15_r1_patient @ anchor 0.25,0.006854431482,,,,,
patient_geometry_both_readings,all,"patient-level geometric shape, both readings (24 scenarios)",1,SL,A4,largest view mean after review,sd_err_mm,24,24,0.01539422497,0.21414354,0.1714562552,0.363122452,1.403366398,0.003138038353,geom_ind00_r2_patient @ anchor 0.03,2.653465532,0.005933358972,geom_mid15_r1_patient @ anchor 0.25,0.005933358972,1.375939933,1.647658255,0,1.005807277,False
constant_rotation_chord_reading1,all,constant rotation plus chord-distributed offset (between-patient SD about half the calibrated one; not a calibrated shape),1,AP,A1,anchor-view mean,bias_mm,12,12,0.2929328478,0.298976173,0.07184970621,0.1915103727,-1.922372538,0.008208963819,geom_ind15_r1_chord @ anchor 0.25,0.005634553169,0.006040821831,geom_ind15_r1_chord @ anchor 0.03,0.008208963819,-1.92746491,0.01615579299,0,0,True
constant_rotation_chord_reading1,all,constant rotation plus chord-distributed offset (between-patient SD about half the calibrated one; not a calibrated shape),1,AP,A1,anchor-view mean,rmse_mm,12,12,0.2929328478,0.298976173,0.07184970621,0.1915103727,1.910274351,0.006598195709,geom_ind15_r1_chord @ anchor 0.03,3.230194651,0.01000764628,geom_ind15_r1_chord @ anchor 0.25,0.01000764628,1.900583197,3.232934252,0,0,True
constant_rotation_chord_reading1,all,constant rotation plus chord-distributed offset (between-patient SD about half the calibrated one; not a calibrated shape),1,AP,A1,anchor-view mean,mae_mm,12,12,0.2929328478,0.298976173,0.07184970621,0.1915103727,1.438060053,0.003976364159,geom_ind15_r1_chord @ anchor 0.03,2.443757978,0.006680006776,geom_ind15_r1_chord @ anchor 0.25,0.006680006776,,,,,
constant_rotation_chord_reading1,all,constant rotation plus chord-distributed offset (between-patient SD about half the calibrated one; not a calibrated shape),1,AP,A1,anchor-view mean,sd_err_mm,12,12,0.2929328478,0.298976173,0.07184970621,0.1915103727,1.910275593,0.004271527438,geom_ind15_r1_chord @ anchor 0.03,2.59590229,0.005804643006,geom_ind15_r1_chord @ anchor 0.25,0.005804643006,1.900586393,2.596147514,0,0,True
constant_rotation_chord_reading1,all,constant rotation plus chord-distributed offset (between-patient SD about half the calibrated one; not a calibrated shape),1,AP,A2,mean across views,bias_mm,12,12,0.2929328478,0.298976173,0.07184970621,0.1915103727,-2.533266936,0.006912716499,geom_mid15_r1_chord @ anchor 0.25,-1.844520462,0.005349325936,geom_ind00_r1_chord @ anchor 0.03,0.006912716499,-3.160932123,-0.2750493415,0,0,True
constant_rotation_chord_reading1,all,constant rotation plus chord-distributed offset (between-patient SD about half the calibrated one; not a calibrated shape),1,AP,A2,mean across views,rmse_mm,12,12,0.2929328478,0.298976173,0.07184970621,0.1915103727,2.502749671,0.006055045432,geom_ind00_r1_chord @ anchor 0.03,3.34603624,0.008748231935,geom_mid15_r1_chord @ anchor 0.25,0.008748231935,1.672772226,4.064358104,0,0,True
constant_rotation_chord_reading1,all,constant rotation plus chord-distributed offset (between-patient SD about half the calibrated one; not a calibrated shape),1,AP,A2,mean across views,mae_mm,12,12,0.2929328478,0.298976173,0.07184970621,0.1915103727,2.015171266,0.004693466431,geom_ind00_r1_chord @ anchor 0.03,2.67012119,0.006376873855,geom_mid15_r1_chord @ anchor 0.25,0.006376873855,,,,,
constant_rotation_chord_reading1,all,constant rotation plus chord-distributed offset (between-patient SD about half the calibrated one; not a calibrated shape),1,AP,A2,mean across views,sd_err_mm,12,12,0.2929328478,0.298976173,0.07184970621,0.1915103727,1.69160539,0.003782563557,geom_ind00_r1_chord @ anchor 0.03,2.185992896,0.004888053153,geom_mid15_r1_chord @ anchor 0.25,0.004888053153,1.643211904,2.554912951,0,0,True
constant_rotation_chord_reading1,all,constant rotation plus chord-distributed offset (between-patient SD about half the calibrated one; not a calibrated shape),1,AP,A3,largest view mean,bias_mm,12,12,0.2929328478,0.298976173,0.07184970621,0.1915103727,-1.052004667,0.006476793881,geom_ind00_r1_chord @ anchor 0.25,0.2530349105,0.006030303221,geom_mid15_r1_chord @ anchor 0.03,0.006605543851,-0.7675215473,0.919777008,0.2844831197,0,False
constant_rotation_chord_reading1,all,constant rotation plus chord-distributed offset (between-patient SD about half the calibrated one; not a calibrated shape),1,AP,A3,largest view mean,rmse_mm,12,12,0.2929328478,0.298976173,0.07184970621,0.1915103727,1.904675997,0.006934610471,geom_ind15_r1_chord @ anchor 0.06,2.302511187,0.006890650894,geom_ind00_r1_chord @ anchor 0.25,0.007651461436,1.961960353,2.438468169,0.05728435636,0,False
constant_rotation_chord_reading1,all,constant rotation plus chord-distributed offset (between-patient SD about half the calibrated one; not a calibrated shape),1,AP,A3,largest view mean,mae_mm,12,12,0.2929328478,0.298976173,0.07184970621,0.1915103727,1.421839329,0.004025176766,geom_mid15_r1_chord @ anchor 0.06,1.770898932,0.00465348944,geom_ind00_r1_chord @ anchor 0.25,0.00465348944,,,,,
constant_rotation_chord_reading1,all,constant rotation plus chord-distributed offset (between-patient SD about half the calibrated one; not a calibrated shape),1,AP,A3,largest view mean,sd_err_mm,12,12,0.2929328478,0.298976173,0.07184970621,0.1915103727,1.902498437,0.004254137102,geom_ind15_r1_chord @ anchor 0.03,2.088856375,0.004670848205,geom_mid15_r1_chord @ anchor 0.25,0.004670848205,1.95011314,2.314539102,0.0476147028,0,False
constant_rotation_chord_reading1,all,constant rotation plus chord-distributed offset (between-patient SD about half the calibrated one; not a calibrated shape),1,AP,A4,largest view mean after review,bias_mm,12,12,0.2929328478,0.298976173,0.07184970621,0.1915103727,-1.189928258,0.006547731063,geom_ind00_r1_chord @ anchor 0.25,0.2086274291,0.005910527935,geom_mid15_r1_chord @ anchor 0.03,0.006639937343,-0.9722003196,0.7626407532,0.2177279384,0,False
constant_rotation_chord_reading1,all,constant rotation plus chord-distributed offset (between-patient SD about half the calibrated one; not a calibrated shape),1,AP,A4,largest view mean after review,rmse_mm,12,12,0.2929328478,0.298976173,0.07184970621,0.1915103727,1.864489593,0.006434833418,geom_mid15_r1_chord @ anchor 0.06,2.388129937,0.007185717415,geom_ind00_r1_chord @ anchor 0.25,0.007775783302,1.906027253,2.50892998,0.04153766041,0,False
constant_rotation_chord_reading1,all,constant rotation plus chord-distributed offset (between-patient SD about half the calibrated one; not a calibrated shape),1,AP,A4,largest view mean after review,mae_mm,12,12,0.2929328478,0.298976173,0.07184970621,0.1915103727,1.401555525,0.003888416995,geom_mid15_r1_chord @ anchor 0.06,1.826923788,0.004863679392,geom_ind00_r1_chord @ anchor 0.25,0.004863679392,,,,,
constant_rotation_chord_reading1,all,constant rotation plus chord-distributed offset (between-patient SD about half the calibrated one; not a calibrated shape),1,AP,A4,largest view mean after review,sd_err_mm,12,12,0.2929328478,0.298976173,0.07184970621,0.1915103727,1.864498883,0.004169167093,geom_mid15_r1_chord @ anchor 0.06,2.099732553,0.004695168198,geom_mid15_r1_chord @ anchor 0.25,0.004695168198,1.864172557,2.312922324,0,0,True
constant_rotation_chord_reading1,all,constant rotation plus chord-distributed offset (between-patient SD about half the calibrated one; not a calibrated shape),1,SL,A1,anchor-view mean,bias_mm,12,12,0.01358004868,0.02694548969,0.1900628934,0.3047541899,-1.230173624,0.005798567499,geom_ind15_r1_chord @ anchor 0.25,0.004586482366,0.004498965221,geom_ind15_r1_chord @ anchor 0.03,0.005798567499,-1.236776292,0.009007702171,0,0,True
constant_rotation_chord_reading1,all,constant rotation plus chord-distributed offset (between-patient SD about half the calibrated one; not a calibrated shape),1,SL,A1,anchor-view mean,rmse_mm,12,12,0.01358004868,0.02694548969,0.1900628934,0.3047541899,1.422698001,0.004236165163,geom_ind15_r1_chord @ anchor 0.03,2.208083338,0.006825764544,geom_ind15_r1_chord @ anchor 0.25,0.006825764544,1.42503257,2.217793129,0.002334569087,0,False
constant_rotation_chord_reading1,all,constant rotation plus chord-distributed offset (between-patient SD about half the calibrated one; not a calibrated shape),1,SL,A1,anchor-view mean,mae_mm,12,12,0.01358004868,0.02694548969,0.1900628934,0.3047541899,1.097165467,0.00286409801,geom_ind15_r1_chord @ anchor 0.03,1.674901109,0.004550119784,geom_ind15_r1_chord @ anchor 0.25,0.004550119784,,,,,
constant_rotation_chord_reading1,all,constant rotation plus chord-distributed offset (between-patient SD about half the calibrated one; not a calibrated shape),1,SL,A1,anchor-view mean,sd_err_mm,12,12,0.01358004868,0.02694548969,0.1900628934,0.3047541899,1.422697721,0.003181264722,geom_ind15_r1_chord @ anchor 0.03,1.833668046,0.004100226901,geom_ind15_r1_chord @ anchor 0.25,0.004100226901,1.425011226,1.842299872,0.002313504808,0,False
constant_rotation_chord_reading1,all,constant rotation plus chord-distributed offset (between-patient SD about half the calibrated one; not a calibrated shape),1,SL,A2,mean across views,bias_mm,12,12,0.01358004868,0.02694548969,0.1900628934,0.3047541899,-0.3393290078,0.004675729103,geom_ind00_r1_chord @ anchor 0.25,0.1324133253,0.005366252717,geom_mid15_r1_chord @ anchor 0.03,0.005514280503,-2.025949956,-0.1768472898,0,0.3092606151,False
constant_rotation_chord_reading1,all,constant rotation plus chord-distributed offset (between-patient SD about half the calibrated one; not a calibrated shape),1,SL,A2,mean across views,rmse_mm,12,12,0.01358004868,0.02694548969,0.1900628934,0.3047541899,1.429040077,0.004374449831,geom_ind00_r1_chord @ anchor 0.06,1.765966113,0.005645757232,geom_mid15_r1_chord @ anchor 0.25,0.005645757232,1.247666501,2.703301227,0,0,True
constant_rotation_chord_reading1,all,constant rotation plus chord-distributed offset (between-patient SD about half the calibrated one; not a calibrated shape),1,SL,A2,mean across views,mae_mm,12,12,0.01358004868,0.02694548969,0.1900628934,0.3047541899,1.087097398,0.002933229269,geom_ind00_r1_chord @ anchor 0.06,1.329105048,0.003677131499,geom_mid15_r1_chord @ anchor 0.25,0.003677131499,,,,,
constant_rotation_chord_reading1,all,constant rotation plus chord-distributed offset (between-patient SD about half the calibrated one; not a calibrated shape),1,SL,A2,mean across views,sd_err_mm,12,12,0.01358004868,0.02694548969,0.1900628934,0.3047541899,1.428365124,0.003193937484,geom_ind00_r1_chord @ anchor 0.03,1.743768605,0.003899204633,geom_mid15_r1_chord @ anchor 0.25,0.003899204633,1.232075416,1.789803434,0,0,True
constant_rotation_chord_reading1,all,constant rotation plus chord-distributed offset (between-patient SD about half the calibrated one; not a calibrated shape),1,SL,A3,largest view mean,bias_mm,12,12,0.01358004868,0.02694548969,0.1900628934,0.3047541899,1.059514117,0.00532186112,geom_ind00_r1_chord @ anchor 0.25,1.746139944,0.006081640321,geom_mid15_r1_chord @ anchor 0.03,0.006547065952,-0.437901431,0.6850496269,0,1.061090317,False
constant_rotation_chord_reading1,all,constant rotation plus chord-distributed offset (between-patient SD about half the calibrated one; not a calibrated shape),1,SL,A3,largest view mean,rmse_mm,12,12,0.01358004868,0.02694548969,0.1900628934,0.3047541899,1.988159356,0.006859487451,geom_ind00_r1_chord @ anchor 0.125,2.615809168,0.008210965669,geom_mid15_r1_chord @ anchor 0.25,0.008240820573,1.446643337,1.709409901,0,0.9063992669,False
constant_rotation_chord_reading1,all,constant rotation plus chord-distributed offset (between-patient SD about half the calibrated one; not a calibrated shape),1,SL,A3,largest view mean,mae_mm,12,12,0.01358004868,0.02694548969,0.1900628934,0.3047541899,1.488862238,0.004169015514,geom_ind00_r1_chord @ anchor 0.25,2.001004994,0.005327724657,geom_mid15_r1_chord @ anchor 0.25,0.005327724657,,,,,
constant_rotation_chord_reading1,all,constant rotation plus chord-distributed offset (between-patient SD about half the calibrated one; not a calibrated shape),1,SL,A3,largest view mean,sd_err_mm,12,12,0.01358004868,0.02694548969,0.1900628934,0.3047541899,1.612024999,0.003604615502,geom_ind00_r1_chord @ anchor 0.03,2.07036404,0.004629497879,geom_mid15_r1_chord @ anchor 0.25,0.004629497879,1.425522315,1.652377635,0,0.4179864045,False
constant_rotation_chord_reading1,all,constant rotation plus chord-distributed offset (between-patient SD about half the calibrated one; not a calibrated shape),1,SL,A4,largest view mean after review,bias_mm,12,12,0.01358004868,0.02694548969,0.1900628934,0.3047541899,0.8021134442,0.005208386695,geom_ind00_r1_chord @ anchor 0.25,1.540087315,0.005671388667,geom_mid15_r1_chord @ anchor 0.03,0.006462235724,-0.5248314744,0.6248478046,0,0.9152395104,False
constant_rotation_chord_reading1,all,constant rotation plus chord-distributed offset (between-patient SD about half the calibrated one; not a calibrated shape),1,SL,A4,largest view mean after review,rmse_mm,12,12,0.01358004868,0.02694548969,0.1900628934,0.3047541899,1.8152428,0.005761783778,geom_ind00_r1_chord @ anchor 0.125,2.386648982,0.007341348175,geom_mid15_r1_chord @ anchor 0.25,0.007341348175,1.42004453,1.729219088,0,0.6574298939,False
constant_rotation_chord_reading1,all,constant rotation plus chord-distributed offset (between-patient SD about half the calibrated one; not a calibrated shape),1,SL,A4,largest view mean after review,mae_mm,12,12,0.01358004868,0.02694548969,0.1900628934,0.3047541899,1.385603198,0.00370840121,geom_ind00_r1_chord @ anchor 0.125,1.834682636,0.004827065663,geom_mid15_r1_chord @ anchor 0.25,0.004827065663,,,,,
constant_rotation_chord_reading1,all,constant rotation plus chord-distributed offset (between-patient SD about half the calibrated one; not a calibrated shape),1,SL,A4,largest view mean after review,sd_err_mm,12,12,0.01358004868,0.02694548969,0.1900628934,0.3047541899,1.511228796,0.003379227214,geom_ind00_r1_chord @ anchor 0.03,2.043538367,0.00456951355,geom_mid15_r1_chord @ anchor 0.25,0.00456951355,1.375939933,1.647658255,0,0.3958801118,False
patient_geometry_reading1_independent_offsets,all,"sensitivity: patient-level geometric shape, reading 1, offsets independent between views",1,AP,A1,anchor-view mean,bias_mm,12,12,0.2928132005,0.3005184249,0.1603484232,0.2312252996,-1.922372538,0.008208963819,geom_ind15_r1_patient_indoff @ anchor 0.25,0.005634553169,0.006040821831,geom_ind15_r1_patient_indoff @ anchor 0.03,0.008208963819,-1.92746491,0.01615579299,0,0,True
patient_geometry_reading1_independent_offsets,all,"sensitivity: patient-level geometric shape, reading 1, offsets independent between views",1,AP,A1,anchor-view mean,rmse_mm,12,12,0.2928132005,0.3005184249,0.1603484232,0.2312252996,1.910274351,0.006598195709,geom_ind15_r1_patient_indoff @ anchor 0.03,3.230194651,0.01000764628,geom_ind15_r1_patient_indoff @ anchor 0.25,0.01000764628,1.900583197,3.232934252,0,0,True
patient_geometry_reading1_independent_offsets,all,"sensitivity: patient-level geometric shape, reading 1, offsets independent between views",1,AP,A1,anchor-view mean,mae_mm,12,12,0.2928132005,0.3005184249,0.1603484232,0.2312252996,1.438060053,0.003976364159,geom_ind15_r1_patient_indoff @ anchor 0.03,2.443757978,0.006680006776,geom_ind15_r1_patient_indoff @ anchor 0.25,0.006680006776,,,,,
patient_geometry_reading1_independent_offsets,all,"sensitivity: patient-level geometric shape, reading 1, offsets independent between views",1,AP,A1,anchor-view mean,sd_err_mm,12,12,0.2928132005,0.3005184249,0.1603484232,0.2312252996,1.910275593,0.004271527438,geom_ind15_r1_patient_indoff @ anchor 0.03,2.59590229,0.005804643006,geom_ind15_r1_patient_indoff @ anchor 0.25,0.005804643006,1.900586393,2.596147514,0,0,True
patient_geometry_reading1_independent_offsets,all,"sensitivity: patient-level geometric shape, reading 1, offsets independent between views",1,AP,A2,mean across views,bias_mm,12,12,0.2928132005,0.3005184249,0.1603484232,0.2312252996,-2.537621624,0.007276885941,geom_mid15_r1_patient_indoff @ anchor 0.25,-1.841243411,0.00643803887,geom_ind00_r1_patient_indoff @ anchor 0.03,0.007276885941,-3.160932123,-0.2750493415,0,0,True
patient_geometry_reading1_independent_offsets,all,"sensitivity: patient-level geometric shape, reading 1, offsets independent between views",1,AP,A2,mean across views,rmse_mm,12,12,0.2928132005,0.3005184249,0.1603484232,0.2312252996,2.744990036,0.007527382376,geom_ind00_r1_patient_indoff @ anchor 0.03,3.425606144,0.008954423939,geom_mid15_r1_patient_indoff @ anchor 0.25,0.008954423939,1.672772226,4.064358104,0,0,True
patient_geometry_reading1_independent_offsets,all,"sensitivity: patient-level geometric shape, reading 1, offsets independent between views",1,AP,A2,mean across views,mae_mm,12,12,0.2928132005,0.3005184249,0.1603484232,0.2312252996,2.136302402,0.005450882549,geom_ind00_r1_patient_indoff @ anchor 0.03,2.721187899,0.006580241007,geom_mid15_r1_patient_indoff @ anchor 0.25,0.006580241007,,,,,
patient_geometry_reading1_independent_offsets,all,"sensitivity: patient-level geometric shape, reading 1, offsets independent between views",1,AP,A2,mean across views,sd_err_mm,12,12,0.2928132005,0.3005184249,0.1603484232,0.2312252996,2.035886649,0.004552403704,geom_ind00_r1_patient_indoff @ anchor 0.03,2.301153385,0.005145561122,geom_mid15_r1_patient_indoff @ anchor 0.25,0.005145561122,1.643211904,2.554912951,0,0,True
patient_geometry_reading1_independent_offsets,all,"sensitivity: patient-level geometric shape, reading 1, offsets independent between views",1,AP,A3,largest view mean,bias_mm,12,12,0.2928132005,0.3005184249,0.1603484232,0.2312252996,-0.8253850528,0.006928736402,geom_ind00_r1_patient_indoff @ anchor 0.25,0.4248841683,0.006192255919,geom_mid15_r1_patient_indoff @ anchor 0.03,0.006995181556,-0.7675215473,0.919777008,0.05786350549,0,False
patient_geometry_reading1_independent_offsets,all,"sensitivity: patient-level geometric shape, reading 1, offsets independent between views",1,AP,A3,largest view mean,rmse_mm,12,12,0.2928132005,0.3005184249,0.1603484232,0.2312252996,1.931768083,0.007383604598,geom_ind00_r1_patient_indoff @ anchor 0.06,2.34135672,0.007759418541,geom_ind00_r1_patient_indoff @ anchor 0.25,0.008151129176,1.961960353,2.438468169,0.03019227036,0,False
patient_geometry_reading1_independent_offsets,all,"sensitivity: patient-level geometric shape, reading 1, offsets independent between views",1,AP,A3,largest view mean,mae_mm,12,12,0.2928132005,0.3005184249,0.1603484232,0.2312252996,1.441142184,0.004113475659,geom_ind00_r1_patient_indoff @ anchor 0.03,1.762980774,0.0048722416,geom_ind00_r1_patient_indoff @ anchor 0.25,0.0048722416,,,,,
patient_geometry_reading1_independent_offsets,all,"sensitivity: patient-level geometric shape, reading 1, offsets independent between views",1,AP,A3,largest view mean,sd_err_mm,12,12,0.2928132005,0.3005184249,0.1603484232,0.2312252996,1.924261932,0.004302802,geom_ind00_r1_patient_indoff @ anchor 0.03,2.212070636,0.004946365045,geom_mid15_r1_patient_indoff @ anchor 0.25,0.004946365045,1.95011314,2.314539102,0.0258512078,0,False
patient_geometry_reading1_independent_offsets,all,"sensitivity: patient-level geometric shape, reading 1, offsets independent between views",1,AP,A4,largest view mean after review,bias_mm,12,12,0.2928132005,0.3005184249,0.1603484232,0.2312252996,-0.9953445908,0.006864571992,geom_ind00_r1_patient_indoff @ anchor 0.25,0.3526486328,0.005997174915,geom_mid15_r1_patient_indoff @ anchor 0.03,0.006965238567,-0.9722003196,0.7626407532,0.02314427122,0,False
patient_geometry_reading1_independent_offsets,all,"sensitivity: patient-level geometric shape, reading 1, offsets independent between views",1,AP,A4,largest view mean after review,rmse_mm,12,12,0.2928132005,0.3005184249,0.1603484232,0.2312252996,1.887384103,0.006501595221,geom_ind00_r1_patient_indoff @ anchor 0.06,2.388074244,0.007705095715,geom_ind00_r1_patient_indoff @ anchor 0.25,0.00796783334,1.906027253,2.50892998,0.01864315041,0,False
patient_geometry_reading1_independent_offsets,all,"sensitivity: patient-level geometric shape, reading 1, offsets independent between views",1,AP,A4,largest view mean after review,mae_mm,12,12,0.2928132005,0.3005184249,0.1603484232,0.2312252996,1.419188064,0.003981663452,geom_ind00_r1_patient_indoff @ anchor 0.03,1.79266709,0.004989256651,geom_ind00_r1_patient_indoff @ anchor 0.25,0.004989256651,,,,,
patient_geometry_reading1_independent_offsets,all,"sensitivity: patient-level geometric shape, reading 1, offsets independent between views",1,AP,A4,largest view mean after review,sd_err_mm,12,12,0.2928132005,0.3005184249,0.1603484232,0.2312252996,1.885186215,0.004215425604,geom_ind00_r1_patient_indoff @ anchor 0.03,2.202601832,0.004925192049,geom_mid15_r1_patient_indoff @ anchor 0.25,0.004925192049,1.864172557,2.312922324,0,0,True
patient_geometry_reading1_independent_offsets,all,"sensitivity: patient-level geometric shape, reading 1, offsets independent between views",1,SL,A1,anchor-view mean,bias_mm,12,12,0.01645819143,0.02812291849,0.1937683103,0.364919744,-1.230173624,0.005798567499,geom_ind15_r1_patient_indoff @ anchor 0.25,0.004586482366,0.004498965221,geom_ind15_r1_patient_indoff @ anchor 0.03,0.005798567499,-1.236776292,0.009007702171,0,0,True
patient_geometry_reading1_independent_offsets,all,"sensitivity: patient-level geometric shape, reading 1, offsets independent between views",1,SL,A1,anchor-view mean,rmse_mm,12,12,0.01645819143,0.02812291849,0.1937683103,0.364919744,1.422698001,0.004236165163,geom_ind15_r1_patient_indoff @ anchor 0.03,2.208083338,0.006825764544,geom_ind15_r1_patient_indoff @ anchor 0.25,0.006825764544,1.42503257,2.217793129,0.002334569087,0,False
patient_geometry_reading1_independent_offsets,all,"sensitivity: patient-level geometric shape, reading 1, offsets independent between views",1,SL,A1,anchor-view mean,mae_mm,12,12,0.01645819143,0.02812291849,0.1937683103,0.364919744,1.097165467,0.00286409801,geom_ind15_r1_patient_indoff @ anchor 0.03,1.674901109,0.004550119784,geom_ind15_r1_patient_indoff @ anchor 0.25,0.004550119784,,,,,
patient_geometry_reading1_independent_offsets,all,"sensitivity: patient-level geometric shape, reading 1, offsets independent between views",1,SL,A1,anchor-view mean,sd_err_mm,12,12,0.01645819143,0.02812291849,0.1937683103,0.364919744,1.422697721,0.003181264722,geom_ind15_r1_patient_indoff @ anchor 0.03,1.833668046,0.004100226901,geom_ind15_r1_patient_indoff @ anchor 0.25,0.004100226901,1.425011226,1.842299872,0.002313504808,0,False
patient_geometry_reading1_independent_offsets,all,"sensitivity: patient-level geometric shape, reading 1, offsets independent between views",1,SL,A2,mean across views,bias_mm,12,12,0.01645819143,0.02812291849,0.1937683103,0.364919744,-0.3469238443,0.004617040376,geom_ind00_r1_patient_indoff @ anchor 0.25,0.1162816738,0.005834484011,geom_mid15_r1_patient_indoff @ anchor 0.03,0.005913646462,-2.025949956,-0.1768472898,0,0.2931289636,False
patient_geometry_reading1_independent_offsets,all,"sensitivity: patient-level geometric shape, reading 1, offsets independent between views",1,SL,A2,mean across views,rmse_mm,12,12,0.01645819143,0.02812291849,0.1937683103,0.364919744,1.424276271,0.00426666213,geom_ind00_r1_patient_indoff @ anchor 0.06,1.893222527,0.00737386963,geom_mid15_r1_patient_indoff @ anchor 0.25,0.00772900394,1.247666501,2.703301227,0,0,True
patient_geometry_reading1_independent_offsets,all,"sensitivity: patient-level geometric shape, reading 1, offsets independent between views",1,SL,A2,mean across views,mae_mm,12,12,0.01645819143,0.02812291849,0.1937683103,0.364919744,1.08570115,0.002915174792,geom_ind00_r1_patient_indoff @ anchor 0.06,1.41162888,0.003989500416,geom_mid15_r1_patient_indoff @ anchor 0.25,0.003989500416,,,,,
patient_geometry_reading1_independent_offsets,all,"sensitivity: patient-level geometric shape, reading 1, offsets independent between views",1,SL,A2,mean across views,sd_err_mm,12,12,0.01645819143,0.02812291849,0.1937683103,0.364919744,1.424257853,0.0031847533,geom_ind00_r1_patient_indoff @ anchor 0.06,1.87005921,0.004181600423,geom_mid15_r1_patient_indoff @ anchor 0.25,0.004181600423,1.232075416,1.789803434,0,0.08025577621,False
patient_geometry_reading1_independent_offsets,all,"sensitivity: patient-level geometric shape, reading 1, offsets independent between views",1,SL,A3,largest view mean,bias_mm,12,12,0.01645819143,0.02812291849,0.1937683103,0.364919744,1.085766755,0.005299708784,geom_ind00_r1_patient_indoff @ anchor 0.25,1.966735571,0.008333453996,geom_mid15_r1_patient_indoff @ anchor 0.03,0.008684598371,-0.437901431,0.6850496269,0,1.281685944,False
patient_geometry_reading1_independent_offsets,all,"sensitivity: patient-level geometric shape, reading 1, offsets independent between views",1,SL,A3,largest view mean,rmse_mm,12,12,0.01645819143,0.02812291849,0.1937683103,0.364919744,1.996885745,0.006833868227,geom_ind00_r1_patient_indoff @ anchor 0.25,3.289061847,0.02082027911,geom_mid15_r1_patient_indoff @ anchor 0.25,0.02087762314,1.446643337,1.709409901,0,1.579651946,False
patient_geometry_reading1_independent_offsets,all,"sensitivity: patient-level geometric shape, reading 1, offsets independent between views",1,SL,A3,largest view mean,mae_mm,12,12,0.01645819143,0.02812291849,0.1937683103,0.364919744,1.494464213,0.004188253735,geom_ind00_r1_patient_indoff @ anchor 0.25,2.248176521,0.007591895548,geom_mid15_r1_patient_indoff @ anchor 0.25,0.00759287226,,,,,
patient_geometry_reading1_independent_offsets,all,"sensitivity: patient-level geometric shape, reading 1, offsets independent between views",1,SL,A3,largest view mean,sd_err_mm,12,12,0.01645819143,0.02812291849,0.1937683103,0.364919744,1.62269945,0.00362848442,geom_ind00_r1_patient_indoff @ anchor 0.03,2.746311142,0.006140969105,geom_mid15_r1_patient_indoff @ anchor 0.25,0.006140969105,1.425522315,1.652377635,0,1.093933507,False
patient_geometry_reading1_independent_offsets,all,"sensitivity: patient-level geometric shape, reading 1, offsets independent between views",1,SL,A4,largest view mean after review,bias_mm,12,12,0.01645819143,0.02812291849,0.1937683103,0.364919744,0.8226859824,0.005170498314,geom_ind00_r1_patient_indoff @ anchor 0.25,1.692978365,0.007678469524,geom_mid15_r1_patient_indoff @ anchor 0.03,0.008301870265,-0.5248314744,0.6248478046,0,1.06813056,False
patient_geometry_reading1_independent_offsets,all,"sensitivity: patient-level geometric shape, reading 1, offsets independent between views",1,SL,A4,largest view mean after review,rmse_mm,12,12,0.01645819143,0.02812291849,0.1937683103,0.364919744,1.821432463,0.005653271478,geom_ind00_r1_patient_indoff @ anchor 0.125,2.967723251,0.02076131497,geom_mid15_r1_patient_indoff @ anchor 0.25,0.02092407895,1.42004453,1.729219088,0,1.238504163,False
patient_geometry_reading1_independent_offsets,all,"sensitivity: patient-level geometric shape, reading 1, offsets independent between views",1,SL,A4,largest view mean after review,mae_mm,12,12,0.01645819143,0.02812291849,0.1937683103,0.364919744,1.38986298,0.003766279139,geom_ind00_r1_patient_indoff @ anchor 0.25,2.025931856,0.006857862962,geom_mid15_r1_patient_indoff @ anchor 0.25,0.006857862962,,,,,
patient_geometry_reading1_independent_offsets,all,"sensitivity: patient-level geometric shape, reading 1, offsets independent between views",1,SL,A4,largest view mean after review,sd_err_mm,12,12,0.01645819143,0.02812291849,0.1937683103,0.364919744,1.516012981,0.003389925029,geom_ind00_r1_patient_indoff @ anchor 0.03,2.625281888,0.005870338113,geom_mid15_r1_patient_indoff @ anchor 0.25,0.005870338113,1.375939933,1.647658255,0,0.9776236328,False
patient_geometry_reading2_independent_offsets,all,"sensitivity: patient-level geometric shape, reading 2, offsets independent between views",1,AP,A1,anchor-view mean,bias_mm,12,12,0.06186588889,0.1843538801,0.09611515427,0.2242308008,-1.922372538,0.008208963819,geom_ind15_r2_patient_indoff @ anchor 0.25,0.005634553169,0.006040821831,geom_ind15_r2_patient_indoff @ anchor 0.03,0.008208963819,-1.92746491,0.01615579299,0,0,True
patient_geometry_reading2_independent_offsets,all,"sensitivity: patient-level geometric shape, reading 2, offsets independent between views",1,AP,A1,anchor-view mean,rmse_mm,12,12,0.06186588889,0.1843538801,0.09611515427,0.2242308008,1.910274351,0.006598195709,geom_ind15_r2_patient_indoff @ anchor 0.03,3.230194651,0.01000764628,geom_ind15_r2_patient_indoff @ anchor 0.25,0.01000764628,1.900583197,3.232934252,0,0,True
patient_geometry_reading2_independent_offsets,all,"sensitivity: patient-level geometric shape, reading 2, offsets independent between views",1,AP,A1,anchor-view mean,mae_mm,12,12,0.06186588889,0.1843538801,0.09611515427,0.2242308008,1.438060053,0.003976364159,geom_ind15_r2_patient_indoff @ anchor 0.03,2.443757978,0.006680006776,geom_ind15_r2_patient_indoff @ anchor 0.25,0.006680006776,,,,,
patient_geometry_reading2_independent_offsets,all,"sensitivity: patient-level geometric shape, reading 2, offsets independent between views",1,AP,A1,anchor-view mean,sd_err_mm,12,12,0.06186588889,0.1843538801,0.09611515427,0.2242308008,1.910275593,0.004271527438,geom_ind15_r2_patient_indoff @ anchor 0.03,2.59590229,0.005804643006,geom_ind15_r2_patient_indoff @ anchor 0.25,0.005804643006,1.900586393,2.596147514,0,0,True
patient_geometry_reading2_independent_offsets,all,"sensitivity: patient-level geometric shape, reading 2, offsets independent between views",1,AP,A2,mean across views,bias_mm,12,12,0.06186588889,0.1843538801,0.09611515427,0.2242308008,-1.687185457,0.006783375966,geom_mid15_r2_patient_indoff @ anchor 0.25,-0.1487108965,0.005362830226,geom_ind00_r2_patient_indoff @ anchor 0.03,0.006783375966,-3.160932123,-0.2750493415,0,0.126338445,False
patient_geometry_reading2_independent_offsets,all,"sensitivity: patient-level geometric shape, reading 2, offsets independent between views",1,AP,A2,mean across views,rmse_mm,12,12,0.06186588889,0.1843538801,0.09611515427,0.2242308008,1.702375098,0.005270786394,geom_ind00_r2_patient_indoff @ anchor 0.03,2.729096499,0.008015830768,geom_mid15_r2_patient_indoff @ anchor 0.25,0.008015830768,1.672772226,4.064358104,0,0,True
patient_geometry_reading2_independent_offsets,all,"sensitivity: patient-level geometric shape, reading 2, offsets independent between views",1,AP,A2,mean across views,mae_mm,12,12,0.06186588889,0.1843538801,0.09611515427,0.2242308008,1.292472428,0.003503724122,geom_ind00_r2_patient_indoff @ anchor 0.03,2.08835836,0.005555859905,geom_mid15_r2_patient_indoff @ anchor 0.25,0.005555859905,,,,,
patient_geometry_reading2_independent_offsets,all,"sensitivity: patient-level geometric shape, reading 2, offsets independent between views",1,AP,A2,mean across views,sd_err_mm,12,12,0.06186588889,0.1843538801,0.09611515427,0.2242308008,1.693718338,0.003787288275,geom_ind00_r2_patient_indoff @ anchor 0.06,2.145091828,0.004796595128,geom_mid15_r2_patient_indoff @ anchor 0.25,0.004796595128,1.643211904,2.554912951,0,0,True
patient_geometry_reading2_independent_offsets,all,"sensitivity: patient-level geometric shape, reading 2, offsets independent between views",1,AP,A3,largest view mean,bias_mm,12,12,0.06186588889,0.1843538801,0.09611515427,0.2242308008,0.3268479233,0.006803556954,geom_mid15_r2_patient_indoff @ anchor 0.25,1.108749618,0.006416901498,geom_ind00_r2_patient_indoff @ anchor 0.03,0.006803556954,-0.7675215473,0.919777008,0,0.18897261,False
patient_geometry_reading2_independent_offsets,all,"sensitivity: patient-level geometric shape, reading 2, offsets independent between views",1,AP,A3,largest view mean,rmse_mm,12,12,0.06186588889,0.1843538801,0.09611515427,0.2242308008,2.128576807,0.008704517,geom_mid15_r2_patient_indoff @ anchor 0.125,2.312346648,0.009389852311,geom_ind00_r2_patient_indoff @ anchor 0.03,0.009389852311,1.961960353,2.438468169,0,0,True
patient_geometry_reading2_independent_offsets,all,"sensitivity: patient-level geometric shape, reading 2, offsets independent between views",1,AP,A3,largest view mean,mae_mm,12,12,0.06186588889,0.1843538801,0.09611515427,0.2242308008,1.557428125,0.004588330754,geom_mid15_r2_patient_indoff @ anchor 0.125,1.681650847,0.00501898659,geom_ind00_r2_patient_indoff @ anchor 0.03,0.00501898659,,,,,
patient_geometry_reading2_independent_offsets,all,"sensitivity: patient-level geometric shape, reading 2, offsets independent between views",1,AP,A3,largest view mean,sd_err_mm,12,12,0.06186588889,0.1843538801,0.09611515427,0.2242308008,2.009670737,0.004493782849,geom_mid15_r2_patient_indoff @ anchor 0.03,2.151473617,0.004810865313,geom_mid15_r2_patient_indoff @ anchor 0.25,0.004810865313,1.95011314,2.314539102,0,0,True
patient_geometry_reading2_independent_offsets,all,"sensitivity: patient-level geometric shape, reading 2, offsets independent between views",1,AP,A4,largest view mean after review,bias_mm,12,12,0.06186588889,0.1843538801,0.09611515427,0.2242308008,-0.04092645346,0.006754043993,geom_mid15_r2_patient_indoff @ anchor 0.25,0.9245348629,0.00596241127,geom_ind00_r2_patient_indoff @ anchor 0.03,0.006754043993,-0.9722003196,0.7626407532,0,0.1618941097,False
patient_geometry_reading2_independent_offsets,all,"sensitivity: patient-level geometric shape, reading 2, offsets independent between views",1,AP,A4,largest view mean after review,rmse_mm,12,12,0.06186588889,0.1843538801,0.09611515427,0.2242308008,1.976661307,0.006872870488,geom_mid15_r2_patient_indoff @ anchor 0.125,2.136197646,0.007748641034,geom_mid15_r2_patient_indoff @ anchor 0.25,0.007748641034,1.906027253,2.50892998,0,0,True
patient_geometry_reading2_independent_offsets,all,"sensitivity: patient-level geometric shape, reading 2, offsets independent between views",1,AP,A4,largest view mean after review,mae_mm,12,12,0.06186588889,0.1843538801,0.09611515427,0.2242308008,1.474644283,0.004171961771,geom_mid15_r2_patient_indoff @ anchor 0.06,1.573980139,0.004567217714,geom_mid15_r2_patient_indoff @ anchor 0.25,0.004567217714,,,,,
patient_geometry_reading2_independent_offsets,all,"sensitivity: patient-level geometric shape, reading 2, offsets independent between views",1,AP,A4,largest view mean after review,sd_err_mm,12,12,0.06186588889,0.1843538801,0.09611515427,0.2242308008,1.880880064,0.004205796711,geom_ind00_r2_patient_indoff @ anchor 0.06,2.135816244,0.004775854188,geom_mid15_r2_patient_indoff @ anchor 0.25,0.004775854188,1.864172557,2.312922324,0,0,True
patient_geometry_reading2_independent_offsets,all,"sensitivity: patient-level geometric shape, reading 2, offsets independent between views",1,SL,A1,anchor-view mean,bias_mm,12,12,0.1230772271,0.2152131939,0.1725066453,0.2438004453,-1.230173624,0.005798567499,geom_ind15_r2_patient_indoff @ anchor 0.25,0.004586482366,0.004498965221,geom_ind15_r2_patient_indoff @ anchor 0.03,0.005798567499,-1.236776292,0.009007702171,0,0,True
patient_geometry_reading2_independent_offsets,all,"sensitivity: patient-level geometric shape, reading 2, offsets independent between views",1,SL,A1,anchor-view mean,rmse_mm,12,12,0.1230772271,0.2152131939,0.1725066453,0.2438004453,1.422698001,0.004236165163,geom_ind15_r2_patient_indoff @ anchor 0.03,2.208083338,0.006825764544,geom_ind15_r2_patient_indoff @ anchor 0.25,0.006825764544,1.42503257,2.217793129,0.002334569087,0,False
patient_geometry_reading2_independent_offsets,all,"sensitivity: patient-level geometric shape, reading 2, offsets independent between views",1,SL,A1,anchor-view mean,mae_mm,12,12,0.1230772271,0.2152131939,0.1725066453,0.2438004453,1.097165467,0.00286409801,geom_ind15_r2_patient_indoff @ anchor 0.03,1.674901109,0.004550119784,geom_ind15_r2_patient_indoff @ anchor 0.25,0.004550119784,,,,,
patient_geometry_reading2_independent_offsets,all,"sensitivity: patient-level geometric shape, reading 2, offsets independent between views",1,SL,A1,anchor-view mean,sd_err_mm,12,12,0.1230772271,0.2152131939,0.1725066453,0.2438004453,1.422697721,0.003181264722,geom_ind15_r2_patient_indoff @ anchor 0.03,1.833668046,0.004100226901,geom_ind15_r2_patient_indoff @ anchor 0.25,0.004100226901,1.425011226,1.842299872,0.002313504808,0,False
patient_geometry_reading2_independent_offsets,all,"sensitivity: patient-level geometric shape, reading 2, offsets independent between views",1,SL,A2,mean across views,bias_mm,12,12,0.1230772271,0.2152131939,0.1725066453,0.2438004453,-1.222683981,0.005030667329,geom_mid15_r2_patient_indoff @ anchor 0.25,-0.380243209,0.004309656393,geom_ind00_r2_patient_indoff @ anchor 0.03,0.005030667329,-2.025949956,-0.1768472898,0,0,True
patient_geometry_reading2_independent_offsets,all,"sensitivity: patient-level geometric shape, reading 2, offsets independent between views",1,SL,A2,mean across views,rmse_mm,12,12,0.1230772271,0.2152131939,0.1725066453,0.2438004453,1.414878139,0.004133277616,geom_ind00_r2_patient_indoff @ anchor 0.03,2.006412766,0.005776064513,geom_mid15_r2_patient_indoff @ anchor 0.25,0.005776064513,1.247666501,2.703301227,0,0,True
patient_geometry_reading2_independent_offsets,all,"sensitivity: patient-level geometric shape, reading 2, offsets independent between views",1,SL,A2,mean across views,mae_mm,12,12,0.1230772271,0.2152131939,0.1725066453,0.2438004453,1.082143655,0.002882453063,geom_ind00_r2_patient_indoff @ anchor 0.03,1.540487647,0.004065226342,geom_mid15_r2_patient_indoff @ anchor 0.25,0.004065226342,,,,,
patient_geometry_reading2_independent_offsets,all,"sensitivity: patient-level geometric shape, reading 2, offsets independent between views",1,SL,A2,mean across views,sd_err_mm,12,12,0.1230772271,0.2152131939,0.1725066453,0.2438004453,1.362833013,0.003047402497,geom_ind00_r2_patient_indoff @ anchor 0.03,1.590836691,0.003557236768,geom_mid15_r2_patient_indoff @ anchor 0.25,0.003557236768,1.232075416,1.789803434,0,0,True
patient_geometry_reading2_independent_offsets,all,"sensitivity: patient-level geometric shape, reading 2, offsets independent between views",1,SL,A3,largest view mean,bias_mm,12,12,0.1230772271,0.2152131939,0.1725066453,0.2438004453,0.2077916787,0.004946484763,geom_mid15_r2_patient_indoff @ anchor 0.25,0.6958864196,0.00461609494,geom_ind00_r2_patient_indoff @ anchor 0.03,0.004946484763,-0.437901431,0.6850496269,0,0.01083679266,False
patient_geometry_reading2_independent_offsets,all,"sensitivity: patient-level geometric shape, reading 2, offsets independent between views",1,SL,A3,largest view mean,rmse_mm,12,12,0.1230772271,0.2152131939,0.1725066453,0.2438004453,1.539152761,0.005281931304,geom_mid15_r2_patient_indoff @ anchor 0.125,1.61711776,0.005671527815,geom_ind00_r2_patient_indoff @ anchor 0.03,0.005671527815,1.446643337,1.709409901,0,0,True
patient_geometry_reading2_independent_offsets,all,"sensitivity: patient-level geometric shape, reading 2, offsets independent between views",1,SL,A3,largest view mean,mae_mm,12,12,0.1230772271,0.2152131939,0.1725066453,0.2438004453,1.157633157,0.003207626827,geom_mid15_r2_patient_indoff @ anchor 0.125,1.212007928,0.003385436595,geom_ind00_r2_patient_indoff @ anchor 0.03,0.003385436595,,,,,
patient_geometry_reading2_independent_offsets,all,"sensitivity: patient-level geometric shape, reading 2, offsets independent between views",1,SL,A3,largest view mean,sd_err_mm,12,12,0.1230772271,0.2152131939,0.1725066453,0.2438004453,1.458661074,0.003261681625,geom_mid15_r2_patient_indoff @ anchor 0.03,1.564215826,0.003497710408,geom_mid15_r2_patient_indoff @ anchor 0.25,0.003497710408,1.425522315,1.652377635,0,0,True
patient_geometry_reading2_independent_offsets,all,"sensitivity: patient-level geometric shape, reading 2, offsets independent between views",1,SL,A4,largest view mean after review,bias_mm,12,12,0.1230772271,0.2152131939,0.1725066453,0.2438004453,0.04659677812,0.00490558957,geom_mid15_r2_patient_indoff @ anchor 0.25,0.6334122858,0.004421681777,geom_ind00_r2_patient_indoff @ anchor 0.03,0.00490558957,-0.5248314744,0.6248478046,0,0.008564481173,False
patient_geometry_reading2_independent_offsets,all,"sensitivity: patient-level geometric shape, reading 2, offsets independent between views",1,SL,A4,largest view mean after review,rmse_mm,12,12,0.1230772271,0.2152131939,0.1725066453,0.2438004453,1.467962483,0.004485349681,geom_mid15_r2_patient_indoff @ anchor 0.125,1.551975547,0.005163978501,geom_mid15_r2_patient_indoff @ anchor 0.25,0.005163978501,1.42004453,1.729219088,0,0,True
patient_geometry_reading2_independent_offsets,all,"sensitivity: patient-level geometric shape, reading 2, offsets independent between views",1,SL,A4,largest view mean after review,mae_mm,12,12,0.1230772271,0.2152131939,0.1725066453,0.2438004453,1.122482337,0.002991581864,geom_mid15_r2_patient_indoff @ anchor 0.125,1.170676053,0.003139818442,geom_ind00_r2_patient_indoff @ anchor 0.03,0.003222200082,,,,,
patient_geometry_reading2_independent_offsets,all,"sensitivity: patient-level geometric shape, reading 2, offsets independent between views",1,SL,A4,largest view mean after review,sd_err_mm,12,12,0.1230772271,0.2152131939,0.1725066453,0.2438004453,1.39825855,0.003126616802,geom_ind00_r2_patient_indoff @ anchor 0.03,1.551283631,0.003468792995,geom_mid15_r2_patient_indoff @ anchor 0.25,0.003468792995,1.375939933,1.647658255,0,0,True
patient_geometry_reading1_span_linked_ellipticity,all,"sensitivity: patient-level geometric shape, reading 1, ellipticity linked to the true AP span",1,AP,A1,anchor-view mean,bias_mm,12,12,0.2921002732,0.2987662388,0.1602916521,0.2307116579,-1.922372538,0.008208963819,geom_ind15_r1_patient_spanq @ anchor 0.25,0.005634553169,0.006040821831,geom_ind15_r1_patient_spanq @ anchor 0.03,0.008208963819,-1.92746491,0.01615579299,0,0,True
patient_geometry_reading1_span_linked_ellipticity,all,"sensitivity: patient-level geometric shape, reading 1, ellipticity linked to the true AP span",1,AP,A1,anchor-view mean,rmse_mm,12,12,0.2921002732,0.2987662388,0.1602916521,0.2307116579,1.910274351,0.006598195709,geom_ind15_r1_patient_spanq @ anchor 0.03,3.230194651,0.01000764628,geom_ind15_r1_patient_spanq @ anchor 0.25,0.01000764628,1.900583197,3.232934252,0,0,True
patient_geometry_reading1_span_linked_ellipticity,all,"sensitivity: patient-level geometric shape, reading 1, ellipticity linked to the true AP span",1,AP,A1,anchor-view mean,mae_mm,12,12,0.2921002732,0.2987662388,0.1602916521,0.2307116579,1.438060053,0.003976364159,geom_ind15_r1_patient_spanq @ anchor 0.03,2.443757978,0.006680006776,geom_ind15_r1_patient_spanq @ anchor 0.25,0.006680006776,,,,,
patient_geometry_reading1_span_linked_ellipticity,all,"sensitivity: patient-level geometric shape, reading 1, ellipticity linked to the true AP span",1,AP,A1,anchor-view mean,sd_err_mm,12,12,0.2921002732,0.2987662388,0.1602916521,0.2307116579,1.910275593,0.004271527438,geom_ind15_r1_patient_spanq @ anchor 0.03,2.59590229,0.005804643006,geom_ind15_r1_patient_spanq @ anchor 0.25,0.005804643006,1.900586393,2.596147514,0,0,True
patient_geometry_reading1_span_linked_ellipticity,all,"sensitivity: patient-level geometric shape, reading 1, ellipticity linked to the true AP span",1,AP,A2,mean across views,bias_mm,12,12,0.2921002732,0.2987662388,0.1602916521,0.2307116579,-2.628328495,0.007846354059,geom_ind00_r1_patient_spanq @ anchor 0.25,-1.969841898,0.007234904465,geom_mid15_r1_patient_spanq @ anchor 0.03,0.007870528352,-3.160932123,-0.2750493415,0,0,True
patient_geometry_reading1_span_linked_ellipticity,all,"sensitivity: patient-level geometric shape, reading 1, ellipticity linked to the true AP span",1,AP,A2,mean across views,rmse_mm,12,12,0.2921002732,0.2987662388,0.1602916521,0.2307116579,3.018710767,0.00972847401,geom_ind00_r1_patient_spanq @ anchor 0.03,3.618307717,0.01077739591,geom_ind15_r1_patient_spanq @ anchor 0.25,0.01086241043,1.672772226,4.064358104,0,0,True
patient_geometry_reading1_span_linked_ellipticity,all,"sensitivity: patient-level geometric shape, reading 1, ellipticity linked to the true AP span",1,AP,A2,mean across views,mae_mm,12,12,0.2921002732,0.2987662388,0.1602916521,0.2307116579,2.264012367,0.0063141924,geom_ind00_r1_patient_spanq @ anchor 0.03,2.796585461,0.007208387451,geom_mid15_r1_patient_spanq @ anchor 0.25,0.007288576997,,,,,
patient_geometry_reading1_span_linked_ellipticity,all,"sensitivity: patient-level geometric shape, reading 1, ellipticity linked to the true AP span",1,AP,A2,mean across views,sd_err_mm,12,12,0.2921002732,0.2987662388,0.1602916521,0.2307116579,2.273724452,0.005084227857,geom_ind00_r1_patient_spanq @ anchor 0.03,2.488879598,0.005565331796,geom_ind15_r1_patient_spanq @ anchor 0.25,0.005565331796,1.643211904,2.554912951,0,0,True
patient_geometry_reading1_span_linked_ellipticity,all,"sensitivity: patient-level geometric shape, reading 1, ellipticity linked to the true AP span",1,AP,A3,largest view mean,bias_mm,12,12,0.2921002732,0.2987662388,0.1602916521,0.2307116579,-0.9226609403,0.007223925528,geom_ind00_r1_patient_spanq @ anchor 0.25,0.4032298482,0.006151137128,geom_mid15_r1_patient_spanq @ anchor 0.03,0.007245704218,-0.7675215473,0.919777008,0.155139393,0,False
patient_geometry_reading1_span_linked_ellipticity,all,"sensitivity: patient-level geometric shape, reading 1, ellipticity linked to the true AP span",1,AP,A3,largest view mean,rmse_mm,12,12,0.2921002732,0.2987662388,0.1602916521,0.2307116579,1.924321313,0.006986816438,geom_ind00_r1_patient_spanq @ anchor 0.06,2.463688501,0.008625886856,geom_ind00_r1_patient_spanq @ anchor 0.25,0.008625886856,1.961960353,2.438468169,0.03763904036,0.02522033207,False
patient_geometry_reading1_span_linked_ellipticity,all,"sensitivity: patient-level geometric shape, reading 1, ellipticity linked to the true AP span",1,AP,A3,largest view mean,mae_mm,12,12,0.2921002732,0.2987662388,0.1602916521,0.2307116579,1.437293676,0.004061430046,geom_ind00_r1_patient_spanq @ anchor 0.03,1.82146584,0.005245999182,geom_ind00_r1_patient_spanq @ anchor 0.25,0.005245999182,,,,,
patient_geometry_reading1_span_linked_ellipticity,all,"sensitivity: patient-level geometric shape, reading 1, ellipticity linked to the true AP span",1,AP,A3,largest view mean,sd_err_mm,12,12,0.2921002732,0.2987662388,0.1602916521,0.2307116579,1.913117403,0.00427788195,geom_ind00_r1_patient_spanq @ anchor 0.03,2.291292858,0.005123512205,geom_mid15_r1_patient_spanq @ anchor 0.25,0.005123512205,1.95011314,2.314539102,0.0369957368,0,False
patient_geometry_reading1_span_linked_ellipticity,all,"sensitivity: patient-level geometric shape, reading 1, ellipticity linked to the true AP span",1,AP,A4,largest view mean after review,bias_mm,12,12,0.2921002732,0.2987662388,0.1602916521,0.2307116579,-1.069000047,0.007188138237,geom_ind00_r1_patient_spanq @ anchor 0.25,0.3387402504,0.005981781237,geom_mid15_r1_patient_spanq @ anchor 0.03,0.007215638125,-0.9722003196,0.7626407532,0.09679972742,0,False
patient_geometry_reading1_span_linked_ellipticity,all,"sensitivity: patient-level geometric shape, reading 1, ellipticity linked to the true AP span",1,AP,A4,largest view mean after review,rmse_mm,12,12,0.2921002732,0.2987662388,0.1602916521,0.2307116579,1.893246907,0.006441008636,geom_ind00_r1_patient_spanq @ anchor 0.06,2.511900189,0.008690757703,geom_ind00_r1_patient_spanq @ anchor 0.25,0.008690757703,1.906027253,2.50892998,0.01278034641,0.0029702094,False
patient_geometry_reading1_span_linked_ellipticity,all,"sensitivity: patient-level geometric shape, reading 1, ellipticity linked to the true AP span",1,AP,A4,largest view mean after review,mae_mm,12,12,0.2921002732,0.2987662388,0.1602916521,0.2307116579,1.421013189,0.003971959872,geom_ind00_r1_patient_spanq @ anchor 0.03,1.852202236,0.005365648356,geom_ind00_r1_patient_spanq @ anchor 0.25,0.005365648356,,,,,
patient_geometry_reading1_span_linked_ellipticity,all,"sensitivity: patient-level geometric shape, reading 1, ellipticity linked to the true AP span",1,AP,A4,largest view mean after review,sd_err_mm,12,12,0.2921002732,0.2987662388,0.1602916521,0.2307116579,1.885693908,0.004216560845,geom_ind00_r1_patient_spanq @ anchor 0.03,2.281785125,0.00510225216,geom_mid15_r1_patient_spanq @ anchor 0.25,0.00510225216,1.864172557,2.312922324,0,0,True
patient_geometry_reading1_span_linked_ellipticity,all,"sensitivity: patient-level geometric shape, reading 1, ellipticity linked to the true AP span",1,SL,A1,anchor-view mean,bias_mm,12,12,0.01565919887,0.02725580744,0.1924732516,0.3634948018,-1.230173624,0.005798567499,geom_ind15_r1_patient_spanq @ anchor 0.25,0.004586482366,0.004498965221,geom_ind15_r1_patient_spanq @ anchor 0.03,0.005798567499,-1.236776292,0.009007702171,0,0,True
patient_geometry_reading1_span_linked_ellipticity,all,"sensitivity: patient-level geometric shape, reading 1, ellipticity linked to the true AP span",1,SL,A1,anchor-view mean,rmse_mm,12,12,0.01565919887,0.02725580744,0.1924732516,0.3634948018,1.422698001,0.004236165163,geom_ind15_r1_patient_spanq @ anchor 0.03,2.208083338,0.006825764544,geom_ind15_r1_patient_spanq @ anchor 0.25,0.006825764544,1.42503257,2.217793129,0.002334569087,0,False
patient_geometry_reading1_span_linked_ellipticity,all,"sensitivity: patient-level geometric shape, reading 1, ellipticity linked to the true AP span",1,SL,A1,anchor-view mean,mae_mm,12,12,0.01565919887,0.02725580744,0.1924732516,0.3634948018,1.097165467,0.00286409801,geom_ind15_r1_patient_spanq @ anchor 0.03,1.674901109,0.004550119784,geom_ind15_r1_patient_spanq @ anchor 0.25,0.004550119784,,,,,
patient_geometry_reading1_span_linked_ellipticity,all,"sensitivity: patient-level geometric shape, reading 1, ellipticity linked to the true AP span",1,SL,A1,anchor-view mean,sd_err_mm,12,12,0.01565919887,0.02725580744,0.1924732516,0.3634948018,1.422697721,0.003181264722,geom_ind15_r1_patient_spanq @ anchor 0.03,1.833668046,0.004100226901,geom_ind15_r1_patient_spanq @ anchor 0.25,0.004100226901,1.425011226,1.842299872,0.002313504808,0,False
patient_geometry_reading1_span_linked_ellipticity,all,"sensitivity: patient-level geometric shape, reading 1, ellipticity linked to the true AP span",1,SL,A2,mean across views,bias_mm,12,12,0.01565919887,0.02725580744,0.1924732516,0.3634948018,-0.3205666268,0.004698436075,geom_ind00_r1_patient_spanq @ anchor 0.25,0.1765936173,0.006136029342,geom_mid15_r1_patient_spanq @ anchor 0.03,0.00621905361,-2.025949956,-0.1768472898,0,0.3534409071,False
patient_geometry_reading1_span_linked_ellipticity,all,"sensitivity: patient-level geometric shape, reading 1, ellipticity linked to the true AP span",1,SL,A2,mean across views,rmse_mm,12,12,0.01565919887,0.02725580744,0.1924732516,0.3634948018,1.44355573,0.004484643043,geom_ind00_r1_patient_spanq @ anchor 0.06,1.980617543,0.01036718085,geom_mid15_r1_patient_spanq @ anchor 0.25,0.01097051984,1.247666501,2.703301227,0,0,True
patient_geometry_reading1_span_linked_ellipticity,all,"sensitivity: patient-level geometric shape, reading 1, ellipticity linked to the true AP span",1,SL,A2,mean across views,mae_mm,12,12,0.01565919887,0.02725580744,0.1924732516,0.3634948018,1.095789042,0.002971713899,geom_ind00_r1_patient_spanq @ anchor 0.06,1.44582712,0.004280710359,geom_mid15_r1_patient_spanq @ anchor 0.25,0.004280710359,,,,,
patient_geometry_reading1_span_linked_ellipticity,all,"sensitivity: patient-level geometric shape, reading 1, ellipticity linked to the true AP span",1,SL,A2,mean across views,sd_err_mm,12,12,0.01565919887,0.02725580744,0.1924732516,0.3634948018,1.443141331,0.003226978252,geom_ind00_r1_patient_spanq @ anchor 0.06,1.96663743,0.004397556968,geom_mid15_r1_patient_spanq @ anchor 0.25,0.004397556968,1.232075416,1.789803434,0,0.1768339962,False
patient_geometry_reading1_span_linked_ellipticity,all,"sensitivity: patient-level geometric shape, reading 1, ellipticity linked to the true AP span",1,SL,A3,largest view mean,bias_mm,12,12,0.01565919887,0.02725580744,0.1924732516,0.3634948018,1.091950827,0.005471480839,geom_ind00_r1_patient_spanq @ anchor 0.25,2.059076403,0.009389446972,geom_mid15_r1_patient_spanq @ anchor 0.03,0.009796101483,-0.437901431,0.6850496269,0,1.374026776,False
patient_geometry_reading1_span_linked_ellipticity,all,"sensitivity: patient-level geometric shape, reading 1, ellipticity linked to the true AP span",1,SL,A3,largest view mean,rmse_mm,12,12,0.01565919887,0.02725580744,0.1924732516,0.3634948018,2.04554959,0.00728770593,geom_ind00_r1_patient_spanq @ anchor 0.125,3.625356058,0.03035046008,geom_mid15_r1_patient_spanq @ anchor 0.25,0.03048496956,1.446643337,1.709409901,0,1.915946157,False
patient_geometry_reading1_span_linked_ellipticity,all,"sensitivity: patient-level geometric shape, reading 1, ellipticity linked to the true AP span",1,SL,A3,largest view mean,mae_mm,12,12,0.01565919887,0.02725580744,0.1924732516,0.3634948018,1.518527264,0.004336047368,geom_ind00_r1_patient_spanq @ anchor 0.25,2.362566009,0.008695725394,geom_mid15_r1_patient_spanq @ anchor 0.25,0.008695725394,,,,,
patient_geometry_reading1_span_linked_ellipticity,all,"sensitivity: patient-level geometric shape, reading 1, ellipticity linked to the true AP span",1,SL,A3,largest view mean,sd_err_mm,12,12,0.01565919887,0.02725580744,0.1924732516,0.3634948018,1.658546024,0.003708640197,geom_ind00_r1_patient_spanq @ anchor 0.03,3.097799288,0.006926924423,geom_mid15_r1_patient_spanq @ anchor 0.25,0.006926924423,1.425522315,1.652377635,0,1.445421653,False
patient_geometry_reading1_span_linked_ellipticity,all,"sensitivity: patient-level geometric shape, reading 1, ellipticity linked to the true AP span",1,SL,A4,largest view mean after review,bias_mm,12,12,0.01565919887,0.02725580744,0.1924732516,0.3634948018,0.828948268,0.005325306621,geom_ind00_r1_patient_spanq @ anchor 0.25,1.770328395,0.008586637272,geom_mid15_r1_patient_spanq @ anchor 0.03,0.009248028858,-0.5248314744,0.6248478046,0,1.14548059,False
patient_geometry_reading1_span_linked_ellipticity,all,"sensitivity: patient-level geometric shape, reading 1, ellipticity linked to the true AP span",1,SL,A4,largest view mean after review,rmse_mm,12,12,0.01565919887,0.02725580744,0.1924732516,0.3634948018,1.860348966,0.006165382434,geom_ind00_r1_patient_spanq @ anchor 0.125,3.262438697,0.02737678781,geom_mid15_r1_patient_spanq @ anchor 0.25,0.0276432516,1.42004453,1.729219088,0,1.533219609,False
patient_geometry_reading1_span_linked_ellipticity,all,"sensitivity: patient-level geometric shape, reading 1, ellipticity linked to the true AP span",1,SL,A4,largest view mean after review,mae_mm,12,12,0.01565919887,0.02725580744,0.1924732516,0.3634948018,1.408290898,0.003843995056,geom_ind00_r1_patient_spanq @ anchor 0.125,2.125293455,0.007827320901,geom_mid15_r1_patient_spanq @ anchor 0.25,0.007827320901,,,,,
patient_geometry_reading1_span_linked_ellipticity,all,"sensitivity: patient-level geometric shape, reading 1, ellipticity linked to the true AP span",1,SL,A4,largest view mean after review,sd_err_mm,12,12,0.01565919887,0.02725580744,0.1924732516,0.3634948018,1.547200909,0.003459663707,geom_ind00_r1_patient_spanq @ anchor 0.03,2.924483506,0.006539376615,geom_mid15_r1_patient_spanq @ anchor 0.25,0.006539376615,1.375939933,1.647658255,0,1.276825251,False
sd707_halfnormal,all,SD of the 3D maximal diameter 7.07 mm: half-normal shape at the recalibrated means (24 scenarios),1,AP,A1,anchor-view mean,bias_mm,24,24,0.03573901356,0.2680299264,0.02710687446,0.2009560191,-1.922372538,0.008208963819,geom_ind15_sd707_r1_halfnormal @ anchor 0.25,0.005634553169,0.006040821831,geom_ind15_sd707_r1_halfnormal @ anchor 0.03,0.008208963819,-1.92746491,0.01615579299,0,0,True
sd707_halfnormal,all,SD of the 3D maximal diameter 7.07 mm: half-normal shape at the recalibrated means (24 scenarios),1,AP,A1,anchor-view mean,rmse_mm,24,24,0.03573901356,0.2680299264,0.02710687446,0.2009560191,1.910274351,0.006598195709,geom_ind15_sd707_r1_halfnormal @ anchor 0.03,3.230194651,0.01000764628,geom_ind15_sd707_r1_halfnormal @ anchor 0.25,0.01000764628,1.900583197,3.232934252,0,0,True
sd707_halfnormal,all,SD of the 3D maximal diameter 7.07 mm: half-normal shape at the recalibrated means (24 scenarios),1,AP,A1,anchor-view mean,mae_mm,24,24,0.03573901356,0.2680299264,0.02710687446,0.2009560191,1.438060053,0.003976364159,geom_ind15_sd707_r1_halfnormal @ anchor 0.03,2.443757978,0.006680006776,geom_ind15_sd707_r1_halfnormal @ anchor 0.25,0.006680006776,,,,,
sd707_halfnormal,all,SD of the 3D maximal diameter 7.07 mm: half-normal shape at the recalibrated means (24 scenarios),1,AP,A1,anchor-view mean,sd_err_mm,24,24,0.03573901356,0.2680299264,0.02710687446,0.2009560191,1.910275593,0.004271527438,geom_ind15_sd707_r1_halfnormal @ anchor 0.03,2.59590229,0.005804643006,geom_ind15_sd707_r1_halfnormal @ anchor 0.25,0.005804643006,1.900586393,2.596147514,0,0,True
sd707_halfnormal,all,SD of the 3D maximal diameter 7.07 mm: half-normal shape at the recalibrated means (24 scenarios),1,AP,A2,mean across views,bias_mm,24,24,0.03573901356,0.2680299264,0.02710687446,0.2009560191,-2.307991186,0.00691847552,geom_mid15_sd707_r1_halfnormal @ anchor 0.25,0.04159188623,0.005163086336,geom_ind00_sd707_r2_halfnormal @ anchor 0.03,0.00691847552,-3.160932123,-0.2750493415,0,0.3166412278,False
sd707_halfnormal,all,SD of the 3D maximal diameter 7.07 mm: half-normal shape at the recalibrated means (24 scenarios),1,AP,A2,mean across views,rmse_mm,24,24,0.03573901356,0.2680299264,0.02710687446,0.2009560191,1.62997352,0.005077148467,geom_ind00_sd707_r2_halfnormal @ anchor 0.06,3.180142419,0.008583152377,geom_mid15_sd707_r1_halfnormal @ anchor 0.25,0.008583152377,1.672772226,4.064358104,0.04279870601,0,False
sd707_halfnormal,all,SD of the 3D maximal diameter 7.07 mm: half-normal shape at the recalibrated means (24 scenarios),1,AP,A2,mean across views,mae_mm,24,24,0.03573901356,0.2680299264,0.02710687446,0.2009560191,1.23832865,0.003367495766,geom_ind00_sd707_r2_halfnormal @ anchor 0.03,2.507597976,0.006184898096,geom_mid15_sd707_r1_halfnormal @ anchor 0.25,0.006184898096,,,,,
sd707_halfnormal,all,SD of the 3D maximal diameter 7.07 mm: half-normal shape at the recalibrated means (24 scenarios),1,AP,A2,mean across views,sd_err_mm,24,24,0.03573901356,0.2680299264,0.02710687446,0.2009560191,1.629040193,0.003642662822,geom_ind15_sd707_r2_halfnormal @ anchor 0.06,2.187814058,0.004892125417,geom_mid15_sd707_r1_halfnormal @ anchor 0.25,0.004892125417,1.643211904,2.554912951,0.01417171139,0,False
sd707_halfnormal,all,SD of the 3D maximal diameter 7.07 mm: half-normal shape at the recalibrated means (24 scenarios),1,AP,A3,largest view mean,bias_mm,24,24,0.03573901356,0.2680299264,0.02710687446,0.2009560191,-0.4223263167,0.006966160484,geom_mid15_sd707_r1_halfnormal @ anchor 0.25,1.166497301,0.006397894809,geom_ind00_sd707_r2_halfnormal @ anchor 0.03,0.006966160484,-0.7675215473,0.919777008,0,0.246720293,False
sd707_halfnormal,all,SD of the 3D maximal diameter 7.07 mm: half-normal shape at the recalibrated means (24 scenarios),1,AP,A3,largest view mean,rmse_mm,24,24,0.03573901356,0.2680299264,0.02710687446,0.2009560191,1.982855509,0.007855848501,geom_mid15_sd707_r1_halfnormal @ anchor 0.06,2.335375948,0.00947097136,geom_ind00_sd707_r2_halfnormal @ anchor 0.03,0.00947097136,1.961960353,2.438468169,0,0,True
sd707_halfnormal,all,SD of the 3D maximal diameter 7.07 mm: half-normal shape at the recalibrated means (24 scenarios),1,AP,A3,largest view mean,mae_mm,24,24,0.03573901356,0.2680299264,0.02710687446,0.2009560191,1.465710435,0.004223063728,geom_mid15_sd707_r1_halfnormal @ anchor 0.06,1.69790157,0.005070637821,geom_ind00_sd707_r2_halfnormal @ anchor 0.03,0.005070637821,,,,,
sd707_halfnormal,all,SD of the 3D maximal diameter 7.07 mm: half-normal shape at the recalibrated means (24 scenarios),1,AP,A3,largest view mean,sd_err_mm,24,24,0.03573901356,0.2680299264,0.02710687446,0.2009560191,1.954811474,0.004371113195,geom_mid15_sd707_r1_halfnormal @ anchor 0.03,2.202893368,0.004925843946,geom_mid15_sd707_r1_halfnormal @ anchor 0.25,0.004925843946,1.95011314,2.314539102,0,0,True
sd707_halfnormal,all,SD of the 3D maximal diameter 7.07 mm: half-normal shape at the recalibrated means (24 scenarios),1,AP,A4,largest view mean after review,bias_mm,24,24,0.03573901356,0.2680299264,0.02710687446,0.2009560191,-0.6760845325,0.006925020121,geom_mid15_sd707_r1_halfnormal @ anchor 0.25,0.9751661685,0.005912772997,geom_ind00_sd707_r2_halfnormal @ anchor 0.03,0.006925020121,-0.9722003196,0.7626407532,0,0.2125254153,False
sd707_halfnormal,all,SD of the 3D maximal diameter 7.07 mm: half-normal shape at the recalibrated means (24 scenarios),1,AP,A4,largest view mean after review,rmse_mm,24,24,0.03573901356,0.2680299264,0.02710687446,0.2009560191,1.901746451,0.006588390905,geom_mid15_sd707_r1_halfnormal @ anchor 0.06,2.291862279,0.007867820914,geom_mid15_sd707_r1_halfnormal @ anchor 0.25,0.007867820914,1.906027253,2.50892998,0.00428080241,0,False
sd707_halfnormal,all,SD of the 3D maximal diameter 7.07 mm: half-normal shape at the recalibrated means (24 scenarios),1,AP,A4,largest view mean after review,mae_mm,24,24,0.03573901356,0.2680299264,0.02710687446,0.2009560191,1.426595248,0.003979409202,geom_ind00_sd707_r1_halfnormal @ anchor 0.06,1.701260156,0.004856305357,geom_mid15_sd707_r1_halfnormal @ anchor 0.25,0.004856305357,,,,,
sd707_halfnormal,all,SD of the 3D maximal diameter 7.07 mm: half-normal shape at the recalibrated means (24 scenarios),1,AP,A4,largest view mean after review,sd_err_mm,24,24,0.03573901356,0.2680299264,0.02710687446,0.2009560191,1.85825945,0.004155215227,geom_ind15_sd707_r2_halfnormal @ anchor 0.06,2.189883643,0.004896753171,geom_mid15_sd707_r1_halfnormal @ anchor 0.25,0.004896753171,1.864172557,2.312922324,0.005913106662,0,False
sd707_halfnormal,all,SD of the 3D maximal diameter 7.07 mm: half-normal shape at the recalibrated means (24 scenarios),1,SL,A1,anchor-view mean,bias_mm,24,24,0.009523159425,0.1717785074,0.007189187748,0.1296762255,-1.230173624,0.005798567499,geom_ind15_sd707_r1_halfnormal @ anchor 0.25,0.004586482366,0.004498965221,geom_ind15_sd707_r1_halfnormal @ anchor 0.03,0.005798567499,-1.236776292,0.009007702171,0,0,True
sd707_halfnormal,all,SD of the 3D maximal diameter 7.07 mm: half-normal shape at the recalibrated means (24 scenarios),1,SL,A1,anchor-view mean,rmse_mm,24,24,0.009523159425,0.1717785074,0.007189187748,0.1296762255,1.422698001,0.004236165163,geom_ind15_sd707_r1_halfnormal @ anchor 0.03,2.208083338,0.006825764544,geom_ind15_sd707_r1_halfnormal @ anchor 0.25,0.006825764544,1.42503257,2.217793129,0.002334569087,0,False
sd707_halfnormal,all,SD of the 3D maximal diameter 7.07 mm: half-normal shape at the recalibrated means (24 scenarios),1,SL,A1,anchor-view mean,mae_mm,24,24,0.009523159425,0.1717785074,0.007189187748,0.1296762255,1.097165467,0.00286409801,geom_ind15_sd707_r1_halfnormal @ anchor 0.03,1.674901109,0.004550119784,geom_ind15_sd707_r1_halfnormal @ anchor 0.25,0.004550119784,,,,,
sd707_halfnormal,all,SD of the 3D maximal diameter 7.07 mm: half-normal shape at the recalibrated means (24 scenarios),1,SL,A1,anchor-view mean,sd_err_mm,24,24,0.009523159425,0.1717785074,0.007189187748,0.1296762255,1.422697721,0.003181264722,geom_ind15_sd707_r1_halfnormal @ anchor 0.03,1.833668046,0.004100226901,geom_ind15_sd707_r1_halfnormal @ anchor 0.25,0.004100226901,1.425011226,1.842299872,0.002313504808,0,False
sd707_halfnormal,all,SD of the 3D maximal diameter 7.07 mm: half-normal shape at the recalibrated means (24 scenarios),1,SL,A2,mean across views,bias_mm,24,24,0.009523159425,0.1717785074,0.007189187748,0.1296762255,-1.018610087,0.004407819165,geom_mid15_sd707_r2_halfnormal @ anchor 0.25,0.1550882225,0.003904751819,geom_mid15_sd707_r1_halfnormal @ anchor 0.03,0.004407819165,-2.025949956,-0.1768472898,0,0.3319355123,False
sd707_halfnormal,all,SD of the 3D maximal diameter 7.07 mm: half-normal shape at the recalibrated means (24 scenarios),1,SL,A2,mean across views,rmse_mm,24,24,0.009523159425,0.1717785074,0.007189187748,0.1296762255,1.227184055,0.003515172955,geom_ind00_sd707_r1_halfnormal @ anchor 0.06,1.726393368,0.004803274476,geom_mid15_sd707_r2_halfnormal @ anchor 0.25,0.004803274476,1.247666501,2.703301227,0.02048244559,0,False
sd707_halfnormal,all,SD of the 3D maximal diameter 7.07 mm: half-normal shape at the recalibrated means (24 scenarios),1,SL,A2,mean across views,mae_mm,24,24,0.009523159425,0.1717785074,0.007189187748,0.1296762255,0.9479655646,0.002464443277,geom_ind00_sd707_r1_halfnormal @ anchor 0.06,1.338861464,0.003446586599,geom_mid15_sd707_r2_halfnormal @ anchor 0.25,0.003446586599,,,,,
sd707_halfnormal,all,SD of the 3D maximal diameter 7.07 mm: half-normal shape at the recalibrated means (24 scenarios),1,SL,A2,mean across views,sd_err_mm,24,24,0.009523159425,0.1717785074,0.007189187748,0.1296762255,1.227032532,0.002743741871,geom_ind00_sd707_r1_halfnormal @ anchor 0.06,1.393874807,0.003116814406,geom_mid15_sd707_r2_halfnormal @ anchor 0.25,0.003116814406,1.232075416,1.789803434,0.00504288407,0,False
sd707_halfnormal,all,SD of the 3D maximal diameter 7.07 mm: half-normal shape at the recalibrated means (24 scenarios),1,SL,A3,largest view mean,bias_mm,24,24,0.009523159425,0.1717785074,0.007189187748,0.1296762255,0.0679173866,0.004773301548,geom_mid15_sd707_r2_halfnormal @ anchor 0.25,0.97733108,0.004672088029,geom_mid15_sd707_r1_halfnormal @ anchor 0.03,0.004773301548,-0.437901431,0.6850496269,0,0.2922814531,False
sd707_halfnormal,all,SD of the 3D maximal diameter 7.07 mm: half-normal shape at the recalibrated means (24 scenarios),1,SL,A3,largest view mean,rmse_mm,24,24,0.009523159425,0.1717785074,0.007189187748,0.1296762255,1.48055088,0.005197238848,geom_mid15_sd707_r2_halfnormal @ anchor 0.125,1.771438643,0.006183919059,geom_mid15_sd707_r1_halfnormal @ anchor 0.03,0.006183919059,1.446643337,1.709409901,0,0.0620287419,False
sd707_halfnormal,all,SD of the 3D maximal diameter 7.07 mm: half-normal shape at the recalibrated means (24 scenarios),1,SL,A3,largest view mean,mae_mm,24,24,0.009523159425,0.1717785074,0.007189187748,0.1296762255,1.117258785,0.003072089118,geom_mid15_sd707_r2_halfnormal @ anchor 0.125,1.327789445,0.003708077407,geom_mid15_sd707_r1_halfnormal @ anchor 0.03,0.003708077407,,,,,
sd707_halfnormal,all,SD of the 3D maximal diameter 7.07 mm: half-normal shape at the recalibrated means (24 scenarios),1,SL,A3,largest view mean,sd_err_mm,24,24,0.009523159425,0.1717785074,0.007189187748,0.1296762255,1.430818258,0.003199422885,geom_mid15_sd707_r2_halfnormal @ anchor 0.03,1.509450485,0.003375250769,geom_mid15_sd707_r2_halfnormal @ anchor 0.25,0.003375250769,1.425522315,1.652377635,0,0,True
sd707_halfnormal,all,SD of the 3D maximal diameter 7.07 mm: half-normal shape at the recalibrated means (24 scenarios),1,SL,A4,largest view mean after review,bias_mm,24,24,0.009523159425,0.1717785074,0.007189187748,0.1296762255,-0.064521176,0.004729544529,geom_mid15_sd707_r2_halfnormal @ anchor 0.25,0.8903988605,0.004402187073,geom_mid15_sd707_r1_halfnormal @ anchor 0.03,0.004729544529,-0.5248314744,0.6248478046,0,0.2655510559,False
sd707_halfnormal,all,SD of the 3D maximal diameter 7.07 mm: half-normal shape at the recalibrated means (24 scenarios),1,SL,A4,largest view mean after review,rmse_mm,24,24,0.009523159425,0.1717785074,0.007189187748,0.1296762255,1.428952797,0.004516986736,geom_mid15_sd707_r2_halfnormal @ anchor 0.125,1.652487777,0.005194989968,geom_mid15_sd707_r1_halfnormal @ anchor 0.03,0.005325506843,1.42004453,1.729219088,0,0,True
sd707_halfnormal,all,SD of the 3D maximal diameter 7.07 mm: half-normal shape at the recalibrated means (24 scenarios),1,SL,A4,largest view mean after review,mae_mm,24,24,0.009523159425,0.1717785074,0.007189187748,0.1296762255,1.092025947,0.002914436345,geom_mid15_sd707_r2_halfnormal @ anchor 0.125,1.264004749,0.003366035026,geom_mid15_sd707_r1_halfnormal @ anchor 0.03,0.003366035026,,,,,
sd707_halfnormal,all,SD of the 3D maximal diameter 7.07 mm: half-normal shape at the recalibrated means (24 scenarios),1,SL,A4,largest view mean after review,sd_err_mm,24,24,0.009523159425,0.1717785074,0.007189187748,0.1296762255,1.380355552,0.00308658428,geom_ind00_sd707_r1_halfnormal @ anchor 0.06,1.495613301,0.00334430973,geom_mid15_sd707_r2_halfnormal @ anchor 0.25,0.00334430973,1.375939933,1.647658255,0,0,True
sd707_patient_geometry_reading1,all,"SD of the 3D maximal diameter 7.07 mm: patient-level geometric shape, reading 1",1,AP,A1,anchor-view mean,bias_mm,12,12,0.2500030239,0.2689245411,0.213300197,0.2370165713,-1.922372538,0.008208963819,geom_ind15_sd707_r1_patient @ anchor 0.25,0.005634553169,0.006040821831,geom_ind15_sd707_r1_patient @ anchor 0.03,0.008208963819,-1.92746491,0.01615579299,0,0,True
sd707_patient_geometry_reading1,all,"SD of the 3D maximal diameter 7.07 mm: patient-level geometric shape, reading 1",1,AP,A1,anchor-view mean,rmse_mm,12,12,0.2500030239,0.2689245411,0.213300197,0.2370165713,1.910274351,0.006598195709,geom_ind15_sd707_r1_patient @ anchor 0.03,3.230194651,0.01000764628,geom_ind15_sd707_r1_patient @ anchor 0.25,0.01000764628,1.900583197,3.232934252,0,0,True
sd707_patient_geometry_reading1,all,"SD of the 3D maximal diameter 7.07 mm: patient-level geometric shape, reading 1",1,AP,A1,anchor-view mean,mae_mm,12,12,0.2500030239,0.2689245411,0.213300197,0.2370165713,1.438060053,0.003976364159,geom_ind15_sd707_r1_patient @ anchor 0.03,2.443757978,0.006680006776,geom_ind15_sd707_r1_patient @ anchor 0.25,0.006680006776,,,,,
sd707_patient_geometry_reading1,all,"SD of the 3D maximal diameter 7.07 mm: patient-level geometric shape, reading 1",1,AP,A1,anchor-view mean,sd_err_mm,12,12,0.2500030239,0.2689245411,0.213300197,0.2370165713,1.910275593,0.004271527438,geom_ind15_sd707_r1_patient @ anchor 0.03,2.59590229,0.005804643006,geom_ind15_sd707_r1_patient @ anchor 0.25,0.005804643006,1.900586393,2.596147514,0,0,True
sd707_patient_geometry_reading1,all,"SD of the 3D maximal diameter 7.07 mm: patient-level geometric shape, reading 1",1,AP,A2,mean across views,bias_mm,12,12,0.2500030239,0.2689245411,0.213300197,0.2370165713,-2.312873068,0.007647907034,geom_mid15_sd707_r1_patient @ anchor 0.25,-1.529517167,0.007369957686,geom_ind00_sd707_r1_patient @ anchor 0.03,0.00778395835,-3.160932123,-0.2750493415,0,0,True
sd707_patient_geometry_reading1,all,"SD of the 3D maximal diameter 7.07 mm: patient-level geometric shape, reading 1",1,AP,A2,mean across views,rmse_mm,12,12,0.2500030239,0.2689245411,0.213300197,0.2370165713,2.787650638,0.009101853835,geom_ind00_sd707_r1_patient @ anchor 0.03,3.346396799,0.00971124234,geom_mid15_sd707_r1_patient @ anchor 0.25,0.01005630228,1.672772226,4.064358104,0,0,True
sd707_patient_geometry_reading1,all,"SD of the 3D maximal diameter 7.07 mm: patient-level geometric shape, reading 1",1,AP,A2,mean across views,mae_mm,12,12,0.2500030239,0.2689245411,0.213300197,0.2370165713,2.055923266,0.005953327678,geom_ind00_sd707_r1_patient @ anchor 0.03,2.57279218,0.006766947413,geom_mid15_sd707_r1_patient @ anchor 0.25,0.006808368472,,,,,
sd707_patient_geometry_reading1,all,"SD of the 3D maximal diameter 7.07 mm: patient-level geometric shape, reading 1",1,AP,A2,mean across views,sd_err_mm,12,12,0.2500030239,0.2689245411,0.213300197,0.2370165713,2.259674226,0.00505281044,geom_mid15_sd707_r1_patient @ anchor 0.03,2.46150376,0.005504117255,geom_ind00_sd707_r1_patient @ anchor 0.25,0.005504117255,1.643211904,2.554912951,0,0,True
sd707_patient_geometry_reading1,all,"SD of the 3D maximal diameter 7.07 mm: patient-level geometric shape, reading 1",1,AP,A3,largest view mean,bias_mm,12,12,0.2500030239,0.2689245411,0.213300197,0.2370165713,-0.4407166444,0.007282745229,geom_ind00_sd707_r1_patient @ anchor 0.25,0.5074807808,0.006238702293,geom_mid15_sd707_r1_patient @ anchor 0.03,0.007282745229,-0.7675215473,0.919777008,0,0,True
sd707_patient_geometry_reading1,all,"SD of the 3D maximal diameter 7.07 mm: patient-level geometric shape, reading 1",1,AP,A3,largest view mean,rmse_mm,12,12,0.2500030239,0.2689245411,0.213300197,0.2370165713,2.006697023,0.007855554393,geom_ind00_sd707_r1_patient @ anchor 0.06,2.344784837,0.0083207242,geom_ind00_sd707_r1_patient @ anchor 0.25,0.008334501411,1.961960353,2.438468169,0,0,True
sd707_patient_geometry_reading1,all,"SD of the 3D maximal diameter 7.07 mm: patient-level geometric shape, reading 1",1,AP,A3,largest view mean,mae_mm,12,12,0.2500030239,0.2689245411,0.213300197,0.2370165713,1.483714595,0.004272519394,geom_ind00_sd707_r1_patient @ anchor 0.06,1.737857682,0.004977842288,geom_ind00_sd707_r1_patient @ anchor 0.25,0.004977842288,,,,,
sd707_patient_geometry_reading1,all,"SD of the 3D maximal diameter 7.07 mm: patient-level geometric shape, reading 1",1,AP,A3,largest view mean,sd_err_mm,12,12,0.2500030239,0.2689245411,0.213300197,0.2370165713,1.970040415,0.004405166313,geom_ind00_sd707_r1_patient @ anchor 0.03,2.303006254,0.005149704286,geom_ind00_sd707_r1_patient @ anchor 0.25,0.005149704286,1.95011314,2.314539102,0,0,True
sd707_patient_geometry_reading1,all,"SD of the 3D maximal diameter 7.07 mm: patient-level geometric shape, reading 1",1,AP,A4,largest view mean after review,bias_mm,12,12,0.2500030239,0.2689245411,0.213300197,0.2370165713,-0.6620142374,0.007059210915,geom_ind00_sd707_r1_patient @ anchor 0.25,0.4211937536,0.005997924421,geom_mid15_sd707_r1_patient @ anchor 0.03,0.007079406354,-0.9722003196,0.7626407532,0,0,True
sd707_patient_geometry_reading1,all,"SD of the 3D maximal diameter 7.07 mm: patient-level geometric shape, reading 1",1,AP,A4,largest view mean after review,rmse_mm,12,12,0.2500030239,0.2689245411,0.213300197,0.2370165713,1.915342421,0.006658797087,geom_ind00_sd707_r1_patient @ anchor 0.06,2.328402648,0.007968639719,geom_ind00_sd707_r1_patient @ anchor 0.25,0.008078822671,1.906027253,2.50892998,0,0,True
sd707_patient_geometry_reading1,all,"SD of the 3D maximal diameter 7.07 mm: patient-level geometric shape, reading 1",1,AP,A4,largest view mean after review,mae_mm,12,12,0.2500030239,0.2689245411,0.213300197,0.2370165713,1.436494013,0.004006292041,geom_ind00_sd707_r1_patient @ anchor 0.06,1.726708762,0.004939595269,geom_ind00_sd707_r1_patient @ anchor 0.25,0.004939595269,,,,,
sd707_patient_geometry_reading1,all,"SD of the 3D maximal diameter 7.07 mm: patient-level geometric shape, reading 1",1,AP,A4,largest view mean after review,sd_err_mm,12,12,0.2500030239,0.2689245411,0.213300197,0.2370165713,1.895398366,0.004238260783,geom_ind15_sd707_r1_patient @ anchor 0.03,2.238704856,0.005005921269,geom_mid15_sd707_r1_patient @ anchor 0.25,0.005005921269,1.864172557,2.312922324,0,0,True
sd707_patient_geometry_reading1,all,"SD of the 3D maximal diameter 7.07 mm: patient-level geometric shape, reading 1",1,SL,A1,anchor-view mean,bias_mm,12,12,0.01049433309,0.02618046403,0.1617450873,0.3364775003,-1.230173624,0.005798567499,geom_ind15_sd707_r1_patient @ anchor 0.25,0.004586482366,0.004498965221,geom_ind15_sd707_r1_patient @ anchor 0.03,0.005798567499,-1.236776292,0.009007702171,0,0,True
sd707_patient_geometry_reading1,all,"SD of the 3D maximal diameter 7.07 mm: patient-level geometric shape, reading 1",1,SL,A1,anchor-view mean,rmse_mm,12,12,0.01049433309,0.02618046403,0.1617450873,0.3364775003,1.422698001,0.004236165163,geom_ind15_sd707_r1_patient @ anchor 0.03,2.208083338,0.006825764544,geom_ind15_sd707_r1_patient @ anchor 0.25,0.006825764544,1.42503257,2.217793129,0.002334569087,0,False
sd707_patient_geometry_reading1,all,"SD of the 3D maximal diameter 7.07 mm: patient-level geometric shape, reading 1",1,SL,A1,anchor-view mean,mae_mm,12,12,0.01049433309,0.02618046403,0.1617450873,0.3364775003,1.097165467,0.00286409801,geom_ind15_sd707_r1_patient @ anchor 0.03,1.674901109,0.004550119784,geom_ind15_sd707_r1_patient @ anchor 0.25,0.004550119784,,,,,
sd707_patient_geometry_reading1,all,"SD of the 3D maximal diameter 7.07 mm: patient-level geometric shape, reading 1",1,SL,A1,anchor-view mean,sd_err_mm,12,12,0.01049433309,0.02618046403,0.1617450873,0.3364775003,1.422697721,0.003181264722,geom_ind15_sd707_r1_patient @ anchor 0.03,1.833668046,0.004100226901,geom_ind15_sd707_r1_patient @ anchor 0.25,0.004100226901,1.425011226,1.842299872,0.002313504808,0,False
sd707_patient_geometry_reading1,all,"SD of the 3D maximal diameter 7.07 mm: patient-level geometric shape, reading 1",1,SL,A2,mean across views,bias_mm,12,12,0.01049433309,0.02618046403,0.1617450873,0.3364775003,-0.3353737375,0.004523474637,geom_ind00_sd707_r1_patient @ anchor 0.25,0.1435831383,0.005747538095,geom_mid15_sd707_r1_patient @ anchor 0.03,0.005879747319,-2.025949956,-0.1768472898,0,0.3204304281,False
sd707_patient_geometry_reading1,all,"SD of the 3D maximal diameter 7.07 mm: patient-level geometric shape, reading 1",1,SL,A2,mean across views,rmse_mm,12,12,0.01049433309,0.02618046403,0.1617450873,0.3364775003,1.381678294,0.004206286123,geom_ind00_sd707_r1_patient @ anchor 0.06,1.878545765,0.01275123382,geom_mid15_sd707_r1_patient @ anchor 0.25,0.01357449276,1.247666501,2.703301227,0,0,True
sd707_patient_geometry_reading1,all,"SD of the 3D maximal diameter 7.07 mm: patient-level geometric shape, reading 1",1,SL,A2,mean across views,mae_mm,12,12,0.01049433309,0.02618046403,0.1617450873,0.3364775003,1.054500978,0.002823243817,geom_ind00_sd707_r1_patient @ anchor 0.06,1.368654654,0.004069072605,geom_mid15_sd707_r1_patient @ anchor 0.25,0.004069072605,,,,,
sd707_patient_geometry_reading1,all,"SD of the 3D maximal diameter 7.07 mm: patient-level geometric shape, reading 1",1,SL,A2,mean across views,sd_err_mm,12,12,0.01049433309,0.02618046403,0.1617450873,0.3364775003,1.381316296,0.00308873258,geom_ind00_sd707_r1_patient @ anchor 0.03,1.859339359,0.004157629989,geom_mid15_sd707_r1_patient @ anchor 0.25,0.004157629989,1.232075416,1.789803434,0,0.06953592521,False
sd707_patient_geometry_reading1,all,"SD of the 3D maximal diameter 7.07 mm: patient-level geometric shape, reading 1",1,SL,A3,largest view mean,bias_mm,12,12,0.01049433309,0.02618046403,0.1617450873,0.3364775003,0.9719238253,0.005206471541,geom_ind00_sd707_r1_patient @ anchor 0.25,1.771726581,0.008724277313,geom_mid15_sd707_r1_patient @ anchor 0.03,0.009059711779,-0.437901431,0.6850496269,0,1.086676954,False
sd707_patient_geometry_reading1,all,"SD of the 3D maximal diameter 7.07 mm: patient-level geometric shape, reading 1",1,SL,A3,largest view mean,rmse_mm,12,12,0.01049433309,0.02618046403,0.1617450873,0.3364775003,1.911895239,0.006704927693,geom_ind00_sd707_r1_patient @ anchor 0.25,3.279999837,0.05179186734,geom_mid15_sd707_r1_patient @ anchor 0.25,0.05194602278,1.446643337,1.709409901,0,1.570589936,False
sd707_patient_geometry_reading1,all,"SD of the 3D maximal diameter 7.07 mm: patient-level geometric shape, reading 1",1,SL,A3,largest view mean,mae_mm,12,12,0.01049433309,0.02618046403,0.1617450873,0.3364775003,1.42549497,0.00402904918,geom_ind00_sd707_r1_patient @ anchor 0.25,2.08414383,0.008004154539,geom_mid15_sd707_r1_patient @ anchor 0.03,0.008010543549,,,,,
sd707_patient_geometry_reading1,all,"SD of the 3D maximal diameter 7.07 mm: patient-level geometric shape, reading 1",1,SL,A3,largest view mean,sd_err_mm,12,12,0.01049433309,0.02618046403,0.1617450873,0.3364775003,1.588373205,0.00355172822,geom_ind00_sd707_r1_patient @ anchor 0.03,2.864932417,0.006406215666,geom_mid15_sd707_r1_patient @ anchor 0.25,0.006406215666,1.425522315,1.652377635,0,1.212554782,False
sd707_patient_geometry_reading1,all,"SD of the 3D maximal diameter 7.07 mm: patient-level geometric shape, reading 1",1,SL,A4,largest view mean after review,bias_mm,12,12,0.01049433309,0.02618046403,0.1617450873,0.3364775003,0.7312777694,0.005069499465,geom_ind00_sd707_r1_patient @ anchor 0.25,1.5399059,0.008087142753,geom_mid15_sd707_r1_patient @ anchor 0.03,0.008633441625,-0.5248314744,0.6248478046,0,0.9150580954,False
sd707_patient_geometry_reading1,all,"SD of the 3D maximal diameter 7.07 mm: patient-level geometric shape, reading 1",1,SL,A4,largest view mean after review,rmse_mm,12,12,0.01049433309,0.02618046403,0.1617450873,0.3364775003,1.751620633,0.00558295589,geom_ind00_sd707_r1_patient @ anchor 0.125,2.991617615,0.05542529015,geom_mid15_sd707_r1_patient @ anchor 0.25,0.05590276079,1.42004453,1.729219088,0,1.262398527,False
sd707_patient_geometry_reading1,all,"SD of the 3D maximal diameter 7.07 mm: patient-level geometric shape, reading 1",1,SL,A4,largest view mean after review,mae_mm,12,12,0.01049433309,0.02618046403,0.1617450873,0.3364775003,1.33277802,0.003644777075,geom_ind00_sd707_r1_patient @ anchor 0.25,1.894091355,0.00729650858,geom_mid15_sd707_r1_patient @ anchor 0.03,0.007330545123,,,,,
sd707_patient_geometry_reading1,all,"SD of the 3D maximal diameter 7.07 mm: patient-level geometric shape, reading 1",1,SL,A4,largest view mean after review,sd_err_mm,12,12,0.01049433309,0.02618046403,0.1617450873,0.3364775003,1.490562236,0.00333301515,geom_ind00_sd707_r1_patient @ anchor 0.03,2.730133958,0.006104795642,geom_mid15_sd707_r1_patient @ anchor 0.25,0.006104795642,1.375939933,1.647658255,0,1.082475703,False
sd707_patient_geometry_reading2,all,"SD of the 3D maximal diameter 7.07 mm: patient-level geometric shape, reading 2",1,AP,A1,anchor-view mean,bias_mm,12,12,0.03563540963,0.1376701122,0.05444634053,0.1870578313,-1.922372538,0.008208963819,geom_ind15_sd707_r2_patient @ anchor 0.25,0.005634553169,0.006040821831,geom_ind15_sd707_r2_patient @ anchor 0.03,0.008208963819,-1.92746491,0.01615579299,0,0,True
sd707_patient_geometry_reading2,all,"SD of the 3D maximal diameter 7.07 mm: patient-level geometric shape, reading 2",1,AP,A1,anchor-view mean,rmse_mm,12,12,0.03563540963,0.1376701122,0.05444634053,0.1870578313,1.910274351,0.006598195709,geom_ind15_sd707_r2_patient @ anchor 0.03,3.230194651,0.01000764628,geom_ind15_sd707_r2_patient @ anchor 0.25,0.01000764628,1.900583197,3.232934252,0,0,True
sd707_patient_geometry_reading2,all,"SD of the 3D maximal diameter 7.07 mm: patient-level geometric shape, reading 2",1,AP,A1,anchor-view mean,mae_mm,12,12,0.03563540963,0.1376701122,0.05444634053,0.1870578313,1.438060053,0.003976364159,geom_ind15_sd707_r2_patient @ anchor 0.03,2.443757978,0.006680006776,geom_ind15_sd707_r2_patient @ anchor 0.25,0.006680006776,,,,,
sd707_patient_geometry_reading2,all,"SD of the 3D maximal diameter 7.07 mm: patient-level geometric shape, reading 2",1,AP,A1,anchor-view mean,sd_err_mm,12,12,0.03563540963,0.1376701122,0.05444634053,0.1870578313,1.910275593,0.004271527438,geom_ind15_sd707_r2_patient @ anchor 0.03,2.59590229,0.005804643006,geom_ind15_sd707_r2_patient @ anchor 0.25,0.005804643006,1.900586393,2.596147514,0,0,True
sd707_patient_geometry_reading2,all,"SD of the 3D maximal diameter 7.07 mm: patient-level geometric shape, reading 2",1,AP,A2,mean across views,bias_mm,12,12,0.03563540963,0.1376701122,0.05444634053,0.1870578313,-1.351246547,0.006520905466,geom_mid15_sd707_r2_patient @ anchor 0.25,0.04181598161,0.005243021332,geom_ind00_sd707_r2_patient @ anchor 0.03,0.006520905466,-3.160932123,-0.2750493415,0,0.3168653231,False
sd707_patient_geometry_reading2,all,"SD of the 3D maximal diameter 7.07 mm: patient-level geometric shape, reading 2",1,AP,A2,mean across views,rmse_mm,12,12,0.03563540963,0.1376701122,0.05444634053,0.1870578313,1.656178677,0.005168283205,geom_ind00_sd707_r2_patient @ anchor 0.06,2.465369246,0.007762115463,geom_mid15_sd707_r2_patient @ anchor 0.25,0.007762115463,1.672772226,4.064358104,0.01659354901,0,False
sd707_patient_geometry_reading2,all,"SD of the 3D maximal diameter 7.07 mm: patient-level geometric shape, reading 2",1,AP,A2,mean across views,mae_mm,12,12,0.03563540963,0.1376701122,0.05444634053,0.1870578313,1.256284575,0.003424046065,geom_ind00_sd707_r2_patient @ anchor 0.03,1.8593862,0.005119330707,geom_mid15_sd707_r2_patient @ anchor 0.25,0.005119330707,,,,,
sd707_patient_geometry_reading2,all,"SD of the 3D maximal diameter 7.07 mm: patient-level geometric shape, reading 2",1,AP,A2,mean across views,sd_err_mm,12,12,0.03563540963,0.1376701122,0.05444634053,0.1870578313,1.655552638,0.003701946749,geom_ind00_sd707_r2_patient @ anchor 0.06,2.062091368,0.00461099953,geom_mid15_sd707_r2_patient @ anchor 0.25,0.00461099953,1.643211904,2.554912951,0,0,True
sd707_patient_geometry_reading2,all,"SD of the 3D maximal diameter 7.07 mm: patient-level geometric shape, reading 2",1,AP,A3,largest view mean,bias_mm,12,12,0.03563540963,0.1376701122,0.05444634053,0.1870578313,0.464279797,0.006824472623,geom_mid15_sd707_r2_patient @ anchor 0.25,1.208663689,0.00645547338,geom_ind00_sd707_r2_patient @ anchor 0.03,0.006824472623,-0.7675215473,0.919777008,0,0.288886681,False
sd707_patient_geometry_reading2,all,"SD of the 3D maximal diameter 7.07 mm: patient-level geometric shape, reading 2",1,AP,A3,largest view mean,rmse_mm,12,12,0.03563540963,0.1376701122,0.05444634053,0.1870578313,2.169584181,0.008954987725,geom_mid15_sd707_r2_patient @ anchor 0.125,2.372370101,0.009540005782,geom_ind00_sd707_r2_patient @ anchor 0.03,0.009540005782,1.961960353,2.438468169,0,0,True
sd707_patient_geometry_reading2,all,"SD of the 3D maximal diameter 7.07 mm: patient-level geometric shape, reading 2",1,AP,A3,largest view mean,mae_mm,12,12,0.03563540963,0.1376701122,0.05444634053,0.1870578313,1.580927244,0.004698709019,geom_mid15_sd707_r2_patient @ anchor 0.125,1.726183318,0.005146316674,geom_ind00_sd707_r2_patient @ anchor 0.03,0.005146316674,,,,,
sd707_patient_geometry_reading2,all,"SD of the 3D maximal diameter 7.07 mm: patient-level geometric shape, reading 2",1,AP,A3,largest view mean,sd_err_mm,12,12,0.03563540963,0.1376701122,0.05444634053,0.1870578313,2.019694274,0.004516196272,geom_mid15_sd707_r2_patient @ anchor 0.03,2.158087732,0.004825654998,geom_mid15_sd707_r2_patient @ anchor 0.25,0.004825654998,1.95011314,2.314539102,0,0,True
sd707_patient_geometry_reading2,all,"SD of the 3D maximal diameter 7.07 mm: patient-level geometric shape, reading 2",1,AP,A4,largest view mean after review,bias_mm,12,12,0.03563540963,0.1376701122,0.05444634053,0.1870578313,0.0863314163,0.006712970155,geom_mid15_sd707_r2_patient @ anchor 0.25,1.011733781,0.005955681812,geom_ind00_sd707_r2_patient @ anchor 0.03,0.006712970155,-0.9722003196,0.7626407532,0,0.2490930278,False
sd707_patient_geometry_reading2,all,"SD of the 3D maximal diameter 7.07 mm: patient-level geometric shape, reading 2",1,AP,A4,largest view mean after review,rmse_mm,12,12,0.03563540963,0.1376701122,0.05444634053,0.1870578313,1.989099072,0.006866326806,geom_mid15_sd707_r2_patient @ anchor 0.125,2.137892504,0.007411290729,geom_ind00_sd707_r2_patient @ anchor 0.03,0.007778808086,1.906027253,2.50892998,0,0,True
sd707_patient_geometry_reading2,all,"SD of the 3D maximal diameter 7.07 mm: patient-level geometric shape, reading 2",1,AP,A4,largest view mean after review,mae_mm,12,12,0.03563540963,0.1376701122,0.05444634053,0.1870578313,1.485920207,0.004181595079,geom_mid15_sd707_r2_patient @ anchor 0.125,1.594982935,0.004501815257,geom_ind00_sd707_r2_patient @ anchor 0.03,0.004556766972,,,,,
sd707_patient_geometry_reading2,all,"SD of the 3D maximal diameter 7.07 mm: patient-level geometric shape, reading 2",1,AP,A4,largest view mean after review,sd_err_mm,12,12,0.03563540963,0.1376701122,0.05444634053,0.1870578313,1.880238527,0.004204362181,geom_ind00_sd707_r2_patient @ anchor 0.06,2.122827555,0.004746810452,geom_mid15_sd707_r2_patient @ anchor 0.25,0.004746810452,1.864172557,2.312922324,0,0,True
sd707_patient_geometry_reading2,all,"SD of the 3D maximal diameter 7.07 mm: patient-level geometric shape, reading 2",1,SL,A1,anchor-view mean,bias_mm,12,12,0.09848785214,0.1717927298,0.1453054077,0.2152241733,-1.230173624,0.005798567499,geom_ind15_sd707_r2_patient @ anchor 0.25,0.004586482366,0.004498965221,geom_ind15_sd707_r2_patient @ anchor 0.03,0.005798567499,-1.236776292,0.009007702171,0,0,True
sd707_patient_geometry_reading2,all,"SD of the 3D maximal diameter 7.07 mm: patient-level geometric shape, reading 2",1,SL,A1,anchor-view mean,rmse_mm,12,12,0.09848785214,0.1717927298,0.1453054077,0.2152241733,1.422698001,0.004236165163,geom_ind15_sd707_r2_patient @ anchor 0.03,2.208083338,0.006825764544,geom_ind15_sd707_r2_patient @ anchor 0.25,0.006825764544,1.42503257,2.217793129,0.002334569087,0,False
sd707_patient_geometry_reading2,all,"SD of the 3D maximal diameter 7.07 mm: patient-level geometric shape, reading 2",1,SL,A1,anchor-view mean,mae_mm,12,12,0.09848785214,0.1717927298,0.1453054077,0.2152241733,1.097165467,0.00286409801,geom_ind15_sd707_r2_patient @ anchor 0.03,1.674901109,0.004550119784,geom_ind15_sd707_r2_patient @ anchor 0.25,0.004550119784,,,,,
sd707_patient_geometry_reading2,all,"SD of the 3D maximal diameter 7.07 mm: patient-level geometric shape, reading 2",1,SL,A1,anchor-view mean,sd_err_mm,12,12,0.09848785214,0.1717927298,0.1453054077,0.2152241733,1.422697721,0.003181264722,geom_ind15_sd707_r2_patient @ anchor 0.03,1.833668046,0.004100226901,geom_ind15_sd707_r2_patient @ anchor 0.25,0.004100226901,1.425011226,1.842299872,0.002313504808,0,False
sd707_patient_geometry_reading2,all,"SD of the 3D maximal diameter 7.07 mm: patient-level geometric shape, reading 2",1,SL,A2,mean across views,bias_mm,12,12,0.09848785214,0.1717927298,0.1453054077,0.2152241733,-1.019977358,0.004894847394,geom_mid15_sd707_r2_patient @ anchor 0.25,-0.2627787417,0.00419861747,geom_ind00_sd707_r2_patient @ anchor 0.03,0.004894847394,-2.025949956,-0.1768472898,0,0,True
sd707_patient_geometry_reading2,all,"SD of the 3D maximal diameter 7.07 mm: patient-level geometric shape, reading 2",1,SL,A2,mean across views,rmse_mm,12,12,0.09848785214,0.1717927298,0.1453054077,0.2152241733,1.353467364,0.003998618376,geom_ind00_sd707_r2_patient @ anchor 0.03,1.853721379,0.005695456918,geom_mid15_sd707_r2_patient @ anchor 0.25,0.005695456918,1.247666501,2.703301227,0,0,True
sd707_patient_geometry_reading2,all,"SD of the 3D maximal diameter 7.07 mm: patient-level geometric shape, reading 2",1,SL,A2,mean across views,mae_mm,12,12,0.09848785214,0.1717927298,0.1453054077,0.2152241733,1.037246176,0.002749548755,geom_ind00_sd707_r2_patient @ anchor 0.03,1.407162599,0.003816006992,geom_mid15_sd707_r2_patient @ anchor 0.25,0.003816006992,,,,,
sd707_patient_geometry_reading2,all,"SD of the 3D maximal diameter 7.07 mm: patient-level geometric shape, reading 2",1,SL,A2,mean across views,sd_err_mm,12,12,0.09848785214,0.1717927298,0.1453054077,0.2152241733,1.327719423,0.002968885729,geom_ind00_sd707_r2_patient @ anchor 0.03,1.547886657,0.003461197091,geom_mid15_sd707_r2_patient @ anchor 0.25,0.003461197091,1.232075416,1.789803434,0,0,True
sd707_patient_geometry_reading2,all,"SD of the 3D maximal diameter 7.07 mm: patient-level geometric shape, reading 2",1,SL,A3,largest view mean,bias_mm,12,12,0.09848785214,0.1717927298,0.1453054077,0.2152241733,0.2820413104,0.004965449207,geom_mid15_sd707_r2_patient @ anchor 0.25,0.7291632118,0.004621750562,geom_ind00_sd707_r2_patient @ anchor 0.03,0.004965449207,-0.437901431,0.6850496269,0,0.04411358486,False
sd707_patient_geometry_reading2,all,"SD of the 3D maximal diameter 7.07 mm: patient-level geometric shape, reading 2",1,SL,A3,largest view mean,rmse_mm,12,12,0.09848785214,0.1717927298,0.1453054077,0.2152241733,1.559493711,0.005588695289,geom_mid15_sd707_r2_patient @ anchor 0.125,1.633314255,0.00583954784,geom_ind00_sd707_r2_patient @ anchor 0.03,0.00583954784,1.446643337,1.709409901,0,0,True
sd707_patient_geometry_reading2,all,"SD of the 3D maximal diameter 7.07 mm: patient-level geometric shape, reading 2",1,SL,A3,largest view mean,mae_mm,12,12,0.09848785214,0.1717927298,0.1453054077,0.2152241733,1.169422292,0.003262641235,geom_mid15_sd707_r2_patient @ anchor 0.125,1.222500869,0.003425228184,geom_ind00_sd707_r2_patient @ anchor 0.03,0.003425228184,,,,,
sd707_patient_geometry_reading2,all,"SD of the 3D maximal diameter 7.07 mm: patient-level geometric shape, reading 2",1,SL,A3,largest view mean,sd_err_mm,12,12,0.09848785214,0.1717927298,0.1453054077,0.2152241733,1.460393189,0.003265554772,geom_mid15_sd707_r2_patient @ anchor 0.03,1.57021291,0.003511120362,geom_mid15_sd707_r2_patient @ anchor 0.25,0.003511120362,1.425522315,1.652377635,0,0,True
sd707_patient_geometry_reading2,all,"SD of the 3D maximal diameter 7.07 mm: patient-level geometric shape, reading 2",1,SL,A4,largest view mean after review,bias_mm,12,12,0.09848785214,0.1717927298,0.1453054077,0.2152241733,0.1197061929,0.004918743364,geom_mid15_sd707_r2_patient @ anchor 0.25,0.6665883108,0.004427858115,geom_ind00_sd707_r2_patient @ anchor 0.03,0.004918743364,-0.5248314744,0.6248478046,0,0.04174050617,False
sd707_patient_geometry_reading2,all,"SD of the 3D maximal diameter 7.07 mm: patient-level geometric shape, reading 2",1,SL,A4,largest view mean after review,rmse_mm,12,12,0.09848785214,0.1717927298,0.1453054077,0.2152241733,1.4821058,0.004739158685,geom_mid15_sd707_r2_patient @ anchor 0.125,1.560034938,0.005444475896,geom_mid15_sd707_r2_patient @ anchor 0.25,0.005444475896,1.42004453,1.729219088,0,0,True
sd707_patient_geometry_reading2,all,"SD of the 3D maximal diameter 7.07 mm: patient-level geometric shape, reading 2",1,SL,A4,largest view mean after review,mae_mm,12,12,0.09848785214,0.1717927298,0.1453054077,0.2152241733,1.130527107,0.003030767639,geom_mid15_sd707_r2_patient @ anchor 0.125,1.180968216,0.003178423029,geom_ind00_sd707_r2_patient @ anchor 0.03,0.003255985668,,,,,
sd707_patient_geometry_reading2,all,"SD of the 3D maximal diameter 7.07 mm: patient-level geometric shape, reading 2",1,SL,A4,largest view mean after review,sd_err_mm,12,12,0.09848785214,0.1717927298,0.1453054077,0.2152241733,1.40021168,0.003130984154,geom_ind00_sd707_r2_patient @ anchor 0.03,1.555443226,0.003478094178,geom_mid15_sd707_r2_patient @ anchor 0.25,0.003478094178,1.375939933,1.647658255,0,0,True
sd707_all,all,SD of the 3D maximal diameter 7.07 mm: half-normal and patient-level geometric shapes (48 scenarios),1,AP,A1,anchor-view mean,bias_mm,48,48,0.03563540963,0.2689245411,0.02710687446,0.2370165713,-1.922372538,0.008208963819,geom_ind15_sd707_r1_halfnormal @ anchor 0.25,0.005634553169,0.006040821831,geom_ind15_sd707_r1_halfnormal @ anchor 0.03,0.008208963819,-1.92746491,0.01615579299,0,0,True
sd707_all,all,SD of the 3D maximal diameter 7.07 mm: half-normal and patient-level geometric shapes (48 scenarios),1,AP,A1,anchor-view mean,rmse_mm,48,48,0.03563540963,0.2689245411,0.02710687446,0.2370165713,1.910274351,0.006598195709,geom_ind15_sd707_r1_halfnormal @ anchor 0.03,3.230194651,0.01000764628,geom_ind15_sd707_r1_halfnormal @ anchor 0.25,0.01000764628,1.900583197,3.232934252,0,0,True
sd707_all,all,SD of the 3D maximal diameter 7.07 mm: half-normal and patient-level geometric shapes (48 scenarios),1,AP,A1,anchor-view mean,mae_mm,48,48,0.03563540963,0.2689245411,0.02710687446,0.2370165713,1.438060053,0.003976364159,geom_ind15_sd707_r1_halfnormal @ anchor 0.03,2.443757978,0.006680006776,geom_ind15_sd707_r1_halfnormal @ anchor 0.25,0.006680006776,,,,,
sd707_all,all,SD of the 3D maximal diameter 7.07 mm: half-normal and patient-level geometric shapes (48 scenarios),1,AP,A1,anchor-view mean,sd_err_mm,48,48,0.03563540963,0.2689245411,0.02710687446,0.2370165713,1.910275593,0.004271527438,geom_ind15_sd707_r1_halfnormal @ anchor 0.03,2.59590229,0.005804643006,geom_ind15_sd707_r1_halfnormal @ anchor 0.25,0.005804643006,1.900586393,2.596147514,0,0,True
sd707_all,all,SD of the 3D maximal diameter 7.07 mm: half-normal and patient-level geometric shapes (48 scenarios),1,AP,A2,mean across views,bias_mm,48,48,0.03563540963,0.2689245411,0.02710687446,0.2370165713,-2.312873068,0.007647907034,geom_mid15_sd707_r1_patient @ anchor 0.25,0.04181598161,0.005243021332,geom_ind00_sd707_r2_patient @ anchor 0.03,0.00778395835,-3.160932123,-0.2750493415,0,0.3168653231,False
sd707_all,all,SD of the 3D maximal diameter 7.07 mm: half-normal and patient-level geometric shapes (48 scenarios),1,AP,A2,mean across views,rmse_mm,48,48,0.03563540963,0.2689245411,0.02710687446,0.2370165713,1.62997352,0.005077148467,geom_ind00_sd707_r2_halfnormal @ anchor 0.06,3.346396799,0.00971124234,geom_mid15_sd707_r1_patient @ anchor 0.25,0.01005630228,1.672772226,4.064358104,0.04279870601,0,False
sd707_all,all,SD of the 3D maximal diameter 7.07 mm: half-normal and patient-level geometric shapes (48 scenarios),1,AP,A2,mean across views,mae_mm,48,48,0.03563540963,0.2689245411,0.02710687446,0.2370165713,1.23832865,0.003367495766,geom_ind00_sd707_r2_halfnormal @ anchor 0.03,2.57279218,0.006766947413,geom_mid15_sd707_r1_patient @ anchor 0.25,0.006808368472,,,,,
sd707_all,all,SD of the 3D maximal diameter 7.07 mm: half-normal and patient-level geometric shapes (48 scenarios),1,AP,A2,mean across views,sd_err_mm,48,48,0.03563540963,0.2689245411,0.02710687446,0.2370165713,1.629040193,0.003642662822,geom_ind15_sd707_r2_halfnormal @ anchor 0.06,2.46150376,0.005504117255,geom_ind00_sd707_r1_patient @ anchor 0.25,0.005504117255,1.643211904,2.554912951,0.01417171139,0,False
sd707_all,all,SD of the 3D maximal diameter 7.07 mm: half-normal and patient-level geometric shapes (48 scenarios),1,AP,A3,largest view mean,bias_mm,48,48,0.03563540963,0.2689245411,0.02710687446,0.2370165713,-0.4407166444,0.007282745229,geom_ind00_sd707_r1_patient @ anchor 0.25,1.208663689,0.00645547338,geom_ind00_sd707_r2_patient @ anchor 0.03,0.007282745229,-0.7675215473,0.919777008,0,0.288886681,False
sd707_all,all,SD of the 3D maximal diameter 7.07 mm: half-normal and patient-level geometric shapes (48 scenarios),1,AP,A3,largest view mean,rmse_mm,48,48,0.03563540963,0.2689245411,0.02710687446,0.2370165713,1.982855509,0.007855848501,geom_mid15_sd707_r1_halfnormal @ anchor 0.06,2.372370101,0.009540005782,geom_ind00_sd707_r2_patient @ anchor 0.03,0.009540005782,1.961960353,2.438468169,0,0,True
sd707_all,all,SD of the 3D maximal diameter 7.07 mm: half-normal and patient-level geometric shapes (48 scenarios),1,AP,A3,largest view mean,mae_mm,48,48,0.03563540963,0.2689245411,0.02710687446,0.2370165713,1.465710435,0.004223063728,geom_mid15_sd707_r1_halfnormal @ anchor 0.06,1.737857682,0.004977842288,geom_ind00_sd707_r1_patient @ anchor 0.25,0.005146316674,,,,,
sd707_all,all,SD of the 3D maximal diameter 7.07 mm: half-normal and patient-level geometric shapes (48 scenarios),1,AP,A3,largest view mean,sd_err_mm,48,48,0.03563540963,0.2689245411,0.02710687446,0.2370165713,1.954811474,0.004371113195,geom_mid15_sd707_r1_halfnormal @ anchor 0.03,2.303006254,0.005149704286,geom_ind00_sd707_r1_patient @ anchor 0.25,0.005149704286,1.95011314,2.314539102,0,0,True
sd707_all,all,SD of the 3D maximal diameter 7.07 mm: half-normal and patient-level geometric shapes (48 scenarios),1,AP,A4,largest view mean after review,bias_mm,48,48,0.03563540963,0.2689245411,0.02710687446,0.2370165713,-0.6760845325,0.006925020121,geom_mid15_sd707_r1_halfnormal @ anchor 0.25,1.011733781,0.005955681812,geom_ind00_sd707_r2_patient @ anchor 0.03,0.007079406354,-0.9722003196,0.7626407532,0,0.2490930278,False
sd707_all,all,SD of the 3D maximal diameter 7.07 mm: half-normal and patient-level geometric shapes (48 scenarios),1,AP,A4,largest view mean after review,rmse_mm,48,48,0.03563540963,0.2689245411,0.02710687446,0.2370165713,1.901746451,0.006588390905,geom_mid15_sd707_r1_halfnormal @ anchor 0.06,2.328402648,0.007968639719,geom_ind00_sd707_r1_patient @ anchor 0.25,0.008078822671,1.906027253,2.50892998,0.00428080241,0,False
sd707_all,all,SD of the 3D maximal diameter 7.07 mm: half-normal and patient-level geometric shapes (48 scenarios),1,AP,A4,largest view mean after review,mae_mm,48,48,0.03563540963,0.2689245411,0.02710687446,0.2370165713,1.426595248,0.003979409202,geom_ind00_sd707_r1_halfnormal @ anchor 0.06,1.726708762,0.004939595269,geom_ind00_sd707_r1_patient @ anchor 0.25,0.004939595269,,,,,
sd707_all,all,SD of the 3D maximal diameter 7.07 mm: half-normal and patient-level geometric shapes (48 scenarios),1,AP,A4,largest view mean after review,sd_err_mm,48,48,0.03563540963,0.2689245411,0.02710687446,0.2370165713,1.85825945,0.004155215227,geom_ind15_sd707_r2_halfnormal @ anchor 0.06,2.238704856,0.005005921269,geom_mid15_sd707_r1_patient @ anchor 0.25,0.005005921269,1.864172557,2.312922324,0.005913106662,0,False
sd707_all,all,SD of the 3D maximal diameter 7.07 mm: half-normal and patient-level geometric shapes (48 scenarios),1,SL,A1,anchor-view mean,bias_mm,48,48,0.009523159425,0.1717927298,0.007189187748,0.3364775003,-1.230173624,0.005798567499,geom_ind15_sd707_r1_halfnormal @ anchor 0.25,0.004586482366,0.004498965221,geom_ind15_sd707_r1_halfnormal @ anchor 0.03,0.005798567499,-1.236776292,0.009007702171,0,0,True
sd707_all,all,SD of the 3D maximal diameter 7.07 mm: half-normal and patient-level geometric shapes (48 scenarios),1,SL,A1,anchor-view mean,rmse_mm,48,48,0.009523159425,0.1717927298,0.007189187748,0.3364775003,1.422698001,0.004236165163,geom_ind15_sd707_r1_halfnormal @ anchor 0.03,2.208083338,0.006825764544,geom_ind15_sd707_r1_halfnormal @ anchor 0.25,0.006825764544,1.42503257,2.217793129,0.002334569087,0,False
sd707_all,all,SD of the 3D maximal diameter 7.07 mm: half-normal and patient-level geometric shapes (48 scenarios),1,SL,A1,anchor-view mean,mae_mm,48,48,0.009523159425,0.1717927298,0.007189187748,0.3364775003,1.097165467,0.00286409801,geom_ind15_sd707_r1_halfnormal @ anchor 0.03,1.674901109,0.004550119784,geom_ind15_sd707_r1_halfnormal @ anchor 0.25,0.004550119784,,,,,
sd707_all,all,SD of the 3D maximal diameter 7.07 mm: half-normal and patient-level geometric shapes (48 scenarios),1,SL,A1,anchor-view mean,sd_err_mm,48,48,0.009523159425,0.1717927298,0.007189187748,0.3364775003,1.422697721,0.003181264722,geom_ind15_sd707_r1_halfnormal @ anchor 0.03,1.833668046,0.004100226901,geom_ind15_sd707_r1_halfnormal @ anchor 0.25,0.004100226901,1.425011226,1.842299872,0.002313504808,0,False
sd707_all,all,SD of the 3D maximal diameter 7.07 mm: half-normal and patient-level geometric shapes (48 scenarios),1,SL,A2,mean across views,bias_mm,48,48,0.009523159425,0.1717927298,0.007189187748,0.3364775003,-1.019977358,0.004894847394,geom_mid15_sd707_r2_patient @ anchor 0.25,0.1550882225,0.003904751819,geom_mid15_sd707_r1_halfnormal @ anchor 0.03,0.005879747319,-2.025949956,-0.1768472898,0,0.3319355123,False
sd707_all,all,SD of the 3D maximal diameter 7.07 mm: half-normal and patient-level geometric shapes (48 scenarios),1,SL,A2,mean across views,rmse_mm,48,48,0.009523159425,0.1717927298,0.007189187748,0.3364775003,1.227184055,0.003515172955,geom_ind00_sd707_r1_halfnormal @ anchor 0.06,1.878545765,0.01275123382,geom_mid15_sd707_r1_patient @ anchor 0.25,0.01357449276,1.247666501,2.703301227,0.02048244559,0,False
sd707_all,all,SD of the 3D maximal diameter 7.07 mm: half-normal and patient-level geometric shapes (48 scenarios),1,SL,A2,mean across views,mae_mm,48,48,0.009523159425,0.1717927298,0.007189187748,0.3364775003,0.9479655646,0.002464443277,geom_ind00_sd707_r1_halfnormal @ anchor 0.06,1.407162599,0.003816006992,geom_mid15_sd707_r2_patient @ anchor 0.25,0.004069072605,,,,,
sd707_all,all,SD of the 3D maximal diameter 7.07 mm: half-normal and patient-level geometric shapes (48 scenarios),1,SL,A2,mean across views,sd_err_mm,48,48,0.009523159425,0.1717927298,0.007189187748,0.3364775003,1.227032532,0.002743741871,geom_ind00_sd707_r1_halfnormal @ anchor 0.06,1.859339359,0.004157629989,geom_mid15_sd707_r1_patient @ anchor 0.25,0.004157629989,1.232075416,1.789803434,0.00504288407,0.06953592521,False
sd707_all,all,SD of the 3D maximal diameter 7.07 mm: half-normal and patient-level geometric shapes (48 scenarios),1,SL,A3,largest view mean,bias_mm,48,48,0.009523159425,0.1717927298,0.007189187748,0.3364775003,0.0679173866,0.004773301548,geom_mid15_sd707_r2_halfnormal @ anchor 0.25,1.771726581,0.008724277313,geom_mid15_sd707_r1_patient @ anchor 0.03,0.009059711779,-0.437901431,0.6850496269,0,1.086676954,False
sd707_all,all,SD of the 3D maximal diameter 7.07 mm: half-normal and patient-level geometric shapes (48 scenarios),1,SL,A3,largest view mean,rmse_mm,48,48,0.009523159425,0.1717927298,0.007189187748,0.3364775003,1.48055088,0.005197238848,geom_mid15_sd707_r2_halfnormal @ anchor 0.125,3.279999837,0.05179186734,geom_mid15_sd707_r1_patient @ anchor 0.25,0.05194602278,1.446643337,1.709409901,0,1.570589936,False
sd707_all,all,SD of the 3D maximal diameter 7.07 mm: half-normal and patient-level geometric shapes (48 scenarios),1,SL,A3,largest view mean,mae_mm,48,48,0.009523159425,0.1717927298,0.007189187748,0.3364775003,1.117258785,0.003072089118,geom_mid15_sd707_r2_halfnormal @ anchor 0.125,2.08414383,0.008004154539,geom_mid15_sd707_r1_patient @ anchor 0.03,0.008010543549,,,,,
sd707_all,all,SD of the 3D maximal diameter 7.07 mm: half-normal and patient-level geometric shapes (48 scenarios),1,SL,A3,largest view mean,sd_err_mm,48,48,0.009523159425,0.1717927298,0.007189187748,0.3364775003,1.430818258,0.003199422885,geom_mid15_sd707_r2_halfnormal @ anchor 0.03,2.864932417,0.006406215666,geom_mid15_sd707_r1_patient @ anchor 0.25,0.006406215666,1.425522315,1.652377635,0,1.212554782,False
sd707_all,all,SD of the 3D maximal diameter 7.07 mm: half-normal and patient-level geometric shapes (48 scenarios),1,SL,A4,largest view mean after review,bias_mm,48,48,0.009523159425,0.1717927298,0.007189187748,0.3364775003,-0.064521176,0.004729544529,geom_mid15_sd707_r2_halfnormal @ anchor 0.25,1.5399059,0.008087142753,geom_mid15_sd707_r1_patient @ anchor 0.03,0.008633441625,-0.5248314744,0.6248478046,0,0.9150580954,False
sd707_all,all,SD of the 3D maximal diameter 7.07 mm: half-normal and patient-level geometric shapes (48 scenarios),1,SL,A4,largest view mean after review,rmse_mm,48,48,0.009523159425,0.1717927298,0.007189187748,0.3364775003,1.428952797,0.004516986736,geom_mid15_sd707_r2_halfnormal @ anchor 0.125,2.991617615,0.05542529015,geom_mid15_sd707_r1_patient @ anchor 0.25,0.05590276079,1.42004453,1.729219088,0,1.262398527,False
sd707_all,all,SD of the 3D maximal diameter 7.07 mm: half-normal and patient-level geometric shapes (48 scenarios),1,SL,A4,largest view mean after review,mae_mm,48,48,0.009523159425,0.1717927298,0.007189187748,0.3364775003,1.092025947,0.002914436345,geom_mid15_sd707_r2_halfnormal @ anchor 0.125,1.894091355,0.00729650858,geom_mid15_sd707_r1_patient @ anchor 0.03,0.007330545123,,,,,
sd707_all,all,SD of the 3D maximal diameter 7.07 mm: half-normal and patient-level geometric shapes (48 scenarios),1,SL,A4,largest view mean after review,sd_err_mm,48,48,0.009523159425,0.1717927298,0.007189187748,0.3364775003,1.380355552,0.00308658428,geom_ind00_sd707_r1_halfnormal @ anchor 0.06,2.730133958,0.006104795642,geom_mid15_sd707_r1_patient @ anchor 0.25,0.006104795642,1.375939933,1.647658255,0,1.082475703,False
patient_geometry_reading1,ind15,"patient-level geometric shape, reading 1, variant ind15",1,AP,A1,anchor-view mean,bias_mm,4,4,0.2946082255,0.2946082255,0.1898603394,0.1898603394,-1.922372538,0.008208963819,geom_ind15_r1_patient @ anchor 0.25,0.005634553169,0.006040821831,geom_ind15_r1_patient @ anchor 0.03,0.008208963819,-1.92746491,0.01615579299,0,0,True
patient_geometry_reading1,ind15,"patient-level geometric shape, reading 1, variant ind15",1,AP,A1,anchor-view mean,rmse_mm,4,4,0.2946082255,0.2946082255,0.1898603394,0.1898603394,1.910274351,0.006598195709,geom_ind15_r1_patient @ anchor 0.03,3.230194651,0.01000764628,geom_ind15_r1_patient @ anchor 0.25,0.01000764628,1.900583197,3.232934252,0,0,True
patient_geometry_reading1,ind15,"patient-level geometric shape, reading 1, variant ind15",1,AP,A1,anchor-view mean,mae_mm,4,4,0.2946082255,0.2946082255,0.1898603394,0.1898603394,1.438060053,0.003976364159,geom_ind15_r1_patient @ anchor 0.03,2.443757978,0.006680006776,geom_ind15_r1_patient @ anchor 0.25,0.006680006776,,,,,
patient_geometry_reading1,ind15,"patient-level geometric shape, reading 1, variant ind15",1,AP,A1,anchor-view mean,sd_err_mm,4,4,0.2946082255,0.2946082255,0.1898603394,0.1898603394,1.910275593,0.004271527438,geom_ind15_r1_patient @ anchor 0.03,2.59590229,0.005804643006,geom_ind15_r1_patient @ anchor 0.25,0.005804643006,1.900586393,2.596147514,0,0,True
patient_geometry_reading1,ind15,"patient-level geometric shape, reading 1, variant ind15",1,AP,A2,mean across views,bias_mm,4,4,0.2946082255,0.2946082255,0.1898603394,0.1898603394,-2.499432347,0.007129460985,geom_ind15_r1_patient @ anchor 0.25,-1.856763317,0.006589211698,geom_ind15_r1_patient @ anchor 0.03,0.007129460985,-3.160932123,-0.2750493415,0,0,True
patient_geometry_reading1,ind15,"patient-level geometric shape, reading 1, variant ind15",1,AP,A2,mean across views,rmse_mm,4,4,0.2946082255,0.2946082255,0.1898603394,0.1898603394,2.790931328,0.007706134199,geom_ind15_r1_patient @ anchor 0.03,3.366011382,0.00879841929,geom_ind15_r1_patient @ anchor 0.25,0.00879841929,1.672772226,4.064358104,0,0,True
patient_geometry_reading1,ind15,"patient-level geometric shape, reading 1, variant ind15",1,AP,A2,mean across views,mae_mm,4,4,0.2946082255,0.2946082255,0.1898603394,0.1898603394,2.165648087,0.005567133045,geom_ind15_r1_patient @ anchor 0.03,2.670800106,0.006478349625,geom_ind15_r1_patient @ anchor 0.25,0.006478349625,,,,,
patient_geometry_reading1,ind15,"patient-level geometric shape, reading 1, variant ind15",1,AP,A2,mean across views,sd_err_mm,4,4,0.2946082255,0.2946082255,0.1898603394,0.1898603394,2.083691695,0.004659299571,geom_ind15_r1_patient @ anchor 0.03,2.25453352,0.005041315415,geom_ind15_r1_patient @ anchor 0.25,0.005041315415,1.643211904,2.554912951,0,0,True
patient_geometry_reading1,ind15,"patient-level geometric shape, reading 1, variant ind15",1,AP,A3,largest view mean,bias_mm,4,4,0.2946082255,0.2946082255,0.1898603394,0.1898603394,-0.6713885627,0.00703884547,geom_ind15_r1_patient @ anchor 0.25,0.3308757585,0.006126064698,geom_ind15_r1_patient @ anchor 0.03,0.00703884547,-0.7675215473,0.919777008,0,0,True
patient_geometry_reading1,ind15,"patient-level geometric shape, reading 1, variant ind15",1,AP,A3,largest view mean,rmse_mm,4,4,0.2946082255,0.2946082255,0.1898603394,0.1898603394,1.952901857,0.007443862303,geom_ind15_r1_patient @ anchor 0.06,2.32491884,0.007858946933,geom_ind15_r1_patient @ anchor 0.25,0.007858946933,1.961960353,2.438468169,0.009058496364,0,False
patient_geometry_reading1,ind15,"patient-level geometric shape, reading 1, variant ind15",1,AP,A3,largest view mean,mae_mm,4,4,0.2946082255,0.2946082255,0.1898603394,0.1898603394,1.452541789,0.004127911158,geom_ind15_r1_patient @ anchor 0.06,1.739842053,0.004876700756,geom_ind15_r1_patient @ anchor 0.25,0.004876700756,,,,,
patient_geometry_reading1,ind15,"patient-level geometric shape, reading 1, variant ind15",1,AP,A3,largest view mean,sd_err_mm,4,4,0.2946082255,0.2946082255,0.1898603394,0.1898603394,1.937231754,0.004331803549,geom_ind15_r1_patient @ anchor 0.03,2.225878378,0.00497724025,geom_ind15_r1_patient @ anchor 0.25,0.00497724025,1.95011314,2.314539102,0.0128813858,0,False
patient_geometry_reading1,ind15,"patient-level geometric shape, reading 1, variant ind15",1,AP,A4,largest view mean after review,bias_mm,4,4,0.2946082255,0.2946082255,0.1898603394,0.1898603394,-0.8739918305,0.006979384875,geom_ind15_r1_patient @ anchor 0.25,0.2749428501,0.005969877091,geom_ind15_r1_patient @ anchor 0.03,0.006979384875,-0.9722003196,0.7626407532,0,0,True
patient_geometry_reading1,ind15,"patient-level geometric shape, reading 1, variant ind15",1,AP,A4,largest view mean after review,rmse_mm,4,4,0.2946082255,0.2946082255,0.1898603394,0.1898603394,1.894281203,0.006482072576,geom_ind15_r1_patient @ anchor 0.06,2.3738143,0.007840904112,geom_ind15_r1_patient @ anchor 0.25,0.007840904112,1.906027253,2.50892998,0.01174605041,0,False
patient_geometry_reading1,ind15,"patient-level geometric shape, reading 1, variant ind15",1,AP,A4,largest view mean after review,mae_mm,4,4,0.2946082255,0.2946082255,0.1898603394,0.1898603394,1.424131021,0.003949895839,geom_ind15_r1_patient @ anchor 0.06,1.771935997,0.00499525986,geom_ind15_r1_patient @ anchor 0.25,0.00499525986,,,,,
patient_geometry_reading1,ind15,"patient-level geometric shape, reading 1, variant ind15",1,AP,A4,largest view mean after review,sd_err_mm,4,4,0.2946082255,0.2946082255,0.1898603394,0.1898603394,1.887840896,0.004221361681,geom_ind15_r1_patient @ anchor 0.03,2.207075287,0.004935195049,geom_ind15_r1_patient @ anchor 0.25,0.004935195049,1.864172557,2.312922324,0,0,True
patient_geometry_reading1,ind15,"patient-level geometric shape, reading 1, variant ind15",1,SL,A1,anchor-view mean,bias_mm,4,4,0.0243995245,0.0243995245,0.2529129938,0.2529129938,-1.230173624,0.005798567499,geom_ind15_r1_patient @ anchor 0.25,0.004586482366,0.004498965221,geom_ind15_r1_patient @ anchor 0.03,0.005798567499,-1.236776292,0.009007702171,0,0,True
patient_geometry_reading1,ind15,"patient-level geometric shape, reading 1, variant ind15",1,SL,A1,anchor-view mean,rmse_mm,4,4,0.0243995245,0.0243995245,0.2529129938,0.2529129938,1.422698001,0.004236165163,geom_ind15_r1_patient @ anchor 0.03,2.208083338,0.006825764544,geom_ind15_r1_patient @ anchor 0.25,0.006825764544,1.42503257,2.217793129,0.002334569087,0,False
patient_geometry_reading1,ind15,"patient-level geometric shape, reading 1, variant ind15",1,SL,A1,anchor-view mean,mae_mm,4,4,0.0243995245,0.0243995245,0.2529129938,0.2529129938,1.097165467,0.00286409801,geom_ind15_r1_patient @ anchor 0.03,1.674901109,0.004550119784,geom_ind15_r1_patient @ anchor 0.25,0.004550119784,,,,,
patient_geometry_reading1,ind15,"patient-level geometric shape, reading 1, variant ind15",1,SL,A1,anchor-view mean,sd_err_mm,4,4,0.0243995245,0.0243995245,0.2529129938,0.2529129938,1.422697721,0.003181264722,geom_ind15_r1_patient @ anchor 0.03,1.833668046,0.004100226901,geom_ind15_r1_patient @ anchor 0.25,0.004100226901,1.425011226,1.842299872,0.002313504808,0,False
patient_geometry_reading1,ind15,"patient-level geometric shape, reading 1, variant ind15",1,SL,A2,mean across views,bias_mm,4,4,0.0243995245,0.0243995245,0.2529129938,0.2529129938,-0.3307141816,0.005098072445,geom_ind15_r1_patient @ anchor 0.25,0.0808725205,0.004944297432,geom_ind15_r1_patient @ anchor 0.03,0.005098072445,-2.025949956,-0.1768472898,0,0.2577198103,False
patient_geometry_reading1,ind15,"patient-level geometric shape, reading 1, variant ind15",1,SL,A2,mean across views,rmse_mm,4,4,0.0243995245,0.0243995245,0.2529129938,0.2529129938,1.56461935,0.005265321935,geom_ind15_r1_patient @ anchor 0.06,1.645715694,0.005473497526,geom_ind15_r1_patient @ anchor 0.25,0.005473497526,1.247666501,2.703301227,0,0,True
patient_geometry_reading1,ind15,"patient-level geometric shape, reading 1, variant ind15",1,SL,A2,mean across views,mae_mm,4,4,0.0243995245,0.0243995245,0.2529129938,0.2529129938,1.17735132,0.003258662605,geom_ind15_r1_patient @ anchor 0.06,1.235731448,0.003437091426,geom_ind15_r1_patient @ anchor 0.25,0.003437091426,,,,,
patient_geometry_reading1,ind15,"patient-level geometric shape, reading 1, variant ind15",1,SL,A2,mean across views,sd_err_mm,4,4,0.0243995245,0.0243995245,0.2529129938,0.2529129938,1.563524132,0.003496163723,geom_ind15_r1_patient @ anchor 0.03,1.61215206,0.003604899621,geom_ind15_r1_patient @ anchor 0.25,0.003604899621,1.232075416,1.789803434,0,0,True
patient_geometry_reading1,ind15,"patient-level geometric shape, reading 1, variant ind15",1,SL,A3,largest view mean,bias_mm,4,4,0.0243995245,0.0243995245,0.2529129938,0.2529129938,1.292261742,0.006644925298,geom_ind15_r1_patient @ anchor 0.25,1.453272983,0.006340210223,geom_ind15_r1_patient @ anchor 0.03,0.006644925298,-0.437901431,0.6850496269,0,0.7682233561,False
patient_geometry_reading1,ind15,"patient-level geometric shape, reading 1, variant ind15",1,SL,A3,largest view mean,rmse_mm,4,4,0.0243995245,0.0243995245,0.2529129938,0.2529129938,2.460864702,0.01220368963,geom_ind15_r1_patient @ anchor 0.125,2.476244885,0.01214912535,geom_ind15_r1_patient @ anchor 0.03,0.01220368963,1.446643337,1.709409901,0,0.7668349839,False
patient_geometry_reading1,ind15,"patient-level geometric shape, reading 1, variant ind15",1,SL,A3,largest view mean,mae_mm,4,4,0.0243995245,0.0243995245,0.2529129938,0.2529129938,1.749761384,0.00547194675,geom_ind15_r1_patient @ anchor 0.125,1.768152384,0.005482203876,geom_ind15_r1_patient @ anchor 0.03,0.005482203876,,,,,
patient_geometry_reading1,ind15,"patient-level geometric shape, reading 1, variant ind15",1,SL,A3,largest view mean,sd_err_mm,4,4,0.0243995245,0.0243995245,0.2529129938,0.2529129938,2.004950515,0.004483228059,geom_ind15_r1_patient @ anchor 0.03,2.101309882,0.004698695232,geom_ind15_r1_patient @ anchor 0.25,0.004698695232,1.425522315,1.652377635,0,0.4489322465,False
patient_geometry_reading1,ind15,"patient-level geometric shape, reading 1, variant ind15",1,SL,A4,largest view mean after review,bias_mm,4,4,0.0243995245,0.0243995245,0.2529129938,0.2529129938,0.9776305125,0.006413119255,geom_ind15_r1_patient @ anchor 0.25,1.281051229,0.005887671778,geom_ind15_r1_patient @ anchor 0.03,0.006413119255,-0.5248314744,0.6248478046,0,0.6562034244,False
patient_geometry_reading1,ind15,"patient-level geometric shape, reading 1, variant ind15",1,SL,A4,largest view mean after review,rmse_mm,4,4,0.0243995245,0.0243995245,0.2529129938,0.2529129938,2.227405234,0.01157920067,geom_ind15_r1_patient @ anchor 0.125,2.259983514,0.0114570191,geom_ind15_r1_patient @ anchor 0.03,0.01157920067,1.42004453,1.729219088,0,0.5307644259,False
patient_geometry_reading1,ind15,"patient-level geometric shape, reading 1, variant ind15",1,SL,A4,largest view mean after review,mae_mm,4,4,0.0243995245,0.0243995245,0.2529129938,0.2529129938,1.599944288,0.004900547282,geom_ind15_r1_patient @ anchor 0.125,1.634210926,0.004936501294,geom_ind15_r1_patient @ anchor 0.03,0.004965251579,,,,,
patient_geometry_reading1,ind15,"patient-level geometric shape, reading 1, variant ind15",1,SL,A4,largest view mean after review,sd_err_mm,4,4,0.0243995245,0.0243995245,0.2529129938,0.2529129938,1.861845293,0.004163233456,geom_ind15_r1_patient @ anchor 0.03,2.028006375,0.004534782788,geom_ind15_r1_patient @ anchor 0.25,0.004534782788,1.375939933,1.647658255,0,0.3803481198,False
patient_geometry_reading1,mid15,"patient-level geometric shape, reading 1, variant mid15",1,AP,A1,anchor-view mean,bias_mm,4,4,0.2988511265,0.2988511265,0.2307400691,0.2307400691,-1.922372538,0.008208963819,geom_mid15_r1_patient @ anchor 0.25,0.005634553169,0.006040821831,geom_mid15_r1_patient @ anchor 0.03,0.008208963819,-1.92746491,0.01615579299,0,0,True
patient_geometry_reading1,mid15,"patient-level geometric shape, reading 1, variant mid15",1,AP,A1,anchor-view mean,rmse_mm,4,4,0.2988511265,0.2988511265,0.2307400691,0.2307400691,1.910274351,0.006598195709,geom_mid15_r1_patient @ anchor 0.03,3.230194651,0.01000764628,geom_mid15_r1_patient @ anchor 0.25,0.01000764628,1.900583197,3.232934252,0,0,True
patient_geometry_reading1,mid15,"patient-level geometric shape, reading 1, variant mid15",1,AP,A1,anchor-view mean,mae_mm,4,4,0.2988511265,0.2988511265,0.2307400691,0.2307400691,1.438060053,0.003976364159,geom_mid15_r1_patient @ anchor 0.03,2.443757978,0.006680006776,geom_mid15_r1_patient @ anchor 0.25,0.006680006776,,,,,
patient_geometry_reading1,mid15,"patient-level geometric shape, reading 1, variant mid15",1,AP,A1,anchor-view mean,sd_err_mm,4,4,0.2988511265,0.2988511265,0.2307400691,0.2307400691,1.910275593,0.004271527438,geom_mid15_r1_patient @ anchor 0.03,2.59590229,0.005804643006,geom_mid15_r1_patient @ anchor 0.25,0.005804643006,1.900586393,2.596147514,0,0,True
patient_geometry_reading1,mid15,"patient-level geometric shape, reading 1, variant mid15",1,AP,A2,mean across views,bias_mm,4,4,0.2988511265,0.2988511265,0.2307400691,0.2307400691,-2.531588226,0.007416556152,geom_mid15_r1_patient @ anchor 0.25,-1.888919196,0.006850039891,geom_mid15_r1_patient @ anchor 0.03,0.007416556152,-3.160932123,-0.2750493415,0,0,True
patient_geometry_reading1,mid15,"patient-level geometric shape, reading 1, variant mid15",1,AP,A2,mean across views,rmse_mm,4,4,0.2988511265,0.2988511265,0.2307400691,0.2307400691,2.874069146,0.008034402883,geom_mid15_r1_patient @ anchor 0.03,3.45100195,0.009212851522,geom_mid15_r1_patient @ anchor 0.25,0.009212851522,1.672772226,4.064358104,0,0,True
patient_geometry_reading1,mid15,"patient-level geometric shape, reading 1, variant mid15",1,AP,A2,mean across views,mae_mm,4,4,0.2988511265,0.2988511265,0.2307400691,0.2307400691,2.22380543,0.00575760021,geom_mid15_r1_patient @ anchor 0.03,2.722366039,0.006706849176,geom_mid15_r1_patient @ anchor 0.25,0.006706849176,,,,,
patient_geometry_reading1,mid15,"patient-level geometric shape, reading 1, variant mid15",1,AP,A2,mean across views,sd_err_mm,4,4,0.2988511265,0.2988511265,0.2307400691,0.2307400691,2.166172812,0.004843733877,geom_mid15_r1_patient @ anchor 0.03,2.345320983,0.005244323369,geom_mid15_r1_patient @ anchor 0.25,0.005244323369,1.643211904,2.554912951,0,0,True
patient_geometry_reading1,mid15,"patient-level geometric shape, reading 1, variant mid15",1,AP,A3,largest view mean,bias_mm,4,4,0.2988511265,0.2988511265,0.2307400691,0.2307400691,-0.4891546892,0.007130682077,geom_mid15_r1_patient @ anchor 0.25,0.419575696,0.006183982805,geom_mid15_r1_patient @ anchor 0.03,0.007130682077,-0.7675215473,0.919777008,0,0,True
patient_geometry_reading1,mid15,"patient-level geometric shape, reading 1, variant mid15",1,AP,A3,largest view mean,rmse_mm,4,4,0.2988511265,0.2988511265,0.2307400691,0.2307400691,1.983225613,0.007821417558,geom_mid15_r1_patient @ anchor 0.06,2.307354362,0.008256004313,geom_mid15_r1_patient @ anchor 0.25,0.008256004313,1.961960353,2.438468169,0,0,True
patient_geometry_reading1,mid15,"patient-level geometric shape, reading 1, variant mid15",1,AP,A3,largest view mean,mae_mm,4,4,0.2988511265,0.2988511265,0.2307400691,0.2307400691,1.467548739,0.004218414782,geom_mid15_r1_patient @ anchor 0.06,1.712336828,0.004890614132,geom_mid15_r1_patient @ anchor 0.25,0.004890614132,,,,,
patient_geometry_reading1,mid15,"patient-level geometric shape, reading 1, variant mid15",1,AP,A3,largest view mean,sd_err_mm,4,4,0.2988511265,0.2988511265,0.2307400691,0.2307400691,1.955547067,0.00437275804,geom_mid15_r1_patient @ anchor 0.03,2.254919663,0.005042178862,geom_mid15_r1_patient @ anchor 0.25,0.005042178862,1.95011314,2.314539102,0,0,True
patient_geometry_reading1,mid15,"patient-level geometric shape, reading 1, variant mid15",1,AP,A4,largest view mean after review,bias_mm,4,4,0.2988511265,0.2988511265,0.2307400691,0.2307400691,-0.731455335,0.007070953146,geom_mid15_r1_patient @ anchor 0.25,0.3472219019,0.005984700565,geom_mid15_r1_patient @ anchor 0.03,0.007070953146,-0.9722003196,0.7626407532,0,0,True
patient_geometry_reading1,mid15,"patient-level geometric shape, reading 1, variant mid15",1,AP,A4,largest view mean after review,rmse_mm,4,4,0.2988511265,0.2988511265,0.2307400691,0.2307400691,1.905069348,0.006575307505,geom_mid15_r1_patient @ anchor 0.06,2.3526187,0.008118172234,geom_mid15_r1_patient @ anchor 0.25,0.008118172234,1.906027253,2.50892998,0.0009579054097,0,False
patient_geometry_reading1,mid15,"patient-level geometric shape, reading 1, variant mid15",1,AP,A4,largest view mean after review,mae_mm,4,4,0.2988511265,0.2988511265,0.2307400691,0.2307400691,1.429417546,0.003982550138,geom_mid15_r1_patient @ anchor 0.06,1.740755082,0.005004609414,geom_mid15_r1_patient @ anchor 0.25,0.005004609414,,,,,
patient_geometry_reading1,mid15,"patient-level geometric shape, reading 1, variant mid15",1,AP,A4,largest view mean after review,sd_err_mm,4,4,0.2988511265,0.2988511265,0.2307400691,0.2307400691,1.89252849,0.004231843512,geom_mid15_r1_patient @ anchor 0.03,2.236031717,0.004999943919,geom_mid15_r1_patient @ anchor 0.25,0.004999943919,1.864172557,2.312922324,0,0,True
patient_geometry_reading1,mid15,"patient-level geometric shape, reading 1, variant mid15",1,SL,A1,anchor-view mean,bias_mm,4,4,0.01539422497,0.01539422497,0.363122452,0.363122452,-1.230173624,0.005798567499,geom_mid15_r1_patient @ anchor 0.25,0.004586482366,0.004498965221,geom_mid15_r1_patient @ anchor 0.03,0.005798567499,-1.236776292,0.009007702171,0,0,True
patient_geometry_reading1,mid15,"patient-level geometric shape, reading 1, variant mid15",1,SL,A1,anchor-view mean,rmse_mm,4,4,0.01539422497,0.01539422497,0.363122452,0.363122452,1.422698001,0.004236165163,geom_mid15_r1_patient @ anchor 0.03,2.208083338,0.006825764544,geom_mid15_r1_patient @ anchor 0.25,0.006825764544,1.42503257,2.217793129,0.002334569087,0,False
patient_geometry_reading1,mid15,"patient-level geometric shape, reading 1, variant mid15",1,SL,A1,anchor-view mean,mae_mm,4,4,0.01539422497,0.01539422497,0.363122452,0.363122452,1.097165467,0.00286409801,geom_mid15_r1_patient @ anchor 0.03,1.674901109,0.004550119784,geom_mid15_r1_patient @ anchor 0.25,0.004550119784,,,,,
patient_geometry_reading1,mid15,"patient-level geometric shape, reading 1, variant mid15",1,SL,A1,anchor-view mean,sd_err_mm,4,4,0.01539422497,0.01539422497,0.363122452,0.363122452,1.422697721,0.003181264722,geom_mid15_r1_patient @ anchor 0.03,1.833668046,0.004100226901,geom_mid15_r1_patient @ anchor 0.25,0.004100226901,1.425011226,1.842299872,0.002313504808,0,False
patient_geometry_reading1,mid15,"patient-level geometric shape, reading 1, variant mid15",1,SL,A2,mean across views,bias_mm,4,4,0.01539422497,0.01539422497,0.363122452,0.363122452,-0.2913233049,0.006039705663,geom_mid15_r1_patient @ anchor 0.25,0.1202633972,0.005898610859,geom_mid15_r1_patient @ anchor 0.03,0.006039705663,-2.025949956,-0.1768472898,0,0.297110687,False
patient_geometry_reading1,mid15,"patient-level geometric shape, reading 1, variant mid15",1,SL,A2,mean across views,rmse_mm,4,4,0.01539422497,0.01539422497,0.363122452,0.363122452,1.867670113,0.00788512586,geom_mid15_r1_patient @ anchor 0.06,1.932003426,0.007689675138,geom_mid15_r1_patient @ anchor 0.25,0.00793755446,1.247666501,2.703301227,0,0,True
patient_geometry_reading1,mid15,"patient-level geometric shape, reading 1, variant mid15",1,SL,A2,mean across views,mae_mm,4,4,0.01539422497,0.01539422497,0.363122452,0.363122452,1.381038885,0.003983135651,geom_mid15_r1_patient @ anchor 0.03,1.432971322,0.004097861909,geom_mid15_r1_patient @ anchor 0.25,0.004097861909,,,,,
patient_geometry_reading1,mid15,"patient-level geometric shape, reading 1, variant mid15",1,SL,A2,mean across views,sd_err_mm,4,4,0.01539422497,0.01539422497,0.363122452,0.363122452,1.865304535,0.004170968593,geom_mid15_r1_patient @ anchor 0.03,1.909922629,0.004270738184,geom_mid15_r1_patient @ anchor 0.25,0.004270738184,1.232075416,1.789803434,0,0.1201191952,False
patient_geometry_reading1,mid15,"patient-level geometric shape, reading 1, variant mid15",1,SL,A3,largest view mean,bias_mm,4,4,0.01539422497,0.01539422497,0.363122452,0.363122452,1.767693092,0.008790627486,geom_mid15_r1_patient @ anchor 0.25,1.94922304,0.008342941192,geom_mid15_r1_patient @ anchor 0.03,0.008790627486,-0.437901431,0.6850496269,0,1.264173413,False
patient_geometry_reading1,mid15,"patient-level geometric shape, reading 1, variant mid15",1,SL,A3,largest view mean,rmse_mm,4,4,0.01539422497,0.01539422497,0.363122452,0.363122452,3.275606915,0.02108889187,geom_mid15_r1_patient @ anchor 0.06,3.294263917,0.020972924,geom_mid15_r1_patient @ anchor 0.25,0.02108889187,1.446643337,1.709409901,0,1.584854016,False
patient_geometry_reading1,mid15,"patient-level geometric shape, reading 1, variant mid15",1,SL,A3,largest view mean,mae_mm,4,4,0.01539422497,0.01539422497,0.363122452,0.363122452,2.233102843,0.00757819885,geom_mid15_r1_patient @ anchor 0.06,2.258417309,0.007584051378,geom_mid15_r1_patient @ anchor 0.25,0.007584051378,,,,,
patient_geometry_reading1,mid15,"patient-level geometric shape, reading 1, variant mid15",1,SL,A3,largest view mean,sd_err_mm,4,4,0.01539422497,0.01539422497,0.363122452,0.363122452,2.638269655,0.005899379789,geom_mid15_r1_patient @ anchor 0.03,2.779840492,0.006215943386,geom_mid15_r1_patient @ anchor 0.25,0.006215943386,1.425522315,1.652377635,0,1.127462857,False
patient_geometry_reading1,mid15,"patient-level geometric shape, reading 1, variant mid15",1,SL,A4,largest view mean after review,bias_mm,4,4,0.01539422497,0.01539422497,0.363122452,0.363122452,1.350171757,0.008390994774,geom_mid15_r1_patient @ anchor 0.25,1.68206936,0.007676813887,geom_mid15_r1_patient @ anchor 0.03,0.008390994774,-0.5248314744,0.6248478046,0,1.057221555,False
patient_geometry_reading1,mid15,"patient-level geometric shape, reading 1, variant mid15",1,SL,A4,largest view mean after review,rmse_mm,4,4,0.01539422497,0.01539422497,0.363122452,0.363122452,2.939152011,0.02018226281,geom_mid15_r1_patient @ anchor 0.125,2.977208877,0.01996699784,geom_mid15_r1_patient @ anchor 0.25,0.02018226281,1.42004453,1.729219088,0,1.247989789,False
patient_geometry_reading1,mid15,"patient-level geometric shape, reading 1, variant mid15",1,SL,A4,largest view mean after review,mae_mm,4,4,0.01539422497,0.01539422497,0.363122452,0.363122452,2.003104804,0.00680164094,geom_mid15_r1_patient @ anchor 0.125,2.040954822,0.006854431482,geom_mid15_r1_patient @ anchor 0.25,0.006854431482,,,,,
patient_geometry_reading1,mid15,"patient-level geometric shape, reading 1, variant mid15",1,SL,A4,largest view mean after review,sd_err_mm,4,4,0.01539422497,0.01539422497,0.363122452,0.363122452,2.427621706,0.005428354299,geom_mid15_r1_patient @ anchor 0.03,2.653465532,0.005933358972,geom_mid15_r1_patient @ anchor 0.25,0.005933358972,1.375939933,1.647658255,0,1.005807277,False
patient_geometry_reading1,ind00,"patient-level geometric shape, reading 1, variant ind00",1,AP,A1,anchor-view mean,bias_mm,4,4,0.2923447815,0.2923447815,0.1602778515,0.1602778515,-1.922372538,0.008208963819,geom_ind00_r1_patient @ anchor 0.25,0.005634553169,0.006040821831,geom_ind00_r1_patient @ anchor 0.03,0.008208963819,-1.92746491,0.01615579299,0,0,True
patient_geometry_reading1,ind00,"patient-level geometric shape, reading 1, variant ind00",1,AP,A1,anchor-view mean,rmse_mm,4,4,0.2923447815,0.2923447815,0.1602778515,0.1602778515,1.910274351,0.006598195709,geom_ind00_r1_patient @ anchor 0.03,3.230194651,0.01000764628,geom_ind00_r1_patient @ anchor 0.25,0.01000764628,1.900583197,3.232934252,0,0,True
patient_geometry_reading1,ind00,"patient-level geometric shape, reading 1, variant ind00",1,AP,A1,anchor-view mean,mae_mm,4,4,0.2923447815,0.2923447815,0.1602778515,0.1602778515,1.438060053,0.003976364159,geom_ind00_r1_patient @ anchor 0.03,2.443757978,0.006680006776,geom_ind00_r1_patient @ anchor 0.25,0.006680006776,,,,,
patient_geometry_reading1,ind00,"patient-level geometric shape, reading 1, variant ind00",1,AP,A1,anchor-view mean,sd_err_mm,4,4,0.2923447815,0.2923447815,0.1602778515,0.1602778515,1.910275593,0.004271527438,geom_ind00_r1_patient @ anchor 0.03,2.59590229,0.005804643006,geom_ind00_r1_patient @ anchor 0.25,0.005804643006,1.900586393,2.596147514,0,0,True
patient_geometry_reading1,ind00,"patient-level geometric shape, reading 1, variant ind00",1,AP,A2,mean across views,bias_mm,4,4,0.2923447815,0.2923447815,0.1602778515,0.1602778515,-2.48229575,0.006986545873,geom_ind00_r1_patient @ anchor 0.25,-1.83962672,0.006451800098,geom_ind00_r1_patient @ anchor 0.03,0.006986545873,-3.160932123,-0.2750493415,0,0,True
patient_geometry_reading1,ind00,"patient-level geometric shape, reading 1, variant ind00",1,AP,A2,mean across views,rmse_mm,4,4,0.2923447815,0.2923447815,0.1602778515,0.1602778515,2.747136198,0.007499230891,geom_ind00_r1_patient @ anchor 0.03,3.323089782,0.008543464463,geom_ind00_r1_patient @ anchor 0.25,0.008543464463,1.672772226,4.064358104,0,0,True
patient_geometry_reading1,ind00,"patient-level geometric shape, reading 1, variant ind00",1,AP,A2,mean across views,mae_mm,4,4,0.2923447815,0.2923447815,0.1602778515,0.1602778515,2.137697355,0.005456223126,geom_ind00_r1_patient @ anchor 0.03,2.645733224,0.006358507562,geom_ind00_r1_patient @ anchor 0.25,0.006358507562,,,,,
patient_geometry_reading1,ind00,"patient-level geometric shape, reading 1, variant ind00",1,AP,A2,mean across views,sd_err_mm,4,4,0.2923447815,0.2923447815,0.1602778515,0.1602778515,2.040238332,0.004562134411,geom_ind00_r1_patient @ anchor 0.03,2.209339793,0.004940258665,geom_ind00_r1_patient @ anchor 0.25,0.004940258665,1.643211904,2.554912951,0,0,True
patient_geometry_reading1,ind00,"patient-level geometric shape, reading 1, variant ind00",1,AP,A3,largest view mean,bias_mm,4,4,0.2923447815,0.2923447815,0.1602778515,0.1602778515,-0.8378756764,0.006960796837,geom_ind00_r1_patient @ anchor 0.25,0.254886136,0.006080947388,geom_ind00_r1_patient @ anchor 0.03,0.006960796837,-0.7675215473,0.919777008,0.07035412909,0,False
patient_geometry_reading1,ind00,"patient-level geometric shape, reading 1, variant ind00",1,AP,A3,largest view mean,rmse_mm,4,4,0.2923447815,0.2923447815,0.1602778515,0.1602778515,1.931363617,0.007303701314,geom_ind00_r1_patient @ anchor 0.06,2.355261441,0.007736089756,geom_ind00_r1_patient @ anchor 0.25,0.007736089756,1.961960353,2.438468169,0.03059673636,0,False
patient_geometry_reading1,ind00,"patient-level geometric shape, reading 1, variant ind00",1,AP,A3,largest view mean,mae_mm,4,4,0.2923447815,0.2923447815,0.1602778515,0.1602778515,1.440403855,0.004108498134,geom_ind00_r1_patient @ anchor 0.03,1.772979575,0.004902880705,geom_ind00_r1_patient @ anchor 0.25,0.004902880705,,,,,
patient_geometry_reading1,ind00,"patient-level geometric shape, reading 1, variant ind00",1,AP,A3,largest view mean,sd_err_mm,4,4,0.2923447815,0.2923447815,0.1602778515,0.1602778515,1.922964408,0.004299900634,geom_ind00_r1_patient @ anchor 0.03,2.201197234,0.004922051256,geom_ind00_r1_patient @ anchor 0.25,0.004922051256,1.95011314,2.314539102,0.0271487318,0,False
patient_geometry_reading1,ind00,"patient-level geometric shape, reading 1, variant ind00",1,AP,A4,largest view mean after review,bias_mm,4,4,0.2923447815,0.2923447815,0.1602778515,0.1602778515,-1.007370374,0.006897955556,geom_ind00_r1_patient @ anchor 0.25,0.2109032579,0.005958923594,geom_ind00_r1_patient @ anchor 0.03,0.006897955556,-0.9722003196,0.7626407532,0.03517005442,0,False
patient_geometry_reading1,ind00,"patient-level geometric shape, reading 1, variant ind00",1,AP,A4,largest view mean after review,rmse_mm,4,4,0.2923447815,0.2923447815,0.1602778515,0.1602778515,1.887215419,0.006485352076,geom_ind00_r1_patient @ anchor 0.06,2.402691527,0.00777339015,geom_ind00_r1_patient @ anchor 0.25,0.00777339015,1.906027253,2.50892998,0.01881183441,0,False
patient_geometry_reading1,ind00,"patient-level geometric shape, reading 1, variant ind00",1,AP,A4,largest view mean after review,mae_mm,4,4,0.2923447815,0.2923447815,0.1602778515,0.1602778515,1.418635779,0.00397845456,geom_ind00_r1_patient @ anchor 0.03,1.802324603,0.005024517733,geom_ind00_r1_patient @ anchor 0.25,0.005024517733,,,,,
patient_geometry_reading1,ind00,"patient-level geometric shape, reading 1, variant ind00",1,AP,A4,largest view mean after review,sd_err_mm,4,4,0.2923447815,0.2923447815,0.1602778515,0.1602778515,1.884377096,0.00421361635,geom_ind00_r1_patient @ anchor 0.03,2.181325076,0.004877615538,geom_ind00_r1_patient @ anchor 0.25,0.004877615538,1.864172557,2.312922324,0,0,True
patient_geometry_reading1,ind00,"patient-level geometric shape, reading 1, variant ind00",1,SL,A1,anchor-view mean,bias_mm,4,4,0.02719982777,0.02719982777,0.1925023027,0.1925023027,-1.230173624,0.005798567499,geom_ind00_r1_patient @ anchor 0.25,0.004586482366,0.004498965221,geom_ind00_r1_patient @ anchor 0.03,0.005798567499,-1.236776292,0.009007702171,0,0,True
patient_geometry_reading1,ind00,"patient-level geometric shape, reading 1, variant ind00",1,SL,A1,anchor-view mean,rmse_mm,4,4,0.02719982777,0.02719982777,0.1925023027,0.1925023027,1.422698001,0.004236165163,geom_ind00_r1_patient @ anchor 0.03,2.208083338,0.006825764544,geom_ind00_r1_patient @ anchor 0.25,0.006825764544,1.42503257,2.217793129,0.002334569087,0,False
patient_geometry_reading1,ind00,"patient-level geometric shape, reading 1, variant ind00",1,SL,A1,anchor-view mean,mae_mm,4,4,0.02719982777,0.02719982777,0.1925023027,0.1925023027,1.097165467,0.00286409801,geom_ind00_r1_patient @ anchor 0.03,1.674901109,0.004550119784,geom_ind00_r1_patient @ anchor 0.25,0.004550119784,,,,,
patient_geometry_reading1,ind00,"patient-level geometric shape, reading 1, variant ind00",1,SL,A1,anchor-view mean,sd_err_mm,4,4,0.02719982777,0.02719982777,0.1925023027,0.1925023027,1.422697721,0.003181264722,geom_ind00_r1_patient @ anchor 0.03,1.833668046,0.004100226901,geom_ind00_r1_patient @ anchor 0.25,0.004100226901,1.425011226,1.842299872,0.002313504808,0,False
patient_geometry_reading1,ind00,"patient-level geometric shape, reading 1, variant ind00",1,SL,A2,mean across views,bias_mm,4,4,0.02719982777,0.02719982777,0.1925023027,0.1925023027,-0.3405428746,0.004698373275,geom_ind00_r1_patient @ anchor 0.25,0.07104382747,0.004539638454,geom_ind00_r1_patient @ anchor 0.03,0.004698373275,-2.025949956,-0.1768472898,0,0.2478911173,False
patient_geometry_reading1,ind00,"patient-level geometric shape, reading 1, variant ind00",1,SL,A2,mean across views,rmse_mm,4,4,0.02719982777,0.02719982777,0.1925023027,0.1925023027,1.436248087,0.004393958196,geom_ind00_r1_patient @ anchor 0.06,1.524276392,0.00483328663,geom_ind00_r1_patient @ anchor 0.25,0.00483328663,1.247666501,2.703301227,0,0,True
patient_geometry_reading1,ind00,"patient-level geometric shape, reading 1, variant ind00",1,SL,A2,mean across views,mae_mm,4,4,0.02719982777,0.02719982777,0.1925023027,0.1925023027,1.092744607,0.002947416629,geom_ind00_r1_patient @ anchor 0.06,1.152794057,0.003153560409,geom_ind00_r1_patient @ anchor 0.25,0.003153560409,,,,,
patient_geometry_reading1,ind00,"patient-level geometric shape, reading 1, variant ind00",1,SL,A2,mean across views,sd_err_mm,4,4,0.02719982777,0.02719982777,0.1925023027,0.1925023027,1.435559727,0.003210025185,geom_ind00_r1_patient @ anchor 0.03,1.485756085,0.003322268215,geom_ind00_r1_patient @ anchor 0.25,0.003322268215,1.232075416,1.789803434,0,0,True
patient_geometry_reading1,ind00,"patient-level geometric shape, reading 1, variant ind00",1,SL,A3,largest view mean,bias_mm,4,4,0.02719982777,0.02719982777,0.1925023027,0.1925023027,1.060429046,0.005371543382,geom_ind00_r1_patient @ anchor 0.25,1.207218301,0.005141084487,geom_ind00_r1_patient @ anchor 0.03,0.005371543382,-0.437901431,0.6850496269,0,0.5221686741,False
patient_geometry_reading1,ind00,"patient-level geometric shape, reading 1, variant ind00",1,SL,A3,largest view mean,rmse_mm,4,4,0.02719982777,0.02719982777,0.1925023027,0.1925023027,2.001827131,0.006913867061,geom_ind00_r1_patient @ anchor 0.125,2.024950509,0.006909873864,geom_ind00_r1_patient @ anchor 0.03,0.006914130858,1.446643337,1.709409901,0,0.3155406079,False
patient_geometry_reading1,ind00,"patient-level geometric shape, reading 1, variant ind00",1,SL,A3,largest view mean,mae_mm,4,4,0.02719982777,0.02719982777,0.1925023027,0.1925023027,1.497340219,0.004204543596,geom_ind00_r1_patient @ anchor 0.25,1.52073696,0.004228240227,geom_ind00_r1_patient @ anchor 0.03,0.004228240227,,,,,
patient_geometry_reading1,ind00,"patient-level geometric shape, reading 1, variant ind00",1,SL,A3,largest view mean,sd_err_mm,4,4,0.02719982777,0.02719982777,0.1925023027,0.1925023027,1.625753662,0.00363531388,geom_ind00_r1_patient @ anchor 0.03,1.698631164,0.003798273742,geom_ind00_r1_patient @ anchor 0.25,0.003798273742,1.425522315,1.652377635,0,0.04625352852,False
patient_geometry_reading1,ind00,"patient-level geometric shape, reading 1, variant ind00",1,SL,A4,largest view mean after review,bias_mm,4,4,0.02719982777,0.02719982777,0.1925023027,0.1925023027,0.8020502928,0.005250568712,geom_ind00_r1_patient @ anchor 0.25,1.087885115,0.004815144434,geom_ind00_r1_patient @ anchor 0.03,0.005250568712,-0.5248314744,0.6248478046,0,0.4630373104,False
patient_geometry_reading1,ind00,"patient-level geometric shape, reading 1, variant ind00",1,SL,A4,largest view mean after review,rmse_mm,4,4,0.02719982777,0.02719982777,0.1925023027,0.1925023027,1.826163212,0.005806144799,geom_ind00_r1_patient @ anchor 0.125,1.871371804,0.005843429159,geom_ind00_r1_patient @ anchor 0.03,0.006043591099,1.42004453,1.729219088,0,0.1421527159,False
patient_geometry_reading1,ind00,"patient-level geometric shape, reading 1, variant ind00",1,SL,A4,largest view mean after review,mae_mm,4,4,0.02719982777,0.02719982777,0.1925023027,0.1925023027,1.39212981,0.003737459886,geom_ind00_r1_patient @ anchor 0.125,1.431661851,0.003811025187,geom_ind00_r1_patient @ anchor 0.03,0.003811025187,,,,,
patient_geometry_reading1,ind00,"patient-level geometric shape, reading 1, variant ind00",1,SL,A4,largest view mean after review,sd_err_mm,4,4,0.02719982777,0.02719982777,0.1925023027,0.1925023027,1.522682367,0.003404838306,geom_ind00_r1_patient @ anchor 0.03,1.660375614,0.003712731305,geom_ind00_r1_patient @ anchor 0.25,0.003712731305,1.375939933,1.647658255,0,0.01271735878,False
patient_geometry_reading2,ind15,"patient-level geometric shape, reading 2, variant ind15",1,AP,A1,anchor-view mean,bias_mm,4,4,0.08286898407,0.08286898407,0.1261260907,0.1261260907,-1.922372538,0.008208963819,geom_ind15_r2_patient @ anchor 0.25,0.005634553169,0.006040821831,geom_ind15_r2_patient @ anchor 0.03,0.008208963819,-1.92746491,0.01615579299,0,0,True
patient_geometry_reading2,ind15,"patient-level geometric shape, reading 2, variant ind15",1,AP,A1,anchor-view mean,rmse_mm,4,4,0.08286898407,0.08286898407,0.1261260907,0.1261260907,1.910274351,0.006598195709,geom_ind15_r2_patient @ anchor 0.03,3.230194651,0.01000764628,geom_ind15_r2_patient @ anchor 0.25,0.01000764628,1.900583197,3.232934252,0,0,True
patient_geometry_reading2,ind15,"patient-level geometric shape, reading 2, variant ind15",1,AP,A1,anchor-view mean,mae_mm,4,4,0.08286898407,0.08286898407,0.1261260907,0.1261260907,1.438060053,0.003976364159,geom_ind15_r2_patient @ anchor 0.03,2.443757978,0.006680006776,geom_ind15_r2_patient @ anchor 0.25,0.006680006776,,,,,
patient_geometry_reading2,ind15,"patient-level geometric shape, reading 2, variant ind15",1,AP,A1,anchor-view mean,sd_err_mm,4,4,0.08286898407,0.08286898407,0.1261260907,0.1261260907,1.910275593,0.004271527438,geom_ind15_r2_patient @ anchor 0.03,2.59590229,0.005804643006,geom_ind15_r2_patient @ anchor 0.25,0.005804643006,1.900586393,2.596147514,0,0,True
patient_geometry_reading2,ind15,"patient-level geometric shape, reading 2, variant ind15",1,AP,A2,mean across views,bias_mm,4,4,0.08286898407,0.08286898407,0.1261260907,0.1261260907,-0.9485650042,0.005922466502,geom_ind15_r2_patient @ anchor 0.25,-0.305895974,0.005581233938,geom_ind15_r2_patient @ anchor 0.03,0.005922466502,-3.160932123,-0.2750493415,0,0,True
patient_geometry_reading2,ind15,"patient-level geometric shape, reading 2, variant ind15",1,AP,A2,mean across views,rmse_mm,4,4,0.08286898407,0.08286898407,0.1261260907,0.1261260907,1.791244937,0.005624164144,geom_ind15_r2_patient @ anchor 0.03,2.099357387,0.006536533728,geom_ind15_r2_patient @ anchor 0.25,0.006536533728,1.672772226,4.064358104,0,0,True
patient_geometry_reading2,ind15,"patient-level geometric shape, reading 2, variant ind15",1,AP,A2,mean across views,mae_mm,4,4,0.08286898407,0.08286898407,0.1261260907,0.1261260907,1.35434051,0.003707201034,geom_ind15_r2_patient @ anchor 0.03,1.589704119,0.004336082396,geom_ind15_r2_patient @ anchor 0.25,0.004336082396,,,,,
patient_geometry_reading2,ind15,"patient-level geometric shape, reading 2, variant ind15",1,AP,A2,mean across views,sd_err_mm,4,4,0.08286898407,0.08286898407,0.1261260907,0.1261260907,1.76494114,0.003946548098,geom_ind15_r2_patient @ anchor 0.03,1.872848351,0.004187837164,geom_ind15_r2_patient @ anchor 0.25,0.004187837164,1.643211904,2.554912951,0,0,True
patient_geometry_reading2,ind15,"patient-level geometric shape, reading 2, variant ind15",1,AP,A3,largest view mean,bias_mm,4,4,0.08286898407,0.08286898407,0.1261260907,0.1261260907,0.7041103257,0.006626944897,geom_ind15_r2_patient @ anchor 0.25,1.037565369,0.006412404568,geom_ind15_r2_patient @ anchor 0.03,0.006626944897,-0.7675215473,0.919777008,0,0.117788361,False
patient_geometry_reading2,ind15,"patient-level geometric shape, reading 2, variant ind15",1,AP,A3,largest view mean,rmse_mm,4,4,0.08286898407,0.08286898407,0.1261260907,0.1261260907,2.210739085,0.009148605685,geom_ind15_r2_patient @ anchor 0.25,2.277804647,0.009316310799,geom_ind15_r2_patient @ anchor 0.03,0.009316310799,1.961960353,2.438468169,0,0,True
patient_geometry_reading2,ind15,"patient-level geometric shape, reading 2, variant ind15",1,AP,A3,largest view mean,mae_mm,4,4,0.08286898407,0.08286898407,0.1261260907,0.1261260907,1.606460708,0.004802784985,geom_ind15_r2_patient @ anchor 0.25,1.654635278,0.004950354141,geom_ind15_r2_patient @ anchor 0.03,0.004950354141,,,,,
patient_geometry_reading2,ind15,"patient-level geometric shape, reading 2, variant ind15",1,AP,A3,largest view mean,sd_err_mm,4,4,0.08286898407,0.08286898407,0.1261260907,0.1261260907,2.027780371,0.004534277425,geom_ind15_r2_patient @ anchor 0.03,2.09562398,0.004685981105,geom_ind15_r2_patient @ anchor 0.25,0.004685981105,1.95011314,2.314539102,0,0,True
patient_geometry_reading2,ind15,"patient-level geometric shape, reading 2, variant ind15",1,AP,A4,largest view mean after review,bias_mm,4,4,0.08286898407,0.08286898407,0.1261260907,0.1261260907,0.3084871282,0.006455516619,geom_ind15_r2_patient @ anchor 0.25,0.8670767166,0.005974578389,geom_ind15_r2_patient @ anchor 0.03,0.006455516619,-0.9722003196,0.7626407532,0,0.1044359634,False
patient_geometry_reading2,ind15,"patient-level geometric shape, reading 2, variant ind15",1,AP,A4,largest view mean after review,rmse_mm,4,4,0.08286898407,0.08286898407,0.1261260907,0.1261260907,2.00105512,0.006965734951,geom_ind15_r2_patient @ anchor 0.125,2.078784508,0.007312525129,geom_ind15_r2_patient @ anchor 0.03,0.00748013866,1.906027253,2.50892998,0,0,True
patient_geometry_reading2,ind15,"patient-level geometric shape, reading 2, variant ind15",1,AP,A4,largest view mean after review,mae_mm,4,4,0.08286898407,0.08286898407,0.1261260907,0.1261260907,1.491997801,0.004216849463,geom_ind15_r2_patient @ anchor 0.125,1.547031867,0.004390964259,geom_ind15_r2_patient @ anchor 0.03,0.004407466087,,,,,
patient_geometry_reading2,ind15,"patient-level geometric shape, reading 2, variant ind15",1,AP,A4,largest view mean after review,sd_err_mm,4,4,0.08286898407,0.08286898407,0.1261260907,0.1261260907,1.888489007,0.004222810908,geom_ind15_r2_patient @ anchor 0.06,2.041413599,0.004564762401,geom_ind15_r2_patient @ anchor 0.25,0.004564762401,1.864172557,2.312922324,0,0,True
patient_geometry_reading2,ind15,"patient-level geometric shape, reading 2, variant ind15",1,SL,A1,anchor-view mean,bias_mm,4,4,0.1423506366,0.1423506366,0.1908248469,0.1908248469,-1.230173624,0.005798567499,geom_ind15_r2_patient @ anchor 0.25,0.004586482366,0.004498965221,geom_ind15_r2_patient @ anchor 0.03,0.005798567499,-1.236776292,0.009007702171,0,0,True
patient_geometry_reading2,ind15,"patient-level geometric shape, reading 2, variant ind15",1,SL,A1,anchor-view mean,rmse_mm,4,4,0.1423506366,0.1423506366,0.1908248469,0.1908248469,1.422698001,0.004236165163,geom_ind15_r2_patient @ anchor 0.03,2.208083338,0.006825764544,geom_ind15_r2_patient @ anchor 0.25,0.006825764544,1.42503257,2.217793129,0.002334569087,0,False
patient_geometry_reading2,ind15,"patient-level geometric shape, reading 2, variant ind15",1,SL,A1,anchor-view mean,mae_mm,4,4,0.1423506366,0.1423506366,0.1908248469,0.1908248469,1.097165467,0.00286409801,geom_ind15_r2_patient @ anchor 0.03,1.674901109,0.004550119784,geom_ind15_r2_patient @ anchor 0.25,0.004550119784,,,,,
patient_geometry_reading2,ind15,"patient-level geometric shape, reading 2, variant ind15",1,SL,A1,anchor-view mean,sd_err_mm,4,4,0.1423506366,0.1423506366,0.1908248469,0.1908248469,1.422697721,0.003181264722,geom_ind15_r2_patient @ anchor 0.03,1.833668046,0.004100226901,geom_ind15_r2_patient @ anchor 0.25,0.004100226901,1.425011226,1.842299872,0.002313504808,0,False
patient_geometry_reading2,ind15,"patient-level geometric shape, reading 2, variant ind15",1,SL,A2,mean across views,bias_mm,4,4,0.1423506366,0.1423506366,0.1908248469,0.1908248469,-0.8810756158,0.004710141985,geom_ind15_r2_patient @ anchor 0.25,-0.4694889137,0.004447673997,geom_ind15_r2_patient @ anchor 0.03,0.004710141985,-2.025949956,-0.1768472898,0,0,True
patient_geometry_reading2,ind15,"patient-level geometric shape, reading 2, variant ind15",1,SL,A2,mean across views,rmse_mm,4,4,0.1423506366,0.1423506366,0.1908248469,0.1908248469,1.482761092,0.004465913191,geom_ind15_r2_patient @ anchor 0.03,1.730553613,0.005342361599,geom_ind15_r2_patient @ anchor 0.25,0.005342361599,1.247666501,2.703301227,0,0,True
patient_geometry_reading2,ind15,"patient-level geometric shape, reading 2, variant ind15",1,SL,A2,mean across views,mae_mm,4,4,0.1423506366,0.1423506366,0.1908248469,0.1908248469,1.129232797,0.003038787556,geom_ind15_r2_patient @ anchor 0.03,1.313170957,0.003564281905,geom_ind15_r2_patient @ anchor 0.25,0.003564281905,,,,,
patient_geometry_reading2,ind15,"patient-level geometric shape, reading 2, variant ind15",1,SL,A2,mean across views,sd_err_mm,4,4,0.1423506366,0.1423506366,0.1908248469,0.1908248469,1.406478012,0.003144996169,geom_ind15_r2_patient @ anchor 0.03,1.489477678,0.003330589991,geom_ind15_r2_patient @ anchor 0.25,0.003330589991,1.232075416,1.789803434,0,0,True
patient_geometry_reading2,ind15,"patient-level geometric shape, reading 2, variant ind15",1,SL,A3,largest view mean,bias_mm,4,4,0.1423506366,0.1423506366,0.1908248469,0.1908248469,0.3602203235,0.004893173875,geom_ind15_r2_patient @ anchor 0.25,0.6579747942,0.004618868586,geom_ind15_r2_patient @ anchor 0.03,0.004893173875,-0.437901431,0.6850496269,0,0,True
patient_geometry_reading2,ind15,"patient-level geometric shape, reading 2, variant ind15",1,SL,A3,largest view mean,rmse_mm,4,4,0.1423506366,0.1423506366,0.1908248469,0.1908248469,1.570276497,0.005657894208,geom_ind15_r2_patient @ anchor 0.125,1.60196885,0.005735332252,geom_ind15_r2_patient @ anchor 0.03,0.005735332252,1.446643337,1.709409901,0,0,True
patient_geometry_reading2,ind15,"patient-level geometric shape, reading 2, variant ind15",1,SL,A3,largest view mean,mae_mm,4,4,0.1423506366,0.1423506366,0.1908248469,0.1908248469,1.175788524,0.003291352997,geom_ind15_r2_patient @ anchor 0.125,1.200184988,0.003355400796,geom_ind15_r2_patient @ anchor 0.03,0.003355400796,,,,,
patient_geometry_reading2,ind15,"patient-level geometric shape, reading 2, variant ind15",1,SL,A3,largest view mean,sd_err_mm,4,4,0.1423506366,0.1423506366,0.1908248469,0.1908248469,1.460614494,0.003266049629,geom_ind15_r2_patient @ anchor 0.03,1.547357443,0.003460013729,geom_ind15_r2_patient @ anchor 0.25,0.003460013729,1.425522315,1.652377635,0,0,True
patient_geometry_reading2,ind15,"patient-level geometric shape, reading 2, variant ind15",1,SL,A4,largest view mean after review,bias_mm,4,4,0.1423506366,0.1423506366,0.1908248469,0.1908248469,0.1921278098,0.004835202652,geom_ind15_r2_patient @ anchor 0.25,0.6016594078,0.00444367336,geom_ind15_r2_patient @ anchor 0.03,0.004835202652,-0.5248314744,0.6248478046,0,0,True
patient_geometry_reading2,ind15,"patient-level geometric shape, reading 2, variant ind15",1,SL,A4,largest view mean after review,rmse_mm,4,4,0.1423506366,0.1423506366,0.1908248469,0.1908248469,1.486102833,0.004772969942,geom_ind15_r2_patient @ anchor 0.125,1.541041266,0.005360600509,geom_ind15_r2_patient @ anchor 0.25,0.005360600509,1.42004453,1.729219088,0,0,True
patient_geometry_reading2,ind15,"patient-level geometric shape, reading 2, variant ind15",1,SL,A4,largest view mean after review,mae_mm,4,4,0.1423506366,0.1423506366,0.1908248469,0.1908248469,1.132963883,0.003041222979,geom_ind15_r2_patient @ anchor 0.125,1.164064691,0.003132987073,geom_ind15_r2_patient @ anchor 0.03,0.003209768669,,,,,
patient_geometry_reading2,ind15,"patient-level geometric shape, reading 2, variant ind15",1,SL,A4,largest view mean after review,sd_err_mm,4,4,0.1423506366,0.1423506366,0.1908248469,0.1908248469,1.405212899,0.003142167277,geom_ind15_r2_patient @ anchor 0.03,1.529025333,0.003419021678,geom_ind15_r2_patient @ anchor 0.25,0.003419021678,1.375939933,1.647658255,0,0,True
patient_geometry_reading2,mid15,"patient-level geometric shape, reading 2, variant mid15",1,AP,A1,anchor-view mean,bias_mm,4,4,0.1824715077,0.1824715077,0.2233378955,0.2233378955,-1.922372538,0.008208963819,geom_mid15_r2_patient @ anchor 0.25,0.005634553169,0.006040821831,geom_mid15_r2_patient @ anchor 0.03,0.008208963819,-1.92746491,0.01615579299,0,0,True
patient_geometry_reading2,mid15,"patient-level geometric shape, reading 2, variant mid15",1,AP,A1,anchor-view mean,rmse_mm,4,4,0.1824715077,0.1824715077,0.2233378955,0.2233378955,1.910274351,0.006598195709,geom_mid15_r2_patient @ anchor 0.03,3.230194651,0.01000764628,geom_mid15_r2_patient @ anchor 0.25,0.01000764628,1.900583197,3.232934252,0,0,True
patient_geometry_reading2,mid15,"patient-level geometric shape, reading 2, variant mid15",1,AP,A1,anchor-view mean,mae_mm,4,4,0.1824715077,0.1824715077,0.2233378955,0.2233378955,1.438060053,0.003976364159,geom_mid15_r2_patient @ anchor 0.03,2.443757978,0.006680006776,geom_mid15_r2_patient @ anchor 0.25,0.006680006776,,,,,
patient_geometry_reading2,mid15,"patient-level geometric shape, reading 2, variant mid15",1,AP,A1,anchor-view mean,sd_err_mm,4,4,0.1824715077,0.1824715077,0.2233378955,0.2233378955,1.910275593,0.004271527438,geom_mid15_r2_patient @ anchor 0.03,2.59590229,0.005804643006,geom_mid15_r2_patient @ anchor 0.25,0.005804643006,1.900586393,2.596147514,0,0,True
patient_geometry_reading2,mid15,"patient-level geometric shape, reading 2, variant mid15",1,AP,A2,mean across views,bias_mm,4,4,0.1824715077,0.1824715077,0.2233378955,0.2233378955,-1.679796344,0.006968173567,geom_mid15_r2_patient @ anchor 0.25,-1.037127313,0.006503402947,geom_mid15_r2_patient @ anchor 0.03,0.006968173567,-3.160932123,-0.2750493415,0,0,True
patient_geometry_reading2,mid15,"patient-level geometric shape, reading 2, variant mid15",1,AP,A2,mean across views,rmse_mm,4,4,0.1824715077,0.1824715077,0.2233378955,0.2233378955,2.303261982,0.007191448197,geom_mid15_r2_patient @ anchor 0.03,2.770778137,0.008467206799,geom_mid15_r2_patient @ anchor 0.25,0.008467206799,1.672772226,4.064358104,0,0,True
patient_geometry_reading2,mid15,"patient-level geometric shape, reading 2, variant mid15",1,AP,A2,mean across views,mae_mm,4,4,0.1824715077,0.1824715077,0.2233378955,0.2233378955,1.732619199,0.004799030634,geom_mid15_r2_patient @ anchor 0.03,2.099543764,0.005717657004,geom_mid15_r2_patient @ anchor 0.25,0.005717657004,,,,,
patient_geometry_reading2,mid15,"patient-level geometric shape, reading 2, variant mid15",1,AP,A2,mean across views,sd_err_mm,4,4,0.1824715077,0.1824715077,0.2233378955,0.2233378955,2.056556586,0.004598623318,geom_mid15_r2_patient @ anchor 0.03,2.20352996,0.004927267418,geom_mid15_r2_patient @ anchor 0.25,0.004927267418,1.643211904,2.554912951,0,0,True
patient_geometry_reading2,mid15,"patient-level geometric shape, reading 2, variant mid15",1,AP,A3,largest view mean,bias_mm,4,4,0.1824715077,0.1824715077,0.2233378955,0.2233378955,0.2870145407,0.006995428618,geom_mid15_r2_patient @ anchor 0.25,0.8146545034,0.006371890169,geom_mid15_r2_patient @ anchor 0.03,0.006995428618,-0.7675215473,0.919777008,0,0,True
patient_geometry_reading2,mid15,"patient-level geometric shape, reading 2, variant mid15",1,AP,A3,largest view mean,rmse_mm,4,4,0.1824715077,0.1824715077,0.2233378955,0.2233378955,2.144825574,0.008898062274,geom_mid15_r2_patient @ anchor 0.06,2.230679396,0.00891308152,geom_mid15_r2_patient @ anchor 0.25,0.008977092227,1.961960353,2.438468169,0,0,True
patient_geometry_reading2,mid15,"patient-level geometric shape, reading 2, variant mid15",1,AP,A3,largest view mean,mae_mm,4,4,0.1824715077,0.1824715077,0.2233378955,0.2233378955,1.561968048,0.004648176164,geom_mid15_r2_patient @ anchor 0.06,1.627010526,0.00482575445,geom_mid15_r2_patient @ anchor 0.25,0.00482575445,,,,,
patient_geometry_reading2,mid15,"patient-level geometric shape, reading 2, variant mid15",1,AP,A3,largest view mean,sd_err_mm,4,4,0.1824715077,0.1824715077,0.2233378955,0.2233378955,2.014968593,0.004505629275,geom_mid15_r2_patient @ anchor 0.03,2.212148764,0.004946539746,geom_mid15_r2_patient @ anchor 0.25,0.004946539746,1.95011314,2.314539102,0,0,True
patient_geometry_reading2,mid15,"patient-level geometric shape, reading 2, variant mid15",1,AP,A4,largest view mean after review,bias_mm,4,4,0.1824715077,0.1824715077,0.2233378955,0.2233378955,-0.07406771451,0.00690521627,geom_mid15_r2_patient @ anchor 0.25,0.6782335644,0.006009026789,geom_mid15_r2_patient @ anchor 0.03,0.00690521627,-0.9722003196,0.7626407532,0,0,True
patient_geometry_reading2,mid15,"patient-level geometric shape, reading 2, variant mid15",1,AP,A4,largest view mean after review,rmse_mm,4,4,0.1824715077,0.1824715077,0.2233378955,0.2233378955,1.980796776,0.0069806753,geom_mid15_r2_patient @ anchor 0.06,2.184866018,0.007952621673,geom_mid15_r2_patient @ anchor 0.25,0.007952621673,1.906027253,2.50892998,0,0,True
patient_geometry_reading2,mid15,"patient-level geometric shape, reading 2, variant mid15",1,AP,A4,largest view mean after review,mae_mm,4,4,0.1824715077,0.1824715077,0.2233378955,0.2233378955,1.477550956,0.004171829867,geom_mid15_r2_patient @ anchor 0.06,1.601908143,0.00469845921,geom_mid15_r2_patient @ anchor 0.25,0.00469845921,,,,,
patient_geometry_reading2,mid15,"patient-level geometric shape, reading 2, variant mid15",1,AP,A4,largest view mean after review,sd_err_mm,4,4,0.1824715077,0.1824715077,0.2233378955,0.2233378955,1.900221117,0.004249044836,geom_mid15_r2_patient @ anchor 0.03,2.183621115,0.004882749664,geom_mid15_r2_patient @ anchor 0.25,0.004882749664,1.864172557,2.312922324,0,0,True
patient_geometry_reading2,mid15,"patient-level geometric shape, reading 2, variant mid15",1,SL,A1,anchor-view mean,bias_mm,4,4,0.21414354,0.21414354,0.2427901509,0.2427901509,-1.230173624,0.005798567499,geom_mid15_r2_patient @ anchor 0.25,0.004586482366,0.004498965221,geom_mid15_r2_patient @ anchor 0.03,0.005798567499,-1.236776292,0.009007702171,0,0,True
patient_geometry_reading2,mid15,"patient-level geometric shape, reading 2, variant mid15",1,SL,A1,anchor-view mean,rmse_mm,4,4,0.21414354,0.21414354,0.2427901509,0.2427901509,1.422698001,0.004236165163,geom_mid15_r2_patient @ anchor 0.03,2.208083338,0.006825764544,geom_mid15_r2_patient @ anchor 0.25,0.006825764544,1.42503257,2.217793129,0.002334569087,0,False
patient_geometry_reading2,mid15,"patient-level geometric shape, reading 2, variant mid15",1,SL,A1,anchor-view mean,mae_mm,4,4,0.21414354,0.21414354,0.2427901509,0.2427901509,1.097165467,0.00286409801,geom_mid15_r2_patient @ anchor 0.03,1.674901109,0.004550119784,geom_mid15_r2_patient @ anchor 0.25,0.004550119784,,,,,
patient_geometry_reading2,mid15,"patient-level geometric shape, reading 2, variant mid15",1,SL,A1,anchor-view mean,sd_err_mm,4,4,0.21414354,0.21414354,0.2427901509,0.2427901509,1.422697721,0.003181264722,geom_mid15_r2_patient @ anchor 0.03,1.833668046,0.004100226901,geom_mid15_r2_patient @ anchor 0.25,0.004100226901,1.425011226,1.842299872,0.002313504808,0,False
patient_geometry_reading2,mid15,"patient-level geometric shape, reading 2, variant mid15",1,SL,A2,mean across views,bias_mm,4,4,0.21414354,0.21414354,0.2427901509,0.2427901509,-1.21910089,0.005134931835,geom_mid15_r2_patient @ anchor 0.25,-0.8075141879,0.004823995736,geom_mid15_r2_patient @ anchor 0.03,0.005134931835,-2.025949956,-0.1768472898,0,0,True
patient_geometry_reading2,mid15,"patient-level geometric shape, reading 2, variant mid15",1,SL,A2,mean across views,rmse_mm,4,4,0.21414354,0.21414354,0.2427901509,0.2427901509,1.726021257,0.00520267161,geom_mid15_r2_patient @ anchor 0.03,2.030500704,0.006106790168,geom_mid15_r2_patient @ anchor 0.25,0.006106790168,1.247666501,2.703301227,0,0,True
patient_geometry_reading2,mid15,"patient-level geometric shape, reading 2, variant mid15",1,SL,A2,mean across views,mae_mm,4,4,0.21414354,0.21414354,0.2427901509,0.2427901509,1.312262894,0.003545600156,geom_mid15_r2_patient @ anchor 0.03,1.548283825,0.004154235865,geom_mid15_r2_patient @ anchor 0.25,0.004154235865,,,,,
patient_geometry_reading2,mid15,"patient-level geometric shape, reading 2, variant mid15",1,SL,A2,mean across views,sd_err_mm,4,4,0.21414354,0.21414354,0.2427901509,0.2427901509,1.525481395,0.003411097153,geom_mid15_r2_patient @ anchor 0.03,1.623808023,0.003630963276,geom_mid15_r2_patient @ anchor 0.25,0.003630963276,1.232075416,1.789803434,0,0,True
patient_geometry_reading2,mid15,"patient-level geometric shape, reading 2, variant mid15",1,SL,A3,largest view mean,bias_mm,4,4,0.21414354,0.21414354,0.2427901509,0.2427901509,0.1723385167,0.005070517901,geom_mid15_r2_patient @ anchor 0.25,0.5601057846,0.004617440156,geom_mid15_r2_patient @ anchor 0.03,0.005070517901,-0.437901431,0.6850496269,0,0,True
patient_geometry_reading2,mid15,"patient-level geometric shape, reading 2, variant mid15",1,SL,A3,largest view mean,rmse_mm,4,4,0.21414354,0.21414354,0.2427901509,0.2427901509,1.546053814,0.005531047106,geom_mid15_r2_patient @ anchor 0.06,1.612665505,0.005736257532,geom_mid15_r2_patient @ anchor 0.25,0.005736257532,1.446643337,1.709409901,0,0,True
patient_geometry_reading2,mid15,"patient-level geometric shape, reading 2, variant mid15",1,SL,A3,largest view mean,mae_mm,4,4,0.21414354,0.21414354,0.2427901509,0.2427901509,1.161631577,0.003226305761,geom_mid15_r2_patient @ anchor 0.06,1.206570511,0.003383620963,geom_mid15_r2_patient @ anchor 0.25,0.003383620963,,,,,
patient_geometry_reading2,mid15,"patient-level geometric shape, reading 2, variant mid15",1,SL,A3,largest view mean,sd_err_mm,4,4,0.21414354,0.21414354,0.2427901509,0.2427901509,1.460162785,0.003265039571,geom_mid15_r2_patient @ anchor 0.03,1.603438548,0.003585415519,geom_mid15_r2_patient @ anchor 0.25,0.003585415519,1.425522315,1.652377635,0,0,True
patient_geometry_reading2,mid15,"patient-level geometric shape, reading 2, variant mid15",1,SL,A4,largest view mean after review,bias_mm,4,4,0.21414354,0.21414354,0.2427901509,0.2427901509,0.01826889791,0.00503404911,geom_mid15_r2_patient @ anchor 0.25,0.5129225368,0.004467110544,geom_mid15_r2_patient @ anchor 0.03,0.00503404911,-0.5248314744,0.6248478046,0,0,True
patient_geometry_reading2,mid15,"patient-level geometric shape, reading 2, variant mid15",1,SL,A4,largest view mean after review,rmse_mm,4,4,0.21414354,0.21414354,0.2427901509,0.2427901509,1.479549095,0.004739361887,geom_mid15_r2_patient @ anchor 0.06,1.59200297,0.005565931511,geom_mid15_r2_patient @ anchor 0.25,0.005565931511,1.42004453,1.729219088,0,0,True
patient_geometry_reading2,mid15,"patient-level geometric shape, reading 2, variant mid15",1,SL,A4,largest view mean after review,mae_mm,4,4,0.21414354,0.21414354,0.2427901509,0.2427901509,1.129289561,0.003022879008,geom_mid15_r2_patient @ anchor 0.06,1.193563063,0.003331503817,geom_mid15_r2_patient @ anchor 0.25,0.003331503817,,,,,
patient_geometry_reading2,mid15,"patient-level geometric shape, reading 2, variant mid15",1,SL,A4,largest view mean after review,sd_err_mm,4,4,0.21414354,0.21414354,0.2427901509,0.2427901509,1.412624388,0.003158739952,geom_mid15_r2_patient @ anchor 0.03,1.591906104,0.003559628061,geom_mid15_r2_patient @ anchor 0.25,0.003559628061,1.375939933,1.647658255,0,0,True
patient_geometry_reading2,ind00,"patient-level geometric shape, reading 2, variant ind00",1,AP,A1,anchor-view mean,bias_mm,4,4,0.06117066893,0.06117066893,0.09540057321,0.09540057321,-1.922372538,0.008208963819,geom_ind00_r2_patient @ anchor 0.25,0.005634553169,0.006040821831,geom_ind00_r2_patient @ anchor 0.03,0.008208963819,-1.92746491,0.01615579299,0,0,True
patient_geometry_reading2,ind00,"patient-level geometric shape, reading 2, variant ind00",1,AP,A1,anchor-view mean,rmse_mm,4,4,0.06117066893,0.06117066893,0.09540057321,0.09540057321,1.910274351,0.006598195709,geom_ind00_r2_patient @ anchor 0.03,3.230194651,0.01000764628,geom_ind00_r2_patient @ anchor 0.25,0.01000764628,1.900583197,3.232934252,0,0,True
patient_geometry_reading2,ind00,"patient-level geometric shape, reading 2, variant ind00",1,AP,A1,anchor-view mean,mae_mm,4,4,0.06117066893,0.06117066893,0.09540057321,0.09540057321,1.438060053,0.003976364159,geom_ind00_r2_patient @ anchor 0.03,2.443757978,0.006680006776,geom_ind00_r2_patient @ anchor 0.25,0.006680006776,,,,,
patient_geometry_reading2,ind00,"patient-level geometric shape, reading 2, variant ind00",1,AP,A1,anchor-view mean,sd_err_mm,4,4,0.06117066893,0.06117066893,0.09540057321,0.09540057321,1.910275593,0.004271527438,geom_ind00_r2_patient @ anchor 0.03,2.59590229,0.005804643006,geom_ind00_r2_patient @ anchor 0.25,0.005804643006,1.900586393,2.596147514,0,0,True
patient_geometry_reading2,ind00,"patient-level geometric shape, reading 2, variant ind00",1,AP,A2,mean across views,bias_mm,4,4,0.06117066893,0.06117066893,0.09540057321,0.09540057321,-0.7887924326,0.005694313206,geom_ind00_r2_patient @ anchor 0.25,-0.1461234024,0.005395701734,geom_ind00_r2_patient @ anchor 0.03,0.005694313206,-3.160932123,-0.2750493415,0,0.1289259391,False
patient_geometry_reading2,ind00,"patient-level geometric shape, reading 2, variant ind00",1,AP,A2,mean across views,rmse_mm,4,4,0.06117066893,0.06117066893,0.09540057321,0.09540057321,1.71250771,0.005349393464,geom_ind00_r2_patient @ anchor 0.03,1.965879286,0.005942402099,geom_ind00_r2_patient @ anchor 0.25,0.005942402099,1.672772226,4.064358104,0,0,True
patient_geometry_reading2,ind00,"patient-level geometric shape, reading 2, variant ind00",1,AP,A2,mean across views,mae_mm,4,4,0.06117066893,0.06117066893,0.09540057321,0.09540057321,1.298260398,0.00353159322,geom_ind00_r2_patient @ anchor 0.03,1.496295836,0.004032116558,geom_ind00_r2_patient @ anchor 0.25,0.004032116558,,,,,
patient_geometry_reading2,ind00,"patient-level geometric shape, reading 2, variant ind00",1,AP,A2,mean across views,sd_err_mm,4,4,0.06117066893,0.06117066893,0.09540057321,0.09540057321,1.706270706,0.003815356362,geom_ind00_r2_patient @ anchor 0.03,1.800699944,0.004026507615,geom_ind00_r2_patient @ anchor 0.25,0.004026507615,1.643211904,2.554912951,0,0,True
patient_geometry_reading2,ind00,"patient-level geometric shape, reading 2, variant ind00",1,AP,A3,largest view mean,bias_mm,4,4,0.06117066893,0.06117066893,0.09540057321,0.09540057321,0.8136860999,0.00656816643,geom_ind00_r2_patient @ anchor 0.25,1.105610766,0.006427324432,geom_ind00_r2_patient @ anchor 0.03,0.00656816643,-0.7675215473,0.919777008,0,0.185833758,False
patient_geometry_reading2,ind00,"patient-level geometric shape, reading 2, variant ind00",1,AP,A3,largest view mean,rmse_mm,4,4,0.06117066893,0.06117066893,0.09540057321,0.09540057321,2.230722518,0.009242651766,geom_ind00_r2_patient @ anchor 0.25,2.313738056,0.009403716828,geom_ind00_r2_patient @ anchor 0.03,0.009403716828,1.961960353,2.438468169,0,0,True
patient_geometry_reading2,ind00,"patient-level geometric shape, reading 2, variant ind00",1,AP,A3,largest view mean,mae_mm,4,4,0.06117066893,0.06117066893,0.09540057321,0.09540057321,1.618782477,0.004853544894,geom_ind00_r2_patient @ anchor 0.25,1.681270043,0.005026668979,geom_ind00_r2_patient @ anchor 0.03,0.005026668979,,,,,
patient_geometry_reading2,ind00,"patient-level geometric shape, reading 2, variant ind00",1,AP,A3,largest view mean,sd_err_mm,4,4,0.06117066893,0.06117066893,0.09540057321,0.09540057321,2.032498447,0.004544827415,geom_ind00_r2_patient @ anchor 0.03,2.077036597,0.004644418245,geom_ind00_r2_patient @ anchor 0.25,0.004644418245,1.95011314,2.314539102,0,0,True
patient_geometry_reading2,ind00,"patient-level geometric shape, reading 2, variant ind00",1,AP,A4,largest view mean after review,bias_mm,4,4,0.06117066893,0.06117066893,0.09540057321,0.09540057321,0.4088524592,0.006365698868,geom_ind00_r2_patient @ anchor 0.25,0.9251987157,0.005962663154,geom_ind00_r2_patient @ anchor 0.03,0.006365698868,-0.9722003196,0.7626407532,0,0.1625579625,False
patient_geometry_reading2,ind00,"patient-level geometric shape, reading 2, variant ind00",1,AP,A4,largest view mean after review,rmse_mm,4,4,0.06117066893,0.06117066893,0.09540057321,0.09540057321,2.013280087,0.007018864945,geom_ind00_r2_patient @ anchor 0.125,2.100307668,0.007345915939,geom_ind00_r2_patient @ anchor 0.03,0.00741235214,1.906027253,2.50892998,0,0,True
patient_geometry_reading2,ind00,"patient-level geometric shape, reading 2, variant ind00",1,AP,A4,largest view mean after review,mae_mm,4,4,0.06117066893,0.06117066893,0.09540057321,0.09540057321,1.500651982,0.004244241215,geom_ind00_r2_patient @ anchor 0.125,1.564508137,0.004431282236,geom_ind00_r2_patient @ anchor 0.03,0.004431282236,,,,,
patient_geometry_reading2,ind00,"patient-level geometric shape, reading 2, variant ind00",1,AP,A4,largest view mean after review,sd_err_mm,4,4,0.06117066893,0.06117066893,0.09540057321,0.09540057321,1.884341865,0.00421353757,geom_ind00_r2_patient @ anchor 0.06,2.013010732,0.004501251343,geom_ind00_r2_patient @ anchor 0.25,0.004501251343,1.864172557,2.312922324,0,0,True
patient_geometry_reading2,ind00,"patient-level geometric shape, reading 2, variant ind00",1,SL,A1,anchor-view mean,bias_mm,4,4,0.1222048685,0.1222048685,0.1714562552,0.1714562552,-1.230173624,0.005798567499,geom_ind00_r2_patient @ anchor 0.25,0.004586482366,0.004498965221,geom_ind00_r2_patient @ anchor 0.03,0.005798567499,-1.236776292,0.009007702171,0,0,True
patient_geometry_reading2,ind00,"patient-level geometric shape, reading 2, variant ind00",1,SL,A1,anchor-view mean,rmse_mm,4,4,0.1222048685,0.1222048685,0.1714562552,0.1714562552,1.422698001,0.004236165163,geom_ind00_r2_patient @ anchor 0.03,2.208083338,0.006825764544,geom_ind00_r2_patient @ anchor 0.25,0.006825764544,1.42503257,2.217793129,0.002334569087,0,False
patient_geometry_reading2,ind00,"patient-level geometric shape, reading 2, variant ind00",1,SL,A1,anchor-view mean,mae_mm,4,4,0.1222048685,0.1222048685,0.1714562552,0.1714562552,1.097165467,0.00286409801,geom_ind00_r2_patient @ anchor 0.03,1.674901109,0.004550119784,geom_ind00_r2_patient @ anchor 0.25,0.004550119784,,,,,
patient_geometry_reading2,ind00,"patient-level geometric shape, reading 2, variant ind00",1,SL,A1,anchor-view mean,sd_err_mm,4,4,0.1222048685,0.1222048685,0.1714562552,0.1714562552,1.422697721,0.003181264722,geom_ind00_r2_patient @ anchor 0.03,1.833668046,0.004100226901,geom_ind00_r2_patient @ anchor 0.25,0.004100226901,1.425011226,1.842299872,0.002313504808,0,False
patient_geometry_reading2,ind00,"patient-level geometric shape, reading 2, variant ind00",1,SL,A2,mean across views,bias_mm,4,4,0.1222048685,0.1222048685,0.1714562552,0.1714562552,-0.7859986213,0.004577767008,geom_ind00_r2_patient @ anchor 0.25,-0.3744119192,0.004331925775,geom_ind00_r2_patient @ anchor 0.03,0.004577767008,-2.025949956,-0.1768472898,0,0,True
patient_geometry_reading2,ind00,"patient-level geometric shape, reading 2, variant ind00",1,SL,A2,mean across views,rmse_mm,4,4,0.1222048685,0.1222048685,0.1714562552,0.1714562552,1.420113943,0.004239553754,geom_ind00_r2_patient @ anchor 0.03,1.647230389,0.005072155261,geom_ind00_r2_patient @ anchor 0.25,0.005072155261,1.247666501,2.703301227,0,0,True
patient_geometry_reading2,ind00,"patient-level geometric shape, reading 2, variant ind00",1,SL,A2,mean across views,mae_mm,4,4,0.1222048685,0.1222048685,0.1714562552,0.1714562552,1.084579061,0.002899000302,geom_ind00_r2_patient @ anchor 0.03,1.251649539,0.003386373951,geom_ind00_r2_patient @ anchor 0.25,0.003386373951,,,,,
patient_geometry_reading2,ind00,"patient-level geometric shape, reading 2, variant ind00",1,SL,A2,mean across views,sd_err_mm,4,4,0.1222048685,0.1222048685,0.1714562552,0.1714562552,1.36987521,0.003063149407,geom_ind00_r2_patient @ anchor 0.03,1.447617034,0.003236986279,geom_ind00_r2_patient @ anchor 0.25,0.003236986279,1.232075416,1.789803434,0,0,True
patient_geometry_reading2,ind00,"patient-level geometric shape, reading 2, variant ind00",1,SL,A3,largest view mean,bias_mm,4,4,0.1222048685,0.1222048685,0.1714562552,0.1714562552,0.4156302996,0.004846217508,geom_ind00_r2_patient @ anchor 0.25,0.6889981426,0.004619883174,geom_ind00_r2_patient @ anchor 0.03,0.004846217508,-0.437901431,0.6850496269,0,0.003948515659,False
patient_geometry_reading2,ind00,"patient-level geometric shape, reading 2, variant ind00",1,SL,A3,largest view mean,rmse_mm,4,4,0.1222048685,0.1222048685,0.1714562552,0.1714562552,1.579977252,0.005711960921,geom_ind00_r2_patient @ anchor 0.125,1.615248944,0.005780362131,geom_ind00_r2_patient @ anchor 0.03,0.005780362131,1.446643337,1.709409901,0,0,True
patient_geometry_reading2,ind00,"patient-level geometric shape, reading 2, variant ind00",1,SL,A3,largest view mean,mae_mm,4,4,0.1222048685,0.1222048685,0.1714562552,0.1714562552,1.181767043,0.003316271656,geom_ind00_r2_patient @ anchor 0.125,1.209512197,0.003385440675,geom_ind00_r2_patient @ anchor 0.03,0.003385440675,,,,,
patient_geometry_reading2,ind00,"patient-level geometric shape, reading 2, variant ind00",1,SL,A3,largest view mean,sd_err_mm,4,4,0.1222048685,0.1222048685,0.1714562552,0.1714562552,1.460935335,0.003266767054,geom_ind00_r2_patient @ anchor 0.03,1.532508536,0.003426810397,geom_ind00_r2_patient @ anchor 0.25,0.003426810397,1.425522315,1.652377635,0,0,True
patient_geometry_reading2,ind00,"patient-level geometric shape, reading 2, variant ind00",1,SL,A4,largest view mean after review,bias_mm,4,4,0.1222048685,0.1222048685,0.1714562552,0.1714562552,0.242825389,0.004778698007,geom_ind00_r2_patient @ anchor 0.25,0.6300910535,0.004437834209,geom_ind00_r2_patient @ anchor 0.03,0.004778698007,-0.5248314744,0.6248478046,0,0.005243248873,False
patient_geometry_reading2,ind00,"patient-level geometric shape, reading 2, variant ind00",1,SL,A4,largest view mean after review,rmse_mm,4,4,0.1222048685,0.1222048685,0.1714562552,0.1714562552,1.491050692,0.004809465733,geom_ind00_r2_patient @ anchor 0.125,1.538321256,0.0049616309,geom_ind00_r2_patient @ anchor 0.03,0.005325601064,1.42004453,1.729219088,0,0,True
patient_geometry_reading2,ind00,"patient-level geometric shape, reading 2, variant ind00",1,SL,A4,largest view mean after review,mae_mm,4,4,0.1222048685,0.1222048685,0.1714562552,0.1714562552,1.136022831,0.00305400331,geom_ind00_r2_patient @ anchor 0.125,1.171131696,0.003154192112,geom_ind00_r2_patient @ anchor 0.03,0.003182903155,,,,,
patient_geometry_reading2,ind00,"patient-level geometric shape, reading 2, variant ind00",1,SL,A4,largest view mean after review,sd_err_mm,4,4,0.1222048685,0.1222048685,0.1714562552,0.1714562552,1.403366398,0.003138038353,geom_ind00_r2_patient @ anchor 0.03,1.511156995,0.003379066661,geom_ind00_r2_patient @ anchor 0.25,0.003379066661,1.375939933,1.647658255,0,0,True
