scenario_index,scenario,family,u_anchor,long_AP,long_SL,seed_entropy,seed_spawn_key,n,axis,rule,metric,value,mcse,diff_vs_base,diff_vs_base_mcse,mean_u_anchor,mean_u_long
0,published_L0.1,published,0.03,half-normal scale 0.1,half-normal scale 0.1,20261005,"76,2,0",100000,AP,A1,bias_mm,0.003085165303,0.006002848344,0.2626855264,0.0007785049323,0.0238790762,0.07958911905
0,published_L0.1,published,0.03,half-normal scale 0.1,half-normal scale 0.1,20261005,"76,2,0",100000,AP,A1,rmse_mm,1.898260337,0.006719244452,-0.02727663399,0.001498803894,0.0238790762,0.07958911905
0,published_L0.1,published,0.03,half-normal scale 0.1,half-normal scale 0.1,20261005,"76,2,0",100000,AP,A1,mae_mm,1.434267338,0.003932283019,-0.03115602432,0.001085889753,0.0238790762,0.07958911905
0,published_L0.1,published,0.03,half-normal scale 0.1,half-normal scale 0.1,20261005,"76,2,0",100000,AP,A1,sd_err_mm,1.898267321,0.004244675994,,,0.0238790762,0.07958911905
0,published_L0.1,published,0.03,half-normal scale 0.1,half-normal scale 0.1,20261005,"76,2,0",100000,AP,A2,bias_mm,-0.2809178509,0.005168037414,0.9637895895,0.002175667434,0.0238790762,0.07958911905
0,published_L0.1,published,0.03,half-normal scale 0.1,half-normal scale 0.1,20261005,"76,2,0",100000,AP,A2,rmse_mm,1.658236775,0.004978592617,-0.5511547859,0.004400919348,0.0238790762,0.07958911905
0,published_L0.1,published,0.03,half-normal scale 0.1,half-normal scale 0.1,20261005,"76,2,0",100000,AP,A2,mae_mm,1.267742803,0.00338022013,-0.4371788963,0.003110752406,0.0238790762,0.07958911905
0,published_L0.1,published,0.03,half-normal scale 0.1,half-normal scale 0.1,20261005,"76,2,0",100000,AP,A2,sd_err_mm,1.634276926,0.003654372572,,,0.0238790762,0.07958911905
0,published_L0.1,published,0.03,half-normal scale 0.1,half-normal scale 0.1,20261005,"76,2,0",100000,AP,A3,bias_mm,0.9120541546,0.006270110702,0.5197046137,0.001796800071,0.0238790762,0.07958911905
0,published_L0.1,published,0.03,half-normal scale 0.1,half-normal scale 0.1,20261005,"76,2,0",100000,AP,A3,rmse_mm,2.182483056,0.008733789661,0.1821195059,0.003057289608,0.0238790762,0.07958911905
0,published_L0.1,published,0.03,half-normal scale 0.1,half-normal scale 0.1,20261005,"76,2,0",100000,AP,A3,mae_mm,1.588525446,0.004732696477,0.113822007,0.002156592553,0.0238790762,0.07958911905
0,published_L0.1,published,0.03,half-normal scale 0.1,half-normal scale 0.1,20261005,"76,2,0",100000,AP,A3,sd_err_mm,1.9827831,0.004433659964,,,0.0238790762,0.07958911905
0,published_L0.1,published,0.03,half-normal scale 0.1,half-normal scale 0.1,20261005,"76,2,0",100000,AP,A4,bias_mm,0.7619860803,0.005901922152,0.4807109181,0.001815102892,0.0238790762,0.07958911905
0,published_L0.1,published,0.03,half-normal scale 0.1,half-normal scale 0.1,20261005,"76,2,0",100000,AP,A4,rmse_mm,2.015900906,0.007547262469,0.1140755169,0.002813702152,0.0238790762,0.07958911905
0,published_L0.1,published,0.03,half-normal scale 0.1,half-normal scale 0.1,20261005,"76,2,0",100000,AP,A4,mae_mm,1.497181824,0.004268865507,0.07197301109,0.002096476577,0.0238790762,0.07958911905
0,published_L0.1,published,0.03,half-normal scale 0.1,half-normal scale 0.1,20261005,"76,2,0",100000,AP,A4,sd_err_mm,1.866351657,0.004173310042,,,0.0238790762,0.07958911905
0,published_L0.1,published,0.03,half-normal scale 0.1,half-normal scale 0.1,20261005,"76,2,0",100000,SL,A1,bias_mm,-5.091610478e-05,0.004518063982,0.1682098255,0.0005119477827,0.02390944841,0.08014215699
0,published_L0.1,published,0.03,half-normal scale 0.1,half-normal scale 0.1,20261005,"76,2,0",100000,SL,A1,rmse_mm,1.428730137,0.004304265393,-0.01448229833,0.0009541011884,0.02390944841,0.08014215699
0,published_L0.1,published,0.03,half-normal scale 0.1,half-normal scale 0.1,20261005,"76,2,0",100000,SL,A1,mae_mm,1.101346492,0.002878044461,-0.01568940664,0.0007083467664,0.02390944841,0.08014215699
0,published_L0.1,published,0.03,half-normal scale 0.1,half-normal scale 0.1,20261005,"76,2,0",100000,SL,A1,sd_err_mm,1.42873728,0.003194769654,,,0.02390944841,0.08014215699
0,published_L0.1,published,0.03,half-normal scale 0.1,half-normal scale 0.1,20261005,"76,2,0",100000,SL,A2,bias_mm,-0.1780897897,0.003905445174,0.6181594376,0.001425306489,0.02390944841,0.08014215699
0,published_L0.1,published,0.03,half-normal scale 0.1,half-normal scale 0.1,20261005,"76,2,0",100000,SL,A2,rmse_mm,1.247778394,0.003413820512,-0.3164433456,0.002813372262,0.02390944841,0.08014215699
0,published_L0.1,published,0.03,half-normal scale 0.1,half-normal scale 0.1,20261005,"76,2,0",100000,SL,A2,mae_mm,0.9684977226,0.002487909308,-0.2445447087,0.002071048171,0.02390944841,0.08014215699
0,published_L0.1,published,0.03,half-normal scale 0.1,half-normal scale 0.1,20261005,"76,2,0",100000,SL,A2,sd_err_mm,1.235010203,0.002761580574,,,0.02390944841,0.08014215699
0,published_L0.1,published,0.03,half-normal scale 0.1,half-normal scale 0.1,20261005,"76,2,0",100000,SL,A3,bias_mm,0.6829053233,0.004575131991,0.3544724389,0.001228935826,0.02390944841,0.08014215699
0,published_L0.1,published,0.03,half-normal scale 0.1,half-normal scale 0.1,20261005,"76,2,0",100000,SL,A3,rmse_mm,1.599850625,0.005790846957,0.1198087859,0.002000934889,0.02390944841,0.08014215699
0,published_L0.1,published,0.03,half-normal scale 0.1,half-normal scale 0.1,20261005,"76,2,0",100000,SL,A3,mae_mm,1.194965395,0.003363912963,0.08021514486,0.001482374663,0.02390944841,0.08014215699
0,published_L0.1,published,0.03,half-normal scale 0.1,half-normal scale 0.1,20261005,"76,2,0",100000,SL,A3,sd_err_mm,1.446783769,0.003235123031,,,0.02390944841,0.08014215699
0,published_L0.1,published,0.03,half-normal scale 0.1,half-normal scale 0.1,20261005,"76,2,0",100000,SL,A4,bias_mm,0.62564866,0.004380574078,0.3393656895,0.001276083025,0.02390944841,0.08014215699
0,published_L0.1,published,0.03,half-normal scale 0.1,half-normal scale 0.1,20261005,"76,2,0",100000,SL,A4,rmse_mm,1.519986836,0.004991455319,0.08992941168,0.001901775634,0.02390944841,0.08014215699
0,published_L0.1,published,0.03,half-normal scale 0.1,half-normal scale 0.1,20261005,"76,2,0",100000,SL,A4,mae_mm,1.155509098,0.003122768736,0.06400992367,0.001479422485,0.02390944841,0.08014215699
0,published_L0.1,published,0.03,half-normal scale 0.1,half-normal scale 0.1,20261005,"76,2,0",100000,SL,A4,sd_err_mm,1.385259155,0.003097549124,,,0.02390944841,0.08014215699
1,published_L0.25,published,0.03,half-normal scale 0.25,half-normal scale 0.25,20261005,"76,2,0",100000,AP,A1,bias_mm,0.003085165303,0.006002848344,0.2626855264,0.0007785049323,0.0238790762,0.1989543756
1,published_L0.25,published,0.03,half-normal scale 0.25,half-normal scale 0.25,20261005,"76,2,0",100000,AP,A1,rmse_mm,1.898260337,0.006719244452,-0.02727663399,0.001498803894,0.0238790762,0.1989543756
1,published_L0.25,published,0.03,half-normal scale 0.25,half-normal scale 0.25,20261005,"76,2,0",100000,AP,A1,mae_mm,1.434267338,0.003932283019,-0.03115602432,0.001085889753,0.0238790762,0.1989543756
1,published_L0.25,published,0.03,half-normal scale 0.25,half-normal scale 0.25,20261005,"76,2,0",100000,AP,A1,sd_err_mm,1.898267321,0.004244675994,,,0.0238790762,0.1989543756
1,published_L0.25,published,0.03,half-normal scale 0.25,half-normal scale 0.25,20261005,"76,2,0",100000,AP,A2,bias_mm,-1.157145598,0.005736840883,0.08756184212,0.0002595016441,0.0238790762,0.1989543756
1,published_L0.25,published,0.03,half-normal scale 0.25,half-normal scale 0.25,20261005,"76,2,0",100000,AP,A2,rmse_mm,2.151763778,0.006232098762,-0.05762778263,0.0004150250375,0.0238790762,0.1989543756
1,published_L0.25,published,0.03,half-normal scale 0.25,half-normal scale 0.25,20261005,"76,2,0",100000,AP,A2,mae_mm,1.657406552,0.004339481199,-0.04751514687,0.0003445032258,0.0238790762,0.1989543756
1,published_L0.25,published,0.03,half-normal scale 0.25,half-normal scale 0.25,20261005,"76,2,0",100000,AP,A2,sd_err_mm,1.814148376,0.004056579374,,,0.0238790762,0.1989543756
1,published_L0.25,published,0.03,half-normal scale 0.25,half-normal scale 0.25,20261005,"76,2,0",100000,AP,A3,bias_mm,0.5441963157,0.006173201027,0.1518467749,0.0007032064898,0.0238790762,0.1989543756
1,published_L0.25,published,0.03,half-normal scale 0.25,half-normal scale 0.25,20261005,"76,2,0",100000,AP,A3,rmse_mm,2.026561771,0.008001721862,0.0261982217,0.001064982468,0.0238790762,0.1989543756
1,published_L0.25,published,0.03,half-normal scale 0.25,half-normal scale 0.25,20261005,"76,2,0",100000,AP,A3,mae_mm,1.489339193,0.004346079001,0.01463575458,0.0008157468988,0.0238790762,0.1989543756
1,published_L0.25,published,0.03,half-normal scale 0.25,half-normal scale 0.25,20261005,"76,2,0",100000,AP,A3,sd_err_mm,1.95213757,0.004365134133,,,0.0238790762,0.1989543756
1,published_L0.25,published,0.03,half-normal scale 0.25,half-normal scale 0.25,20261005,"76,2,0",100000,AP,A4,bias_mm,0.4522893239,0.005936493849,0.1710141617,0.0009471120804,0.0238790762,0.1989543756
1,published_L0.25,published,0.03,half-normal scale 0.25,half-normal scale 0.25,20261005,"76,2,0",100000,AP,A4,rmse_mm,1.930991018,0.007148250054,0.02916562928,0.001335848059,0.0238790762,0.1989543756
1,published_L0.25,published,0.03,half-normal scale 0.25,half-normal scale 0.25,20261005,"76,2,0",100000,AP,A4,mae_mm,1.441053209,0.004064613736,0.01584439618,0.0009697156366,0.0238790762,0.1989543756
1,published_L0.25,published,0.03,half-normal scale 0.25,half-normal scale 0.25,20261005,"76,2,0",100000,AP,A4,sd_err_mm,1.877284188,0.004197756046,,,0.0238790762,0.1989543756
1,published_L0.25,published,0.03,half-normal scale 0.25,half-normal scale 0.25,20261005,"76,2,0",100000,SL,A1,bias_mm,-5.091610478e-05,0.004518063982,0.1682098255,0.0005119477827,0.02390944841,0.2003400229
1,published_L0.25,published,0.03,half-normal scale 0.25,half-normal scale 0.25,20261005,"76,2,0",100000,SL,A1,rmse_mm,1.428730137,0.004304265393,-0.01448229833,0.0009541011884,0.02390944841,0.2003400229
1,published_L0.25,published,0.03,half-normal scale 0.25,half-normal scale 0.25,20261005,"76,2,0",100000,SL,A1,mae_mm,1.101346492,0.002878044461,-0.01568940664,0.0007083467664,0.02390944841,0.2003400229
1,published_L0.25,published,0.03,half-normal scale 0.25,half-normal scale 0.25,20261005,"76,2,0",100000,SL,A1,sd_err_mm,1.42873728,0.003194769654,,,0.02390944841,0.2003400229
1,published_L0.25,published,0.03,half-normal scale 0.25,half-normal scale 0.25,20261005,"76,2,0",100000,SL,A2,bias_mm,-0.7401792855,0.004237326859,0.05606994183,0.0001706492609,0.02390944841,0.2003400229
1,published_L0.25,published,0.03,half-normal scale 0.25,half-normal scale 0.25,20261005,"76,2,0",100000,SL,A2,rmse_mm,1.530797606,0.004175001836,-0.03342413415,0.0002807575496,0.02390944841,0.2003400229
1,published_L0.25,published,0.03,half-normal scale 0.25,half-normal scale 0.25,20261005,"76,2,0",100000,SL,A2,mae_mm,1.186283899,0.00305954438,-0.02675853184,0.0002283856468,0.02390944841,0.2003400229
1,published_L0.25,published,0.03,half-normal scale 0.25,half-normal scale 0.25,20261005,"76,2,0",100000,SL,A2,sd_err_mm,1.339960406,0.002996257537,,,0.02390944841,0.2003400229
1,published_L0.25,published,0.03,half-normal scale 0.25,half-normal scale 0.25,20261005,"76,2,0",100000,SL,A3,bias_mm,0.4226451356,0.004547580289,0.09421225117,0.000457348241,0.02390944841,0.2003400229
1,published_L0.25,published,0.03,half-normal scale 0.25,half-normal scale 0.25,20261005,"76,2,0",100000,SL,A3,rmse_mm,1.498885212,0.005307463348,0.0188433727,0.0006792508767,0.02390944841,0.2003400229
1,published_L0.25,published,0.03,half-normal scale 0.25,half-normal scale 0.25,20261005,"76,2,0",100000,SL,A3,mae_mm,1.127389084,0.003123556446,0.01263883398,0.0005229052548,0.02390944841,0.2003400229
1,published_L0.25,published,0.03,half-normal scale 0.25,half-normal scale 0.25,20261005,"76,2,0",100000,SL,A3,sd_err_mm,1.438071155,0.003215640938,,,0.02390944841,0.2003400229
1,published_L0.25,published,0.03,half-normal scale 0.25,half-normal scale 0.25,20261005,"76,2,0",100000,SL,A4,bias_mm,0.3874604554,0.004423595248,0.1011774849,0.000600283522,0.02390944841,0.2003400229
1,published_L0.25,published,0.03,half-normal scale 0.25,half-normal scale 0.25,20261005,"76,2,0",100000,SL,A4,rmse_mm,1.451525242,0.004737004663,0.02146781757,0.0008267776195,0.02390944841,0.2003400229
1,published_L0.25,published,0.03,half-normal scale 0.25,half-normal scale 0.25,20261005,"76,2,0",100000,SL,A4,mae_mm,1.105374148,0.002975033397,0.01387497382,0.0006051379479,0.02390944841,0.2003400229
1,published_L0.25,published,0.03,half-normal scale 0.25,half-normal scale 0.25,20261005,"76,2,0",100000,SL,A4,sd_err_mm,1.398863643,0.003127969837,,,0.02390944841,0.2003400229
2,published_L0.5,published,0.03,half-normal scale 0.5,half-normal scale 0.5,20261005,"76,2,0",100000,AP,A1,bias_mm,0.003085165303,0.006002848344,0.2626855264,0.0007785049323,0.0238790762,0.3839471773
2,published_L0.5,published,0.03,half-normal scale 0.5,half-normal scale 0.5,20261005,"76,2,0",100000,AP,A1,rmse_mm,1.898260337,0.006719244452,-0.02727663399,0.001498803894,0.0238790762,0.3839471773
2,published_L0.5,published,0.03,half-normal scale 0.5,half-normal scale 0.5,20261005,"76,2,0",100000,AP,A1,mae_mm,1.434267338,0.003932283019,-0.03115602432,0.001085889753,0.0238790762,0.3839471773
2,published_L0.5,published,0.03,half-normal scale 0.5,half-normal scale 0.5,20261005,"76,2,0",100000,AP,A1,sd_err_mm,1.898267321,0.004244675994,,,0.0238790762,0.3839471773
2,published_L0.5,published,0.03,half-normal scale 0.5,half-normal scale 0.5,20261005,"76,2,0",100000,AP,A2,bias_mm,-2.513941051,0.007387937093,-1.26923361,0.002866032465,0.0238790762,0.3839471773
2,published_L0.5,published,0.03,half-normal scale 0.5,half-normal scale 0.5,20261005,"76,2,0",100000,AP,A2,rmse_mm,3.431910033,0.009216057076,1.222518472,0.004458483924,0.0238790762,0.3839471773
2,published_L0.5,published,0.03,half-normal scale 0.5,half-normal scale 0.5,20261005,"76,2,0",100000,AP,A2,mae_mm,2.71467757,0.006639711027,1.00975587,0.003514516507,0.0238790762,0.3839471773
2,published_L0.5,published,0.03,half-normal scale 0.5,half-normal scale 0.5,20261005,"76,2,0",100000,AP,A2,sd_err_mm,2.336270842,0.005224086538,,,0.0238790762,0.3839471773
2,published_L0.5,published,0.03,half-normal scale 0.5,half-normal scale 0.5,20261005,"76,2,0",100000,AP,A3,bias_mm,0.3142947854,0.00611617292,-0.07805475546,0.001844021083,0.0238790762,0.3839471773
2,published_L0.5,published,0.03,half-normal scale 0.5,half-normal scale 0.5,20261005,"76,2,0",100000,AP,A3,rmse_mm,1.959464448,0.007459642776,-0.0408991018,0.002655863847,0.0238790762,0.3839471773
2,published_L0.5,published,0.03,half-normal scale 0.5,half-normal scale 0.5,20261005,"76,2,0",100000,AP,A3,mae_mm,1.455062192,0.004150074896,-0.01964124724,0.001692314726,0.0238790762,0.3839471773
2,published_L0.5,published,0.03,half-normal scale 0.5,half-normal scale 0.5,20261005,"76,2,0",100000,AP,A3,sd_err_mm,1.934103699,0.00432480897,,,0.0238790762,0.3839471773
2,published_L0.5,published,0.03,half-normal scale 0.5,half-normal scale 0.5,20261005,"76,2,0",100000,AP,A4,bias_mm,0.2598998444,0.005975634141,-0.02137531778,0.001861516237,0.0238790762,0.3839471773
2,published_L0.5,published,0.03,half-normal scale 0.5,half-normal scale 0.5,20261005,"76,2,0",100000,AP,A4,rmse_mm,1.907441365,0.006939029766,0.005615975611,0.002350266626,0.0238790762,0.3839471773
2,published_L0.5,published,0.03,half-normal scale 0.5,half-normal scale 0.5,20261005,"76,2,0",100000,AP,A4,mae_mm,1.429717172,0.003992815187,0.00450835864,0.001669576126,0.0238790762,0.3839471773
2,published_L0.5,published,0.03,half-normal scale 0.5,half-normal scale 0.5,20261005,"76,2,0",100000,AP,A4,sd_err_mm,1.889661435,0.00422543255,,,0.0238790762,0.3839471773
2,published_L0.5,published,0.03,half-normal scale 0.5,half-normal scale 0.5,20261005,"76,2,0",100000,SL,A1,bias_mm,-5.091610478e-05,0.004518063982,0.1682098255,0.0005119477827,0.02390944841,0.3862897449
2,published_L0.5,published,0.03,half-normal scale 0.5,half-normal scale 0.5,20261005,"76,2,0",100000,SL,A1,rmse_mm,1.428730137,0.004304265393,-0.01448229833,0.0009541011884,0.02390944841,0.3862897449
2,published_L0.5,published,0.03,half-normal scale 0.5,half-normal scale 0.5,20261005,"76,2,0",100000,SL,A1,mae_mm,1.101346492,0.002878044461,-0.01568940664,0.0007083467664,0.02390944841,0.3862897449
2,published_L0.5,published,0.03,half-normal scale 0.5,half-normal scale 0.5,20261005,"76,2,0",100000,SL,A1,sd_err_mm,1.42873728,0.003194769654,,,0.02390944841,0.3862897449
2,published_L0.5,published,0.03,half-normal scale 0.5,half-normal scale 0.5,20261005,"76,2,0",100000,SL,A2,bias_mm,-1.610779202,0.005238364074,-0.8145299743,0.001887151681,0.02390944841,0.3862897449
2,published_L0.5,published,0.03,half-normal scale 0.5,half-normal scale 0.5,20261005,"76,2,0",100000,SL,A2,rmse_mm,2.310547124,0.006192191977,0.746325384,0.003024897256,0.02390944841,0.3862897449
2,published_L0.5,published,0.03,half-normal scale 0.5,half-normal scale 0.5,20261005,"76,2,0",100000,SL,A2,mae_mm,1.812643665,0.004530972837,0.599601234,0.002400662117,0.02390944841,0.3862897449
2,published_L0.5,published,0.03,half-normal scale 0.5,half-normal scale 0.5,20261005,"76,2,0",100000,SL,A2,sd_err_mm,1.656516169,0.003704101279,,,0.02390944841,0.3862897449
2,published_L0.5,published,0.03,half-normal scale 0.5,half-normal scale 0.5,20261005,"76,2,0",100000,SL,A3,bias_mm,0.2491060376,0.00454456763,-0.07932684679,0.001283377774,0.02390944841,0.3862897449
2,published_L0.5,published,0.03,half-normal scale 0.5,half-normal scale 0.5,20261005,"76,2,0",100000,SL,A3,rmse_mm,1.458541278,0.004939535901,-0.02150056124,0.001772551482,0.02390944841,0.3862897449
2,published_L0.5,published,0.03,half-normal scale 0.5,half-normal scale 0.5,20261005,"76,2,0",100000,SL,A3,mae_mm,1.106764912,0.003004035807,-0.007985338471,0.001195384399,0.02390944841,0.3862897449
2,published_L0.5,published,0.03,half-normal scale 0.5,half-normal scale 0.5,20261005,"76,2,0",100000,SL,A3,sd_err_mm,1.437118469,0.003213510656,,,0.02390944841,0.3862897449
2,published_L0.5,published,0.03,half-normal scale 0.5,half-normal scale 0.5,20261005,"76,2,0",100000,SL,A4,bias_mm,0.2290598671,0.00447238092,-0.05722310338,0.001337777428,0.02390944841,0.3862897449
2,published_L0.5,published,0.03,half-normal scale 0.5,half-normal scale 0.5,20261005,"76,2,0",100000,SL,A4,rmse_mm,1.432713345,0.004577858865,0.002655921025,0.001644942864,0.02390944841,0.3862897449
2,published_L0.5,published,0.03,half-normal scale 0.5,half-normal scale 0.5,20261005,"76,2,0",100000,SL,A4,mae_mm,1.095210636,0.002920941158,0.003711461539,0.001206468389,0.02390944841,0.3862897449
2,published_L0.5,published,0.03,half-normal scale 0.5,half-normal scale 0.5,20261005,"76,2,0",100000,SL,A4,sd_err_mm,1.414291027,0.003162466689,,,0.02390944841,0.3862897449
3,lib_biplane_inflow,library_match,0.03,half-normal scale 0.2835,half-normal scale 0.2835,20261005,"76,2,0",100000,AP,A1,bias_mm,0.003085165303,0.006002848344,0.2626855264,0.0007785049323,0.0238790762,0.225513562
3,lib_biplane_inflow,library_match,0.03,half-normal scale 0.2835,half-normal scale 0.2835,20261005,"76,2,0",100000,AP,A1,rmse_mm,1.898260337,0.006719244452,-0.02727663399,0.001498803894,0.0238790762,0.225513562
3,lib_biplane_inflow,library_match,0.03,half-normal scale 0.2835,half-normal scale 0.2835,20261005,"76,2,0",100000,AP,A1,mae_mm,1.434267338,0.003932283019,-0.03115602432,0.001085889753,0.0238790762,0.225513562
3,lib_biplane_inflow,library_match,0.03,half-normal scale 0.2835,half-normal scale 0.2835,20261005,"76,2,0",100000,AP,A1,sd_err_mm,1.898267321,0.004244675994,,,0.0238790762,0.225513562
3,lib_biplane_inflow,library_match,0.03,half-normal scale 0.2835,half-normal scale 0.2835,20261005,"76,2,0",100000,AP,A2,bias_mm,-1.352119663,0.005951640593,-0.1074122228,0.0004431247788,0.0238790762,0.225513562
3,lib_biplane_inflow,library_match,0.03,half-normal scale 0.2835,half-normal scale 0.2835,20261005,"76,2,0",100000,AP,A2,rmse_mm,2.317411214,0.006721112069,0.1080196537,0.000704750925,0.0238790762,0.225513562
3,lib_biplane_inflow,library_match,0.03,half-normal scale 0.2835,half-normal scale 0.2835,20261005,"76,2,0",100000,AP,A2,mae_mm,1.78712319,0.004665412312,0.0822014912,0.0004897402487,0.0238790762,0.225513562
3,lib_biplane_inflow,library_match,0.03,half-normal scale 0.2835,half-normal scale 0.2835,20261005,"76,2,0",100000,AP,A2,sd_err_mm,1.882074009,0.004208466465,,,0.0238790762,0.225513562
3,lib_biplane_inflow,library_match,0.03,half-normal scale 0.2835,half-normal scale 0.2835,20261005,"76,2,0",100000,AP,A3,bias_mm,0.4967479122,0.006162210434,0.1043983713,0.0008565735065,0.0238790762,0.225513562
3,lib_biplane_inflow,library_match,0.03,half-normal scale 0.2835,half-normal scale 0.2835,20261005,"76,2,0",100000,AP,A3,rmse_mm,2.010970974,0.007894017766,0.01060742431,0.001196885516,0.0238790762,0.225513562
3,lib_biplane_inflow,library_match,0.03,half-normal scale 0.2835,half-normal scale 0.2835,20261005,"76,2,0",100000,AP,A3,mae_mm,1.480664427,0.004303086835,0.005960987599,0.0008828867206,0.0238790762,0.225513562
3,lib_biplane_inflow,library_match,0.03,half-normal scale 0.2835,half-normal scale 0.2835,20261005,"76,2,0",100000,AP,A3,sd_err_mm,1.948662039,0.004357362572,,,0.0238790762,0.225513562
3,lib_biplane_inflow,library_match,0.03,half-normal scale 0.2835,half-normal scale 0.2835,20261005,"76,2,0",100000,AP,A4,bias_mm,0.4127083602,0.005944833673,0.1314331979,0.001112314651,0.0238790762,0.225513562
3,lib_biplane_inflow,library_match,0.03,half-normal scale 0.2835,half-normal scale 0.2835,20261005,"76,2,0",100000,AP,A4,rmse_mm,1.924681166,0.007098811589,0.02285577658,0.00146293935,0.0238790762,0.225513562
3,lib_biplane_inflow,library_match,0.03,half-normal scale 0.2835,half-normal scale 0.2835,20261005,"76,2,0",100000,AP,A4,mae_mm,1.437408866,0.004047554475,0.01220005339,0.001056938781,0.0238790762,0.225513562
3,lib_biplane_inflow,library_match,0.03,half-normal scale 0.2835,half-normal scale 0.2835,20261005,"76,2,0",100000,AP,A4,sd_err_mm,1.879921472,0.004203653221,,,0.0238790762,0.225513562
3,lib_biplane_inflow,library_match,0.03,half-normal scale 0.2835,half-normal scale 0.2835,20261005,"76,2,0",100000,SL,A1,bias_mm,-5.091610478e-05,0.004518063982,0.1682098255,0.0005119477827,0.02390944841,0.2270816124
3,lib_biplane_inflow,library_match,0.03,half-normal scale 0.2835,half-normal scale 0.2835,20261005,"76,2,0",100000,SL,A1,rmse_mm,1.428730137,0.004304265393,-0.01448229833,0.0009541011884,0.02390944841,0.2270816124
3,lib_biplane_inflow,library_match,0.03,half-normal scale 0.2835,half-normal scale 0.2835,20261005,"76,2,0",100000,SL,A1,mae_mm,1.101346492,0.002878044461,-0.01568940664,0.0007083467664,0.02390944841,0.2270816124
3,lib_biplane_inflow,library_match,0.03,half-normal scale 0.2835,half-normal scale 0.2835,20261005,"76,2,0",100000,SL,A1,sd_err_mm,1.42873728,0.003194769654,,,0.02390944841,0.2270816124
3,lib_biplane_inflow,library_match,0.03,half-normal scale 0.2835,half-normal scale 0.2835,20261005,"76,2,0",100000,SL,A2,bias_mm,-0.8652364915,0.004363610526,-0.06898726415,0.0002876761865,0.02390944841,0.2270816124
3,lib_biplane_inflow,library_match,0.03,half-normal scale 0.2835,half-normal scale 0.2835,20261005,"76,2,0",100000,SL,A2,rmse_mm,1.628718769,0.004479901558,0.06449702844,0.0004470152604,0.02390944841,0.2270816124
3,lib_biplane_inflow,library_match,0.03,half-normal scale 0.2835,half-normal scale 0.2835,20261005,"76,2,0",100000,SL,A2,mae_mm,1.261239582,0.003258849741,0.04819715092,0.0003240347478,0.02390944841,0.2270816124
3,lib_biplane_inflow,library_match,0.03,half-normal scale 0.2835,half-normal scale 0.2835,20261005,"76,2,0",100000,SL,A2,sd_err_mm,1.379894808,0.003085554021,,,0.02390944841,0.2270816124
3,lib_biplane_inflow,library_match,0.03,half-normal scale 0.2835,half-normal scale 0.2835,20261005,"76,2,0",100000,SL,A3,bias_mm,0.387489339,0.004546807302,0.05905645462,0.0005673430528,0.02390944841,0.2270816124
3,lib_biplane_inflow,library_match,0.03,half-normal scale 0.2835,half-normal scale 0.2835,20261005,"76,2,0",100000,SL,A3,rmse_mm,1.489118188,0.005233376968,0.009076349113,0.0007681872209,0.02390944841,0.2270816124
3,lib_biplane_inflow,library_match,0.03,half-normal scale 0.2835,half-normal scale 0.2835,20261005,"76,2,0",100000,SL,A3,mae_mm,1.121794427,0.003096869115,0.007044177123,0.000575257063,0.02390944841,0.2270816124
3,lib_biplane_inflow,library_match,0.03,half-normal scale 0.2835,half-normal scale 0.2835,20261005,"76,2,0",100000,SL,A3,sd_err_mm,1.437826716,0.003215094351,,,0.02390944841,0.2270816124
3,lib_biplane_inflow,library_match,0.03,half-normal scale 0.2835,half-normal scale 0.2835,20261005,"76,2,0",100000,SL,A4,bias_mm,0.3553245498,0.004432912975,0.06904157926,0.0007244345145,0.02390944841,0.2270816124
3,lib_biplane_inflow,library_match,0.03,half-normal scale 0.2835,half-normal scale 0.2835,20261005,"76,2,0",100000,SL,A4,rmse_mm,1.446135412,0.004704283064,0.01607798742,0.0009412133867,0.02390944841,0.2270816124
3,lib_biplane_inflow,library_match,0.03,half-normal scale 0.2835,half-normal scale 0.2835,20261005,"76,2,0",100000,SL,A4,mae_mm,1.101909689,0.002961606721,0.0104105148,0.0006717445755,0.02390944841,0.2270816124
3,lib_biplane_inflow,library_match,0.03,half-normal scale 0.2835,half-normal scale 0.2835,20261005,"76,2,0",100000,SL,A4,sd_err_mm,1.401810167,0.003134558498,,,0.02390944841,0.2270816124
4,lib_biplane_mean_three_views,library_match,0.03,half-normal scale 0.3299,half-normal scale 0.3299,20261005,"76,2,0",100000,AP,A1,bias_mm,0.003085165303,0.006002848344,0.2626855264,0.0007785049323,0.0238790762,0.2619219578
4,lib_biplane_mean_three_views,library_match,0.03,half-normal scale 0.3299,half-normal scale 0.3299,20261005,"76,2,0",100000,AP,A1,rmse_mm,1.898260337,0.006719244452,-0.02727663399,0.001498803894,0.0238790762,0.2619219578
4,lib_biplane_mean_three_views,library_match,0.03,half-normal scale 0.3299,half-normal scale 0.3299,20261005,"76,2,0",100000,AP,A1,mae_mm,1.434267338,0.003932283019,-0.03115602432,0.001085889753,0.0238790762,0.2619219578
4,lib_biplane_mean_three_views,library_match,0.03,half-normal scale 0.3299,half-normal scale 0.3299,20261005,"76,2,0",100000,AP,A1,sd_err_mm,1.898267321,0.004244675994,,,0.0238790762,0.2619219578
4,lib_biplane_mean_three_views,library_match,0.03,half-normal scale 0.3299,half-normal scale 0.3299,20261005,"76,2,0",100000,AP,A2,bias_mm,-1.619352558,0.006276658906,-0.3746451175,0.001017334914,0.0238790762,0.2619219578
4,lib_biplane_mean_three_views,library_match,0.03,half-normal scale 0.3299,half-normal scale 0.3299,20261005,"76,2,0",100000,AP,A2,rmse_mm,2.561622145,0.007401414177,0.3522305841,0.001724907397,0.0238790762,0.2619219578
4,lib_biplane_mean_three_views,library_match,0.03,half-normal scale 0.3299,half-normal scale 0.3299,20261005,"76,2,0",100000,AP,A2,mae_mm,1.981092797,0.005135373124,0.2761710981,0.001263678056,0.0238790762,0.2619219578
4,lib_biplane_mean_three_views,library_match,0.03,half-normal scale 0.3299,half-normal scale 0.3299,20261005,"76,2,0",100000,AP,A2,sd_err_mm,1.984853824,0.004438290267,,,0.0238790762,0.2619219578
4,lib_biplane_mean_three_views,library_match,0.03,half-normal scale 0.3299,half-normal scale 0.3299,20261005,"76,2,0",100000,AP,A3,bias_mm,0.4424593549,0.006149733731,0.05010981406,0.0011137545,0.0238790762,0.2619219578
4,lib_biplane_mean_three_views,library_match,0.03,half-normal scale 0.3299,half-normal scale 0.3299,20261005,"76,2,0",100000,AP,A3,rmse_mm,1.994405916,0.007768523061,-0.00595763378,0.001530305683,0.0238790762,0.2619219578
4,lib_biplane_mean_three_views,library_match,0.03,half-normal scale 0.3299,half-normal scale 0.3299,20261005,"76,2,0",100000,AP,A3,mae_mm,1.471990133,0.004255488357,-0.002713305961,0.001075856888,0.0238790762,0.2619219578
4,lib_biplane_mean_three_views,library_match,0.03,half-normal scale 0.3299,half-normal scale 0.3299,20261005,"76,2,0",100000,AP,A3,sd_err_mm,1.944716559,0.004348540166,,,0.0238790762,0.2619219578
4,lib_biplane_mean_three_views,library_match,0.03,half-normal scale 0.3299,half-normal scale 0.3299,20261005,"76,2,0",100000,AP,A4,bias_mm,0.3670583127,0.005953800557,0.08578315049,0.00132940218,0.0238790762,0.2619219578
4,lib_biplane_mean_three_views,library_match,0.03,half-normal scale 0.3299,half-normal scale 0.3299,20261005,"76,2,0",100000,AP,A4,rmse_mm,1.918194585,0.007049565148,0.01636919548,0.001682535405,0.0238790762,0.2619219578
4,lib_biplane_mean_three_views,library_match,0.03,half-normal scale 0.3299,half-normal scale 0.3299,20261005,"76,2,0",100000,AP,A4,mae_mm,1.434133875,0.004028333057,0.008925061559,0.001223523134,0.0238790762,0.2619219578
4,lib_biplane_mean_three_views,library_match,0.03,half-normal scale 0.3299,half-normal scale 0.3299,20261005,"76,2,0",100000,AP,A4,sd_err_mm,1.882757049,0.004209993798,,,0.0238790762,0.2619219578
4,lib_biplane_mean_three_views,library_match,0.03,half-normal scale 0.3299,half-normal scale 0.3299,20261005,"76,2,0",100000,SL,A1,bias_mm,-5.091610478e-05,0.004518063982,0.1682098255,0.0005119477827,0.02390944841,0.2637028878
4,lib_biplane_mean_three_views,library_match,0.03,half-normal scale 0.3299,half-normal scale 0.3299,20261005,"76,2,0",100000,SL,A1,rmse_mm,1.428730137,0.004304265393,-0.01448229833,0.0009541011884,0.02390944841,0.2637028878
4,lib_biplane_mean_three_views,library_match,0.03,half-normal scale 0.3299,half-normal scale 0.3299,20261005,"76,2,0",100000,SL,A1,mae_mm,1.101346492,0.002878044461,-0.01568940664,0.0007083467664,0.02390944841,0.2637028878
4,lib_biplane_mean_three_views,library_match,0.03,half-normal scale 0.3299,half-normal scale 0.3299,20261005,"76,2,0",100000,SL,A1,sd_err_mm,1.42873728,0.003194769654,,,0.02390944841,0.2637028878
4,lib_biplane_mean_three_views,library_match,0.03,half-normal scale 0.3299,half-normal scale 0.3299,20261005,"76,2,0",100000,SL,A2,bias_mm,-1.036608302,0.00455634499,-0.240359075,0.000663619729,0.02390944841,0.2637028878
4,lib_biplane_mean_three_views,library_match,0.03,half-normal scale 0.3299,half-normal scale 0.3299,20261005,"76,2,0",100000,SL,A2,rmse_mm,1.774982811,0.004915128907,0.2107610707,0.001124614233,0.02390944841,0.2637028878
4,lib_biplane_mean_three_views,library_match,0.03,half-normal scale 0.3299,half-normal scale 0.3299,20261005,"76,2,0",100000,SL,A2,mae_mm,1.374718682,0.003550669136,0.1616762507,0.0008481477619,0.02390944841,0.2637028878
4,lib_biplane_mean_three_views,library_match,0.03,half-normal scale 0.3299,half-normal scale 0.3299,20261005,"76,2,0",100000,SL,A2,sd_err_mm,1.440842797,0.003221838549,,,0.02390944841,0.2637028878
4,lib_biplane_mean_three_views,library_match,0.03,half-normal scale 0.3299,half-normal scale 0.3299,20261005,"76,2,0",100000,SL,A3,bias_mm,0.3470433662,0.004545741158,0.01861048183,0.0007516579097,0.02390944841,0.2637028878
4,lib_biplane_mean_three_views,library_match,0.03,half-normal scale 0.3299,half-normal scale 0.3299,20261005,"76,2,0",100000,SL,A3,rmse_mm,1.478781492,0.00514723179,-0.00126034683,0.0009974184747,0.02390944841,0.2637028878
4,lib_biplane_mean_three_views,library_match,0.03,half-normal scale 0.3299,half-normal scale 0.3299,20261005,"76,2,0",100000,SL,A3,mae_mm,1.116298631,0.003067053107,0.001548380135,0.0007226232626,0.02390944841,0.2637028878
4,lib_biplane_mean_three_views,library_match,0.03,half-normal scale 0.3299,half-normal scale 0.3299,20261005,"76,2,0",100000,SL,A3,sd_err_mm,1.437489571,0.00321434047,,,0.02390944841,0.2637028878
4,lib_biplane_mean_three_views,library_match,0.03,half-normal scale 0.3299,half-normal scale 0.3299,20261005,"76,2,0",100000,SL,A4,bias_mm,0.3185802956,0.004444696108,0.03229732511,0.0008975423361,0.02390944841,0.2637028878
4,lib_biplane_mean_three_views,library_match,0.03,half-normal scale 0.3299,half-normal scale 0.3299,20261005,"76,2,0",100000,SL,A4,rmse_mm,1.441182153,0.004668910828,0.01112472893,0.001131145939,0.02390944841,0.2637028878
4,lib_biplane_mean_three_views,library_match,0.03,half-normal scale 0.3299,half-normal scale 0.3299,20261005,"76,2,0",100000,SL,A4,mae_mm,1.09904431,0.002948077839,0.007545135813,0.0008116154804,0.02390944841,0.2637028878
4,lib_biplane_mean_three_views,library_match,0.03,half-normal scale 0.3299,half-normal scale 0.3299,20261005,"76,2,0",100000,SL,A4,sd_err_mm,1.405536321,0.003142890473,,,0.02390944841,0.2637028878
5,lib_biplane_mBC,library_match,0.03,half-normal scale 0.3580,half-normal scale 0.3580,20261005,"76,2,0",100000,AP,A1,bias_mm,0.003085165303,0.006002848344,0.2626855264,0.0007785049323,0.0238790762,0.2835705884
5,lib_biplane_mBC,library_match,0.03,half-normal scale 0.3580,half-normal scale 0.3580,20261005,"76,2,0",100000,AP,A1,rmse_mm,1.898260337,0.006719244452,-0.02727663399,0.001498803894,0.0238790762,0.2835705884
5,lib_biplane_mBC,library_match,0.03,half-normal scale 0.3580,half-normal scale 0.3580,20261005,"76,2,0",100000,AP,A1,mae_mm,1.434267338,0.003932283019,-0.03115602432,0.001085889753,0.0238790762,0.2835705884
5,lib_biplane_mBC,library_match,0.03,half-normal scale 0.3580,half-normal scale 0.3580,20261005,"76,2,0",100000,AP,A1,sd_err_mm,1.898267321,0.004244675994,,,0.0238790762,0.2835705884
5,lib_biplane_mBC,library_match,0.03,half-normal scale 0.3580,half-normal scale 0.3580,20261005,"76,2,0",100000,AP,A2,bias_mm,-1.778262423,0.006478787607,-0.5335549829,0.001366758224,0.0238790762,0.2835705884
5,lib_biplane_mBC,library_match,0.03,half-normal scale 0.3580,half-normal scale 0.3580,20261005,"76,2,0",100000,AP,A2,rmse_mm,2.71286641,0.0077907107,0.5034748492,0.002302817839,0.0238790762,0.2835705884
5,lib_biplane_mBC,library_match,0.03,half-normal scale 0.3580,half-normal scale 0.3580,20261005,"76,2,0",100000,AP,A2,mae_mm,2.103423033,0.005417827104,0.3985013341,0.001711688737,0.0238790762,0.2835705884
5,lib_biplane_mBC,library_match,0.03,half-normal scale 0.3580,half-normal scale 0.3580,20261005,"76,2,0",100000,AP,A2,sd_err_mm,2.048772532,0.004581217557,,,0.0238790762,0.2835705884
5,lib_biplane_mBC,library_match,0.03,half-normal scale 0.3580,half-normal scale 0.3580,20261005,"76,2,0",100000,AP,A3,bias_mm,0.4146909606,0.006142931723,0.02234141969,0.001263042044,0.0238790762,0.2835705884
5,lib_biplane_mBC,library_match,0.03,half-normal scale 0.3580,half-normal scale 0.3580,20261005,"76,2,0",100000,AP,A3,rmse_mm,1.986326225,0.007703388788,-0.0140373247,0.001747278676,0.0238790762,0.2835705884
5,lib_biplane_mBC,library_match,0.03,half-normal scale 0.3580,half-normal scale 0.3580,20261005,"76,2,0",100000,AP,A3,mae_mm,1.46782775,0.004232010725,-0.006875688589,0.001198901612,0.0238790762,0.2835705884
5,lib_biplane_mBC,library_match,0.03,half-normal scale 0.3580,half-normal scale 0.3580,20261005,"76,2,0",100000,AP,A3,sd_err_mm,1.942565576,0.004343730396,,,0.0238790762,0.2835705884
5,lib_biplane_mBC,library_match,0.03,half-normal scale 0.3580,half-normal scale 0.3580,20261005,"76,2,0",100000,AP,A4,bias_mm,0.3438962245,0.005957529727,0.06262106231,0.001446080016,0.0238790762,0.2835705884
5,lib_biplane_mBC,library_match,0.03,half-normal scale 0.3580,half-normal scale 0.3580,20261005,"76,2,0",100000,AP,A4,rmse_mm,1.915057484,0.007022836803,0.01323209477,0.001814230894,0.0238790762,0.2835705884
5,lib_biplane_mBC,library_match,0.03,half-normal scale 0.3580,half-normal scale 0.3580,20261005,"76,2,0",100000,AP,A4,mae_mm,1.432564314,0.004018980971,0.007355501154,0.001317544099,0.0238790762,0.2835705884
5,lib_biplane_mBC,library_match,0.03,half-normal scale 0.3580,half-normal scale 0.3580,20261005,"76,2,0",100000,AP,A4,sd_err_mm,1.883936317,0.004212630733,,,0.0238790762,0.2835705884
5,lib_biplane_mBC,library_match,0.03,half-normal scale 0.3580,half-normal scale 0.3580,20261005,"76,2,0",100000,SL,A1,bias_mm,-5.091610478e-05,0.004518063982,0.1682098255,0.0005119477827,0.02390944841,0.2854722795
5,lib_biplane_mBC,library_match,0.03,half-normal scale 0.3580,half-normal scale 0.3580,20261005,"76,2,0",100000,SL,A1,rmse_mm,1.428730137,0.004304265393,-0.01448229833,0.0009541011884,0.02390944841,0.2854722795
5,lib_biplane_mBC,library_match,0.03,half-normal scale 0.3580,half-normal scale 0.3580,20261005,"76,2,0",100000,SL,A1,mae_mm,1.101346492,0.002878044461,-0.01568940664,0.0007083467664,0.02390944841,0.2854722795
5,lib_biplane_mBC,library_match,0.03,half-normal scale 0.3580,half-normal scale 0.3580,20261005,"76,2,0",100000,SL,A1,sd_err_mm,1.42873728,0.003194769654,,,0.02390944841,0.2854722795
5,lib_biplane_mBC,library_match,0.03,half-normal scale 0.3580,half-normal scale 0.3580,20261005,"76,2,0",100000,SL,A2,bias_mm,-1.138523911,0.004677290059,-0.3422746835,0.0008927916217,0.02390944841,0.2854722795
5,lib_biplane_mBC,library_match,0.03,half-normal scale 0.3580,half-normal scale 0.3580,20261005,"76,2,0",100000,SL,A2,rmse_mm,1.86652593,0.005169897022,0.3023041902,0.001512674533,0.02390944841,0.2854722795
5,lib_biplane_mBC,library_match,0.03,half-normal scale 0.3580,half-normal scale 0.3580,20261005,"76,2,0",100000,SL,A2,mae_mm,1.4468405,0.003729055541,0.2337980685,0.001153208634,0.02390944841,0.2854722795
5,lib_biplane_mBC,library_match,0.03,half-normal scale 0.3580,half-normal scale 0.3580,20261005,"76,2,0",100000,SL,A2,sd_err_mm,1.479088986,0.003307360055,,,0.02390944841,0.2854722795
5,lib_biplane_mBC,library_match,0.03,half-normal scale 0.3580,half-normal scale 0.3580,20261005,"76,2,0",100000,SL,A3,bias_mm,0.3261792068,0.00454538785,-0.00225367756,0.0008589547489,0.02390944841,0.2854722795
5,lib_biplane_mBC,library_match,0.03,half-normal scale 0.3580,half-normal scale 0.3580,20261005,"76,2,0",100000,SL,A3,rmse_mm,1.47391563,0.005103070972,-0.006126208934,0.001146036765,0.02390944841,0.2854722795
5,lib_biplane_mBC,library_match,0.03,half-normal scale 0.3580,half-normal scale 0.3580,20261005,"76,2,0",100000,SL,A3,mae_mm,1.113907767,0.00305228781,-0.0008424830777,0.0008166014851,0.02390944841,0.2854722795
5,lib_biplane_mBC,library_match,0.03,half-normal scale 0.3580,half-normal scale 0.3580,20261005,"76,2,0",100000,SL,A3,sd_err_mm,1.437377845,0.003214090642,,,0.02390944841,0.2854722795
5,lib_biplane_mBC,library_match,0.03,half-normal scale 0.3580,half-normal scale 0.3580,20261005,"76,2,0",100000,SL,A4,bias_mm,0.2991918476,0.004450454709,0.01290887715,0.0009840528267,0.02390944841,0.2854722795
5,lib_biplane_mBC,library_match,0.03,half-normal scale 0.3580,half-normal scale 0.3580,20261005,"76,2,0",100000,SL,A4,rmse_mm,1.438801816,0.004655816726,0.008744392092,0.001237029927,0.02390944841,0.2854722795
5,lib_biplane_mBC,library_match,0.03,half-normal scale 0.3580,half-normal scale 0.3580,20261005,"76,2,0",100000,SL,A4,mae_mm,1.097746936,0.002941276905,0.006247761398,0.0008894197139,0.02390944841,0.2854722795
5,lib_biplane_mBC,library_match,0.03,half-normal scale 0.3580,half-normal scale 0.3580,20261005,"76,2,0",100000,SL,A4,sd_err_mm,1.40735735,0.003146962439,,,0.02390944841,0.2854722795
6,geom_ind15_r1_halfnormal,geometric_match,0.03,half-normal scale 0.3699,half-normal scale 0.0301,20261005,"76,2,0",100000,AP,A1,bias_mm,0.003085165303,0.006002848344,0.2626855264,0.0007785049323,0.0238790762,0.2926205573
6,geom_ind15_r1_halfnormal,geometric_match,0.03,half-normal scale 0.3699,half-normal scale 0.0301,20261005,"76,2,0",100000,AP,A1,rmse_mm,1.898260337,0.006719244452,-0.02727663399,0.001498803894,0.0238790762,0.2926205573
6,geom_ind15_r1_halfnormal,geometric_match,0.03,half-normal scale 0.3699,half-normal scale 0.0301,20261005,"76,2,0",100000,AP,A1,mae_mm,1.434267338,0.003932283019,-0.03115602432,0.001085889753,0.0238790762,0.2926205573
6,geom_ind15_r1_halfnormal,geometric_match,0.03,half-normal scale 0.3699,half-normal scale 0.0301,20261005,"76,2,0",100000,AP,A1,sd_err_mm,1.898267321,0.004244675994,,,0.0238790762,0.2926205573
6,geom_ind15_r1_halfnormal,geometric_match,0.03,half-normal scale 0.3699,half-normal scale 0.0301,20261005,"76,2,0",100000,AP,A2,bias_mm,-1.844667025,0.006563995151,-0.5999595848,0.001511266427,0.0238790762,0.2926205573
6,geom_ind15_r1_halfnormal,geometric_match,0.03,half-normal scale 0.3699,half-normal scale 0.0301,20261005,"76,2,0",100000,AP,A2,rmse_mm,2.776932945,0.007948090443,0.5675413846,0.002535157538,0.0238790762,0.2926205573
6,geom_ind15_r1_halfnormal,geometric_match,0.03,half-normal scale 0.3699,half-normal scale 0.0301,20261005,"76,2,0",100000,AP,A2,mae_mm,2.155782779,0.005535330008,0.4508610802,0.001893224702,0.0238790762,0.2926205573
6,geom_ind15_r1_halfnormal,geometric_match,0.03,half-normal scale 0.3699,half-normal scale 0.0301,20261005,"76,2,0",100000,AP,A2,sd_err_mm,2.075717523,0.00464146869,,,0.0238790762,0.2926205573
6,geom_ind15_r1_halfnormal,geometric_match,0.03,half-normal scale 0.3699,half-normal scale 0.0301,20261005,"76,2,0",100000,AP,A3,bias_mm,0.4038855247,0.006140203044,0.01153598381,0.001323202005,0.0238790762,0.2926205573
6,geom_ind15_r1_halfnormal,geometric_match,0.03,half-normal scale 0.3699,half-normal scale 0.0301,20261005,"76,2,0",100000,AP,A3,rmse_mm,1.983253679,0.007677893237,-0.01710987035,0.001837838833,0.0238790762,0.2926205573
6,geom_ind15_r1_halfnormal,geometric_match,0.03,half-normal scale 0.3699,half-normal scale 0.0301,20261005,"76,2,0",100000,AP,A3,mae_mm,1.466250779,0.004223057712,-0.008452659735,0.001249651962,0.0238790762,0.2926205573
6,geom_ind15_r1_halfnormal,geometric_match,0.03,half-normal scale 0.3699,half-normal scale 0.0301,20261005,"76,2,0",100000,AP,A3,sd_err_mm,1.941702691,0.004341800919,,,0.0238790762,0.2926205573
6,geom_ind15_r1_halfnormal,geometric_match,0.03,half-normal scale 0.3699,half-normal scale 0.0301,20261005,"76,2,0",100000,AP,A4,bias_mm,0.3347919086,0.005959243891,0.05351674635,0.001491870208,0.0238790762,0.2926205573
6,geom_ind15_r1_halfnormal,geometric_match,0.03,half-normal scale 0.3699,half-normal scale 0.0301,20261005,"76,2,0",100000,AP,A4,rmse_mm,1.913977242,0.007011852248,0.0121518533,0.001863279288,0.0238790762,0.2926205573
6,geom_ind15_r1_halfnormal,geometric_match,0.03,half-normal scale 0.3699,half-normal scale 0.0301,20261005,"76,2,0",100000,AP,A4,mae_mm,1.432068882,0.004015599241,0.00686006918,0.001354003547,0.0238790762,0.2926205573
6,geom_ind15_r1_halfnormal,geometric_match,0.03,half-normal scale 0.3699,half-normal scale 0.0301,20261005,"76,2,0",100000,AP,A4,sd_err_mm,1.884478383,0.004213842835,,,0.0238790762,0.2926205573
6,geom_ind15_r1_halfnormal,geometric_match,0.03,half-normal scale 0.3699,half-normal scale 0.0301,20261005,"76,2,0",100000,SL,A1,bias_mm,-5.091610478e-05,0.004518063982,0.1682098255,0.0005119477827,0.02390944841,0.02409188758
6,geom_ind15_r1_halfnormal,geometric_match,0.03,half-normal scale 0.3699,half-normal scale 0.0301,20261005,"76,2,0",100000,SL,A1,rmse_mm,1.428730137,0.004304265393,-0.01448229833,0.0009541011884,0.02390944841,0.02409188758
6,geom_ind15_r1_halfnormal,geometric_match,0.03,half-normal scale 0.3699,half-normal scale 0.0301,20261005,"76,2,0",100000,SL,A1,mae_mm,1.101346492,0.002878044461,-0.01568940664,0.0007083467664,0.02390944841,0.02409188758
6,geom_ind15_r1_halfnormal,geometric_match,0.03,half-normal scale 0.3699,half-normal scale 0.0301,20261005,"76,2,0",100000,SL,A1,sd_err_mm,1.42873728,0.003194769654,,,0.02390944841,0.02409188758
6,geom_ind15_r1_halfnormal,geometric_match,0.03,half-normal scale 0.3699,half-normal scale 0.0301,20261005,"76,2,0",100000,SL,A2,bias_mm,0.08404203447,0.003904919288,0.8802912618,0.002055148744,0.02390944841,0.02409188758
6,geom_ind15_r1_halfnormal,geometric_match,0.03,half-normal scale 0.3699,half-normal scale 0.0301,20261005,"76,2,0",100000,SL,A2,rmse_mm,1.23769434,0.00357946711,-0.3265274,0.003963129901,0.02390944841,0.02409188758
6,geom_ind15_r1_halfnormal,geometric_match,0.03,half-normal scale 0.3699,half-normal scale 0.0301,20261005,"76,2,0",100000,SL,A2,mae_mm,0.9538990134,0.002493932981,-0.2591434179,0.002843663053,0.02390944841,0.02409188758
6,geom_ind15_r1_halfnormal,geometric_match,0.03,half-normal scale 0.3699,half-normal scale 0.0301,20261005,"76,2,0",100000,SL,A2,sd_err_mm,1.234843903,0.002761208714,,,0.02390944841,0.02409188758
6,geom_ind15_r1_halfnormal,geometric_match,0.03,half-normal scale 0.3699,half-normal scale 0.0301,20261005,"76,2,0",100000,SL,A3,bias_mm,0.9043735371,0.004654440787,0.5759406527,0.001990066312,0.02390944841,0.02409188758
6,geom_ind15_r1_halfnormal,geometric_match,0.03,half-normal scale 0.3699,half-normal scale 0.0301,20261005,"76,2,0",100000,SL,A3,rmse_mm,1.727498693,0.006154844056,0.247456854,0.00314100581,0.02390944841,0.02409188758
6,geom_ind15_r1_halfnormal,geometric_match,0.03,half-normal scale 0.3699,half-normal scale 0.0301,20261005,"76,2,0",100000,SL,A3,mae_mm,1.290225391,0.003632607014,0.1754751402,0.002244248747,0.02390944841,0.02409188758
6,geom_ind15_r1_halfnormal,geometric_match,0.03,half-normal scale 0.3699,half-normal scale 0.0301,20261005,"76,2,0",100000,SL,A3,sd_err_mm,1.471863412,0.003291203099,,,0.02390944841,0.02409188758
6,geom_ind15_r1_halfnormal,geometric_match,0.03,half-normal scale 0.3699,half-normal scale 0.0301,20261005,"76,2,0",100000,SL,A4,bias_mm,0.8256247318,0.004399537303,0.5393417613,0.001951432035,0.02390944841,0.02409188758
6,geom_ind15_r1_halfnormal,geometric_match,0.03,half-normal scale 0.3699,half-normal scale 0.0301,20261005,"76,2,0",100000,SL,A4,rmse_mm,1.617785428,0.00519682982,0.1877280034,0.002810927246,0.02390944841,0.02409188758
6,geom_ind15_r1_halfnormal,geometric_match,0.03,half-normal scale 0.3699,half-normal scale 0.0301,20261005,"76,2,0",100000,SL,A4,mae_mm,1.233058168,0.003311809495,0.1415589935,0.002163655247,0.02390944841,0.02409188758
6,geom_ind15_r1_halfnormal,geometric_match,0.03,half-normal scale 0.3699,half-normal scale 0.0301,20261005,"76,2,0",100000,SL,A4,sd_err_mm,1.391255853,0.003110958216,,,0.02390944841,0.02409188758
7,geom_ind15_r1_chord,geometric_match,0.03,"chord link, shift 0.2308, offset scale 0.3844","chord link, shift -0.1390, offset scale 0.5058",20261005,"76,2,0",100000,AP,A1,bias_mm,0.003085165303,0.006002848344,0.2626855264,0.0007785049323,0.0238790762,0.2948076302
7,geom_ind15_r1_chord,geometric_match,0.03,"chord link, shift 0.2308, offset scale 0.3844","chord link, shift -0.1390, offset scale 0.5058",20261005,"76,2,0",100000,AP,A1,rmse_mm,1.898260337,0.006719244452,-0.02727663399,0.001498803894,0.0238790762,0.2948076302
7,geom_ind15_r1_chord,geometric_match,0.03,"chord link, shift 0.2308, offset scale 0.3844","chord link, shift -0.1390, offset scale 0.5058",20261005,"76,2,0",100000,AP,A1,mae_mm,1.434267338,0.003932283019,-0.03115602432,0.001085889753,0.0238790762,0.2948076302
7,geom_ind15_r1_chord,geometric_match,0.03,"chord link, shift 0.2308, offset scale 0.3844","chord link, shift -0.1390, offset scale 0.5058",20261005,"76,2,0",100000,AP,A1,sd_err_mm,1.898267321,0.004244675994,,,0.0238790762,0.2948076302
7,geom_ind15_r1_chord,geometric_match,0.03,"chord link, shift 0.2308, offset scale 0.3844","chord link, shift -0.1390, offset scale 0.5058",20261005,"76,2,0",100000,AP,A2,bias_mm,-1.85941302,0.00549154621,-0.6147055794,0.001598973273,0.0238790762,0.2948076302
7,geom_ind15_r1_chord,geometric_match,0.03,"chord link, shift 0.2308, offset scale 0.3844","chord link, shift -0.1390, offset scale 0.5058",20261005,"76,2,0",100000,AP,A2,rmse_mm,2.544227702,0.006434727497,0.3348361412,0.002194182494,0.0238790762,0.2948076302
7,geom_ind15_r1_chord,geometric_match,0.03,"chord link, shift 0.2308, offset scale 0.3844","chord link, shift -0.1390, offset scale 0.5058",20261005,"76,2,0",100000,AP,A2,mae_mm,2.038721052,0.004813246555,0.3337993523,0.002054442119,0.0238790762,0.2948076302
7,geom_ind15_r1_chord,geometric_match,0.03,"chord link, shift 0.2308, offset scale 0.3844","chord link, shift -0.1390, offset scale 0.5058",20261005,"76,2,0",100000,AP,A2,sd_err_mm,1.73657939,0.00388312898,,,0.0238790762,0.2948076302
7,geom_ind15_r1_chord,geometric_match,0.03,"chord link, shift 0.2308, offset scale 0.3844","chord link, shift -0.1390, offset scale 0.5058",20261005,"76,2,0",100000,AP,A3,bias_mm,0.1374325154,0.005983310002,-0.2549170254,0.002715948784,0.0238790762,0.2948076302
7,geom_ind15_r1_chord,geometric_match,0.03,"chord link, shift 0.2308, offset scale 0.3844","chord link, shift -0.1390, offset scale 0.5058",20261005,"76,2,0",100000,AP,A3,rmse_mm,1.897063983,0.007006697392,-0.1032995672,0.004060804115,0.0238790762,0.2948076302
7,geom_ind15_r1_chord,geometric_match,0.03,"chord link, shift 0.2308, offset scale 0.3844","chord link, shift -0.1390, offset scale 0.5058",20261005,"76,2,0",100000,AP,A3,mae_mm,1.420265943,0.003977074581,-0.05443749591,0.002469885524,0.0238790762,0.2948076302
7,geom_ind15_r1_chord,geometric_match,0.03,"chord link, shift 0.2308, offset scale 0.3844","chord link, shift -0.1390, offset scale 0.5058",20261005,"76,2,0",100000,AP,A3,sd_err_mm,1.892088755,0.00423086023,,,0.0238790762,0.2948076302
7,geom_ind15_r1_chord,geometric_match,0.03,"chord link, shift 0.2308, offset scale 0.3844","chord link, shift -0.1390, offset scale 0.5058",20261005,"76,2,0",100000,AP,A4,bias_mm,0.1125838396,0.005932104331,-0.1686913226,0.002590630369,0.0238790762,0.2948076302
7,geom_ind15_r1_chord,geometric_match,0.03,"chord link, shift 0.2308, offset scale 0.3844","chord link, shift -0.1390, offset scale 0.5058",20261005,"76,2,0",100000,AP,A4,rmse_mm,1.879262119,0.006832728403,-0.02256327054,0.003183172331,0.0238790762,0.2948076302
7,geom_ind15_r1_chord,geometric_match,0.03,"chord link, shift 0.2308, offset scale 0.3844","chord link, shift -0.1390, offset scale 0.5058",20261005,"76,2,0",100000,AP,A4,mae_mm,1.411619557,0.003922973015,-0.01358925641,0.002280555212,0.0238790762,0.2948076302
7,geom_ind15_r1_chord,geometric_match,0.03,"chord link, shift 0.2308, offset scale 0.3844","chord link, shift -0.1390, offset scale 0.5058",20261005,"76,2,0",100000,AP,A4,sd_err_mm,1.8758961,0.004194652172,,,0.0238790762,0.2948076302
7,geom_ind15_r1_chord,geometric_match,0.03,"chord link, shift 0.2308, offset scale 0.3844","chord link, shift -0.1390, offset scale 0.5058",20261005,"76,2,0",100000,SL,A1,bias_mm,-5.091610478e-05,0.004518063982,0.1682098255,0.0005119477827,0.02390944841,0.02553540999
7,geom_ind15_r1_chord,geometric_match,0.03,"chord link, shift 0.2308, offset scale 0.3844","chord link, shift -0.1390, offset scale 0.5058",20261005,"76,2,0",100000,SL,A1,rmse_mm,1.428730137,0.004304265393,-0.01448229833,0.0009541011884,0.02390944841,0.02553540999
7,geom_ind15_r1_chord,geometric_match,0.03,"chord link, shift 0.2308, offset scale 0.3844","chord link, shift -0.1390, offset scale 0.5058",20261005,"76,2,0",100000,SL,A1,mae_mm,1.101346492,0.002878044461,-0.01568940664,0.0007083467664,0.02390944841,0.02553540999
7,geom_ind15_r1_chord,geometric_match,0.03,"chord link, shift 0.2308, offset scale 0.3844","chord link, shift -0.1390, offset scale 0.5058",20261005,"76,2,0",100000,SL,A1,sd_err_mm,1.42873728,0.003194769654,,,0.02390944841,0.02553540999
7,geom_ind15_r1_chord,geometric_match,0.03,"chord link, shift 0.2308, offset scale 0.3844","chord link, shift -0.1390, offset scale 0.5058",20261005,"76,2,0",100000,SL,A2,bias_mm,0.08180359497,0.004719476495,0.8780528223,0.001697491996,0.02390944841,0.02553540999
7,geom_ind15_r1_chord,geometric_match,0.03,"chord link, shift 0.2308, offset scale 0.3844","chord link, shift -0.1390, offset scale 0.5058",20261005,"76,2,0",100000,SL,A2,rmse_mm,1.494662301,0.004581225335,-0.06955943948,0.003620452996,0.02390944841,0.02553540999
7,geom_ind15_r1_chord,geometric_match,0.03,"chord link, shift 0.2308, offset scale 0.3844","chord link, shift -0.1390, offset scale 0.5058",20261005,"76,2,0",100000,SL,A2,mae_mm,1.135479993,0.00307361355,-0.07756243824,0.002828121967,0.02390944841,0.02553540999
7,geom_ind15_r1_chord,geometric_match,0.03,"chord link, shift 0.2308, offset scale 0.3844","chord link, shift -0.1390, offset scale 0.5058",20261005,"76,2,0",100000,SL,A2,sd_err_mm,1.492429509,0.003337190519,,,0.02390944841,0.02553540999
7,geom_ind15_r1_chord,geometric_match,0.03,"chord link, shift 0.2308, offset scale 0.3844","chord link, shift -0.1390, offset scale 0.5058",20261005,"76,2,0",100000,SL,A3,bias_mm,1.316893669,0.005311133249,0.988460785,0.00250229526,0.02390944841,0.02553540999
7,geom_ind15_r1_chord,geometric_match,0.03,"chord link, shift 0.2308, offset scale 0.3844","chord link, shift -0.1390, offset scale 0.5058",20261005,"76,2,0",100000,SL,A3,rmse_mm,2.134243277,0.007257381269,0.6542014383,0.004182876529,0.02390944841,0.02553540999
7,geom_ind15_r1_chord,geometric_match,0.03,"chord link, shift 0.2308, offset scale 0.3844","chord link, shift -0.1390, offset scale 0.5058",20261005,"76,2,0",100000,SL,A3,mae_mm,1.605698686,0.004446061027,0.4909484352,0.003192784654,0.02390944841,0.02553540999
7,geom_ind15_r1_chord,geometric_match,0.03,"chord link, shift 0.2308, offset scale 0.3844","chord link, shift -0.1390, offset scale 0.5058",20261005,"76,2,0",100000,SL,A3,sd_err_mm,1.679527802,0.003755557114,,,0.02390944841,0.02553540999
7,geom_ind15_r1_chord,geometric_match,0.03,"chord link, shift 0.2308, offset scale 0.3844","chord link, shift -0.1390, offset scale 0.5058",20261005,"76,2,0",100000,SL,A4,bias_mm,1.178692972,0.004948272695,0.892410001,0.002616978666,0.02390944841,0.02553540999
7,geom_ind15_r1_chord,geometric_match,0.03,"chord link, shift 0.2308, offset scale 0.3844","chord link, shift -0.1390, offset scale 0.5058",20261005,"76,2,0",100000,SL,A4,rmse_mm,1.95903877,0.006137567759,0.5289813455,0.004092923947,0.02390944841,0.02553540999
7,geom_ind15_r1_chord,geometric_match,0.03,"chord link, shift 0.2308, offset scale 0.3844","chord link, shift -0.1390, offset scale 0.5058",20261005,"76,2,0",100000,SL,A4,mae_mm,1.500795928,0.003981783946,0.4092967534,0.003109402876,0.02390944841,0.02553540999
7,geom_ind15_r1_chord,geometric_match,0.03,"chord link, shift 0.2308, offset scale 0.3844","chord link, shift -0.1390, offset scale 0.5058",20261005,"76,2,0",100000,SL,A4,sd_err_mm,1.56478122,0.003498974672,,,0.02390944841,0.02553540999
8,geom_ind15_r2_halfnormal,geometric_match,0.03,half-normal scale 0.1047,half-normal scale 0.1792,20261005,"76,2,0",100000,AP,A1,bias_mm,0.003085165303,0.006002848344,0.2626855264,0.0007785049323,0.0238790762,0.08335168862
8,geom_ind15_r2_halfnormal,geometric_match,0.03,half-normal scale 0.1047,half-normal scale 0.1792,20261005,"76,2,0",100000,AP,A1,rmse_mm,1.898260337,0.006719244452,-0.02727663399,0.001498803894,0.0238790762,0.08335168862
8,geom_ind15_r2_halfnormal,geometric_match,0.03,half-normal scale 0.1047,half-normal scale 0.1792,20261005,"76,2,0",100000,AP,A1,mae_mm,1.434267338,0.003932283019,-0.03115602432,0.001085889753,0.0238790762,0.08335168862
8,geom_ind15_r2_halfnormal,geometric_match,0.03,half-normal scale 0.1047,half-normal scale 0.1792,20261005,"76,2,0",100000,AP,A1,sd_err_mm,1.898267321,0.004244675994,,,0.0238790762,0.08335168862
8,geom_ind15_r2_halfnormal,geometric_match,0.03,half-normal scale 0.1047,half-normal scale 0.1792,20261005,"76,2,0",100000,AP,A2,bias_mm,-0.3085378873,0.005174278645,0.9361695532,0.002110711932,0.0238790762,0.08335168862
8,geom_ind15_r2_halfnormal,geometric_match,0.03,half-normal scale 0.1047,half-normal scale 0.1792,20261005,"76,2,0",100000,AP,A2,rmse_mm,1.665078017,0.004979462224,-0.5443135432,0.004269321762,0.0238790762,0.08335168862
8,geom_ind15_r2_halfnormal,geometric_match,0.03,half-normal scale 0.1047,half-normal scale 0.1792,20261005,"76,2,0",100000,AP,A2,mae_mm,1.273560112,0.003391962485,-0.431361587,0.003027420903,0.0238790762,0.08335168862
8,geom_ind15_r2_halfnormal,geometric_match,0.03,half-normal scale 0.1047,half-normal scale 0.1792,20261005,"76,2,0",100000,AP,A2,sd_err_mm,1.636250577,0.003658785811,,,0.0238790762,0.08335168862
8,geom_ind15_r2_halfnormal,geometric_match,0.03,half-normal scale 0.1047,half-normal scale 0.1792,20261005,"76,2,0",100000,AP,A3,bias_mm,0.8943873644,0.006264558165,0.5020378236,0.001729357353,0.0238790762,0.08335168862
8,geom_ind15_r2_halfnormal,geometric_match,0.03,half-normal scale 0.1047,half-normal scale 0.1792,20261005,"76,2,0",100000,AP,A3,rmse_mm,2.173558928,0.008703103781,0.1731953782,0.00295128942,0.0238790762,0.08335168862
8,geom_ind15_r2_halfnormal,geometric_match,0.03,half-normal scale 0.1047,half-normal scale 0.1792,20261005,"76,2,0",100000,AP,A3,mae_mm,1.582371085,0.00471219945,0.1076676466,0.002088815186,0.0238790762,0.08335168862
8,geom_ind15_r2_halfnormal,geometric_match,0.03,half-normal scale 0.1047,half-normal scale 0.1792,20261005,"76,2,0",100000,AP,A3,sd_err_mm,1.981027234,0.004429733708,,,0.0238790762,0.08335168862
8,geom_ind15_r2_halfnormal,geometric_match,0.03,half-normal scale 0.1047,half-normal scale 0.1792,20261005,"76,2,0",100000,AP,A4,bias_mm,0.7473126989,0.005901433921,0.4660375367,0.001759549237,0.0238790762,0.08335168862
8,geom_ind15_r2_halfnormal,geometric_match,0.03,half-normal scale 0.1047,half-normal scale 0.1792,20261005,"76,2,0",100000,AP,A4,rmse_mm,2.010257117,0.007527615457,0.1084317277,0.002733310706,0.0238790762,0.08335168862
8,geom_ind15_r2_halfnormal,geometric_match,0.03,half-normal scale 0.1047,half-normal scale 0.1792,20261005,"76,2,0",100000,AP,A4,mae_mm,1.493247018,0.004256013547,0.06803820549,0.002040061622,0.0238790762,0.08335168862
8,geom_ind15_r2_halfnormal,geometric_match,0.03,half-normal scale 0.1047,half-normal scale 0.1792,20261005,"76,2,0",100000,AP,A4,sd_err_mm,1.866197265,0.004172964809,,,0.0238790762,0.08335168862
8,geom_ind15_r2_halfnormal,geometric_match,0.03,half-normal scale 0.1047,half-normal scale 0.1792,20261005,"76,2,0",100000,SL,A1,bias_mm,-5.091610478e-05,0.004518063982,0.1682098255,0.0005119477827,0.02390944841,0.1436312652
8,geom_ind15_r2_halfnormal,geometric_match,0.03,half-normal scale 0.1047,half-normal scale 0.1792,20261005,"76,2,0",100000,SL,A1,rmse_mm,1.428730137,0.004304265393,-0.01448229833,0.0009541011884,0.02390944841,0.1436312652
8,geom_ind15_r2_halfnormal,geometric_match,0.03,half-normal scale 0.1047,half-normal scale 0.1792,20261005,"76,2,0",100000,SL,A1,mae_mm,1.101346492,0.002878044461,-0.01568940664,0.0007083467664,0.02390944841,0.1436312652
8,geom_ind15_r2_halfnormal,geometric_match,0.03,half-normal scale 0.1047,half-normal scale 0.1792,20261005,"76,2,0",100000,SL,A1,sd_err_mm,1.42873728,0.003194769654,,,0.02390944841,0.1436312652
8,geom_ind15_r2_halfnormal,geometric_match,0.03,half-normal scale 0.1047,half-normal scale 0.1792,20261005,"76,2,0",100000,SL,A2,bias_mm,-0.4750110345,0.004027909179,0.3212381929,0.0007178608015,0.02390944841,0.1436312652
8,geom_ind15_r2_halfnormal,geometric_match,0.03,half-normal scale 0.1047,half-normal scale 0.1792,20261005,"76,2,0",100000,SL,A2,rmse_mm,1.359420646,0.00365326006,-0.2048010936,0.00141832613,0.02390944841,0.1436312652
8,geom_ind15_r2_halfnormal,geometric_match,0.03,half-normal scale 0.1047,half-normal scale 0.1792,20261005,"76,2,0",100000,SL,A2,mae_mm,1.055644343,0.002708591612,-0.1573980884,0.001091882903,0.02390944841,0.1436312652
8,geom_ind15_r2_halfnormal,geometric_match,0.03,half-normal scale 0.1047,half-normal scale 0.1792,20261005,"76,2,0",100000,SL,A2,sd_err_mm,1.273736721,0.002848176135,,,0.02390944841,0.1436312652
8,geom_ind15_r2_halfnormal,geometric_match,0.03,half-normal scale 0.1047,half-normal scale 0.1792,20261005,"76,2,0",100000,SL,A3,bias_mm,0.5194379713,0.00455221151,0.1910050869,0.0005883336717,0.02390944841,0.1436312652
8,geom_ind15_r2_halfnormal,geometric_match,0.03,half-normal scale 0.1047,half-normal scale 0.1792,20261005,"76,2,0",100000,SL,A3,rmse_mm,1.5303784,0.005500061038,0.05033656058,0.001021797203,0.02390944841,0.1436312652
8,geom_ind15_r2_halfnormal,geometric_match,0.03,half-normal scale 0.1047,half-normal scale 0.1792,20261005,"76,2,0",100000,SL,A3,mae_mm,1.147199213,0.003203127023,0.03244896234,0.0007995556825,0.02390944841,0.1436312652
8,geom_ind15_r2_halfnormal,geometric_match,0.03,half-normal scale 0.1047,half-normal scale 0.1792,20261005,"76,2,0",100000,SL,A3,sd_err_mm,1.439535676,0.003218915722,,,0.02390944841,0.1436312652
8,geom_ind15_r2_halfnormal,geometric_match,0.03,half-normal scale 0.1047,half-normal scale 0.1792,20261005,"76,2,0",100000,SL,A4,bias_mm,0.4764815733,0.004403946327,0.1901986028,0.0006883679222,0.02390944841,0.1436312652
8,geom_ind15_r2_halfnormal,geometric_match,0.03,half-normal scale 0.1047,half-normal scale 0.1792,20261005,"76,2,0",100000,SL,A4,rmse_mm,1.471900003,0.004842146055,0.04184257905,0.001087466094,0.02390944841,0.1436312652
8,geom_ind15_r2_halfnormal,geometric_match,0.03,half-normal scale 0.1047,half-normal scale 0.1792,20261005,"76,2,0",100000,SL,A4,mae_mm,1.119410605,0.003022281675,0.02791143021,0.0008407574517,0.02390944841,0.1436312652
8,geom_ind15_r2_halfnormal,geometric_match,0.03,half-normal scale 0.1047,half-normal scale 0.1792,20261005,"76,2,0",100000,SL,A4,sd_err_mm,1.392650109,0.003114075882,,,0.02390944841,0.1436312652
9,geom_ind15_r2_chord,geometric_match,0.03,"chord link, offset scale 0.3844","chord link, offset scale 0.5058",20261005,"76,2,0",100000,AP,A1,bias_mm,0.003085165303,0.006002848344,0.2626855264,0.0007785049323,0.0238790762,0.08322625439
9,geom_ind15_r2_chord,geometric_match,0.03,"chord link, offset scale 0.3844","chord link, offset scale 0.5058",20261005,"76,2,0",100000,AP,A1,rmse_mm,1.898260337,0.006719244452,-0.02727663399,0.001498803894,0.0238790762,0.08322625439
9,geom_ind15_r2_chord,geometric_match,0.03,"chord link, offset scale 0.3844","chord link, offset scale 0.5058",20261005,"76,2,0",100000,AP,A1,mae_mm,1.434267338,0.003932283019,-0.03115602432,0.001085889753,0.0238790762,0.08322625439
9,geom_ind15_r2_chord,geometric_match,0.03,"chord link, offset scale 0.3844","chord link, offset scale 0.5058",20261005,"76,2,0",100000,AP,A1,sd_err_mm,1.898267321,0.004244675994,,,0.0238790762,0.08322625439
9,geom_ind15_r2_chord,geometric_match,0.03,"chord link, offset scale 0.3844","chord link, offset scale 0.5058",20261005,"76,2,0",100000,AP,A2,bias_mm,-0.3089449169,0.005573099665,0.9357625235,0.001709613819,0.0238790762,0.08322625439
9,geom_ind15_r2_chord,geometric_match,0.03,"chord link, offset scale 0.3844","chord link, offset scale 0.5058",20261005,"76,2,0",100000,AP,A2,rmse_mm,1.789234442,0.005732112406,-0.4201571183,0.003681461001,0.0238790762,0.08322625439
9,geom_ind15_r2_chord,geometric_match,0.03,"chord link, offset scale 0.3844","chord link, offset scale 0.5058",20261005,"76,2,0",100000,AP,A2,mae_mm,1.351746189,0.003706960848,-0.3531755107,0.002906085202,0.0238790762,0.08322625439
9,geom_ind15_r2_chord,geometric_match,0.03,"chord link, offset scale 0.3844","chord link, offset scale 0.5058",20261005,"76,2,0",100000,AP,A2,sd_err_mm,1.762368857,0.003940796269,,,0.0238790762,0.08322625439
9,geom_ind15_r2_chord,geometric_match,0.03,"chord link, offset scale 0.3844","chord link, offset scale 0.5058",20261005,"76,2,0",100000,AP,A3,bias_mm,1.034494333,0.006388456442,0.6421447926,0.002042856058,0.0238790762,0.08322625439
9,geom_ind15_r2_chord,geometric_match,0.03,"chord link, offset scale 0.3844","chord link, offset scale 0.5058",20261005,"76,2,0",100000,AP,A3,rmse_mm,2.269664135,0.00898248361,0.2693005851,0.003558371803,0.0238790762,0.08322625439
9,geom_ind15_r2_chord,geometric_match,0.03,"chord link, offset scale 0.3844","chord link, offset scale 0.5058",20261005,"76,2,0",100000,AP,A3,mae_mm,1.653192919,0.004917674899,0.1784894799,0.002526352869,0.0238790762,0.08322625439
9,geom_ind15_r2_chord,geometric_match,0.03,"chord link, offset scale 0.3844","chord link, offset scale 0.5058",20261005,"76,2,0",100000,AP,A3,sd_err_mm,2.020207309,0.004517343458,,,0.0238790762,0.08322625439
9,geom_ind15_r2_chord,geometric_match,0.03,"chord link, offset scale 0.3844","chord link, offset scale 0.5058",20261005,"76,2,0",100000,AP,A4,bias_mm,0.8648289895,0.005978811903,0.5835538273,0.00210071817,0.0238790762,0.08322625439
9,geom_ind15_r2_chord,geometric_match,0.03,"chord link, offset scale 0.3844","chord link, offset scale 0.5058",20261005,"76,2,0",100000,AP,A4,rmse_mm,2.079065322,0.007683165406,0.1772399327,0.003274317194,0.0238790762,0.08322625439
9,geom_ind15_r2_chord,geometric_match,0.03,"chord link, offset scale 0.3844","chord link, offset scale 0.5058",20261005,"76,2,0",100000,AP,A4,mae_mm,1.546556123,0.004393968681,0.12134731,0.002450209937,0.0238790762,0.08322625439
9,geom_ind15_r2_chord,geometric_match,0.03,"chord link, offset scale 0.3844","chord link, offset scale 0.5058",20261005,"76,2,0",100000,AP,A4,sd_err_mm,1.890666332,0.004227679578,,,0.0238790762,0.08322625439
9,geom_ind15_r2_chord,geometric_match,0.03,"chord link, offset scale 0.3844","chord link, offset scale 0.5058",20261005,"76,2,0",100000,SL,A1,bias_mm,-5.091610478e-05,0.004518063982,0.1682098255,0.0005119477827,0.02390944841,0.1444653551
9,geom_ind15_r2_chord,geometric_match,0.03,"chord link, offset scale 0.3844","chord link, offset scale 0.5058",20261005,"76,2,0",100000,SL,A1,rmse_mm,1.428730137,0.004304265393,-0.01448229833,0.0009541011884,0.02390944841,0.1444653551
9,geom_ind15_r2_chord,geometric_match,0.03,"chord link, offset scale 0.3844","chord link, offset scale 0.5058",20261005,"76,2,0",100000,SL,A1,mae_mm,1.101346492,0.002878044461,-0.01568940664,0.0007083467664,0.02390944841,0.1444653551
9,geom_ind15_r2_chord,geometric_match,0.03,"chord link, offset scale 0.3844","chord link, offset scale 0.5058",20261005,"76,2,0",100000,SL,A1,sd_err_mm,1.42873728,0.003194769654,,,0.02390944841,0.1444653551
9,geom_ind15_r2_chord,geometric_match,0.03,"chord link, offset scale 0.3844","chord link, offset scale 0.5058",20261005,"76,2,0",100000,SL,A2,bias_mm,-0.4771178251,0.004464081471,0.3191314023,0.0009667520584,0.02390944841,0.1444653551
9,geom_ind15_r2_chord,geometric_match,0.03,"chord link, offset scale 0.3844","chord link, offset scale 0.5058",20261005,"76,2,0",100000,SL,A2,rmse_mm,1.490108663,0.004433636,-0.07411307662,0.001661917743,0.02390944841,0.1444653551
9,geom_ind15_r2_chord,geometric_match,0.03,"chord link, offset scale 0.3844","chord link, offset scale 0.5058",20261005,"76,2,0",100000,SL,A2,mae_mm,1.136764692,0.003046636089,-0.07627773932,0.001297583748,0.02390944841,0.1444653551
9,geom_ind15_r2_chord,geometric_match,0.03,"chord link, offset scale 0.3844","chord link, offset scale 0.5058",20261005,"76,2,0",100000,SL,A2,sd_err_mm,1.411666511,0.003156598063,,,0.02390944841,0.1444653551
9,geom_ind15_r2_chord,geometric_match,0.03,"chord link, offset scale 0.3844","chord link, offset scale 0.5058",20261005,"76,2,0",100000,SL,A3,bias_mm,0.6575120786,0.004647859213,0.3290791943,0.0009960422532,0.02390944841,0.1444653551
9,geom_ind15_r2_chord,geometric_match,0.03,"chord link, offset scale 0.3844","chord link, offset scale 0.5058",20261005,"76,2,0",100000,SL,A3,rmse_mm,1.610142869,0.005821460844,0.1301010296,0.001760638553,0.02390944841,0.1444653551
9,geom_ind15_r2_chord,geometric_match,0.03,"chord link, offset scale 0.3844","chord link, offset scale 0.5058",20261005,"76,2,0",100000,SL,A3,mae_mm,1.203403869,0.003382884315,0.08865361898,0.001316659779,0.02390944841,0.1444653551
9,geom_ind15_r2_chord,geometric_match,0.03,"chord link, offset scale 0.3844","chord link, offset scale 0.5058",20261005,"76,2,0",100000,SL,A3,sd_err_mm,1.469782136,0.003286549201,,,0.02390944841,0.1444653551
9,geom_ind15_r2_chord,geometric_match,0.03,"chord link, offset scale 0.3844","chord link, offset scale 0.5058",20261005,"76,2,0",100000,SL,A4,bias_mm,0.5999304336,0.004453190027,0.3136474631,0.001104894914,0.02390944841,0.1444653551
9,geom_ind15_r2_chord,geometric_match,0.03,"chord link, offset scale 0.3844","chord link, offset scale 0.5058",20261005,"76,2,0",100000,SL,A4,rmse_mm,1.530681821,0.005013314383,0.1006243962,0.001765806725,0.02390944841,0.1444653551
9,geom_ind15_r2_chord,geometric_match,0.03,"chord link, offset scale 0.3844","chord link, offset scale 0.5058",20261005,"76,2,0",100000,SL,A4,mae_mm,1.164311261,0.003142253964,0.07281208639,0.001346711199,0.02390944841,0.1444653551
9,geom_ind15_r2_chord,geometric_match,0.03,"chord link, offset scale 0.3844","chord link, offset scale 0.5058",20261005,"76,2,0",100000,SL,A4,sd_err_mm,1.408222334,0.00314889661,,,0.02390944841,0.1444653551
10,geom_mid15_r1_halfnormal,geometric_match,0.03,half-normal scale 0.3761,half-normal scale 0.0183,20261005,"76,2,0",100000,AP,A1,bias_mm,0.003085165303,0.006002848344,0.2626855264,0.0007785049323,0.0238790762,0.297329492
10,geom_mid15_r1_halfnormal,geometric_match,0.03,half-normal scale 0.3761,half-normal scale 0.0183,20261005,"76,2,0",100000,AP,A1,rmse_mm,1.898260337,0.006719244452,-0.02727663399,0.001498803894,0.0238790762,0.297329492
10,geom_mid15_r1_halfnormal,geometric_match,0.03,half-normal scale 0.3761,half-normal scale 0.0183,20261005,"76,2,0",100000,AP,A1,mae_mm,1.434267338,0.003932283019,-0.03115602432,0.001085889753,0.0238790762,0.297329492
10,geom_mid15_r1_halfnormal,geometric_match,0.03,half-normal scale 0.3761,half-normal scale 0.0183,20261005,"76,2,0",100000,AP,A1,sd_err_mm,1.898267321,0.004244675994,,,0.0238790762,0.297329492
10,geom_mid15_r1_halfnormal,geometric_match,0.03,half-normal scale 0.3761,half-normal scale 0.0183,20261005,"76,2,0",100000,AP,A2,bias_mm,-1.879193831,0.00660822006,-0.6344863908,0.001585824553,0.0238790762,0.297329492
10,geom_mid15_r1_halfnormal,geometric_match,0.03,half-normal scale 0.3761,half-normal scale 0.0183,20261005,"76,2,0",100000,AP,A2,rmse_mm,2.81037062,0.008027623922,0.6009790597,0.002652977325,0.0238790762,0.297329492
10,geom_mid15_r1_halfnormal,geometric_match,0.03,half-normal scale 0.3761,half-normal scale 0.0183,20261005,"76,2,0",100000,AP,A2,mae_mm,2.183280346,0.005595981835,0.4783586467,0.001986074071,0.0238790762,0.297329492
10,geom_mid15_r1_halfnormal,geometric_match,0.03,half-normal scale 0.3761,half-normal scale 0.0183,20261005,"76,2,0",100000,AP,A2,sd_err_mm,2.089702667,0.00467274058,,,0.0238790762,0.297329492
10,geom_mid15_r1_halfnormal,geometric_match,0.03,half-normal scale 0.3761,half-normal scale 0.0183,20261005,"76,2,0",100000,AP,A3,bias_mm,0.3984351192,0.006138816991,0.006085578372,0.001353943196,0.0238790762,0.297329492
10,geom_mid15_r1_halfnormal,geometric_match,0.03,half-normal scale 0.3761,half-normal scale 0.0183,20261005,"76,2,0",100000,AP,A3,rmse_mm,1.98172154,0.007665055688,-0.01864200937,0.001884675112,0.0238790762,0.297329492
10,geom_mid15_r1_halfnormal,geometric_match,0.03,half-normal scale 0.3761,half-normal scale 0.0183,20261005,"76,2,0",100000,AP,A3,mae_mm,1.465475792,0.004218552788,-0.009227646932,0.001275689167,0.0238790762,0.297329492
10,geom_mid15_r1_halfnormal,geometric_match,0.03,half-normal scale 0.3761,half-normal scale 0.0183,20261005,"76,2,0",100000,AP,A3,sd_err_mm,1.941264383,0.004340820827,,,0.0238790762,0.297329492
10,geom_mid15_r1_halfnormal,geometric_match,0.03,half-normal scale 0.3761,half-normal scale 0.0183,20261005,"76,2,0",100000,AP,A4,bias_mm,0.3302805355,0.005960389148,0.04900537325,0.001515199533,0.0238790762,0.297329492
10,geom_mid15_r1_halfnormal,geometric_match,0.03,half-normal scale 0.3761,half-normal scale 0.0183,20261005,"76,2,0",100000,AP,A4,rmse_mm,1.913549996,0.007006828993,0.01172460663,0.001891909124,0.0238790762,0.297329492
10,geom_mid15_r1_halfnormal,geometric_match,0.03,half-normal scale 0.3761,half-normal scale 0.0183,20261005,"76,2,0",100000,AP,A4,mae_mm,1.431851192,0.004014339128,0.006642379529,0.001373749695,0.0238790762,0.297329492
10,geom_mid15_r1_halfnormal,geometric_match,0.03,half-normal scale 0.3761,half-normal scale 0.0183,20261005,"76,2,0",100000,AP,A4,sd_err_mm,1.884840545,0.004214652659,,,0.0238790762,0.297329492
10,geom_mid15_r1_halfnormal,geometric_match,0.03,half-normal scale 0.3761,half-normal scale 0.0183,20261005,"76,2,0",100000,SL,A1,bias_mm,-5.091610478e-05,0.004518063982,0.1682098255,0.0005119477827,0.02390944841,0.01463385628
10,geom_mid15_r1_halfnormal,geometric_match,0.03,half-normal scale 0.3761,half-normal scale 0.0183,20261005,"76,2,0",100000,SL,A1,rmse_mm,1.428730137,0.004304265393,-0.01448229833,0.0009541011884,0.02390944841,0.01463385628
10,geom_mid15_r1_halfnormal,geometric_match,0.03,half-normal scale 0.3761,half-normal scale 0.0183,20261005,"76,2,0",100000,SL,A1,mae_mm,1.101346492,0.002878044461,-0.01568940664,0.0007083467664,0.02390944841,0.01463385628
10,geom_mid15_r1_halfnormal,geometric_match,0.03,half-normal scale 0.3761,half-normal scale 0.0183,20261005,"76,2,0",100000,SL,A1,sd_err_mm,1.42873728,0.003194769654,,,0.02390944841,0.01463385628
10,geom_mid15_r1_halfnormal,geometric_match,0.03,half-normal scale 0.3761,half-normal scale 0.0183,20261005,"76,2,0",100000,SL,A2,bias_mm,0.1282746675,0.003914924797,0.9245238949,0.002161591209,0.02390944841,0.01463385628
10,geom_mid15_r1_halfnormal,geometric_match,0.03,half-normal scale 0.3761,half-normal scale 0.0183,20261005,"76,2,0",100000,SL,A2,rmse_mm,1.244629535,0.003637971866,-0.3195922047,0.004140697334,0.02390944841,0.01463385628
10,geom_mid15_r1_halfnormal,geometric_match,0.03,half-normal scale 0.3761,half-normal scale 0.0183,20261005,"76,2,0",100000,SL,A2,mae_mm,0.9576170842,0.002514117184,-0.255425347,0.00296225476,0.02390944841,0.01463385628
10,geom_mid15_r1_halfnormal,geometric_match,0.03,half-normal scale 0.3761,half-normal scale 0.0183,20261005,"76,2,0",100000,SL,A2,sd_err_mm,1.238007923,0.002768283713,,,0.02390944841,0.01463385628
10,geom_mid15_r1_halfnormal,geometric_match,0.03,half-normal scale 0.3761,half-normal scale 0.0183,20261005,"76,2,0",100000,SL,A3,bias_mm,0.9508419733,0.004680580696,0.6224090889,0.002133722528,0.02390944841,0.01463385628
10,geom_mid15_r1_halfnormal,geometric_match,0.03,half-normal scale 0.3761,half-normal scale 0.0183,20261005,"76,2,0",100000,SL,A3,rmse_mm,1.75922202,0.006227749252,0.2791801808,0.003352223024,0.02390944841,0.01463385628
10,geom_mid15_r1_halfnormal,geometric_match,0.03,half-normal scale 0.3761,half-normal scale 0.0183,20261005,"76,2,0",100000,SL,A3,mae_mm,1.314946324,0.00369566224,0.2001960731,0.002384452233,0.02390944841,0.01463385628
10,geom_mid15_r1_halfnormal,geometric_match,0.03,half-normal scale 0.3761,half-normal scale 0.0183,20261005,"76,2,0",100000,SL,A3,sd_err_mm,1.480129577,0.003309686898,,,0.02390944841,0.01463385628
10,geom_mid15_r1_halfnormal,geometric_match,0.03,half-normal scale 0.3761,half-normal scale 0.0183,20261005,"76,2,0",100000,SL,A4,bias_mm,0.8680352143,0.004414046365,0.5817522438,0.002077682155,0.02390944841,0.01463385628
10,geom_mid15_r1_halfnormal,geometric_match,0.03,half-normal scale 0.3761,half-normal scale 0.0183,20261005,"76,2,0",100000,SL,A4,rmse_mm,1.643729351,0.005247835013,0.2136719271,0.002986345767,0.02390944841,0.01463385628
10,geom_mid15_r1_halfnormal,geometric_match,0.03,half-normal scale 0.3761,half-normal scale 0.0183,20261005,"76,2,0",100000,SL,A4,mae_mm,1.253920583,0.00336086395,0.1624214082,0.002289374134,0.02390944841,0.01463385628
10,geom_mid15_r1_halfnormal,geometric_match,0.03,half-normal scale 0.3761,half-normal scale 0.0183,20261005,"76,2,0",100000,SL,A4,sd_err_mm,1.395844021,0.003121217723,,,0.02390944841,0.01463385628
11,geom_mid15_r1_chord,geometric_match,0.03,"chord link, shift 0.1425, offset scale 0.5879","chord link, shift -0.2552, offset scale 0.6542",20261005,"76,2,0",100000,AP,A1,bias_mm,0.003085165303,0.006002848344,0.2626855264,0.0007785049323,0.0238790762,0.3000216273
11,geom_mid15_r1_chord,geometric_match,0.03,"chord link, shift 0.1425, offset scale 0.5879","chord link, shift -0.2552, offset scale 0.6542",20261005,"76,2,0",100000,AP,A1,rmse_mm,1.898260337,0.006719244452,-0.02727663399,0.001498803894,0.0238790762,0.3000216273
11,geom_mid15_r1_chord,geometric_match,0.03,"chord link, shift 0.1425, offset scale 0.5879","chord link, shift -0.2552, offset scale 0.6542",20261005,"76,2,0",100000,AP,A1,mae_mm,1.434267338,0.003932283019,-0.03115602432,0.001085889753,0.0238790762,0.3000216273
11,geom_mid15_r1_chord,geometric_match,0.03,"chord link, shift 0.1425, offset scale 0.5879","chord link, shift -0.2552, offset scale 0.6542",20261005,"76,2,0",100000,AP,A1,sd_err_mm,1.898267321,0.004244675994,,,0.0238790762,0.3000216273
11,geom_mid15_r1_chord,geometric_match,0.03,"chord link, shift 0.1425, offset scale 0.5879","chord link, shift -0.2552, offset scale 0.6542",20261005,"76,2,0",100000,AP,A2,bias_mm,-1.897195103,0.006306750708,-0.6524876628,0.001554305078,0.0238790762,0.3000216273
11,geom_mid15_r1_chord,geometric_match,0.03,"chord link, shift 0.1425, offset scale 0.5879","chord link, shift -0.2552, offset scale 0.6542",20261005,"76,2,0",100000,AP,A2,rmse_mm,2.752602393,0.007767113614,0.5432108324,0.0028173171,0.0238790762,0.3000216273
11,geom_mid15_r1_chord,geometric_match,0.03,"chord link, shift 0.1425, offset scale 0.5879","chord link, shift -0.2552, offset scale 0.6542",20261005,"76,2,0",100000,AP,A2,mae_mm,2.148236759,0.005442360131,0.4433150599,0.00206954869,0.0238790762,0.3000216273
11,geom_mid15_r1_chord,geometric_match,0.03,"chord link, shift 0.1425, offset scale 0.5879","chord link, shift -0.2552, offset scale 0.6542",20261005,"76,2,0",100000,AP,A2,sd_err_mm,1.994369687,0.004459568491,,,0.0238790762,0.3000216273
11,geom_mid15_r1_chord,geometric_match,0.03,"chord link, shift 0.1425, offset scale 0.5879","chord link, shift -0.2552, offset scale 0.6542",20261005,"76,2,0",100000,AP,A3,bias_mm,0.2502473454,0.005992781671,-0.1421021954,0.002000216558,0.0238790762,0.3000216273
11,geom_mid15_r1_chord,geometric_match,0.03,"chord link, shift 0.1425, offset scale 0.5879","chord link, shift -0.2552, offset scale 0.6542",20261005,"76,2,0",100000,AP,A3,rmse_mm,1.91152584,0.007274340105,-0.08883770989,0.002948195954,0.0238790762,0.3000216273
11,geom_mid15_r1_chord,geometric_match,0.03,"chord link, shift 0.1425, offset scale 0.5879","chord link, shift -0.2552, offset scale 0.6542",20261005,"76,2,0",100000,AP,A3,mae_mm,1.422992805,0.004036135286,-0.05171063428,0.001882913287,0.0238790762,0.3000216273
11,geom_mid15_r1_chord,geometric_match,0.03,"chord link, shift 0.1425, offset scale 0.5879","chord link, shift -0.2552, offset scale 0.6542",20261005,"76,2,0",100000,AP,A3,sd_err_mm,1.89508396,0.004237557746,,,0.0238790762,0.3000216273
11,geom_mid15_r1_chord,geometric_match,0.03,"chord link, shift 0.1425, offset scale 0.5879","chord link, shift -0.2552, offset scale 0.6542",20261005,"76,2,0",100000,AP,A4,bias_mm,0.2071563091,0.005890464998,-0.07411885308,0.0020953021,0.0238790762,0.3000216273
11,geom_mid15_r1_chord,geometric_match,0.03,"chord link, shift 0.1425, offset scale 0.5879","chord link, shift -0.2552, offset scale 0.6542",20261005,"76,2,0",100000,AP,A4,rmse_mm,1.874202985,0.006918380518,-0.02762240428,0.00263698116,0.0238790762,0.3000216273
11,geom_mid15_r1_chord,geometric_match,0.03,"chord link, shift 0.1425, offset scale 0.5879","chord link, shift -0.2552, offset scale 0.6542",20261005,"76,2,0",100000,AP,A4,mae_mm,1.404740903,0.003923461758,-0.02046790974,0.001892892435,0.0238790762,0.3000216273
11,geom_mid15_r1_chord,geometric_match,0.03,"chord link, shift 0.1425, offset scale 0.5879","chord link, shift -0.2552, offset scale 0.6542",20261005,"76,2,0",100000,AP,A4,sd_err_mm,1.862728587,0.004165208571,,,0.0238790762,0.3000216273
11,geom_mid15_r1_chord,geometric_match,0.03,"chord link, shift 0.1425, offset scale 0.5879","chord link, shift -0.2552, offset scale 0.6542",20261005,"76,2,0",100000,SL,A1,bias_mm,-5.091610478e-05,0.004518063982,0.1682098255,0.0005119477827,0.02390944841,0.01675427373
11,geom_mid15_r1_chord,geometric_match,0.03,"chord link, shift 0.1425, offset scale 0.5879","chord link, shift -0.2552, offset scale 0.6542",20261005,"76,2,0",100000,SL,A1,rmse_mm,1.428730137,0.004304265393,-0.01448229833,0.0009541011884,0.02390944841,0.01675427373
11,geom_mid15_r1_chord,geometric_match,0.03,"chord link, shift 0.1425, offset scale 0.5879","chord link, shift -0.2552, offset scale 0.6542",20261005,"76,2,0",100000,SL,A1,mae_mm,1.101346492,0.002878044461,-0.01568940664,0.0007083467664,0.02390944841,0.01675427373
11,geom_mid15_r1_chord,geometric_match,0.03,"chord link, shift 0.1425, offset scale 0.5879","chord link, shift -0.2552, offset scale 0.6542",20261005,"76,2,0",100000,SL,A1,sd_err_mm,1.42873728,0.003194769654,,,0.02390944841,0.01675427373
11,geom_mid15_r1_chord,geometric_match,0.03,"chord link, shift 0.1425, offset scale 0.5879","chord link, shift -0.2552, offset scale 0.6542",20261005,"76,2,0",100000,SL,A2,bias_mm,0.1260448449,0.005371671236,0.9222940722,0.00244250376,0.02390944841,0.01675427373
11,geom_mid15_r1_chord,geometric_match,0.03,"chord link, shift 0.1425, offset scale 0.5879","chord link, shift -0.2552, offset scale 0.6542",20261005,"76,2,0",100000,SL,A2,rmse_mm,1.703333096,0.005209493558,0.1391113555,0.004208133793,0.02390944841,0.01675427373
11,geom_mid15_r1_chord,geometric_match,0.03,"chord link, shift 0.1425, offset scale 0.5879","chord link, shift -0.2552, offset scale 0.6542",20261005,"76,2,0",100000,SL,A2,mae_mm,1.293051993,0.003506240823,0.08000956218,0.003220333437,0.02390944841,0.01675427373
11,geom_mid15_r1_chord,geometric_match,0.03,"chord link, shift 0.1425, offset scale 0.5879","chord link, shift -0.2552, offset scale 0.6542",20261005,"76,2,0",100000,SL,A2,sd_err_mm,1.698671595,0.003798364149,,,0.02390944841,0.01675427373
11,geom_mid15_r1_chord,geometric_match,0.03,"chord link, shift 0.1425, offset scale 0.5879","chord link, shift -0.2552, offset scale 0.6542",20261005,"76,2,0",100000,SL,A3,bias_mm,1.749454033,0.006118115727,1.421021149,0.0035646916,0.02390944841,0.01675427373
11,geom_mid15_r1_chord,geometric_match,0.03,"chord link, shift 0.1425, offset scale 0.5879","chord link, shift -0.2552, offset scale 0.6542",20261005,"76,2,0",100000,SL,A3,rmse_mm,2.608387622,0.008342333847,1.128345783,0.005601581247,0.02390944841,0.01675427373
11,geom_mid15_r1_chord,geometric_match,0.03,"chord link, shift 0.1425, offset scale 0.5879","chord link, shift -0.2552, offset scale 0.6542",20261005,"76,2,0",100000,SL,A3,mae_mm,1.987741212,0.00534097312,0.872990962,0.004255597198,0.02390944841,0.01675427373
11,geom_mid15_r1_chord,geometric_match,0.03,"chord link, shift 0.1425, offset scale 0.5879","chord link, shift -0.2552, offset scale 0.6542",20261005,"76,2,0",100000,SL,A3,sd_err_mm,1.934718069,0.00432618275,,,0.02390944841,0.01675427373
11,geom_mid15_r1_chord,geometric_match,0.03,"chord link, shift 0.1425, offset scale 0.5879","chord link, shift -0.2552, offset scale 0.6542",20261005,"76,2,0",100000,SL,A4,bias_mm,1.538153968,0.00567730679,1.251870997,0.003652989429,0.02390944841,0.01675427373
11,geom_mid15_r1_chord,geometric_match,0.03,"chord link, shift 0.1425, offset scale 0.5879","chord link, shift -0.2552, offset scale 0.6542",20261005,"76,2,0",100000,SL,A4,rmse_mm,2.36412069,0.007213083074,0.9340632654,0.005556449409,0.02390944841,0.01675427373
11,geom_mid15_r1_chord,geometric_match,0.03,"chord link, shift 0.1425, offset scale 0.5879","chord link, shift -0.2552, offset scale 0.6542",20261005,"76,2,0",100000,SL,A4,mae_mm,1.821756042,0.0047647605,0.7302568677,0.004083107333,0.02390944841,0.01675427373
11,geom_mid15_r1_chord,geometric_match,0.03,"chord link, shift 0.1425, offset scale 0.5879","chord link, shift -0.2552, offset scale 0.6542",20261005,"76,2,0",100000,SL,A4,sd_err_mm,1.795322043,0.004014482203,,,0.02390944841,0.01675427373
12,geom_mid15_r2_halfnormal,geometric_match,0.03,half-normal scale 0.2302,half-normal scale 0.2692,20261005,"76,2,0",100000,AP,A1,bias_mm,0.003085165303,0.006002848344,0.2626855264,0.0007785049323,0.0238790762,0.1832311961
12,geom_mid15_r2_halfnormal,geometric_match,0.03,half-normal scale 0.2302,half-normal scale 0.2692,20261005,"76,2,0",100000,AP,A1,rmse_mm,1.898260337,0.006719244452,-0.02727663399,0.001498803894,0.0238790762,0.1832311961
12,geom_mid15_r2_halfnormal,geometric_match,0.03,half-normal scale 0.2302,half-normal scale 0.2692,20261005,"76,2,0",100000,AP,A1,mae_mm,1.434267338,0.003932283019,-0.03115602432,0.001085889753,0.0238790762,0.1832311961
12,geom_mid15_r2_halfnormal,geometric_match,0.03,half-normal scale 0.2302,half-normal scale 0.2692,20261005,"76,2,0",100000,AP,A1,sd_err_mm,1.898267321,0.004244675994,,,0.0238790762,0.1832311961
12,geom_mid15_r2_halfnormal,geometric_match,0.03,half-normal scale 0.2302,half-normal scale 0.2692,20261005,"76,2,0",100000,AP,A2,bias_mm,-1.041723897,0.00562218207,0.2029835438,0.0004361699152,0.0238790762,0.1832311961
12,geom_mid15_r2_halfnormal,geometric_match,0.03,half-normal scale 0.2302,half-normal scale 0.2692,20261005,"76,2,0",100000,AP,A2,rmse_mm,2.060594621,0.005961783367,-0.14879694,0.0008283401341,0.0238790762,0.1832311961
12,geom_mid15_r2_halfnormal,geometric_match,0.03,half-normal scale 0.2302,half-normal scale 0.2692,20261005,"76,2,0",100000,AP,A2,mae_mm,1.586308693,0.004158956863,-0.1186130064,0.0006680318353,0.0238790762,0.1832311961
12,geom_mid15_r2_halfnormal,geometric_match,0.03,half-normal scale 0.2302,half-normal scale 0.2692,20261005,"76,2,0",100000,AP,A2,sd_err_mm,1.777890076,0.003975502944,,,0.0238790762,0.1832311961
12,geom_mid15_r2_halfnormal,geometric_match,0.03,half-normal scale 0.2302,half-normal scale 0.2692,20261005,"76,2,0",100000,AP,A3,bias_mm,0.5762400241,0.00618111233,0.1838904833,0.0006634226506,0.0238790762,0.1832311961
12,geom_mid15_r2_halfnormal,geometric_match,0.03,half-normal scale 0.2302,half-normal scale 0.2692,20261005,"76,2,0",100000,AP,A3,rmse_mm,2.037800118,0.008073842568,0.03743656869,0.001086110026,0.0238790762,0.1832311961
12,geom_mid15_r2_halfnormal,geometric_match,0.03,half-normal scale 0.2302,half-normal scale 0.2692,20261005,"76,2,0",100000,AP,A3,mae_mm,1.495904956,0.004375976274,0.02120151691,0.0008453710772,0.0238790762,0.1832311961
12,geom_mid15_r2_halfnormal,geometric_match,0.03,half-normal scale 0.2302,half-normal scale 0.2692,20261005,"76,2,0",100000,AP,A3,sd_err_mm,1.954639344,0.004370728297,,,0.0238790762,0.1832311961
12,geom_mid15_r2_halfnormal,geometric_match,0.03,half-normal scale 0.2302,half-normal scale 0.2692,20261005,"76,2,0",100000,AP,A4,bias_mm,0.4791703436,0.005932933007,0.1978951814,0.0008819147836,0.0238790762,0.1832311961
12,geom_mid15_r2_halfnormal,geometric_match,0.03,half-normal scale 0.2302,half-normal scale 0.2692,20261005,"76,2,0",100000,AP,A4,rmse_mm,1.936372491,0.00718296428,0.03454710238,0.001325068268,0.0238790762,0.1832311961
12,geom_mid15_r2_halfnormal,geometric_match,0.03,half-normal scale 0.2302,half-normal scale 0.2692,20261005,"76,2,0",100000,AP,A4,mae_mm,1.444417254,0.004078251898,0.01920844094,0.0009711455153,0.0238790762,0.1832311961
12,geom_mid15_r2_halfnormal,geometric_match,0.03,half-normal scale 0.2302,half-normal scale 0.2692,20261005,"76,2,0",100000,AP,A4,sd_err_mm,1.876158151,0.004195238138,,,0.0238790762,0.1832311961
12,geom_mid15_r2_halfnormal,geometric_match,0.03,half-normal scale 0.2302,half-normal scale 0.2692,20261005,"76,2,0",100000,SL,A1,bias_mm,-5.091610478e-05,0.004518063982,0.1682098255,0.0005119477827,0.02390944841,0.2156877144
12,geom_mid15_r2_halfnormal,geometric_match,0.03,half-normal scale 0.2302,half-normal scale 0.2692,20261005,"76,2,0",100000,SL,A1,rmse_mm,1.428730137,0.004304265393,-0.01448229833,0.0009541011884,0.02390944841,0.2156877144
12,geom_mid15_r2_halfnormal,geometric_match,0.03,half-normal scale 0.2302,half-normal scale 0.2692,20261005,"76,2,0",100000,SL,A1,mae_mm,1.101346492,0.002878044461,-0.01568940664,0.0007083467664,0.02390944841,0.2156877144
12,geom_mid15_r2_halfnormal,geometric_match,0.03,half-normal scale 0.2302,half-normal scale 0.2692,20261005,"76,2,0",100000,SL,A1,sd_err_mm,1.42873728,0.003194769654,,,0.02390944841,0.2156877144
12,geom_mid15_r2_halfnormal,geometric_match,0.03,half-normal scale 0.2302,half-normal scale 0.2692,20261005,"76,2,0",100000,SL,A2,bias_mm,-0.8119482749,0.00430802216,-0.01569904754,0.0001948320187,0.02390944841,0.2156877144
12,geom_mid15_r2_halfnormal,geometric_match,0.03,half-normal scale 0.2302,half-normal scale 0.2692,20261005,"76,2,0",100000,SL,A2,rmse_mm,1.585921478,0.004347627699,0.02169973822,0.000271696188,0.02390944841,0.2156877144
12,geom_mid15_r2_halfnormal,geometric_match,0.03,half-normal scale 0.2302,half-normal scale 0.2692,20261005,"76,2,0",100000,SL,A2,mae_mm,1.228383791,0.003172113269,0.01534135997,0.0001937352437,0.02390944841,0.2156877144
12,geom_mid15_r2_halfnormal,geometric_match,0.03,half-normal scale 0.2302,half-normal scale 0.2692,20261005,"76,2,0",100000,SL,A2,sd_err_mm,1.362316224,0.003046246914,,,0.02390944841,0.2156877144
12,geom_mid15_r2_halfnormal,geometric_match,0.03,half-normal scale 0.2302,half-normal scale 0.2692,20261005,"76,2,0",100000,SL,A3,bias_mm,0.4018067049,0.004547044339,0.07337382056,0.0005145854035,0.02390944841,0.2156877144
12,geom_mid15_r2_halfnormal,geometric_match,0.03,half-normal scale 0.2302,half-normal scale 0.2692,20261005,"76,2,0",100000,SL,A3,rmse_mm,1.492979965,0.005263814848,0.0129381255,0.000716442167,0.02390944841,0.2156877144
12,geom_mid15_r2_halfnormal,geometric_match,0.03,half-normal scale 0.2302,half-normal scale 0.2692,20261005,"76,2,0",100000,SL,A3,mae_mm,1.123956403,0.003107604924,0.009206152465,0.0005425655307,0.02390944841,0.2156877144
12,geom_mid15_r2_halfnormal,geometric_match,0.03,half-normal scale 0.2302,half-normal scale 0.2692,20261005,"76,2,0",100000,SL,A3,sd_err_mm,1.437901673,0.003215261963,,,0.02390944841,0.2156877144
12,geom_mid15_r2_halfnormal,geometric_match,0.03,half-normal scale 0.2302,half-normal scale 0.2692,20261005,"76,2,0",100000,SL,A4,bias_mm,0.3683529223,0.00442865995,0.08206995184,0.0006673800342,0.02390944841,0.2156877144
12,geom_mid15_r2_halfnormal,geometric_match,0.03,half-normal scale 0.2302,half-normal scale 0.2692,20261005,"76,2,0",100000,SL,A4,rmse_mm,1.448090866,0.004714484248,0.01803344206,0.0008802033882,0.02390944841,0.2156877144
12,geom_mid15_r2_halfnormal,geometric_match,0.03,half-normal scale 0.2302,half-normal scale 0.2692,20261005,"76,2,0",100000,SL,A4,mae_mm,1.103184276,0.002966412667,0.01168510132,0.0006365852696,0.02390944841,0.2156877144
12,geom_mid15_r2_halfnormal,geometric_match,0.03,half-normal scale 0.2302,half-normal scale 0.2692,20261005,"76,2,0",100000,SL,A4,sd_err_mm,1.400465242,0.00313155114,,,0.02390944841,0.2156877144
13,geom_mid15_r2_chord,geometric_match,0.03,"chord link, offset scale 0.5879","chord link, offset scale 0.6542",20261005,"76,2,0",100000,AP,A1,bias_mm,0.003085165303,0.006002848344,0.2626855264,0.0007785049323,0.0238790762,0.1836907084
13,geom_mid15_r2_chord,geometric_match,0.03,"chord link, offset scale 0.5879","chord link, offset scale 0.6542",20261005,"76,2,0",100000,AP,A1,rmse_mm,1.898260337,0.006719244452,-0.02727663399,0.001498803894,0.0238790762,0.1836907084
13,geom_mid15_r2_chord,geometric_match,0.03,"chord link, offset scale 0.5879","chord link, offset scale 0.6542",20261005,"76,2,0",100000,AP,A1,mae_mm,1.434267338,0.003932283019,-0.03115602432,0.001085889753,0.0238790762,0.1836907084
13,geom_mid15_r2_chord,geometric_match,0.03,"chord link, offset scale 0.5879","chord link, offset scale 0.6542",20261005,"76,2,0",100000,AP,A1,sd_err_mm,1.898267321,0.004244675994,,,0.0238790762,0.1836907084
13,geom_mid15_r2_chord,geometric_match,0.03,"chord link, offset scale 0.5879","chord link, offset scale 0.6542",20261005,"76,2,0",100000,AP,A2,bias_mm,-1.044651438,0.006505556158,0.2000560025,0.001744738134,0.0238790762,0.1836907084
13,geom_mid15_r2_chord,geometric_match,0.03,"chord link, offset scale 0.5879","chord link, offset scale 0.6542",20261005,"76,2,0",100000,AP,A2,rmse_mm,2.307266867,0.00744088396,0.09787530684,0.002742390224,0.0238790762,0.1836907084
13,geom_mid15_r2_chord,geometric_match,0.03,"chord link, offset scale 0.5879","chord link, offset scale 0.6542",20261005,"76,2,0",100000,AP,A2,mae_mm,1.73440573,0.004811798326,0.02948403119,0.001784681814,0.0238790762,0.1836907084
13,geom_mid15_r2_chord,geometric_match,0.03,"chord link, offset scale 0.5879","chord link, offset scale 0.6542",20261005,"76,2,0",100000,AP,A2,sd_err_mm,2.057237491,0.004600145876,,,0.0238790762,0.1836907084
13,geom_mid15_r2_chord,geometric_match,0.03,"chord link, offset scale 0.5879","chord link, offset scale 0.6542",20261005,"76,2,0",100000,AP,A3,bias_mm,0.8116565627,0.006337638293,0.4193070218,0.001210199763,0.0238790762,0.1836907084
13,geom_mid15_r2_chord,geometric_match,0.03,"chord link, offset scale 0.5879","chord link, offset scale 0.6542",20261005,"76,2,0",100000,AP,A3,rmse_mm,2.162247008,0.008563397095,0.1618834582,0.002167617848,0.0238790762,0.1836907084
13,geom_mid15_r2_chord,geometric_match,0.03,"chord link, offset scale 0.5879","chord link, offset scale 0.6542",20261005,"76,2,0",100000,AP,A3,mae_mm,1.580048504,0.004667741035,0.1053450648,0.001660183364,0.0238790762,0.1836907084
13,geom_mid15_r2_chord,geometric_match,0.03,"chord link, offset scale 0.5879","chord link, offset scale 0.6542",20261005,"76,2,0",100000,AP,A3,sd_err_mm,2.004137199,0.004481409421,,,0.0238790762,0.1836907084
13,geom_mid15_r2_chord,geometric_match,0.03,"chord link, offset scale 0.5879","chord link, offset scale 0.6542",20261005,"76,2,0",100000,AP,A4,bias_mm,0.676944162,0.006006321232,0.3956689998,0.001373178173,0.0238790762,0.1836907084
13,geom_mid15_r2_chord,geometric_match,0.03,"chord link, offset scale 0.5879","chord link, offset scale 0.6542",20261005,"76,2,0",100000,AP,A4,rmse_mm,2.016384586,0.007434708319,0.1145591965,0.002187147143,0.0238790762,0.1836907084
13,geom_mid15_r2_chord,geometric_match,0.03,"chord link, offset scale 0.5879","chord link, offset scale 0.6542",20261005,"76,2,0",100000,AP,A4,mae_mm,1.501683989,0.004255314442,0.07647517654,0.001701084167,0.0238790762,0.1836907084
13,geom_mid15_r2_chord,geometric_match,0.03,"chord link, offset scale 0.5879","chord link, offset scale 0.6542",20261005,"76,2,0",100000,AP,A4,sd_err_mm,1.899365545,0.004247131709,,,0.0238790762,0.1836907084
13,geom_mid15_r2_chord,geometric_match,0.03,"chord link, offset scale 0.5879","chord link, offset scale 0.6542",20261005,"76,2,0",100000,SL,A1,bias_mm,-5.091610478e-05,0.004518063982,0.1682098255,0.0005119477827,0.02390944841,0.2166723668
13,geom_mid15_r2_chord,geometric_match,0.03,"chord link, offset scale 0.5879","chord link, offset scale 0.6542",20261005,"76,2,0",100000,SL,A1,rmse_mm,1.428730137,0.004304265393,-0.01448229833,0.0009541011884,0.02390944841,0.2166723668
13,geom_mid15_r2_chord,geometric_match,0.03,"chord link, offset scale 0.5879","chord link, offset scale 0.6542",20261005,"76,2,0",100000,SL,A1,mae_mm,1.101346492,0.002878044461,-0.01568940664,0.0007083467664,0.02390944841,0.2166723668
13,geom_mid15_r2_chord,geometric_match,0.03,"chord link, offset scale 0.5879","chord link, offset scale 0.6542",20261005,"76,2,0",100000,SL,A1,sd_err_mm,1.42873728,0.003194769654,,,0.02390944841,0.2166723668
13,geom_mid15_r2_chord,geometric_match,0.03,"chord link, offset scale 0.5879","chord link, offset scale 0.6542",20261005,"76,2,0",100000,SL,A2,bias_mm,-0.8140918798,0.004824760964,-0.01784265243,0.001328277743,0.02390944841,0.2166723668
13,geom_mid15_r2_chord,geometric_match,0.03,"chord link, offset scale 0.5879","chord link, offset scale 0.6542",20261005,"76,2,0",100000,SL,A2,rmse_mm,1.729321875,0.005117318507,0.1651001347,0.00193204095,0.02390944841,0.2166723668
13,geom_mid15_r2_chord,geometric_match,0.03,"chord link, offset scale 0.5879","chord link, offset scale 0.6542",20261005,"76,2,0",100000,SL,A2,mae_mm,1.318600972,0.003538160739,0.1055585411,0.001248684537,0.02390944841,0.2166723668
13,geom_mid15_r2_chord,geometric_match,0.03,"chord link, offset scale 0.5879","chord link, offset scale 0.6542",20261005,"76,2,0",100000,SL,A2,sd_err_mm,1.525723381,0.003411638254,,,0.02390944841,0.2166723668
13,geom_mid15_r2_chord,geometric_match,0.03,"chord link, offset scale 0.5879","chord link, offset scale 0.6542",20261005,"76,2,0",100000,SL,A3,bias_mm,0.5592127107,0.004642968687,0.2307798263,0.0007387829548,0.02390944841,0.2166723668
13,geom_mid15_r2_chord,geometric_match,0.03,"chord link, offset scale 0.5879","chord link, offset scale 0.6542",20261005,"76,2,0",100000,SL,A3,rmse_mm,1.57111843,0.005643335631,0.09107659096,0.001272224908,0.02390944841,0.2166723668
13,geom_mid15_r2_chord,geometric_match,0.03,"chord link, offset scale 0.5879","chord link, offset scale 0.6542",20261005,"76,2,0",100000,SL,A3,mae_mm,1.177118865,0.003290615639,0.06236861415,0.0009713734293,0.02390944841,0.2166723668
13,geom_mid15_r2_chord,geometric_match,0.03,"chord link, offset scale 0.5879","chord link, offset scale 0.6542",20261005,"76,2,0",100000,SL,A3,sd_err_mm,1.468235616,0.003283091059,,,0.02390944841,0.2166723668
13,geom_mid15_r2_chord,geometric_match,0.03,"chord link, offset scale 0.5879","chord link, offset scale 0.6542",20261005,"76,2,0",100000,SL,A4,bias_mm,0.5103230861,0.004475670598,0.2240401156,0.000853171393,0.02390944841,0.2166723668
13,geom_mid15_r2_chord,geometric_match,0.03,"chord link, offset scale 0.5879","chord link, offset scale 0.6542",20261005,"76,2,0",100000,SL,A4,rmse_mm,1.504517315,0.004919860403,0.07445989057,0.001346632206,0.02390944841,0.2166723668
13,geom_mid15_r2_chord,geometric_match,0.03,"chord link, offset scale 0.5879","chord link, offset scale 0.6542",20261005,"76,2,0",100000,SL,A4,mae_mm,1.145187745,0.003085655362,0.05368857033,0.001019526808,0.02390944841,0.2166723668
13,geom_mid15_r2_chord,geometric_match,0.03,"chord link, offset scale 0.5879","chord link, offset scale 0.6542",20261005,"76,2,0",100000,SL,A4,sd_err_mm,1.415331315,0.003164792854,,,0.02390944841,0.2166723668
14,published_L0.1,published,0.06,half-normal scale 0.1,half-normal scale 0.1,20261005,"76,2,0",100000,AP,A1,bias_mm,-0.2596003611,0.006033520269,0,0,0.04775815239,0.07958911905
14,published_L0.1,published,0.06,half-normal scale 0.1,half-normal scale 0.1,20261005,"76,2,0",100000,AP,A1,rmse_mm,1.925536971,0.006406088218,0,0,0.04775815239,0.07958911905
14,published_L0.1,published,0.06,half-normal scale 0.1,half-normal scale 0.1,20261005,"76,2,0",100000,AP,A1,mae_mm,1.465423362,0.003949990632,0,0,0.04775815239,0.07958911905
14,published_L0.1,published,0.06,half-normal scale 0.1,half-normal scale 0.1,20261005,"76,2,0",100000,AP,A1,sd_err_mm,1.907966636,0.004266364428,,,0.04775815239,0.07958911905
14,published_L0.1,published,0.06,half-normal scale 0.1,half-normal scale 0.1,20261005,"76,2,0",100000,AP,A2,bias_mm,-0.368479693,0.005171910385,0.8762277474,0.002072703439,0.04775815239,0.07958911905
14,published_L0.1,published,0.06,half-normal scale 0.1,half-normal scale 0.1,20261005,"76,2,0",100000,AP,A2,rmse_mm,1.67648926,0.004962665021,-0.5329023008,0.00406935253,0.04775815239,0.07958911905
14,published_L0.1,published,0.06,half-normal scale 0.1,half-normal scale 0.1,20261005,"76,2,0",100000,AP,A2,mae_mm,1.283902513,0.003409138012,-0.4210191867,0.002882254231,0.04775815239,0.07958911905
14,published_L0.1,published,0.06,half-normal scale 0.1,half-normal scale 0.1,20261005,"76,2,0",100000,AP,A2,sd_err_mm,1.635501667,0.00365711119,,,0.04775815239,0.07958911905
14,published_L0.1,published,0.06,half-normal scale 0.1,half-normal scale 0.1,20261005,"76,2,0",100000,AP,A3,bias_mm,0.815312205,0.006276622587,0.4229626642,0.001911841932,0.04775815239,0.07958911905
14,published_L0.1,published,0.06,half-normal scale 0.1,half-normal scale 0.1,20261005,"76,2,0",100000,AP,A3,rmse_mm,2.145761801,0.008644104135,0.145398251,0.003065162341,0.04775815239,0.07958911905
14,published_L0.1,published,0.06,half-normal scale 0.1,half-normal scale 0.1,20261005,"76,2,0",100000,AP,A3,mae_mm,1.560759768,0.004656548439,0.08605632881,0.002063891532,0.04775815239,0.07958911905
14,published_L0.1,published,0.06,half-normal scale 0.1,half-normal scale 0.1,20261005,"76,2,0",100000,AP,A3,sd_err_mm,1.984842339,0.004438264586,,,0.04775815239,0.07958911905
14,published_L0.1,published,0.06,half-normal scale 0.1,half-normal scale 0.1,20261005,"76,2,0",100000,AP,A4,bias_mm,0.6378045106,0.005883901019,0.3565293484,0.001949500297,0.04775815239,0.07958911905
14,published_L0.1,published,0.06,half-normal scale 0.1,half-normal scale 0.1,20261005,"76,2,0",100000,AP,A4,rmse_mm,1.966923764,0.007341833454,0.06509837487,0.00274509141,0.04775815239,0.07958911905
14,published_L0.1,published,0.06,half-normal scale 0.1,half-normal scale 0.1,20261005,"76,2,0",100000,AP,A4,mae_mm,1.463086467,0.004157143688,0.03787765436,0.001983184269,0.04775815239,0.07958911905
14,published_L0.1,published,0.06,half-normal scale 0.1,half-normal scale 0.1,20261005,"76,2,0",100000,AP,A4,sd_err_mm,1.860652875,0.004160567113,,,0.04775815239,0.07958911905
14,published_L0.1,published,0.06,half-normal scale 0.1,half-normal scale 0.1,20261005,"76,2,0",100000,SL,A1,bias_mm,-0.1682607416,0.004532737586,0,0,0.04781889682,0.08014215699
14,published_L0.1,published,0.06,half-normal scale 0.1,half-normal scale 0.1,20261005,"76,2,0",100000,SL,A1,rmse_mm,1.443212435,0.004149744564,0,0,0.04781889682,0.08014215699
14,published_L0.1,published,0.06,half-normal scale 0.1,half-normal scale 0.1,20261005,"76,2,0",100000,SL,A1,mae_mm,1.117035899,0.002889811906,0,0,0.04781889682,0.08014215699
14,published_L0.1,published,0.06,half-normal scale 0.1,half-normal scale 0.1,20261005,"76,2,0",100000,SL,A1,sd_err_mm,1.433377481,0.00320514551,,,0.04781889682,0.08014215699
14,published_L0.1,published,0.06,half-normal scale 0.1,half-normal scale 0.1,20261005,"76,2,0",100000,SL,A2,bias_mm,-0.2341597316,0.003906459873,0.5620894958,0.001355468027,0.04781889682,0.08014215699
14,published_L0.1,published,0.06,half-normal scale 0.1,half-normal scale 0.1,20261005,"76,2,0",100000,SL,A2,rmse_mm,1.257321913,0.003400614795,-0.306899827,0.00259589067,0.04781889682,0.08014215699
14,published_L0.1,published,0.06,half-normal scale 0.1,half-normal scale 0.1,20261005,"76,2,0",100000,SL,A2,mae_mm,0.9768451035,0.002503274462,-0.2361973278,0.001918859981,0.04781889682,0.08014215699
14,published_L0.1,published,0.06,half-normal scale 0.1,half-normal scale 0.1,20261005,"76,2,0",100000,SL,A2,sd_err_mm,1.235331079,0.002762298078,,,0.04781889682,0.08014215699
14,published_L0.1,published,0.06,half-normal scale 0.1,half-normal scale 0.1,20261005,"76,2,0",100000,SL,A3,bias_mm,0.6221164987,0.004578386731,0.2936836143,0.001305960462,0.04781889682,0.08014215699
14,published_L0.1,published,0.06,half-normal scale 0.1,half-normal scale 0.1,20261005,"76,2,0",100000,SL,A3,rmse_mm,1.575807882,0.005738894694,0.09576604338,0.001998933906,0.04781889682,0.08014215699
14,published_L0.1,published,0.06,half-normal scale 0.1,half-normal scale 0.1,20261005,"76,2,0",100000,SL,A3,mae_mm,1.175915397,0.003317234491,0.06116514615,0.001428490662,0.04781889682,0.08014215699
14,published_L0.1,published,0.06,half-normal scale 0.1,half-normal scale 0.1,20261005,"76,2,0",100000,SL,A3,sd_err_mm,1.447813008,0.003237424492,,,0.04781889682,0.08014215699
14,published_L0.1,published,0.06,half-normal scale 0.1,half-normal scale 0.1,20261005,"76,2,0",100000,SL,A4,bias_mm,0.5529315206,0.004364860154,0.2666485502,0.001377867334,0.04781889682,0.08014215699
14,published_L0.1,published,0.06,half-normal scale 0.1,half-normal scale 0.1,20261005,"76,2,0",100000,SL,A4,rmse_mm,1.486914467,0.004850817187,0.05685704218,0.001891473595,0.04781889682,0.08014215699
14,published_L0.1,published,0.06,half-normal scale 0.1,half-normal scale 0.1,20261005,"76,2,0",100000,SL,A4,mae_mm,1.131730174,0.003049771707,0.04023099917,0.001429931445,0.04781889682,0.08014215699
14,published_L0.1,published,0.06,half-normal scale 0.1,half-normal scale 0.1,20261005,"76,2,0",100000,SL,A4,sd_err_mm,1.380289975,0.003086437646,,,0.04781889682,0.08014215699
15,published_L0.25,published,0.06,half-normal scale 0.25,half-normal scale 0.25,20261005,"76,2,0",100000,AP,A1,bias_mm,-0.2596003611,0.006033520269,0,0,0.04775815239,0.1989543756
15,published_L0.25,published,0.06,half-normal scale 0.25,half-normal scale 0.25,20261005,"76,2,0",100000,AP,A1,rmse_mm,1.925536971,0.006406088218,0,0,0.04775815239,0.1989543756
15,published_L0.25,published,0.06,half-normal scale 0.25,half-normal scale 0.25,20261005,"76,2,0",100000,AP,A1,mae_mm,1.465423362,0.003949990632,0,0,0.04775815239,0.1989543756
15,published_L0.25,published,0.06,half-normal scale 0.25,half-normal scale 0.25,20261005,"76,2,0",100000,AP,A1,sd_err_mm,1.907966636,0.004266364428,,,0.04775815239,0.1989543756
15,published_L0.25,published,0.06,half-normal scale 0.25,half-normal scale 0.25,20261005,"76,2,0",100000,AP,A2,bias_mm,-1.24470744,0.005772475879,0,0,0.04775815239,0.1989543756
15,published_L0.25,published,0.06,half-normal scale 0.25,half-normal scale 0.25,20261005,"76,2,0",100000,AP,A2,rmse_mm,2.209391561,0.006356368062,0,0,0.04775815239,0.1989543756
15,published_L0.25,published,0.06,half-normal scale 0.25,half-normal scale 0.25,20261005,"76,2,0",100000,AP,A2,mae_mm,1.704921699,0.004443729081,0,0,0.04775815239,0.1989543756
15,published_L0.25,published,0.06,half-normal scale 0.25,half-normal scale 0.25,20261005,"76,2,0",100000,AP,A2,sd_err_mm,1.825417152,0.004081777247,,,0.04775815239,0.1989543756
15,published_L0.25,published,0.06,half-normal scale 0.25,half-normal scale 0.25,20261005,"76,2,0",100000,AP,A3,bias_mm,0.3923495409,0.006202865986,0,0,0.04775815239,0.1989543756
15,published_L0.25,published,0.06,half-normal scale 0.25,half-normal scale 0.25,20261005,"76,2,0",100000,AP,A3,rmse_mm,2.00036355,0.007815336283,0,0,0.04775815239,0.1989543756
15,published_L0.25,published,0.06,half-normal scale 0.25,half-normal scale 0.25,20261005,"76,2,0",100000,AP,A3,mae_mm,1.474703439,0.004274017274,0,0,0.04775815239,0.1989543756
15,published_L0.25,published,0.06,half-normal scale 0.25,half-normal scale 0.25,20261005,"76,2,0",100000,AP,A3,sd_err_mm,1.961518454,0.004386110532,,,0.04775815239,0.1989543756
15,published_L0.25,published,0.06,half-normal scale 0.25,half-normal scale 0.25,20261005,"76,2,0",100000,AP,A4,bias_mm,0.2812751622,0.005947990814,0,0,0.04775815239,0.1989543756
15,published_L0.25,published,0.06,half-normal scale 0.25,half-normal scale 0.25,20261005,"76,2,0",100000,AP,A4,rmse_mm,1.901825389,0.00687478617,0,0,0.04775815239,0.1989543756
15,published_L0.25,published,0.06,half-normal scale 0.25,half-normal scale 0.25,20261005,"76,2,0",100000,AP,A4,mae_mm,1.425208813,0.003982129465,0,0,0.04775815239,0.1989543756
15,published_L0.25,published,0.06,half-normal scale 0.25,half-normal scale 0.25,20261005,"76,2,0",100000,AP,A4,sd_err_mm,1.880919847,0.004205885668,,,0.04775815239,0.1989543756
15,published_L0.25,published,0.06,half-normal scale 0.25,half-normal scale 0.25,20261005,"76,2,0",100000,SL,A1,bias_mm,-0.1682607416,0.004532737586,0,0,0.04781889682,0.2003400229
15,published_L0.25,published,0.06,half-normal scale 0.25,half-normal scale 0.25,20261005,"76,2,0",100000,SL,A1,rmse_mm,1.443212435,0.004149744564,0,0,0.04781889682,0.2003400229
15,published_L0.25,published,0.06,half-normal scale 0.25,half-normal scale 0.25,20261005,"76,2,0",100000,SL,A1,mae_mm,1.117035899,0.002889811906,0,0,0.04781889682,0.2003400229
15,published_L0.25,published,0.06,half-normal scale 0.25,half-normal scale 0.25,20261005,"76,2,0",100000,SL,A1,sd_err_mm,1.433377481,0.00320514551,,,0.04781889682,0.2003400229
15,published_L0.25,published,0.06,half-normal scale 0.25,half-normal scale 0.25,20261005,"76,2,0",100000,SL,A2,bias_mm,-0.7962492273,0.004257692976,0,0,0.04781889682,0.2003400229
15,published_L0.25,published,0.06,half-normal scale 0.25,half-normal scale 0.25,20261005,"76,2,0",100000,SL,A2,rmse_mm,1.56422174,0.004256642666,0,0,0.04781889682,0.2003400229
15,published_L0.25,published,0.06,half-normal scale 0.25,half-normal scale 0.25,20261005,"76,2,0",100000,SL,A2,mae_mm,1.213042431,0.00312302332,0,0,0.04781889682,0.2003400229
15,published_L0.25,published,0.06,half-normal scale 0.25,half-normal scale 0.25,20261005,"76,2,0",100000,SL,A2,sd_err_mm,1.346400738,0.003010658629,,,0.04781889682,0.2003400229
15,published_L0.25,published,0.06,half-normal scale 0.25,half-normal scale 0.25,20261005,"76,2,0",100000,SL,A3,bias_mm,0.3284328844,0.004563635078,0,0,0.04781889682,0.2003400229
15,published_L0.25,published,0.06,half-normal scale 0.25,half-normal scale 0.25,20261005,"76,2,0",100000,SL,A3,rmse_mm,1.480041839,0.005205654839,0,0,0.04781889682,0.2003400229
15,published_L0.25,published,0.06,half-normal scale 0.25,half-normal scale 0.25,20261005,"76,2,0",100000,SL,A3,mae_mm,1.11475025,0.003078741956,0,0,0.04781889682,0.2003400229
15,published_L0.25,published,0.06,half-normal scale 0.25,half-normal scale 0.25,20261005,"76,2,0",100000,SL,A3,sd_err_mm,1.443148126,0.003226993446,,,0.04781889682,0.2003400229
15,published_L0.25,published,0.06,half-normal scale 0.25,half-normal scale 0.25,20261005,"76,2,0",100000,SL,A4,bias_mm,0.2862829705,0.004430717695,0,0,0.04781889682,0.2003400229
15,published_L0.25,published,0.06,half-normal scale 0.25,half-normal scale 0.25,20261005,"76,2,0",100000,SL,A4,rmse_mm,1.430057424,0.004589578003,0,0,0.04781889682,0.2003400229
15,published_L0.25,published,0.06,half-normal scale 0.25,half-normal scale 0.25,20261005,"76,2,0",100000,SL,A4,mae_mm,1.091499174,0.002921818486,0,0,0.04781889682,0.2003400229
15,published_L0.25,published,0.06,half-normal scale 0.25,half-normal scale 0.25,20261005,"76,2,0",100000,SL,A4,sd_err_mm,1.401115958,0.003133006193,,,0.04781889682,0.2003400229
16,published_L0.5,published,0.06,half-normal scale 0.5,half-normal scale 0.5,20261005,"76,2,0",100000,AP,A1,bias_mm,-0.2596003611,0.006033520269,0,0,0.04775815239,0.3839471773
16,published_L0.5,published,0.06,half-normal scale 0.5,half-normal scale 0.5,20261005,"76,2,0",100000,AP,A1,rmse_mm,1.925536971,0.006406088218,0,0,0.04775815239,0.3839471773
16,published_L0.5,published,0.06,half-normal scale 0.5,half-normal scale 0.5,20261005,"76,2,0",100000,AP,A1,mae_mm,1.465423362,0.003949990632,0,0,0.04775815239,0.3839471773
16,published_L0.5,published,0.06,half-normal scale 0.5,half-normal scale 0.5,20261005,"76,2,0",100000,AP,A1,sd_err_mm,1.907966636,0.004266364428,,,0.04775815239,0.3839471773
16,published_L0.5,published,0.06,half-normal scale 0.5,half-normal scale 0.5,20261005,"76,2,0",100000,AP,A2,bias_mm,-2.601502893,0.007451358261,-1.356795452,0.002945809223,0.04775815239,0.3839471773
16,published_L0.5,published,0.06,half-normal scale 0.5,half-normal scale 0.5,20261005,"76,2,0",100000,AP,A2,rmse_mm,3.509990851,0.009346178083,1.30059929,0.00459797407,0.04775815239,0.3839471773
16,published_L0.5,published,0.06,half-normal scale 0.5,half-normal scale 0.5,20261005,"76,2,0",100000,AP,A2,mae_mm,2.785360325,0.006754146321,1.080438625,0.003659175888,0.04775815239,0.3839471773
16,published_L0.5,published,0.06,half-normal scale 0.5,half-normal scale 0.5,20261005,"76,2,0",100000,AP,A2,sd_err_mm,2.356326377,0.0052689323,,,0.04775815239,0.3839471773
16,published_L0.5,published,0.06,half-normal scale 0.5,half-normal scale 0.5,20261005,"76,2,0",100000,AP,A3,bias_mm,0.1193790272,0.00615623207,-0.2729705137,0.001621970149,0.04775815239,0.3839471773
16,published_L0.5,published,0.06,half-normal scale 0.5,half-normal scale 0.5,20261005,"76,2,0",100000,AP,A3,rmse_mm,1.950418617,0.007208646105,-0.04994493248,0.002557250663,0.04775815239,0.3839471773
16,published_L0.5,published,0.06,half-normal scale 0.5,half-normal scale 0.5,20261005,"76,2,0",100000,AP,A3,mae_mm,1.456111176,0.004103522712,-0.01859226299,0.001637632277,0.04775815239,0.3839471773
16,published_L0.5,published,0.06,half-normal scale 0.5,half-normal scale 0.5,20261005,"76,2,0",100000,AP,A3,sd_err_mm,1.946771514,0.004353135209,,,0.04775815239,0.3839471773
16,published_L0.5,published,0.06,half-normal scale 0.5,half-normal scale 0.5,20261005,"76,2,0",100000,AP,A4,bias_mm,0.05356861932,0.006000203615,-0.2277065429,0.001613591843,0.04775815239,0.3839471773
16,published_L0.5,published,0.06,half-normal scale 0.5,half-normal scale 0.5,20261005,"76,2,0",100000,AP,A4,rmse_mm,1.89817753,0.0066319785,-0.003647858574,0.00215859214,0.04775815239,0.3839471773
16,published_L0.5,published,0.06,half-normal scale 0.5,half-normal scale 0.5,20261005,"76,2,0",100000,AP,A4,mae_mm,1.430994036,0.003943792031,0.005785223437,0.001562178143,0.04775815239,0.3839471773
16,published_L0.5,published,0.06,half-normal scale 0.5,half-normal scale 0.5,20261005,"76,2,0",100000,AP,A4,sd_err_mm,1.897430985,0.004242805879,,,0.04775815239,0.3839471773
16,published_L0.5,published,0.06,half-normal scale 0.5,half-normal scale 0.5,20261005,"76,2,0",100000,SL,A1,bias_mm,-0.1682607416,0.004532737586,0,0,0.04781889682,0.3862897449
16,published_L0.5,published,0.06,half-normal scale 0.5,half-normal scale 0.5,20261005,"76,2,0",100000,SL,A1,rmse_mm,1.443212435,0.004149744564,0,0,0.04781889682,0.3862897449
16,published_L0.5,published,0.06,half-normal scale 0.5,half-normal scale 0.5,20261005,"76,2,0",100000,SL,A1,mae_mm,1.117035899,0.002889811906,0,0,0.04781889682,0.3862897449
16,published_L0.5,published,0.06,half-normal scale 0.5,half-normal scale 0.5,20261005,"76,2,0",100000,SL,A1,sd_err_mm,1.433377481,0.00320514551,,,0.04781889682,0.3862897449
16,published_L0.5,published,0.06,half-normal scale 0.5,half-normal scale 0.5,20261005,"76,2,0",100000,SL,A2,bias_mm,-1.666849143,0.005277647336,-0.8705999161,0.00194224431,0.04781889682,0.3862897449
16,published_L0.5,published,0.06,half-normal scale 0.5,half-normal scale 0.5,20261005,"76,2,0",100000,SL,A2,rmse_mm,2.358752712,0.006284265577,0.7945309715,0.0031314497,0.04781889682,0.3862897449
16,published_L0.5,published,0.06,half-normal scale 0.5,half-normal scale 0.5,20261005,"76,2,0",100000,SL,A2,mae_mm,1.854883343,0.00460775799,0.6418409118,0.002505661209,0.04781889682,0.3862897449
16,published_L0.5,published,0.06,half-normal scale 0.5,half-normal scale 0.5,20261005,"76,2,0",100000,SL,A2,sd_err_mm,1.668938627,0.00373187888,,,0.04781889682,0.3862897449
16,published_L0.5,published,0.06,half-normal scale 0.5,half-normal scale 0.5,20261005,"76,2,0",100000,SL,A3,bias_mm,0.1271592786,0.004566862981,-0.2012736057,0.001137378261,0.04781889682,0.3862897449
16,published_L0.5,published,0.06,half-normal scale 0.5,half-normal scale 0.5,20261005,"76,2,0",100000,SL,A3,rmse_mm,1.449749073,0.00480617454,-0.03029276608,0.001726952863,0.04781889682,0.3862897449
16,published_L0.5,published,0.06,half-normal scale 0.5,half-normal scale 0.5,20261005,"76,2,0",100000,SL,A3,mae_mm,1.103185084,0.002974498096,-0.01156516606,0.001171656603,0.04781889682,0.3862897449
16,published_L0.5,published,0.06,half-normal scale 0.5,half-normal scale 0.5,20261005,"76,2,0",100000,SL,A3,sd_err_mm,1.444168878,0.003229275929,,,0.04781889682,0.3862897449
16,published_L0.5,published,0.06,half-normal scale 0.5,half-normal scale 0.5,20261005,"76,2,0",100000,SL,A4,bias_mm,0.1019625053,0.004484446805,-0.1843204652,0.00116276315,0.04781889682,0.3862897449
16,published_L0.5,published,0.06,half-normal scale 0.5,half-normal scale 0.5,20261005,"76,2,0",100000,SL,A4,rmse_mm,1.421760373,0.004408236488,-0.008297051713,0.001543997335,0.04781889682,0.3862897449
16,published_L0.5,published,0.06,half-normal scale 0.5,half-normal scale 0.5,20261005,"76,2,0",100000,SL,A4,mae_mm,1.090627641,0.002884340871,-0.0008715336431,0.001156972451,0.04781889682,0.3862897449
16,published_L0.5,published,0.06,half-normal scale 0.5,half-normal scale 0.5,20261005,"76,2,0",100000,SL,A4,sd_err_mm,1.418106595,0.003170998601,,,0.04781889682,0.3862897449
17,lib_biplane_inflow,library_match,0.06,half-normal scale 0.2835,half-normal scale 0.2835,20261005,"76,2,0",100000,AP,A1,bias_mm,-0.2596003611,0.006033520269,0,0,0.04775815239,0.225513562
17,lib_biplane_inflow,library_match,0.06,half-normal scale 0.2835,half-normal scale 0.2835,20261005,"76,2,0",100000,AP,A1,rmse_mm,1.925536971,0.006406088218,0,0,0.04775815239,0.225513562
17,lib_biplane_inflow,library_match,0.06,half-normal scale 0.2835,half-normal scale 0.2835,20261005,"76,2,0",100000,AP,A1,mae_mm,1.465423362,0.003949990632,0,0,0.04775815239,0.225513562
17,lib_biplane_inflow,library_match,0.06,half-normal scale 0.2835,half-normal scale 0.2835,20261005,"76,2,0",100000,AP,A1,sd_err_mm,1.907966636,0.004266364428,,,0.04775815239,0.225513562
17,lib_biplane_inflow,library_match,0.06,half-normal scale 0.2835,half-normal scale 0.2835,20261005,"76,2,0",100000,AP,A2,bias_mm,-1.439681505,0.00599280443,-0.1949740649,0.0004588716667,0.04775815239,0.225513562
17,lib_biplane_inflow,library_match,0.06,half-normal scale 0.2835,half-normal scale 0.2835,20261005,"76,2,0",100000,AP,A2,rmse_mm,2.379919624,0.006851319746,0.1705280635,0.000829880427,0.04775815239,0.225513562
17,lib_biplane_inflow,library_match,0.06,half-normal scale 0.2835,half-normal scale 0.2835,20261005,"76,2,0",100000,AP,A2,mae_mm,1.839420589,0.004775533604,0.1344988895,0.0006323519006,0.04775815239,0.225513562
17,lib_biplane_inflow,library_match,0.06,half-normal scale 0.2835,half-normal scale 0.2835,20261005,"76,2,0",100000,AP,A2,sd_err_mm,1.895091157,0.004237573839,,,0.04775815239,0.225513562
17,lib_biplane_inflow,library_match,0.06,half-normal scale 0.2835,half-normal scale 0.2835,20261005,"76,2,0",100000,AP,A3,bias_mm,0.3364704171,0.006194294386,-0.0558791238,0.0003350369989,0.04775815239,0.225513562
17,lib_biplane_inflow,library_match,0.06,half-normal scale 0.2835,half-normal scale 0.2835,20261005,"76,2,0",100000,AP,A3,rmse_mm,1.987486419,0.007692342006,-0.01287713068,0.0005172534147,0.04775815239,0.225513562
17,lib_biplane_inflow,library_match,0.06,half-normal scale 0.2835,half-normal scale 0.2835,20261005,"76,2,0",100000,AP,A3,mae_mm,1.468852314,0.004233902539,-0.005851124677,0.0003694491582,0.04775815239,0.225513562
17,lib_biplane_inflow,library_match,0.06,half-normal scale 0.2835,half-normal scale 0.2835,20261005,"76,2,0",100000,AP,A3,sd_err_mm,1.958807876,0.004380049465,,,0.04775815239,0.225513562
17,lib_biplane_inflow,library_match,0.06,half-normal scale 0.2835,half-normal scale 0.2835,20261005,"76,2,0",100000,AP,A4,bias_mm,0.2343875784,0.00595834662,-0.04688758385,0.0005168267924,0.04775815239,0.225513562
17,lib_biplane_inflow,library_match,0.06,half-normal scale 0.2835,half-normal scale 0.2835,20261005,"76,2,0",100000,AP,A4,rmse_mm,1.898707845,0.006814454189,-0.003117544399,0.0006250024489,0.04775815239,0.225513562
17,lib_biplane_inflow,library_match,0.06,half-normal scale 0.2835,half-normal scale 0.2835,20261005,"76,2,0",100000,AP,A4,mae_mm,1.424852994,0.003968502456,-0.0003558190214,0.0004687001888,0.04775815239,0.225513562
17,lib_biplane_inflow,library_match,0.06,half-normal scale 0.2835,half-normal scale 0.2835,20261005,"76,2,0",100000,AP,A4,sd_err_mm,1.884194641,0.004213208366,,,0.04775815239,0.225513562
17,lib_biplane_inflow,library_match,0.06,half-normal scale 0.2835,half-normal scale 0.2835,20261005,"76,2,0",100000,SL,A1,bias_mm,-0.1682607416,0.004532737586,0,0,0.04781889682,0.2270816124
17,lib_biplane_inflow,library_match,0.06,half-normal scale 0.2835,half-normal scale 0.2835,20261005,"76,2,0",100000,SL,A1,rmse_mm,1.443212435,0.004149744564,0,0,0.04781889682,0.2270816124
17,lib_biplane_inflow,library_match,0.06,half-normal scale 0.2835,half-normal scale 0.2835,20261005,"76,2,0",100000,SL,A1,mae_mm,1.117035899,0.002889811906,0,0,0.04781889682,0.2270816124
17,lib_biplane_inflow,library_match,0.06,half-normal scale 0.2835,half-normal scale 0.2835,20261005,"76,2,0",100000,SL,A1,sd_err_mm,1.433377481,0.00320514551,,,0.04781889682,0.2270816124
17,lib_biplane_inflow,library_match,0.06,half-normal scale 0.2835,half-normal scale 0.2835,20261005,"76,2,0",100000,SL,A2,bias_mm,-0.9213064333,0.004387548117,-0.125057206,0.0003001791114,0.04781889682,0.2270816124
17,lib_biplane_inflow,library_match,0.06,half-normal scale 0.2835,half-normal scale 0.2835,20261005,"76,2,0",100000,SL,A2,rmse_mm,1.665486158,0.004568029544,0.1012644174,0.0005448774823,0.04781889682,0.2270816124
17,lib_biplane_inflow,library_match,0.06,half-normal scale 0.2835,half-normal scale 0.2835,20261005,"76,2,0",100000,SL,A2,mae_mm,1.291142075,0.003326871431,0.07809964357,0.0004250779841,0.04781889682,0.2270816124
17,lib_biplane_inflow,library_match,0.06,half-normal scale 0.2835,half-normal scale 0.2835,20261005,"76,2,0",100000,SL,A2,sd_err_mm,1.387464539,0.003102480538,,,0.04781889682,0.2270816124
17,lib_biplane_inflow,library_match,0.06,half-normal scale 0.2835,half-normal scale 0.2835,20261005,"76,2,0",100000,SL,A3,bias_mm,0.2879297464,0.004564638643,-0.04050313796,0.0002313243594,0.04781889682,0.2270816124
17,lib_biplane_inflow,library_match,0.06,half-normal scale 0.2835,half-normal scale 0.2835,20261005,"76,2,0",100000,SL,A3,rmse_mm,1.471895138,0.005126047892,-0.008146701222,0.000344886637,0.04781889682,0.2270816124
17,lib_biplane_inflow,library_match,0.06,half-normal scale 0.2835,half-normal scale 0.2835,20261005,"76,2,0",100000,SL,A3,mae_mm,1.110703715,0.003054213291,-0.004046535302,0.0002584240075,0.04781889682,0.2270816124
17,lib_biplane_inflow,library_match,0.06,half-normal scale 0.2835,half-normal scale 0.2835,20261005,"76,2,0",100000,SL,A3,sd_err_mm,1.443465481,0.003227703077,,,0.04781889682,0.2270816124
17,lib_biplane_inflow,library_match,0.06,half-normal scale 0.2835,half-normal scale 0.2835,20261005,"76,2,0",100000,SL,A4,bias_mm,0.2490820496,0.004440503903,-0.03720092092,0.0003399358314,0.04781889682,0.2270816124
17,lib_biplane_inflow,library_match,0.06,half-normal scale 0.2835,half-normal scale 0.2835,20261005,"76,2,0",100000,SL,A4,rmse_mm,1.426123992,0.004548512007,-0.003933432203,0.0004035928651,0.04781889682,0.2270816124
17,lib_biplane_inflow,library_match,0.06,half-normal scale 0.2835,half-normal scale 0.2835,20261005,"76,2,0",100000,SL,A4,mae_mm,1.089583238,0.002909719016,-0.001915936512,0.0003161177635,0.04781889682,0.2270816124
17,lib_biplane_inflow,library_match,0.06,half-normal scale 0.2835,half-normal scale 0.2835,20261005,"76,2,0",100000,SL,A4,sd_err_mm,1.404210629,0.003139926122,,,0.04781889682,0.2270816124
18,lib_biplane_mean_three_views,library_match,0.06,half-normal scale 0.3299,half-normal scale 0.3299,20261005,"76,2,0",100000,AP,A1,bias_mm,-0.2596003611,0.006033520269,0,0,0.04775815239,0.2619219578
18,lib_biplane_mean_three_views,library_match,0.06,half-normal scale 0.3299,half-normal scale 0.3299,20261005,"76,2,0",100000,AP,A1,rmse_mm,1.925536971,0.006406088218,0,0,0.04775815239,0.2619219578
18,lib_biplane_mean_three_views,library_match,0.06,half-normal scale 0.3299,half-normal scale 0.3299,20261005,"76,2,0",100000,AP,A1,mae_mm,1.465423362,0.003949990632,0,0,0.04775815239,0.2619219578
18,lib_biplane_mean_three_views,library_match,0.06,half-normal scale 0.3299,half-normal scale 0.3299,20261005,"76,2,0",100000,AP,A1,sd_err_mm,1.907966636,0.004266364428,,,0.04775815239,0.2619219578
18,lib_biplane_mean_three_views,library_match,0.06,half-normal scale 0.3299,half-normal scale 0.3299,20261005,"76,2,0",100000,AP,A2,bias_mm,-1.7069144,0.006324438279,-0.4622069596,0.001076832065,0.04775815239,0.2619219578
18,lib_biplane_mean_three_views,library_match,0.06,half-normal scale 0.3299,half-normal scale 0.3299,20261005,"76,2,0",100000,AP,A2,rmse_mm,2.629328569,0.007534612129,0.4199370087,0.001885338435,0.04775815239,0.2619219578
18,lib_biplane_mean_three_views,library_match,0.06,half-normal scale 0.3299,half-normal scale 0.3299,20261005,"76,2,0",100000,AP,A2,mae_mm,2.039106273,0.005249230314,0.3341845733,0.001434787571,0.04775815239,0.2619219578
18,lib_biplane_mean_three_views,library_match,0.06,half-normal scale 0.3299,half-normal scale 0.3299,20261005,"76,2,0",100000,AP,A2,sd_err_mm,1.999962988,0.004472075555,,,0.04775815239,0.2619219578
18,lib_biplane_mean_three_views,library_match,0.06,half-normal scale 0.3299,half-normal scale 0.3299,20261005,"76,2,0",100000,AP,A3,bias_mm,0.27230678,0.006184922348,-0.1200427608,0.0007183957886,0.04775815239,0.2619219578
18,lib_biplane_mean_three_views,library_match,0.06,half-normal scale 0.3299,half-normal scale 0.3299,20261005,"76,2,0",100000,AP,A3,rmse_mm,1.974699768,0.007550970224,-0.02566378164,0.001116212825,0.04775815239,0.2619219578
18,lib_biplane_mean_three_views,library_match,0.06,half-normal scale 0.3299,half-normal scale 0.3299,20261005,"76,2,0",100000,AP,A3,mae_mm,1.463742079,0.004191558027,-0.01096135984,0.0007721218999,0.04775815239,0.2619219578
18,lib_biplane_mean_three_views,library_match,0.06,half-normal scale 0.3299,half-normal scale 0.3299,20261005,"76,2,0",100000,AP,A3,sd_err_mm,1.955844177,0.0043734224,,,0.04775815239,0.2619219578
18,lib_biplane_mean_three_views,library_match,0.06,half-normal scale 0.3299,half-normal scale 0.3299,20261005,"76,2,0",100000,AP,A4,bias_mm,0.1808419759,0.005971675624,-0.1004331863,0.0008805509749,0.04775815239,0.2619219578
18,lib_biplane_mean_three_views,library_match,0.06,half-normal scale 0.3299,half-normal scale 0.3299,20261005,"76,2,0",100000,AP,A4,rmse_mm,1.897039571,0.006761580938,-0.004785817755,0.001145845449,0.04775815239,0.2619219578
18,lib_biplane_mean_three_views,library_match,0.06,half-normal scale 0.3299,half-normal scale 0.3299,20261005,"76,2,0",100000,AP,A4,mae_mm,1.425516922,0.003958126207,0.0003081089606,0.0008455448869,0.04775815239,0.2619219578
18,lib_biplane_mean_three_views,library_match,0.06,half-normal scale 0.3299,half-normal scale 0.3299,20261005,"76,2,0",100000,AP,A4,sd_err_mm,1.888409642,0.004222633442,,,0.04775815239,0.2619219578
18,lib_biplane_mean_three_views,library_match,0.06,half-normal scale 0.3299,half-normal scale 0.3299,20261005,"76,2,0",100000,SL,A1,bias_mm,-0.1682607416,0.004532737586,0,0,0.04781889682,0.2637028878
18,lib_biplane_mean_three_views,library_match,0.06,half-normal scale 0.3299,half-normal scale 0.3299,20261005,"76,2,0",100000,SL,A1,rmse_mm,1.443212435,0.004149744564,0,0,0.04781889682,0.2637028878
18,lib_biplane_mean_three_views,library_match,0.06,half-normal scale 0.3299,half-normal scale 0.3299,20261005,"76,2,0",100000,SL,A1,mae_mm,1.117035899,0.002889811906,0,0,0.04781889682,0.2637028878
18,lib_biplane_mean_three_views,library_match,0.06,half-normal scale 0.3299,half-normal scale 0.3299,20261005,"76,2,0",100000,SL,A1,sd_err_mm,1.433377481,0.00320514551,,,0.04781889682,0.2637028878
18,lib_biplane_mean_three_views,library_match,0.06,half-normal scale 0.3299,half-normal scale 0.3299,20261005,"76,2,0",100000,SL,A2,bias_mm,-1.092678244,0.004584652741,-0.2964290168,0.0007049968033,0.04781889682,0.2637028878
18,lib_biplane_mean_three_views,library_match,0.06,half-normal scale 0.3299,half-normal scale 0.3299,20261005,"76,2,0",100000,SL,A2,rmse_mm,1.815441765,0.005007507287,0.2512200249,0.001246967022,0.04781889682,0.2637028878
18,lib_biplane_mean_three_views,library_match,0.06,half-normal scale 0.3299,half-normal scale 0.3299,20261005,"76,2,0",100000,SL,A2,mae_mm,1.408167909,0.003623403195,0.1951254777,0.0009692644177,0.04781889682,0.2637028878
18,lib_biplane_mean_three_views,library_match,0.06,half-normal scale 0.3299,half-normal scale 0.3299,20261005,"76,2,0",100000,SL,A2,sd_err_mm,1.449794494,0.003241855252,,,0.04781889682,0.2637028878
18,lib_biplane_mean_three_views,library_match,0.06,half-normal scale 0.3299,half-normal scale 0.3299,20261005,"76,2,0",100000,SL,A3,bias_mm,0.2410819029,0.004565540514,-0.08735098151,0.0004976939582,0.04781889682,0.2637028878
18,lib_biplane_mean_three_views,library_match,0.06,half-normal scale 0.3299,half-normal scale 0.3299,20261005,"76,2,0",100000,SL,A3,rmse_mm,1.463733466,0.005031442586,-0.0163083736,0.0007464969053,0.04781889682,0.2637028878
18,lib_biplane_mean_three_views,library_match,0.06,half-normal scale 0.3299,half-normal scale 0.3299,20261005,"76,2,0",100000,SL,A3,mae_mm,1.10717158,0.003027698661,-0.007578670726,0.0005429900968,0.04781889682,0.2637028878
18,lib_biplane_mean_three_views,library_match,0.06,half-normal scale 0.3299,half-normal scale 0.3299,20261005,"76,2,0",100000,SL,A3,sd_err_mm,1.443750677,0.003228340799,,,0.04781889682,0.2637028878
18,lib_biplane_mean_three_views,library_match,0.06,half-normal scale 0.3299,half-normal scale 0.3299,20261005,"76,2,0",100000,SL,A4,bias_mm,0.206934906,0.004454762316,-0.07934806448,0.0006201245588,0.04781889682,0.2637028878
18,lib_biplane_mean_three_views,library_match,0.06,half-normal scale 0.3299,half-normal scale 0.3299,20261005,"76,2,0",100000,SL,A4,rmse_mm,1.423830376,0.004508899811,-0.006227048231,0.0008099968764,0.04781889682,0.2637028878
18,lib_biplane_mean_three_views,library_match,0.06,half-normal scale 0.3299,half-normal scale 0.3299,20261005,"76,2,0",100000,SL,A4,mae_mm,1.088901103,0.002901026962,-0.002598071162,0.0006033616884,0.04781889682,0.2637028878
18,lib_biplane_mean_three_views,library_match,0.06,half-normal scale 0.3299,half-normal scale 0.3299,20261005,"76,2,0",100000,SL,A4,sd_err_mm,1.408719535,0.003150008393,,,0.04781889682,0.2637028878
19,lib_biplane_mBC,library_match,0.06,half-normal scale 0.3580,half-normal scale 0.3580,20261005,"76,2,0",100000,AP,A1,bias_mm,-0.2596003611,0.006033520269,0,0,0.04775815239,0.2835705884
19,lib_biplane_mBC,library_match,0.06,half-normal scale 0.3580,half-normal scale 0.3580,20261005,"76,2,0",100000,AP,A1,rmse_mm,1.925536971,0.006406088218,0,0,0.04775815239,0.2835705884
19,lib_biplane_mBC,library_match,0.06,half-normal scale 0.3580,half-normal scale 0.3580,20261005,"76,2,0",100000,AP,A1,mae_mm,1.465423362,0.003949990632,0,0,0.04775815239,0.2835705884
19,lib_biplane_mBC,library_match,0.06,half-normal scale 0.3580,half-normal scale 0.3580,20261005,"76,2,0",100000,AP,A1,sd_err_mm,1.907966636,0.004266364428,,,0.04775815239,0.2835705884
19,lib_biplane_mBC,library_match,0.06,half-normal scale 0.3580,half-normal scale 0.3580,20261005,"76,2,0",100000,AP,A2,bias_mm,-1.865824265,0.006530025724,-0.621116825,0.001434259243,0.04775815239,0.2835705884
19,lib_biplane_mBC,library_match,0.06,half-normal scale 0.3580,half-normal scale 0.3580,20261005,"76,2,0",100000,AP,A2,rmse_mm,2.783052487,0.007924736542,0.573660926,0.002463799654,0.04775815239,0.2835705884
19,lib_biplane_mBC,library_match,0.06,half-normal scale 0.3580,half-normal scale 0.3580,20261005,"76,2,0",100000,AP,A2,mae_mm,2.164254454,0.005533004984,0.4593327547,0.001880618244,0.04775815239,0.2835705884
19,lib_biplane_mBC,library_match,0.06,half-normal scale 0.3580,half-normal scale 0.3580,20261005,"76,2,0",100000,AP,A2,sd_err_mm,2.064975447,0.004617448558,,,0.04775815239,0.2835705884
19,lib_biplane_mBC,library_match,0.06,half-normal scale 0.3580,half-normal scale 0.3580,20261005,"76,2,0",100000,AP,A3,bias_mm,0.2393634853,0.006179353309,-0.1529860555,0.0009148032361,0.04775815239,0.2835705884
19,lib_biplane_mBC,library_match,0.06,half-normal scale 0.3580,half-normal scale 0.3580,20261005,"76,2,0",100000,AP,A3,rmse_mm,1.968679107,0.007477872707,-0.0316844431,0.001422996238,0.04775815239,0.2835705884
19,lib_biplane_mBC,library_match,0.06,half-normal scale 0.3580,half-normal scale 0.3580,20261005,"76,2,0",100000,AP,A3,mae_mm,1.461544456,0.004170854378,-0.013158983,0.0009675592965,0.04775815239,0.2835705884
19,lib_biplane_mBC,library_match,0.06,half-normal scale 0.3580,half-normal scale 0.3580,20261005,"76,2,0",100000,AP,A3,sd_err_mm,1.954083092,0.004369484475,,,0.04775815239,0.2835705884
19,lib_biplane_mBC,library_match,0.06,half-normal scale 0.3580,half-normal scale 0.3580,20261005,"76,2,0",100000,AP,A4,bias_mm,0.1534773551,0.005977972856,-0.1277978071,0.001053274375,0.04775815239,0.2835705884
19,lib_biplane_mBC,library_match,0.06,half-normal scale 0.3580,half-normal scale 0.3580,20261005,"76,2,0",100000,AP,A4,rmse_mm,1.896611586,0.006732769478,-0.005213802946,0.001379771361,0.04775815239,0.2835705884
19,lib_biplane_mBC,library_match,0.06,half-normal scale 0.3580,half-normal scale 0.3580,20261005,"76,2,0",100000,AP,A4,mae_mm,1.426216857,0.003953551083,0.00100804393,0.001017138661,0.04775815239,0.2835705884
19,lib_biplane_mBC,library_match,0.06,half-normal scale 0.3580,half-normal scale 0.3580,20261005,"76,2,0",100000,AP,A4,sd_err_mm,1.890401001,0.004227086279,,,0.04775815239,0.2835705884
19,lib_biplane_mBC,library_match,0.06,half-normal scale 0.3580,half-normal scale 0.3580,20261005,"76,2,0",100000,SL,A1,bias_mm,-0.1682607416,0.004532737586,0,0,0.04781889682,0.2854722795
19,lib_biplane_mBC,library_match,0.06,half-normal scale 0.3580,half-normal scale 0.3580,20261005,"76,2,0",100000,SL,A1,rmse_mm,1.443212435,0.004149744564,0,0,0.04781889682,0.2854722795
19,lib_biplane_mBC,library_match,0.06,half-normal scale 0.3580,half-normal scale 0.3580,20261005,"76,2,0",100000,SL,A1,mae_mm,1.117035899,0.002889811906,0,0,0.04781889682,0.2854722795
19,lib_biplane_mBC,library_match,0.06,half-normal scale 0.3580,half-normal scale 0.3580,20261005,"76,2,0",100000,SL,A1,sd_err_mm,1.433377481,0.00320514551,,,0.04781889682,0.2854722795
19,lib_biplane_mBC,library_match,0.06,half-normal scale 0.3580,half-normal scale 0.3580,20261005,"76,2,0",100000,SL,A2,bias_mm,-1.194593853,0.004707931767,-0.3983446254,0.0009394276766,0.04781889682,0.2854722795
19,lib_biplane_mBC,library_match,0.06,half-normal scale 0.3580,half-normal scale 0.3580,20261005,"76,2,0",100000,SL,A2,rmse_mm,1.908793981,0.005263261799,0.3445722406,0.001634240539,0.04781889682,0.2854722795
19,lib_biplane_mBC,library_match,0.06,half-normal scale 0.3580,half-normal scale 0.3580,20261005,"76,2,0",100000,SL,A2,mae_mm,1.482185444,0.003803465836,0.2691430127,0.001273237666,0.04781889682,0.2854722795
19,lib_biplane_mBC,library_match,0.06,half-normal scale 0.3580,half-normal scale 0.3580,20261005,"76,2,0",100000,SL,A2,sd_err_mm,1.488778745,0.003329027123,,,0.04781889682,0.2854722795
19,lib_biplane_mBC,library_match,0.06,half-normal scale 0.3580,half-normal scale 0.3580,20261005,"76,2,0",100000,SL,A3,bias_mm,0.2168808117,0.004565688239,-0.1115520726,0.0006338666636,0.04781889682,0.2854722795
19,lib_biplane_mBC,library_match,0.06,half-normal scale 0.3580,half-normal scale 0.3580,20261005,"76,2,0",100000,SL,A3,rmse_mm,1.459988819,0.004982406926,-0.02005302045,0.0009520450952,0.04781889682,0.2854722795
19,lib_biplane_mBC,library_match,0.06,half-normal scale 0.3580,half-normal scale 0.3580,20261005,"76,2,0",100000,SL,A3,mae_mm,1.10583273,0.003014482393,-0.008917519878,0.0006830678726,0.04781889682,0.2854722795
19,lib_biplane_mBC,library_match,0.06,half-normal scale 0.3580,half-normal scale 0.3580,20261005,"76,2,0",100000,SL,A3,sd_err_mm,1.443797392,0.003228445257,,,0.04781889682,0.2854722795
19,lib_biplane_mBC,library_match,0.06,half-normal scale 0.3580,half-normal scale 0.3580,20261005,"76,2,0",100000,SL,A4,bias_mm,0.1846200299,0.004461093955,-0.1016629406,0.000739175927,0.04781889682,0.2854722795
19,lib_biplane_mBC,library_match,0.06,half-normal scale 0.3580,half-normal scale 0.3580,20261005,"76,2,0",100000,SL,A4,rmse_mm,1.422744032,0.004492821734,-0.007313391903,0.0009766801409,0.04781889682,0.2854722795
19,lib_biplane_mBC,library_match,0.06,half-normal scale 0.3580,half-normal scale 0.3580,20261005,"76,2,0",100000,SL,A4,mae_mm,1.088811942,0.002896027493,-0.002687232513,0.0007295628409,0.04781889682,0.2854722795
19,lib_biplane_mBC,library_match,0.06,half-normal scale 0.3580,half-normal scale 0.3580,20261005,"76,2,0",100000,SL,A4,sd_err_mm,1.410721775,0.00315448556,,,0.04781889682,0.2854722795
20,geom_ind15_r1_halfnormal,geometric_match,0.06,half-normal scale 0.3699,half-normal scale 0.0301,20261005,"76,2,0",100000,AP,A1,bias_mm,-0.2596003611,0.006033520269,0,0,0.04775815239,0.2926205573
20,geom_ind15_r1_halfnormal,geometric_match,0.06,half-normal scale 0.3699,half-normal scale 0.0301,20261005,"76,2,0",100000,AP,A1,rmse_mm,1.925536971,0.006406088218,0,0,0.04775815239,0.2926205573
20,geom_ind15_r1_halfnormal,geometric_match,0.06,half-normal scale 0.3699,half-normal scale 0.0301,20261005,"76,2,0",100000,AP,A1,mae_mm,1.465423362,0.003949990632,0,0,0.04775815239,0.2926205573
20,geom_ind15_r1_halfnormal,geometric_match,0.06,half-normal scale 0.3699,half-normal scale 0.0301,20261005,"76,2,0",100000,AP,A1,sd_err_mm,1.907966636,0.004266364428,,,0.04775815239,0.2926205573
20,geom_ind15_r1_halfnormal,geometric_match,0.06,half-normal scale 0.3699,half-normal scale 0.0301,20261005,"76,2,0",100000,AP,A2,bias_mm,-1.932228867,0.006616584601,-0.6875214269,0.001581015528,0.04775815239,0.2926205573
20,geom_ind15_r1_halfnormal,geometric_match,0.06,half-normal scale 0.3699,half-normal scale 0.0301,20261005,"76,2,0",100000,AP,A2,rmse_mm,2.848049121,0.008082326209,0.6386575603,0.002695427668,0.04775815239,0.2926205573
20,geom_ind15_r1_halfnormal,geometric_match,0.06,half-normal scale 0.3699,half-normal scale 0.0301,20261005,"76,2,0",100000,AP,A2,mae_mm,2.21773003,0.005650742641,0.5128083308,0.002060187493,0.04775815239,0.2926205573
20,geom_ind15_r1_halfnormal,geometric_match,0.06,half-normal scale 0.3699,half-normal scale 0.0301,20261005,"76,2,0",100000,AP,A2,sd_err_mm,2.092347767,0.004678655233,,,0.04775815239,0.2926205573
20,geom_ind15_r1_halfnormal,geometric_match,0.06,half-normal scale 0.3699,half-normal scale 0.0301,20261005,"76,2,0",100000,AP,A3,bias_mm,0.2265672905,0.006177057855,-0.1657822504,0.0009910346239,0.04775815239,0.2926205573
20,geom_ind15_r1_halfnormal,geometric_match,0.06,half-normal scale 0.3699,half-normal scale 0.0301,20261005,"76,2,0",100000,AP,A3,rmse_mm,1.966443225,0.007449353973,-0.03392032505,0.001543388344,0.04775815239,0.2926205573
20,geom_ind15_r1_halfnormal,geometric_match,0.06,half-normal scale 0.3699,half-normal scale 0.0301,20261005,"76,2,0",100000,AP,A3,mae_mm,1.46071131,0.004163218417,-0.01399212938,0.001042496761,0.04775815239,0.2926205573
20,geom_ind15_r1_halfnormal,geometric_match,0.06,half-normal scale 0.3699,half-normal scale 0.0301,20261005,"76,2,0",100000,AP,A3,sd_err_mm,1.953357206,0.004367861337,,,0.04775815239,0.2926205573
20,geom_ind15_r1_halfnormal,geometric_match,0.06,half-normal scale 0.3699,half-normal scale 0.0301,20261005,"76,2,0",100000,AP,A4,bias_mm,0.142722285,0.005979649343,-0.1385528772,0.001114562679,0.04775815239,0.2926205573
20,geom_ind15_r1_halfnormal,geometric_match,0.06,half-normal scale 0.3699,half-normal scale 0.0301,20261005,"76,2,0",100000,AP,A4,rmse_mm,1.896300219,0.006719750783,-0.005525169907,0.001460040879,0.04775815239,0.2926205573
20,geom_ind15_r1_halfnormal,geometric_match,0.06,half-normal scale 0.3699,half-normal scale 0.0301,20261005,"76,2,0",100000,AP,A4,mae_mm,1.426500023,0.003951035075,0.00129120992,0.001078631233,0.04775815239,0.2926205573
20,geom_ind15_r1_halfnormal,geometric_match,0.06,half-normal scale 0.3699,half-normal scale 0.0301,20261005,"76,2,0",100000,AP,A4,sd_err_mm,1.890931153,0.004228271741,,,0.04775815239,0.2926205573
20,geom_ind15_r1_halfnormal,geometric_match,0.06,half-normal scale 0.3699,half-normal scale 0.0301,20261005,"76,2,0",100000,SL,A1,bias_mm,-0.1682607416,0.004532737586,0,0,0.04781889682,0.02409188758
20,geom_ind15_r1_halfnormal,geometric_match,0.06,half-normal scale 0.3699,half-normal scale 0.0301,20261005,"76,2,0",100000,SL,A1,rmse_mm,1.443212435,0.004149744564,0,0,0.04781889682,0.02409188758
20,geom_ind15_r1_halfnormal,geometric_match,0.06,half-normal scale 0.3699,half-normal scale 0.0301,20261005,"76,2,0",100000,SL,A1,mae_mm,1.117035899,0.002889811906,0,0,0.04781889682,0.02409188758
20,geom_ind15_r1_halfnormal,geometric_match,0.06,half-normal scale 0.3699,half-normal scale 0.0301,20261005,"76,2,0",100000,SL,A1,sd_err_mm,1.433377481,0.00320514551,,,0.04781889682,0.02409188758
20,geom_ind15_r1_halfnormal,geometric_match,0.06,half-normal scale 0.3699,half-normal scale 0.0301,20261005,"76,2,0",100000,SL,A2,bias_mm,0.02797209264,0.003896057174,0.82422132,0.001988057211,0.04781889682,0.02409188758
20,geom_ind15_r1_halfnormal,geometric_match,0.06,half-normal scale 0.3699,half-normal scale 0.0301,20261005,"76,2,0",100000,SL,A2,rmse_mm,1.232352794,0.003506234189,-0.3318689461,0.00376180203,0.04781889682,0.02409188758
20,geom_ind15_r1_halfnormal,geometric_match,0.06,half-normal scale 0.3699,half-normal scale 0.0301,20261005,"76,2,0",100000,SL,A2,mae_mm,0.9516701837,0.002475930937,-0.2613722475,0.002707051064,0.04781889682,0.02409188758
20,geom_ind15_r1_halfnormal,geometric_match,0.06,half-normal scale 0.3699,half-normal scale 0.0301,20261005,"76,2,0",100000,SL,A2,sd_err_mm,1.232041456,0.002754942222,,,0.04781889682,0.02409188758
20,geom_ind15_r1_halfnormal,geometric_match,0.06,half-normal scale 0.3699,half-normal scale 0.0301,20261005,"76,2,0",100000,SL,A3,bias_mm,0.8627945398,0.004656276827,0.5343616554,0.002071595907,0.04781889682,0.02409188758
20,geom_ind15_r1_halfnormal,geometric_match,0.06,half-normal scale 0.3699,half-normal scale 0.0301,20261005,"76,2,0",100000,SL,A3,rmse_mm,1.706600166,0.006130517699,0.2265583267,0.00319103703,0.04781889682,0.02409188758
20,geom_ind15_r1_halfnormal,geometric_match,0.06,half-normal scale 0.3699,half-normal scale 0.0301,20261005,"76,2,0",100000,SL,A3,mae_mm,1.272237994,0.003597092647,0.1574877439,0.002230524478,0.04781889682,0.02409188758
20,geom_ind15_r1_halfnormal,geometric_match,0.06,half-normal scale 0.3699,half-normal scale 0.0301,20261005,"76,2,0",100000,SL,A3,sd_err_mm,1.472444019,0.003292501382,,,0.04781889682,0.02409188758
20,geom_ind15_r1_halfnormal,geometric_match,0.06,half-normal scale 0.3699,half-normal scale 0.0301,20261005,"76,2,0",100000,SL,A4,bias_mm,0.7711731238,0.004384384536,0.4848901533,0.002042975077,0.04781889682,0.02409188758
20,geom_ind15_r1_halfnormal,geometric_match,0.06,half-normal scale 0.3699,half-normal scale 0.0301,20261005,"76,2,0",100000,SL,A4,rmse_mm,1.586496625,0.005105435065,0.1564392002,0.002843870077,0.04781889682,0.02409188758
20,geom_ind15_r1_halfnormal,geometric_match,0.06,half-normal scale 0.3699,half-normal scale 0.0301,20261005,"76,2,0",100000,SL,A4,mae_mm,1.208702244,0.003249647652,0.1172030692,0.002140491421,0.04781889682,0.02409188758
20,geom_ind15_r1_halfnormal,geometric_match,0.06,half-normal scale 0.3699,half-normal scale 0.0301,20261005,"76,2,0",100000,SL,A4,sd_err_mm,1.386464127,0.003100243538,,,0.04781889682,0.02409188758
21,geom_ind15_r1_chord,geometric_match,0.06,"chord link, shift 0.2308, offset scale 0.3844","chord link, shift -0.1390, offset scale 0.5058",20261005,"76,2,0",100000,AP,A1,bias_mm,-0.2596003611,0.006033520269,0,0,0.04775815239,0.2948076302
21,geom_ind15_r1_chord,geometric_match,0.06,"chord link, shift 0.2308, offset scale 0.3844","chord link, shift -0.1390, offset scale 0.5058",20261005,"76,2,0",100000,AP,A1,rmse_mm,1.925536971,0.006406088218,0,0,0.04775815239,0.2948076302
21,geom_ind15_r1_chord,geometric_match,0.06,"chord link, shift 0.2308, offset scale 0.3844","chord link, shift -0.1390, offset scale 0.5058",20261005,"76,2,0",100000,AP,A1,mae_mm,1.465423362,0.003949990632,0,0,0.04775815239,0.2948076302
21,geom_ind15_r1_chord,geometric_match,0.06,"chord link, shift 0.2308, offset scale 0.3844","chord link, shift -0.1390, offset scale 0.5058",20261005,"76,2,0",100000,AP,A1,sd_err_mm,1.907966636,0.004266364428,,,0.04775815239,0.2948076302
21,geom_ind15_r1_chord,geometric_match,0.06,"chord link, shift 0.2308, offset scale 0.3844","chord link, shift -0.1390, offset scale 0.5058",20261005,"76,2,0",100000,AP,A2,bias_mm,-1.946974862,0.005545503673,-0.7022674216,0.00163547277,0.04775815239,0.2948076302
21,geom_ind15_r1_chord,geometric_match,0.06,"chord link, shift 0.2308, offset scale 0.3844","chord link, shift -0.1390, offset scale 0.5058",20261005,"76,2,0",100000,AP,A2,rmse_mm,2.620294155,0.006551944586,0.4109025945,0.002275476515,0.04775815239,0.2948076302
21,geom_ind15_r1_chord,geometric_match,0.06,"chord link, shift 0.2308, offset scale 0.3844","chord link, shift -0.1390, offset scale 0.5058",20261005,"76,2,0",100000,AP,A2,mae_mm,2.108320283,0.004920316304,0.4033985838,0.002181314394,0.04775815239,0.2948076302
21,geom_ind15_r1_chord,geometric_match,0.06,"chord link, shift 0.2308, offset scale 0.3844","chord link, shift -0.1390, offset scale 0.5058",20261005,"76,2,0",100000,AP,A2,sd_err_mm,1.753642238,0.003921282859,,,0.04775815239,0.2948076302
21,geom_ind15_r1_chord,geometric_match,0.06,"chord link, shift 0.2308, offset scale 0.3844","chord link, shift -0.1390, offset scale 0.5058",20261005,"76,2,0",100000,AP,A3,bias_mm,-0.08476095898,0.005985077615,-0.4771104998,0.002553381355,0.04775815239,0.2948076302
21,geom_ind15_r1_chord,geometric_match,0.06,"chord link, shift 0.2308, offset scale 0.3844","chord link, shift -0.1390, offset scale 0.5058",20261005,"76,2,0",100000,AP,A3,rmse_mm,1.894535301,0.006699254421,-0.1058282492,0.004088406954,0.04775815239,0.2948076302
21,geom_ind15_r1_chord,geometric_match,0.06,"chord link, shift 0.2308, offset scale 0.3844","chord link, shift -0.1390, offset scale 0.5058",20261005,"76,2,0",100000,AP,A3,mae_mm,1.427492018,0.003938966943,-0.04721142055,0.002536244493,0.04775815239,0.2948076302
21,geom_ind15_r1_chord,geometric_match,0.06,"chord link, shift 0.2308, offset scale 0.3844","chord link, shift -0.1390, offset scale 0.5058",20261005,"76,2,0",100000,AP,A3,sd_err_mm,1.892647724,0.004232110128,,,0.04775815239,0.2948076302
21,geom_ind15_r1_chord,geometric_match,0.06,"chord link, shift 0.2308, offset scale 0.3844","chord link, shift -0.1390, offset scale 0.5058",20261005,"76,2,0",100000,AP,A4,bias_mm,-0.1162358541,0.005925756133,-0.3975110163,0.002453037747,0.04775815239,0.2948076302
21,geom_ind15_r1_chord,geometric_match,0.06,"chord link, shift 0.2308, offset scale 0.3844","chord link, shift -0.1390, offset scale 0.5058",20261005,"76,2,0",100000,AP,A4,rmse_mm,1.877480821,0.006510893845,-0.02434456772,0.003199197786,0.04775815239,0.2948076302
21,geom_ind15_r1_chord,geometric_match,0.06,"chord link, shift 0.2308, offset scale 0.3844","chord link, shift -0.1390, offset scale 0.5058",20261005,"76,2,0",100000,AP,A4,mae_mm,1.419513081,0.003885784278,-0.005695731579,0.002329569246,0.04775815239,0.2948076302
21,geom_ind15_r1_chord,geometric_match,0.06,"chord link, shift 0.2308, offset scale 0.3844","chord link, shift -0.1390, offset scale 0.5058",20261005,"76,2,0",100000,AP,A4,sd_err_mm,1.873888624,0.004190163296,,,0.04775815239,0.2948076302
21,geom_ind15_r1_chord,geometric_match,0.06,"chord link, shift 0.2308, offset scale 0.3844","chord link, shift -0.1390, offset scale 0.5058",20261005,"76,2,0",100000,SL,A1,bias_mm,-0.1682607416,0.004532737586,0,0,0.04781889682,0.02553540999
21,geom_ind15_r1_chord,geometric_match,0.06,"chord link, shift 0.2308, offset scale 0.3844","chord link, shift -0.1390, offset scale 0.5058",20261005,"76,2,0",100000,SL,A1,rmse_mm,1.443212435,0.004149744564,0,0,0.04781889682,0.02553540999
21,geom_ind15_r1_chord,geometric_match,0.06,"chord link, shift 0.2308, offset scale 0.3844","chord link, shift -0.1390, offset scale 0.5058",20261005,"76,2,0",100000,SL,A1,mae_mm,1.117035899,0.002889811906,0,0,0.04781889682,0.02553540999
21,geom_ind15_r1_chord,geometric_match,0.06,"chord link, shift 0.2308, offset scale 0.3844","chord link, shift -0.1390, offset scale 0.5058",20261005,"76,2,0",100000,SL,A1,sd_err_mm,1.433377481,0.00320514551,,,0.04781889682,0.02553540999
21,geom_ind15_r1_chord,geometric_match,0.06,"chord link, shift 0.2308, offset scale 0.3844","chord link, shift -0.1390, offset scale 0.5058",20261005,"76,2,0",100000,SL,A2,bias_mm,0.02573365314,0.004719594478,0.8219828805,0.001637211344,0.04781889682,0.02553540999
21,geom_ind15_r1_chord,geometric_match,0.06,"chord link, shift 0.2308, offset scale 0.3844","chord link, shift -0.1390, offset scale 0.5058",20261005,"76,2,0",100000,SL,A2,rmse_mm,1.492681195,0.004567181179,-0.07154054515,0.003405683249,0.04781889682,0.02553540999
21,geom_ind15_r1_chord,geometric_match,0.06,"chord link, shift 0.2308, offset scale 0.3844","chord link, shift -0.1390, offset scale 0.5058",20261005,"76,2,0",100000,SL,A2,mae_mm,1.133849589,0.003070002743,-0.07919284214,0.002686857532,0.04781889682,0.02553540999
21,geom_ind15_r1_chord,geometric_match,0.06,"chord link, shift 0.2308, offset scale 0.3844","chord link, shift -0.1390, offset scale 0.5058",20261005,"76,2,0",100000,SL,A2,sd_err_mm,1.492466818,0.003337273946,,,0.04781889682,0.02553540999
21,geom_ind15_r1_chord,geometric_match,0.06,"chord link, shift 0.2308, offset scale 0.3844","chord link, shift -0.1390, offset scale 0.5058",20261005,"76,2,0",100000,SL,A3,bias_mm,1.284140203,0.005350215833,0.9557073185,0.002605925821,0.04781889682,0.02553540999
21,geom_ind15_r1_chord,geometric_match,0.06,"chord link, shift 0.2308, offset scale 0.3844","chord link, shift -0.1390, offset scale 0.5058",20261005,"76,2,0",100000,SL,A3,rmse_mm,2.124021747,0.007261106163,0.6439799079,0.004233038384,0.04781889682,0.02553540999
21,geom_ind15_r1_chord,geometric_match,0.06,"chord link, shift 0.2308, offset scale 0.3844","chord link, shift -0.1390, offset scale 0.5058",20261005,"76,2,0",100000,SL,A3,mae_mm,1.595041025,0.00443546185,0.480290775,0.003193324466,0.04781889682,0.02553540999
21,geom_ind15_r1_chord,geometric_match,0.06,"chord link, shift 0.2308, offset scale 0.3844","chord link, shift -0.1390, offset scale 0.5058",20261005,"76,2,0",100000,SL,A3,sd_err_mm,1.6918868,0.003783192812,,,0.04781889682,0.02553540999
21,geom_ind15_r1_chord,geometric_match,0.06,"chord link, shift 0.2308, offset scale 0.3844","chord link, shift -0.1390, offset scale 0.5058",20261005,"76,2,0",100000,SL,A4,bias_mm,1.129300991,0.004984835571,0.8430180202,0.002743809685,0.04781889682,0.02553540999
21,geom_ind15_r1_chord,geometric_match,0.06,"chord link, shift 0.2308, offset scale 0.3844","chord link, shift -0.1390, offset scale 0.5058",20261005,"76,2,0",100000,SL,A4,rmse_mm,1.939111767,0.006099325729,0.5090543429,0.004151808657,0.04781889682,0.02553540999
21,geom_ind15_r1_chord,geometric_match,0.06,"chord link, shift 0.2308, offset scale 0.3844","chord link, shift -0.1390, offset scale 0.5058",20261005,"76,2,0",100000,SL,A4,mae_mm,1.483119551,0.00395034992,0.3916203764,0.003102976928,0.04781889682,0.02553540999
21,geom_ind15_r1_chord,geometric_match,0.06,"chord link, shift 0.2308, offset scale 0.3844","chord link, shift -0.1390, offset scale 0.5058",20261005,"76,2,0",100000,SL,A4,sd_err_mm,1.576343417,0.003524828659,,,0.04781889682,0.02553540999
22,geom_ind15_r2_halfnormal,geometric_match,0.06,half-normal scale 0.1047,half-normal scale 0.1792,20261005,"76,2,0",100000,AP,A1,bias_mm,-0.2596003611,0.006033520269,0,0,0.04775815239,0.08335168862
22,geom_ind15_r2_halfnormal,geometric_match,0.06,half-normal scale 0.1047,half-normal scale 0.1792,20261005,"76,2,0",100000,AP,A1,rmse_mm,1.925536971,0.006406088218,0,0,0.04775815239,0.08335168862
22,geom_ind15_r2_halfnormal,geometric_match,0.06,half-normal scale 0.1047,half-normal scale 0.1792,20261005,"76,2,0",100000,AP,A1,mae_mm,1.465423362,0.003949990632,0,0,0.04775815239,0.08335168862
22,geom_ind15_r2_halfnormal,geometric_match,0.06,half-normal scale 0.1047,half-normal scale 0.1792,20261005,"76,2,0",100000,AP,A1,sd_err_mm,1.907966636,0.004266364428,,,0.04775815239,0.08335168862
22,geom_ind15_r2_halfnormal,geometric_match,0.06,half-normal scale 0.1047,half-normal scale 0.1792,20261005,"76,2,0",100000,AP,A2,bias_mm,-0.3960997294,0.005179274313,0.8486077111,0.002007324642,0.04775815239,0.08335168862
22,geom_ind15_r2_halfnormal,geometric_match,0.06,half-normal scale 0.1047,half-normal scale 0.1792,20261005,"76,2,0",100000,AP,A2,rmse_mm,1.685038994,0.004970941577,-0.5243525664,0.003937930077,0.04775815239,0.08335168862
22,geom_ind15_r2_halfnormal,geometric_match,0.06,half-normal scale 0.1047,half-normal scale 0.1792,20261005,"76,2,0",100000,AP,A2,mae_mm,1.291001326,0.003424446985,-0.4139203734,0.002797118484,0.04775815239,0.08335168862
22,geom_ind15_r2_halfnormal,geometric_match,0.06,half-normal scale 0.1047,half-normal scale 0.1792,20261005,"76,2,0",100000,AP,A2,sd_err_mm,1.637830346,0.0036623183,,,0.04775815239,0.08335168862
22,geom_ind15_r2_halfnormal,geometric_match,0.06,half-normal scale 0.1047,half-normal scale 0.1792,20261005,"76,2,0",100000,AP,A3,bias_mm,0.7954354399,0.006271683635,0.4030858991,0.001841021943,0.04775815239,0.08335168862
22,geom_ind15_r2_halfnormal,geometric_match,0.06,half-normal scale 0.1047,half-normal scale 0.1792,20261005,"76,2,0",100000,AP,A3,rmse_mm,2.136838732,0.008609448867,0.1364751823,0.002949263234,0.04775815239,0.08335168862
22,geom_ind15_r2_halfnormal,geometric_match,0.06,half-normal scale 0.1047,half-normal scale 0.1792,20261005,"76,2,0",100000,AP,A3,mae_mm,1.554822403,0.004635330136,0.08011896446,0.001989402668,0.04775815239,0.08335168862
22,geom_ind15_r2_halfnormal,geometric_match,0.06,half-normal scale 0.1047,half-normal scale 0.1792,20261005,"76,2,0",100000,AP,A3,sd_err_mm,1.983280505,0.004434772202,,,0.04775815239,0.08335168862
22,geom_ind15_r2_halfnormal,geometric_match,0.06,half-normal scale 0.1047,half-normal scale 0.1792,20261005,"76,2,0",100000,AP,A4,bias_mm,0.6209011157,0.00588599788,0.3396259535,0.001891176052,0.04775815239,0.08335168862
22,geom_ind15_r2_halfnormal,geometric_match,0.06,half-normal scale 0.1047,half-normal scale 0.1792,20261005,"76,2,0",100000,AP,A4,rmse_mm,1.962136757,0.007323816119,0.06031136841,0.002654681721,0.04775815239,0.08335168862
22,geom_ind15_r2_halfnormal,geometric_match,0.06,half-normal scale 0.1047,half-normal scale 0.1792,20261005,"76,2,0",100000,AP,A4,mae_mm,1.459717062,0.00414635255,0.03450824867,0.001921677716,0.04775815239,0.08335168862
22,geom_ind15_r2_halfnormal,geometric_match,0.06,half-normal scale 0.1047,half-normal scale 0.1792,20261005,"76,2,0",100000,AP,A4,sd_err_mm,1.86131596,0.004162049825,,,0.04775815239,0.08335168862
22,geom_ind15_r2_halfnormal,geometric_match,0.06,half-normal scale 0.1047,half-normal scale 0.1792,20261005,"76,2,0",100000,SL,A1,bias_mm,-0.1682607416,0.004532737586,0,0,0.04781889682,0.1436312652
22,geom_ind15_r2_halfnormal,geometric_match,0.06,half-normal scale 0.1047,half-normal scale 0.1792,20261005,"76,2,0",100000,SL,A1,rmse_mm,1.443212435,0.004149744564,0,0,0.04781889682,0.1436312652
22,geom_ind15_r2_halfnormal,geometric_match,0.06,half-normal scale 0.1047,half-normal scale 0.1792,20261005,"76,2,0",100000,SL,A1,mae_mm,1.117035899,0.002889811906,0,0,0.04781889682,0.1436312652
22,geom_ind15_r2_halfnormal,geometric_match,0.06,half-normal scale 0.1047,half-normal scale 0.1792,20261005,"76,2,0",100000,SL,A1,sd_err_mm,1.433377481,0.00320514551,,,0.04781889682,0.1436312652
22,geom_ind15_r2_halfnormal,geometric_match,0.06,half-normal scale 0.1047,half-normal scale 0.1792,20261005,"76,2,0",100000,SL,A2,bias_mm,-0.5310809763,0.004039711144,0.265168251,0.0006390666306,0.04781889682,0.1436312652
22,geom_ind15_r2_halfnormal,geometric_match,0.06,half-normal scale 0.1047,half-normal scale 0.1792,20261005,"76,2,0",100000,SL,A2,rmse_mm,1.383458455,0.003704986137,-0.1807632851,0.001206539763,0.04781889682,0.1436312652
22,geom_ind15_r2_halfnormal,geometric_match,0.06,half-normal scale 0.1047,half-normal scale 0.1792,20261005,"76,2,0",100000,SL,A2,mae_mm,1.074692658,0.00275499651,-0.1383497729,0.0009252777723,0.04781889682,0.1436312652
22,geom_ind15_r2_halfnormal,geometric_match,0.06,half-normal scale 0.1047,half-normal scale 0.1792,20261005,"76,2,0",100000,SL,A2,sd_err_mm,1.27746883,0.002856521427,,,0.04781889682,0.1436312652
22,geom_ind15_r2_halfnormal,geometric_match,0.06,half-normal scale 0.1047,half-normal scale 0.1792,20261005,"76,2,0",100000,SL,A3,bias_mm,0.4390398739,0.004562982611,0.1106069895,0.0005681754309,0.04781889682,0.1436312652
22,geom_ind15_r2_halfnormal,geometric_match,0.06,half-normal scale 0.1047,half-normal scale 0.1792,20261005,"76,2,0",100000,SL,A3,rmse_mm,1.508249389,0.005414517427,0.02820755028,0.0008516375161,0.04781889682,0.1436312652
22,geom_ind15_r2_halfnormal,geometric_match,0.06,half-normal scale 0.1047,half-normal scale 0.1792,20261005,"76,2,0",100000,SL,A3,mae_mm,1.131234393,0.003154575916,0.01648414215,0.0006341411713,0.04781889682,0.1436312652
22,geom_ind15_r2_halfnormal,geometric_match,0.06,half-normal scale 0.1047,half-normal scale 0.1792,20261005,"76,2,0",100000,SL,A3,sd_err_mm,1.442941797,0.003226532079,,,0.04781889682,0.1436312652
22,geom_ind15_r2_halfnormal,geometric_match,0.06,half-normal scale 0.1047,half-normal scale 0.1792,20261005,"76,2,0",100000,SL,A4,bias_mm,0.3871940362,0.004403222299,0.1009110657,0.0006929305103,0.04781889682,0.1436312652
22,geom_ind15_r2_halfnormal,geometric_match,0.06,half-normal scale 0.1047,half-normal scale 0.1792,20261005,"76,2,0",100000,SL,A4,rmse_mm,1.445246171,0.004699762194,0.0151887466,0.0009270371817,0.04781889682,0.1436312652
22,geom_ind15_r2_halfnormal,geometric_match,0.06,half-normal scale 0.1047,half-normal scale 0.1792,20261005,"76,2,0",100000,SL,A4,mae_mm,1.101184072,0.002959964349,0.009684898132,0.0006954195511,0.04781889682,0.1436312652
22,geom_ind15_r2_halfnormal,geometric_match,0.06,half-normal scale 0.1047,half-normal scale 0.1792,20261005,"76,2,0",100000,SL,A4,sd_err_mm,1.392421151,0.003113563915,,,0.04781889682,0.1436312652
23,geom_ind15_r2_chord,geometric_match,0.06,"chord link, offset scale 0.3844","chord link, offset scale 0.5058",20261005,"76,2,0",100000,AP,A1,bias_mm,-0.2596003611,0.006033520269,0,0,0.04775815239,0.08322625439
23,geom_ind15_r2_chord,geometric_match,0.06,"chord link, offset scale 0.3844","chord link, offset scale 0.5058",20261005,"76,2,0",100000,AP,A1,rmse_mm,1.925536971,0.006406088218,0,0,0.04775815239,0.08322625439
23,geom_ind15_r2_chord,geometric_match,0.06,"chord link, offset scale 0.3844","chord link, offset scale 0.5058",20261005,"76,2,0",100000,AP,A1,mae_mm,1.465423362,0.003949990632,0,0,0.04775815239,0.08322625439
23,geom_ind15_r2_chord,geometric_match,0.06,"chord link, offset scale 0.3844","chord link, offset scale 0.5058",20261005,"76,2,0",100000,AP,A1,sd_err_mm,1.907966636,0.004266364428,,,0.04775815239,0.08322625439
23,geom_ind15_r2_chord,geometric_match,0.06,"chord link, offset scale 0.3844","chord link, offset scale 0.5058",20261005,"76,2,0",100000,AP,A2,bias_mm,-0.396506759,0.005583546583,0.8482006814,0.001600580027,0.04775815239,0.08322625439
23,geom_ind15_r2_chord,geometric_match,0.06,"chord link, offset scale 0.3844","chord link, offset scale 0.5058",20261005,"76,2,0",100000,AP,A2,rmse_mm,1.809636891,0.005778715692,-0.3997546693,0.00332975239,0.04775815239,0.08322625439
23,geom_ind15_r2_chord,geometric_match,0.06,"chord link, offset scale 0.3844","chord link, offset scale 0.5058",20261005,"76,2,0",100000,AP,A2,mae_mm,1.367710154,0.003747223846,-0.3372115455,0.00266415831,0.04775815239,0.08322625439
23,geom_ind15_r2_chord,geometric_match,0.06,"chord link, offset scale 0.3844","chord link, offset scale 0.5058",20261005,"76,2,0",100000,AP,A2,sd_err_mm,1.765672462,0.003948183393,,,0.04775815239,0.08322625439
23,geom_ind15_r2_chord,geometric_match,0.06,"chord link, offset scale 0.3844","chord link, offset scale 0.5058",20261005,"76,2,0",100000,AP,A3,bias_mm,0.9460082903,0.006411552878,0.5536587495,0.002187091095,0.04775815239,0.08322625439
23,geom_ind15_r2_chord,geometric_match,0.06,"chord link, offset scale 0.3844","chord link, offset scale 0.5058",20261005,"76,2,0",100000,AP,A3,rmse_mm,2.237340298,0.008913591907,0.2369767481,0.003605365045,0.04775815239,0.08322625439
23,geom_ind15_r2_chord,geometric_match,0.06,"chord link, offset scale 0.3844","chord link, offset scale 0.5058",20261005,"76,2,0",100000,AP,A3,mae_mm,1.628033395,0.004853063388,0.1533299562,0.002460268788,0.04775815239,0.08322625439
23,geom_ind15_r2_chord,geometric_match,0.06,"chord link, offset scale 0.3844","chord link, offset scale 0.5058",20261005,"76,2,0",100000,AP,A3,sd_err_mm,2.027511043,0.004533675186,,,0.04775815239,0.08322625439
23,geom_ind15_r2_chord,geometric_match,0.06,"chord link, offset scale 0.3844","chord link, offset scale 0.5058",20261005,"76,2,0",100000,AP,A4,bias_mm,0.7481437801,0.005981188579,0.4668686179,0.002273238684,0.04775815239,0.08322625439
23,geom_ind15_r2_chord,geometric_match,0.06,"chord link, offset scale 0.3844","chord link, offset scale 0.5058",20261005,"76,2,0",100000,AP,A4,rmse_mm,2.033997302,0.007514335768,0.1321719125,0.003271606077,0.04775815239,0.08322625439
23,geom_ind15_r2_chord,geometric_match,0.06,"chord link, offset scale 0.3844","chord link, offset scale 0.5058",20261005,"76,2,0",100000,AP,A4,mae_mm,1.514236096,0.004294476117,0.08902728266,0.002370955591,0.04775815239,0.08322625439
23,geom_ind15_r2_chord,geometric_match,0.06,"chord link, offset scale 0.3844","chord link, offset scale 0.5058",20261005,"76,2,0",100000,AP,A4,sd_err_mm,1.891417902,0.00422936015,,,0.04775815239,0.08322625439
23,geom_ind15_r2_chord,geometric_match,0.06,"chord link, offset scale 0.3844","chord link, offset scale 0.5058",20261005,"76,2,0",100000,SL,A1,bias_mm,-0.1682607416,0.004532737586,0,0,0.04781889682,0.1444653551
23,geom_ind15_r2_chord,geometric_match,0.06,"chord link, offset scale 0.3844","chord link, offset scale 0.5058",20261005,"76,2,0",100000,SL,A1,rmse_mm,1.443212435,0.004149744564,0,0,0.04781889682,0.1444653551
23,geom_ind15_r2_chord,geometric_match,0.06,"chord link, offset scale 0.3844","chord link, offset scale 0.5058",20261005,"76,2,0",100000,SL,A1,mae_mm,1.117035899,0.002889811906,0,0,0.04781889682,0.1444653551
23,geom_ind15_r2_chord,geometric_match,0.06,"chord link, offset scale 0.3844","chord link, offset scale 0.5058",20261005,"76,2,0",100000,SL,A1,sd_err_mm,1.433377481,0.00320514551,,,0.04781889682,0.1444653551
23,geom_ind15_r2_chord,geometric_match,0.06,"chord link, offset scale 0.3844","chord link, offset scale 0.5058",20261005,"76,2,0",100000,SL,A2,bias_mm,-0.5331877669,0.004478115802,0.2630614604,0.0009262696964,0.04781889682,0.1444653551
23,geom_ind15_r2_chord,geometric_match,0.06,"chord link, offset scale 0.3844","chord link, offset scale 0.5058",20261005,"76,2,0",100000,SL,A2,rmse_mm,1.513149449,0.004508161804,-0.05107229125,0.001552650884,0.04781889682,0.1444653551
23,geom_ind15_r2_chord,geometric_match,0.06,"chord link, offset scale 0.3844","chord link, offset scale 0.5058",20261005,"76,2,0",100000,SL,A2,mae_mm,1.153855975,0.003095556856,-0.05918645579,0.001170280274,0.04781889682,0.1444653551
23,geom_ind15_r2_chord,geometric_match,0.06,"chord link, offset scale 0.3844","chord link, offset scale 0.5058",20261005,"76,2,0",100000,SL,A2,sd_err_mm,1.416104556,0.003166521883,,,0.04781889682,0.1444653551
23,geom_ind15_r2_chord,geometric_match,0.06,"chord link, offset scale 0.3844","chord link, offset scale 0.5058",20261005,"76,2,0",100000,SL,A3,bias_mm,0.5892485293,0.004670256597,0.260815645,0.001081721374,0.04781889682,0.1444653551
23,geom_ind15_r2_chord,geometric_match,0.06,"chord link, offset scale 0.3844","chord link, offset scale 0.5058",20261005,"76,2,0",100000,SL,A3,rmse_mm,1.590069711,0.005765930432,0.110027872,0.001739931443,0.04781889682,0.1444653551
23,geom_ind15_r2_chord,geometric_match,0.06,"chord link, offset scale 0.3844","chord link, offset scale 0.5058",20261005,"76,2,0",100000,SL,A3,mae_mm,1.187862092,0.003342628471,0.07311184178,0.001245802258,0.04781889682,0.1444653551
23,geom_ind15_r2_chord,geometric_match,0.06,"chord link, offset scale 0.3844","chord link, offset scale 0.5058",20261005,"76,2,0",100000,SL,A3,sd_err_mm,1.47686481,0.003302386622,,,0.04781889682,0.1444653551
23,geom_ind15_r2_chord,geometric_match,0.06,"chord link, offset scale 0.3844","chord link, offset scale 0.5058",20261005,"76,2,0",100000,SL,A4,bias_mm,0.5203929366,0.004460621208,0.2341099661,0.001232514715,0.04781889682,0.1444653551
23,geom_ind15_r2_chord,geometric_match,0.06,"chord link, offset scale 0.3844","chord link, offset scale 0.5058",20261005,"76,2,0",100000,SL,A4,rmse_mm,1.503496946,0.004881643689,0.07343952197,0.001749847933,0.04781889682,0.1444653551
23,geom_ind15_r2_chord,geometric_match,0.06,"chord link, offset scale 0.3844","chord link, offset scale 0.5058",20261005,"76,2,0",100000,SL,A4,mae_mm,1.144947073,0.003081572268,0.0534478984,0.001296679545,0.04781889682,0.1444653551
23,geom_ind15_r2_chord,geometric_match,0.06,"chord link, offset scale 0.3844","chord link, offset scale 0.5058",20261005,"76,2,0",100000,SL,A4,sd_err_mm,1.41057228,0.003154151275,,,0.04781889682,0.1444653551
24,geom_mid15_r1_halfnormal,geometric_match,0.06,half-normal scale 0.3761,half-normal scale 0.0183,20261005,"76,2,0",100000,AP,A1,bias_mm,-0.2596003611,0.006033520269,0,0,0.04775815239,0.297329492
24,geom_mid15_r1_halfnormal,geometric_match,0.06,half-normal scale 0.3761,half-normal scale 0.0183,20261005,"76,2,0",100000,AP,A1,rmse_mm,1.925536971,0.006406088218,0,0,0.04775815239,0.297329492
24,geom_mid15_r1_halfnormal,geometric_match,0.06,half-normal scale 0.3761,half-normal scale 0.0183,20261005,"76,2,0",100000,AP,A1,mae_mm,1.465423362,0.003949990632,0,0,0.04775815239,0.297329492
24,geom_mid15_r1_halfnormal,geometric_match,0.06,half-normal scale 0.3761,half-normal scale 0.0183,20261005,"76,2,0",100000,AP,A1,sd_err_mm,1.907966636,0.004266364428,,,0.04775815239,0.297329492
24,geom_mid15_r1_halfnormal,geometric_match,0.06,half-normal scale 0.3761,half-normal scale 0.0183,20261005,"76,2,0",100000,AP,A2,bias_mm,-1.966755673,0.006661492404,-0.722048233,0.001656584628,0.04775815239,0.297329492
24,geom_mid15_r1_halfnormal,geometric_match,0.06,half-normal scale 0.3761,half-normal scale 0.0183,20261005,"76,2,0",100000,AP,A2,rmse_mm,2.881949272,0.008161979287,0.6725577116,0.002812837319,0.04775815239,0.297329492
24,geom_mid15_r1_halfnormal,geometric_match,0.06,half-normal scale 0.3761,half-normal scale 0.0183,20261005,"76,2,0",100000,AP,A2,mae_mm,2.245791558,0.005711466104,0.5408698588,0.002151877419,0.04775815239,0.297329492
24,geom_mid15_r1_halfnormal,geometric_match,0.06,half-normal scale 0.3761,half-normal scale 0.0183,20261005,"76,2,0",100000,AP,A2,sd_err_mm,2.106548861,0.004710410003,,,0.04775815239,0.297329492
24,geom_mid15_r1_halfnormal,geometric_match,0.06,half-normal scale 0.3761,half-normal scale 0.0183,20261005,"76,2,0",100000,AP,A3,bias_mm,0.220111696,0.006175842926,-0.1722378448,0.00102941555,0.04775815239,0.297329492
24,geom_mid15_r1_halfnormal,geometric_match,0.06,half-normal scale 0.3761,half-normal scale 0.0183,20261005,"76,2,0",100000,AP,A3,rmse_mm,1.965328116,0.007434924547,-0.03503543419,0.001604285973,0.04775815239,0.297329492
24,geom_mid15_r1_halfnormal,geometric_match,0.06,half-normal scale 0.3761,half-normal scale 0.0183,20261005,"76,2,0",100000,AP,A3,mae_mm,1.460307756,0.004159366732,-0.01439568323,0.001079930933,0.04775815239,0.297329492
24,geom_mid15_r1_halfnormal,geometric_match,0.06,half-normal scale 0.3761,half-normal scale 0.0183,20261005,"76,2,0",100000,AP,A3,sd_err_mm,1.952973012,0.004367002247,,,0.04775815239,0.297329492
24,geom_mid15_r1_halfnormal,geometric_match,0.06,half-normal scale 0.3761,half-normal scale 0.0183,20261005,"76,2,0",100000,AP,A4,bias_mm,0.1373533998,0.005980820198,-0.1439217625,0.001146580525,0.04775815239,0.297329492
24,geom_mid15_r1_halfnormal,geometric_match,0.06,half-normal scale 0.3761,half-normal scale 0.0183,20261005,"76,2,0",100000,AP,A4,rmse_mm,1.896272979,0.006714046878,-0.005552410193,0.001503289168,0.04775815239,0.297329492
24,geom_mid15_r1_halfnormal,geometric_match,0.06,half-normal scale 0.3761,half-normal scale 0.0183,20261005,"76,2,0",100000,AP,A4,mae_mm,1.426641805,0.003950392355,0.00143299214,0.001110599873,0.04775815239,0.297329492
24,geom_mid15_r1_halfnormal,geometric_match,0.06,half-normal scale 0.3761,half-normal scale 0.0183,20261005,"76,2,0",100000,AP,A4,sd_err_mm,1.89130141,0.004229099665,,,0.04775815239,0.297329492
24,geom_mid15_r1_halfnormal,geometric_match,0.06,half-normal scale 0.3761,half-normal scale 0.0183,20261005,"76,2,0",100000,SL,A1,bias_mm,-0.1682607416,0.004532737586,0,0,0.04781889682,0.01463385628
24,geom_mid15_r1_halfnormal,geometric_match,0.06,half-normal scale 0.3761,half-normal scale 0.0183,20261005,"76,2,0",100000,SL,A1,rmse_mm,1.443212435,0.004149744564,0,0,0.04781889682,0.01463385628
24,geom_mid15_r1_halfnormal,geometric_match,0.06,half-normal scale 0.3761,half-normal scale 0.0183,20261005,"76,2,0",100000,SL,A1,mae_mm,1.117035899,0.002889811906,0,0,0.04781889682,0.01463385628
24,geom_mid15_r1_halfnormal,geometric_match,0.06,half-normal scale 0.3761,half-normal scale 0.0183,20261005,"76,2,0",100000,SL,A1,sd_err_mm,1.433377481,0.00320514551,,,0.04781889682,0.01463385628
24,geom_mid15_r1_halfnormal,geometric_match,0.06,half-normal scale 0.3761,half-normal scale 0.0183,20261005,"76,2,0",100000,SL,A2,bias_mm,0.07220472569,0.003904420545,0.868453953,0.002094805107,0.04781889682,0.01463385628
24,geom_mid15_r1_halfnormal,geometric_match,0.06,half-normal scale 0.3761,half-normal scale 0.0183,20261005,"76,2,0",100000,SL,A2,rmse_mm,1.236789496,0.003557188786,-0.3274322441,0.00394447394,0.04781889682,0.01463385628
24,geom_mid15_r1_halfnormal,geometric_match,0.06,half-normal scale 0.3761,half-normal scale 0.0183,20261005,"76,2,0",100000,SL,A2,mae_mm,0.9535726663,0.002490689927,-0.259469765,0.002828637686,0.04781889682,0.01463385628
24,geom_mid15_r1_halfnormal,geometric_match,0.06,half-normal scale 0.3761,half-normal scale 0.0183,20261005,"76,2,0",100000,SL,A2,sd_err_mm,1.234686187,0.002760856049,,,0.04781889682,0.01463385628
24,geom_mid15_r1_halfnormal,geometric_match,0.06,half-normal scale 0.3761,half-normal scale 0.0183,20261005,"76,2,0",100000,SL,A3,bias_mm,0.9123501201,0.004682720767,0.5839172357,0.00221301449,0.04781889682,0.01463385628
24,geom_mid15_r1_halfnormal,geometric_match,0.06,half-normal scale 0.3761,half-normal scale 0.0183,20261005,"76,2,0",100000,SL,A3,rmse_mm,1.739295315,0.006207793761,0.2592534757,0.00340623968,0.04781889682,0.01463385628
24,geom_mid15_r1_halfnormal,geometric_match,0.06,half-normal scale 0.3761,half-normal scale 0.0183,20261005,"76,2,0",100000,SL,A3,mae_mm,1.297544224,0.00366270473,0.1827939736,0.002375036062,0.04781889682,0.01463385628
24,geom_mid15_r1_halfnormal,geometric_match,0.06,half-normal scale 0.3761,half-normal scale 0.0183,20261005,"76,2,0",100000,SL,A3,sd_err_mm,1.480806327,0.003311200165,,,0.04781889682,0.01463385628
24,geom_mid15_r1_halfnormal,geometric_match,0.06,half-normal scale 0.3761,half-normal scale 0.0183,20261005,"76,2,0",100000,SL,A4,bias_mm,0.8158420976,0.004400024929,0.5295591271,0.002166106249,0.04781889682,0.01463385628
24,geom_mid15_r1_halfnormal,geometric_match,0.06,half-normal scale 0.3761,half-normal scale 0.0183,20261005,"76,2,0",100000,SL,A4,rmse_mm,1.612947893,0.005162678625,0.1828904686,0.003021182683,0.04781889682,0.01463385628
24,geom_mid15_r1_halfnormal,geometric_match,0.06,half-normal scale 0.3761,half-normal scale 0.0183,20261005,"76,2,0",100000,SL,A4,mae_mm,1.229887304,0.003299983354,0.1383881301,0.002267605056,0.04781889682,0.01463385628
24,geom_mid15_r1_halfnormal,geometric_match,0.06,half-normal scale 0.3761,half-normal scale 0.0183,20261005,"76,2,0",100000,SL,A4,sd_err_mm,1.391410054,0.003111303021,,,0.04781889682,0.01463385628
25,geom_mid15_r1_chord,geometric_match,0.06,"chord link, shift 0.1425, offset scale 0.5879","chord link, shift -0.2552, offset scale 0.6542",20261005,"76,2,0",100000,AP,A1,bias_mm,-0.2596003611,0.006033520269,0,0,0.04775815239,0.3000216273
25,geom_mid15_r1_chord,geometric_match,0.06,"chord link, shift 0.1425, offset scale 0.5879","chord link, shift -0.2552, offset scale 0.6542",20261005,"76,2,0",100000,AP,A1,rmse_mm,1.925536971,0.006406088218,0,0,0.04775815239,0.3000216273
25,geom_mid15_r1_chord,geometric_match,0.06,"chord link, shift 0.1425, offset scale 0.5879","chord link, shift -0.2552, offset scale 0.6542",20261005,"76,2,0",100000,AP,A1,mae_mm,1.465423362,0.003949990632,0,0,0.04775815239,0.3000216273
25,geom_mid15_r1_chord,geometric_match,0.06,"chord link, shift 0.1425, offset scale 0.5879","chord link, shift -0.2552, offset scale 0.6542",20261005,"76,2,0",100000,AP,A1,sd_err_mm,1.907966636,0.004266364428,,,0.04775815239,0.3000216273
25,geom_mid15_r1_chord,geometric_match,0.06,"chord link, shift 0.1425, offset scale 0.5879","chord link, shift -0.2552, offset scale 0.6542",20261005,"76,2,0",100000,AP,A2,bias_mm,-1.984756945,0.006361103019,-0.740049505,0.001620776309,0.04775815239,0.3000216273
25,geom_mid15_r1_chord,geometric_match,0.06,"chord link, shift 0.1425, offset scale 0.5879","chord link, shift -0.2552, offset scale 0.6542",20261005,"76,2,0",100000,AP,A2,rmse_mm,2.825877356,0.007890097037,0.6164857953,0.002938856693,0.04775815239,0.3000216273
25,geom_mid15_r1_chord,geometric_match,0.06,"chord link, shift 0.1425, offset scale 0.5879","chord link, shift -0.2552, offset scale 0.6542",20261005,"76,2,0",100000,AP,A2,mae_mm,2.213165064,0.005556540387,0.5082433643,0.002230859163,0.04775815239,0.3000216273
25,geom_mid15_r1_chord,geometric_match,0.06,"chord link, shift 0.1425, offset scale 0.5879","chord link, shift -0.2552, offset scale 0.6542",20261005,"76,2,0",100000,AP,A2,sd_err_mm,2.011557397,0.004498001571,,,0.04775815239,0.3000216273
25,geom_mid15_r1_chord,geometric_match,0.06,"chord link, shift 0.1425, offset scale 0.5879","chord link, shift -0.2552, offset scale 0.6542",20261005,"76,2,0",100000,AP,A3,bias_mm,0.05359131292,0.005993984508,-0.338758228,0.001703891895,0.04775815239,0.3000216273
25,geom_mid15_r1_chord,geometric_match,0.06,"chord link, shift 0.1425, offset scale 0.5879","chord link, shift -0.2552, offset scale 0.6542",20261005,"76,2,0",100000,AP,A3,rmse_mm,1.896212311,0.007000480149,-0.1041512384,0.00279979311,0.04775815239,0.3000216273
25,geom_mid15_r1_chord,geometric_match,0.06,"chord link, shift 0.1425, offset scale 0.5879","chord link, shift -0.2552, offset scale 0.6542",20261005,"76,2,0",100000,AP,A3,mae_mm,1.41941581,0.00397604791,-0.05528762933,0.001824483987,0.04775815239,0.3000216273
25,geom_mid15_r1_chord,geometric_match,0.06,"chord link, shift 0.1425, offset scale 0.5879","chord link, shift -0.2552, offset scale 0.6542",20261005,"76,2,0",100000,AP,A3,sd_err_mm,1.895464331,0.004238408284,,,0.04775815239,0.3000216273
25,geom_mid15_r1_chord,geometric_match,0.06,"chord link, shift 0.1425, offset scale 0.5879","chord link, shift -0.2552, offset scale 0.6542",20261005,"76,2,0",100000,AP,A4,bias_mm,0.0004296156842,0.005876254595,-0.2808455465,0.001815463095,0.04775815239,0.3000216273
25,geom_mid15_r1_chord,geometric_match,0.06,"chord link, shift 0.1425, offset scale 0.5879","chord link, shift -0.2552, offset scale 0.6542",20261005,"76,2,0",100000,AP,A4,rmse_mm,1.858225622,0.006600484269,-0.04359976744,0.002438544969,0.04775815239,0.3000216273
25,geom_mid15_r1_chord,geometric_match,0.06,"chord link, shift 0.1425, offset scale 0.5879","chord link, shift -0.2552, offset scale 0.6542",20261005,"76,2,0",100000,AP,A4,mae_mm,1.400922463,0.003860613445,-0.02428634976,0.001799929715,0.04775815239,0.3000216273
25,geom_mid15_r1_chord,geometric_match,0.06,"chord link, shift 0.1425, offset scale 0.5879","chord link, shift -0.2552, offset scale 0.6542",20261005,"76,2,0",100000,AP,A4,sd_err_mm,1.858234863,0.004155160248,,,0.04775815239,0.3000216273
25,geom_mid15_r1_chord,geometric_match,0.06,"chord link, shift 0.1425, offset scale 0.5879","chord link, shift -0.2552, offset scale 0.6542",20261005,"76,2,0",100000,SL,A1,bias_mm,-0.1682607416,0.004532737586,0,0,0.04781889682,0.01675427373
25,geom_mid15_r1_chord,geometric_match,0.06,"chord link, shift 0.1425, offset scale 0.5879","chord link, shift -0.2552, offset scale 0.6542",20261005,"76,2,0",100000,SL,A1,rmse_mm,1.443212435,0.004149744564,0,0,0.04781889682,0.01675427373
25,geom_mid15_r1_chord,geometric_match,0.06,"chord link, shift 0.1425, offset scale 0.5879","chord link, shift -0.2552, offset scale 0.6542",20261005,"76,2,0",100000,SL,A1,mae_mm,1.117035899,0.002889811906,0,0,0.04781889682,0.01675427373
25,geom_mid15_r1_chord,geometric_match,0.06,"chord link, shift 0.1425, offset scale 0.5879","chord link, shift -0.2552, offset scale 0.6542",20261005,"76,2,0",100000,SL,A1,sd_err_mm,1.433377481,0.00320514551,,,0.04781889682,0.01675427373
25,geom_mid15_r1_chord,geometric_match,0.06,"chord link, shift 0.1425, offset scale 0.5879","chord link, shift -0.2552, offset scale 0.6542",20261005,"76,2,0",100000,SL,A2,bias_mm,0.06997490307,0.005372660839,0.8662241304,0.002402982626,0.04781889682,0.01675427373
25,geom_mid15_r1_chord,geometric_match,0.06,"chord link, shift 0.1425, offset scale 0.5879","chord link, shift -0.2552, offset scale 0.6542",20261005,"76,2,0",100000,SL,A2,rmse_mm,1.70041644,0.005191691656,0.1361947002,0.004021428725,0.04781889682,0.01675427373
25,geom_mid15_r1_chord,geometric_match,0.06,"chord link, shift 0.1425, offset scale 0.5879","chord link, shift -0.2552, offset scale 0.6542",20261005,"76,2,0",100000,SL,A2,mae_mm,1.290718382,0.003500677624,0.07767595121,0.003103082628,0.04781889682,0.01675427373
25,geom_mid15_r1_chord,geometric_match,0.06,"chord link, shift 0.1425, offset scale 0.5879","chord link, shift -0.2552, offset scale 0.6542",20261005,"76,2,0",100000,SL,A2,sd_err_mm,1.698984535,0.003799063908,,,0.04781889682,0.01675427373
25,geom_mid15_r1_chord,geometric_match,0.06,"chord link, shift 0.1425, offset scale 0.5879","chord link, shift -0.2552, offset scale 0.6542",20261005,"76,2,0",100000,SL,A3,bias_mm,1.719918517,0.00618169978,1.391485633,0.003666372994,0.04781889682,0.01675427373
25,geom_mid15_r1_chord,geometric_match,0.06,"chord link, shift 0.1425, offset scale 0.5879","chord link, shift -0.2552, offset scale 0.6542",20261005,"76,2,0",100000,SL,A3,rmse_mm,2.603732457,0.008345221651,1.123690618,0.005630493528,0.04781889682,0.01675427373
25,geom_mid15_r1_chord,geometric_match,0.06,"chord link, shift 0.1425, offset scale 0.5879","chord link, shift -0.2552, offset scale 0.6542",20261005,"76,2,0",100000,SL,A3,mae_mm,1.982115979,0.005339164222,0.867365729,0.004256659472,0.04781889682,0.01675427373
25,geom_mid15_r1_chord,geometric_match,0.06,"chord link, shift 0.1425, offset scale 0.5879","chord link, shift -0.2552, offset scale 0.6542",20261005,"76,2,0",100000,SL,A3,sd_err_mm,1.954825112,0.004371143689,,,0.04781889682,0.01675427373
25,geom_mid15_r1_chord,geometric_match,0.06,"chord link, shift 0.1425, offset scale 0.5879","chord link, shift -0.2552, offset scale 0.6542",20261005,"76,2,0",100000,SL,A4,bias_mm,1.488056057,0.005753576551,1.201773086,0.003787008956,0.04781889682,0.01675427373
25,geom_mid15_r1_chord,geometric_match,0.06,"chord link, shift 0.1425, offset scale 0.5879","chord link, shift -0.2552, offset scale 0.6542",20261005,"76,2,0",100000,SL,A4,rmse_mm,2.350455709,0.007208346336,0.9203982842,0.005605873958,0.04781889682,0.01675427373
25,geom_mid15_r1_chord,geometric_match,0.06,"chord link, shift 0.1425, offset scale 0.5879","chord link, shift -0.2552, offset scale 0.6542",20261005,"76,2,0",100000,SL,A4,mae_mm,1.808308086,0.004748353873,0.7168089118,0.004079207231,0.04781889682,0.01675427373
25,geom_mid15_r1_chord,geometric_match,0.06,"chord link, shift 0.1425, offset scale 0.5879","chord link, shift -0.2552, offset scale 0.6542",20261005,"76,2,0",100000,SL,A4,sd_err_mm,1.819440659,0.004068413338,,,0.04781889682,0.01675427373
26,geom_mid15_r2_halfnormal,geometric_match,0.06,half-normal scale 0.2302,half-normal scale 0.2692,20261005,"76,2,0",100000,AP,A1,bias_mm,-0.2596003611,0.006033520269,0,0,0.04775815239,0.1832311961
26,geom_mid15_r2_halfnormal,geometric_match,0.06,half-normal scale 0.2302,half-normal scale 0.2692,20261005,"76,2,0",100000,AP,A1,rmse_mm,1.925536971,0.006406088218,0,0,0.04775815239,0.1832311961
26,geom_mid15_r2_halfnormal,geometric_match,0.06,half-normal scale 0.2302,half-normal scale 0.2692,20261005,"76,2,0",100000,AP,A1,mae_mm,1.465423362,0.003949990632,0,0,0.04775815239,0.1832311961
26,geom_mid15_r2_halfnormal,geometric_match,0.06,half-normal scale 0.2302,half-normal scale 0.2692,20261005,"76,2,0",100000,AP,A1,sd_err_mm,1.907966636,0.004266364428,,,0.04775815239,0.1832311961
26,geom_mid15_r2_halfnormal,geometric_match,0.06,half-normal scale 0.2302,half-normal scale 0.2692,20261005,"76,2,0",100000,AP,A2,bias_mm,-1.129285739,0.005654246435,0.1154217017,0.0002726539153,0.04775815239,0.1832311961
26,geom_mid15_r2_halfnormal,geometric_match,0.06,half-normal scale 0.2302,half-normal scale 0.2692,20261005,"76,2,0",100000,AP,A2,rmse_mm,2.114782396,0.006079688277,-0.09460916423,0.0005068638235,0.04775815239,0.1832311961
26,geom_mid15_r2_halfnormal,geometric_match,0.06,half-normal scale 0.2302,half-normal scale 0.2692,20261005,"76,2,0",100000,AP,A2,mae_mm,1.630765939,0.004257845894,-0.07415576026,0.0003872370554,0.04775815239,0.1832311961
26,geom_mid15_r2_halfnormal,geometric_match,0.06,half-normal scale 0.2302,half-normal scale 0.2692,20261005,"76,2,0",100000,AP,A2,sd_err_mm,1.788029719,0.003998175988,,,0.04775815239,0.1832311961
26,geom_mid15_r2_halfnormal,geometric_match,0.06,half-normal scale 0.2302,half-normal scale 0.2692,20261005,"76,2,0",100000,AP,A3,bias_mm,0.4299744654,0.00620824985,0.0376249245,0.0002185499937,0.04775815239,0.1832311961
26,geom_mid15_r2_halfnormal,geometric_match,0.06,half-normal scale 0.2302,half-normal scale 0.2692,20261005,"76,2,0",100000,AP,A3,rmse_mm,2.009745287,0.007896612794,0.009381737341,0.0003384029017,0.04775815239,0.1832311961
26,geom_mid15_r2_halfnormal,geometric_match,0.06,half-normal scale 0.2302,half-normal scale 0.2692,20261005,"76,2,0",100000,AP,A3,mae_mm,1.479487622,0.004301407907,0.00478418273,0.0002444660196,0.04775815239,0.1832311961
26,geom_mid15_r2_halfnormal,geometric_match,0.06,half-normal scale 0.2302,half-normal scale 0.2692,20261005,"76,2,0",100000,AP,A3,sd_err_mm,1.963220981,0.004389917518,,,0.04775815239,0.1832311961
26,geom_mid15_r2_halfnormal,geometric_match,0.06,half-normal scale 0.2302,half-normal scale 0.2692,20261005,"76,2,0",100000,AP,A4,bias_mm,0.3126949117,0.0059406782,0.03141974952,0.0004081977153,0.04775815239,0.1832311961
26,geom_mid15_r2_halfnormal,geometric_match,0.06,half-normal scale 0.2302,half-normal scale 0.2692,20261005,"76,2,0",100000,AP,A4,rmse_mm,1.904444424,0.00691953151,0.00261903488,0.000473842363,0.04775815239,0.1832311961
26,geom_mid15_r2_halfnormal,geometric_match,0.06,half-normal scale 0.2302,half-normal scale 0.2692,20261005,"76,2,0",100000,AP,A4,mae_mm,1.426149862,0.003991266798,0.0009410488974,0.0003594632565,0.04775815239,0.1832311961
26,geom_mid15_r2_halfnormal,geometric_match,0.06,half-normal scale 0.2302,half-normal scale 0.2692,20261005,"76,2,0",100000,AP,A4,sd_err_mm,1.878607396,0.004200714844,,,0.04775815239,0.1832311961
26,geom_mid15_r2_halfnormal,geometric_match,0.06,half-normal scale 0.2302,half-normal scale 0.2692,20261005,"76,2,0",100000,SL,A1,bias_mm,-0.1682607416,0.004532737586,0,0,0.04781889682,0.2156877144
26,geom_mid15_r2_halfnormal,geometric_match,0.06,half-normal scale 0.2302,half-normal scale 0.2692,20261005,"76,2,0",100000,SL,A1,rmse_mm,1.443212435,0.004149744564,0,0,0.04781889682,0.2156877144
26,geom_mid15_r2_halfnormal,geometric_match,0.06,half-normal scale 0.2302,half-normal scale 0.2692,20261005,"76,2,0",100000,SL,A1,mae_mm,1.117035899,0.002889811906,0,0,0.04781889682,0.2156877144
26,geom_mid15_r2_halfnormal,geometric_match,0.06,half-normal scale 0.2302,half-normal scale 0.2692,20261005,"76,2,0",100000,SL,A1,sd_err_mm,1.433377481,0.00320514551,,,0.04781889682,0.2156877144
26,geom_mid15_r2_halfnormal,geometric_match,0.06,half-normal scale 0.2302,half-normal scale 0.2692,20261005,"76,2,0",100000,SL,A2,bias_mm,-0.8680182167,0.004330475948,-0.07176898937,0.0001726116305,0.04781889682,0.2156877144
26,geom_mid15_r2_halfnormal,geometric_match,0.06,half-normal scale 0.2302,half-normal scale 0.2692,20261005,"76,2,0",100000,SL,A2,rmse_mm,1.621338665,0.004433429238,0.05711692451,0.0003158803749,0.04781889682,0.2156877144
26,geom_mid15_r2_halfnormal,geometric_match,0.06,half-normal scale 0.2302,half-normal scale 0.2692,20261005,"76,2,0",100000,SL,A2,mae_mm,1.257017929,0.003238295043,0.04397549748,0.0002468703705,0.04781889682,0.2156877144
26,geom_mid15_r2_halfnormal,geometric_match,0.06,half-normal scale 0.2302,half-normal scale 0.2692,20261005,"76,2,0",100000,SL,A2,sd_err_mm,1.369416735,0.003062124219,,,0.04781889682,0.2156877144
26,geom_mid15_r2_halfnormal,geometric_match,0.06,half-normal scale 0.2302,half-normal scale 0.2692,20261005,"76,2,0",100000,SL,A3,bias_mm,0.3044266201,0.004564348538,-0.02400626429,0.0001372937616,0.04781889682,0.2156877144
26,geom_mid15_r2_halfnormal,geometric_match,0.06,half-normal scale 0.2302,half-normal scale 0.2692,20261005,"76,2,0",100000,SL,A3,rmse_mm,1.475121179,0.005158841855,-0.004920660435,0.0002046456674,0.04781889682,0.2156877144
26,geom_mid15_r2_halfnormal,geometric_match,0.06,half-normal scale 0.2302,half-normal scale 0.2692,20261005,"76,2,0",100000,SL,A3,mae_mm,1.112250069,0.003064133913,-0.002500180969,0.0001546558795,0.04781889682,0.2156877144
26,geom_mid15_r2_halfnormal,geometric_match,0.06,half-normal scale 0.2302,half-normal scale 0.2692,20261005,"76,2,0",100000,SL,A3,sd_err_mm,1.443373742,0.003227497941,,,0.04781889682,0.2156877144
26,geom_mid15_r2_halfnormal,geometric_match,0.06,half-normal scale 0.2302,half-normal scale 0.2692,20261005,"76,2,0",100000,SL,A4,bias_mm,0.2643188883,0.004436328215,-0.02196408219,0.0002464389096,0.04781889682,0.2156877144
26,geom_mid15_r2_halfnormal,geometric_match,0.06,half-normal scale 0.2302,half-normal scale 0.2692,20261005,"76,2,0",100000,SL,A4,rmse_mm,1.42756632,0.00456472856,-0.002491104708,0.0002734968006,0.04781889682,0.2156877144
26,geom_mid15_r2_halfnormal,geometric_match,0.06,half-normal scale 0.2302,half-normal scale 0.2692,20261005,"76,2,0",100000,SL,A4,mae_mm,1.090231847,0.002914358611,-0.001267327843,0.0002166633284,0.04781889682,0.2156877144
26,geom_mid15_r2_halfnormal,geometric_match,0.06,half-normal scale 0.2302,half-normal scale 0.2692,20261005,"76,2,0",100000,SL,A4,sd_err_mm,1.402890161,0.003136973449,,,0.04781889682,0.2156877144
27,geom_mid15_r2_chord,geometric_match,0.06,"chord link, offset scale 0.5879","chord link, offset scale 0.6542",20261005,"76,2,0",100000,AP,A1,bias_mm,-0.2596003611,0.006033520269,0,0,0.04775815239,0.1836907084
27,geom_mid15_r2_chord,geometric_match,0.06,"chord link, offset scale 0.5879","chord link, offset scale 0.6542",20261005,"76,2,0",100000,AP,A1,rmse_mm,1.925536971,0.006406088218,0,0,0.04775815239,0.1836907084
27,geom_mid15_r2_chord,geometric_match,0.06,"chord link, offset scale 0.5879","chord link, offset scale 0.6542",20261005,"76,2,0",100000,AP,A1,mae_mm,1.465423362,0.003949990632,0,0,0.04775815239,0.1836907084
27,geom_mid15_r2_chord,geometric_match,0.06,"chord link, offset scale 0.5879","chord link, offset scale 0.6542",20261005,"76,2,0",100000,AP,A1,sd_err_mm,1.907966636,0.004266364428,,,0.04775815239,0.1836907084
27,geom_mid15_r2_chord,geometric_match,0.06,"chord link, offset scale 0.5879","chord link, offset scale 0.6542",20261005,"76,2,0",100000,AP,A2,bias_mm,-1.13221328,0.006539184297,0.1124941603,0.001733581825,0.04775815239,0.1836907084
27,geom_mid15_r2_chord,geometric_match,0.06,"chord link, offset scale 0.5879","chord link, offset scale 0.6542",20261005,"76,2,0",100000,AP,A2,rmse_mm,2.357532031,0.00757783422,0.1481404706,0.002745101019,0.04775815239,0.1836907084
27,geom_mid15_r2_chord,geometric_match,0.06,"chord link, offset scale 0.5879","chord link, offset scale 0.6542",20261005,"76,2,0",100000,AP,A2,mae_mm,1.773116267,0.004913288231,0.06819456726,0.001705530608,0.04775815239,0.1836907084
27,geom_mid15_r2_chord,geometric_match,0.06,"chord link, offset scale 0.5879","chord link, offset scale 0.6542",20261005,"76,2,0",100000,AP,A2,sd_err_mm,2.067871642,0.00462392468,,,0.04775815239,0.1836907084
27,geom_mid15_r2_chord,geometric_match,0.06,"chord link, offset scale 0.5879","chord link, offset scale 0.6542",20261005,"76,2,0",100000,AP,A3,bias_mm,0.6928409903,0.006381648508,0.3004914494,0.001315821451,0.04775815239,0.1836907084
27,geom_mid15_r2_chord,geometric_match,0.06,"chord link, offset scale 0.5879","chord link, offset scale 0.6542",20261005,"76,2,0",100000,AP,A3,rmse_mm,2.133666253,0.008443157833,0.1333027036,0.002076933724,0.04775815239,0.1836907084
27,geom_mid15_r2_chord,geometric_match,0.06,"chord link, offset scale 0.5879","chord link, offset scale 0.6542",20261005,"76,2,0",100000,AP,A3,mae_mm,1.560553296,0.004601332701,0.0858498572,0.001500412556,0.04775815239,0.1836907084
27,geom_mid15_r2_chord,geometric_match,0.06,"chord link, offset scale 0.5879","chord link, offset scale 0.6542",20261005,"76,2,0",100000,AP,A3,sd_err_mm,2.018054451,0.004512529498,,,0.04775815239,0.1836907084
27,geom_mid15_r2_chord,geometric_match,0.06,"chord link, offset scale 0.5879","chord link, offset scale 0.6542",20261005,"76,2,0",100000,AP,A4,bias_mm,0.5328465215,0.006029632206,0.2515713593,0.001533790496,0.04775815239,0.1836907084
27,geom_mid15_r2_chord,geometric_match,0.06,"chord link, offset scale 0.5879","chord link, offset scale 0.6542",20261005,"76,2,0",100000,AP,A4,rmse_mm,1.979781683,0.00721606202,0.07795629419,0.002057603411,0.04775815239,0.1836907084
27,geom_mid15_r2_chord,geometric_match,0.06,"chord link, offset scale 0.5879","chord link, offset scale 0.6542",20261005,"76,2,0",100000,AP,A4,mae_mm,1.478028647,0.004165314132,0.0528198341,0.001562392104,0.04775815239,0.1836907084
27,geom_mid15_r2_chord,geometric_match,0.06,"chord link, offset scale 0.5879","chord link, offset scale 0.6542",20261005,"76,2,0",100000,AP,A4,sd_err_mm,1.906737123,0.004263615139,,,0.04775815239,0.1836907084
27,geom_mid15_r2_chord,geometric_match,0.06,"chord link, offset scale 0.5879","chord link, offset scale 0.6542",20261005,"76,2,0",100000,SL,A1,bias_mm,-0.1682607416,0.004532737586,0,0,0.04781889682,0.2166723668
27,geom_mid15_r2_chord,geometric_match,0.06,"chord link, offset scale 0.5879","chord link, offset scale 0.6542",20261005,"76,2,0",100000,SL,A1,rmse_mm,1.443212435,0.004149744564,0,0,0.04781889682,0.2166723668
27,geom_mid15_r2_chord,geometric_match,0.06,"chord link, offset scale 0.5879","chord link, offset scale 0.6542",20261005,"76,2,0",100000,SL,A1,mae_mm,1.117035899,0.002889811906,0,0,0.04781889682,0.2166723668
27,geom_mid15_r2_chord,geometric_match,0.06,"chord link, offset scale 0.5879","chord link, offset scale 0.6542",20261005,"76,2,0",100000,SL,A1,sd_err_mm,1.433377481,0.00320514551,,,0.04781889682,0.2166723668
27,geom_mid15_r2_chord,geometric_match,0.06,"chord link, offset scale 0.5879","chord link, offset scale 0.6542",20261005,"76,2,0",100000,SL,A2,bias_mm,-0.8701618216,0.004847085168,-0.07391259426,0.001333456517,0.04781889682,0.2166723668
27,geom_mid15_r2_chord,geometric_match,0.06,"chord link, offset scale 0.5879","chord link, offset scale 0.6542",20261005,"76,2,0",100000,SL,A2,rmse_mm,1.762549734,0.005212118156,0.1983279938,0.001980879293,0.04781889682,0.2166723668
27,geom_mid15_r2_chord,geometric_match,0.06,"chord link, offset scale 0.5879","chord link, offset scale 0.6542",20261005,"76,2,0",100000,SL,A2,mae_mm,1.344170632,0.00360527374,0.1311282011,0.001253033392,0.04781889682,0.2166723668
27,geom_mid15_r2_chord,geometric_match,0.06,"chord link, offset scale 0.5879","chord link, offset scale 0.6542",20261005,"76,2,0",100000,SL,A2,sd_err_mm,1.532782915,0.003427423929,,,0.04781889682,0.2166723668
27,geom_mid15_r2_chord,geometric_match,0.06,"chord link, offset scale 0.5879","chord link, offset scale 0.6542",20261005,"76,2,0",100000,SL,A3,bias_mm,0.4784689052,0.004672961365,0.1500360209,0.0007784756996,0.04781889682,0.2166723668
27,geom_mid15_r2_chord,geometric_match,0.06,"chord link, offset scale 0.5879","chord link, offset scale 0.6542",20261005,"76,2,0",100000,SL,A3,rmse_mm,1.553244169,0.005570035334,0.07320232993,0.001183387042,0.04781889682,0.2166723668
27,geom_mid15_r2_chord,geometric_match,0.06,"chord link, offset scale 0.5879","chord link, offset scale 0.6542",20261005,"76,2,0",100000,SL,A3,mae_mm,1.16418231,0.003251549737,0.04943206002,0.0008536967142,0.04781889682,0.2166723668
27,geom_mid15_r2_chord,geometric_match,0.06,"chord link, offset scale 0.5879","chord link, offset scale 0.6542",20261005,"76,2,0",100000,SL,A3,sd_err_mm,1.477720133,0.003304299191,,,0.04781889682,0.2166723668
27,geom_mid15_r2_chord,geometric_match,0.06,"chord link, offset scale 0.5879","chord link, offset scale 0.6542",20261005,"76,2,0",100000,SL,A4,bias_mm,0.4197848808,0.004490918641,0.1335019103,0.0009373627659,0.04781889682,0.2166723668
27,geom_mid15_r2_chord,geometric_match,0.06,"chord link, offset scale 0.5879","chord link, offset scale 0.6542",20261005,"76,2,0",100000,SL,A4,rmse_mm,1.480889666,0.004776379042,0.05083224129,0.001280641819,0.04781889682,0.2166723668
27,geom_mid15_r2_chord,geometric_match,0.06,"chord link, offset scale 0.5879","chord link, offset scale 0.6542",20261005,"76,2,0",100000,SL,A4,mae_mm,1.129150216,0.003029955731,0.03765104132,0.0009306633442,0.04781889682,0.2166723668
27,geom_mid15_r2_chord,geometric_match,0.06,"chord link, offset scale 0.5879","chord link, offset scale 0.6542",20261005,"76,2,0",100000,SL,A4,sd_err_mm,1.420153169,0.003175574903,,,0.04781889682,0.2166723668
28,published_L0.1,published,0.125,half-normal scale 0.1,half-normal scale 0.1,20261005,"76,2,0",100000,AP,A1,bias_mm,-0.8287523349,0.006431295897,-0.5691519738,0.001686760687,0.09949615082,0.07958911905
28,published_L0.1,published,0.125,half-normal scale 0.1,half-normal scale 0.1,20261005,"76,2,0",100000,AP,A1,rmse_mm,2.196120617,0.006598626739,0.2705836455,0.003297265641,0.09949615082,0.07958911905
28,published_L0.1,published,0.125,half-normal scale 0.1,half-normal scale 0.1,20261005,"76,2,0",100000,AP,A1,mae_mm,1.681020431,0.004468932809,0.2155970688,0.002198669839,0.09949615082,0.07958911905
28,published_L0.1,published,0.125,half-normal scale 0.1,half-normal scale 0.1,20261005,"76,2,0",100000,AP,A1,sd_err_mm,2.033754334,0.004547635679,,,0.09949615082,0.07958911905
28,published_L0.1,published,0.125,half-normal scale 0.1,half-normal scale 0.1,20261005,"76,2,0",100000,AP,A2,bias_mm,-0.5581970176,0.00522469701,0.6865104228,0.001952017159,0.09949615082,0.07958911905
28,published_L0.1,published,0.125,half-normal scale 0.1,half-normal scale 0.1,20261005,"76,2,0",100000,AP,A2,rmse_mm,1.743933054,0.005040637777,-0.4654585065,0.003471292167,0.09949615082,0.07958911905
28,published_L0.1,published,0.125,half-normal scale 0.1,half-normal scale 0.1,20261005,"76,2,0",100000,AP,A2,mae_mm,1.339200268,0.003532502821,-0.3657214313,0.002454391197,0.09949615082,0.07958911905
28,published_L0.1,published,0.125,half-normal scale 0.1,half-normal scale 0.1,20261005,"76,2,0",100000,AP,A2,sd_err_mm,1.652194264,0.003694437157,,,0.09949615082,0.07958911905
28,published_L0.1,published,0.125,half-normal scale 0.1,half-normal scale 0.1,20261005,"76,2,0",100000,AP,A3,bias_mm,0.6762458677,0.006322429508,0.2838963269,0.002387625813,0.09949615082,0.07958911905
28,published_L0.1,published,0.125,half-normal scale 0.1,half-normal scale 0.1,20261005,"76,2,0",100000,AP,A3,rmse_mm,2.110587593,0.008496326391,0.1102240434,0.003451595164,0.09949615082,0.07958911905
28,published_L0.1,published,0.125,half-normal scale 0.1,half-normal scale 0.1,20261005,"76,2,0",100000,AP,A3,mae_mm,1.536087516,0.004577156411,0.06138407746,0.002283969101,0.09949615082,0.07958911905
28,published_L0.1,published,0.125,half-normal scale 0.1,half-normal scale 0.1,20261005,"76,2,0",100000,AP,A3,sd_err_mm,1.999327759,0.004470655132,,,0.09949615082,0.07958911905
28,published_L0.1,published,0.125,half-normal scale 0.1,half-normal scale 0.1,20261005,"76,2,0",100000,AP,A4,bias_mm,0.4360885541,0.005936190842,0.1548133919,0.002578252237,0.09949615082,0.07958911905
28,published_L0.1,published,0.125,half-normal scale 0.1,half-normal scale 0.1,20261005,"76,2,0",100000,AP,A4,rmse_mm,1.927167393,0.00706645199,0.0253420038,0.00331301871,0.09949615082,0.07958911905
28,published_L0.1,published,0.125,half-normal scale 0.1,half-normal scale 0.1,20261005,"76,2,0",100000,AP,A4,mae_mm,1.436098819,0.004064001548,0.0108900062,0.002299944345,0.09949615082,0.07958911905
28,published_L0.1,published,0.125,half-normal scale 0.1,half-normal scale 0.1,20261005,"76,2,0",100000,AP,A4,sd_err_mm,1.877188369,0.004197541787,,,0.09949615082,0.07958911905
28,published_L0.1,published,0.125,half-normal scale 0.1,half-normal scale 0.1,20261005,"76,2,0",100000,SL,A1,bias_mm,-0.5327153635,0.004757277864,-0.3644546219,0.001109220196,0.0996227017,0.08014215699
28,published_L0.1,published,0.125,half-normal scale 0.1,half-normal scale 0.1,20261005,"76,2,0",100000,SL,A1,rmse_mm,1.595911117,0.004392809295,0.152698682,0.002071304735,0.0996227017,0.08014215699
28,published_L0.1,published,0.125,half-normal scale 0.1,half-normal scale 0.1,20261005,"76,2,0",100000,SL,A1,mae_mm,1.23706407,0.003188439973,0.1200281716,0.001444838862,0.0996227017,0.08014215699
28,published_L0.1,published,0.125,half-normal scale 0.1,half-normal scale 0.1,20261005,"76,2,0",100000,SL,A1,sd_err_mm,1.504383351,0.003363920257,,,0.0996227017,0.08014215699
28,published_L0.1,published,0.125,half-normal scale 0.1,half-normal scale 0.1,20261005,"76,2,0",100000,SL,A2,bias_mm,-0.3556446055,0.003934133564,0.4406046218,0.001271345594,0.0996227017,0.08014215699
28,published_L0.1,published,0.125,half-normal scale 0.1,half-normal scale 0.1,20261005,"76,2,0",100000,SL,A2,rmse_mm,1.293912013,0.003449047153,-0.2703097268,0.002202564902,0.0996227017,0.08014215699
28,published_L0.1,published,0.125,half-normal scale 0.1,half-normal scale 0.1,20261005,"76,2,0",100000,SL,A2,mae_mm,1.006474632,0.002571427085,-0.2065677991,0.001630115577,0.0996227017,0.08014215699
28,published_L0.1,published,0.125,half-normal scale 0.1,half-normal scale 0.1,20261005,"76,2,0",100000,SL,A2,sd_err_mm,1.244082268,0.002781866431,,,0.0996227017,0.08014215699
28,published_L0.1,published,0.125,half-normal scale 0.1,half-normal scale 0.1,20261005,"76,2,0",100000,SL,A3,bias_mm,0.5315949368,0.004607331872,0.2031620524,0.001614754967,0.0996227017,0.08014215699
28,published_L0.1,published,0.125,half-normal scale 0.1,half-normal scale 0.1,20261005,"76,2,0",100000,SL,A3,rmse_mm,1.550910264,0.005685042204,0.07086842501,0.002222104014,0.0996227017,0.08014215699
28,published_L0.1,published,0.125,half-normal scale 0.1,half-normal scale 0.1,20261005,"76,2,0",100000,SL,A3,mae_mm,1.1566511,0.003267248926,0.04190084996,0.001566788437,0.0996227017,0.08014215699
28,published_L0.1,published,0.125,half-normal scale 0.1,half-normal scale 0.1,20261005,"76,2,0",100000,SL,A3,sd_err_mm,1.456966265,0.0032578919,,,0.0996227017,0.08014215699
28,published_L0.1,published,0.125,half-normal scale 0.1,half-normal scale 0.1,20261005,"76,2,0",100000,SL,A4,bias_mm,0.4335971302,0.004385097119,0.1473141597,0.001791250613,0.0996227017,0.08014215699
28,published_L0.1,published,0.125,half-normal scale 0.1,half-normal scale 0.1,20261005,"76,2,0",100000,SL,A4,rmse_mm,1.452891915,0.004709911518,0.0228344906,0.002247120161,0.0996227017,0.08014215699
28,published_L0.1,published,0.125,half-normal scale 0.1,half-normal scale 0.1,20261005,"76,2,0",100000,SL,A4,mae_mm,1.107001534,0.002975653501,0.01550235918,0.001625240726,0.0996227017,0.08014215699
28,published_L0.1,published,0.125,half-normal scale 0.1,half-normal scale 0.1,20261005,"76,2,0",100000,SL,A4,sd_err_mm,1.386689466,0.003100747413,,,0.0996227017,0.08014215699
29,published_L0.25,published,0.125,half-normal scale 0.25,half-normal scale 0.25,20261005,"76,2,0",100000,AP,A1,bias_mm,-0.8287523349,0.006431295897,-0.5691519738,0.001686760687,0.09949615082,0.1989543756
29,published_L0.25,published,0.125,half-normal scale 0.25,half-normal scale 0.25,20261005,"76,2,0",100000,AP,A1,rmse_mm,2.196120617,0.006598626739,0.2705836455,0.003297265641,0.09949615082,0.1989543756
29,published_L0.25,published,0.125,half-normal scale 0.25,half-normal scale 0.25,20261005,"76,2,0",100000,AP,A1,mae_mm,1.681020431,0.004468932809,0.2155970688,0.002198669839,0.09949615082,0.1989543756
29,published_L0.25,published,0.125,half-normal scale 0.25,half-normal scale 0.25,20261005,"76,2,0",100000,AP,A1,sd_err_mm,2.033754334,0.004547635679,,,0.09949615082,0.1989543756
29,published_L0.25,published,0.125,half-normal scale 0.25,half-normal scale 0.25,20261005,"76,2,0",100000,AP,A2,bias_mm,-1.434424765,0.005888305123,-0.1897173246,0.0005622535622,0.09949615082,0.1989543756
29,published_L0.25,published,0.125,half-normal scale 0.25,half-normal scale 0.25,20261005,"76,2,0",100000,AP,A2,rmse_mm,2.35047941,0.006674126748,0.1410878492,0.0008970844019,0.09949615082,0.1989543756
29,published_L0.25,published,0.125,half-normal scale 0.25,half-normal scale 0.25,20261005,"76,2,0",100000,AP,A2,mae_mm,1.821540736,0.004697621602,0.1166190364,0.0007158721622,0.09949615082,0.1989543756
29,published_L0.25,published,0.125,half-normal scale 0.25,half-normal scale 0.25,20261005,"76,2,0",100000,AP,A2,sd_err_mm,1.862045575,0.0041636813,,,0.09949615082,0.1989543756
29,published_L0.25,published,0.125,half-normal scale 0.25,half-normal scale 0.25,20261005,"76,2,0",100000,AP,A3,bias_mm,0.1349610315,0.006373575934,-0.2573885094,0.001287154558,0.09949615082,0.1989543756
29,published_L0.25,published,0.125,half-normal scale 0.25,half-normal scale 0.25,20261005,"76,2,0",100000,AP,A3,rmse_mm,2.020005167,0.007559935584,0.01964161759,0.001992170943,0.09949615082,0.1989543756
29,published_L0.25,published,0.125,half-normal scale 0.25,half-normal scale 0.25,20261005,"76,2,0",100000,AP,A3,mae_mm,1.497236012,0.004288034033,0.02253257335,0.001405921188,0.09949615082,0.1989543756
29,published_L0.25,published,0.125,half-normal scale 0.25,half-normal scale 0.25,20261005,"76,2,0",100000,AP,A3,sd_err_mm,2.015501679,0.004506821297,,,0.09949615082,0.1989543756
29,published_L0.25,published,0.125,half-normal scale 0.25,half-normal scale 0.25,20261005,"76,2,0",100000,AP,A4,bias_mm,-0.02823225432,0.006124461433,-0.3095074165,0.001677840511,0.09949615082,0.1989543756
29,published_L0.25,published,0.125,half-normal scale 0.25,half-normal scale 0.25,20261005,"76,2,0",100000,AP,A4,rmse_mm,1.936920839,0.006633323441,0.03509544957,0.002556926153,0.09949615082,0.1989543756
29,published_L0.25,published,0.125,half-normal scale 0.25,half-normal scale 0.25,20261005,"76,2,0",100000,AP,A4,mae_mm,1.455830855,0.004040093043,0.03062204184,0.001687454083,0.09949615082,0.1989543756
29,published_L0.25,published,0.125,half-normal scale 0.25,half-normal scale 0.25,20261005,"76,2,0",100000,AP,A4,sd_err_mm,1.936724757,0.004330669864,,,0.09949615082,0.1989543756
29,published_L0.25,published,0.125,half-normal scale 0.25,half-normal scale 0.25,20261005,"76,2,0",100000,SL,A1,bias_mm,-0.5327153635,0.004757277864,-0.3644546219,0.001109220196,0.0996227017,0.2003400229
29,published_L0.25,published,0.125,half-normal scale 0.25,half-normal scale 0.25,20261005,"76,2,0",100000,SL,A1,rmse_mm,1.595911117,0.004392809295,0.152698682,0.002071304735,0.0996227017,0.2003400229
29,published_L0.25,published,0.125,half-normal scale 0.25,half-normal scale 0.25,20261005,"76,2,0",100000,SL,A1,mae_mm,1.23706407,0.003188439973,0.1200281716,0.001444838862,0.0996227017,0.2003400229
29,published_L0.25,published,0.125,half-normal scale 0.25,half-normal scale 0.25,20261005,"76,2,0",100000,SL,A1,sd_err_mm,1.504383351,0.003363920257,,,0.0996227017,0.2003400229
29,published_L0.25,published,0.125,half-normal scale 0.25,half-normal scale 0.25,20261005,"76,2,0",100000,SL,A2,bias_mm,-0.9177341013,0.004324651351,-0.121484874,0.0003697400653,0.0996227017,0.2003400229
29,published_L0.25,published,0.125,half-normal scale 0.25,half-normal scale 0.25,20261005,"76,2,0",100000,SL,A2,rmse_mm,1.646960263,0.004470333481,0.08273852331,0.0006043414813,0.0996227017,0.2003400229
29,published_L0.25,published,0.125,half-normal scale 0.25,half-normal scale 0.25,20261005,"76,2,0",100000,SL,A2,mae_mm,1.279612723,0.003278841472,0.06657029142,0.0004782588897,0.0996227017,0.2003400229
29,published_L0.25,published,0.125,half-normal scale 0.25,half-normal scale 0.25,20261005,"76,2,0",100000,SL,A2,sd_err_mm,1.367574836,0.003058005587,,,0.0996227017,0.2003400229
29,published_L0.25,published,0.125,half-normal scale 0.25,half-normal scale 0.25,20261005,"76,2,0",100000,SL,A3,bias_mm,0.1675081713,0.004660988524,-0.1609247131,0.0008336279717,0.0996227017,0.2003400229
29,published_L0.25,published,0.125,half-normal scale 0.25,half-normal scale 0.25,20261005,"76,2,0",100000,SL,A3,rmse_mm,1.483414529,0.005109815228,0.003372689721,0.001254518098,0.0996227017,0.2003400229
29,published_L0.25,published,0.125,half-normal scale 0.25,half-normal scale 0.25,20261005,"76,2,0",100000,SL,A3,mae_mm,1.119696499,0.003077024347,0.004946248353,0.0009061682509,0.0996227017,0.2003400229
29,published_L0.25,published,0.125,half-normal scale 0.25,half-normal scale 0.25,20261005,"76,2,0",100000,SL,A3,sd_err_mm,1.473933988,0.003295833071,,,0.0996227017,0.2003400229
29,published_L0.25,published,0.125,half-normal scale 0.25,half-normal scale 0.25,20261005,"76,2,0",100000,SL,A4,bias_mm,0.1032386819,0.004520530567,-0.1830442886,0.001100714155,0.0996227017,0.2003400229
29,published_L0.25,published,0.125,half-normal scale 0.25,half-normal scale 0.25,20261005,"76,2,0",100000,SL,A4,rmse_mm,1.433233216,0.004484243737,0.003175791602,0.001652073974,0.0996227017,0.2003400229
29,published_L0.25,published,0.125,half-normal scale 0.25,half-normal scale 0.25,20261005,"76,2,0",100000,SL,A4,mae_mm,1.095965968,0.00292065845,0.004466793933,0.00107188711,0.0996227017,0.2003400229
29,published_L0.25,published,0.125,half-normal scale 0.25,half-normal scale 0.25,20261005,"76,2,0",100000,SL,A4,sd_err_mm,1.429517283,0.003196513801,,,0.0996227017,0.2003400229
30,published_L0.5,published,0.125,half-normal scale 0.5,half-normal scale 0.5,20261005,"76,2,0",100000,AP,A1,bias_mm,-0.8287523349,0.006431295897,-0.5691519738,0.001686760687,0.09949615082,0.3839471773
30,published_L0.5,published,0.125,half-normal scale 0.5,half-normal scale 0.5,20261005,"76,2,0",100000,AP,A1,rmse_mm,2.196120617,0.006598626739,0.2705836455,0.003297265641,0.09949615082,0.3839471773
30,published_L0.5,published,0.125,half-normal scale 0.5,half-normal scale 0.5,20261005,"76,2,0",100000,AP,A1,mae_mm,1.681020431,0.004468932809,0.2155970688,0.002198669839,0.09949615082,0.3839471773
30,published_L0.5,published,0.125,half-normal scale 0.5,half-normal scale 0.5,20261005,"76,2,0",100000,AP,A1,sd_err_mm,2.033754334,0.004547635679,,,0.09949615082,0.3839471773
30,published_L0.5,published,0.125,half-normal scale 0.5,half-normal scale 0.5,20261005,"76,2,0",100000,AP,A2,bias_mm,-2.791220217,0.007617340734,-1.546512777,0.003185027712,0.09949615082,0.3839471773
30,published_L0.5,published,0.125,half-normal scale 0.5,half-normal scale 0.5,20261005,"76,2,0",100000,AP,A2,rmse_mm,3.686901174,0.009662490754,1.477509613,0.004976737824,0.09949615082,0.3839471773
30,published_L0.5,published,0.125,half-normal scale 0.5,half-normal scale 0.5,20261005,"76,2,0",100000,AP,A2,mae_mm,2.944965883,0.007014602925,1.240044183,0.00399840607,0.09949615082,0.3839471773
30,published_L0.5,published,0.125,half-normal scale 0.5,half-normal scale 0.5,20261005,"76,2,0",100000,AP,A2,sd_err_mm,2.408814643,0.005386300219,,,0.09949615082,0.3839471773
30,published_L0.5,published,0.125,half-normal scale 0.5,half-normal scale 0.5,20261005,"76,2,0",100000,AP,A3,bias_mm,-0.2505769455,0.006442701626,-0.6429264864,0.001974577649,0.09949615082,0.3839471773
30,published_L0.5,published,0.125,half-normal scale 0.5,half-normal scale 0.5,20261005,"76,2,0",100000,AP,A3,rmse_mm,2.052702541,0.007022633766,0.0523389911,0.00386695948,0.09949615082,0.3839471773
30,published_L0.5,published,0.125,half-normal scale 0.5,half-normal scale 0.5,20261005,"76,2,0",100000,AP,A3,mae_mm,1.542129834,0.004284205469,0.06742639524,0.00253650344,0.09949615082,0.3839471773
30,published_L0.5,published,0.125,half-normal scale 0.5,half-normal scale 0.5,20261005,"76,2,0",100000,AP,A3,sd_err_mm,2.037361142,0.004555700787,,,0.09949615082,0.3839471773
30,published_L0.5,published,0.125,half-normal scale 0.5,half-normal scale 0.5,20261005,"76,2,0",100000,AP,A4,bias_mm,-0.351657677,0.006281699287,-0.6329328392,0.002035386021,0.09949615082,0.3839471773
30,published_L0.5,published,0.125,half-normal scale 0.5,half-normal scale 0.5,20261005,"76,2,0",100000,AP,A4,rmse_mm,2.017324529,0.006538587977,0.1154991401,0.003767846673,0.09949615082,0.3839471773
30,published_L0.5,published,0.125,half-normal scale 0.5,half-normal scale 0.5,20261005,"76,2,0",100000,AP,A4,mae_mm,1.52574134,0.004173402732,0.1005325272,0.002524076456,0.09949615082,0.3839471773
30,published_L0.5,published,0.125,half-normal scale 0.5,half-normal scale 0.5,20261005,"76,2,0",100000,AP,A4,sd_err_mm,1.986447732,0.004441854373,,,0.09949615082,0.3839471773
30,published_L0.5,published,0.125,half-normal scale 0.5,half-normal scale 0.5,20261005,"76,2,0",100000,SL,A1,bias_mm,-0.5327153635,0.004757277864,-0.3644546219,0.001109220196,0.0996227017,0.3862897449
30,published_L0.5,published,0.125,half-normal scale 0.5,half-normal scale 0.5,20261005,"76,2,0",100000,SL,A1,rmse_mm,1.595911117,0.004392809295,0.152698682,0.002071304735,0.0996227017,0.3862897449
30,published_L0.5,published,0.125,half-normal scale 0.5,half-normal scale 0.5,20261005,"76,2,0",100000,SL,A1,mae_mm,1.23706407,0.003188439973,0.1200281716,0.001444838862,0.0996227017,0.3862897449
30,published_L0.5,published,0.125,half-normal scale 0.5,half-normal scale 0.5,20261005,"76,2,0",100000,SL,A1,sd_err_mm,1.504383351,0.003363920257,,,0.0996227017,0.3862897449
30,published_L0.5,published,0.125,half-normal scale 0.5,half-normal scale 0.5,20261005,"76,2,0",100000,SL,A2,bias_mm,-1.788334017,0.00538037378,-0.9920847901,0.002104571559,0.0996227017,0.3862897449
30,published_L0.5,published,0.125,half-normal scale 0.5,half-normal scale 0.5,20261005,"76,2,0",100000,SL,A2,rmse_mm,2.46839053,0.006505892689,0.9041687903,0.003408891024,0.0996227017,0.3862897449
30,published_L0.5,published,0.125,half-normal scale 0.5,half-normal scale 0.5,20261005,"76,2,0",100000,SL,A2,mae_mm,1.950798611,0.004782634698,0.7377561793,0.002749406676,0.0996227017,0.3862897449
30,published_L0.5,published,0.125,half-normal scale 0.5,half-normal scale 0.5,20261005,"76,2,0",100000,SL,A2,sd_err_mm,1.701423581,0.003804517808,,,0.0996227017,0.3862897449
30,published_L0.5,published,0.125,half-normal scale 0.5,half-normal scale 0.5,20261005,"76,2,0",100000,SL,A3,bias_mm,-0.1051593246,0.004732247776,-0.433592209,0.001334940375,0.0996227017,0.3862897449
30,published_L0.5,published,0.125,half-normal scale 0.5,half-normal scale 0.5,20261005,"76,2,0",100000,SL,A3,rmse_mm,1.500150989,0.004775660063,0.02010915026,0.002533705301,0.0996227017,0.3862897449
30,published_L0.5,published,0.125,half-normal scale 0.5,half-normal scale 0.5,20261005,"76,2,0",100000,SL,A3,mae_mm,1.144169116,0.003068125548,0.02941886577,0.001726055602,0.0996227017,0.3862897449
30,published_L0.5,published,0.125,half-normal scale 0.5,half-normal scale 0.5,20261005,"76,2,0",100000,SL,A3,sd_err_mm,1.496468143,0.003346221224,,,0.0996227017,0.3862897449
30,published_L0.5,published,0.125,half-normal scale 0.5,half-normal scale 0.5,20261005,"76,2,0",100000,SL,A4,bias_mm,-0.1448092532,0.004641357009,-0.4310922237,0.001403555069,0.0996227017,0.3862897449
30,published_L0.5,published,0.125,half-normal scale 0.5,half-normal scale 0.5,20261005,"76,2,0",100000,SL,A4,rmse_mm,1.474844964,0.004413216115,0.0447875392,0.002494389015,0.0996227017,0.3862897449
30,published_L0.5,published,0.125,half-normal scale 0.5,half-normal scale 0.5,20261005,"76,2,0",100000,SL,A4,mae_mm,1.132687835,0.0029869631,0.04118866106,0.001739905502,0.0996227017,0.3862897449
30,published_L0.5,published,0.125,half-normal scale 0.5,half-normal scale 0.5,20261005,"76,2,0",100000,SL,A4,sd_err_mm,1.467725958,0.003281951425,,,0.0996227017,0.3862897449
31,lib_biplane_inflow,library_match,0.125,half-normal scale 0.2835,half-normal scale 0.2835,20261005,"76,2,0",100000,AP,A1,bias_mm,-0.8287523349,0.006431295897,-0.5691519738,0.001686760687,0.09949615082,0.225513562
31,lib_biplane_inflow,library_match,0.125,half-normal scale 0.2835,half-normal scale 0.2835,20261005,"76,2,0",100000,AP,A1,rmse_mm,2.196120617,0.006598626739,0.2705836455,0.003297265641,0.09949615082,0.225513562
31,lib_biplane_inflow,library_match,0.125,half-normal scale 0.2835,half-normal scale 0.2835,20261005,"76,2,0",100000,AP,A1,mae_mm,1.681020431,0.004468932809,0.2155970688,0.002198669839,0.09949615082,0.225513562
31,lib_biplane_inflow,library_match,0.125,half-normal scale 0.2835,half-normal scale 0.2835,20261005,"76,2,0",100000,AP,A1,sd_err_mm,2.033754334,0.004547635679,,,0.09949615082,0.225513562
31,lib_biplane_inflow,library_match,0.125,half-normal scale 0.2835,half-normal scale 0.2835,20261005,"76,2,0",100000,AP,A2,bias_mm,-1.62939883,0.00611890878,-0.3846913895,0.000838673086,0.09949615082,0.225513562
31,lib_biplane_inflow,library_match,0.125,half-normal scale 0.2835,half-normal scale 0.2835,20261005,"76,2,0",100000,AP,A2,rmse_mm,2.529625975,0.007175819627,0.320234414,0.001478320312,0.09949615082,0.225513562
31,lib_biplane_inflow,library_match,0.125,half-normal scale 0.2835,half-normal scale 0.2835,20261005,"76,2,0",100000,AP,A2,mae_mm,1.965307462,0.005036466538,0.2603857623,0.001189349063,0.09949615082,0.225513562
31,lib_biplane_inflow,library_match,0.125,half-normal scale 0.2835,half-normal scale 0.2835,20261005,"76,2,0",100000,AP,A2,sd_err_mm,1.934968854,0.004326743525,,,0.09949615082,0.225513562
31,lib_biplane_inflow,library_match,0.125,half-normal scale 0.2835,half-normal scale 0.2835,20261005,"76,2,0",100000,AP,A3,bias_mm,0.05846984031,0.006387711425,-0.3338797006,0.001262028704,0.09949615082,0.225513562
31,lib_biplane_inflow,library_match,0.125,half-normal scale 0.2835,half-normal scale 0.2835,20261005,"76,2,0",100000,AP,A3,rmse_mm,2.020807671,0.007434004901,0.02044412157,0.002172195861,0.09949615082,0.225513562
31,lib_biplane_inflow,library_match,0.125,half-normal scale 0.2835,half-normal scale 0.2835,20261005,"76,2,0",100000,AP,A3,mae_mm,1.502181848,0.004274496008,0.02747840889,0.001523611517,0.09949615082,0.225513562
31,lib_biplane_inflow,library_match,0.125,half-normal scale 0.2835,half-normal scale 0.2835,20261005,"76,2,0",100000,AP,A3,sd_err_mm,2.019971714,0.004516816649,,,0.09949615082,0.225513562
31,lib_biplane_inflow,library_match,0.125,half-normal scale 0.2835,half-normal scale 0.2835,20261005,"76,2,0",100000,AP,A4,bias_mm,-0.09309387902,0.006156649504,-0.3743690412,0.001604882593,0.09949615082,0.225513562
31,lib_biplane_inflow,library_match,0.125,half-normal scale 0.2835,half-normal scale 0.2835,20261005,"76,2,0",100000,AP,A4,rmse_mm,1.949118231,0.006596671062,0.04729284177,0.00266261744,0.09949615082,0.225513562
31,lib_biplane_inflow,library_match,0.125,half-normal scale 0.2835,half-normal scale 0.2835,20261005,"76,2,0",100000,AP,A4,mae_mm,1.466931375,0.004058559707,0.0417225625,0.001751365761,0.09949615082,0.225513562
31,lib_biplane_inflow,library_match,0.125,half-normal scale 0.2835,half-normal scale 0.2835,20261005,"76,2,0",100000,AP,A4,sd_err_mm,1.946903519,0.004353430381,,,0.09949615082,0.225513562
31,lib_biplane_inflow,library_match,0.125,half-normal scale 0.2835,half-normal scale 0.2835,20261005,"76,2,0",100000,SL,A1,bias_mm,-0.5327153635,0.004757277864,-0.3644546219,0.001109220196,0.0996227017,0.2270816124
31,lib_biplane_inflow,library_match,0.125,half-normal scale 0.2835,half-normal scale 0.2835,20261005,"76,2,0",100000,SL,A1,rmse_mm,1.595911117,0.004392809295,0.152698682,0.002071304735,0.0996227017,0.2270816124
31,lib_biplane_inflow,library_match,0.125,half-normal scale 0.2835,half-normal scale 0.2835,20261005,"76,2,0",100000,SL,A1,mae_mm,1.23706407,0.003188439973,0.1200281716,0.001444838862,0.0996227017,0.2270816124
31,lib_biplane_inflow,library_match,0.125,half-normal scale 0.2835,half-normal scale 0.2835,20261005,"76,2,0",100000,SL,A1,sd_err_mm,1.504383351,0.003363920257,,,0.0996227017,0.2270816124
31,lib_biplane_inflow,library_match,0.125,half-normal scale 0.2835,half-normal scale 0.2835,20261005,"76,2,0",100000,SL,A2,bias_mm,-1.042791307,0.004461418943,-0.24654208,0.0005530243123,0.0996227017,0.2270816124
31,lib_biplane_inflow,library_match,0.125,half-normal scale 0.2835,half-normal scale 0.2835,20261005,"76,2,0",100000,SL,A2,rmse_mm,1.754371598,0.004790218031,0.190149858,0.001000171489,0.0996227017,0.2270816124
31,lib_biplane_inflow,library_match,0.125,half-normal scale 0.2835,half-normal scale 0.2835,20261005,"76,2,0",100000,SL,A2,mae_mm,1.363562862,0.003490742344,0.1505204306,0.0008052966702,0.0996227017,0.2270816124
31,lib_biplane_inflow,library_match,0.125,half-normal scale 0.2835,half-normal scale 0.2835,20261005,"76,2,0",100000,SL,A2,sd_err_mm,1.410824545,0.003154715362,,,0.0996227017,0.2270816124
31,lib_biplane_inflow,library_match,0.125,half-normal scale 0.2835,half-normal scale 0.2835,20261005,"76,2,0",100000,SL,A3,bias_mm,0.113995942,0.004676311018,-0.2144369424,0.0008171067158,0.0996227017,0.2270816124
31,lib_biplane_inflow,library_match,0.125,half-normal scale 0.2835,half-normal scale 0.2835,20261005,"76,2,0",100000,SL,A3,rmse_mm,1.483159358,0.005034334797,0.003117518777,0.001384201353,0.0996227017,0.2270816124
31,lib_biplane_inflow,library_match,0.125,half-normal scale 0.2835,half-normal scale 0.2835,20261005,"76,2,0",100000,SL,A3,mae_mm,1.121761861,0.003068259153,0.007011610315,0.0009893828226,0.0996227017,0.2270816124
31,lib_biplane_inflow,library_match,0.125,half-normal scale 0.2835,half-normal scale 0.2835,20261005,"76,2,0",100000,SL,A3,sd_err_mm,1.478779387,0.003306667765,,,0.0996227017,0.2270816124
31,lib_biplane_inflow,library_match,0.125,half-normal scale 0.2835,half-normal scale 0.2835,20261005,"76,2,0",100000,SL,A4,bias_mm,0.05460092041,0.004544018347,-0.2316820501,0.001048269204,0.0996227017,0.2270816124
31,lib_biplane_inflow,library_match,0.125,half-normal scale 0.2835,half-normal scale 0.2835,20261005,"76,2,0",100000,SL,A4,rmse_mm,1.437974578,0.004456317647,0.007917153233,0.001696289689,0.0996227017,0.2270816124
31,lib_biplane_inflow,library_match,0.125,half-normal scale 0.2835,half-normal scale 0.2835,20261005,"76,2,0",100000,SL,A4,mae_mm,1.100524403,0.002926816512,0.009025229014,0.001119173213,0.0996227017,0.2270816124
31,lib_biplane_inflow,library_match,0.125,half-normal scale 0.2835,half-normal scale 0.2835,20261005,"76,2,0",100000,SL,A4,sd_err_mm,1.43694477,0.003213122252,,,0.0996227017,0.2270816124
32,lib_biplane_mean_three_views,library_match,0.125,half-normal scale 0.3299,half-normal scale 0.3299,20261005,"76,2,0",100000,AP,A1,bias_mm,-0.8287523349,0.006431295897,-0.5691519738,0.001686760687,0.09949615082,0.2619219578
32,lib_biplane_mean_three_views,library_match,0.125,half-normal scale 0.3299,half-normal scale 0.3299,20261005,"76,2,0",100000,AP,A1,rmse_mm,2.196120617,0.006598626739,0.2705836455,0.003297265641,0.09949615082,0.2619219578
32,lib_biplane_mean_three_views,library_match,0.125,half-normal scale 0.3299,half-normal scale 0.3299,20261005,"76,2,0",100000,AP,A1,mae_mm,1.681020431,0.004468932809,0.2155970688,0.002198669839,0.09949615082,0.2619219578
32,lib_biplane_mean_three_views,library_match,0.125,half-normal scale 0.3299,half-normal scale 0.3299,20261005,"76,2,0",100000,AP,A1,sd_err_mm,2.033754334,0.004547635679,,,0.09949615082,0.2619219578
32,lib_biplane_mean_three_views,library_match,0.125,half-normal scale 0.3299,half-normal scale 0.3299,20261005,"76,2,0",100000,AP,A2,bias_mm,-1.896631725,0.006462588089,-0.6519242842,0.001375340753,0.09949615082,0.2619219578
32,lib_biplane_mean_three_views,library_match,0.125,half-normal scale 0.3299,half-normal scale 0.3299,20261005,"76,2,0",100000,AP,A2,rmse_mm,2.788131025,0.007861121328,0.5787394648,0.002408706238,0.09949615082,0.2619219578
32,lib_biplane_mean_three_views,library_match,0.125,half-normal scale 0.3299,half-normal scale 0.3299,20261005,"76,2,0",100000,AP,A2,mae_mm,2.175202205,0.005515614565,0.4702805061,0.001901633514,0.09949615082,0.2619219578
32,lib_biplane_mean_three_views,library_match,0.125,half-normal scale 0.3299,half-normal scale 0.3299,20261005,"76,2,0",100000,AP,A2,sd_err_mm,2.043649794,0.004569762711,,,0.09949615082,0.2619219578
32,lib_biplane_mean_three_views,library_match,0.125,half-normal scale 0.3299,half-normal scale 0.3299,20261005,"76,2,0",100000,AP,A3,bias_mm,-0.03054709474,0.006403641853,-0.4228966356,0.001344479956,0.09949615082,0.2619219578
32,lib_biplane_mean_three_views,library_match,0.125,half-normal scale 0.3299,half-normal scale 0.3299,20261005,"76,2,0",100000,AP,A3,rmse_mm,2.025229621,0.007296097491,0.02486607087,0.0025387593,0.09949615082,0.2619219578
32,lib_biplane_mean_three_views,library_match,0.125,half-normal scale 0.3299,half-normal scale 0.3299,20261005,"76,2,0",100000,AP,A3,mae_mm,1.510598612,0.004265753211,0.03589517321,0.001759034537,0.09949615082,0.2619219578
32,lib_biplane_mean_three_views,library_match,0.125,half-normal scale 0.3299,half-normal scale 0.3299,20261005,"76,2,0",100000,AP,A3,sd_err_mm,2.025009357,0.004528081219,,,0.09949615082,0.2619219578
32,lib_biplane_mean_three_views,library_match,0.125,half-normal scale 0.3299,half-normal scale 0.3299,20261005,"76,2,0",100000,AP,A4,bias_mm,-0.1682912539,0.006193036101,-0.4495664161,0.001615468277,0.09949615082,0.2619219578
32,lib_biplane_mean_three_views,library_match,0.125,half-normal scale 0.3299,half-normal scale 0.3299,20261005,"76,2,0",100000,AP,A4,rmse_mm,1.965617767,0.006562090534,0.06379237834,0.002885380819,0.09949615082,0.2619219578
32,lib_biplane_mean_three_views,library_match,0.125,half-normal scale 0.3299,half-normal scale 0.3299,20261005,"76,2,0",100000,AP,A4,mae_mm,1.48174511,0.004084239607,0.05653629721,0.001920955832,0.09949615082,0.2619219578
32,lib_biplane_mean_three_views,library_match,0.125,half-normal scale 0.3299,half-normal scale 0.3299,20261005,"76,2,0",100000,AP,A4,sd_err_mm,1.958409971,0.004379159719,,,0.09949615082,0.2619219578
32,lib_biplane_mean_three_views,library_match,0.125,half-normal scale 0.3299,half-normal scale 0.3299,20261005,"76,2,0",100000,SL,A1,bias_mm,-0.5327153635,0.004757277864,-0.3644546219,0.001109220196,0.0996227017,0.2637028878
32,lib_biplane_mean_three_views,library_match,0.125,half-normal scale 0.3299,half-normal scale 0.3299,20261005,"76,2,0",100000,SL,A1,rmse_mm,1.595911117,0.004392809295,0.152698682,0.002071304735,0.0996227017,0.2637028878
32,lib_biplane_mean_three_views,library_match,0.125,half-normal scale 0.3299,half-normal scale 0.3299,20261005,"76,2,0",100000,SL,A1,mae_mm,1.23706407,0.003188439973,0.1200281716,0.001444838862,0.0996227017,0.2637028878
32,lib_biplane_mean_three_views,library_match,0.125,half-normal scale 0.3299,half-normal scale 0.3299,20261005,"76,2,0",100000,SL,A1,sd_err_mm,1.504383351,0.003363920257,,,0.0996227017,0.2637028878
32,lib_biplane_mean_three_views,library_match,0.125,half-normal scale 0.3299,half-normal scale 0.3299,20261005,"76,2,0",100000,SL,A2,bias_mm,-1.214163118,0.004666850477,-0.4179138908,0.0009052739905,0.0996227017,0.2637028878
32,lib_biplane_mean_three_views,library_match,0.125,half-normal scale 0.3299,half-normal scale 0.3299,20261005,"76,2,0",100000,SL,A2,rmse_mm,1.911051971,0.005234182643,0.3468302309,0.001622459383,0.0996227017,0.2637028878
32,lib_biplane_mean_three_views,library_match,0.125,half-normal scale 0.3299,half-normal scale 0.3299,20261005,"76,2,0",100000,SL,A2,mae_mm,1.487440539,0.003794278158,0.2743981081,0.001294085059,0.0996227017,0.2637028878
32,lib_biplane_mean_three_views,library_match,0.125,half-normal scale 0.3299,half-normal scale 0.3299,20261005,"76,2,0",100000,SL,A2,sd_err_mm,1.475787701,0.003299978119,,,0.0996227017,0.2637028878
32,lib_biplane_mean_three_views,library_match,0.125,half-normal scale 0.3299,half-normal scale 0.3299,20261005,"76,2,0",100000,SL,A3,bias_mm,0.05116200873,0.004693738631,-0.2772708757,0.0008822133381,0.0996227017,0.2637028878
32,lib_biplane_mean_three_views,library_match,0.125,half-normal scale 0.3299,half-normal scale 0.3299,20261005,"76,2,0",100000,SL,A3,rmse_mm,1.485164554,0.00495070867,0.005122715278,0.001647525978,0.0996227017,0.2637028878
32,lib_biplane_mean_three_views,library_match,0.125,half-normal scale 0.3299,half-normal scale 0.3299,20261005,"76,2,0",100000,SL,A3,mae_mm,1.126022267,0.003062347117,0.01127201623,0.001161436847,0.0996227017,0.2637028878
32,lib_biplane_mean_three_views,library_match,0.125,half-normal scale 0.3299,half-normal scale 0.3299,20261005,"76,2,0",100000,SL,A3,sd_err_mm,1.484290482,0.00331899101,,,0.0996227017,0.2637028878
32,lib_biplane_mean_three_views,library_match,0.125,half-normal scale 0.3299,half-normal scale 0.3299,20261005,"76,2,0",100000,SL,A4,bias_mm,-0.002813233895,0.004574941127,-0.2890962044,0.001077324776,0.0996227017,0.2637028878
32,lib_biplane_mean_three_views,library_match,0.125,half-normal scale 0.3299,half-normal scale 0.3299,20261005,"76,2,0",100000,SL,A4,rmse_mm,1.446718914,0.004440511945,0.01666148943,0.001884243695,0.0996227017,0.2637028878
32,lib_biplane_mean_three_views,library_match,0.125,half-normal scale 0.3299,half-normal scale 0.3299,20261005,"76,2,0",100000,SL,A4,mae_mm,1.108183206,0.002940976446,0.01668403212,0.00125917114,0.0996227017,0.2637028878
32,lib_biplane_mean_three_views,library_match,0.125,half-normal scale 0.3299,half-normal scale 0.3299,20261005,"76,2,0",100000,SL,A4,sd_err_mm,1.446723412,0.003234988069,,,0.0996227017,0.2637028878
33,lib_biplane_mBC,library_match,0.125,half-normal scale 0.3580,half-normal scale 0.3580,20261005,"76,2,0",100000,AP,A1,bias_mm,-0.8287523349,0.006431295897,-0.5691519738,0.001686760687,0.09949615082,0.2835705884
33,lib_biplane_mBC,library_match,0.125,half-normal scale 0.3580,half-normal scale 0.3580,20261005,"76,2,0",100000,AP,A1,rmse_mm,2.196120617,0.006598626739,0.2705836455,0.003297265641,0.09949615082,0.2835705884
33,lib_biplane_mBC,library_match,0.125,half-normal scale 0.3580,half-normal scale 0.3580,20261005,"76,2,0",100000,AP,A1,mae_mm,1.681020431,0.004468932809,0.2155970688,0.002198669839,0.09949615082,0.2835705884
33,lib_biplane_mBC,library_match,0.125,half-normal scale 0.3580,half-normal scale 0.3580,20261005,"76,2,0",100000,AP,A1,sd_err_mm,2.033754334,0.004547635679,,,0.09949615082,0.2835705884
33,lib_biplane_mBC,library_match,0.125,half-normal scale 0.3580,half-normal scale 0.3580,20261005,"76,2,0",100000,AP,A2,bias_mm,-2.05554159,0.00667438807,-0.8108341496,0.001711370607,0.09949615082,0.2835705884
33,lib_biplane_mBC,library_match,0.125,half-normal scale 0.3580,half-normal scale 0.3580,20261005,"76,2,0",100000,AP,A2,rmse_mm,2.946175876,0.008251618432,0.7367843152,0.002948368718,0.09949615082,0.2835705884
33,lib_biplane_mBC,library_match,0.125,half-normal scale 0.3580,half-normal scale 0.3580,20261005,"76,2,0",100000,AP,A2,mae_mm,2.305526834,0.005800458563,0.6006051349,0.002314048882,0.09949615082,0.2835705884
33,lib_biplane_mBC,library_match,0.125,half-normal scale 0.3580,half-normal scale 0.3580,20261005,"76,2,0",100000,AP,A2,sd_err_mm,2.110626829,0.004719528662,,,0.09949615082,0.2835705884
33,lib_biplane_mBC,library_match,0.125,half-normal scale 0.3580,half-normal scale 0.3580,20261005,"76,2,0",100000,AP,A3,bias_mm,-0.07699277089,0.006412352322,-0.4693423118,0.001435777574,0.09949615082,0.2835705884
33,lib_biplane_mBC,library_match,0.125,half-normal scale 0.3580,half-normal scale 0.3580,20261005,"76,2,0",100000,AP,A3,rmse_mm,2.029214873,0.007230810994,0.02885132283,0.002784710696,0.09949615082,0.2835705884
33,lib_biplane_mBC,library_match,0.125,half-normal scale 0.3580,half-normal scale 0.3580,20261005,"76,2,0",100000,AP,A3,mae_mm,1.515988395,0.00426557192,0.0412849562,0.001909428688,0.09949615082,0.2835705884
33,lib_biplane_mBC,library_match,0.125,half-normal scale 0.3580,half-normal scale 0.3580,20261005,"76,2,0",100000,AP,A3,sd_err_mm,2.02776385,0.004534240482,,,0.09949615082,0.2835705884
33,lib_biplane_mBC,library_match,0.125,half-normal scale 0.3580,half-normal scale 0.3580,20261005,"76,2,0",100000,AP,A4,bias_mm,-0.2070758938,0.006210285184,-0.488351056,0.001665631828,0.09949615082,0.2835705884
33,lib_biplane_mBC,library_match,0.125,half-normal scale 0.3580,half-normal scale 0.3580,20261005,"76,2,0",100000,AP,A4,rmse_mm,1.974742025,0.00654689734,0.07291663586,0.003047323448,0.09949615082,0.2835705884
33,lib_biplane_mBC,library_match,0.125,half-normal scale 0.3580,half-normal scale 0.3580,20261005,"76,2,0",100000,AP,A4,mae_mm,1.48985668,0.004098719237,0.0646478668,0.002035288607,0.09949615082,0.2835705884
33,lib_biplane_mBC,library_match,0.125,half-normal scale 0.3580,half-normal scale 0.3580,20261005,"76,2,0",100000,AP,A4,sd_err_mm,1.96386461,0.004391356724,,,0.09949615082,0.2835705884
33,lib_biplane_mBC,library_match,0.125,half-normal scale 0.3580,half-normal scale 0.3580,20261005,"76,2,0",100000,SL,A1,bias_mm,-0.5327153635,0.004757277864,-0.3644546219,0.001109220196,0.0996227017,0.2854722795
33,lib_biplane_mBC,library_match,0.125,half-normal scale 0.3580,half-normal scale 0.3580,20261005,"76,2,0",100000,SL,A1,rmse_mm,1.595911117,0.004392809295,0.152698682,0.002071304735,0.0996227017,0.2854722795
33,lib_biplane_mBC,library_match,0.125,half-normal scale 0.3580,half-normal scale 0.3580,20261005,"76,2,0",100000,SL,A1,mae_mm,1.23706407,0.003188439973,0.1200281716,0.001444838862,0.0996227017,0.2854722795
33,lib_biplane_mBC,library_match,0.125,half-normal scale 0.3580,half-normal scale 0.3580,20261005,"76,2,0",100000,SL,A1,sd_err_mm,1.504383351,0.003363920257,,,0.0996227017,0.2854722795
33,lib_biplane_mBC,library_match,0.125,half-normal scale 0.3580,half-normal scale 0.3580,20261005,"76,2,0",100000,SL,A2,bias_mm,-1.316078727,0.004794529532,-0.5198294993,0.001125817103,0.0996227017,0.2854722795
33,lib_biplane_mBC,library_match,0.125,half-normal scale 0.3580,half-normal scale 0.3580,20261005,"76,2,0",100000,SL,A2,rmse_mm,2.007683135,0.005490390592,0.4434613948,0.001982343965,0.0996227017,0.2854722795
33,lib_biplane_mBC,library_match,0.125,half-normal scale 0.3580,half-normal scale 0.3580,20261005,"76,2,0",100000,SL,A2,mae_mm,1.564979706,0.003976991208,0.3519372747,0.001577456735,0.0996227017,0.2854722795
33,lib_biplane_mBC,library_match,0.125,half-normal scale 0.3580,half-normal scale 0.3580,20261005,"76,2,0",100000,SL,A2,sd_err_mm,1.516163363,0.003390261296,,,0.0996227017,0.2854722795
33,lib_biplane_mBC,library_match,0.125,half-normal scale 0.3580,half-normal scale 0.3580,20261005,"76,2,0",100000,SL,A3,bias_mm,0.01828442282,0.004702498225,-0.3101484616,0.0009491521453,0.0996227017,0.2854722795
33,lib_biplane_mBC,library_match,0.125,half-normal scale 0.3580,half-normal scale 0.3580,20261005,"76,2,0",100000,SL,A3,rmse_mm,1.487165479,0.004909696577,0.007123640048,0.001814273172,0.0996227017,0.2854722795
33,lib_biplane_mBC,library_match,0.125,half-normal scale 0.3580,half-normal scale 0.3580,20261005,"76,2,0",100000,SL,A3,mae_mm,1.129048422,0.003060915209,0.01429817207,0.001270360322,0.0996227017,0.2854722795
33,lib_biplane_mBC,library_match,0.125,half-normal scale 0.3580,half-normal scale 0.3580,20261005,"76,2,0",100000,SL,A3,sd_err_mm,1.487060508,0.00332518501,,,0.0996227017,0.2854722795
33,lib_biplane_mBC,library_match,0.125,half-normal scale 0.3580,half-normal scale 0.3580,20261005,"76,2,0",100000,SL,A4,bias_mm,-0.03198531976,0.004589051842,-0.3182682902,0.001114602551,0.0996227017,0.2854722795
33,lib_biplane_mBC,library_match,0.125,half-normal scale 0.3580,half-normal scale 0.3580,20261005,"76,2,0",100000,SL,A4,rmse_mm,1.451530806,0.004425059857,0.02147338205,0.001979491757,0.0996227017,0.2854722795
33,lib_biplane_mBC,library_match,0.125,half-normal scale 0.3580,half-normal scale 0.3580,20261005,"76,2,0",100000,SL,A4,mae_mm,1.112714974,0.002947568078,0.02121579937,0.001345492849,0.0996227017,0.2854722795
33,lib_biplane_mBC,library_match,0.125,half-normal scale 0.3580,half-normal scale 0.3580,20261005,"76,2,0",100000,SL,A4,sd_err_mm,1.451185612,0.003244965901,,,0.0996227017,0.2854722795
34,geom_ind15_r1_halfnormal,geometric_match,0.125,half-normal scale 0.3699,half-normal scale 0.0301,20261005,"76,2,0",100000,AP,A1,bias_mm,-0.8287523349,0.006431295897,-0.5691519738,0.001686760687,0.09949615082,0.2926205573
34,geom_ind15_r1_halfnormal,geometric_match,0.125,half-normal scale 0.3699,half-normal scale 0.0301,20261005,"76,2,0",100000,AP,A1,rmse_mm,2.196120617,0.006598626739,0.2705836455,0.003297265641,0.09949615082,0.2926205573
34,geom_ind15_r1_halfnormal,geometric_match,0.125,half-normal scale 0.3699,half-normal scale 0.0301,20261005,"76,2,0",100000,AP,A1,mae_mm,1.681020431,0.004468932809,0.2155970688,0.002198669839,0.09949615082,0.2926205573
34,geom_ind15_r1_halfnormal,geometric_match,0.125,half-normal scale 0.3699,half-normal scale 0.0301,20261005,"76,2,0",100000,AP,A1,sd_err_mm,2.033754334,0.004547635679,,,0.09949615082,0.2926205573
34,geom_ind15_r1_halfnormal,geometric_match,0.125,half-normal scale 0.3699,half-normal scale 0.0301,20261005,"76,2,0",100000,AP,A2,bias_mm,-2.121946192,0.00676336248,-0.8772387515,0.001851745117,0.09949615082,0.2926205573
34,geom_ind15_r1_halfnormal,geometric_match,0.125,half-normal scale 0.3699,half-normal scale 0.0301,20261005,"76,2,0",100000,AP,A2,rmse_mm,3.012792244,0.00840926563,0.8034006829,0.003167298915,0.09949615082,0.2926205573
34,geom_ind15_r1_halfnormal,geometric_match,0.125,half-normal scale 0.3699,half-normal scale 0.0301,20261005,"76,2,0",100000,AP,A2,mae_mm,2.361044222,0.005918126653,0.6561225229,0.002481633754,0.09949615082,0.2926205573
34,geom_ind15_r1_halfnormal,geometric_match,0.125,half-normal scale 0.3699,half-normal scale 0.0301,20261005,"76,2,0",100000,AP,A2,sd_err_mm,2.138763008,0.004782443386,,,0.09949615082,0.2926205573
34,geom_ind15_r1_halfnormal,geometric_match,0.125,half-normal scale 0.3699,half-normal scale 0.0301,20261005,"76,2,0",100000,AP,A3,bias_mm,-0.09522541212,0.006415899172,-0.487574953,0.001479639124,0.09949615082,0.2926205573
34,geom_ind15_r1_halfnormal,geometric_match,0.125,half-normal scale 0.3699,half-normal scale 0.0301,20261005,"76,2,0",100000,AP,A3,rmse_mm,2.031108794,0.007206171734,0.03074524448,0.002888349501,0.09949615082,0.2926205573
34,geom_ind15_r1_halfnormal,geometric_match,0.125,half-normal scale 0.3699,half-normal scale 0.0301,20261005,"76,2,0",100000,AP,A3,mae_mm,1.518285673,0.004266415066,0.04358223395,0.001971873568,0.09949615082,0.2926205573
34,geom_ind15_r1_halfnormal,geometric_match,0.125,half-normal scale 0.3699,half-normal scale 0.0301,20261005,"76,2,0",100000,AP,A3,sd_err_mm,2.028885462,0.004536748496,,,0.09949615082,0.2926205573
34,geom_ind15_r1_halfnormal,geometric_match,0.125,half-normal scale 0.3699,half-normal scale 0.0301,20261005,"76,2,0",100000,AP,A4,bias_mm,-0.2224287346,0.006219571645,-0.5037038968,0.001695981359,0.09949615082,0.2926205573
34,geom_ind15_r1_halfnormal,geometric_match,0.125,half-normal scale 0.3699,half-normal scale 0.0301,20261005,"76,2,0",100000,AP,A4,rmse_mm,1.979328928,0.006545991007,0.07750353861,0.003123097602,0.09949615082,0.2926205573
34,geom_ind15_r1_halfnormal,geometric_match,0.125,half-normal scale 0.3699,half-normal scale 0.0301,20261005,"76,2,0",100000,AP,A4,mae_mm,1.493509682,0.004107540268,0.06830086926,0.002085636674,0.09949615082,0.2926205573
34,geom_ind15_r1_halfnormal,geometric_match,0.125,half-normal scale 0.3699,half-normal scale 0.0301,20261005,"76,2,0",100000,AP,A4,sd_err_mm,1.966801247,0.004397923276,,,0.09949615082,0.2926205573
34,geom_ind15_r1_halfnormal,geometric_match,0.125,half-normal scale 0.3699,half-normal scale 0.0301,20261005,"76,2,0",100000,SL,A1,bias_mm,-0.5327153635,0.004757277864,-0.3644546219,0.001109220196,0.0996227017,0.02409188758
34,geom_ind15_r1_halfnormal,geometric_match,0.125,half-normal scale 0.3699,half-normal scale 0.0301,20261005,"76,2,0",100000,SL,A1,rmse_mm,1.595911117,0.004392809295,0.152698682,0.002071304735,0.0996227017,0.02409188758
34,geom_ind15_r1_halfnormal,geometric_match,0.125,half-normal scale 0.3699,half-normal scale 0.0301,20261005,"76,2,0",100000,SL,A1,mae_mm,1.23706407,0.003188439973,0.1200281716,0.001444838862,0.0996227017,0.02409188758
34,geom_ind15_r1_halfnormal,geometric_match,0.125,half-normal scale 0.3699,half-normal scale 0.0301,20261005,"76,2,0",100000,SL,A1,sd_err_mm,1.504383351,0.003363920257,,,0.0996227017,0.02409188758
34,geom_ind15_r1_halfnormal,geometric_match,0.125,half-normal scale 0.3699,half-normal scale 0.0301,20261005,"76,2,0",100000,SL,A2,bias_mm,-0.09351278132,0.003902470578,0.702736446,0.001887970993,0.0996227017,0.02409188758
34,geom_ind15_r1_halfnormal,geometric_match,0.125,half-normal scale 0.3699,half-normal scale 0.0301,20261005,"76,2,0",100000,SL,A2,rmse_mm,1.237601338,0.003415673818,-0.3266204019,0.003355289599,0.0996227017,0.02409188758
34,geom_ind15_r1_halfnormal,geometric_match,0.125,half-normal scale 0.3699,half-normal scale 0.0301,20261005,"76,2,0",100000,SL,A2,mae_mm,0.9588572816,0.002474380546,-0.2541851496,0.002427834799,0.0996227017,0.02409188758
34,geom_ind15_r1_halfnormal,geometric_match,0.125,half-normal scale 0.3699,half-normal scale 0.0301,20261005,"76,2,0",100000,SL,A2,sd_err_mm,1.234069553,0.002759477207,,,0.0996227017,0.02409188758
34,geom_ind15_r1_halfnormal,geometric_match,0.125,half-normal scale 0.3699,half-normal scale 0.0301,20261005,"76,2,0",100000,SL,A3,bias_mm,0.8046510659,0.004671921798,0.4762181815,0.002267591905,0.0996227017,0.02409188758
34,geom_ind15_r1_halfnormal,geometric_match,0.125,half-normal scale 0.3699,half-normal scale 0.0301,20261005,"76,2,0",100000,SL,A3,rmse_mm,1.682298083,0.006110827572,0.2022562437,0.003347483996,0.0996227017,0.02409188758
34,geom_ind15_r1_halfnormal,geometric_match,0.125,half-normal scale 0.3699,half-normal scale 0.0301,20261005,"76,2,0",100000,SL,A3,mae_mm,1.251417192,0.003555410653,0.1366669419,0.002296146703,0.0996227017,0.02409188758
34,geom_ind15_r1_halfnormal,geometric_match,0.125,half-normal scale 0.3699,half-normal scale 0.0301,20261005,"76,2,0",100000,SL,A3,sd_err_mm,1.477391393,0.003303564102,,,0.0996227017,0.02409188758
34,geom_ind15_r1_halfnormal,geometric_match,0.125,half-normal scale 0.3699,half-normal scale 0.0301,20261005,"76,2,0",100000,SL,A4,bias_mm,0.6799258539,0.004393561878,0.3936428834,0.002315301808,0.0996227017,0.02409188758
34,geom_ind15_r1_halfnormal,geometric_match,0.125,half-normal scale 0.3699,half-normal scale 0.0301,20261005,"76,2,0",100000,SL,A4,rmse_mm,1.546809122,0.00500799652,0.116751698,0.003065997469,0.0996227017,0.02409188758
34,geom_ind15_r1_halfnormal,geometric_match,0.125,half-normal scale 0.3699,half-normal scale 0.0301,20261005,"76,2,0",100000,SL,A4,mae_mm,1.177550102,0.00317175705,0.08605092754,0.002217407804,0.0996227017,0.02409188758
34,geom_ind15_r1_halfnormal,geometric_match,0.125,half-normal scale 0.3699,half-normal scale 0.0301,20261005,"76,2,0",100000,SL,A4,sd_err_mm,1.389366258,0.003106732931,,,0.0996227017,0.02409188758
35,geom_ind15_r1_chord,geometric_match,0.125,"chord link, shift 0.2308, offset scale 0.3844","chord link, shift -0.1390, offset scale 0.5058",20261005,"76,2,0",100000,AP,A1,bias_mm,-0.8287523349,0.006431295897,-0.5691519738,0.001686760687,0.09949615082,0.2948076302
35,geom_ind15_r1_chord,geometric_match,0.125,"chord link, shift 0.2308, offset scale 0.3844","chord link, shift -0.1390, offset scale 0.5058",20261005,"76,2,0",100000,AP,A1,rmse_mm,2.196120617,0.006598626739,0.2705836455,0.003297265641,0.09949615082,0.2948076302
35,geom_ind15_r1_chord,geometric_match,0.125,"chord link, shift 0.2308, offset scale 0.3844","chord link, shift -0.1390, offset scale 0.5058",20261005,"76,2,0",100000,AP,A1,mae_mm,1.681020431,0.004468932809,0.2155970688,0.002198669839,0.09949615082,0.2948076302
35,geom_ind15_r1_chord,geometric_match,0.125,"chord link, shift 0.2308, offset scale 0.3844","chord link, shift -0.1390, offset scale 0.5058",20261005,"76,2,0",100000,AP,A1,sd_err_mm,2.033754334,0.004547635679,,,0.09949615082,0.2948076302
35,geom_ind15_r1_chord,geometric_match,0.125,"chord link, shift 0.2308, offset scale 0.3844","chord link, shift -0.1390, offset scale 0.5058",20261005,"76,2,0",100000,AP,A2,bias_mm,-2.136692187,0.005701312428,-0.8919847462,0.001841899352,0.09949615082,0.2948076302
35,geom_ind15_r1_chord,geometric_match,0.125,"chord link, shift 0.2308, offset scale 0.3844","chord link, shift -0.1390, offset scale 0.5058",20261005,"76,2,0",100000,AP,A2,rmse_mm,2.795696217,0.006852946623,0.586304656,0.002616498004,0.09949615082,0.2948076302
35,geom_ind15_r1_chord,geometric_match,0.125,"chord link, shift 0.2308, offset scale 0.3844","chord link, shift -0.1390, offset scale 0.5058",20261005,"76,2,0",100000,AP,A2,mae_mm,2.267032656,0.005173496919,0.5621109568,0.002515202662,0.09949615082,0.2948076302
35,geom_ind15_r1_chord,geometric_match,0.125,"chord link, shift 0.2308, offset scale 0.3844","chord link, shift -0.1390, offset scale 0.5058",20261005,"76,2,0",100000,AP,A2,sd_err_mm,1.802913292,0.004031456837,,,0.09949615082,0.2948076302
35,geom_ind15_r1_chord,geometric_match,0.125,"chord link, shift 0.2308, offset scale 0.3844","chord link, shift -0.1390, offset scale 0.5058",20261005,"76,2,0",100000,AP,A3,bias_mm,-0.5023702755,0.006145217481,-0.8947198164,0.00264859304,0.09949615082,0.2948076302
35,geom_ind15_r1_chord,geometric_match,0.125,"chord link, shift 0.2308, offset scale 0.3844","chord link, shift -0.1390, offset scale 0.5058",20261005,"76,2,0",100000,AP,A3,rmse_mm,2.007164148,0.006456495745,0.00680059864,0.005097741581,0.09949615082,0.2948076302
35,geom_ind15_r1_chord,geometric_match,0.125,"chord link, shift 0.2308, offset scale 0.3844","chord link, shift -0.1390, offset scale 0.5058",20261005,"76,2,0",100000,AP,A3,mae_mm,1.525379317,0.004125461038,0.05067587786,0.003324175377,0.09949615082,0.2948076302
35,geom_ind15_r1_chord,geometric_match,0.125,"chord link, shift 0.2308, offset scale 0.3844","chord link, shift -0.1390, offset scale 0.5058",20261005,"76,2,0",100000,AP,A3,sd_err_mm,1.943288396,0.004345346679,,,0.09949615082,0.2948076302
35,geom_ind15_r1_chord,geometric_match,0.125,"chord link, shift 0.2308, offset scale 0.3844","chord link, shift -0.1390, offset scale 0.5058",20261005,"76,2,0",100000,AP,A4,bias_mm,-0.5581746685,0.006089142409,-0.8394498308,0.00263001104,0.09949615082,0.2948076302
35,geom_ind15_r1_chord,geometric_match,0.125,"chord link, shift 0.2308, offset scale 0.3844","chord link, shift -0.1390, offset scale 0.5058",20261005,"76,2,0",100000,AP,A4,rmse_mm,2.004816054,0.006337372668,0.1029906651,0.004480638207,0.09949615082,0.2948076302
35,geom_ind15_r1_chord,geometric_match,0.125,"chord link, shift 0.2308, offset scale 0.3844","chord link, shift -0.1390, offset scale 0.5058",20261005,"76,2,0",100000,AP,A4,mae_mm,1.525517977,0.004113513381,0.100309164,0.003173868732,0.09949615082,0.2948076302
35,geom_ind15_r1_chord,geometric_match,0.125,"chord link, shift 0.2308, offset scale 0.3844","chord link, shift -0.1390, offset scale 0.5058",20261005,"76,2,0",100000,AP,A4,sd_err_mm,1.925555901,0.004305695418,,,0.09949615082,0.2948076302
35,geom_ind15_r1_chord,geometric_match,0.125,"chord link, shift 0.2308, offset scale 0.3844","chord link, shift -0.1390, offset scale 0.5058",20261005,"76,2,0",100000,SL,A1,bias_mm,-0.5327153635,0.004757277864,-0.3644546219,0.001109220196,0.0996227017,0.02553540999
35,geom_ind15_r1_chord,geometric_match,0.125,"chord link, shift 0.2308, offset scale 0.3844","chord link, shift -0.1390, offset scale 0.5058",20261005,"76,2,0",100000,SL,A1,rmse_mm,1.595911117,0.004392809295,0.152698682,0.002071304735,0.0996227017,0.02553540999
35,geom_ind15_r1_chord,geometric_match,0.125,"chord link, shift 0.2308, offset scale 0.3844","chord link, shift -0.1390, offset scale 0.5058",20261005,"76,2,0",100000,SL,A1,mae_mm,1.23706407,0.003188439973,0.1200281716,0.001444838862,0.0996227017,0.02553540999
35,geom_ind15_r1_chord,geometric_match,0.125,"chord link, shift 0.2308, offset scale 0.3844","chord link, shift -0.1390, offset scale 0.5058",20261005,"76,2,0",100000,SL,A1,sd_err_mm,1.504383351,0.003363920257,,,0.0996227017,0.02553540999
35,geom_ind15_r1_chord,geometric_match,0.125,"chord link, shift 0.2308, offset scale 0.3844","chord link, shift -0.1390, offset scale 0.5058",20261005,"76,2,0",100000,SL,A2,bias_mm,-0.09575122083,0.004740969155,0.7004980065,0.001563561757,0.0996227017,0.02553540999
35,geom_ind15_r1_chord,geometric_match,0.125,"chord link, shift 0.2308, offset scale 0.3844","chord link, shift -0.1390, offset scale 0.5058",20261005,"76,2,0",100000,SL,A2,rmse_mm,1.502273168,0.004607353843,-0.06194857161,0.003007510775,0.0996227017,0.02553540999
35,geom_ind15_r1_chord,geometric_match,0.125,"chord link, shift 0.2308, offset scale 0.3844","chord link, shift -0.1390, offset scale 0.5058",20261005,"76,2,0",100000,SL,A2,mae_mm,1.139725856,0.003094930087,-0.07331657518,0.002401884619,0.0996227017,0.02553540999
35,geom_ind15_r1_chord,geometric_match,0.125,"chord link, shift 0.2308, offset scale 0.3844","chord link, shift -0.1390, offset scale 0.5058",20261005,"76,2,0",100000,SL,A2,sd_err_mm,1.499226085,0.003352388201,,,0.0996227017,0.02553540999
35,geom_ind15_r1_chord,geometric_match,0.125,"chord link, shift 0.2308, offset scale 0.3844","chord link, shift -0.1390, offset scale 0.5058",20261005,"76,2,0",100000,SL,A3,bias_mm,1.233682632,0.005439204809,0.905249748,0.002830018237,0.0996227017,0.02553540999
35,geom_ind15_r1_chord,geometric_match,0.125,"chord link, shift 0.2308, offset scale 0.3844","chord link, shift -0.1390, offset scale 0.5058",20261005,"76,2,0",100000,SL,A3,rmse_mm,2.116704549,0.007256360842,0.63666271,0.00433208882,0.0996227017,0.02553540999
35,geom_ind15_r1_chord,geometric_match,0.125,"chord link, shift 0.2308, offset scale 0.3844","chord link, shift -0.1390, offset scale 0.5058",20261005,"76,2,0",100000,SL,A3,mae_mm,1.587500469,0.004427527541,0.4727502185,0.003242514452,0.0996227017,0.02553540999
35,geom_ind15_r1_chord,geometric_match,0.125,"chord link, shift 0.2308, offset scale 0.3844","chord link, shift -0.1390, offset scale 0.5058",20261005,"76,2,0",100000,SL,A3,sd_err_mm,1.720027586,0.003846117836,,,0.0996227017,0.02553540999
35,geom_ind15_r1_chord,geometric_match,0.125,"chord link, shift 0.2308, offset scale 0.3844","chord link, shift -0.1390, offset scale 0.5058",20261005,"76,2,0",100000,SL,A4,bias_mm,1.037275842,0.005103961481,0.7509928718,0.003062334741,0.0996227017,0.02553540999
35,geom_ind15_r1_chord,geometric_match,0.125,"chord link, shift 0.2308, offset scale 0.3844","chord link, shift -0.1390, offset scale 0.5058",20261005,"76,2,0",100000,SL,A4,rmse_mm,1.918582133,0.006063660647,0.488524709,0.004316584657,0.0996227017,0.02553540999
35,geom_ind15_r1_chord,geometric_match,0.125,"chord link, shift 0.2308, offset scale 0.3844","chord link, shift -0.1390, offset scale 0.5058",20261005,"76,2,0",100000,SL,A4,mae_mm,1.465350318,0.003916275253,0.3738511434,0.00315792795,0.0996227017,0.02553540999
35,geom_ind15_r1_chord,geometric_match,0.125,"chord link, shift 0.2308, offset scale 0.3844","chord link, shift -0.1390, offset scale 0.5058",20261005,"76,2,0",100000,SL,A4,sd_err_mm,1.614014337,0.003609063819,,,0.0996227017,0.02553540999
36,geom_ind15_r2_halfnormal,geometric_match,0.125,half-normal scale 0.1047,half-normal scale 0.1792,20261005,"76,2,0",100000,AP,A1,bias_mm,-0.8287523349,0.006431295897,-0.5691519738,0.001686760687,0.09949615082,0.08335168862
36,geom_ind15_r2_halfnormal,geometric_match,0.125,half-normal scale 0.1047,half-normal scale 0.1792,20261005,"76,2,0",100000,AP,A1,rmse_mm,2.196120617,0.006598626739,0.2705836455,0.003297265641,0.09949615082,0.08335168862
36,geom_ind15_r2_halfnormal,geometric_match,0.125,half-normal scale 0.1047,half-normal scale 0.1792,20261005,"76,2,0",100000,AP,A1,mae_mm,1.681020431,0.004468932809,0.2155970688,0.002198669839,0.09949615082,0.08335168862
36,geom_ind15_r2_halfnormal,geometric_match,0.125,half-normal scale 0.1047,half-normal scale 0.1792,20261005,"76,2,0",100000,AP,A1,sd_err_mm,2.033754334,0.004547635679,,,0.09949615082,0.08335168862
36,geom_ind15_r2_halfnormal,geometric_match,0.125,half-normal scale 0.1047,half-normal scale 0.1792,20261005,"76,2,0",100000,AP,A2,bias_mm,-0.585817054,0.005234403837,0.6588903865,0.001889159326,0.09949615082,0.08335168862
36,geom_ind15_r2_halfnormal,geometric_match,0.125,half-normal scale 0.1047,half-normal scale 0.1792,20261005,"76,2,0",100000,AP,A2,rmse_mm,1.755862345,0.005063785491,-0.4535292157,0.003347044161,0.09949615082,0.08335168862
36,geom_ind15_r2_halfnormal,geometric_match,0.125,half-normal scale 0.1047,half-normal scale 0.1792,20261005,"76,2,0",100000,AP,A2,mae_mm,1.348754814,0.003555173226,-0.3561668857,0.002370414551,0.09949615082,0.08335168862
36,geom_ind15_r2_halfnormal,geometric_match,0.125,half-normal scale 0.1047,half-normal scale 0.1792,20261005,"76,2,0",100000,AP,A2,sd_err_mm,1.655263832,0.003701300955,,,0.09949615082,0.08335168862
36,geom_ind15_r2_halfnormal,geometric_match,0.125,half-normal scale 0.1047,half-normal scale 0.1792,20261005,"76,2,0",100000,AP,A3,bias_mm,0.6523233906,0.006320730904,0.2599738497,0.002332078276,0.09949615082,0.08335168862
36,geom_ind15_r2_halfnormal,geometric_match,0.125,half-normal scale 0.1047,half-normal scale 0.1792,20261005,"76,2,0",100000,AP,A3,rmse_mm,2.102534131,0.008455776214,0.1021705808,0.003348427219,0.09949615082,0.08335168862
36,geom_ind15_r2_halfnormal,geometric_match,0.125,half-normal scale 0.1047,half-normal scale 0.1792,20261005,"76,2,0",100000,AP,A3,mae_mm,1.531134762,0.004556640071,0.05643132296,0.00222318547,0.09949615082,0.08335168862
36,geom_ind15_r2_halfnormal,geometric_match,0.125,half-normal scale 0.1047,half-normal scale 0.1792,20261005,"76,2,0",100000,AP,A3,sd_err_mm,1.998790613,0.004469454031,,,0.09949615082,0.08335168862
36,geom_ind15_r2_halfnormal,geometric_match,0.125,half-normal scale 0.1047,half-normal scale 0.1792,20261005,"76,2,0",100000,AP,A4,bias_mm,0.4154522799,0.00594056441,0.1341771176,0.002536727865,0.09949615082,0.08335168862
36,geom_ind15_r2_halfnormal,geometric_match,0.125,half-normal scale 0.1047,half-normal scale 0.1792,20261005,"76,2,0",100000,AP,A4,rmse_mm,1.923953185,0.007045240953,0.02212779582,0.003247393918,0.09949615082,0.08335168862
36,geom_ind15_r2_halfnormal,geometric_match,0.125,half-normal scale 0.1047,half-normal scale 0.1792,20261005,"76,2,0",100000,AP,A4,mae_mm,1.434129139,0.00405571932,0.008920325607,0.002257051093,0.09949615082,0.08335168862
36,geom_ind15_r2_halfnormal,geometric_match,0.125,half-normal scale 0.1047,half-normal scale 0.1792,20261005,"76,2,0",100000,AP,A4,sd_err_mm,1.878571412,0.004200634382,,,0.09949615082,0.08335168862
36,geom_ind15_r2_halfnormal,geometric_match,0.125,half-normal scale 0.1047,half-normal scale 0.1792,20261005,"76,2,0",100000,SL,A1,bias_mm,-0.5327153635,0.004757277864,-0.3644546219,0.001109220196,0.0996227017,0.1436312652
36,geom_ind15_r2_halfnormal,geometric_match,0.125,half-normal scale 0.1047,half-normal scale 0.1792,20261005,"76,2,0",100000,SL,A1,rmse_mm,1.595911117,0.004392809295,0.152698682,0.002071304735,0.0996227017,0.1436312652
36,geom_ind15_r2_halfnormal,geometric_match,0.125,half-normal scale 0.1047,half-normal scale 0.1792,20261005,"76,2,0",100000,SL,A1,mae_mm,1.23706407,0.003188439973,0.1200281716,0.001444838862,0.0996227017,0.1436312652
36,geom_ind15_r2_halfnormal,geometric_match,0.125,half-normal scale 0.1047,half-normal scale 0.1792,20261005,"76,2,0",100000,SL,A1,sd_err_mm,1.504383351,0.003363920257,,,0.0996227017,0.1436312652
36,geom_ind15_r2_halfnormal,geometric_match,0.125,half-normal scale 0.1047,half-normal scale 0.1792,20261005,"76,2,0",100000,SL,A2,bias_mm,-0.6525658503,0.004089665783,0.1436833771,0.0006136400714,0.0996227017,0.1436312652
36,geom_ind15_r2_halfnormal,geometric_match,0.125,half-normal scale 0.1047,half-normal scale 0.1792,20261005,"76,2,0",100000,SL,A2,rmse_mm,1.44857243,0.003872780037,-0.1156493099,0.000943296248,0.0996227017,0.1436312652
36,geom_ind15_r2_halfnormal,geometric_match,0.125,half-normal scale 0.1047,half-normal scale 0.1792,20261005,"76,2,0",100000,SL,A2,mae_mm,1.125847871,0.002882424265,-0.08719455987,0.0006922336919,0.0996227017,0.1436312652
36,geom_ind15_r2_halfnormal,geometric_match,0.125,half-normal scale 0.1047,half-normal scale 0.1792,20261005,"76,2,0",100000,SL,A2,sd_err_mm,1.293265874,0.002891844867,,,0.0996227017,0.1436312652
36,geom_ind15_r2_halfnormal,geometric_match,0.125,half-normal scale 0.1047,half-normal scale 0.1792,20261005,"76,2,0",100000,SL,A3,bias_mm,0.3090888726,0.004627395457,-0.01934401181,0.001078282692,0.0996227017,0.1436312652
36,geom_ind15_r2_halfnormal,geometric_match,0.125,half-normal scale 0.1047,half-normal scale 0.1792,20261005,"76,2,0",100000,SL,A3,rmse_mm,1.495591318,0.005327028082,0.01554947861,0.001371986475,0.0996227017,0.1436312652
36,geom_ind15_r2_halfnormal,geometric_match,0.125,half-normal scale 0.1047,half-normal scale 0.1792,20261005,"76,2,0",100000,SL,A3,mae_mm,1.123252486,0.003122670321,0.008502235633,0.001012751906,0.0996227017,0.1436312652
36,geom_ind15_r2_halfnormal,geometric_match,0.125,half-normal scale 0.1047,half-normal scale 0.1792,20261005,"76,2,0",100000,SL,A3,sd_err_mm,1.463310928,0.003272079067,,,0.0996227017,0.1436312652
36,geom_ind15_r2_halfnormal,geometric_match,0.125,half-normal scale 0.1047,half-normal scale 0.1792,20261005,"76,2,0",100000,SL,A4,bias_mm,0.2320780589,0.004452716129,-0.05420491157,0.001347617868,0.0996227017,0.1436312652
36,geom_ind15_r2_halfnormal,geometric_match,0.125,half-normal scale 0.1047,half-normal scale 0.1792,20261005,"76,2,0",100000,SL,A4,rmse_mm,1.42706289,0.004542792106,-0.002994534662,0.001718683997,0.0996227017,0.1436312652
36,geom_ind15_r2_halfnormal,geometric_match,0.125,half-normal scale 0.1047,half-normal scale 0.1792,20261005,"76,2,0",100000,SL,A4,mae_mm,1.090102747,0.002912375276,-0.00139642764,0.001184455535,0.0996227017,0.1436312652
36,geom_ind15_r2_halfnormal,geometric_match,0.125,half-normal scale 0.1047,half-normal scale 0.1792,20261005,"76,2,0",100000,SL,A4,sd_err_mm,1.408072474,0.003148561512,,,0.0996227017,0.1436312652
37,geom_ind15_r2_chord,geometric_match,0.125,"chord link, offset scale 0.3844","chord link, offset scale 0.5058",20261005,"76,2,0",100000,AP,A1,bias_mm,-0.8287523349,0.006431295897,-0.5691519738,0.001686760687,0.09949615082,0.08322625439
37,geom_ind15_r2_chord,geometric_match,0.125,"chord link, offset scale 0.3844","chord link, offset scale 0.5058",20261005,"76,2,0",100000,AP,A1,rmse_mm,2.196120617,0.006598626739,0.2705836455,0.003297265641,0.09949615082,0.08322625439
37,geom_ind15_r2_chord,geometric_match,0.125,"chord link, offset scale 0.3844","chord link, offset scale 0.5058",20261005,"76,2,0",100000,AP,A1,mae_mm,1.681020431,0.004468932809,0.2155970688,0.002198669839,0.09949615082,0.08322625439
37,geom_ind15_r2_chord,geometric_match,0.125,"chord link, offset scale 0.3844","chord link, offset scale 0.5058",20261005,"76,2,0",100000,AP,A1,sd_err_mm,2.033754334,0.004547635679,,,0.09949615082,0.08322625439
37,geom_ind15_r2_chord,geometric_match,0.125,"chord link, offset scale 0.3844","chord link, offset scale 0.5058",20261005,"76,2,0",100000,AP,A2,bias_mm,-0.5862240836,0.00564717255,0.6584833568,0.001497294697,0.09949615082,0.08322625439
37,geom_ind15_r2_chord,geometric_match,0.125,"chord link, offset scale 0.3844","chord link, offset scale 0.5058",20261005,"76,2,0",100000,AP,A2,rmse_mm,1.87954318,0.005975212145,-0.3298483804,0.002738640818,0.09949615082,0.08322625439
37,geom_ind15_r2_chord,geometric_match,0.125,"chord link, offset scale 0.3844","chord link, offset scale 0.5058",20261005,"76,2,0",100000,AP,A2,mae_mm,1.421551085,0.003888303225,-0.2833706141,0.00220781134,0.09949615082,0.08322625439
37,geom_ind15_r2_chord,geometric_match,0.125,"chord link, offset scale 0.3844","chord link, offset scale 0.5058",20261005,"76,2,0",100000,AP,A2,sd_err_mm,1.78579276,0.00399317397,,,0.09949615082,0.08322625439
37,geom_ind15_r2_chord,geometric_match,0.125,"chord link, offset scale 0.3844","chord link, offset scale 0.5058",20261005,"76,2,0",100000,AP,A3,bias_mm,0.8175109482,0.00649230993,0.4251614073,0.002655863774,0.09949615082,0.08322625439
37,geom_ind15_r2_chord,geometric_match,0.125,"chord link, offset scale 0.3844","chord link, offset scale 0.5058",20261005,"76,2,0",100000,AP,A3,rmse_mm,2.209816921,0.008795285333,0.209453371,0.003966440905,0.09949615082,0.08322625439
37,geom_ind15_r2_chord,geometric_match,0.125,"chord link, offset scale 0.3844","chord link, offset scale 0.5058",20261005,"76,2,0",100000,AP,A3,mae_mm,1.607614965,0.004794671978,0.1329115257,0.002644488253,0.09949615082,0.08322625439
37,geom_ind15_r2_chord,geometric_match,0.125,"chord link, offset scale 0.3844","chord link, offset scale 0.5058",20261005,"76,2,0",100000,AP,A3,sd_err_mm,2.053048665,0.004590779331,,,0.09949615082,0.08322625439
37,geom_ind15_r2_chord,geometric_match,0.125,"chord link, offset scale 0.3844","chord link, offset scale 0.5058",20261005,"76,2,0",100000,AP,A4,bias_mm,0.5549766472,0.006084535049,0.273701485,0.002884674344,0.09949615082,0.08322625439
37,geom_ind15_r2_chord,geometric_match,0.125,"chord link, offset scale 0.3844","chord link, offset scale 0.5058",20261005,"76,2,0",100000,AP,A4,rmse_mm,2.002528086,0.007290295359,0.1007026966,0.003799530033,0.09949615082,0.08322625439
37,geom_ind15_r2_chord,geometric_match,0.125,"chord link, offset scale 0.3844","chord link, offset scale 0.5058",20261005,"76,2,0",100000,AP,A4,mae_mm,1.491430717,0.004225838387,0.06622190418,0.002628857497,0.09949615082,0.08322625439
37,geom_ind15_r2_chord,geometric_match,0.125,"chord link, offset scale 0.3844","chord link, offset scale 0.5058",20261005,"76,2,0",100000,AP,A4,sd_err_mm,1.924098926,0.004302437506,,,0.09949615082,0.08322625439
37,geom_ind15_r2_chord,geometric_match,0.125,"chord link, offset scale 0.3844","chord link, offset scale 0.5058",20261005,"76,2,0",100000,SL,A1,bias_mm,-0.5327153635,0.004757277864,-0.3644546219,0.001109220196,0.0996227017,0.1444653551
37,geom_ind15_r2_chord,geometric_match,0.125,"chord link, offset scale 0.3844","chord link, offset scale 0.5058",20261005,"76,2,0",100000,SL,A1,rmse_mm,1.595911117,0.004392809295,0.152698682,0.002071304735,0.0996227017,0.1444653551
37,geom_ind15_r2_chord,geometric_match,0.125,"chord link, offset scale 0.3844","chord link, offset scale 0.5058",20261005,"76,2,0",100000,SL,A1,mae_mm,1.23706407,0.003188439973,0.1200281716,0.001444838862,0.0996227017,0.1444653551
37,geom_ind15_r2_chord,geometric_match,0.125,"chord link, offset scale 0.3844","chord link, offset scale 0.5058",20261005,"76,2,0",100000,SL,A1,sd_err_mm,1.504383351,0.003363920257,,,0.0996227017,0.1444653551
37,geom_ind15_r2_chord,geometric_match,0.125,"chord link, offset scale 0.3844","chord link, offset scale 0.5058",20261005,"76,2,0",100000,SL,A2,bias_mm,-0.6546726409,0.004530478619,0.1415765865,0.0009443192358,0.0996227017,0.1444653551
37,geom_ind15_r2_chord,geometric_match,0.125,"chord link, offset scale 0.3844","chord link, offset scale 0.5058",20261005,"76,2,0",100000,SL,A2,rmse_mm,1.575150594,0.004713579496,0.01092885369,0.001518394936,0.0996227017,0.1444653551
37,geom_ind15_r2_chord,geometric_match,0.125,"chord link, offset scale 0.3844","chord link, offset scale 0.5058",20261005,"76,2,0",100000,SL,A2,mae_mm,1.200166805,0.003226002854,-0.0128756266,0.001006391115,0.0996227017,0.1444653551
37,geom_ind15_r2_chord,geometric_match,0.125,"chord link, offset scale 0.3844","chord link, offset scale 0.5058",20261005,"76,2,0",100000,SL,A2,sd_err_mm,1.432663133,0.003203548171,,,0.0996227017,0.1444653551
37,geom_ind15_r2_chord,geometric_match,0.125,"chord link, offset scale 0.3844","chord link, offset scale 0.5058",20261005,"76,2,0",100000,SL,A3,bias_mm,0.480266057,0.004755131496,0.1518331726,0.001493347261,0.0996227017,0.1444653551
37,geom_ind15_r2_chord,geometric_match,0.125,"chord link, offset scale 0.3844","chord link, offset scale 0.5058",20261005,"76,2,0",100000,SL,A3,rmse_mm,1.578531098,0.005720991079,0.09848925934,0.00203711125,0.0996227017,0.1444653551
37,geom_ind15_r2_chord,geometric_match,0.125,"chord link, offset scale 0.3844","chord link, offset scale 0.5058",20261005,"76,2,0",100000,SL,A3,mae_mm,1.179204351,0.003318506502,0.06445410039,0.001446243381,0.0996227017,0.1444653551
37,geom_ind15_r2_chord,geometric_match,0.125,"chord link, offset scale 0.3844","chord link, offset scale 0.5058",20261005,"76,2,0",100000,SL,A3,sd_err_mm,1.50370461,0.003362402538,,,0.0996227017,0.1444653551
37,geom_ind15_r2_chord,geometric_match,0.125,"chord link, offset scale 0.3844","chord link, offset scale 0.5058",20261005,"76,2,0",100000,SL,A4,bias_mm,0.3821207824,0.004544479617,0.09583781194,0.001754468983,0.0996227017,0.1444653551
37,geom_ind15_r2_chord,geometric_match,0.125,"chord link, offset scale 0.3844","chord link, offset scale 0.5058",20261005,"76,2,0",100000,SL,A4,rmse_mm,1.487018876,0.004794021033,0.0569614521,0.002244783554,0.0996227017,0.1444653551
37,geom_ind15_r2_chord,geometric_match,0.125,"chord link, offset scale 0.3844","chord link, offset scale 0.5058",20261005,"76,2,0",100000,SL,A4,mae_mm,1.132746069,0.003046507449,0.0412468945,0.001573682969,0.0996227017,0.1444653551
37,geom_ind15_r2_chord,geometric_match,0.125,"chord link, offset scale 0.3844","chord link, offset scale 0.5058",20261005,"76,2,0",100000,SL,A4,sd_err_mm,1.437090637,0.003213448421,,,0.0996227017,0.1444653551
38,geom_mid15_r1_halfnormal,geometric_match,0.125,half-normal scale 0.3761,half-normal scale 0.0183,20261005,"76,2,0",100000,AP,A1,bias_mm,-0.8287523349,0.006431295897,-0.5691519738,0.001686760687,0.09949615082,0.297329492
38,geom_mid15_r1_halfnormal,geometric_match,0.125,half-normal scale 0.3761,half-normal scale 0.0183,20261005,"76,2,0",100000,AP,A1,rmse_mm,2.196120617,0.006598626739,0.2705836455,0.003297265641,0.09949615082,0.297329492
38,geom_mid15_r1_halfnormal,geometric_match,0.125,half-normal scale 0.3761,half-normal scale 0.0183,20261005,"76,2,0",100000,AP,A1,mae_mm,1.681020431,0.004468932809,0.2155970688,0.002198669839,0.09949615082,0.297329492
38,geom_mid15_r1_halfnormal,geometric_match,0.125,half-normal scale 0.3761,half-normal scale 0.0183,20261005,"76,2,0",100000,AP,A1,sd_err_mm,2.033754334,0.004547635679,,,0.09949615082,0.297329492
38,geom_mid15_r1_halfnormal,geometric_match,0.125,half-normal scale 0.3761,half-normal scale 0.0183,20261005,"76,2,0",100000,AP,A2,bias_mm,-2.156472998,0.006809489797,-0.9117655575,0.001924425242,0.09949615082,0.297329492
38,geom_mid15_r1_halfnormal,geometric_match,0.125,half-normal scale 0.3761,half-normal scale 0.0183,20261005,"76,2,0",100000,AP,A2,rmse_mm,3.047498081,0.008489016963,0.83810652,0.003278885541,0.09949615082,0.297329492
38,geom_mid15_r1_halfnormal,geometric_match,0.125,half-normal scale 0.3761,half-normal scale 0.0183,20261005,"76,2,0",100000,AP,A2,mae_mm,2.390138876,0.005978725993,0.6852171768,0.002567514549,0.09949615082,0.297329492
38,geom_mid15_r1_halfnormal,geometric_match,0.125,half-normal scale 0.3761,half-normal scale 0.0183,20261005,"76,2,0",100000,AP,A2,sd_err_mm,2.153349746,0.004815060487,,,0.09949615082,0.297329492
38,geom_mid15_r1_halfnormal,geometric_match,0.125,half-normal scale 0.3761,half-normal scale 0.0183,20261005,"76,2,0",100000,AP,A3,bias_mm,-0.1044310718,0.006417530624,-0.4967806126,0.001503165323,0.09949615082,0.297329492
38,geom_mid15_r1_halfnormal,geometric_match,0.125,half-normal scale 0.3761,half-normal scale 0.0183,20261005,"76,2,0",100000,AP,A3,rmse_mm,2.032076425,0.007193769709,0.03171287483,0.002941580907,0.09949615082,0.297329492
38,geom_mid15_r1_halfnormal,geometric_match,0.125,half-normal scale 0.3761,half-normal scale 0.0183,20261005,"76,2,0",100000,AP,A3,mae_mm,1.519473131,0.004266795291,0.04476969184,0.002003706957,0.09949615082,0.297329492
38,geom_mid15_r1_halfnormal,geometric_match,0.125,half-normal scale 0.3761,half-normal scale 0.0183,20261005,"76,2,0",100000,AP,A3,sd_err_mm,2.029401373,0.004537902112,,,0.09949615082,0.297329492
38,geom_mid15_r1_halfnormal,geometric_match,0.125,half-normal scale 0.3761,half-normal scale 0.0183,20261005,"76,2,0",100000,AP,A4,bias_mm,-0.229990935,0.006223208372,-0.5112660972,0.001710133971,0.09949615082,0.297329492
38,geom_mid15_r1_halfnormal,geometric_match,0.125,half-normal scale 0.3761,half-normal scale 0.0183,20261005,"76,2,0",100000,AP,A4,rmse_mm,1.981335243,0.006544665918,0.07950985402,0.003153574118,0.09949615082,0.297329492
38,geom_mid15_r1_halfnormal,geometric_match,0.125,half-normal scale 0.3761,half-normal scale 0.0183,20261005,"76,2,0",100000,AP,A4,mae_mm,1.4952044,0.004111046153,0.06999558733,0.002108401147,0.09949615082,0.297329492
38,geom_mid15_r1_halfnormal,geometric_match,0.125,half-normal scale 0.3761,half-normal scale 0.0183,20261005,"76,2,0",100000,AP,A4,sd_err_mm,1.967951281,0.004400494843,,,0.09949615082,0.297329492
38,geom_mid15_r1_halfnormal,geometric_match,0.125,half-normal scale 0.3761,half-normal scale 0.0183,20261005,"76,2,0",100000,SL,A1,bias_mm,-0.5327153635,0.004757277864,-0.3644546219,0.001109220196,0.0996227017,0.01463385628
38,geom_mid15_r1_halfnormal,geometric_match,0.125,half-normal scale 0.3761,half-normal scale 0.0183,20261005,"76,2,0",100000,SL,A1,rmse_mm,1.595911117,0.004392809295,0.152698682,0.002071304735,0.0996227017,0.01463385628
38,geom_mid15_r1_halfnormal,geometric_match,0.125,half-normal scale 0.3761,half-normal scale 0.0183,20261005,"76,2,0",100000,SL,A1,mae_mm,1.23706407,0.003188439973,0.1200281716,0.001444838862,0.0996227017,0.01463385628
38,geom_mid15_r1_halfnormal,geometric_match,0.125,half-normal scale 0.3761,half-normal scale 0.0183,20261005,"76,2,0",100000,SL,A1,sd_err_mm,1.504383351,0.003363920257,,,0.0996227017,0.01463385628
38,geom_mid15_r1_halfnormal,geometric_match,0.125,half-normal scale 0.3761,half-normal scale 0.0183,20261005,"76,2,0",100000,SL,A2,bias_mm,-0.04928014827,0.003907216559,0.7469690791,0.001993012234,0.0996227017,0.01463385628
38,geom_mid15_r1_halfnormal,geometric_match,0.125,half-normal scale 0.3761,half-normal scale 0.0183,20261005,"76,2,0",100000,SL,A2,rmse_mm,1.236546558,0.003446019461,-0.327675182,0.003542886758,0.0996227017,0.01463385628
38,geom_mid15_r1_halfnormal,geometric_match,0.125,half-normal scale 0.3761,half-normal scale 0.0183,20261005,"76,2,0",100000,SL,A2,mae_mm,0.9568314536,0.00247694791,-0.2562109776,0.002553388652,0.0996227017,0.01463385628
38,geom_mid15_r1_halfnormal,geometric_match,0.125,half-normal scale 0.3761,half-normal scale 0.0183,20261005,"76,2,0",100000,SL,A2,sd_err_mm,1.235570364,0.002762833138,,,0.0996227017,0.01463385628
38,geom_mid15_r1_halfnormal,geometric_match,0.125,half-normal scale 0.3761,half-normal scale 0.0183,20261005,"76,2,0",100000,SL,A3,bias_mm,0.8588432858,0.004697616278,0.5304104014,0.002393989314,0.0996227017,0.01463385628
38,geom_mid15_r1_halfnormal,geometric_match,0.125,half-normal scale 0.3761,half-normal scale 0.0183,20261005,"76,2,0",100000,SL,A3,rmse_mm,1.715910718,0.006192431663,0.2358688786,0.003555312933,0.0996227017,0.01463385628
38,geom_mid15_r1_halfnormal,geometric_match,0.125,half-normal scale 0.3761,half-normal scale 0.0183,20261005,"76,2,0",100000,SL,A3,mae_mm,1.277127123,0.003623960591,0.1623768724,0.002434303799,0.0996227017,0.01463385628
38,geom_mid15_r1_halfnormal,geometric_match,0.125,half-normal scale 0.3761,half-normal scale 0.0183,20261005,"76,2,0",100000,SL,A3,sd_err_mm,1.485516701,0.003321732934,,,0.0996227017,0.01463385628
38,geom_mid15_r1_halfnormal,geometric_match,0.125,half-normal scale 0.3761,half-normal scale 0.0183,20261005,"76,2,0",100000,SL,A4,bias_mm,0.7283261062,0.004410103762,0.4420431357,0.002417672815,0.0996227017,0.01463385628
38,geom_mid15_r1_halfnormal,geometric_match,0.125,half-normal scale 0.3761,half-normal scale 0.0183,20261005,"76,2,0",100000,SL,A4,rmse_mm,1.573321641,0.005076070488,0.143264217,0.003230555454,0.0996227017,0.01463385628
38,geom_mid15_r1_halfnormal,geometric_match,0.125,half-normal scale 0.3761,half-normal scale 0.0183,20261005,"76,2,0",100000,SL,A4,mae_mm,1.198171032,0.003224496183,0.1066718573,0.00233218696,0.0996227017,0.01463385628
38,geom_mid15_r1_halfnormal,geometric_match,0.125,half-normal scale 0.3761,half-normal scale 0.0183,20261005,"76,2,0",100000,SL,A4,sd_err_mm,1.394597261,0.003118429868,,,0.0996227017,0.01463385628
39,geom_mid15_r1_chord,geometric_match,0.125,"chord link, shift 0.1425, offset scale 0.5879","chord link, shift -0.2552, offset scale 0.6542",20261005,"76,2,0",100000,AP,A1,bias_mm,-0.8287523349,0.006431295897,-0.5691519738,0.001686760687,0.09949615082,0.3000216273
39,geom_mid15_r1_chord,geometric_match,0.125,"chord link, shift 0.1425, offset scale 0.5879","chord link, shift -0.2552, offset scale 0.6542",20261005,"76,2,0",100000,AP,A1,rmse_mm,2.196120617,0.006598626739,0.2705836455,0.003297265641,0.09949615082,0.3000216273
39,geom_mid15_r1_chord,geometric_match,0.125,"chord link, shift 0.1425, offset scale 0.5879","chord link, shift -0.2552, offset scale 0.6542",20261005,"76,2,0",100000,AP,A1,mae_mm,1.681020431,0.004468932809,0.2155970688,0.002198669839,0.09949615082,0.3000216273
39,geom_mid15_r1_chord,geometric_match,0.125,"chord link, shift 0.1425, offset scale 0.5879","chord link, shift -0.2552, offset scale 0.6542",20261005,"76,2,0",100000,AP,A1,sd_err_mm,2.033754334,0.004547635679,,,0.09949615082,0.3000216273
39,geom_mid15_r1_chord,geometric_match,0.125,"chord link, shift 0.1425, offset scale 0.5879","chord link, shift -0.2552, offset scale 0.6542",20261005,"76,2,0",100000,AP,A2,bias_mm,-2.17447427,0.006512869965,-0.9297668296,0.001883143392,0.09949615082,0.3000216273
39,geom_mid15_r1_chord,geometric_match,0.125,"chord link, shift 0.1425, offset scale 0.5879","chord link, shift -0.2552, offset scale 0.6542",20261005,"76,2,0",100000,AP,A2,rmse_mm,2.99500308,0.008193942416,0.7856115198,0.00332498023,0.09949615082,0.3000216273
39,geom_mid15_r1_chord,geometric_match,0.125,"chord link, shift 0.1425, offset scale 0.5879","chord link, shift -0.2552, offset scale 0.6542",20261005,"76,2,0",100000,AP,A2,mae_mm,2.362910958,0.005819561087,0.6579892587,0.002628287529,0.09949615082,0.3000216273
39,geom_mid15_r1_chord,geometric_match,0.125,"chord link, shift 0.1425, offset scale 0.5879","chord link, shift -0.2552, offset scale 0.6542",20261005,"76,2,0",100000,AP,A2,sd_err_mm,2.05955032,0.004605317544,,,0.09949615082,0.3000216273
39,geom_mid15_r1_chord,geometric_match,0.125,"chord link, shift 0.1425, offset scale 0.5879","chord link, shift -0.2552, offset scale 0.6542",20261005,"76,2,0",100000,AP,A3,bias_mm,-0.3019679919,0.006146638645,-0.6943175327,0.001778918437,0.09949615082,0.3000216273
39,geom_mid15_r1_chord,geometric_match,0.125,"chord link, shift 0.1425, offset scale 0.5879","chord link, shift -0.2552, offset scale 0.6542",20261005,"76,2,0",100000,AP,A3,rmse_mm,1.967044369,0.00673610116,-0.03331918048,0.00382477577,0.09949615082,0.3000216273
39,geom_mid15_r1_chord,geometric_match,0.125,"chord link, shift 0.1425, offset scale 0.5879","chord link, shift -0.2552, offset scale 0.6542",20261005,"76,2,0",100000,AP,A3,mae_mm,1.48263921,0.004087861585,0.007935771259,0.00257334649,0.09949615082,0.3000216273
39,geom_mid15_r1_chord,geometric_match,0.125,"chord link, shift 0.1425, offset scale 0.5879","chord link, shift -0.2552, offset scale 0.6542",20261005,"76,2,0",100000,AP,A3,sd_err_mm,1.943737807,0.004346351599,,,0.09949615082,0.3000216273
39,geom_mid15_r1_chord,geometric_match,0.125,"chord link, shift 0.1425, offset scale 0.5879","chord link, shift -0.2552, offset scale 0.6542",20261005,"76,2,0",100000,AP,A4,bias_mm,-0.390858577,0.006031132304,-0.6721337392,0.001911780443,0.09949615082,0.3000216273
39,geom_mid15_r1_chord,geometric_match,0.125,"chord link, shift 0.1425, offset scale 0.5879","chord link, shift -0.2552, offset scale 0.6542",20261005,"76,2,0",100000,AP,A4,rmse_mm,1.946840964,0.006404997868,0.04501557501,0.003692191921,0.09949615082,0.3000216273
39,geom_mid15_r1_chord,geometric_match,0.125,"chord link, shift 0.1425, offset scale 0.5879","chord link, shift -0.2552, offset scale 0.6542",20261005,"76,2,0",100000,AP,A4,mae_mm,1.474172953,0.004021218737,0.04896414042,0.002569900604,0.09949615082,0.3000216273
39,geom_mid15_r1_chord,geometric_match,0.125,"chord link, shift 0.1425, offset scale 0.5879","chord link, shift -0.2552, offset scale 0.6542",20261005,"76,2,0",100000,AP,A4,sd_err_mm,1.907211495,0.004264675874,,,0.09949615082,0.3000216273
39,geom_mid15_r1_chord,geometric_match,0.125,"chord link, shift 0.1425, offset scale 0.5879","chord link, shift -0.2552, offset scale 0.6542",20261005,"76,2,0",100000,SL,A1,bias_mm,-0.5327153635,0.004757277864,-0.3644546219,0.001109220196,0.0996227017,0.01675427373
39,geom_mid15_r1_chord,geometric_match,0.125,"chord link, shift 0.1425, offset scale 0.5879","chord link, shift -0.2552, offset scale 0.6542",20261005,"76,2,0",100000,SL,A1,rmse_mm,1.595911117,0.004392809295,0.152698682,0.002071304735,0.0996227017,0.01675427373
39,geom_mid15_r1_chord,geometric_match,0.125,"chord link, shift 0.1425, offset scale 0.5879","chord link, shift -0.2552, offset scale 0.6542",20261005,"76,2,0",100000,SL,A1,mae_mm,1.23706407,0.003188439973,0.1200281716,0.001444838862,0.0996227017,0.01675427373
39,geom_mid15_r1_chord,geometric_match,0.125,"chord link, shift 0.1425, offset scale 0.5879","chord link, shift -0.2552, offset scale 0.6542",20261005,"76,2,0",100000,SL,A1,sd_err_mm,1.504383351,0.003363920257,,,0.0996227017,0.01675427373
39,geom_mid15_r1_chord,geometric_match,0.125,"chord link, shift 0.1425, offset scale 0.5879","chord link, shift -0.2552, offset scale 0.6542",20261005,"76,2,0",100000,SL,A2,bias_mm,-0.0515099709,0.005393359382,0.7447392565,0.002357798618,0.0996227017,0.01675427373
39,geom_mid15_r1_chord,geometric_match,0.125,"chord link, shift 0.1425, offset scale 0.5879","chord link, shift -0.2552, offset scale 0.6542",20261005,"76,2,0",100000,SL,A2,rmse_mm,1.706299133,0.005221079249,0.142077393,0.003685970551,0.0996227017,0.01675427373
39,geom_mid15_r1_chord,geometric_match,0.125,"chord link, shift 0.1425, offset scale 0.5879","chord link, shift -0.2552, offset scale 0.6542",20261005,"76,2,0",100000,SL,A2,mae_mm,1.294061963,0.003516920153,0.08101953157,0.002869999278,0.0996227017,0.01675427373
39,geom_mid15_r1_chord,geometric_match,0.125,"chord link, shift 0.1425, offset scale 0.5879","chord link, shift -0.2552, offset scale 0.6542",20261005,"76,2,0",100000,SL,A2,sd_err_mm,1.705529989,0.003813700061,,,0.0996227017,0.01675427373
39,geom_mid15_r1_chord,geometric_match,0.125,"chord link, shift 0.1425, offset scale 0.5879","chord link, shift -0.2552, offset scale 0.6542",20261005,"76,2,0",100000,SL,A3,bias_mm,1.669304649,0.006324925611,1.340871765,0.003893009474,0.0996227017,0.01675427373
39,geom_mid15_r1_chord,geometric_match,0.125,"chord link, shift 0.1425, offset scale 0.5879","chord link, shift -0.2552, offset scale 0.6542",20261005,"76,2,0",100000,SL,A3,rmse_mm,2.605188363,0.008334344139,1.125146523,0.005666456695,0.0996227017,0.01675427373
39,geom_mid15_r1_chord,geometric_match,0.125,"chord link, shift 0.1425, offset scale 0.5879","chord link, shift -0.2552, offset scale 0.6542",20261005,"76,2,0",100000,SL,A3,mae_mm,1.984086385,0.005338947579,0.8693361347,0.004285962551,0.0996227017,0.01675427373
39,geom_mid15_r1_chord,geometric_match,0.125,"chord link, shift 0.1425, offset scale 0.5879","chord link, shift -0.2552, offset scale 0.6542",20261005,"76,2,0",100000,SL,A3,sd_err_mm,2.000117096,0.004472420152,,,0.0996227017,0.01675427373
39,geom_mid15_r1_chord,geometric_match,0.125,"chord link, shift 0.1425, offset scale 0.5879","chord link, shift -0.2552, offset scale 0.6542",20261005,"76,2,0",100000,SL,A4,bias_mm,1.390521629,0.005964638352,1.104238658,0.004120248641,0.0996227017,0.01675427373
39,geom_mid15_r1_chord,geometric_match,0.125,"chord link, shift 0.1425, offset scale 0.5879","chord link, shift -0.2552, offset scale 0.6542",20261005,"76,2,0",100000,SL,A4,rmse_mm,2.343332219,0.007205609069,0.913274795,0.005689269635,0.0996227017,0.01675427373
39,geom_mid15_r1_chord,geometric_match,0.125,"chord link, shift 0.1425, offset scale 0.5879","chord link, shift -0.2552, offset scale 0.6542",20261005,"76,2,0",100000,SL,A4,mae_mm,1.801476772,0.00473910307,0.7099775973,0.004116361086,0.0996227017,0.01675427373
39,geom_mid15_r1_chord,geometric_match,0.125,"chord link, shift 0.1425, offset scale 0.5879","chord link, shift -0.2552, offset scale 0.6542",20261005,"76,2,0",100000,SL,A4,sd_err_mm,1.886184261,0.004217657314,,,0.0996227017,0.01675427373
40,geom_mid15_r2_halfnormal,geometric_match,0.125,half-normal scale 0.2302,half-normal scale 0.2692,20261005,"76,2,0",100000,AP,A1,bias_mm,-0.8287523349,0.006431295897,-0.5691519738,0.001686760687,0.09949615082,0.1832311961
40,geom_mid15_r2_halfnormal,geometric_match,0.125,half-normal scale 0.2302,half-normal scale 0.2692,20261005,"76,2,0",100000,AP,A1,rmse_mm,2.196120617,0.006598626739,0.2705836455,0.003297265641,0.09949615082,0.1832311961
40,geom_mid15_r2_halfnormal,geometric_match,0.125,half-normal scale 0.2302,half-normal scale 0.2692,20261005,"76,2,0",100000,AP,A1,mae_mm,1.681020431,0.004468932809,0.2155970688,0.002198669839,0.09949615082,0.1832311961
40,geom_mid15_r2_halfnormal,geometric_match,0.125,half-normal scale 0.2302,half-normal scale 0.2692,20261005,"76,2,0",100000,AP,A1,sd_err_mm,2.033754334,0.004547635679,,,0.09949615082,0.1832311961
40,geom_mid15_r2_halfnormal,geometric_match,0.125,half-normal scale 0.2302,half-normal scale 0.2692,20261005,"76,2,0",100000,AP,A2,bias_mm,-1.319003063,0.005763327381,-0.07429562294,0.0005340875725,0.09949615082,0.1832311961
40,geom_mid15_r2_halfnormal,geometric_match,0.125,half-normal scale 0.2302,half-normal scale 0.2692,20261005,"76,2,0",100000,AP,A2,rmse_mm,2.249740011,0.006388911163,0.04034844997,0.0007585920976,0.09949615082,0.1832311961
40,geom_mid15_r2_halfnormal,geometric_match,0.125,half-normal scale 0.2302,half-normal scale 0.2692,20261005,"76,2,0",100000,AP,A2,mae_mm,1.741204882,0.004505059344,0.03628318292,0.0005599325351,0.09949615082,0.1832311961
40,geom_mid15_r2_halfnormal,geometric_match,0.125,half-normal scale 0.2302,half-normal scale 0.2692,20261005,"76,2,0",100000,AP,A2,sd_err_mm,1.822524143,0.00407530825,,,0.09949615082,0.1832311961
40,geom_mid15_r2_halfnormal,geometric_match,0.125,half-normal scale 0.2302,half-normal scale 0.2692,20261005,"76,2,0",100000,AP,A3,bias_mm,0.1858880822,0.006363846397,-0.2064614586,0.001342409092,0.09949615082,0.1832311961
40,geom_mid15_r2_halfnormal,geometric_match,0.125,half-normal scale 0.2302,half-normal scale 0.2692,20261005,"76,2,0",100000,AP,A3,rmse_mm,2.020981934,0.007646492715,0.02061838409,0.001948275279,0.09949615082,0.1832311961
40,geom_mid15_r2_halfnormal,geometric_match,0.125,half-normal scale 0.2302,half-normal scale 0.2692,20261005,"76,2,0",100000,AP,A3,mae_mm,1.495364827,0.004299151655,0.02066138767,0.00138034854,0.09949615082,0.1832311961
40,geom_mid15_r2_halfnormal,geometric_match,0.125,half-normal scale 0.2302,half-normal scale 0.2692,20261005,"76,2,0",100000,AP,A3,sd_err_mm,2.012424929,0.004499941441,,,0.09949615082,0.1832311961
40,geom_mid15_r2_halfnormal,geometric_match,0.125,half-normal scale 0.2302,half-normal scale 0.2692,20261005,"76,2,0",100000,AP,A4,bias_mm,0.01532433306,0.006102527246,-0.2659508292,0.001747371203,0.09949615082,0.1832311961
40,geom_mid15_r2_halfnormal,geometric_match,0.125,half-normal scale 0.2302,half-normal scale 0.2692,20261005,"76,2,0",100000,AP,A4,rmse_mm,1.929839753,0.006659575379,0.02801436411,0.002516028496,0.09949615082,0.1832311961
40,geom_mid15_r2_halfnormal,geometric_match,0.125,half-normal scale 0.2302,half-normal scale 0.2692,20261005,"76,2,0",100000,AP,A4,mae_mm,1.449589152,0.004028633753,0.0243803395,0.00167850015,0.09949615082,0.1832311961
40,geom_mid15_r2_halfnormal,geometric_match,0.125,half-normal scale 0.2302,half-normal scale 0.2692,20261005,"76,2,0",100000,AP,A4,sd_err_mm,1.929788558,0.004315159974,,,0.09949615082,0.1832311961
40,geom_mid15_r2_halfnormal,geometric_match,0.125,half-normal scale 0.2302,half-normal scale 0.2692,20261005,"76,2,0",100000,SL,A1,bias_mm,-0.5327153635,0.004757277864,-0.3644546219,0.001109220196,0.0996227017,0.2156877144
40,geom_mid15_r2_halfnormal,geometric_match,0.125,half-normal scale 0.2302,half-normal scale 0.2692,20261005,"76,2,0",100000,SL,A1,rmse_mm,1.595911117,0.004392809295,0.152698682,0.002071304735,0.0996227017,0.2156877144
40,geom_mid15_r2_halfnormal,geometric_match,0.125,half-normal scale 0.2302,half-normal scale 0.2692,20261005,"76,2,0",100000,SL,A1,mae_mm,1.23706407,0.003188439973,0.1200281716,0.001444838862,0.0996227017,0.2156877144
40,geom_mid15_r2_halfnormal,geometric_match,0.125,half-normal scale 0.2302,half-normal scale 0.2692,20261005,"76,2,0",100000,SL,A1,sd_err_mm,1.504383351,0.003363920257,,,0.0996227017,0.2156877144
40,geom_mid15_r2_halfnormal,geometric_match,0.125,half-normal scale 0.2302,half-normal scale 0.2692,20261005,"76,2,0",100000,SL,A2,bias_mm,-0.9895030907,0.00440148695,-0.1932538633,0.0004603347571,0.0996227017,0.2156877144
40,geom_mid15_r2_halfnormal,geometric_match,0.125,half-normal scale 0.2302,half-normal scale 0.2692,20261005,"76,2,0",100000,SL,A2,rmse_mm,1.707748732,0.004652688214,0.1435269914,0.0008163430542,0.0996227017,0.2156877144
40,geom_mid15_r2_halfnormal,geometric_match,0.125,half-normal scale 0.2302,half-normal scale 0.2692,20261005,"76,2,0",100000,SL,A2,mae_mm,1.327041554,0.003399085167,0.113999123,0.0006574288347,0.0996227017,0.2156877144
40,geom_mid15_r2_halfnormal,geometric_match,0.125,half-normal scale 0.2302,half-normal scale 0.2692,20261005,"76,2,0",100000,SL,A2,sd_err_mm,1.391872385,0.003112336831,,,0.0996227017,0.2156877144
40,geom_mid15_r2_halfnormal,geometric_match,0.125,half-normal scale 0.2302,half-normal scale 0.2692,20261005,"76,2,0",100000,SL,A3,bias_mm,0.1359004368,0.004669946992,-0.1925324476,0.0008162377721,0.0996227017,0.2156877144
40,geom_mid15_r2_halfnormal,geometric_match,0.125,half-normal scale 0.2302,half-normal scale 0.2692,20261005,"76,2,0",100000,SL,A3,rmse_mm,1.482999532,0.005064070208,0.002957692659,0.001317924746,0.0996227017,0.2156877144
40,geom_mid15_r2_halfnormal,geometric_match,0.125,half-normal scale 0.2302,half-normal scale 0.2692,20261005,"76,2,0",100000,SL,A3,mae_mm,1.120695679,0.003071381187,0.005945428622,0.0009468678955,0.0996227017,0.2156877144
40,geom_mid15_r2_halfnormal,geometric_match,0.125,half-normal scale 0.2302,half-normal scale 0.2692,20261005,"76,2,0",100000,SL,A3,sd_err_mm,1.476766905,0.003302167697,,,0.0996227017,0.2156877144
40,geom_mid15_r2_halfnormal,geometric_match,0.125,half-normal scale 0.2302,half-normal scale 0.2692,20261005,"76,2,0",100000,SL,A4,bias_mm,0.07439014267,0.004535599548,-0.2118928278,0.001065124501,0.0996227017,0.2156877144
40,geom_mid15_r2_halfnormal,geometric_match,0.125,half-normal scale 0.2302,half-normal scale 0.2692,20261005,"76,2,0",100000,SL,A4,rmse_mm,1.436203205,0.004470900547,0.006145781072,0.001677392128,0.0996227017,0.2156877144
40,geom_mid15_r2_halfnormal,geometric_match,0.125,half-normal scale 0.2302,half-normal scale 0.2692,20261005,"76,2,0",100000,SL,A4,mae_mm,1.098703808,0.002924958368,0.007204633434,0.001094580332,0.0996227017,0.2156877144
40,geom_mid15_r2_halfnormal,geometric_match,0.125,half-normal scale 0.2302,half-normal scale 0.2692,20261005,"76,2,0",100000,SL,A4,sd_err_mm,1.434282512,0.003207169233,,,0.0996227017,0.2156877144
41,geom_mid15_r2_chord,geometric_match,0.125,"chord link, offset scale 0.5879","chord link, offset scale 0.6542",20261005,"76,2,0",100000,AP,A1,bias_mm,-0.8287523349,0.006431295897,-0.5691519738,0.001686760687,0.09949615082,0.1836907084
41,geom_mid15_r2_chord,geometric_match,0.125,"chord link, offset scale 0.5879","chord link, offset scale 0.6542",20261005,"76,2,0",100000,AP,A1,rmse_mm,2.196120617,0.006598626739,0.2705836455,0.003297265641,0.09949615082,0.1836907084
41,geom_mid15_r2_chord,geometric_match,0.125,"chord link, offset scale 0.5879","chord link, offset scale 0.6542",20261005,"76,2,0",100000,AP,A1,mae_mm,1.681020431,0.004468932809,0.2155970688,0.002198669839,0.09949615082,0.1836907084
41,geom_mid15_r2_chord,geometric_match,0.125,"chord link, offset scale 0.5879","chord link, offset scale 0.6542",20261005,"76,2,0",100000,AP,A1,sd_err_mm,2.033754334,0.004547635679,,,0.09949615082,0.1836907084
41,geom_mid15_r2_chord,geometric_match,0.125,"chord link, offset scale 0.5879","chord link, offset scale 0.6542",20261005,"76,2,0",100000,AP,A2,bias_mm,-1.321930605,0.006646308635,-0.07722316426,0.001839364774,0.09949615082,0.1836907084
41,geom_mid15_r2_chord,geometric_match,0.125,"chord link, offset scale 0.5879","chord link, offset scale 0.6542",20261005,"76,2,0",100000,AP,A2,rmse_mm,2.482901166,0.007912857997,0.273509605,0.00296437447,0.09949615082,0.1836907084
41,geom_mid15_r2_chord,geometric_match,0.125,"chord link, offset scale 0.5879","chord link, offset scale 0.6542",20261005,"76,2,0",100000,AP,A2,mae_mm,1.870835095,0.00516217095,0.1659133961,0.001739725321,0.09949615082,0.1836907084
41,geom_mid15_r2_chord,geometric_match,0.125,"chord link, offset scale 0.5879","chord link, offset scale 0.6542",20261005,"76,2,0",100000,AP,A2,sd_err_mm,2.101747332,0.004699673404,,,0.09949615082,0.1836907084
41,geom_mid15_r2_chord,geometric_match,0.125,"chord link, offset scale 0.5879","chord link, offset scale 0.6542",20261005,"76,2,0",100000,AP,A3,bias_mm,0.499181418,0.006565453401,0.1068318772,0.002063764673,0.09949615082,0.1836907084
41,geom_mid15_r2_chord,geometric_match,0.125,"chord link, offset scale 0.5879","chord link, offset scale 0.6542",20261005,"76,2,0",100000,AP,A3,rmse_mm,2.135335294,0.008264831058,0.1349717446,0.002751924666,0.09949615082,0.1836907084
41,geom_mid15_r2_chord,geometric_match,0.125,"chord link, offset scale 0.5879","chord link, offset scale 0.6542",20261005,"76,2,0",100000,AP,A3,mae_mm,1.566372614,0.004589286126,0.09166917502,0.00193292619,0.09949615082,0.1836907084
41,geom_mid15_r2_chord,geometric_match,0.125,"chord link, offset scale 0.5879","chord link, offset scale 0.6542",20261005,"76,2,0",100000,AP,A3,sd_err_mm,2.076178662,0.004642499834,,,0.09949615082,0.1836907084
41,geom_mid15_r2_chord,geometric_match,0.125,"chord link, offset scale 0.5879","chord link, offset scale 0.6542",20261005,"76,2,0",100000,AP,A4,bias_mm,0.2786289277,0.00623229888,-0.002646234556,0.002439587221,0.09949615082,0.1836907084
41,geom_mid15_r2_chord,geometric_match,0.125,"chord link, offset scale 0.5879","chord link, offset scale 0.6542",20261005,"76,2,0",100000,AP,A4,rmse_mm,1.990414573,0.007004739364,0.08858918366,0.00309031559,0.09949615082,0.1836907084
41,geom_mid15_r2_chord,geometric_match,0.125,"chord link, offset scale 0.5879","chord link, offset scale 0.6542",20261005,"76,2,0",100000,AP,A4,mae_mm,1.48833884,0.004179252488,0.06313002661,0.00215308881,0.09949615082,0.1836907084
41,geom_mid15_r2_chord,geometric_match,0.125,"chord link, offset scale 0.5879","chord link, offset scale 0.6542",20261005,"76,2,0",100000,AP,A4,sd_err_mm,1.970825952,0.004406922835,,,0.09949615082,0.1836907084
41,geom_mid15_r2_chord,geometric_match,0.125,"chord link, offset scale 0.5879","chord link, offset scale 0.6542",20261005,"76,2,0",100000,SL,A1,bias_mm,-0.5327153635,0.004757277864,-0.3644546219,0.001109220196,0.0996227017,0.2166723668
41,geom_mid15_r2_chord,geometric_match,0.125,"chord link, offset scale 0.5879","chord link, offset scale 0.6542",20261005,"76,2,0",100000,SL,A1,rmse_mm,1.595911117,0.004392809295,0.152698682,0.002071304735,0.0996227017,0.2166723668
41,geom_mid15_r2_chord,geometric_match,0.125,"chord link, offset scale 0.5879","chord link, offset scale 0.6542",20261005,"76,2,0",100000,SL,A1,mae_mm,1.23706407,0.003188439973,0.1200281716,0.001444838862,0.0996227017,0.2166723668
41,geom_mid15_r2_chord,geometric_match,0.125,"chord link, offset scale 0.5879","chord link, offset scale 0.6542",20261005,"76,2,0",100000,SL,A1,sd_err_mm,1.504383351,0.003363920257,,,0.0996227017,0.2166723668
41,geom_mid15_r2_chord,geometric_match,0.125,"chord link, offset scale 0.5879","chord link, offset scale 0.6542",20261005,"76,2,0",100000,SL,A2,bias_mm,-0.9916466956,0.004915471167,-0.1953974682,0.001416960243,0.0996227017,0.2166723668
41,geom_mid15_r2_chord,geometric_match,0.125,"chord link, offset scale 0.5879","chord link, offset scale 0.6542",20261005,"76,2,0",100000,SL,A2,rmse_mm,1.843779999,0.0054457878,0.2795582593,0.00220399844,0.0996227017,0.2166723668
41,geom_mid15_r2_chord,geometric_match,0.125,"chord link, offset scale 0.5879","chord link, offset scale 0.6542",20261005,"76,2,0",100000,SL,A2,mae_mm,1.40728327,0.003767084649,0.1942408387,0.001375971784,0.0996227017,0.2166723668
41,geom_mid15_r2_chord,geometric_match,0.125,"chord link, offset scale 0.5879","chord link, offset scale 0.6542",20261005,"76,2,0",100000,SL,A2,sd_err_mm,1.554408466,0.003475780374,,,0.0996227017,0.2166723668
41,geom_mid15_r2_chord,geometric_match,0.125,"chord link, offset scale 0.5879","chord link, offset scale 0.6542",20261005,"76,2,0",100000,SL,A3,bias_mm,0.3411397326,0.004799534594,0.01270684818,0.0012928629,0.0996227017,0.2166723668
41,geom_mid15_r2_chord,geometric_match,0.125,"chord link, offset scale 0.5879","chord link, offset scale 0.6542",20261005,"76,2,0",100000,SL,A3,rmse_mm,1.555604871,0.005517550835,0.07556303166,0.001686100505,0.0996227017,0.2166723668
41,geom_mid15_r2_chord,geometric_match,0.125,"chord link, offset scale 0.5879","chord link, offset scale 0.6542",20261005,"76,2,0",100000,SL,A3,mae_mm,1.166973985,0.003252827714,0.05222373449,0.001204975455,0.0996227017,0.2166723668
41,geom_mid15_r2_chord,geometric_match,0.125,"chord link, offset scale 0.5879","chord link, offset scale 0.6542",20261005,"76,2,0",100000,SL,A3,sd_err_mm,1.517746103,0.003393800427,,,0.0996227017,0.2166723668
41,geom_mid15_r2_chord,geometric_match,0.125,"chord link, offset scale 0.5879","chord link, offset scale 0.6542",20261005,"76,2,0",100000,SL,A4,bias_mm,0.255170989,0.004614341075,-0.03111198147,0.001571739639,0.0996227017,0.2166723668
41,geom_mid15_r2_chord,geometric_match,0.125,"chord link, offset scale 0.5879","chord link, offset scale 0.6542",20261005,"76,2,0",100000,SL,A4,rmse_mm,1.48131877,0.004701814478,0.05126134534,0.002029334291,0.0996227017,0.2166723668
41,geom_mid15_r2_chord,geometric_match,0.125,"chord link, offset scale 0.5879","chord link, offset scale 0.6542",20261005,"76,2,0",100000,SL,A4,mae_mm,1.130414778,0.003027336935,0.03891560363,0.001375503364,0.0996227017,0.2166723668
41,geom_mid15_r2_chord,geometric_match,0.125,"chord link, offset scale 0.5879","chord link, offset scale 0.6542",20261005,"76,2,0",100000,SL,A4,sd_err_mm,1.45918277,0.003262848179,,,0.0996227017,0.2166723668
42,published_L0.1,published,0.25,half-normal scale 0.1,half-normal scale 0.1,20261005,"76,2,0",100000,AP,A1,bias_mm,-1.923075698,0.008176218297,-1.663475337,0.004927414245,0.1989745566,0.07958911905
42,published_L0.1,published,0.25,half-normal scale 0.1,half-normal scale 0.1,20261005,"76,2,0",100000,AP,A1,rmse_mm,3.222298536,0.01014760751,1.296761565,0.009142796789,0.1989745566,0.07958911905
42,published_L0.1,published,0.25,half-normal scale 0.1,half-normal scale 0.1,20261005,"76,2,0",100000,AP,A1,mae_mm,2.435991123,0.006670232077,0.9705677607,0.005642985123,0.1989745566,0.07958911905
42,published_L0.1,published,0.25,half-normal scale 0.1,half-normal scale 0.1,20261005,"76,2,0",100000,AP,A1,sd_err_mm,2.585547246,0.005781488309,,,0.1989745566,0.07958911905
42,published_L0.1,published,0.25,half-normal scale 0.1,half-normal scale 0.1,20261005,"76,2,0",100000,AP,A2,bias_mm,-0.9229714722,0.005488519254,0.3217359683,0.002156837008,0.1989745566,0.07958911905
42,published_L0.1,published,0.25,half-normal scale 0.1,half-normal scale 0.1,20261005,"76,2,0",100000,AP,A2,rmse_mm,1.965764628,0.005598045029,-0.2436269322,0.003132828514,0.1989745566,0.07958911905
42,published_L0.1,published,0.25,half-normal scale 0.1,half-normal scale 0.1,20261005,"76,2,0",100000,AP,A2,mae_mm,1.511882731,0.003972979947,-0.1930389681,0.002148961965,0.1989745566,0.07958911905
42,published_L0.1,published,0.25,half-normal scale 0.1,half-normal scale 0.1,20261005,"76,2,0",100000,AP,A2,sd_err_mm,1.735622182,0.003880988588,,,0.1989745566,0.07958911905
42,published_L0.1,published,0.25,half-normal scale 0.1,half-normal scale 0.1,20261005,"76,2,0",100000,AP,A3,bias_mm,0.5549436381,0.006376507236,0.1625940972,0.002976933677,0.1989745566,0.07958911905
42,published_L0.1,published,0.25,half-normal scale 0.1,half-normal scale 0.1,20261005,"76,2,0",100000,AP,A3,rmse_mm,2.09138859,0.008316375363,0.09102504028,0.004132966247,0.1989745566,0.07958911905
42,published_L0.1,published,0.25,half-normal scale 0.1,half-normal scale 0.1,20261005,"76,2,0",100000,AP,A3,mae_mm,1.52558859,0.004523832617,0.05088515074,0.002662864825,0.1989745566,0.07958911905
42,published_L0.1,published,0.25,half-normal scale 0.1,half-normal scale 0.1,20261005,"76,2,0",100000,AP,A3,sd_err_mm,2.016428638,0.004508894051,,,0.1989745566,0.07958911905
42,published_L0.1,published,0.25,half-normal scale 0.1,half-normal scale 0.1,20261005,"76,2,0",100000,AP,A4,bias_mm,0.1924270223,0.006194042646,-0.08884813991,0.003623252334,0.1989745566,0.07958911905
42,published_L0.1,published,0.25,half-normal scale 0.1,half-normal scale 0.1,20261005,"76,2,0",100000,AP,A4,rmse_mm,1.968147917,0.007323178049,0.06632252799,0.005331410496,0.1989745566,0.07958911905
42,published_L0.1,published,0.25,half-normal scale 0.1,half-normal scale 0.1,20261005,"76,2,0",100000,AP,A4,mae_mm,1.456379894,0.004186384303,0.03117108125,0.003057529049,0.1989745566,0.07958911905
42,published_L0.1,published,0.25,half-normal scale 0.1,half-normal scale 0.1,20261005,"76,2,0",100000,AP,A4,sd_err_mm,1.958728269,0.004379871458,,,0.1989745566,0.07958911905
42,published_L0.1,published,0.25,half-normal scale 0.1,half-normal scale 0.1,20261005,"76,2,0",100000,SL,A1,bias_mm,-1.233394657,0.005791084161,-1.065133916,0.003239520181,0.1992176143,0.08014215699
42,published_L0.1,published,0.25,half-normal scale 0.1,half-normal scale 0.1,20261005,"76,2,0",100000,SL,A1,rmse_mm,2.207916307,0.006746519721,0.764703872,0.005890064251,0.1992176143,0.08014215699
42,published_L0.1,published,0.25,half-normal scale 0.1,half-normal scale 0.1,20261005,"76,2,0",100000,SL,A1,mae_mm,1.678744808,0.004535119468,0.5617089088,0.003754239257,0.1992176143,0.08014215699
42,published_L0.1,published,0.25,half-normal scale 0.1,half-normal scale 0.1,20261005,"76,2,0",100000,SL,A1,sd_err_mm,1.831301607,0.004094935355,,,0.1992176143,0.08014215699
42,published_L0.1,published,0.25,half-normal scale 0.1,half-normal scale 0.1,20261005,"76,2,0",100000,SL,A2,bias_mm,-0.5892043702,0.004081717184,0.2070448572,0.001399494733,0.1992176143,0.08014215699
42,published_L0.1,published,0.25,half-normal scale 0.1,half-normal scale 0.1,20261005,"76,2,0",100000,SL,A2,rmse_mm,1.418868086,0.003817087692,-0.1453536538,0.001976611845,0.1992176143,0.08014215699
42,published_L0.1,published,0.25,half-normal scale 0.1,half-normal scale 0.1,20261005,"76,2,0",100000,SL,A2,mae_mm,1.102301905,0.002825110862,-0.1107405266,0.001405160054,0.1992176143,0.08014215699
42,published_L0.1,published,0.25,half-normal scale 0.1,half-normal scale 0.1,20261005,"76,2,0",100000,SL,A2,sd_err_mm,1.290752307,0.002886224331,,,0.1992176143,0.08014215699
42,published_L0.1,published,0.25,half-normal scale 0.1,half-normal scale 0.1,20261005,"76,2,0",100000,SL,A3,bias_mm,0.446139704,0.00465006161,0.1177068196,0.002029642484,0.1992176143,0.08014215699
42,published_L0.1,published,0.25,half-normal scale 0.1,half-normal scale 0.1,20261005,"76,2,0",100000,SL,A3,rmse_mm,1.536660766,0.005634648174,0.05661892685,0.002617583754,0.1992176143,0.08014215699
42,published_L0.1,published,0.25,half-normal scale 0.1,half-normal scale 0.1,20261005,"76,2,0",100000,SL,A3,mae_mm,1.146593382,0.003235213118,0.03184313201,0.001836243471,0.1992176143,0.08014215699
42,published_L0.1,published,0.25,half-normal scale 0.1,half-normal scale 0.1,20261005,"76,2,0",100000,SL,A3,sd_err_mm,1.470478595,0.003288106538,,,0.1992176143,0.08014215699
42,published_L0.1,published,0.25,half-normal scale 0.1,half-normal scale 0.1,20261005,"76,2,0",100000,SL,A4,bias_mm,0.2798379763,0.004518765804,-0.006444994205,0.002479243287,0.1992176143,0.08014215699
42,published_L0.1,published,0.25,half-normal scale 0.1,half-normal scale 0.1,20261005,"76,2,0",100000,SL,A4,rmse_mm,1.456095228,0.004889758285,0.02603780374,0.003376988482,0.1992176143,0.08014215699
42,published_L0.1,published,0.25,half-normal scale 0.1,half-normal scale 0.1,20261005,"76,2,0",100000,SL,A4,mae_mm,1.103165801,0.003005407727,0.01166662687,0.002081240519,0.1992176143,0.08014215699
42,published_L0.1,published,0.25,half-normal scale 0.1,half-normal scale 0.1,20261005,"76,2,0",100000,SL,A4,sd_err_mm,1.428959216,0.003195265919,,,0.1992176143,0.08014215699
43,published_L0.25,published,0.25,half-normal scale 0.25,half-normal scale 0.25,20261005,"76,2,0",100000,AP,A1,bias_mm,-1.923075698,0.008176218297,-1.663475337,0.004927414245,0.1989745566,0.1989543756
43,published_L0.25,published,0.25,half-normal scale 0.25,half-normal scale 0.25,20261005,"76,2,0",100000,AP,A1,rmse_mm,3.222298536,0.01014760751,1.296761565,0.009142796789,0.1989745566,0.1989543756
43,published_L0.25,published,0.25,half-normal scale 0.25,half-normal scale 0.25,20261005,"76,2,0",100000,AP,A1,mae_mm,2.435991123,0.006670232077,0.9705677607,0.005642985123,0.1989745566,0.1989543756
43,published_L0.25,published,0.25,half-normal scale 0.25,half-normal scale 0.25,20261005,"76,2,0",100000,AP,A1,sd_err_mm,2.585547246,0.005781488309,,,0.1989745566,0.1989543756
43,published_L0.25,published,0.25,half-normal scale 0.25,half-normal scale 0.25,20261005,"76,2,0",100000,AP,A2,bias_mm,-1.79919922,0.006248082135,-0.5544917791,0.001642471415,0.1989745566,0.1989543756
43,published_L0.25,published,0.25,half-normal scale 0.25,half-normal scale 0.25,20261005,"76,2,0",100000,AP,A2,rmse_mm,2.672252202,0.007468695295,0.462860641,0.002620783698,0.1989745566,0.1989543756
43,published_L0.25,published,0.25,half-normal scale 0.25,half-normal scale 0.25,20261005,"76,2,0",100000,AP,A2,mae_mm,2.086943542,0.005277903315,0.3820218423,0.001950870682,0.1989745566,0.1989543756
43,published_L0.25,published,0.25,half-normal scale 0.25,half-normal scale 0.25,20261005,"76,2,0",100000,AP,A2,sd_err_mm,1.975817055,0.004418083337,,,0.1989745566,0.1989543756
43,published_L0.25,published,0.25,half-normal scale 0.25,half-normal scale 0.25,20261005,"76,2,0",100000,AP,A3,bias_mm,-0.145883431,0.00668441459,-0.5382329719,0.002685501847,0.1989745566,0.1989543756
43,published_L0.25,published,0.25,half-normal scale 0.25,half-normal scale 0.25,20261005,"76,2,0",100000,AP,A3,rmse_mm,2.118815031,0.007565502124,0.1184514812,0.004328627707,0.1989745566,0.1989543756
43,published_L0.25,published,0.25,half-normal scale 0.25,half-normal scale 0.25,20261005,"76,2,0",100000,AP,A3,mae_mm,1.576027201,0.004478320505,0.1013237616,0.002684217604,0.1989745566,0.1989543756
43,published_L0.25,published,0.25,half-normal scale 0.25,half-normal scale 0.25,20261005,"76,2,0",100000,AP,A3,sd_err_mm,2.113797493,0.004726618518,,,0.1989745566,0.1989543756
43,published_L0.25,published,0.25,half-normal scale 0.25,half-normal scale 0.25,20261005,"76,2,0",100000,AP,A4,bias_mm,-0.4314835711,0.006631697551,-0.7127587333,0.003485458902,0.1989745566,0.1989543756
43,published_L0.25,published,0.25,half-normal scale 0.25,half-normal scale 0.25,20261005,"76,2,0",100000,AP,A4,rmse_mm,2.141045383,0.007451719287,0.2392199943,0.00601535784,0.1989745566,0.1989543756
43,published_L0.25,published,0.25,half-normal scale 0.25,half-normal scale 0.25,20261005,"76,2,0",100000,AP,A4,mae_mm,1.591571194,0.004528793412,0.1663623813,0.00335919824,0.1989745566,0.1989543756
43,published_L0.25,published,0.25,half-normal scale 0.25,half-normal scale 0.25,20261005,"76,2,0",100000,AP,A4,sd_err_mm,2.097126901,0.004689341756,,,0.1989745566,0.1989543756
43,published_L0.25,published,0.25,half-normal scale 0.25,half-normal scale 0.25,20261005,"76,2,0",100000,SL,A1,bias_mm,-1.233394657,0.005791084161,-1.065133916,0.003239520181,0.1992176143,0.2003400229
43,published_L0.25,published,0.25,half-normal scale 0.25,half-normal scale 0.25,20261005,"76,2,0",100000,SL,A1,rmse_mm,2.207916307,0.006746519721,0.764703872,0.005890064251,0.1992176143,0.2003400229
43,published_L0.25,published,0.25,half-normal scale 0.25,half-normal scale 0.25,20261005,"76,2,0",100000,SL,A1,mae_mm,1.678744808,0.004535119468,0.5617089088,0.003754239257,0.1992176143,0.2003400229
43,published_L0.25,published,0.25,half-normal scale 0.25,half-normal scale 0.25,20261005,"76,2,0",100000,SL,A1,sd_err_mm,1.831301607,0.004094935355,,,0.1992176143,0.2003400229
43,published_L0.25,published,0.25,half-normal scale 0.25,half-normal scale 0.25,20261005,"76,2,0",100000,SL,A2,bias_mm,-1.151293866,0.004535713674,-0.3550446386,0.00107984006,0.1992176143,0.2003400229
43,published_L0.25,published,0.25,half-normal scale 0.25,half-normal scale 0.25,20261005,"76,2,0",100000,SL,A2,rmse_mm,1.839219086,0.005011504628,0.2749973459,0.001761773348,0.1992176143,0.2003400229
43,published_L0.25,published,0.25,half-normal scale 0.25,half-normal scale 0.25,20261005,"76,2,0",100000,SL,A2,mae_mm,1.433648508,0.003643339231,0.220606077,0.001313986994,0.1992176143,0.2003400229
43,published_L0.25,published,0.25,half-normal scale 0.25,half-normal scale 0.25,20261005,"76,2,0",100000,SL,A2,sd_err_mm,1.434318602,0.003207249933,,,0.1992176143,0.2003400229
43,published_L0.25,published,0.25,half-normal scale 0.25,half-normal scale 0.25,20261005,"76,2,0",100000,SL,A3,bias_mm,-0.0146850698,0.004843027014,-0.3431179542,0.001760642778,0.1992176143,0.2003400229
43,published_L0.25,published,0.25,half-normal scale 0.25,half-normal scale 0.25,20261005,"76,2,0",100000,SL,A3,rmse_mm,1.53156236,0.005160077214,0.05152052063,0.002620285483,0.1992176143,0.2003400229
43,published_L0.25,published,0.25,half-normal scale 0.25,half-normal scale 0.25,20261005,"76,2,0",100000,SL,A3,mae_mm,1.156040156,0.003176892369,0.04128990538,0.001770217404,0.1992176143,0.2003400229
43,published_L0.25,published,0.25,half-normal scale 0.25,half-normal scale 0.25,20261005,"76,2,0",100000,SL,A3,sd_err_mm,1.531499613,0.003424554366,,,0.1992176143,0.2003400229
43,published_L0.25,published,0.25,half-normal scale 0.25,half-normal scale 0.25,20261005,"76,2,0",100000,SL,A4,bias_mm,-0.1398178537,0.004775338782,-0.4261008242,0.002293758379,0.1992176143,0.2003400229
43,published_L0.25,published,0.25,half-normal scale 0.25,half-normal scale 0.25,20261005,"76,2,0",100000,SL,A4,rmse_mm,1.516546167,0.0049067474,0.08648874256,0.003665079376,0.1992176143,0.2003400229
43,published_L0.25,published,0.25,half-normal scale 0.25,half-normal scale 0.25,20261005,"76,2,0",100000,SL,A4,mae_mm,1.148871466,0.003130521412,0.05737229156,0.002147366494,0.1992176143,0.2003400229
43,published_L0.25,published,0.25,half-normal scale 0.25,half-normal scale 0.25,20261005,"76,2,0",100000,SL,A4,sd_err_mm,1.510094715,0.003376691319,,,0.1992176143,0.2003400229
44,published_L0.5,published,0.25,half-normal scale 0.5,half-normal scale 0.5,20261005,"76,2,0",100000,AP,A1,bias_mm,-1.923075698,0.008176218297,-1.663475337,0.004927414245,0.1989745566,0.3839471773
44,published_L0.5,published,0.25,half-normal scale 0.5,half-normal scale 0.5,20261005,"76,2,0",100000,AP,A1,rmse_mm,3.222298536,0.01014760751,1.296761565,0.009142796789,0.1989745566,0.3839471773
44,published_L0.5,published,0.25,half-normal scale 0.5,half-normal scale 0.5,20261005,"76,2,0",100000,AP,A1,mae_mm,2.435991123,0.006670232077,0.9705677607,0.005642985123,0.1989745566,0.3839471773
44,published_L0.5,published,0.25,half-normal scale 0.5,half-normal scale 0.5,20261005,"76,2,0",100000,AP,A1,sd_err_mm,2.585547246,0.005781488309,,,0.1989745566,0.3839471773
44,published_L0.5,published,0.25,half-normal scale 0.5,half-normal scale 0.5,20261005,"76,2,0",100000,AP,A2,bias_mm,-3.155994672,0.008037549526,-1.911287232,0.003838999112,0.1989745566,0.3839471773
44,published_L0.5,published,0.25,half-normal scale 0.5,half-normal scale 0.5,20261005,"76,2,0",100000,AP,A2,rmse_mm,4.052216431,0.01040981326,1.842824871,0.00595916725,0.1989745566,0.3839471773
44,published_L0.5,published,0.25,half-normal scale 0.5,half-normal scale 0.5,20261005,"76,2,0",100000,AP,A2,mae_mm,3.269290633,0.00757116509,1.564368934,0.004725385889,0.1989745566,0.3839471773
44,published_L0.5,published,0.25,half-normal scale 0.5,half-normal scale 0.5,20261005,"76,2,0",100000,AP,A2,sd_err_mm,2.541696331,0.005683434191,,,0.1989745566,0.3839471773
44,published_L0.5,published,0.25,half-normal scale 0.5,half-normal scale 0.5,20261005,"76,2,0",100000,AP,A3,bias_mm,-0.7648534034,0.007253892499,-1.157202944,0.003576480648,0.1989745566,0.3839471773
44,published_L0.5,published,0.25,half-normal scale 0.5,half-normal scale 0.5,20261005,"76,2,0",100000,AP,A3,rmse_mm,2.418024762,0.008190655274,0.4176612121,0.007281617142,0.1989745566,0.3839471773
44,published_L0.5,published,0.25,half-normal scale 0.5,half-normal scale 0.5,20261005,"76,2,0",100000,AP,A3,mae_mm,1.799879553,0.005106176081,0.325176114,0.004293200059,0.1989745566,0.3839471773
44,published_L0.5,published,0.25,half-normal scale 0.5,half-normal scale 0.5,20261005,"76,2,0",100000,AP,A3,sd_err_mm,2.29388222,0.005129302223,,,0.1989745566,0.3839471773
44,published_L0.5,published,0.25,half-normal scale 0.5,half-normal scale 0.5,20261005,"76,2,0",100000,AP,A4,bias_mm,-0.9696541715,0.007258136171,-1.250929334,0.004047273714,0.1989745566,0.3839471773
44,published_L0.5,published,0.25,half-normal scale 0.5,half-normal scale 0.5,20261005,"76,2,0",100000,AP,A4,rmse_mm,2.491632115,0.008547404789,0.5898067264,0.007960007834,0.1989745566,0.3839471773
44,published_L0.5,published,0.25,half-normal scale 0.5,half-normal scale 0.5,20261005,"76,2,0",100000,AP,A4,mae_mm,1.846160676,0.00529145477,0.4209518627,0.004605686586,0.1989745566,0.3839471773
44,published_L0.5,published,0.25,half-normal scale 0.5,half-normal scale 0.5,20261005,"76,2,0",100000,AP,A4,sd_err_mm,2.295224187,0.005132302967,,,0.1989745566,0.3839471773
44,published_L0.5,published,0.25,half-normal scale 0.5,half-normal scale 0.5,20261005,"76,2,0",100000,SL,A1,bias_mm,-1.233394657,0.005791084161,-1.065133916,0.003239520181,0.1992176143,0.3862897449
44,published_L0.5,published,0.25,half-normal scale 0.5,half-normal scale 0.5,20261005,"76,2,0",100000,SL,A1,rmse_mm,2.207916307,0.006746519721,0.764703872,0.005890064251,0.1992176143,0.3862897449
44,published_L0.5,published,0.25,half-normal scale 0.5,half-normal scale 0.5,20261005,"76,2,0",100000,SL,A1,mae_mm,1.678744808,0.004535119468,0.5617089088,0.003754239257,0.1992176143,0.3862897449
44,published_L0.5,published,0.25,half-normal scale 0.5,half-normal scale 0.5,20261005,"76,2,0",100000,SL,A1,sd_err_mm,1.831301607,0.004094935355,,,0.1992176143,0.3862897449
44,published_L0.5,published,0.25,half-normal scale 0.5,half-normal scale 0.5,20261005,"76,2,0",100000,SL,A2,bias_mm,-2.021893782,0.005640759157,-1.225644555,0.002541302998,0.1992176143,0.3862897449
44,published_L0.5,published,0.25,half-normal scale 0.5,half-normal scale 0.5,20261005,"76,2,0",100000,SL,A2,rmse_mm,2.696263903,0.007021087834,1.132042163,0.004093844769,0.1992176143,0.3862897449
44,published_L0.5,published,0.25,half-normal scale 0.5,half-normal scale 0.5,20261005,"76,2,0",100000,SL,A2,mae_mm,2.147630428,0.005155142243,0.9345879969,0.003258645678,0.1992176143,0.3862897449
44,published_L0.5,published,0.25,half-normal scale 0.5,half-normal scale 0.5,20261005,"76,2,0",100000,SL,A2,sd_err_mm,1.783764667,0.003988638994,,,0.1992176143,0.3862897449
44,published_L0.5,published,0.25,half-normal scale 0.5,half-normal scale 0.5,20261005,"76,2,0",100000,SL,A3,bias_mm,-0.4328481056,0.005213207313,-0.76128099,0.002348250857,0.1992176143,0.3862897449
44,published_L0.5,published,0.25,half-normal scale 0.5,half-normal scale 0.5,20261005,"76,2,0",100000,SL,A3,rmse_mm,1.704430507,0.00564400698,0.2243886681,0.004739637569,0.1992176143,0.3862897449
44,published_L0.5,published,0.25,half-normal scale 0.5,half-normal scale 0.5,20261005,"76,2,0",100000,SL,A3,mae_mm,1.283914986,0.003544937556,0.1691647361,0.002872294794,0.1992176143,0.3862897449
44,published_L0.5,published,0.25,half-normal scale 0.5,half-normal scale 0.5,20261005,"76,2,0",100000,SL,A3,sd_err_mm,1.648560902,0.003686312674,,,0.1992176143,0.3862897449
44,published_L0.5,published,0.25,half-normal scale 0.5,half-normal scale 0.5,20261005,"76,2,0",100000,SL,A4,bias_mm,-0.5196412053,0.005183968746,-0.8059241758,0.002665033093,0.1992176143,0.3862897449
44,published_L0.5,published,0.25,half-normal scale 0.5,half-normal scale 0.5,20261005,"76,2,0",100000,SL,A4,rmse_mm,1.719695701,0.005703953448,0.2896382768,0.005131480434,0.1992176143,0.3862897449
44,published_L0.5,published,0.25,half-normal scale 0.5,half-normal scale 0.5,20261005,"76,2,0",100000,SL,A4,mae_mm,1.292876272,0.003585857093,0.2013770972,0.003041315985,0.1992176143,0.3862897449
44,published_L0.5,published,0.25,half-normal scale 0.5,half-normal scale 0.5,20261005,"76,2,0",100000,SL,A4,sd_err_mm,1.639314856,0.003665637782,,,0.1992176143,0.3862897449
45,lib_biplane_inflow,library_match,0.25,half-normal scale 0.2835,half-normal scale 0.2835,20261005,"76,2,0",100000,AP,A1,bias_mm,-1.923075698,0.008176218297,-1.663475337,0.004927414245,0.1989745566,0.225513562
45,lib_biplane_inflow,library_match,0.25,half-normal scale 0.2835,half-normal scale 0.2835,20261005,"76,2,0",100000,AP,A1,rmse_mm,3.222298536,0.01014760751,1.296761565,0.009142796789,0.1989745566,0.225513562
45,lib_biplane_inflow,library_match,0.25,half-normal scale 0.2835,half-normal scale 0.2835,20261005,"76,2,0",100000,AP,A1,mae_mm,2.435991123,0.006670232077,0.9705677607,0.005642985123,0.1989745566,0.225513562
45,lib_biplane_inflow,library_match,0.25,half-normal scale 0.2835,half-normal scale 0.2835,20261005,"76,2,0",100000,AP,A1,sd_err_mm,2.585547246,0.005781488309,,,0.1989745566,0.225513562
45,lib_biplane_inflow,library_match,0.25,half-normal scale 0.2835,half-normal scale 0.2835,20261005,"76,2,0",100000,AP,A2,bias_mm,-1.994173284,0.006492071249,-0.749465844,0.001850542388,0.1989745566,0.225513562
45,lib_biplane_inflow,library_match,0.25,half-normal scale 0.2835,half-normal scale 0.2835,20261005,"76,2,0",100000,AP,A2,rmse_mm,2.862059372,0.007967133143,0.6526678119,0.003052714692,0.1989745566,0.225513562
45,lib_biplane_inflow,library_match,0.25,half-normal scale 0.2835,half-normal scale 0.2835,20261005,"76,2,0",100000,AP,A2,mae_mm,2.243317134,0.005620448094,0.5383954348,0.002323784711,0.1989745566,0.225513562
45,lib_biplane_inflow,library_match,0.25,half-normal scale 0.2835,half-normal scale 0.2835,20261005,"76,2,0",100000,AP,A2,sd_err_mm,2.052973188,0.004590610557,,,0.1989745566,0.225513562
45,lib_biplane_inflow,library_match,0.25,half-normal scale 0.2835,half-normal scale 0.2835,20261005,"76,2,0",100000,AP,A3,bias_mm,-0.2589944354,0.006775357553,-0.6513439763,0.002767899605,0.1989745566,0.225513562
45,lib_biplane_inflow,library_match,0.25,half-normal scale 0.2835,half-normal scale 0.2835,20261005,"76,2,0",100000,AP,A3,rmse_mm,2.158142537,0.007584971114,0.157778987,0.004783594285,0.1989745566,0.225513562
45,lib_biplane_inflow,library_match,0.25,half-normal scale 0.2835,half-normal scale 0.2835,20261005,"76,2,0",100000,AP,A3,mae_mm,1.607096983,0.004555040336,0.1323935437,0.002913940759,0.1989745566,0.225513562
45,lib_biplane_inflow,library_match,0.25,half-normal scale 0.2835,half-normal scale 0.2835,20261005,"76,2,0",100000,AP,A3,sd_err_mm,2.142556183,0.004790925225,,,0.1989745566,0.225513562
45,lib_biplane_inflow,library_match,0.25,half-normal scale 0.2835,half-normal scale 0.2835,20261005,"76,2,0",100000,AP,A4,bias_mm,-0.5311624145,0.006743187275,-0.8124375767,0.003540718275,0.1989745566,0.225513562
45,lib_biplane_inflow,library_match,0.25,half-normal scale 0.2835,half-normal scale 0.2835,20261005,"76,2,0",100000,AP,A4,rmse_mm,2.197531684,0.007611105103,0.2957062951,0.006326541674,0.1989745566,0.225513562
45,lib_biplane_inflow,library_match,0.25,half-normal scale 0.2835,half-normal scale 0.2835,20261005,"76,2,0",100000,AP,A4,mae_mm,1.632116363,0.004653346467,0.2069075501,0.003544520785,0.1989745566,0.225513562
45,lib_biplane_inflow,library_match,0.25,half-normal scale 0.2835,half-normal scale 0.2835,20261005,"76,2,0",100000,AP,A4,sd_err_mm,2.132383048,0.00476817729,,,0.1989745566,0.225513562
45,lib_biplane_inflow,library_match,0.25,half-normal scale 0.2835,half-normal scale 0.2835,20261005,"76,2,0",100000,SL,A1,bias_mm,-1.233394657,0.005791084161,-1.065133916,0.003239520181,0.1992176143,0.2270816124
45,lib_biplane_inflow,library_match,0.25,half-normal scale 0.2835,half-normal scale 0.2835,20261005,"76,2,0",100000,SL,A1,rmse_mm,2.207916307,0.006746519721,0.764703872,0.005890064251,0.1992176143,0.2270816124
45,lib_biplane_inflow,library_match,0.25,half-normal scale 0.2835,half-normal scale 0.2835,20261005,"76,2,0",100000,SL,A1,mae_mm,1.678744808,0.004535119468,0.5617089088,0.003754239257,0.1992176143,0.2270816124
45,lib_biplane_inflow,library_match,0.25,half-normal scale 0.2835,half-normal scale 0.2835,20261005,"76,2,0",100000,SL,A1,sd_err_mm,1.831301607,0.004094935355,,,0.1992176143,0.2270816124
45,lib_biplane_inflow,library_match,0.25,half-normal scale 0.2835,half-normal scale 0.2835,20261005,"76,2,0",100000,SL,A2,bias_mm,-1.276351072,0.00468253794,-0.4801018446,0.001219424491,0.1992176143,0.2270816124
45,lib_biplane_inflow,library_match,0.25,half-normal scale 0.2835,half-normal scale 0.2835,20261005,"76,2,0",100000,SL,A2,rmse_mm,1.954908256,0.005333020881,0.3906865157,0.002065106728,0.1992176143,0.2270816124
45,lib_biplane_inflow,library_match,0.25,half-normal scale 0.2835,half-normal scale 0.2835,20261005,"76,2,0",100000,SL,A2,mae_mm,1.526288628,0.003862802393,0.3132461971,0.001578013076,0.1992176143,0.2270816124
45,lib_biplane_inflow,library_match,0.25,half-normal scale 0.2835,half-normal scale 0.2835,20261005,"76,2,0",100000,SL,A2,sd_err_mm,1.480748512,0.003311070886,,,0.1992176143,0.2270816124
45,lib_biplane_inflow,library_match,0.25,half-normal scale 0.2835,half-normal scale 0.2835,20261005,"76,2,0",100000,SL,A3,bias_mm,-0.09067298329,0.004902081232,-0.4191058677,0.001808415781,0.1992176143,0.2270816124
45,lib_biplane_inflow,library_match,0.25,half-normal scale 0.2835,half-normal scale 0.2835,20261005,"76,2,0",100000,SL,A3,rmse_mm,1.552816023,0.005183409929,0.07277418361,0.002942257136,0.1992176143,0.2270816124
45,lib_biplane_inflow,library_match,0.25,half-normal scale 0.2835,half-normal scale 0.2835,20261005,"76,2,0",100000,SL,A3,mae_mm,1.172685911,0.003218781938,0.05793566017,0.001920110035,0.1992176143,0.2270816124
45,lib_biplane_inflow,library_match,0.25,half-normal scale 0.2835,half-normal scale 0.2835,20261005,"76,2,0",100000,SL,A3,sd_err_mm,1.550174197,0.003466312213,,,0.1992176143,0.2270816124
45,lib_biplane_inflow,library_match,0.25,half-normal scale 0.2835,half-normal scale 0.2835,20261005,"76,2,0",100000,SL,A4,bias_mm,-0.2100681283,0.004845330682,-0.4963510988,0.002323495387,0.1992176143,0.2270816124
45,lib_biplane_inflow,library_match,0.25,half-normal scale 0.2835,half-normal scale 0.2835,20261005,"76,2,0",100000,SL,A4,rmse_mm,1.546553615,0.005020568297,0.1164961902,0.003901699116,0.1992176143,0.2270816124
45,lib_biplane_inflow,library_match,0.25,half-normal scale 0.2835,half-normal scale 0.2835,20261005,"76,2,0",100000,SL,A4,mae_mm,1.170274643,0.003197335713,0.07877546835,0.002271331495,0.1992176143,0.2270816124
45,lib_biplane_inflow,library_match,0.25,half-normal scale 0.2835,half-normal scale 0.2835,20261005,"76,2,0",100000,SL,A4,sd_err_mm,1.532228097,0.003426183313,,,0.1992176143,0.2270816124
46,lib_biplane_mean_three_views,library_match,0.25,half-normal scale 0.3299,half-normal scale 0.3299,20261005,"76,2,0",100000,AP,A1,bias_mm,-1.923075698,0.008176218297,-1.663475337,0.004927414245,0.1989745566,0.2619219578
46,lib_biplane_mean_three_views,library_match,0.25,half-normal scale 0.3299,half-normal scale 0.3299,20261005,"76,2,0",100000,AP,A1,rmse_mm,3.222298536,0.01014760751,1.296761565,0.009142796789,0.1989745566,0.2619219578
46,lib_biplane_mean_three_views,library_match,0.25,half-normal scale 0.3299,half-normal scale 0.3299,20261005,"76,2,0",100000,AP,A1,mae_mm,2.435991123,0.006670232077,0.9705677607,0.005642985123,0.1989745566,0.2619219578
46,lib_biplane_mean_three_views,library_match,0.25,half-normal scale 0.3299,half-normal scale 0.3299,20261005,"76,2,0",100000,AP,A1,sd_err_mm,2.585547246,0.005781488309,,,0.1989745566,0.2619219578
46,lib_biplane_mean_three_views,library_match,0.25,half-normal scale 0.3299,half-normal scale 0.3299,20261005,"76,2,0",100000,AP,A2,bias_mm,-2.261406179,0.006850595252,-1.016698739,0.002252190671,0.1989745566,0.2619219578
46,lib_biplane_mean_three_views,library_match,0.25,half-normal scale 0.3299,half-normal scale 0.3299,20261005,"76,2,0",100000,AP,A2,rmse_mm,3.131609252,0.008643090005,0.9222176913,0.003761914027,0.1989745566,0.2619219578
46,lib_biplane_mean_three_views,library_match,0.25,half-normal scale 0.3299,half-normal scale 0.3299,20261005,"76,2,0",100000,AP,A2,mae_mm,2.467434928,0.006098178885,0.7625132286,0.00289351193,0.1989745566,0.2619219578
46,lib_biplane_mean_three_views,library_match,0.25,half-normal scale 0.3299,half-normal scale 0.3299,20261005,"76,2,0",100000,AP,A2,sd_err_mm,2.166348432,0.004844126578,,,0.1989745566,0.2619219578
46,lib_biplane_mean_three_views,library_match,0.25,half-normal scale 0.3299,half-normal scale 0.3299,20261005,"76,2,0",100000,AP,A3,bias_mm,-0.3969348985,0.006897353961,-0.7892844394,0.002921686064,0.1989745566,0.2619219578
46,lib_biplane_mean_three_views,library_match,0.25,half-normal scale 0.3299,half-normal scale 0.3299,20261005,"76,2,0",100000,AP,A3,rmse_mm,2.216948107,0.007669038685,0.2165845568,0.005419290359,0.1989745566,0.2619219578
46,lib_biplane_mean_three_views,library_match,0.25,half-normal scale 0.3299,half-normal scale 0.3299,20261005,"76,2,0",100000,AP,A3,mae_mm,1.651874732,0.004675671757,0.1771712933,0.00325395134,0.1989745566,0.2619219578
46,lib_biplane_mean_three_views,library_match,0.25,half-normal scale 0.3299,half-normal scale 0.3299,20261005,"76,2,0",100000,AP,A3,sd_err_mm,2.181134835,0.004877190144,,,0.1989745566,0.2619219578
46,lib_biplane_mean_three_views,library_match,0.25,half-normal scale 0.3299,half-normal scale 0.3299,20261005,"76,2,0",100000,AP,A4,bias_mm,-0.6522886416,0.006875036207,-0.9335638038,0.003629519587,0.1989745566,0.2619219578
46,lib_biplane_mean_three_views,library_match,0.25,half-normal scale 0.3299,half-normal scale 0.3299,20261005,"76,2,0",100000,AP,A4,rmse_mm,2.269811774,0.007812980006,0.3679863853,0.006725765583,0.1989745566,0.2619219578
46,lib_biplane_mean_three_views,library_match,0.25,half-normal scale 0.3299,half-normal scale 0.3299,20261005,"76,2,0",100000,AP,A4,mae_mm,1.684668548,0.004810364346,0.2594597349,0.003804468325,0.1989745566,0.2619219578
46,lib_biplane_mean_three_views,library_match,0.25,half-normal scale 0.3299,half-normal scale 0.3299,20261005,"76,2,0",100000,AP,A4,sd_err_mm,2.174077341,0.00486140903,,,0.1989745566,0.2619219578
46,lib_biplane_mean_three_views,library_match,0.25,half-normal scale 0.3299,half-normal scale 0.3299,20261005,"76,2,0",100000,SL,A1,bias_mm,-1.233394657,0.005791084161,-1.065133916,0.003239520181,0.1992176143,0.2637028878
46,lib_biplane_mean_three_views,library_match,0.25,half-normal scale 0.3299,half-normal scale 0.3299,20261005,"76,2,0",100000,SL,A1,rmse_mm,2.207916307,0.006746519721,0.764703872,0.005890064251,0.1992176143,0.2637028878
46,lib_biplane_mean_three_views,library_match,0.25,half-normal scale 0.3299,half-normal scale 0.3299,20261005,"76,2,0",100000,SL,A1,mae_mm,1.678744808,0.004535119468,0.5617089088,0.003754239257,0.1992176143,0.2637028878
46,lib_biplane_mean_three_views,library_match,0.25,half-normal scale 0.3299,half-normal scale 0.3299,20261005,"76,2,0",100000,SL,A1,sd_err_mm,1.831301607,0.004094935355,,,0.1992176143,0.2637028878
46,lib_biplane_mean_three_views,library_match,0.25,half-normal scale 0.3299,half-normal scale 0.3299,20261005,"76,2,0",100000,SL,A2,bias_mm,-1.447722883,0.004899645851,-0.6514736554,0.001485198541,0.1992176143,0.2637028878
46,lib_biplane_mean_three_views,library_match,0.25,half-normal scale 0.3299,half-normal scale 0.3299,20261005,"76,2,0",100000,SL,A2,rmse_mm,2.120502413,0.005772907971,0.5562806734,0.002548315356,0.1992176143,0.2637028878
46,lib_biplane_mean_three_views,library_match,0.25,half-normal scale 0.3299,half-normal scale 0.3299,20261005,"76,2,0",100000,SL,A2,mae_mm,1.660321446,0.004171187577,0.4472790147,0.001975410368,0.1992176143,0.2637028878
46,lib_biplane_mean_three_views,library_match,0.25,half-normal scale 0.3299,half-normal scale 0.3299,20261005,"76,2,0",100000,SL,A2,sd_err_mm,1.549404062,0.00346459013,,,0.1992176143,0.2637028878
46,lib_biplane_mean_three_views,library_match,0.25,half-normal scale 0.3299,half-normal scale 0.3299,20261005,"76,2,0",100000,SL,A3,bias_mm,-0.1833693786,0.004980784168,-0.5118022629,0.001905393816,0.1992176143,0.2637028878
46,lib_biplane_mean_three_views,library_match,0.25,half-normal scale 0.3299,half-normal scale 0.3299,20261005,"76,2,0",100000,SL,A3,rmse_mm,1.585692471,0.005257735694,0.1056506322,0.003399546034,0.1992176143,0.2637028878
46,lib_biplane_mean_three_views,library_match,0.25,half-normal scale 0.3299,half-normal scale 0.3299,20261005,"76,2,0",100000,SL,A3,mae_mm,1.19742134,0.003287268705,0.08267108975,0.002149006995,0.1992176143,0.2637028878
46,lib_biplane_mean_three_views,library_match,0.25,half-normal scale 0.3299,half-normal scale 0.3299,20261005,"76,2,0",100000,SL,A3,sd_err_mm,1.57506225,0.003521963871,,,0.1992176143,0.2637028878
46,lib_biplane_mean_three_views,library_match,0.25,half-normal scale 0.3299,half-normal scale 0.3299,20261005,"76,2,0",100000,SL,A4,bias_mm,-0.2943682142,0.004935124829,-0.5806511847,0.002380431164,0.1992176143,0.2637028878
46,lib_biplane_mean_three_views,library_match,0.25,half-normal scale 0.3299,half-normal scale 0.3299,20261005,"76,2,0",100000,SL,A4,rmse_mm,1.588135384,0.005195646922,0.1580779595,0.004228474009,0.1992176143,0.2637028878
46,lib_biplane_mean_three_views,library_match,0.25,half-normal scale 0.3299,half-normal scale 0.3299,20261005,"76,2,0",100000,SL,A4,mae_mm,1.199304688,0.003292192433,0.1078055136,0.002454502084,0.1992176143,0.2637028878
46,lib_biplane_mean_three_views,library_match,0.25,half-normal scale 0.3299,half-normal scale 0.3299,20261005,"76,2,0",100000,SL,A4,sd_err_mm,1.5606235,0.003489677681,,,0.1992176143,0.2637028878
47,lib_biplane_mBC,library_match,0.25,half-normal scale 0.3580,half-normal scale 0.3580,20261005,"76,2,0",100000,AP,A1,bias_mm,-1.923075698,0.008176218297,-1.663475337,0.004927414245,0.1989745566,0.2835705884
47,lib_biplane_mBC,library_match,0.25,half-normal scale 0.3580,half-normal scale 0.3580,20261005,"76,2,0",100000,AP,A1,rmse_mm,3.222298536,0.01014760751,1.296761565,0.009142796789,0.1989745566,0.2835705884
47,lib_biplane_mBC,library_match,0.25,half-normal scale 0.3580,half-normal scale 0.3580,20261005,"76,2,0",100000,AP,A1,mae_mm,2.435991123,0.006670232077,0.9705677607,0.005642985123,0.1989745566,0.2835705884
47,lib_biplane_mBC,library_match,0.25,half-normal scale 0.3580,half-normal scale 0.3580,20261005,"76,2,0",100000,AP,A1,sd_err_mm,2.585547246,0.005781488309,,,0.1989745566,0.2835705884
47,lib_biplane_mBC,library_match,0.25,half-normal scale 0.3580,half-normal scale 0.3580,20261005,"76,2,0",100000,AP,A2,bias_mm,-2.420316045,0.007069763701,-1.175608604,0.002525486524,0.1989745566,0.2835705884
47,lib_biplane_mBC,library_match,0.25,half-normal scale 0.3580,half-normal scale 0.3580,20261005,"76,2,0",100000,AP,A2,rmse_mm,3.294849868,0.00902922127,1.085458307,0.004205120607,0.1989745566,0.2835705884
47,lib_biplane_mBC,library_match,0.25,half-normal scale 0.3580,half-normal scale 0.3580,20261005,"76,2,0",100000,AP,A2,mae_mm,2.605092409,0.006379318059,0.9001707097,0.003238103017,0.1989745566,0.2835705884
47,lib_biplane_mBC,library_match,0.25,half-normal scale 0.3580,half-normal scale 0.3580,20261005,"76,2,0",100000,AP,A2,sd_err_mm,2.235655582,0.00499910285,,,0.1989745566,0.2835705884
47,lib_biplane_mBC,library_match,0.25,half-normal scale 0.3580,half-normal scale 0.3580,20261005,"76,2,0",100000,AP,A3,bias_mm,-0.4714606868,0.00696733518,-0.8638102277,0.003028288753,0.1989745566,0.2835705884
47,lib_biplane_mBC,library_match,0.25,half-normal scale 0.3580,half-normal scale 0.3580,20261005,"76,2,0",100000,AP,A3,rmse_mm,2.253131729,0.007743298266,0.2527681789,0.005787431049,0.1989745566,0.2835705884
47,lib_biplane_mBC,library_match,0.25,half-normal scale 0.3580,half-normal scale 0.3580,20261005,"76,2,0",100000,AP,A3,mae_mm,1.678702846,0.004752454028,0.2039994067,0.003455579901,0.1989745566,0.2835705884
47,lib_biplane_mBC,library_match,0.25,half-normal scale 0.3580,half-normal scale 0.3580,20261005,"76,2,0",100000,AP,A3,sd_err_mm,2.203264839,0.004926674586,,,0.1989745566,0.2835705884
47,lib_biplane_mBC,library_match,0.25,half-normal scale 0.3580,half-normal scale 0.3580,20261005,"76,2,0",100000,AP,A4,bias_mm,-0.7172978267,0.006951721311,-0.9985729889,0.003694310795,0.1989745566,0.2835705884
47,lib_biplane_mBC,library_match,0.25,half-normal scale 0.3580,half-normal scale 0.3580,20261005,"76,2,0",100000,AP,A4,rmse_mm,2.312382054,0.007939355654,0.4105566651,0.006959532983,0.1989745566,0.2835705884
47,lib_biplane_mBC,library_match,0.25,half-normal scale 0.3580,half-normal scale 0.3580,20261005,"76,2,0",100000,AP,A4,mae_mm,1.71564816,0.004902740248,0.2904393466,0.003957848052,0.1989745566,0.2835705884
47,lib_biplane_mBC,library_match,0.25,half-normal scale 0.3580,half-normal scale 0.3580,20261005,"76,2,0",100000,AP,A4,sd_err_mm,2.1983273,0.004915633858,,,0.1989745566,0.2835705884
47,lib_biplane_mBC,library_match,0.25,half-normal scale 0.3580,half-normal scale 0.3580,20261005,"76,2,0",100000,SL,A1,bias_mm,-1.233394657,0.005791084161,-1.065133916,0.003239520181,0.1992176143,0.2854722795
47,lib_biplane_mBC,library_match,0.25,half-normal scale 0.3580,half-normal scale 0.3580,20261005,"76,2,0",100000,SL,A1,rmse_mm,2.207916307,0.006746519721,0.764703872,0.005890064251,0.1992176143,0.2854722795
47,lib_biplane_mBC,library_match,0.25,half-normal scale 0.3580,half-normal scale 0.3580,20261005,"76,2,0",100000,SL,A1,mae_mm,1.678744808,0.004535119468,0.5617089088,0.003754239257,0.1992176143,0.2854722795
47,lib_biplane_mBC,library_match,0.25,half-normal scale 0.3580,half-normal scale 0.3580,20261005,"76,2,0",100000,SL,A1,sd_err_mm,1.831301607,0.004094935355,,,0.1992176143,0.2854722795
47,lib_biplane_mBC,library_match,0.25,half-normal scale 0.3580,half-normal scale 0.3580,20261005,"76,2,0",100000,SL,A2,bias_mm,-1.549638491,0.005033340324,-0.753389264,0.001665449835,0.1992176143,0.2854722795
47,lib_biplane_mBC,library_match,0.25,half-normal scale 0.3580,half-normal scale 0.3580,20261005,"76,2,0",100000,SL,A2,rmse_mm,2.221442234,0.006025236413,0.6572204943,0.002844467722,0.1992176143,0.2854722795
47,lib_biplane_mBC,library_match,0.25,half-normal scale 0.3580,half-normal scale 0.3580,20261005,"76,2,0",100000,SL,A2,mae_mm,1.743179425,0.004354480515,0.5301369935,0.002215384106,0.1992176143,0.2854722795
47,lib_biplane_mBC,library_match,0.25,half-normal scale 0.3580,half-normal scale 0.3580,20261005,"76,2,0",100000,SL,A2,sd_err_mm,1.591681966,0.003559126871,,,0.1992176143,0.2854722795
47,lib_biplane_mBC,library_match,0.25,half-normal scale 0.3580,half-normal scale 0.3580,20261005,"76,2,0",100000,SL,A3,bias_mm,-0.2335168427,0.005025565857,-0.5619497271,0.001974350015,0.1992176143,0.2854722795
47,lib_biplane_mBC,library_match,0.25,half-normal scale 0.3580,half-normal scale 0.3580,20261005,"76,2,0",100000,SL,A3,rmse_mm,1.606280199,0.005313946953,0.1262383599,0.003659759272,0.1992176143,0.2854722795
47,lib_biplane_mBC,library_match,0.25,half-normal scale 0.3580,half-normal scale 0.3580,20261005,"76,2,0",100000,SL,A3,mae_mm,1.212662475,0.003331061234,0.09791222505,0.002286481191,0.1992176143,0.2854722795
47,lib_biplane_mBC,library_match,0.25,half-normal scale 0.3580,half-normal scale 0.3580,20261005,"76,2,0",100000,SL,A3,sd_err_mm,1.589223464,0.003553629465,,,0.1992176143,0.2854722795
47,lib_biplane_mBC,library_match,0.25,half-normal scale 0.3580,half-normal scale 0.3580,20261005,"76,2,0",100000,SL,A4,bias_mm,-0.3398409848,0.004984853267,-0.6261239553,0.002421204162,0.1992176143,0.2854722795
47,lib_biplane_mBC,library_match,0.25,half-normal scale 0.3580,half-normal scale 0.3580,20261005,"76,2,0",100000,SL,A4,rmse_mm,1.612557985,0.005302183431,0.182500561,0.004413502144,0.1992176143,0.2854722795
47,lib_biplane_mBC,library_match,0.25,half-normal scale 0.3580,half-normal scale 0.3580,20261005,"76,2,0",100000,SL,A4,mae_mm,1.216180118,0.003348522643,0.1246809438,0.002566155955,0.1992176143,0.2854722795
47,lib_biplane_mBC,library_match,0.25,half-normal scale 0.3580,half-normal scale 0.3580,20261005,"76,2,0",100000,SL,A4,sd_err_mm,1.576349013,0.003524841173,,,0.1992176143,0.2854722795
48,geom_ind15_r1_halfnormal,geometric_match,0.25,half-normal scale 0.3699,half-normal scale 0.0301,20261005,"76,2,0",100000,AP,A1,bias_mm,-1.923075698,0.008176218297,-1.663475337,0.004927414245,0.1989745566,0.2926205573
48,geom_ind15_r1_halfnormal,geometric_match,0.25,half-normal scale 0.3699,half-normal scale 0.0301,20261005,"76,2,0",100000,AP,A1,rmse_mm,3.222298536,0.01014760751,1.296761565,0.009142796789,0.1989745566,0.2926205573
48,geom_ind15_r1_halfnormal,geometric_match,0.25,half-normal scale 0.3699,half-normal scale 0.0301,20261005,"76,2,0",100000,AP,A1,mae_mm,2.435991123,0.006670232077,0.9705677607,0.005642985123,0.1989745566,0.2926205573
48,geom_ind15_r1_halfnormal,geometric_match,0.25,half-normal scale 0.3699,half-normal scale 0.0301,20261005,"76,2,0",100000,AP,A1,sd_err_mm,2.585547246,0.005781488309,,,0.1989745566,0.2926205573
48,geom_ind15_r1_halfnormal,geometric_match,0.25,half-normal scale 0.3699,half-normal scale 0.0301,20261005,"76,2,0",100000,AP,A2,bias_mm,-2.486720646,0.007161567656,-1.242013206,0.002643696155,0.1989745566,0.2926205573
48,geom_ind15_r1_halfnormal,geometric_match,0.25,half-normal scale 0.3699,half-normal scale 0.0301,20261005,"76,2,0",100000,AP,A2,rmse_mm,3.363410979,0.009185459756,1.154019418,0.004390450853,0.1989745566,0.2926205573
48,geom_ind15_r1_halfnormal,geometric_match,0.25,half-normal scale 0.3699,half-normal scale 0.0301,20261005,"76,2,0",100000,AP,A2,mae_mm,2.663406065,0.006495262686,0.9584843656,0.00338115434,0.1989745566,0.2926205573
48,geom_ind15_r1_halfnormal,geometric_match,0.25,half-normal scale 0.3699,half-normal scale 0.0301,20261005,"76,2,0",100000,AP,A2,sd_err_mm,2.264686541,0.005064018373,,,0.1989745566,0.2926205573
48,geom_ind15_r1_halfnormal,geometric_match,0.25,half-normal scale 0.3699,half-normal scale 0.0301,20261005,"76,2,0",100000,AP,A3,bias_mm,-0.5011514856,0.00699574229,-0.8935010264,0.003075017377,0.1989745566,0.2926205573
48,geom_ind15_r1_halfnormal,geometric_match,0.25,half-normal scale 0.3699,half-normal scale 0.0301,20261005,"76,2,0",100000,AP,A3,rmse_mm,2.268291183,0.007777890901,0.2679276329,0.005936682787,0.1989745566,0.2926205573
48,geom_ind15_r1_halfnormal,geometric_match,0.25,half-normal scale 0.3699,half-normal scale 0.0301,20261005,"76,2,0",100000,AP,A3,mae_mm,1.689860343,0.004784913588,0.2151569045,0.003538028906,0.1989745566,0.2926205573
48,geom_ind15_r1_halfnormal,geometric_match,0.25,half-normal scale 0.3699,half-normal scale 0.0301,20261005,"76,2,0",100000,AP,A3,sd_err_mm,2.212247956,0.004946761546,,,0.1989745566,0.2926205573
48,geom_ind15_r1_halfnormal,geometric_match,0.25,half-normal scale 0.3699,half-normal scale 0.0301,20261005,"76,2,0",100000,AP,A4,bias_mm,-0.7424008772,0.00698236116,-1.023676039,0.003724505683,0.1989745566,0.2926205573
48,geom_ind15_r1_halfnormal,geometric_match,0.25,half-normal scale 0.3699,half-normal scale 0.0301,20261005,"76,2,0",100000,AP,A4,rmse_mm,2.329473555,0.00800105758,0.4276481663,0.00706349687,0.1989745566,0.2926205573
48,geom_ind15_r1_halfnormal,geometric_match,0.25,half-normal scale 0.3699,half-normal scale 0.0301,20261005,"76,2,0",100000,AP,A4,mae_mm,1.727722657,0.004941098946,0.3025138442,0.004019906599,0.1989745566,0.2926205573
48,geom_ind15_r1_halfnormal,geometric_match,0.25,half-normal scale 0.3699,half-normal scale 0.0301,20261005,"76,2,0",100000,AP,A4,sd_err_mm,2.208016471,0.004937299611,,,0.1989745566,0.2926205573
48,geom_ind15_r1_halfnormal,geometric_match,0.25,half-normal scale 0.3699,half-normal scale 0.0301,20261005,"76,2,0",100000,SL,A1,bias_mm,-1.233394657,0.005791084161,-1.065133916,0.003239520181,0.1992176143,0.02409188758
48,geom_ind15_r1_halfnormal,geometric_match,0.25,half-normal scale 0.3699,half-normal scale 0.0301,20261005,"76,2,0",100000,SL,A1,rmse_mm,2.207916307,0.006746519721,0.764703872,0.005890064251,0.1992176143,0.02409188758
48,geom_ind15_r1_halfnormal,geometric_match,0.25,half-normal scale 0.3699,half-normal scale 0.0301,20261005,"76,2,0",100000,SL,A1,mae_mm,1.678744808,0.004535119468,0.5617089088,0.003754239257,0.1992176143,0.02409188758
48,geom_ind15_r1_halfnormal,geometric_match,0.25,half-normal scale 0.3699,half-normal scale 0.0301,20261005,"76,2,0",100000,SL,A1,sd_err_mm,1.831301607,0.004094935355,,,0.1992176143,0.02409188758
48,geom_ind15_r1_halfnormal,geometric_match,0.25,half-normal scale 0.3699,half-normal scale 0.0301,20261005,"76,2,0",100000,SL,A2,bias_mm,-0.327072546,0.004011429637,0.4691766814,0.001893669245,0.1992176143,0.02409188758
48,geom_ind15_r1_halfnormal,geometric_match,0.25,half-normal scale 0.3699,half-normal scale 0.0301,20261005,"76,2,0",100000,SL,A2,rmse_mm,1.310006539,0.003542058867,-0.2542152012,0.002836543912,0.1992176143,0.02409188758
48,geom_ind15_r1_halfnormal,geometric_match,0.25,half-normal scale 0.3699,half-normal scale 0.0301,20261005,"76,2,0",100000,SL,A2,mae_mm,1.016741273,0.002612204318,-0.1963011586,0.00205208205,0.1992176143,0.02409188758
48,geom_ind15_r1_halfnormal,geometric_match,0.25,half-normal scale 0.3699,half-normal scale 0.0301,20261005,"76,2,0",100000,SL,A2,sd_err_mm,1.268525433,0.002836523281,,,0.1992176143,0.02409188758
48,geom_ind15_r1_halfnormal,geometric_match,0.25,half-normal scale 0.3699,half-normal scale 0.0301,20261005,"76,2,0",100000,SL,A3,bias_mm,0.7524171946,0.004694202602,0.4239843102,0.002508171048,0.1992176143,0.02409188758
48,geom_ind15_r1_halfnormal,geometric_match,0.25,half-normal scale 0.3699,half-normal scale 0.0301,20261005,"76,2,0",100000,SL,A3,rmse_mm,1.664230575,0.006094118451,0.1841887355,0.003575183345,0.1992176143,0.02409188758
48,geom_ind15_r1_halfnormal,geometric_match,0.25,half-normal scale 0.3699,half-normal scale 0.0301,20261005,"76,2,0",100000,SL,A3,mae_mm,1.236112788,0.0035237778,0.1213625375,0.002418242279,0.1992176143,0.02409188758
48,geom_ind15_r1_halfnormal,geometric_match,0.25,half-normal scale 0.3699,half-normal scale 0.0301,20261005,"76,2,0",100000,SL,A3,sd_err_mm,1.484437202,0.003319319088,,,0.1992176143,0.02409188758
48,geom_ind15_r1_halfnormal,geometric_match,0.25,half-normal scale 0.3699,half-normal scale 0.0301,20261005,"76,2,0",100000,SL,A4,bias_mm,0.555369549,0.004528688752,0.2690865786,0.002830303637,0.1992176143,0.02409188758
48,geom_ind15_r1_halfnormal,geometric_match,0.25,half-normal scale 0.3699,half-normal scale 0.0301,20261005,"76,2,0",100000,SL,A4,rmse_mm,1.536006839,0.005168387507,0.1059494142,0.003822437482,0.1992176143,0.02409188758
48,geom_ind15_r1_halfnormal,geometric_match,0.25,half-normal scale 0.3699,half-normal scale 0.0301,20261005,"76,2,0",100000,SL,A4,mae_mm,1.161608927,0.003178036828,0.07010975304,0.00246269782,0.1992176143,0.02409188758
48,geom_ind15_r1_halfnormal,geometric_match,0.25,half-normal scale 0.3699,half-normal scale 0.0301,20261005,"76,2,0",100000,SL,A4,sd_err_mm,1.432097127,0.003202282538,,,0.1992176143,0.02409188758
49,geom_ind15_r1_chord,geometric_match,0.25,"chord link, shift 0.2308, offset scale 0.3844","chord link, shift -0.1390, offset scale 0.5058",20261005,"76,2,0",100000,AP,A1,bias_mm,-1.923075698,0.008176218297,-1.663475337,0.004927414245,0.1989745566,0.2948076302
49,geom_ind15_r1_chord,geometric_match,0.25,"chord link, shift 0.2308, offset scale 0.3844","chord link, shift -0.1390, offset scale 0.5058",20261005,"76,2,0",100000,AP,A1,rmse_mm,3.222298536,0.01014760751,1.296761565,0.009142796789,0.1989745566,0.2948076302
49,geom_ind15_r1_chord,geometric_match,0.25,"chord link, shift 0.2308, offset scale 0.3844","chord link, shift -0.1390, offset scale 0.5058",20261005,"76,2,0",100000,AP,A1,mae_mm,2.435991123,0.006670232077,0.9705677607,0.005642985123,0.1989745566,0.2948076302
49,geom_ind15_r1_chord,geometric_match,0.25,"chord link, shift 0.2308, offset scale 0.3844","chord link, shift -0.1390, offset scale 0.5058",20261005,"76,2,0",100000,AP,A1,sd_err_mm,2.585547246,0.005781488309,,,0.1989745566,0.2948076302
49,geom_ind15_r1_chord,geometric_match,0.25,"chord link, shift 0.2308, offset scale 0.3844","chord link, shift -0.1390, offset scale 0.5058",20261005,"76,2,0",100000,AP,A2,bias_mm,-2.501466641,0.006135503309,-1.256759201,0.002558753761,0.1989745566,0.2948076302
49,geom_ind15_r1_chord,geometric_match,0.25,"chord link, shift 0.2308, offset scale 0.3844","chord link, shift -0.1390, offset scale 0.5058",20261005,"76,2,0",100000,AP,A2,rmse_mm,3.165712842,0.007624881201,0.9563212813,0.003722328783,0.1989745566,0.2948076302
49,geom_ind15_r1_chord,geometric_match,0.25,"chord link, shift 0.2308, offset scale 0.3844","chord link, shift -0.1390, offset scale 0.5058",20261005,"76,2,0",100000,AP,A2,mae_mm,2.593395102,0.005741143268,0.8884734029,0.003278671003,0.1989745566,0.2948076302
49,geom_ind15_r1_chord,geometric_match,0.25,"chord link, shift 0.2308, offset scale 0.3844","chord link, shift -0.1390, offset scale 0.5058",20261005,"76,2,0",100000,AP,A2,sd_err_mm,1.940216505,0.004338477688,,,0.1989745566,0.2948076302
49,geom_ind15_r1_chord,geometric_match,0.25,"chord link, shift 0.2308, offset scale 0.3844","chord link, shift -0.1390, offset scale 0.5058",20261005,"76,2,0",100000,AP,A3,bias_mm,-1.018641042,0.006436704619,-1.410990583,0.003404342756,0.1989745566,0.2948076302
49,geom_ind15_r1_chord,geometric_match,0.25,"chord link, shift 0.2308, offset scale 0.3844","chord link, shift -0.1390, offset scale 0.5058",20261005,"76,2,0",100000,AP,A3,rmse_mm,2.27611616,0.006764230726,0.2757526107,0.007001471192,0.1989745566,0.2948076302
49,geom_ind15_r1_chord,geometric_match,0.25,"chord link, shift 0.2308, offset scale 0.3844","chord link, shift -0.1390, offset scale 0.5058",20261005,"76,2,0",100000,AP,A3,mae_mm,1.74764902,0.004611343559,0.2729455815,0.00457343121,0.1989745566,0.2948076302
49,geom_ind15_r1_chord,geometric_match,0.25,"chord link, shift 0.2308, offset scale 0.3844","chord link, shift -0.1390, offset scale 0.5058",20261005,"76,2,0",100000,AP,A3,sd_err_mm,2.035464722,0.004551460242,,,0.1989745566,0.2948076302
49,geom_ind15_r1_chord,geometric_match,0.25,"chord link, shift 0.2308, offset scale 0.3844","chord link, shift -0.1390, offset scale 0.5058",20261005,"76,2,0",100000,AP,A4,bias_mm,-1.161510172,0.006520687512,-1.442785335,0.003737264334,0.1989745566,0.2948076302
49,geom_ind15_r1_chord,geometric_match,0.25,"chord link, shift 0.2308, offset scale 0.3844","chord link, shift -0.1390, offset scale 0.5058",20261005,"76,2,0",100000,AP,A4,rmse_mm,2.366643176,0.007267078668,0.4648177874,0.007180158537,0.1989745566,0.2948076302
49,geom_ind15_r1_chord,geometric_match,0.25,"chord link, shift 0.2308, offset scale 0.3844","chord link, shift -0.1390, offset scale 0.5058",20261005,"76,2,0",100000,AP,A4,mae_mm,1.806105674,0.004836326713,0.3808968615,0.004683274926,0.1989745566,0.2948076302
49,geom_ind15_r1_chord,geometric_match,0.25,"chord link, shift 0.2308, offset scale 0.3844","chord link, shift -0.1390, offset scale 0.5058",20261005,"76,2,0",100000,AP,A4,sd_err_mm,2.062022445,0.004610845412,,,0.1989745566,0.2948076302
49,geom_ind15_r1_chord,geometric_match,0.25,"chord link, shift 0.2308, offset scale 0.3844","chord link, shift -0.1390, offset scale 0.5058",20261005,"76,2,0",100000,SL,A1,bias_mm,-1.233394657,0.005791084161,-1.065133916,0.003239520181,0.1992176143,0.02553540999
49,geom_ind15_r1_chord,geometric_match,0.25,"chord link, shift 0.2308, offset scale 0.3844","chord link, shift -0.1390, offset scale 0.5058",20261005,"76,2,0",100000,SL,A1,rmse_mm,2.207916307,0.006746519721,0.764703872,0.005890064251,0.1992176143,0.02553540999
49,geom_ind15_r1_chord,geometric_match,0.25,"chord link, shift 0.2308, offset scale 0.3844","chord link, shift -0.1390, offset scale 0.5058",20261005,"76,2,0",100000,SL,A1,mae_mm,1.678744808,0.004535119468,0.5617089088,0.003754239257,0.1992176143,0.02553540999
49,geom_ind15_r1_chord,geometric_match,0.25,"chord link, shift 0.2308, offset scale 0.3844","chord link, shift -0.1390, offset scale 0.5058",20261005,"76,2,0",100000,SL,A1,sd_err_mm,1.831301607,0.004094935355,,,0.1992176143,0.02553540999
49,geom_ind15_r1_chord,geometric_match,0.25,"chord link, shift 0.2308, offset scale 0.3844","chord link, shift -0.1390, offset scale 0.5058",20261005,"76,2,0",100000,SL,A2,bias_mm,-0.3293109855,0.004861119316,0.4669382419,0.001660625021,0.1992176143,0.02553540999
49,geom_ind15_r1_chord,geometric_match,0.25,"chord link, shift 0.2308, offset scale 0.3844","chord link, shift -0.1390, offset scale 0.5058",20261005,"76,2,0",100000,SL,A2,rmse_mm,1.572091026,0.004943232936,0.007869286264,0.002679843631,0.1992176143,0.02553540999
49,geom_ind15_r1_chord,geometric_match,0.25,"chord link, shift 0.2308, offset scale 0.3844","chord link, shift -0.1390, offset scale 0.5058",20261005,"76,2,0",100000,SL,A2,mae_mm,1.186913467,0.003259934421,-0.02612896385,0.002012842242,0.1992176143,0.02553540999
49,geom_ind15_r1_chord,geometric_match,0.25,"chord link, shift 0.2308, offset scale 0.3844","chord link, shift -0.1390, offset scale 0.5058",20261005,"76,2,0",100000,SL,A2,sd_err_mm,1.537220902,0.003437347619,,,0.1992176143,0.02553540999
49,geom_ind15_r1_chord,geometric_match,0.25,"chord link, shift 0.2308, offset scale 0.3844","chord link, shift -0.1390, offset scale 0.5058",20261005,"76,2,0",100000,SL,A3,bias_mm,1.180318475,0.005576389474,0.8518855905,0.003148669213,0.1992176143,0.02553540999
49,geom_ind15_r1_chord,geometric_match,0.25,"chord link, shift 0.2308, offset scale 0.3844","chord link, shift -0.1390, offset scale 0.5058",20261005,"76,2,0",100000,SL,A3,rmse_mm,2.121964317,0.007253811821,0.641922478,0.004482469151,0.1992176143,0.02553540999
49,geom_ind15_r1_chord,geometric_match,0.25,"chord link, shift 0.2308, offset scale 0.3844","chord link, shift -0.1390, offset scale 0.5058",20261005,"76,2,0",100000,SL,A3,mae_mm,1.59097317,0.004440221448,0.4762229196,0.003349303938,0.1992176143,0.02553540999
49,geom_ind15_r1_chord,geometric_match,0.25,"chord link, shift 0.2308, offset scale 0.3844","chord link, shift -0.1390, offset scale 0.5058",20261005,"76,2,0",100000,SL,A3,sd_err_mm,1.763409186,0.003943122528,,,0.1992176143,0.02553540999
49,geom_ind15_r1_chord,geometric_match,0.25,"chord link, shift 0.2308, offset scale 0.3844","chord link, shift -0.1390, offset scale 0.5058",20261005,"76,2,0",100000,SL,A4,bias_mm,0.8964176263,0.005440700559,0.6101346558,0.003710875112,0.1992176143,0.02553540999
49,geom_ind15_r1_chord,geometric_match,0.25,"chord link, shift 0.2308, offset scale 0.3844","chord link, shift -0.1390, offset scale 0.5058",20261005,"76,2,0",100000,SL,A4,rmse_mm,1.940014746,0.006209127989,0.5099573221,0.004790286071,0.1992176143,0.02553540999
49,geom_ind15_r1_chord,geometric_match,0.25,"chord link, shift 0.2308, offset scale 0.3844","chord link, shift -0.1390, offset scale 0.5058",20261005,"76,2,0",100000,SL,A4,mae_mm,1.473058826,0.003992205968,0.3815596518,0.003376404198,0.1992176143,0.02553540999
49,geom_ind15_r1_chord,geometric_match,0.25,"chord link, shift 0.2308, offset scale 0.3844","chord link, shift -0.1390, offset scale 0.5058",20261005,"76,2,0",100000,SL,A4,sd_err_mm,1.720500583,0.003847175495,,,0.1992176143,0.02553540999
50,geom_ind15_r2_halfnormal,geometric_match,0.25,half-normal scale 0.1047,half-normal scale 0.1792,20261005,"76,2,0",100000,AP,A1,bias_mm,-1.923075698,0.008176218297,-1.663475337,0.004927414245,0.1989745566,0.08335168862
50,geom_ind15_r2_halfnormal,geometric_match,0.25,half-normal scale 0.1047,half-normal scale 0.1792,20261005,"76,2,0",100000,AP,A1,rmse_mm,3.222298536,0.01014760751,1.296761565,0.009142796789,0.1989745566,0.08335168862
50,geom_ind15_r2_halfnormal,geometric_match,0.25,half-normal scale 0.1047,half-normal scale 0.1792,20261005,"76,2,0",100000,AP,A1,mae_mm,2.435991123,0.006670232077,0.9705677607,0.005642985123,0.1989745566,0.08335168862
50,geom_ind15_r2_halfnormal,geometric_match,0.25,half-normal scale 0.1047,half-normal scale 0.1792,20261005,"76,2,0",100000,AP,A1,sd_err_mm,2.585547246,0.005781488309,,,0.1989745566,0.08335168862
50,geom_ind15_r2_halfnormal,geometric_match,0.25,half-normal scale 0.1047,half-normal scale 0.1792,20261005,"76,2,0",100000,AP,A2,bias_mm,-0.9505915085,0.005502177279,0.2941159319,0.002111654419,0.1989745566,0.08335168862
50,geom_ind15_r2_halfnormal,geometric_match,0.25,half-normal scale 0.1047,half-normal scale 0.1792,20261005,"76,2,0",100000,AP,A2,rmse_mm,1.982672294,0.005640669194,-0.2267192671,0.00305529531,0.1989745566,0.08335168862
50,geom_ind15_r2_halfnormal,geometric_match,0.25,half-normal scale 0.1047,half-normal scale 0.1792,20261005,"76,2,0",100000,AP,A2,mae_mm,1.525474161,0.004004914538,-0.179447538,0.002092048747,0.1989745566,0.08335168862
50,geom_ind15_r2_halfnormal,geometric_match,0.25,half-normal scale 0.1047,half-normal scale 0.1792,20261005,"76,2,0",100000,AP,A2,sd_err_mm,1.739941229,0.003890646319,,,0.1989745566,0.08335168862
50,geom_ind15_r2_halfnormal,geometric_match,0.25,half-normal scale 0.1047,half-normal scale 0.1792,20261005,"76,2,0",100000,AP,A3,bias_mm,0.5267679792,0.006379274743,0.1344184383,0.002944307067,0.1989745566,0.08335168862
50,geom_ind15_r2_halfnormal,geometric_match,0.25,half-normal scale 0.1047,half-normal scale 0.1792,20261005,"76,2,0",100000,AP,A3,rmse_mm,2.084936074,0.008270539395,0.0845725243,0.004060691141,0.1989745566,0.08335168862
50,geom_ind15_r2_halfnormal,geometric_match,0.25,half-normal scale 0.1047,half-normal scale 0.1792,20261005,"76,2,0",100000,AP,A3,mae_mm,1.522169988,0.004505526894,0.04746654946,0.002624434644,0.1989745566,0.08335168862
50,geom_ind15_r2_halfnormal,geometric_match,0.25,half-normal scale 0.1047,half-normal scale 0.1792,20261005,"76,2,0",100000,AP,A3,sd_err_mm,2.017303801,0.004510850984,,,0.1989745566,0.08335168862
50,geom_ind15_r2_halfnormal,geometric_match,0.25,half-normal scale 0.1047,half-normal scale 0.1792,20261005,"76,2,0",100000,AP,A4,bias_mm,0.1676943897,0.006201623189,-0.1135807725,0.003602039276,0.1989745566,0.08335168862
50,geom_ind15_r2_halfnormal,geometric_match,0.25,half-normal scale 0.1047,half-normal scale 0.1792,20261005,"76,2,0",100000,AP,A4,rmse_mm,1.96827233,0.00730223075,0.0664469411,0.005315295075,0.1989745566,0.08335168862
50,geom_ind15_r2_halfnormal,geometric_match,0.25,half-normal scale 0.1047,half-normal scale 0.1792,20261005,"76,2,0",100000,AP,A4,mae_mm,1.457163902,0.004184240476,0.03195508909,0.003043482535,0.1989745566,0.08335168862
50,geom_ind15_r2_halfnormal,geometric_match,0.25,half-normal scale 0.1047,half-normal scale 0.1792,20261005,"76,2,0",100000,AP,A4,sd_err_mm,1.961125447,0.004385231737,,,0.1989745566,0.08335168862
50,geom_ind15_r2_halfnormal,geometric_match,0.25,half-normal scale 0.1047,half-normal scale 0.1792,20261005,"76,2,0",100000,SL,A1,bias_mm,-1.233394657,0.005791084161,-1.065133916,0.003239520181,0.1992176143,0.1436312652
50,geom_ind15_r2_halfnormal,geometric_match,0.25,half-normal scale 0.1047,half-normal scale 0.1792,20261005,"76,2,0",100000,SL,A1,rmse_mm,2.207916307,0.006746519721,0.764703872,0.005890064251,0.1992176143,0.1436312652
50,geom_ind15_r2_halfnormal,geometric_match,0.25,half-normal scale 0.1047,half-normal scale 0.1792,20261005,"76,2,0",100000,SL,A1,mae_mm,1.678744808,0.004535119468,0.5617089088,0.003754239257,0.1992176143,0.1436312652
50,geom_ind15_r2_halfnormal,geometric_match,0.25,half-normal scale 0.1047,half-normal scale 0.1792,20261005,"76,2,0",100000,SL,A1,sd_err_mm,1.831301607,0.004094935355,,,0.1992176143,0.1436312652
50,geom_ind15_r2_halfnormal,geometric_match,0.25,half-normal scale 0.1047,half-normal scale 0.1792,20261005,"76,2,0",100000,SL,A2,bias_mm,-0.8861256149,0.004274535805,-0.08987638759,0.001040241262,0.1992176143,0.1436312652
50,geom_ind15_r2_halfnormal,geometric_match,0.25,half-normal scale 0.1047,half-normal scale 0.1792,20261005,"76,2,0",100000,SL,A2,rmse_mm,1.616281525,0.004379500835,0.05205978498,0.001479186318,0.1992176143,0.1436312652
50,geom_ind15_r2_halfnormal,geometric_match,0.25,half-normal scale 0.1047,half-normal scale 0.1792,20261005,"76,2,0",100000,SL,A2,mae_mm,1.256606882,0.00321452243,0.04356445095,0.001019887577,0.1992176143,0.1436312652
50,geom_ind15_r2_halfnormal,geometric_match,0.25,half-normal scale 0.1047,half-normal scale 0.1792,20261005,"76,2,0",100000,SL,A2,sd_err_mm,1.351726908,0.003022568367,,,0.1992176143,0.1436312652
50,geom_ind15_r2_halfnormal,geometric_match,0.25,half-normal scale 0.1047,half-normal scale 0.1792,20261005,"76,2,0",100000,SL,A3,bias_mm,0.1748096793,0.00472719065,-0.1536232051,0.001771921286,0.1992176143,0.1436312652
50,geom_ind15_r2_halfnormal,geometric_match,0.25,half-normal scale 0.1047,half-normal scale 0.1792,20261005,"76,2,0",100000,SL,A3,rmse_mm,1.505047914,0.005269967332,0.02500607443,0.002223899625,0.1992176143,0.1436312652
50,geom_ind15_r2_halfnormal,geometric_match,0.25,half-normal scale 0.1047,half-normal scale 0.1792,20261005,"76,2,0",100000,SL,A3,mae_mm,1.132272073,0.003135504753,0.01752182283,0.00160447164,0.1992176143,0.1436312652
50,geom_ind15_r2_halfnormal,geometric_match,0.25,half-normal scale 0.1047,half-normal scale 0.1792,20261005,"76,2,0",100000,SL,A3,sd_err_mm,1.494868939,0.003342645278,,,0.1992176143,0.1436312652
50,geom_ind15_r2_halfnormal,geometric_match,0.25,half-normal scale 0.1047,half-normal scale 0.1792,20261005,"76,2,0",100000,SL,A4,bias_mm,0.03288995235,0.004630312346,-0.2533930181,0.002308512053,0.1992176143,0.1436312652
50,geom_ind15_r2_halfnormal,geometric_match,0.25,half-normal scale 0.1047,half-normal scale 0.1792,20261005,"76,2,0",100000,SL,A4,rmse_mm,1.464595354,0.004789189525,0.03453792968,0.003347388106,0.1992176143,0.1436312652
50,geom_ind15_r2_halfnormal,geometric_match,0.25,half-normal scale 0.1047,half-normal scale 0.1792,20261005,"76,2,0",100000,SL,A4,mae_mm,1.1113808,0.003016423986,0.01988162595,0.001993156442,0.1992176143,0.1436312652
50,geom_ind15_r2_halfnormal,geometric_match,0.25,half-normal scale 0.1047,half-normal scale 0.1792,20261005,"76,2,0",100000,SL,A4,sd_err_mm,1.464233329,0.003274141629,,,0.1992176143,0.1436312652
51,geom_ind15_r2_chord,geometric_match,0.25,"chord link, offset scale 0.3844","chord link, offset scale 0.5058",20261005,"76,2,0",100000,AP,A1,bias_mm,-1.923075698,0.008176218297,-1.663475337,0.004927414245,0.1989745566,0.08322625439
51,geom_ind15_r2_chord,geometric_match,0.25,"chord link, offset scale 0.3844","chord link, offset scale 0.5058",20261005,"76,2,0",100000,AP,A1,rmse_mm,3.222298536,0.01014760751,1.296761565,0.009142796789,0.1989745566,0.08322625439
51,geom_ind15_r2_chord,geometric_match,0.25,"chord link, offset scale 0.3844","chord link, offset scale 0.5058",20261005,"76,2,0",100000,AP,A1,mae_mm,2.435991123,0.006670232077,0.9705677607,0.005642985123,0.1989745566,0.08322625439
51,geom_ind15_r2_chord,geometric_match,0.25,"chord link, offset scale 0.3844","chord link, offset scale 0.5058",20261005,"76,2,0",100000,AP,A1,sd_err_mm,2.585547246,0.005781488309,,,0.1989745566,0.08322625439
51,geom_ind15_r2_chord,geometric_match,0.25,"chord link, offset scale 0.3844","chord link, offset scale 0.5058",20261005,"76,2,0",100000,AP,A2,bias_mm,-0.9509985382,0.00591892737,0.2937089023,0.001843969888,0.1989745566,0.08322625439
51,geom_ind15_r2_chord,geometric_match,0.25,"chord link, offset scale 0.3844","chord link, offset scale 0.5058",20261005,"76,2,0",100000,AP,A2,rmse_mm,2.099460242,0.006664699073,-0.1099313189,0.002715439944,0.1989745566,0.08322625439
51,geom_ind15_r2_chord,geometric_match,0.25,"chord link, offset scale 0.3844","chord link, offset scale 0.5058",20261005,"76,2,0",100000,AP,A2,mae_mm,1.588228039,0.004341985555,-0.1166936604,0.001900853059,0.1989745566,0.08322625439
51,geom_ind15_r2_chord,geometric_match,0.25,"chord link, offset scale 0.3844","chord link, offset scale 0.5058",20261005,"76,2,0",100000,AP,A2,sd_err_mm,1.871729179,0.004185334607,,,0.1989745566,0.08322625439
51,geom_ind15_r2_chord,geometric_match,0.25,"chord link, offset scale 0.3844","chord link, offset scale 0.5058",20261005,"76,2,0",100000,AP,A3,bias_mm,0.7022372106,0.006603752844,0.3098876697,0.003251987404,0.1989745566,0.08322625439
51,geom_ind15_r2_chord,geometric_match,0.25,"chord link, offset scale 0.3844","chord link, offset scale 0.5058",20261005,"76,2,0",100000,AP,A3,rmse_mm,2.203190562,0.008684463693,0.2028270122,0.004654538122,0.1989745566,0.08322625439
51,geom_ind15_r2_chord,geometric_match,0.25,"chord link, offset scale 0.3844","chord link, offset scale 0.5058",20261005,"76,2,0",100000,AP,A3,mae_mm,1.604068067,0.004776020415,0.1293646277,0.002987436218,0.1989745566,0.08322625439
51,geom_ind15_r2_chord,geometric_match,0.25,"chord link, offset scale 0.3844","chord link, offset scale 0.5058",20261005,"76,2,0",100000,AP,A3,sd_err_mm,2.088290009,0.004669581765,,,0.1989745566,0.08322625439
51,geom_ind15_r2_chord,geometric_match,0.25,"chord link, offset scale 0.3844","chord link, offset scale 0.5058",20261005,"76,2,0",100000,AP,A4,bias_mm,0.3095966472,0.006468769234,0.02832148497,0.00397767143,0.1989745566,0.08322625439
51,geom_ind15_r2_chord,geometric_match,0.25,"chord link, offset scale 0.3844","chord link, offset scale 0.5058",20261005,"76,2,0",100000,AP,A4,rmse_mm,2.068889987,0.007710696353,0.1670645982,0.005775770252,0.1989745566,0.08322625439
51,geom_ind15_r2_chord,geometric_match,0.25,"chord link, offset scale 0.3844","chord link, offset scale 0.5058",20261005,"76,2,0",100000,AP,A4,mae_mm,1.524907212,0.004421519337,0.09969839876,0.003355116273,0.1989745566,0.08322625439
51,geom_ind15_r2_chord,geometric_match,0.25,"chord link, offset scale 0.3844","chord link, offset scale 0.5058",20261005,"76,2,0",100000,AP,A4,sd_err_mm,2.045604444,0.004574133462,,,0.1989745566,0.08322625439
51,geom_ind15_r2_chord,geometric_match,0.25,"chord link, offset scale 0.3844","chord link, offset scale 0.5058",20261005,"76,2,0",100000,SL,A1,bias_mm,-1.233394657,0.005791084161,-1.065133916,0.003239520181,0.1992176143,0.1444653551
51,geom_ind15_r2_chord,geometric_match,0.25,"chord link, offset scale 0.3844","chord link, offset scale 0.5058",20261005,"76,2,0",100000,SL,A1,rmse_mm,2.207916307,0.006746519721,0.764703872,0.005890064251,0.1992176143,0.1444653551
51,geom_ind15_r2_chord,geometric_match,0.25,"chord link, offset scale 0.3844","chord link, offset scale 0.5058",20261005,"76,2,0",100000,SL,A1,mae_mm,1.678744808,0.004535119468,0.5617089088,0.003754239257,0.1992176143,0.1444653551
51,geom_ind15_r2_chord,geometric_match,0.25,"chord link, offset scale 0.3844","chord link, offset scale 0.5058",20261005,"76,2,0",100000,SL,A1,sd_err_mm,1.831301607,0.004094935355,,,0.1992176143,0.1444653551
51,geom_ind15_r2_chord,geometric_match,0.25,"chord link, offset scale 0.3844","chord link, offset scale 0.5058",20261005,"76,2,0",100000,SL,A2,bias_mm,-0.8882324055,0.004711400192,-0.09198317819,0.001312650636,0.1992176143,0.1444653551
51,geom_ind15_r2_chord,geometric_match,0.25,"chord link, offset scale 0.3844","chord link, offset scale 0.5058",20261005,"76,2,0",100000,SL,A2,rmse_mm,1.734550024,0.005249719113,0.170328284,0.00212506151,0.1992176143,0.1444653551
51,geom_ind15_r2_chord,geometric_match,0.25,"chord link, offset scale 0.3844","chord link, offset scale 0.5058",20261005,"76,2,0",100000,SL,A2,mae_mm,1.320822781,0.003555423473,0.10778035,0.001257382069,0.1992176143,0.1444653551
51,geom_ind15_r2_chord,geometric_match,0.25,"chord link, offset scale 0.3844","chord link, offset scale 0.5058",20261005,"76,2,0",100000,SL,A2,sd_err_mm,1.489875558,0.003331479682,,,0.1992176143,0.1444653551
51,geom_ind15_r2_chord,geometric_match,0.25,"chord link, offset scale 0.3844","chord link, offset scale 0.5058",20261005,"76,2,0",100000,SL,A3,bias_mm,0.3634657405,0.004916215365,0.03503285609,0.002123736894,0.1992176143,0.1444653551
51,geom_ind15_r2_chord,geometric_match,0.25,"chord link, offset scale 0.3844","chord link, offset scale 0.5058",20261005,"76,2,0",100000,SL,A3,rmse_mm,1.596558965,0.005753298003,0.1165171254,0.002780901805,0.1992176143,0.1444653551
51,geom_ind15_r2_chord,geometric_match,0.25,"chord link, offset scale 0.3844","chord link, offset scale 0.5058",20261005,"76,2,0",100000,SL,A3,mae_mm,1.19120144,0.003361623057,0.07645118943,0.0018930341,0.1992176143,0.1444653551
51,geom_ind15_r2_chord,geometric_match,0.25,"chord link, offset scale 0.3844","chord link, offset scale 0.5058",20261005,"76,2,0",100000,SL,A3,sd_err_mm,1.554643802,0.003476306604,,,0.1992176143,0.1444653551
51,geom_ind15_r2_chord,geometric_match,0.25,"chord link, offset scale 0.3844","chord link, offset scale 0.5058",20261005,"76,2,0",100000,SL,A4,bias_mm,0.1920309846,0.004826897624,-0.09425198587,0.002683723344,0.1992176143,0.1444653551
51,geom_ind15_r2_chord,geometric_match,0.25,"chord link, offset scale 0.3844","chord link, offset scale 0.5058",20261005,"76,2,0",100000,SL,A4,rmse_mm,1.538423436,0.005201345816,0.1083660113,0.003793737237,0.1992176143,0.1444653551
51,geom_ind15_r2_chord,geometric_match,0.25,"chord link, offset scale 0.3844","chord link, offset scale 0.5058",20261005,"76,2,0",100000,SL,A4,mae_mm,1.158931469,0.003199429253,0.06743229449,0.002251143274,0.1992176143,0.1444653551
51,geom_ind15_r2_chord,geometric_match,0.25,"chord link, offset scale 0.3844","chord link, offset scale 0.5058",20261005,"76,2,0",100000,SL,A4,sd_err_mm,1.526399052,0.003413149108,,,0.1992176143,0.1444653551
52,geom_mid15_r1_halfnormal,geometric_match,0.25,half-normal scale 0.3761,half-normal scale 0.0183,20261005,"76,2,0",100000,AP,A1,bias_mm,-1.923075698,0.008176218297,-1.663475337,0.004927414245,0.1989745566,0.297329492
52,geom_mid15_r1_halfnormal,geometric_match,0.25,half-normal scale 0.3761,half-normal scale 0.0183,20261005,"76,2,0",100000,AP,A1,rmse_mm,3.222298536,0.01014760751,1.296761565,0.009142796789,0.1989745566,0.297329492
52,geom_mid15_r1_halfnormal,geometric_match,0.25,half-normal scale 0.3761,half-normal scale 0.0183,20261005,"76,2,0",100000,AP,A1,mae_mm,2.435991123,0.006670232077,0.9705677607,0.005642985123,0.1989745566,0.297329492
52,geom_mid15_r1_halfnormal,geometric_match,0.25,half-normal scale 0.3761,half-normal scale 0.0183,20261005,"76,2,0",100000,AP,A1,sd_err_mm,2.585547246,0.005781488309,,,0.1989745566,0.297329492
52,geom_mid15_r1_halfnormal,geometric_match,0.25,half-normal scale 0.3761,half-normal scale 0.0183,20261005,"76,2,0",100000,AP,A2,bias_mm,-2.521247453,0.007209120232,-1.276540012,0.002705709866,0.1989745566,0.297329492
52,geom_mid15_r1_halfnormal,geometric_match,0.25,half-normal scale 0.3761,half-normal scale 0.0183,20261005,"76,2,0",100000,AP,A2,rmse_mm,3.399084906,0.009264715328,1.189693345,0.004486147838,0.1989745566,0.297329492
52,geom_mid15_r1_halfnormal,geometric_match,0.25,half-normal scale 0.3761,half-normal scale 0.0183,20261005,"76,2,0",100000,AP,A2,mae_mm,2.69388815,0.006554988789,0.9889664506,0.003455072388,0.1989745566,0.297329492
52,geom_mid15_r1_halfnormal,geometric_match,0.25,half-normal scale 0.3761,half-normal scale 0.0183,20261005,"76,2,0",100000,AP,A2,sd_err_mm,2.279723986,0.005097643291,,,0.1989745566,0.297329492
52,geom_mid15_r1_halfnormal,geometric_match,0.25,half-normal scale 0.3761,half-normal scale 0.0183,20261005,"76,2,0",100000,AP,A3,bias_mm,-0.5162836295,0.007010344216,-0.9086331704,0.003099762598,0.1989745566,0.297329492
52,geom_mid15_r1_halfnormal,geometric_match,0.25,half-normal scale 0.3761,half-normal scale 0.0183,20261005,"76,2,0",100000,AP,A3,rmse_mm,2.276179308,0.007796796047,0.2758157587,0.006013411075,0.1989745566,0.297329492
52,geom_mid15_r1_halfnormal,geometric_match,0.25,half-normal scale 0.3761,half-normal scale 0.0183,20261005,"76,2,0",100000,AP,A3,mae_mm,1.695664242,0.00480181016,0.2209608026,0.003580391754,0.1989745566,0.297329492
52,geom_mid15_r1_halfnormal,geometric_match,0.25,half-normal scale 0.3761,half-normal scale 0.0183,20261005,"76,2,0",100000,AP,A3,sd_err_mm,2.216865491,0.004957086719,,,0.1989745566,0.297329492
52,geom_mid15_r1_halfnormal,geometric_match,0.25,half-normal scale 0.3761,half-normal scale 0.0183,20261005,"76,2,0",100000,AP,A4,bias_mm,-0.7553882752,0.006998527087,-1.036663437,0.003739636661,0.1989745566,0.297329492
52,geom_mid15_r1_halfnormal,geometric_match,0.25,half-normal scale 0.3761,half-normal scale 0.0183,20261005,"76,2,0",100000,AP,A4,rmse_mm,2.338482543,0.008030153129,0.4366571544,0.007113052526,0.1989745566,0.297329492
52,geom_mid15_r1_halfnormal,geometric_match,0.25,half-normal scale 0.3761,half-normal scale 0.0183,20261005,"76,2,0",100000,AP,A4,mae_mm,1.734172431,0.004961019248,0.308963618,0.004052570895,0.1989745566,0.297329492
52,geom_mid15_r1_halfnormal,geometric_match,0.25,half-normal scale 0.3761,half-normal scale 0.0183,20261005,"76,2,0",100000,AP,A4,sd_err_mm,2.213128586,0.004948730705,,,0.1989745566,0.297329492
52,geom_mid15_r1_halfnormal,geometric_match,0.25,half-normal scale 0.3761,half-normal scale 0.0183,20261005,"76,2,0",100000,SL,A1,bias_mm,-1.233394657,0.005791084161,-1.065133916,0.003239520181,0.1992176143,0.01463385628
52,geom_mid15_r1_halfnormal,geometric_match,0.25,half-normal scale 0.3761,half-normal scale 0.0183,20261005,"76,2,0",100000,SL,A1,rmse_mm,2.207916307,0.006746519721,0.764703872,0.005890064251,0.1992176143,0.01463385628
52,geom_mid15_r1_halfnormal,geometric_match,0.25,half-normal scale 0.3761,half-normal scale 0.0183,20261005,"76,2,0",100000,SL,A1,mae_mm,1.678744808,0.004535119468,0.5617089088,0.003754239257,0.1992176143,0.01463385628
52,geom_mid15_r1_halfnormal,geometric_match,0.25,half-normal scale 0.3761,half-normal scale 0.0183,20261005,"76,2,0",100000,SL,A1,sd_err_mm,1.831301607,0.004094935355,,,0.1992176143,0.01463385628
52,geom_mid15_r1_halfnormal,geometric_match,0.25,half-normal scale 0.3761,half-normal scale 0.0183,20261005,"76,2,0",100000,SL,A2,bias_mm,-0.2828399129,0.004009303421,0.5134093144,0.001984824442,0.1992176143,0.01463385628
52,geom_mid15_r1_halfnormal,geometric_match,0.25,half-normal scale 0.3761,half-normal scale 0.0183,20261005,"76,2,0",100000,SL,A2,rmse_mm,1.2990126,0.003525030407,-0.2652091406,0.00299796453,0.1992176143,0.01463385628
52,geom_mid15_r1_halfnormal,geometric_match,0.25,half-normal scale 0.3761,half-normal scale 0.0183,20261005,"76,2,0",100000,SL,A2,mae_mm,1.007663061,0.002592403537,-0.2053793704,0.002167185526,0.1992176143,0.01463385628
52,geom_mid15_r1_halfnormal,geometric_match,0.25,half-normal scale 0.3761,half-normal scale 0.0183,20261005,"76,2,0",100000,SL,A2,sd_err_mm,1.267853064,0.002835019812,,,0.1992176143,0.01463385628
52,geom_mid15_r1_halfnormal,geometric_match,0.25,half-normal scale 0.3761,half-normal scale 0.0183,20261005,"76,2,0",100000,SL,A3,bias_mm,0.8110608983,0.004718692069,0.4826280139,0.002612385605,0.1992176143,0.01463385628
52,geom_mid15_r1_halfnormal,geometric_match,0.25,half-normal scale 0.3761,half-normal scale 0.0183,20261005,"76,2,0",100000,SL,A3,rmse_mm,1.698353025,0.006179983272,0.2183111863,0.003763420445,0.1992176143,0.01463385628
52,geom_mid15_r1_halfnormal,geometric_match,0.25,half-normal scale 0.3761,half-normal scale 0.0183,20261005,"76,2,0",100000,SL,A3,mae_mm,1.261892494,0.003594500319,0.1471422432,0.002541356175,0.1992176143,0.01463385628
52,geom_mid15_r1_halfnormal,geometric_match,0.25,half-normal scale 0.3761,half-normal scale 0.0183,20261005,"76,2,0",100000,SL,A3,sd_err_mm,1.492181452,0.003336635844,,,0.1992176143,0.01463385628
52,geom_mid15_r1_halfnormal,geometric_match,0.25,half-normal scale 0.3761,half-normal scale 0.0183,20261005,"76,2,0",100000,SL,A4,bias_mm,0.6078142769,0.004548030331,0.3215313064,0.002912674213,0.1992176143,0.01463385628
52,geom_mid15_r1_halfnormal,geometric_match,0.25,half-normal scale 0.3761,half-normal scale 0.0183,20261005,"76,2,0",100000,SL,A4,rmse_mm,1.561369751,0.005231554001,0.1313123267,0.003929696301,0.1992176143,0.01463385628
52,geom_mid15_r1_halfnormal,geometric_match,0.25,half-normal scale 0.3761,half-normal scale 0.0183,20261005,"76,2,0",100000,SL,A4,mae_mm,1.181150247,0.00322919498,0.08965107233,0.002552306109,0.1992176143,0.01463385628
52,geom_mid15_r1_halfnormal,geometric_match,0.25,half-normal scale 0.3761,half-normal scale 0.0183,20261005,"76,2,0",100000,SL,A4,sd_err_mm,1.438213471,0.003215959168,,,0.1992176143,0.01463385628
53,geom_mid15_r1_chord,geometric_match,0.25,"chord link, shift 0.1425, offset scale 0.5879","chord link, shift -0.2552, offset scale 0.6542",20261005,"76,2,0",100000,AP,A1,bias_mm,-1.923075698,0.008176218297,-1.663475337,0.004927414245,0.1989745566,0.3000216273
53,geom_mid15_r1_chord,geometric_match,0.25,"chord link, shift 0.1425, offset scale 0.5879","chord link, shift -0.2552, offset scale 0.6542",20261005,"76,2,0",100000,AP,A1,rmse_mm,3.222298536,0.01014760751,1.296761565,0.009142796789,0.1989745566,0.3000216273
53,geom_mid15_r1_chord,geometric_match,0.25,"chord link, shift 0.1425, offset scale 0.5879","chord link, shift -0.2552, offset scale 0.6542",20261005,"76,2,0",100000,AP,A1,mae_mm,2.435991123,0.006670232077,0.9705677607,0.005642985123,0.1989745566,0.3000216273
53,geom_mid15_r1_chord,geometric_match,0.25,"chord link, shift 0.1425, offset scale 0.5879","chord link, shift -0.2552, offset scale 0.6542",20261005,"76,2,0",100000,AP,A1,sd_err_mm,2.585547246,0.005781488309,,,0.1989745566,0.3000216273
53,geom_mid15_r1_chord,geometric_match,0.25,"chord link, shift 0.1425, offset scale 0.5879","chord link, shift -0.2552, offset scale 0.6542",20261005,"76,2,0",100000,AP,A2,bias_mm,-2.539248725,0.006924169301,-1.294541284,0.002662341919,0.1989745566,0.3000216273
53,geom_mid15_r1_chord,geometric_match,0.25,"chord link, shift 0.1425, offset scale 0.5879","chord link, shift -0.2552, offset scale 0.6542",20261005,"76,2,0",100000,AP,A2,rmse_mm,3.352931283,0.008935844537,1.143539723,0.004420518916,0.1989745566,0.3000216273
53,geom_mid15_r1_chord,geometric_match,0.25,"chord link, shift 0.1425, offset scale 0.5879","chord link, shift -0.2552, offset scale 0.6542",20261005,"76,2,0",100000,AP,A2,mae_mm,2.675493293,0.006390559183,0.9705715941,0.003478317494,0.1989745566,0.3000216273
53,geom_mid15_r1_chord,geometric_match,0.25,"chord link, shift 0.1425, offset scale 0.5879","chord link, shift -0.2552, offset scale 0.6542",20261005,"76,2,0",100000,AP,A2,sd_err_mm,2.189614589,0.004896151547,,,0.1989745566,0.3000216273
53,geom_mid15_r1_chord,geometric_match,0.25,"chord link, shift 0.1425, offset scale 0.5879","chord link, shift -0.2552, offset scale 0.6542",20261005,"76,2,0",100000,AP,A3,bias_mm,-0.7335186065,0.006550411033,-1.125868147,0.002926699166,0.1989745566,0.3000216273
53,geom_mid15_r1_chord,geometric_match,0.25,"chord link, shift 0.1425, offset scale 0.5879","chord link, shift -0.2552, offset scale 0.6542",20261005,"76,2,0",100000,AP,A3,rmse_mm,2.197451958,0.00737777896,0.1970884084,0.00648570672,0.1989745566,0.3000216273
53,geom_mid15_r1_chord,geometric_match,0.25,"chord link, shift 0.1425, offset scale 0.5879","chord link, shift -0.2552, offset scale 0.6542",20261005,"76,2,0",100000,AP,A3,mae_mm,1.652586237,0.004580147176,0.177882798,0.003931923998,0.1989745566,0.3000216273
53,geom_mid15_r1_chord,geometric_match,0.25,"chord link, shift 0.1425, offset scale 0.5879","chord link, shift -0.2552, offset scale 0.6542",20261005,"76,2,0",100000,AP,A3,sd_err_mm,2.071421847,0.00463186322,,,0.1989745566,0.3000216273
53,geom_mid15_r1_chord,geometric_match,0.25,"chord link, shift 0.1425, offset scale 0.5879","chord link, shift -0.2552, offset scale 0.6542",20261005,"76,2,0",100000,AP,A4,bias_mm,-0.9291242272,0.006616951786,-1.210399389,0.003517856406,0.1989745566,0.3000216273
53,geom_mid15_r1_chord,geometric_match,0.25,"chord link, shift 0.1425, offset scale 0.5879","chord link, shift -0.2552, offset scale 0.6542",20261005,"76,2,0",100000,AP,A4,rmse_mm,2.289461321,0.007872101971,0.3876359316,0.007307589494,0.1989745566,0.3000216273
53,geom_mid15_r1_chord,geometric_match,0.25,"chord link, shift 0.1425, offset scale 0.5879","chord link, shift -0.2552, offset scale 0.6542",20261005,"76,2,0",100000,AP,A4,mae_mm,1.70798663,0.004821242634,0.2827778174,0.004281612368,0.1989745566,0.3000216273
53,geom_mid15_r1_chord,geometric_match,0.25,"chord link, shift 0.1425, offset scale 0.5879","chord link, shift -0.2552, offset scale 0.6542",20261005,"76,2,0",100000,AP,A4,sd_err_mm,2.092463881,0.004678914873,,,0.1989745566,0.3000216273
53,geom_mid15_r1_chord,geometric_match,0.25,"chord link, shift 0.1425, offset scale 0.5879","chord link, shift -0.2552, offset scale 0.6542",20261005,"76,2,0",100000,SL,A1,bias_mm,-1.233394657,0.005791084161,-1.065133916,0.003239520181,0.1992176143,0.01675427373
53,geom_mid15_r1_chord,geometric_match,0.25,"chord link, shift 0.1425, offset scale 0.5879","chord link, shift -0.2552, offset scale 0.6542",20261005,"76,2,0",100000,SL,A1,rmse_mm,2.207916307,0.006746519721,0.764703872,0.005890064251,0.1992176143,0.01675427373
53,geom_mid15_r1_chord,geometric_match,0.25,"chord link, shift 0.1425, offset scale 0.5879","chord link, shift -0.2552, offset scale 0.6542",20261005,"76,2,0",100000,SL,A1,mae_mm,1.678744808,0.004535119468,0.5617089088,0.003754239257,0.1992176143,0.01675427373
53,geom_mid15_r1_chord,geometric_match,0.25,"chord link, shift 0.1425, offset scale 0.5879","chord link, shift -0.2552, offset scale 0.6542",20261005,"76,2,0",100000,SL,A1,sd_err_mm,1.831301607,0.004094935355,,,0.1992176143,0.01675427373
53,geom_mid15_r1_chord,geometric_match,0.25,"chord link, shift 0.1425, offset scale 0.5879","chord link, shift -0.2552, offset scale 0.6542",20261005,"76,2,0",100000,SL,A2,bias_mm,-0.2850697356,0.00550283409,0.5111794918,0.002431322591,0.1992176143,0.01675427373
53,geom_mid15_r1_chord,geometric_match,0.25,"chord link, shift 0.1425, offset scale 0.5879","chord link, shift -0.2552, offset scale 0.6542",20261005,"76,2,0",100000,SL,A2,rmse_mm,1.763335696,0.005531219997,0.1991139556,0.00342581022,0.1992176143,0.01675427373
53,geom_mid15_r1_chord,geometric_match,0.25,"chord link, shift 0.1425, offset scale 0.5879","chord link, shift -0.2552, offset scale 0.6542",20261005,"76,2,0",100000,SL,A2,mae_mm,1.33024884,0.003660333587,0.1172064089,0.002562528708,0.1992176143,0.01675427373
53,geom_mid15_r1_chord,geometric_match,0.25,"chord link, shift 0.1425, offset scale 0.5879","chord link, shift -0.2552, offset scale 0.6542",20261005,"76,2,0",100000,SL,A2,sd_err_mm,1.740148931,0.003891110757,,,0.1992176143,0.01675427373
53,geom_mid15_r1_chord,geometric_match,0.25,"chord link, shift 0.1425, offset scale 0.5879","chord link, shift -0.2552, offset scale 0.6542",20261005,"76,2,0",100000,SL,A3,bias_mm,1.605395169,0.006572485005,1.276962285,0.004274247763,0.1992176143,0.01675427373
53,geom_mid15_r1_chord,geometric_match,0.25,"chord link, shift 0.1425, offset scale 0.5879","chord link, shift -0.2552, offset scale 0.6542",20261005,"76,2,0",100000,SL,A3,rmse_mm,2.626215217,0.008314584285,1.146173378,0.005728836114,0.1992176143,0.01675427373
53,geom_mid15_r1_chord,geometric_match,0.25,"chord link, shift 0.1425, offset scale 0.5879","chord link, shift -0.2552, offset scale 0.6542",20261005,"76,2,0",100000,SL,A3,mae_mm,2.005435594,0.005362148073,0.8906853438,0.004368044736,0.1992176143,0.01675427373
53,geom_mid15_r1_chord,geometric_match,0.25,"chord link, shift 0.1425, offset scale 0.5879","chord link, shift -0.2552, offset scale 0.6542",20261005,"76,2,0",100000,SL,A3,sd_err_mm,2.07840225,0.004647471954,,,0.1992176143,0.01675427373
53,geom_mid15_r1_chord,geometric_match,0.25,"chord link, shift 0.1425, offset scale 0.5879","chord link, shift -0.2552, offset scale 0.6542",20261005,"76,2,0",100000,SL,A4,bias_mm,1.232438773,0.006453547899,0.9461558023,0.004838959713,0.1992176143,0.01675427373
53,geom_mid15_r1_chord,geometric_match,0.25,"chord link, shift 0.1425, offset scale 0.5879","chord link, shift -0.2552, offset scale 0.6542",20261005,"76,2,0",100000,SL,A4,rmse_mm,2.384049439,0.007275127543,0.9539920149,0.005951511806,0.1992176143,0.01675427373
53,geom_mid15_r1_chord,geometric_match,0.25,"chord link, shift 0.1425, offset scale 0.5879","chord link, shift -0.2552, offset scale 0.6542",20261005,"76,2,0",100000,SL,A4,mae_mm,1.832608804,0.004822094932,0.7411096295,0.004296359583,0.1992176143,0.01675427373
53,geom_mid15_r1_chord,geometric_match,0.25,"chord link, shift 0.1425, offset scale 0.5879","chord link, shift -0.2552, offset scale 0.6542",20261005,"76,2,0",100000,SL,A4,sd_err_mm,2.040791035,0.004563370299,,,0.1992176143,0.01675427373
54,geom_mid15_r2_halfnormal,geometric_match,0.25,half-normal scale 0.2302,half-normal scale 0.2692,20261005,"76,2,0",100000,AP,A1,bias_mm,-1.923075698,0.008176218297,-1.663475337,0.004927414245,0.1989745566,0.1832311961
54,geom_mid15_r2_halfnormal,geometric_match,0.25,half-normal scale 0.2302,half-normal scale 0.2692,20261005,"76,2,0",100000,AP,A1,rmse_mm,3.222298536,0.01014760751,1.296761565,0.009142796789,0.1989745566,0.1832311961
54,geom_mid15_r2_halfnormal,geometric_match,0.25,half-normal scale 0.2302,half-normal scale 0.2692,20261005,"76,2,0",100000,AP,A1,mae_mm,2.435991123,0.006670232077,0.9705677607,0.005642985123,0.1989745566,0.1832311961
54,geom_mid15_r2_halfnormal,geometric_match,0.25,half-normal scale 0.2302,half-normal scale 0.2692,20261005,"76,2,0",100000,AP,A1,sd_err_mm,2.585547246,0.005781488309,,,0.1989745566,0.1832311961
54,geom_mid15_r2_halfnormal,geometric_match,0.25,half-normal scale 0.2302,half-normal scale 0.2692,20261005,"76,2,0",100000,AP,A2,bias_mm,-1.683777518,0.006113934784,-0.4390700775,0.00156993494,0.1989745566,0.1832311961
54,geom_mid15_r2_halfnormal,geometric_match,0.25,half-normal scale 0.2302,half-normal scale 0.2692,20261005,"76,2,0",100000,AP,A2,rmse_mm,2.563803659,0.007180991262,0.3544120987,0.002430291544,0.1989745566,0.1832311961
54,geom_mid15_r2_halfnormal,geometric_match,0.25,half-normal scale 0.2302,half-normal scale 0.2692,20261005,"76,2,0",100000,AP,A2,mae_mm,1.997987004,0.005080514687,0.2930653044,0.001768594731,0.1989745566,0.1832311961
54,geom_mid15_r2_halfnormal,geometric_match,0.25,half-normal scale 0.2302,half-normal scale 0.2692,20261005,"76,2,0",100000,AP,A2,sd_err_mm,1.933395938,0.004323226362,,,0.1989745566,0.1832311961
54,geom_mid15_r2_halfnormal,geometric_match,0.25,half-normal scale 0.2302,half-normal scale 0.2692,20261005,"76,2,0",100000,AP,A3,bias_mm,-0.07302106936,0.006630400478,-0.4653706102,0.002654596745,0.1989745566,0.1832311961
54,geom_mid15_r2_halfnormal,geometric_match,0.25,half-normal scale 0.2302,half-normal scale 0.2692,20261005,"76,2,0",100000,AP,A3,rmse_mm,2.097977398,0.007577190296,0.09761384869,0.004081077596,0.1989745566,0.1832311961
54,geom_mid15_r2_halfnormal,geometric_match,0.25,half-normal scale 0.2302,half-normal scale 0.2692,20261005,"76,2,0",100000,AP,A3,mae_mm,1.559085323,0.004439348858,0.08438188401,0.002568270808,0.1989745566,0.1832311961
54,geom_mid15_r2_halfnormal,geometric_match,0.25,half-normal scale 0.2302,half-normal scale 0.2692,20261005,"76,2,0",100000,AP,A3,sd_err_mm,2.096716731,0.004688424582,,,0.1989745566,0.1832311961
54,geom_mid15_r2_halfnormal,geometric_match,0.25,half-normal scale 0.2302,half-normal scale 0.2692,20261005,"76,2,0",100000,AP,A4,bias_mm,-0.366382769,0.006564672813,-0.6476579312,0.003464492629,0.1989745566,0.1832311961
54,geom_mid15_r2_halfnormal,geometric_match,0.25,half-normal scale 0.2302,half-normal scale 0.2692,20261005,"76,2,0",100000,AP,A4,rmse_mm,2.108005254,0.007367952314,0.2061798652,0.005841681159,0.1989745566,0.1832311961
54,geom_mid15_r2_halfnormal,geometric_match,0.25,half-normal scale 0.2302,half-normal scale 0.2692,20261005,"76,2,0",100000,AP,A4,mae_mm,1.567696988,0.004456492082,0.1424881746,0.003260478579,0.1989745566,0.1832311961
54,geom_mid15_r2_halfnormal,geometric_match,0.25,half-normal scale 0.2302,half-normal scale 0.2692,20261005,"76,2,0",100000,AP,A4,sd_err_mm,2.075931818,0.004641947872,,,0.1989745566,0.1832311961
54,geom_mid15_r2_halfnormal,geometric_match,0.25,half-normal scale 0.2302,half-normal scale 0.2692,20261005,"76,2,0",100000,SL,A1,bias_mm,-1.233394657,0.005791084161,-1.065133916,0.003239520181,0.1992176143,0.2156877144
54,geom_mid15_r2_halfnormal,geometric_match,0.25,half-normal scale 0.2302,half-normal scale 0.2692,20261005,"76,2,0",100000,SL,A1,rmse_mm,2.207916307,0.006746519721,0.764703872,0.005890064251,0.1992176143,0.2156877144
54,geom_mid15_r2_halfnormal,geometric_match,0.25,half-normal scale 0.2302,half-normal scale 0.2692,20261005,"76,2,0",100000,SL,A1,mae_mm,1.678744808,0.004535119468,0.5617089088,0.003754239257,0.1992176143,0.2156877144
54,geom_mid15_r2_halfnormal,geometric_match,0.25,half-normal scale 0.2302,half-normal scale 0.2692,20261005,"76,2,0",100000,SL,A1,sd_err_mm,1.831301607,0.004094935355,,,0.1992176143,0.2156877144
54,geom_mid15_r2_halfnormal,geometric_match,0.25,half-normal scale 0.2302,half-normal scale 0.2692,20261005,"76,2,0",100000,SL,A2,bias_mm,-1.223062855,0.004618485363,-0.426813628,0.001152599406,0.1992176143,0.2156877144
54,geom_mid15_r2_halfnormal,geometric_match,0.25,half-normal scale 0.2302,half-normal scale 0.2692,20261005,"76,2,0",100000,SL,A2,rmse_mm,1.904967748,0.005195442192,0.3407460084,0.00192792612,0.1992176143,0.2156877144
54,geom_mid15_r2_halfnormal,geometric_match,0.25,half-normal scale 0.2302,half-normal scale 0.2692,20261005,"76,2,0",100000,SL,A2,mae_mm,1.486238813,0.003768302685,0.2731963821,0.001460805753,0.1992176143,0.2156877144
54,geom_mid15_r2_halfnormal,geometric_match,0.25,half-normal scale 0.2302,half-normal scale 0.2692,20261005,"76,2,0",100000,SL,A2,sd_err_mm,1.460493309,0.003265778648,,,0.1992176143,0.2156877144
54,geom_mid15_r2_halfnormal,geometric_match,0.25,half-normal scale 0.2302,half-normal scale 0.2692,20261005,"76,2,0",100000,SL,A3,bias_mm,-0.05917594609,0.004876661566,-0.3876088305,0.001784582902,0.1992176143,0.2156877144
54,geom_mid15_r2_halfnormal,geometric_match,0.25,half-normal scale 0.2302,half-normal scale 0.2692,20261005,"76,2,0",100000,SL,A3,rmse_mm,1.543263041,0.005167904084,0.06322120175,0.00279870492,0.1992176143,0.2156877144
54,geom_mid15_r2_halfnormal,geometric_match,0.25,half-normal scale 0.2302,half-normal scale 0.2692,20261005,"76,2,0",100000,SL,A3,mae_mm,1.165272846,0.003199703495,0.05052259566,0.001852980715,0.1992176143,0.2156877144
54,geom_mid15_r2_halfnormal,geometric_match,0.25,half-normal scale 0.2302,half-normal scale 0.2692,20261005,"76,2,0",100000,SL,A3,sd_err_mm,1.542135793,0.003448337704,,,0.1992176143,0.2156877144
54,geom_mid15_r2_halfnormal,geometric_match,0.25,half-normal scale 0.2302,half-normal scale 0.2692,20261005,"76,2,0",100000,SL,A4,bias_mm,-0.1808018915,0.004815302716,-0.467084862,0.002307042464,0.1992176143,0.2156877144
54,geom_mid15_r2_halfnormal,geometric_match,0.25,half-normal scale 0.2302,half-normal scale 0.2692,20261005,"76,2,0",100000,SL,A4,rmse_mm,1.533421065,0.004963267929,0.1033636404,0.003789141283,0.1992176143,0.2156877144
54,geom_mid15_r2_halfnormal,geometric_match,0.25,half-normal scale 0.2302,half-normal scale 0.2692,20261005,"76,2,0",100000,SL,A4,mae_mm,1.161047289,0.003167584867,0.06954811435,0.002214734181,0.1992176143,0.2156877144
54,geom_mid15_r2_halfnormal,geometric_match,0.25,half-normal scale 0.2302,half-normal scale 0.2692,20261005,"76,2,0",100000,SL,A4,sd_err_mm,1.522732421,0.003404950229,,,0.1992176143,0.2156877144
55,geom_mid15_r2_chord,geometric_match,0.25,"chord link, offset scale 0.5879","chord link, offset scale 0.6542",20261005,"76,2,0",100000,AP,A1,bias_mm,-1.923075698,0.008176218297,-1.663475337,0.004927414245,0.1989745566,0.1836907084
55,geom_mid15_r2_chord,geometric_match,0.25,"chord link, offset scale 0.5879","chord link, offset scale 0.6542",20261005,"76,2,0",100000,AP,A1,rmse_mm,3.222298536,0.01014760751,1.296761565,0.009142796789,0.1989745566,0.1836907084
55,geom_mid15_r2_chord,geometric_match,0.25,"chord link, offset scale 0.5879","chord link, offset scale 0.6542",20261005,"76,2,0",100000,AP,A1,mae_mm,2.435991123,0.006670232077,0.9705677607,0.005642985123,0.1989745566,0.1836907084
55,geom_mid15_r2_chord,geometric_match,0.25,"chord link, offset scale 0.5879","chord link, offset scale 0.6542",20261005,"76,2,0",100000,AP,A1,sd_err_mm,2.585547246,0.005781488309,,,0.1989745566,0.1836907084
55,geom_mid15_r2_chord,geometric_match,0.25,"chord link, offset scale 0.5879","chord link, offset scale 0.6542",20261005,"76,2,0",100000,AP,A2,bias_mm,-1.686705059,0.00697557479,-0.4419976188,0.002425629421,0.1989745566,0.1836907084
55,geom_mid15_r2_chord,geometric_match,0.25,"chord link, offset scale 0.5879","chord link, offset scale 0.6542",20261005,"76,2,0",100000,AP,A2,rmse_mm,2.776830867,0.008699741767,0.5674393063,0.003977084369,0.1989745566,0.1836907084
55,geom_mid15_r2_chord,geometric_match,0.25,"chord link, offset scale 0.5879","chord link, offset scale 0.6542",20261005,"76,2,0",100000,AP,A2,mae_mm,2.103478588,0.005732539014,0.398556889,0.002419258424,0.1989745566,0.1836907084
55,geom_mid15_r2_chord,geometric_match,0.25,"chord link, offset scale 0.5879","chord link, offset scale 0.6542",20261005,"76,2,0",100000,AP,A2,sd_err_mm,2.205870433,0.004932500899,,,0.1989745566,0.1836907084
55,geom_mid15_r2_chord,geometric_match,0.25,"chord link, offset scale 0.5879","chord link, offset scale 0.6542",20261005,"76,2,0",100000,AP,A3,bias_mm,0.2862480434,0.006954412376,-0.1061014975,0.003257135834,0.1989745566,0.1836907084
55,geom_mid15_r2_chord,geometric_match,0.25,"chord link, offset scale 0.5879","chord link, offset scale 0.6542",20261005,"76,2,0",100000,AP,A3,rmse_mm,2.217718361,0.008466356566,0.2173548111,0.004809727365,0.1989745566,0.1836907084
55,geom_mid15_r2_chord,geometric_match,0.25,"chord link, offset scale 0.5879","chord link, offset scale 0.6542",20261005,"76,2,0",100000,AP,A3,mae_mm,1.622105348,0.004782333991,0.1474019087,0.002861175899,0.1989745566,0.1836907084
55,geom_mid15_r2_chord,geometric_match,0.25,"chord link, offset scale 0.5879","chord link, offset scale 0.6542",20261005,"76,2,0",100000,AP,A3,sd_err_mm,2.19917829,0.004917536738,,,0.1989745566,0.1836907084
55,geom_mid15_r2_chord,geometric_match,0.25,"chord link, offset scale 0.5879","chord link, offset scale 0.6542",20261005,"76,2,0",100000,AP,A4,bias_mm,-0.0702973362,0.006896854715,-0.3515724984,0.004079204748,0.1989745566,0.1836907084
55,geom_mid15_r2_chord,geometric_match,0.25,"chord link, offset scale 0.5879","chord link, offset scale 0.6542",20261005,"76,2,0",100000,AP,A4,rmse_mm,2.182098679,0.008077267148,0.28027329,0.006442777227,0.1989745566,0.1836907084
55,geom_mid15_r2_chord,geometric_match,0.25,"chord link, offset scale 0.5879","chord link, offset scale 0.6542",20261005,"76,2,0",100000,AP,A4,mae_mm,1.599321732,0.004694408037,0.1741129186,0.003519876809,0.1989745566,0.1836907084
55,geom_mid15_r2_chord,geometric_match,0.25,"chord link, offset scale 0.5879","chord link, offset scale 0.6542",20261005,"76,2,0",100000,AP,A4,sd_err_mm,2.180976959,0.004876837122,,,0.1989745566,0.1836907084
55,geom_mid15_r2_chord,geometric_match,0.25,"chord link, offset scale 0.5879","chord link, offset scale 0.6542",20261005,"76,2,0",100000,SL,A1,bias_mm,-1.233394657,0.005791084161,-1.065133916,0.003239520181,0.1992176143,0.2166723668
55,geom_mid15_r2_chord,geometric_match,0.25,"chord link, offset scale 0.5879","chord link, offset scale 0.6542",20261005,"76,2,0",100000,SL,A1,rmse_mm,2.207916307,0.006746519721,0.764703872,0.005890064251,0.1992176143,0.2166723668
55,geom_mid15_r2_chord,geometric_match,0.25,"chord link, offset scale 0.5879","chord link, offset scale 0.6542",20261005,"76,2,0",100000,SL,A1,mae_mm,1.678744808,0.004535119468,0.5617089088,0.003754239257,0.1992176143,0.2166723668
55,geom_mid15_r2_chord,geometric_match,0.25,"chord link, offset scale 0.5879","chord link, offset scale 0.6542",20261005,"76,2,0",100000,SL,A1,sd_err_mm,1.831301607,0.004094935355,,,0.1992176143,0.2166723668
55,geom_mid15_r2_chord,geometric_match,0.25,"chord link, offset scale 0.5879","chord link, offset scale 0.6542",20261005,"76,2,0",100000,SL,A2,bias_mm,-1.22520646,0.005119601882,-0.4289572329,0.001793181693,0.1992176143,0.2166723668
55,geom_mid15_r2_chord,geometric_match,0.25,"chord link, offset scale 0.5879","chord link, offset scale 0.6542",20261005,"76,2,0",100000,SL,A2,rmse_mm,2.030304658,0.005994981714,0.4660829175,0.002936180338,0.1992176143,0.2166723668
55,geom_mid15_r2_chord,geometric_match,0.25,"chord link, offset scale 0.5879","chord link, offset scale 0.6542",20261005,"76,2,0",100000,SL,A2,mae_mm,1.553816161,0.004132565084,0.3407737301,0.001889613152,0.1992176143,0.2166723668
55,geom_mid15_r2_chord,geometric_match,0.25,"chord link, offset scale 0.5879","chord link, offset scale 0.6542",20261005,"76,2,0",100000,SL,A2,sd_err_mm,1.618960266,0.003620123308,,,0.1992176143,0.2166723668
55,geom_mid15_r2_chord,geometric_match,0.25,"chord link, offset scale 0.5879","chord link, offset scale 0.6542",20261005,"76,2,0",100000,SL,A3,bias_mm,0.1766047076,0.005085296707,-0.1518281768,0.002183091739,0.1992176143,0.2166723668
55,geom_mid15_r2_chord,geometric_match,0.25,"chord link, offset scale 0.5879","chord link, offset scale 0.6542",20261005,"76,2,0",100000,SL,A3,rmse_mm,1.617772426,0.005780686748,0.1377305869,0.003180805212,0.1992176143,0.2166723668
55,geom_mid15_r2_chord,geometric_match,0.25,"chord link, offset scale 0.5879","chord link, offset scale 0.6542",20261005,"76,2,0",100000,SL,A3,mae_mm,1.207710642,0.00340387164,0.09296039136,0.001955175582,0.1992176143,0.2166723668
55,geom_mid15_r2_chord,geometric_match,0.25,"chord link, offset scale 0.5879","chord link, offset scale 0.6542",20261005,"76,2,0",100000,SL,A3,sd_err_mm,1.608112017,0.003595865765,,,0.1992176143,0.2166723668
55,geom_mid15_r2_chord,geometric_match,0.25,"chord link, offset scale 0.5879","chord link, offset scale 0.6542",20261005,"76,2,0",100000,SL,A4,bias_mm,0.01929726162,0.005019069293,-0.2669857089,0.002736451377,0.1992176143,0.2166723668
55,geom_mid15_r2_chord,geometric_match,0.25,"chord link, offset scale 0.5879","chord link, offset scale 0.6542",20261005,"76,2,0",100000,SL,A4,rmse_mm,1.587278441,0.005448314646,0.1572210168,0.004209297527,0.1992176143,0.2166723668
55,geom_mid15_r2_chord,geometric_match,0.25,"chord link, offset scale 0.5879","chord link, offset scale 0.6542",20261005,"76,2,0",100000,SL,A4,mae_mm,1.191306095,0.003317007144,0.0998069211,0.002353254809,0.1992176143,0.2166723668
55,geom_mid15_r2_chord,geometric_match,0.25,"chord link, offset scale 0.5879","chord link, offset scale 0.6542",20261005,"76,2,0",100000,SL,A4,sd_err_mm,1.58716907,0.003549035677,,,0.1992176143,0.2166723668
