cohort,scope,tau_mm,truth,fired_error,fired_no_error,not_fired_error,not_fired_no_error,n_patients,prevalence,prevalence_mcse,fired,fired_mcse,sensitivity,sensitivity_mcse,false_positive_rate,false_positive_rate_mcse,specificity,specificity_mcse,ppv,ppv_mcse,npv,npv_mcse,fired_in_a_pair_with_the_error,sensitivity_pair_matched,sensitivity_pair_matched_mcse
new_pooled,AP,2.0,any_pair:D0_published,66135,117933,87118,728814,1000000,0.153253,0.00036023120074613193,0.184068,0.000387539638457797,0.4315413075111091,0.0012651911636450616,0.13927772994767032,0.00037626647646854934,0.8607222700523297,0.0003762664764685493,0.3592965643131886,0.0011183195364758674,0.8932288475019977,0.0003418860278790291,58853.0,0.3840251088070054,0.0012423867837003469
new_pooled,AP,3.0,any_pair:D0_published,45328,47518,107925,799229,1000000,0.153253,0.00036023120074613193,0.092846,0.00029021650587793935,0.2957723502965684,0.0011658181975862207,0.05611829743713293,0.00025011180682046717,0.9438817025628671,0.00025011180682046717,0.4882062770609396,0.001640467224743029,0.8810290204309301,0.00033991874588030374,41095.0,0.268151357559069,0.0011316083499413251
new_pooled,AP,4.0,any_pair:D0_published,29031,17609,124222,829138,1000000,0.153253,0.00036023120074613193,0.04664,0.0002108665701338171,0.1894318545150829,0.0010009601304174051,0.02079605832674931,0.00015507802328712685,0.9792039416732506,0.000155078023287127,0.6224485420240137,0.0022447115023776164,0.8697008475287404,0.0003447682614814147,26901.0,0.1755332685167664,0.0009717662135077942
new_pooled,AP,5.0,any_pair:D0_published,17835,6583,135418,840164,1000000,0.153253,0.00036023120074613193,0.024418,0.00015434299879165235,0.11637618839435443,0.000819145929187854,0.007774459195013387,9.54472591813889e-05,0.9922255408049866,9.544725918138901e-05,0.7304038004750594,0.0028397711992103752,0.8611926009294965,0.00035004555230978645,16846.0,0.1099228073838685,0.0007990119042315577
new_pooled,AP,6.0,any_pair:D0_published,10729,2420,142524,844327,1000000,0.153253,0.00036023120074613193,0.013149,0.00011391270253575761,0.07000841745349194,0.0006517936824365389,0.00285799654442236,5.801396141417141e-05,0.9971420034555777,5.801396141417094e-05,0.8159555859761198,0.003379467059117024,0.8555769817328046,0.00035385225017944865,10312.0,0.06728742667353983,0.000639935765189211
new_pooled,AP,2.0,any_pair:D0a_other_over,62136,121932,79922,736010,1000000,0.142058,0.00034910961693428036,0.184068,0.000387539638457797,0.4373988089371947,0.0013161526836811786,0.14212149539246244,0.00037697609623004173,0.8578785046075376,0.00037697609623004173,0.3375708977117152,0.0011022067200210839,0.9020482098998446,0.0003290743863569279,54409.0,0.3830055329513297,0.0012897641780441813
new_pooled,AP,3.0,any_pair:D0a_other_over,42544,50302,99514,807640,1000000,0.142058,0.00034910961693428036,0.092846,0.00029021650587793935,0.29948330963409314,0.0012152418230013614,0.05863100302817673,0.00025363818867511735,0.9413689969718233,0.0002536381886751173,0.4582211403829998,0.0016351853562556363,0.8903008750443695,0.00032811755887538396,37941.0,0.2670810514015402,0.0011738609771662703
new_pooled,AP,4.0,any_pair:D0a_other_over,27199,19441,114859,838501,1000000,0.142058,0.00034910961693428036,0.04664,0.0002108665701338171,0.19146404989511326,0.0010439037071296741,0.022660039956080947,0.00016066608053018973,0.9773399600439191,0.0001606660805301896,0.5831689536878216,0.0022829581800680922,0.8795219014852731,0.0003333871975159337,24821.0,0.17472440834025538,0.0010074962574469837
new_pooled,AP,5.0,any_pair:D0a_other_over,16771,7647,125287,850295,1000000,0.142058,0.00034910961693428036,0.024418,0.00015434299879165235,0.11805741316926889,0.0008561186154909072,0.008913189935916414,0.00010147135606008203,0.9910868100640836,0.0001014713560600819,0.6868293881562781,0.0029679726218747645,0.8715771713705255,0.0003387210208749881,15610.0,0.10988469498373904,0.0008297722176832788
new_pooled,AP,6.0,any_pair:D0a_other_over,10111,3038,131947,854904,1000000,0.142058,0.00034910961693428036,0.013149,0.00011391270253575761,0.07117515381041546,0.0006821788825379745,0.0035410319112480796,6.413065356252289e-05,0.9964589680887519,6.413065356252312e-05,0.7689558141303521,0.0036757998177761922,0.866294911795195,0.0003425950284525301,9582.0,0.06745132269917921,0.0006654235124729192
new_pooled,AP,2.0,any_pair:D0b_anchor_under,6834,177234,9167,806765,1000000,0.016001,0.0001254789544067052,0.184068,0.000387539638457797,0.4270983063558528,0.003910483115818426,0.18011603670328932,0.0003873959342312998,0.8198839632967106,0.00038739593423129986,0.03712758328443836,0.0004407005236921583,0.9887649951221426,0.00011668262505717994,6834.0,0.4270983063558528,0.003910483115818426
new_pooled,AP,3.0,any_pair:D0b_anchor_under,5116,87730,10885,896269,1000000,0.016001,0.0001254789544067052,0.092846,0.00029021650587793935,0.31973001687394537,0.0036868782536218473,0.08915659467133605,0.00028727727114132815,0.9108434053286639,0.0002872772711413282,0.05510199685500722,0.0007488494848007792,0.9880009347916672,0.00011431727789368594,5116.0,0.31973001687394537,0.0036868782536218473
new_pooled,AP,4.0,any_pair:D0b_anchor_under,3709,42931,12292,941068,1000000,0.016001,0.0001254789544067052,0.04664,0.0002108665701338171,0.231798012624211,0.003335945943734865,0.0436291093791762,0.00020592260316433994,0.9563708906208238,0.0002059226031643399,0.07952401372212693,0.0012527837353497274,0.9871066543593187,0.00011554107110031788,3709.0,0.231798012624211,0.003335945943734865
new_pooled,AP,5.0,any_pair:D0b_anchor_under,2512,21906,13489,962093,1000000,0.016001,0.0001254789544067052,0.024418,0.00015434299879165235,0.15699018811324292,0.0028759346084092784,0.022262217746156245,0.00014872983066013552,0.9777377822538438,0.0001487298306601354,0.10287492833155869,0.0019441341325335498,0.9861733816327074,0.00011822320713162892,2512.0,0.15699018811324292,0.0028759346084092784
new_pooled,AP,6.0,any_pair:D0b_anchor_under,1706,11443,14295,972556,1000000,0.016001,0.0001254789544067052,0.013149,0.00011391270253575761,0.10661833635397788,0.002439837518923765,0.011629076858817946,0.00010807749549040417,0.988370923141182,0.00010807749549040432,0.12974370674576013,0.002930355930203909,0.9855145305623645,0.00012027407078043595,1706.0,0.10661833635397788,0.002439837518923765
new_pooled,AP,2.0,any_pair:D1_plus_other_under,150110,33958,630487,185445,1000000,0.780597,0.00041384214815675795,0.184068,0.000387539638457797,0.19230153331360483,0.0004460695353904471,0.15477454729424847,0.0007721732877851706,0.8452254527057516,0.0007721732877851706,0.815513831844753,0.0009040832523191069,0.22727996940921547,0.0004639430606672304,70605.0,0.09045000172944553,0.0003246415771137319
new_pooled,AP,3.0,any_pair:D1_plus_other_under,81328,11518,699269,207885,1000000,0.780597,0.00041384214815675795,0.092846,0.00029021650587793935,0.10418692359822034,0.0003457815901345033,0.05249700323149638,0.0004761417585648753,0.9475029967685036,0.0004761417585648755,0.8759451134136096,0.0010818418707755199,0.2291617520288727,0.00044127790722279115,45430.0,0.0581990450898479,0.0002649866859936906
new_pooled,AP,4.0,any_pair:D1_plus_other_under,43150,3490,737447,215913,1000000,0.780597,0.00041384214815675795,0.04664,0.0002108665701338171,0.055278203733808866,0.0002586517909216723,0.015906801638993086,0.00026710884349209855,0.984093198361007,0.0002671088434920983,0.9251715265866209,0.0012183310169987388,0.22647583284383654,0.0004286663696724222,28552.0,0.03657713263053791,0.0002124710992418226
new_pooled,AP,5.0,any_pair:D1_plus_other_under,23386,1032,757211,218371,1000000,0.780597,0.00041384214815675795,0.024418,0.00015434299879165235,0.029959121031723157,0.00019295059095925628,0.00470367314940999,0.00014607419031487153,0.99529632685059,0.00014607419031487174,0.9577360963223851,0.001287516155592222,0.22383664315249768,0.00042199788125298955,17510.0,0.022431549186071688,0.0001676060857418058
new_pooled,AP,6.0,any_pair:D1_plus_other_under,12863,286,767734,219117,1000000,0.780597,0.00041384214815675795,0.013149,0.00011391270253575761,0.01647841331698687,0.0001440907842634776,0.001303537326289978,7.702952340061558e-05,0.99869646267371,7.702952340061507e-05,0.9782492965244505,0.0012720818709499764,0.22203655871048417,0.00041837530834843735,10560.0,0.01352810733323341,0.00013075172854937366
new_pooled,AP,2.0,any_pair:D2_net_either_view,136572,47496,598654,217278,1000000,0.735226,0.00044121279324607073,0.184068,0.000387539638457797,0.1857551283550908,0.00045356286919322094,0.17938317206372226,0.0007456300300153786,0.8206168279362778,0.0007456300300153786,0.7419649260056066,0.0010198631791271014,0.26629425001103035,0.0004893446818180838,42892.0,0.05833852448090791,0.00027334724026257975
new_pooled,AP,3.0,any_pair:D2_net_either_view,74364,18482,660862,246292,1000000,0.735226,0.00044121279324607073,0.092846,0.00029021650587793935,0.10114441001814409,0.00035164583364895373,0.06980292626919561,0.0004952068357292831,0.9301970737308044,0.0004952068357292831,0.800939189625832,0.0013104216414879333,0.2714996571695655,0.00046693777880108775,29471.0,0.040084273407088436,0.00022876687145663218
new_pooled,AP,4.0,any_pair:D2_net_either_view,40032,6608,695194,258166,1000000,0.735226,0.00044121279324607073,0.04664,0.0002108665701338171,0.054448564114979614,0.0002646216460047561,0.024957133253265047,0.00030315974661273073,0.9750428667467349,0.000303159746612731,0.8583190394511149,0.001614733474327531,0.2707959217923974,0.00045511079936257873,20240.0,0.02752895028195412,0.00019081949318013167
new_pooled,AP,5.0,any_pair:D2_net_either_view,22119,2299,713107,262475,1000000,0.735226,0.00044121279324607073,0.024418,0.00015434299879165235,0.03008462703984897,0.0001992181069847584,0.008682876717502473,0.0001803019622080914,0.9913171232824975,0.00018030196220809115,0.9058481448112049,0.00186890444024122,0.26904452931685907,0.00044897861288443336,13482.0,0.01833721875994592,0.0001564723003842356
new_pooled,AP,6.0,any_pair:D2_net_either_view,12366,783,722860,263991,1000000,0.735226,0.00044121279324607073,0.013149,0.00011391270253575761,0.01681931814163264,0.00014997208616129843,0.0029572390038296813,0.00010552671935821668,0.9970427609961703,0.00010552671935821727,0.9404517453798767,0.0020637468056357374,0.2675084688570007,0.00044559907328429234,8680.0,0.011805893697992183,0.00012596797141701093
new_pooled,AP,2.0,any_pair:D3_total_either_view,141570,42498,609167,206765,1000000,0.750737,0.0004325863576570579,0.184068,0.000387539638457797,0.1885746939340941,0.0004514629026047318,0.17049461813425978,0.0007532446096621088,0.8295053818657402,0.0007532446096621089,0.7691179346763153,0.0009822056361155735,0.2534095978586451,0.00048153265952132293,67710.0,0.09019137194516855,0.0003306081930058792
new_pooled,AP,3.0,any_pair:D3_total_either_view,76592,16254,674145,233009,1000000,0.750737,0.0004325863576570579,0.092846,0.00029021650587793935,0.10202241264250995,0.00034933060267307043,0.06520823387345896,0.0004945153185435831,0.934791766126541,0.0004945153185435832,0.8249359153867695,0.0012471739628135468,0.25685715986480795,0.0004587134529080357,42960.0,0.05722376811053671,0.0002680702555399587
new_pooled,AP,4.0,any_pair:D3_total_either_view,41035,5605,709702,243658,1000000,0.750737,0.0004325863576570579,0.04664,0.0002108665701338171,0.0546596211456209,0.0002623514703831512,0.022486289581686813,0.0002969555315509987,0.9775137104183131,0.00029695553155099897,0.8798241852487135,0.0015056610463641542,0.2555781656457162,0.0004467277825296077,26883.0,0.035808811874198286,0.00021445324616427405
new_pooled,AP,5.0,any_pair:D3_total_either_view,22516,1902,728221,247361,1000000,0.750737,0.0004325863576570579,0.024418,0.00015434299879165235,0.029991861330932137,0.00019685456414190032,0.007630494698370797,0.0001742946849982416,0.9923695053016292,0.0001742946849982422,0.9221066426406749,0.0017150853694492998,0.2535522385611871,0.00044045500079024257,16645.0,0.02217154609403826,0.00016993600901390928
new_pooled,AP,6.0,any_pair:D3_total_either_view,12492,657,738245,248606,1000000,0.750737,0.0004325863576570579,0.013149,0.00011391270253575761,0.016639648771806903,0.00014763336341984377,0.002635770250699061,0.00010269558218074191,0.997364229749301,0.0001026955821807418,0.9500342231348392,0.0019000261776643238,0.2519184760414693,0.00043699722767000617,10117.0,0.013476090828079608,0.00013307358656535197
new_pooled,AP,2.0,any_pair:D4_expected_excess,41950,142118,17727,798205,1000000,0.059677,0.0002368874324885134,0.184068,0.000387539638457797,0.7029508856008178,0.0018705664073970195,0.15113742830920865,0.000369373876356767,0.8488625716907914,0.00036937387635676693,0.22790490470912925,0.0009777393315178002,0.9782739247878499,0.00016139641926132632,40582.0,0.6800274812741928,0.0019094842497753832
new_pooled,AP,3.0,any_pair:D4_expected_excess,32210,60636,27467,879687,1000000,0.059677,0.0002368874324885134,0.092846,0.00029021650587793935,0.539738927895169,0.0020402834278117547,0.06448422510137473,0.0002532875077579459,0.9355157748986253,0.0002532875077579459,0.3469185533033195,0.0015621251959482974,0.9697217892441636,0.00017990704527849548,31091.0,0.5209879853209779,0.00204495410673701
new_pooled,AP,4.0,any_pair:D4_expected_excess,22622,24018,37055,916305,1000000,0.059677,0.0002368874324885134,0.04664,0.0002108665701338171,0.3790740151147008,0.0019859962937721276,0.025542287065189302,0.0001626944956781069,0.9744577129348106,0.00016269449567810705,0.48503430531732417,0.002314174515340175,0.9611322060921372,0.00019795115836544034,21824.0,0.3657020292575029,0.00197154572882804
new_pooled,AP,5.0,any_pair:D4_expected_excess,14895,9523,44782,930800,1000000,0.059677,0.0002368874324885134,0.024418,0.00015434299879165235,0.24959364579318666,0.0017715830745476846,0.010127371126729857,0.00010325224210411405,0.9898726288732701,0.00010325224210411427,0.6100008190679007,0.003121346712486318,0.9540971440637486,0.00021187721803702845,14422.0,0.24166764415101297,0.0017524093273789446
new_pooled,AP,6.0,any_pair:D4_expected_excess,9326,3823,50351,936500,1000000,0.059677,0.0002368874324885134,0.013149,0.00011391270253575761,0.1562746116594333,0.0014864191148905353,0.004065624258898272,6.562063844276949e-05,0.9959343757411018,6.562063844276912e-05,0.7092554566887216,0.003960142069994537,0.9489781132106062,0.00022150348457971255,9078.0,0.1521189067815071,0.001470129464985195
new_pooled,AP,2.0,any_pair:D5_shared_total,27896,156172,73131,742801,1000000,0.101027,0.0003013644724764351,0.184068,0.000387539638457797,0.2761242044206004,0.0014065835629161862,0.17372268132635796,0.00039959298331672876,0.8262773186736421,0.00039959298331672876,0.1515526870504379,0.0008358052850329067,0.9103712074045386,0.000316232168998021,17548.0,0.17369614063567165,0.0011919176384314768
new_pooled,AP,3.0,any_pair:D5_shared_total,17175,75671,83852,823302,1000000,0.101027,0.0003013644724764351,0.092846,0.00029021650587793935,0.1700040583210429,0.001181813374380881,0.08417494185031141,0.00029283592148238754,0.9158250581496886,0.0002928359214823875,0.18498373650991964,0.001274290109312323,0.9075658598209345,0.00030409884329236756,9814.0,0.09714234808516535,0.0009317410110464447
new_pooled,AP,4.0,any_pair:D5_shared_total,10271,36369,90756,862604,1000000,0.101027,0.0003013644724764351,0.04664,0.0002108665701338171,0.10166589129638612,0.000950797109227429,0.04045616497937091,0.00020780282219716147,0.9595438350206291,0.0002078028221971614,0.22021869639794167,0.001918819979781814,0.9048040614248553,0.0003005785724881423,5430.0,0.05374800795826858,0.0007095219923428214
new_pooled,AP,5.0,any_pair:D5_shared_total,6068,18350,94959,880623,1000000,0.101027,0.0003013644724764351,0.024418,0.00015434299879165235,0.06006315143476496,0.0007475403974318743,0.02041218145595029,0.0001491396343689136,0.9795878185440497,0.00014913963436891347,0.24850520108116964,0.0027655128849422782,0.9026642557980774,0.0003001009775960796,3065.0,0.03033842438160096,0.0005396197989600874
new_pooled,AP,6.0,any_pair:D5_shared_total,3586,9563,97441,889410,1000000,0.101027,0.0003013644724764351,0.013149,0.00011391270253575761,0.03549546160927277,0.0005821297887584991,0.01063769434677126,0.00010820021148180342,0.9893623056532287,0.00010820021148180365,0.2727203589626588,0.0038838561167002378,0.9012606766371013,0.00030029250439179663,1748.0,0.017302305324319242,0.00041024493324221076
new_pooled,AP,2.0,any_pair:D5n_shared_net,6543,177525,9400,806532,1000000,0.015943,0.00012525502285736886,0.184068,0.000387539638457797,0.41039954839114345,0.003895805961258951,0.18040113530008933,0.0003876235723718716,0.8195988646999107,0.00038762357237187155,0.03554664580481127,0.00043156953582791744,0.9884794321095386,0.00011813913299655676,2321.0,0.14558113278554852,0.0027932058249989728
new_pooled,AP,3.0,any_pair:D5n_shared_net,4841,88005,11102,896052,1000000,0.015943,0.00012525502285736886,0.092846,0.00029021650587793935,0.3036442325785611,0.0036417747771640336,0.08943079516735311,0.00028766690306482036,0.9105692048326469,0.0002876669030648203,0.0521401029662021,0.0007295858756382347,0.9877617251315653,0.00011543717456131094,1434.0,0.08994543059650004,0.002265886995365016
new_pooled,AP,4.0,any_pair:D5n_shared_net,3465,43175,12478,940882,1000000,0.015943,0.00012525502285736886,0.04664,0.0002108665701338171,0.21733676221539233,0.003266397548552132,0.04387449101017522,0.00020646829464579988,0.9561255089898247,0.0002064682946458,0.07429245283018868,0.0012143111420883051,0.9869115549215407,0.00011640045587583469,842.0,0.05281314683560183,0.0017713477515327845
new_pooled,AP,5.0,any_pair:D5n_shared_net,2315,22103,13628,961954,1000000,0.015943,0.00012525502285736886,0.024418,0.00015434299879165235,0.14520479207175563,0.0027902074307863105,0.02246109727383678,0.00014937309573148717,0.9775389027261632,0.0001493730957314873,0.09480710950937833,0.001874718112928637,0.9860309025791784,0.00011882218841146809,457.0,0.02866461770055824,0.0013215167081331673
new_pooled,AP,6.0,any_pair:D5n_shared_net,1570,11579,14373,972478,1000000,0.015943,0.00012525502285736886,0.013149,0.00011391270253575761,0.0984758201091388,0.002359763448477666,0.011766594821234948,0.00010870387782424418,0.988233405178765,0.00010870387782424437,0.11940071488326108,0.002827784210042864,0.9854354912747719,0.00012059692301971456,289.0,0.018127077714357398,0.001056590050955027
new_pooled,AP,2.0,any_pair:H_shared_total_agree,23116,160952,61562,754370,1000000,0.084678,0.0002784019330320822,0.184068,0.000387539638457797,0.27298708046954345,0.0015309352233661949,0.17584194414643153,0.0003979051333375764,0.8241580558535685,0.0003979051333375763,0.12558402329573853,0.000772390798653752,0.9245500850561076,0.00029239343388355284,15114.0,0.17848791893998442,0.0013159097182196251
new_pooled,AP,3.0,any_pair:H_shared_total_agree,15168,77678,77838,829316,1000000,0.093006,0.00029044084417312934,0.092846,0.00029021650587793935,0.1630862524998387,0.0012114166663006502,0.0856433449394373,0.0002938342512145191,0.9143566550605627,0.00029383425121451906,0.1633672963832583,0.0012133005104601237,0.9141953846866133,0.0002940588988140652,8632.0,0.09281121648065717,0.0009514666824296413
new_pooled,AP,4.0,any_pair:H_shared_total_agree,9369,37271,87624,865736,1000000,0.096993,0.0002959482352557623,0.04664,0.0002108665701338171,0.09659459961028115,0.000948522349452968,0.041274320132623554,0.00020933487423496923,0.9587256798673764,0.00020933487423496923,0.20087907375643224,0.0018552153520929309,0.9080892842158261,0.00029588223218374296,4807.0,0.04956027754580227,0.0006968815363431815
new_pooled,AP,5.0,any_pair:H_shared_total_agree,5628,18790,93265,882317,1000000,0.098893,0.000298518298519538,0.024418,0.00015434299879165235,0.05690999362947832,0.0007366955796802596,0.020852129658298073,0.0001505258777931499,0.9791478703417019,0.0001505258777931499,0.2304857072651323,0.00269510258335129,0.9044006551986404,0.0002976980587498021,2718.0,0.02748425065474806,0.0005198852500888421
new_pooled,AP,6.0,any_pair:H_shared_total_agree,3370,9779,96504,890347,1000000,0.099874,0.0002998319264588079,0.013149,0.00011391270253575761,0.03374251556961772,0.0005713588279474318,0.010864034590712855,0.00010926269625025976,0.9891359654092872,0.00010926269625025965,0.25629325423986615,0.003807352482770118,0.9022101614124118,0.0002990025753330484,1535.0,0.01536936540040451,0.000389258780630301
new_pooled,AP,2.0,any_pair:Hn_shared_net_agree,4116,179952,5895,810037,1000000,0.010011,9.955289990251414e-05,0.184068,0.000387539638457797,0.4111477374887624,0.004917715447940619,0.1817717166554376,0.0003876012898076279,0.8182282833445624,0.0003876012898076278,0.022361301258230652,0.00034462643040867013,0.9927751332218862,9.375909008418803e-05,1993.0,0.19908101088802319,0.003990896668337019
new_pooled,AP,3.0,any_pair:Hn_shared_net_agree,3564,89282,8483,898671,1000000,0.012047,0.00010909569098273313,0.092846,0.00029021650587793935,0.29584128828754047,0.004158389979831575,0.09037069577196485,0.00028845488110117883,0.9096293042280351,0.0002884548811011789,0.038386144798914335,0.0006305303642427673,0.9906487762827481,0.00010105401362008649,1318.0,0.10940483107827675,0.0028439303910807547
new_pooled,AP,4.0,any_pair:Hn_shared_net_agree,2789,43851,10604,942756,1000000,0.013393,0.00011495054393520721,0.04664,0.0002108665701338171,0.2082431120734712,0.0035086683022536942,0.04444626887909776,0.000207478507237364,0.9555537311209022,0.000207478507237364,0.05979845626072041,0.001097933901786444,0.988877234203239,0.00010741108969519919,800.0,0.05973269618457403,0.002047824770501948
new_pooled,AP,5.0,any_pair:Hn_shared_net_agree,1961,22457,12324,963258,1000000,0.014285,0.0001186631314899451,0.024418,0.00015434299879165235,0.13727686384319215,0.002879348778322843,0.02278244725909619,0.00015028655650757124,0.9772175527409038,0.0001502865565075712,0.08030960766647555,0.0017392000219862219,0.9873675406065302,0.0001130710666233915,438.0,0.030661533076653834,0.0014424292955762697
new_pooled,AP,6.0,any_pair:Hn_shared_net_agree,1382,11767,13503,973348,1000000,0.014885,0.00012109267845332351,0.013149,0.00011391270253575761,0.0928451461202553,0.00237873409174255,0.011944798323038427,0.00010945523788712752,0.9880552016769616,0.00010945523788712742,0.10510304966157122,0.0026745320721500423,0.986317083328689,0.0001169423524372089,275.0,0.018474974806852538,0.0011037435950422645
new_pooled,AP,2.0,any_pair:X_expected_excess_ge_tau,41950,142118,17727,798205,1000000,0.059677,0.0002368874324885134,0.184068,0.000387539638457797,0.7029508856008178,0.0018705664073970195,0.15113742830920865,0.000369373876356767,0.8488625716907914,0.00036937387635676693,0.22790490470912925,0.0009777393315178002,0.9782739247878499,0.00016139641926132632,40582.0,0.6800274812741928,0.0019094842497753832
new_pooled,AP,3.0,any_pair:X_expected_excess_ge_tau,18367,74479,8182,898972,1000000,0.026549,0.0001607611601071602,0.092846,0.00029021650587793935,0.6918151342800105,0.002833848307852087,0.07651027118981849,0.00026941319211669574,0.9234897288101815,0.0002694131921166957,0.19782220020248584,0.0013073480824051073,0.9909805832306312,9.926160433956534e-05,17889.0,0.6738106896681607,0.0028772640986272704
new_pooled,AP,4.0,any_pair:X_expected_excess_ge_tau,8437,38203,3987,949373,1000000,0.012424,0.00011076842611502611,0.04664,0.0002108665701338171,0.6790888602704443,0.0041881765258452806,0.038683605109885215,0.0001940489877464513,0.9613163948901148,0.0001940489877464513,0.18089622641509434,0.0017823990670007965,0.9958179491482756,6.609310672374481e-05,8250.0,0.6640373470701867,0.004237512892679978
new_pooled,AP,5.0,any_pair:X_expected_excess_ge_tau,4112,20306,1927,973655,1000000,0.006039,7.747599937399969e-05,0.024418,0.00015434299879165235,0.6809074350057956,0.005998185130935989,0.020429372983447037,0.00014189291919073762,0.979570627016553,0.00014189291919073767,0.16840036038987632,0.0023948240440754536,0.9980247688046725,4.495186744231337e-05,4035.0,0.6681569796323895,0.006059308768519914
new_pooled,AP,6.0,any_pair:X_expected_excess_ge_tau,2121,11028,1008,985843,1000000,0.003129,5.584988235439713e-05,0.013149,0.00011391270253575761,0.6778523489932886,0.00835395738636996,0.011062614922091223,0.00010475959579827437,0.9889373850779087,0.00010475959579827456,0.16130504220853298,0.0032075957170716617,0.9989785692064962,3.2155611008087075e-05,2095.0,0.6695429849792266,0.008408991980679905
new_pooled,AP,2.0,reported_wrong:A1_anchor,75247,108821,209472,606460,1000000,0.284719,0.00045128050150543844,0.184068,0.000387539638457797,0.2642851372756999,0.0008263859219906468,0.15213741173049472,0.00042466102481758994,0.8478625882695052,0.00042466102481759,0.40880000869243976,0.0011458651494981296,0.7432727237073677,0.00048359646922348275,,,
new_pooled,AP,3.0,reported_wrong:A1_anchor,42955,49891,241764,665390,1000000,0.284719,0.00045128050150543844,0.092846,0.00029021650587793935,0.15086804884816257,0.0006707767538088082,0.06975021005730615,0.0003011856012283637,0.9302497899426938,0.00030118560122836374,0.46264782543135946,0.001636338576255385,0.7334917775813148,0.00046420778684462343,,,
new_pooled,AP,4.0,reported_wrong:A1_anchor,23359,23281,261360,692000,1000000,0.284719,0.00045128050150543844,0.04664,0.0002108665701338171,0.08204229433230659,0.0005143064957997681,0.03254804755054307,0.00020981610911139512,0.9674519524494569,0.00020981610911139514,0.500836192109777,0.0023152085953776474,0.7258538222707057,0.00045686429520176936,,,
new_pooled,AP,5.0,reported_wrong:A1_anchor,12859,11559,271860,703722,1000000,0.284719,0.00045128050150543844,0.024418,0.00015434299879165235,0.04516382819551909,0.00038918095546961406,0.01616008254098739,0.00014908902083557159,0.9838399174590126,0.00014908902083557183,0.5266197067736915,0.0031952040347153873,0.7213355719970234,0.0004539181540421863,,,
new_pooled,AP,6.0,reported_wrong:A1_anchor,7224,5925,277495,709356,1000000,0.284719,0.00045128050150543844,0.013149,0.00011391270253575761,0.0253723847021098,0.00029470789831047614,0.008283457829859873,0.00010716704778837222,0.9917165421701402,0.000107167047788372,0.5493953912845083,0.004339043039125967,0.7188076011474883,0.0004525664194910932,,,
new_pooled,AP,2.0,reported_wrong:A3_largest,90974,93094,200042,615890,1000000,0.291016,0.0004542308749347627,0.184068,0.000387539638457797,0.3126082414712593,0.0008592982722856921,0.13130620719226385,0.0004011047179831993,0.8686937928077362,0.00040110471798319926,0.49424125866527585,0.0011653383814818963,0.7548300593676924,0.00047624586860865563,,,
new_pooled,AP,3.0,reported_wrong:A3_largest,59474,33372,231542,675612,1000000,0.291016,0.0004542308749347627,0.092846,0.00029021650587793935,0.2043667702119471,0.0007474861735456776,0.047070173656951354,0.0002515273083246984,0.9529298263430487,0.00025152730832469827,0.640566098701075,0.0015747437540351206,0.7447599856253734,0.0004577644240435947,,,
new_pooled,AP,4.0,reported_wrong:A3_largest,35931,10709,255085,698275,1000000,0.291016,0.0004542308749347627,0.04664,0.0002108665701338171,0.12346743821645545,0.0006098202084929392,0.015104713223429584,0.00014485485458923207,0.9848952867765705,0.00014485485458923188,0.7703902229845626,0.001947472343147213,0.7324358059914408,0.000453388309544561,,,
new_pooled,AP,5.0,reported_wrong:A3_largest,21051,3367,269965,705617,1000000,0.291016,0.0004542308749347627,0.024418,0.00015434299879165235,0.07233622893586607,0.00048019186304221607,0.004749049343849791,8.164910421541993e-05,0.9952509506561502,8.16491042154199e-05,0.8621099189122778,0.0022064433917599567,0.7232780022591643,0.00045294198718010264,,,
new_pooled,AP,6.0,reported_wrong:A3_largest,12095,1054,278921,707930,1000000,0.291016,0.0004542308749347627,0.013149,0.00011391270253575761,0.04156128872639305,0.00036997147630140253,0.001486634395134446,4.57573444830071e-05,0.9985133656048656,4.5757344483006576e-05,0.9198418130656324,0.002368013389663489,0.7173626008384244,0.00045327147265061905,,,
new_pooled,AP,2.0,reported_wrong:A4_reviewed,72310,111758,200042,615890,1000000,0.272352,0.0004451700664869551,0.184068,0.000387539638457797,0.2655019974151099,0.0008461822702558953,0.15358799859272615,0.00042267725362745237,0.8464120014072738,0.0004226772536274525,0.39284394897537867,0.0011383375213240318,0.7548300593676924,0.00047624586860865563,,,
new_pooled,AP,3.0,reported_wrong:A4_reviewed,40810,52036,231542,675612,1000000,0.272352,0.0004451700664869551,0.092846,0.00029021650587793935,0.14984285042885678,0.000683915323234641,0.0715125994986587,0.00030207766798048504,0.9284874005013413,0.00030207766798048515,0.43954505309867953,0.0016288851074221938,0.7447599856253734,0.0004577644240435947,,,
new_pooled,AP,4.0,reported_wrong:A4_reviewed,23593,23047,248759,704601,1000000,0.272352,0.0004451700664869551,0.04664,0.0002108665701338171,0.08662686523322759,0.0005389954905826389,0.03167328158670126,0.00020530371994980005,0.9683267184132988,0.00020530371994979997,0.5058533447684391,0.002315053181684398,0.7390712847193085,0.0004497546262371334,,,
new_pooled,AP,5.0,reported_wrong:A4_reviewed,13431,10987,258921,716661,1000000,0.272352,0.0004451700664869551,0.024418,0.00015434299879165235,0.04931485724356715,0.0004148985902092711,0.015099333743788206,0.00014295996655195735,0.9849006662562118,0.00014295996655195754,0.5500450487345401,0.0031836740879915,0.7345984243251721,0.0004470384260107635,,,
new_pooled,AP,6.0,reported_wrong:A4_reviewed,7649,5500,264703,722148,1000000,0.272352,0.0004451700664869551,0.013149,0.00011391270253575761,0.028084978263423804,0.000316581774379098,0.007558599762522538,0.00010153422100712351,0.9924414002374775,0.00010153422100712319,0.5817172408548179,0.004301744252744715,0.7317700443126672,0.0004459797705948708,,,
new_pooled,SL,2.0,any_pair:D0_published,25837,90823,35786,847554,1000000,0.061623,0.0002404695528980748,0.11666,0.00032101471056635397,0.41927527059701736,0.0019877573383200553,0.09678732535004587,0.00030522182074207044,0.9032126746499541,0.00030522182074207044,0.22147265558031887,0.0012157268432232014,0.9594878529218648,0.00020977243641646327,23089.0,0.3746815312464502,0.0019498910794553885
new_pooled,SL,3.0,any_pair:D0_published,16048,25671,45575,912706,1000000,0.061623,0.0002404695528980748,0.041719,0.00019994630538972206,0.2604222449410123,0.0017679075094198778,0.02735680861743201,0.0001683917515601218,0.9726431913825679,0.00016839175156012194,0.3846688559169683,0.002381941090130436,0.9524408811194212,0.00021741498572563965,14598.0,0.2368920695194976,0.0017127612382215821
new_pooled,SL,4.0,any_pair:D0_published,8822,6763,52801,931614,1000000,0.061623,0.0002404695528980748,0.015585,0.00012386326241061149,0.14316083280593284,0.001410880868955182,0.007207124641801749,8.732159606164237e-05,0.9927928753581983,8.732159606164228e-05,0.5660571061918511,0.0039700228875161276,0.9463630684213467,0.00022707626544433114,8206.0,0.1331645651785859,0.001368646361334905
new_pooled,SL,5.0,any_pair:D0_published,4703,1826,56920,936551,1000000,0.061623,0.0002404695528980748,0.006529,8.05380168553957e-05,0.07631890690164386,0.001069561296759013,0.001945912996588791,4.5493575489389344e-05,0.9980540870034112,4.549357548938886e-05,0.7203247051615868,0.0055547929171294716,0.9427059269973658,0.00023316607935385333,4454.0,0.07227820781201824,0.0010431365150971729
new_pooled,SL,6.0,any_pair:D0_published,2428,519,59195,937858,1000000,0.061623,0.0002404695528980748,0.002947,5.420622834140003e-05,0.03940087305064668,0.0007837049641534145,0.0005530826096547549,2.4270917321000067e-05,0.9994469173903452,2.4270917321001257e-05,0.8238887003732609,0.007016779292704354,0.9406300367182086,0.00023666481127971003,2341.0,0.03798906252535579,0.0007701013317157076
new_pooled,SL,2.0,any_pair:D0a_other_over,25206,91454,34573,848767,1000000,0.059779,0.00023707693088742313,0.11666,0.00032101471056635397,0.42165308887736497,0.0020197495981872124,0.0972686208880678,0.0003055981178270602,0.9027313791119322,0.0003055981178270601,0.2160637750728613,0.001204953702478562,0.9608610501052822,0.0002063340632691397,22402.0,0.37474698472707807,0.001979806054643298
new_pooled,SL,3.0,any_pair:D0a_other_over,15626,26093,44153,914128,1000000,0.059779,0.00023707693088742313,0.041719,0.00019994630538972206,0.2613961424580538,0.001797136438563771,0.027751985969256165,0.00016940280317008573,0.9722480140307438,0.00016940280317008586,0.374553560727726,0.0023696547870162205,0.95392478824061,0.00021416292927014808,14127.0,0.23632044697970858,0.0017375283853782468
new_pooled,SL,4.0,any_pair:D0a_other_over,8574,7011,51205,933210,1000000,0.059779,0.00023707693088742313,0.015585,0.00012386326241061149,0.14342829421703274,0.0014335899777866503,0.007456757507011649,8.872270107502087e-05,0.9925432424929883,8.872270107502111e-05,0.5501443695861405,0.003984937490266963,0.9479843358746057,0.0002238095135258786,7919.0,0.13247126917479382,0.0013865274086264333
new_pooled,SL,5.0,any_pair:D0a_other_over,4562,1967,55217,938254,1000000,0.059779,0.00023707693088742313,0.006529,8.05380168553957e-05,0.07631442479800599,0.0010859031062797598,0.002092061334516034,4.712132260362438e-05,0.997907938665484,4.7121322603624056e-05,0.6987287486598254,0.005678188653367257,0.9444201189566681,0.0002298602233911314,4284.0,0.07166396226099467,0.001054942260467881
new_pooled,SL,6.0,any_pair:D0a_other_over,2365,582,57414,939639,1000000,0.059779,0.00023707693088742313,0.002947,5.420622834140003e-05,0.039562388129610736,0.0007972628107127762,0.0006190034045187249,2.565057404532093e-05,0.9993809965954813,2.565057404532048e-05,0.8025110281642348,0.007333425107011162,0.9424163008385713,0.00023329855701857685,2260.0,0.03780591846635106,0.000780075996265916
new_pooled,SL,2.0,any_pair:D0b_anchor_under,997,115663,1493,881847,1000000,0.00249,4.9837735702979126e-05,0.11666,0.00032101471056635397,0.4004016064257028,0.009819253278061558,0.11595171978225782,0.0003205663703952541,0.8840482802177422,0.0003205663703952541,0.008546202640150866,0.0002695019099181834,0.9983098240767995,4.370535774108332e-05,997.0,0.4004016064257028,0.009819253278061558
new_pooled,SL,3.0,any_pair:D0b_anchor_under,734,40985,1756,956525,1000000,0.00249,4.9837735702979126e-05,0.041719,0.00019994630538972206,0.29477911646586347,0.009137160741183677,0.04108730739541458,0.00019873975272904803,0.9589126926045854,0.00019873975272904795,0.01759390205901388,0.0006436646595835296,0.9981675521063237,4.36888992137199e-05,734.0,0.29477911646586347,0.009137160741183677
new_pooled,SL,4.0,any_pair:D0b_anchor_under,481,15104,2009,982406,1000000,0.00249,4.9837735702979126e-05,0.015585,0.00012386326241061149,0.1931726907630522,0.007911584772789452,0.01514170284007178,0.0001222687871838519,0.9848582971599282,0.00012226878718385188,0.030863009303817773,0.0013853461967071067,0.9979591940390994,4.548499355864359e-05,481.0,0.1931726907630522,0.007911584772789452
new_pooled,SL,5.0,any_pair:D0b_anchor_under,324,6205,2166,991305,1000000,0.00249,4.9837735702979126e-05,0.006529,8.05380168553957e-05,0.13012048192771083,0.006742216756483737,0.006220489017653958,7.872245947532099e-05,0.9937795109823461,7.872245947532081e-05,0.04962475111043039,0.0026876542278594724,0.9978197652472997,4.6795068033356294e-05,324.0,0.13012048192771083,0.006742216756483737
new_pooled,SL,6.0,any_pair:D0b_anchor_under,192,2755,2298,994755,1000000,0.00249,4.9837735702979126e-05,0.002947,5.420622834140003e-05,0.07710843373493977,0.005345971090490023,0.002761877073914046,5.25464014797467e-05,0.9972381229260859,5.2546401479746876e-05,0.06515100101798439,0.004546123317617074,0.9976952077773198,4.80237103219005e-05,192.0,0.07710843373493977,0.005345971090490023
new_pooled,SL,2.0,any_pair:D1_plus_other_under,71576,45084,451592,431748,1000000,0.523168,0.0004994629553590536,0.11666,0.00032101471056635397,0.13681264909168755,0.00047511098718362347,0.09454902355546607,0.0004237193508182797,0.9054509764445339,0.0004237193508182798,0.6135436310646323,0.001425646901701362,0.4887676319424004,0.0005318589131422213,26626.0,0.050893785552633186,0.0003038569681605773
new_pooled,SL,3.0,any_pair:D1_plus_other_under,31177,10542,491991,466290,1000000,0.523168,0.0004994629553590536,0.041719,0.00019994630538972206,0.05959271209248272,0.0003272909392296338,0.022108415542581035,0.0002129322617935004,0.977891584457419,0.00021293226179350038,0.7473093794194492,0.0021275404828637666,0.48659005030883423,0.0005105841323321198,15570.0,0.02976099455624197,0.00023493217488318127
new_pooled,SL,4.0,any_pair:D1_plus_other_under,13377,2208,509791,474624,1000000,0.523168,0.0004994629553590536,0.015585,0.00012386326241061149,0.02556922441739556,0.00021822961542487769,0.004630561707267968,9.831647350623427e-05,0.9953694382927321,9.831647350623402e-05,0.85832531280077,0.0027933071185827526,0.4821381226413657,0.0005036207270177755,8521.0,0.016287311150529084,0.0001750000799852961
new_pooled,SL,5.0,any_pair:D1_plus_other_under,6060,469,517108,476363,1000000,0.523168,0.0004994629553590536,0.006529,8.05380168553957e-05,0.011583277264664505,0.0001479330400532567,0.000983574927857191,4.5394929152576445e-05,0.9990164250721428,4.53949291525759e-05,0.9281666411395313,0.0031956023402386216,0.47949361380452976,0.0005012182175027816,4562.0,0.00871995229065998,0.00012853892123202714
new_pooled,SL,6.0,any_pair:D1_plus_other_under,2840,107,520328,476725,1000000,0.523168,0.0004994629553590536,0.002947,5.420622834140003e-05,0.005428466572879075,0.00010158650294068882,0.00022439769143010535,2.1690909531634e-05,0.9997756023085699,2.169090953163484e-05,0.9636918900576857,0.0034457269138685313,0.47813406107799683,0.0005002593279016133,2381.0,0.004551119334515873,9.305677701690791e-05
new_pooled,SL,2.0,any_pair:D2_net_either_view,62123,54537,418437,464903,1000000,0.48056,0.0004996219434732626,0.11666,0.00032101471056635397,0.12927209921757948,0.0004839715376657587,0.1049919143693208,0.0004253277432040449,0.8950080856306792,0.0004253277432040448,0.5325132864735128,0.0014607936560750475,0.5263013109335024,0.0005312566371464632,13670.0,0.028445979690361244,0.00023981156040774098
new_pooled,SL,3.0,any_pair:D2_net_either_view,27132,14587,453428,504853,1000000,0.48056,0.0004996219434732626,0.041719,0.00019994630538972206,0.056459131013817214,0.000332945878617595,0.028082165408901894,0.0002292252089810499,0.9719178345910982,0.0002292252089810497,0.6503511589443659,0.0023346568728550496,0.5268319000376717,0.000510031879046748,9072.0,0.018877975695022475,0.0001963203927818646
new_pooled,SL,4.0,any_pair:D2_net_either_view,11906,3679,468654,515761,1000000,0.48056,0.0004996219434732626,0.015585,0.00012386326241061149,0.024775262194106876,0.00022422688039842192,0.007082627444940705,0.00011635527012619845,0.9929173725550593,0.00011635527012619843,0.7639396855951235,0.0034016343084505435,0.5239263928322913,0.0005033650751720237,5673.0,0.011804977526219411,0.00015580453834779782
new_pooled,SL,5.0,any_pair:D2_net_either_view,5586,943,474974,518497,1000000,0.48056,0.0004996219434732626,0.006529,8.05380168553957e-05,0.011623938738138839,0.0001546193900835515,0.0018154166024949947,5.9064412097321696e-05,0.998184583397505,5.906441209732108e-05,0.8555674682187165,0.004350471311799237,0.5219045145756646,0.0005011586734613842,3411.0,0.007097969036124522,0.00012110064054338174
new_pooled,SL,6.0,any_pair:D2_net_either_view,2706,241,477854,519199,1000000,0.48056,0.0004996219434732626,0.002947,5.420622834140003e-05,0.005630930580988847,0.00010794190554603225,0.0004639611889727399,2.9879433565323122e-05,0.9995360388110273,2.98794335653231e-05,0.9182219205972175,0.005047800864100666,0.5207336019248726,0.0005003076800964071,1955.0,0.0040681704677875815,9.18206934122483e-05
new_pooled,SL,2.0,any_pair:D3_total_either_view,65627,51033,433405,449935,1000000,0.499032,0.0004999990629751221,0.11666,0.00032101471056635397,0.13150860065086006,0.0004784049247175511,0.10186878203797448,0.0004273517238343087,0.8981312179620256,0.00042735172383430865,0.5625492885307732,0.0014523920647057436,0.5093565331582404,0.0005319000145470904,23380.0,0.04685070296093236,0.0002991398861904596
new_pooled,SL,3.0,any_pair:D3_total_either_view,28534,13185,470498,487783,1000000,0.499032,0.0004999990629751221,0.041719,0.00019994630538972206,0.057178697959249104,0.00032867572256605463,0.02631904632631226,0.0002261717814831818,0.9736809536736878,0.0002261717814831816,0.6839569500707112,0.0022762531546372047,0.5090187533719233,0.0005106847684859812,13717.0,0.027487215248721525,0.00023144554929194832
new_pooled,SL,4.0,any_pair:D3_total_either_view,12432,3153,486600,497815,1000000,0.499032,0.0004999990629751221,0.015585,0.00012386326241061149,0.024912230077429903,0.00022062969270949194,0.006293815173823478,0.00011173288077649573,0.9937061848261766,0.00011173288077649536,0.7976900866217517,0.003217898017358674,0.5056962764687657,0.0005039096874845636,7601.0,0.01523148816107985,0.0001733700393410727
new_pooled,SL,5.0,any_pair:D3_total_either_view,5754,775,493278,500193,1000000,0.499032,0.0004999990629751221,0.006529,8.05380168553957e-05,0.011530322704756409,0.00015112565950998607,0.0015470049983232462,5.552705977504841e-05,0.9984529950016767,5.5527059775048943e-05,0.881298820646347,0.004002817382999078,0.503480222371866,0.0005016281346280812,4160.0,0.008336138764648358,0.00012870650977399726
new_pooled,SL,6.0,any_pair:D3_total_either_view,2763,184,496269,500784,1000000,0.499032,0.0004999990629751221,0.002947,5.420622834140003e-05,0.0055367190881546674,0.00010504041362023714,0.00036728892863416426,2.7071926076634305e-05,0.9996327110713659,2.7071926076633234e-05,0.9375636240244316,0.00445686162200275,0.5022641725164059,0.0005007332483370052,2242.0,0.00449269786306289,9.466983797486078e-05
new_pooled,SL,2.0,any_pair:D4_expected_excess,16674,99986,7929,875411,1000000,0.024603,0.0001549118858932393,0.11666,0.00032101471056635397,0.6777222289964638,0.0029795248203571853,0.10250800443306674,0.00030711672907896925,0.8974919955669333,0.00030711672907896925,0.14292816732384708,0.0010247231264766095,0.9910238413294994,0.00010035138327174647,16193.0,0.6581717676706093,0.0030239844661398814
new_pooled,SL,3.0,any_pair:D4_expected_excess,11779,29940,12824,945457,1000000,0.024603,0.0001549118858932393,0.041719,0.00019994630538972206,0.4787627525098565,0.003184812474393889,0.030695193854399797,0.00017465244329059314,0.9693048061456002,0.0001746524432905931,0.28234137922769004,0.0022038360051290554,0.986617703992879,0.00011737979032107196,11430.0,0.4645774905499329,0.003179679604565036
new_pooled,SL,4.0,any_pair:D4_expected_excess,7206,8379,17397,967018,1000000,0.024603,0.0001549118858932393,0.015585,0.00012386326241061149,0.29289111084014147,0.002901363950993329,0.008590348340214292,9.344181187237377e-05,0.9914096516597857,9.344181187237396e-05,0.4623676612127045,0.003993769667258062,0.9823275752604339,0.00013279665226362266,7004.0,0.28468072999227734,0.002876967556754301
new_pooled,SL,5.0,any_pair:D4_expected_excess,4084,2445,20519,972952,1000000,0.024603,0.0001549118858932393,0.006529,8.05380168553957e-05,0.1659960167459253,0.0023721320564952736,0.0025066716424184204,5.0630593237359744e-05,0.9974933283575815,5.063059323736022e-05,0.6255169244907336,0.005989799641873784,0.9793461510200097,0.0001426891700275837,3991.0,0.16221598991992847,0.002350275811050834
new_pooled,SL,6.0,any_pair:D4_expected_excess,2211,736,22392,974661,1000000,0.024603,0.0001549118858932393,0.002947,5.420622834140003e-05,0.08986708937934398,0.0018233024439323578,0.0007545645516646043,2.7803122820130332e-05,0.9992454354483354,2.7803122820129522e-05,0.7502544960977265,0.007973758436987301,0.9775418157309591,0.00014838700531765822,2169.0,0.08815998049018413,0.0018075945941749215
new_pooled,SL,2.0,any_pair:D5_shared_total,6268,110392,20844,862496,1000000,0.027112,0.00016240978867051087,0.11666,0.00032101471056635397,0.2311891413396282,0.002560428734297867,0.11346835401402834,0.0003215533774996418,0.8865316459859717,0.00032155337749964176,0.05372878450197154,0.0006601617181172203,0.9764031969570041,0.00016150174966180576,3809.0,0.14049129536736502,0.0021104208563956263
new_pooled,SL,3.0,any_pair:D5_shared_total,3395,38324,23717,934564,1000000,0.027112,0.00016240978867051087,0.041719,0.00019994630538972206,0.12522130421953379,0.0020100526461263755,0.039391995789854535,0.00019721760007970502,0.9606080042101455,0.00019721760007970502,0.08137778949639253,0.001338611248861608,0.9752504745476536,0.00015870663536242692,1821.0,0.06716583062850398,0.0015201821892393817
new_pooled,SL,4.0,any_pair:D5_shared_total,1748,13837,25364,959051,1000000,0.027112,0.00016240978867051087,0.015585,0.00012386326241061149,0.06447329595750959,0.0014915480637606026,0.014222603218458857,0.00012004596075905331,0.9857773967815412,0.00012004596075905309,0.11215912736605711,0.002527734608913404,0.9742344438067279,0.0001596843627723973,873.0,0.03219976394216583,0.0010721077313477494
new_pooled,SL,5.0,any_pair:D5_shared_total,927,5602,26185,967286,1000000,0.027112,0.00016240978867051087,0.006529,8.05380168553957e-05,0.0341915019179699,0.0011036308259986883,0.005758113986399257,7.671048583315512e-05,0.9942418860136008,7.671048583315507e-05,0.14198192678817584,0.004319578952880938,0.9736429145893539,0.0001607203792975908,460.0,0.016966656830923577,0.00078433479969095
new_pooled,SL,6.0,any_pair:D5_shared_total,504,2443,26608,970445,1000000,0.027112,0.00016240978867051087,0.002947,5.420622834140003e-05,0.018589554440838006,0.0008203119730034784,0.002511080412133771,5.074028787734021e-05,0.9974889195878662,5.07402878773402e-05,0.171021377672209,0.00693596348248553,0.9733133544555806,0.00016140396991001917,244.0,0.008999704927707288,0.0005735486333160865
new_pooled,SL,2.0,any_pair:D5n_shared_net,965,115695,1616,881724,1000000,0.002581,5.0737938852499716e-05,0.11666,0.00032101471056635397,0.3738860906625339,0.009523625914051988,0.115994381498648,0.00032063222659024413,0.884005618501352,0.00032063222659024413,0.008271901251500086,0.0002651783070973063,0.9981705798446804,4.546688111224672e-05,335.0,0.12979465323518016,0.006615234938536492
new_pooled,SL,3.0,any_pair:D5n_shared_net,693,41026,1888,956393,1000000,0.002581,5.0737938852499716e-05,0.041719,0.00019994630538972206,0.2685005811700891,0.008723396355090266,0.04113216211040696,0.0001988526243168201,0.9588678378895931,0.00019885262431682004,0.016611136412665692,0.000625742092763921,0.9980298054537239,4.529808822192938e-05,188.0,0.07283998450213096,0.0051152665259101195
new_pooled,SL,4.0,any_pair:D5n_shared_net,450,15135,2131,982284,1000000,0.002581,5.0737938852499716e-05,0.015585,0.00012386326241061149,0.1743510267338241,0.0074682006018089225,0.015174164518622565,0.00012240334671455636,0.9848258354813775,0.0001224033467145562,0.028873917228103944,0.0013413350082046578,0.9978352625671084,4.684280852913881e-05,104.0,0.04029445951181713,0.0038707726710676183
new_pooled,SL,5.0,any_pair:D5n_shared_net,300,6229,2281,991190,1000000,0.002581,5.0737938852499716e-05,0.006529,8.05380168553957e-05,0.1162340178225494,0.006308720154649822,0.006245118651238848,7.888077447660496e-05,0.9937548813487611,7.888077447660523e-05,0.04594884362076888,0.002591193167746304,0.9977040094778811,4.80184687781999e-05,57.0,0.022084463386284385,0.0028926780245826247
new_pooled,SL,6.0,any_pair:D5n_shared_net,178,2769,2403,994650,1000000,0.002581,5.0737938852499716e-05,0.002947,5.420622834140003e-05,0.06896551724137931,0.004987752325017559,0.002776165282594376,5.2684172855606455e-05,0.9972238347174056,5.268417285560658e-05,0.06040040719375636,0.004388350172835432,0.9975898974277195,4.910601159507889e-05,25.0,0.009686168151879117,0.0019278286149705325
new_pooled,SL,2.0,any_pair:H_shared_total_agree,5376,111284,18496,864844,1000000,0.023872,0.00015265034430357501,0.11666,0.00032101471056635397,0.225201072386059,0.002703555750731216,0.11400554025701547,0.00032168076751045663,0.8859944597429845,0.0003216807675104567,0.046082633293331045,0.0006138510961128096,0.9790612901034709,0.00015234070160601853,3369.0,0.14112768096514744,0.0022533362462979537
new_pooled,SL,3.0,any_pair:H_shared_total_agree,3067,38652,22662,935619,1000000,0.025729,0.0001583256724571224,0.041719,0.00019994630538972206,0.11920401103812818,0.0020200943089770753,0.03967273992554433,0.0001977497022904733,0.9603272600744557,0.0001977497022904733,0.07351566432560704,0.0012777386698197835,0.9763514042332051,0.00015522415981597936,1637.0,0.06362470364180496,0.0015216907705093
new_pooled,SL,4.0,any_pair:H_shared_total_agree,1630,13955,24879,959536,1000000,0.026509,0.0001606433095992485,0.015585,0.00012386326241061149,0.061488551058131204,0.0014754355539366392,0.014335006692409072,0.00012047519720783191,0.9856649933075909,0.00012047519720783184,0.10458774462624318,0.002451311556654034,0.9747271221994789,0.00015819026833956842,787.0,0.02968803048021427,0.0010424367544624533
new_pooled,SL,5.0,any_pair:H_shared_total_agree,880,5649,25961,967510,1000000,0.026841,0.0001616185655146091,0.006529,8.05380168553957e-05,0.03278566372340822,0.0010869360837729423,0.005804806819851638,7.700834915685196e-05,0.9941951931801484,7.700834915685189e-05,0.13478327462092204,0.004226268847261639,0.973868386696743,0.00016004998889893127,418.0,0.015573190268618904,0.0007557552367828346
new_pooled,SL,6.0,any_pair:H_shared_total_agree,483,2464,26502,970551,1000000,0.026985,0.00016203953151931784,0.002947,5.420622834140003e-05,0.0178988326848249,0.0008071035482562106,0.0025323350616383096,5.0950708714934366e-05,0.9974676649383617,5.095070871493429e-05,0.16389548693586697,0.0068190474637469765,0.9734196677608914,0.00016109094851257018,225.0,0.008337965536409116,0.000553542129296218
new_pooled,SL,2.0,any_pair:Hn_shared_net_agree,641,116019,1098,882242,1000000,0.001739,4.1665043849730916e-05,0.11666,0.00032101471056635397,0.36860264519838987,0.01156860018110085,0.11622110850769488,0.0003207689087766805,0.8837788914923052,0.0003207689087766805,0.005494599691410937,0.00021642658937714415,0.9987569905132792,3.748894244014935e-05,293.0,0.16848763657274296,0.00897570527373419
new_pooled,SL,3.0,any_pair:Hn_shared_net_agree,549,41170,1515,956766,1000000,0.002064,4.538435748140542e-05,0.041719,0.00019994630538972206,0.26598837209302323,0.009725858554107156,0.04125515063090218,0.00019908533284724382,0.9587448493690978,0.00019908533284724396,0.013159471703540353,0.0005579249342168786,0.998419044100843,4.0585403412839814e-05,181.0,0.0876937984496124,0.006225867991658646
new_pooled,SL,4.0,any_pair:Hn_shared_net_agree,388,15197,1894,982521,1000000,0.002282,4.771574662519701e-05,0.015585,0.00012386326241061149,0.17002629272567923,0.007863798740708828,0.015231758873749897,0.00012261345815430273,0.98476824112625,0.00012261345815430292,0.02489573307667629,0.001248057471737235,0.9980760146889269,4.416655994748818e-05,100.0,0.04382120946538125,0.004285030455702523
new_pooled,SL,5.0,any_pair:Hn_shared_net_agree,267,6262,2121,991350,1000000,0.002388,4.8808784619164614e-05,0.006529,8.05380168553957e-05,0.11180904522613065,0.006448734265837508,0.0062769894508085304,7.907287696610374e-05,0.9937230105491914,7.907287696610397e-05,0.0408944708224843,0.0024509934994652234,0.9978650609831591,4.6307469381173905e-05,54.0,0.022613065326633167,0.0030422564607845504
new_pooled,SL,6.0,any_pair:Hn_shared_net_agree,162,2785,2300,994753,1000000,0.002462,4.955742685006961e-05,0.002947,5.420622834140003e-05,0.06580016246953696,0.004996769918823258,0.0027918735927854378,5.2829445902828447e-05,0.9972081264072146,5.28294459028284e-05,0.05497115710892433,0.004198555546652587,0.9976932018658988,4.8044555525187154e-05,24.0,0.00974817221770918,0.001980114931155799
new_pooled,SL,2.0,any_pair:X_expected_excess_ge_tau,16674,99986,7929,875411,1000000,0.024603,0.0001549118858932393,0.11666,0.00032101471056635397,0.6777222289964638,0.0029795248203571853,0.10250800443306674,0.00030711672907896925,0.8974919955669333,0.00030711672907896925,0.14292816732384708,0.0010247231264766095,0.9910238413294994,0.00010035138327174647,16193.0,0.6581717676706093,0.0030239844661398814
new_pooled,SL,3.0,any_pair:X_expected_excess_ge_tau,5488,36231,2647,955634,1000000,0.008135,8.982662063664646e-05,0.041719,0.00019994630538972206,0.6746158574062692,0.005194547071683466,0.036528156553563236,0.00018836799216882704,0.9634718434464368,0.00018836799216882702,0.1315467772477768,0.0016548032951889267,0.997237762201275,5.361464700741681e-05,5377.0,0.6609711124769514,0.005248446967272977
new_pooled,SL,4.0,any_pair:X_expected_excess_ge_tau,2016,13569,1089,983326,1000000,0.003105,5.563595038282352e-05,0.015585,0.00012386326241061149,0.6492753623188405,0.008563805537451105,0.01361126297152659,0.00011605091147632455,0.9863887370284734,0.00011605091147632457,0.1293551491819057,0.0026881838969067713,0.9988937592377198,3.350390026216902e-05,1987.0,0.6399355877616747,0.008614447499726128
new_pooled,SL,5.0,any_pair:X_expected_excess_ge_tau,817,5712,457,993014,1000000,0.001274,3.5670392820937646e-05,0.006529,8.05380168553957e-05,0.641287284144427,0.013437391986761443,0.005719286370836445,7.545747195446438e-05,0.9942807136291636,7.545747195446412e-05,0.12513401746056058,0.004094822912838619,0.9995399966380498,2.1513099915857728e-05,805.0,0.6318681318681318,0.013512329267277445
new_pooled,SL,6.0,any_pair:X_expected_excess_ge_tau,366,2581,190,996863,1000000,0.000556,2.357309619036074e-05,0.002947,5.420622834140003e-05,0.658273381294964,0.020114310771040377,0.002582435834323884,5.0766128299926416e-05,0.9974175641656761,5.076612829992694e-05,0.12419409569053275,0.006075252617171663,0.999809438415009,1.3823473109681189e-05,361.0,0.6492805755395683,0.020237586557001152
new_pooled,SL,2.0,reported_wrong:A1_anchor,34133,82527,133488,749852,1000000,0.167621,0.0003735293835282574,0.11666,0.00032101471056635397,0.2036320031499633,0.0009835936189659573,0.09914594193270133,0.00032757000982244305,0.9008540580672987,0.000327570009822443,0.2925852905880336,0.0013319941002918603,0.8488826499422646,0.0003810807794604462,,,
new_pooled,SL,3.0,reported_wrong:A1_anchor,15325,26394,152296,805985,1000000,0.167621,0.0003735293835282574,0.041719,0.00019994630538972206,0.09142649190733858,0.0007039662674061931,0.03170911327652427,0.00019205888953113386,0.9682908867234757,0.00019205888953113383,0.3673386226899015,0.002360217428255467,0.8410737560277205,0.000373480913178451,,,
new_pooled,SL,4.0,reported_wrong:A1_anchor,6516,9069,161105,823310,1000000,0.167621,0.0003735293835282574,0.015585,0.00012386326241061149,0.0388734108494759,0.00047212000880610426,0.010895277271531358,0.00011378361401748125,0.9891047227284686,0.0001137836140174814,0.4180943214629451,0.00395102728505019,0.8363444279089611,0.0003728798119354357,,,
new_pooled,SL,5.0,reported_wrong:A1_anchor,2911,3618,164710,828761,1000000,0.167621,0.0003735293835282574,0.006529,8.05380168553957e-05,0.017366559082692502,0.00031907181695279223,0.004346577700782937,7.210531223220423e-05,0.995653422299217,7.210531223220434e-05,0.4458569459335273,0.006151561653930138,0.8342075410354203,0.00037311425776705165,,,
new_pooled,SL,6.0,reported_wrong:A1_anchor,1397,1550,166224,830829,1000000,0.167621,0.0003735293835282574,0.002947,5.420622834140003e-05,0.00833427792460372,0.0002220508431797104,0.0018621325141552104,4.7254154867336835e-05,0.9981378674858448,4.725415486733714e-05,0.4740413980318968,0.00919800938511961,0.8332846899813751,0.00037327192047051106,,,
new_pooled,SL,2.0,reported_wrong:A3_largest,50415,66245,135709,747631,1000000,0.186124,0.0003892067016689204,0.11666,0.00032101471056635397,0.2708678085577357,0.0010301029829965322,0.08139446303859556,0.00030309783877539804,0.9186055369614045,0.000303097838775398,0.43215326590090863,0.001450352205940422,0.846368329295628,0.0003836684876752067,,,
new_pooled,SL,3.0,reported_wrong:A3_largest,26476,15243,159648,798633,1000000,0.186124,0.0003892067016689204,0.041719,0.00019994630538972206,0.142249253186048,0.0008096631265868557,0.018728897276735032,0.0001502697236162867,0.981271102723265,0.00015026972361628654,0.6346269086027949,0.0023575481758744492,0.8334016848920097,0.0003806414252093121,,,
new_pooled,SL,4.0,reported_wrong:A3_largest,12473,3112,173651,810764,1000000,0.186124,0.0003892067016689204,0.015585,0.00012386326241061149,0.06701446347596227,0.0005795895404332208,0.003823678299888435,6.841158610349467e-05,0.9961763217001116,6.841158610349425e-05,0.8003208213025345,0.0032021748734155646,0.8235998029286429,0.0003841656576729709,,,
new_pooled,SL,5.0,reported_wrong:A3_largest,5881,648,180243,813228,1000000,0.186124,0.0003892067016689204,0.006529,8.05380168553957e-05,0.031597214760052436,0.0004054629979893289,0.0007961900830101882,3.1264846560745046e-05,0.9992038099169898,3.126484656074606e-05,0.9007504977791392,0.003700352434229111,0.8185724595886543,0.0003866362534514275,,,
new_pooled,SL,6.0,reported_wrong:A3_largest,2790,157,183334,813719,1000000,0.186124,0.0003892067016689204,0.002947,5.420622834140003e-05,0.014990006662225183,0.00028165667141618017,0.00019290407875401168,1.5393936529967113e-05,0.999807095921246,1.5393936529968746e-05,0.9467254835425857,0.00413696383234533,0.8161241177750832,0.00038795501344407744,,,
new_pooled,SL,2.0,reported_wrong:A4_reviewed,39414,77246,135709,747631,1000000,0.175123,0.00038007227585158063,0.11666,0.00032101471056635397,0.22506466883276327,0.0009979638243235041,0.0936454768407896,0.00032077303906049827,0.9063545231592104,0.0003207730390604983,0.3378535916338076,0.0013847784546780683,0.846368329295628,0.0003836684876752067,,,
new_pooled,SL,3.0,reported_wrong:A4_reviewed,15475,26244,159648,798633,1000000,0.175123,0.00038007227585158063,0.041719,0.00019994630538972206,0.088366462429264,0.0006782382635223721,0.03181565251546594,0.00019324347953151552,0.9681843474845341,0.00019324347953151544,0.370934106761907,0.0023649910881877725,0.8334016848920097,0.0003806414252093121,,,
new_pooled,SL,4.0,reported_wrong:A4_reviewed,6934,8651,168189,816226,1000000,0.175123,0.00038007227585158063,0.015585,0.00012386326241061149,0.03959502749496068,0.0004659892845671406,0.010487624215489098,0.00011216428100696976,0.9895123757845109,0.00011216428100696977,0.44491498235482835,0.0039807496422828706,0.8291482758795833,0.0003793470163325422,,,
new_pooled,SL,5.0,reported_wrong:A4_reviewed,3213,3316,171910,821561,1000000,0.175123,0.00038007227585158063,0.006529,8.05380168553957e-05,0.01834710460647659,0.00032069423309639814,0.0040199932838471675,6.966960958216578e-05,0.9959800067161528,6.966960958216578e-05,0.4921121151784347,0.006187178146952219,0.8269602232979121,0.0003795226380330921,,,
new_pooled,SL,6.0,reported_wrong:A4_reviewed,1519,1428,173604,823449,1000000,0.175123,0.00038007227585158063,0.002947,5.420622834140003e-05,0.008673903484979128,0.00022158684197271972,0.0017311671921995642,4.577187101327191e-05,0.9982688328078004,4.577187101327195e-05,0.5154394299287411,0.00920603850167329,0.8258828768380417,0.0003797701710071955,,,
new_pooled,either,2.0,any_pair:D0_published,102885,172501,94921,629693,1000000,0.197806,0.00039834505941959417,0.275386,0.0004467085750285078,0.5201308352628333,0.001123305776457925,0.21503651236483942,0.0004587130833874361,0.7849634876351606,0.00045871308338743614,0.37360287015316684,0.0009218474370432258,0.869004739074873,0.0003963560614805821,79421.0,0.4015095598717936,0.0011021909063347502
new_pooled,either,3.0,any_pair:D0_published,66813,61534,130993,740660,1000000,0.197806,0.00039834505941959417,0.128347,0.0003344757802756427,0.3377703406367855,0.0010633967761243025,0.07670713069407151,0.0002971309592173956,0.9232928693059285,0.0002971309592173957,0.5205653423921089,0.001394470968491091,0.8497188674851116,0.00038275250861401433,54418.0,0.27510793403637906,0.0010040804253214515
new_pooled,either,4.0,any_pair:D0_published,40253,20207,157553,781987,1000000,0.197806,0.00039834505941959417,0.06046,0.0002383371318112224,0.20349736610618485,0.0009052181933791952,0.02518966733732738,0.00017495710075991097,0.9748103326626726,0.00017495710075991107,0.6657790274561693,0.0019184382864911764,0.8323083636673265,0.0003854252772092634,34519.0,0.1745093677643752,0.0008533863986396309
new_pooled,either,5.0,any_pair:D0_published,23631,6753,174175,795441,1000000,0.197806,0.00039834505941959417,0.030384,0.00017164152336774456,0.11946553694023437,0.0007292471969723732,0.008418163187458395,0.000102007768471902,0.9915818368125416,0.00010200776847190178,0.7777448657187994,0.0023851846396246916,0.8203670318971634,0.0003898497282163731,21028.0,0.1063061787812301,0.0006930329780208342
new_pooled,either,6.0,any_pair:D0_published,13628,2278,184178,799916,1000000,0.197806,0.00039834505941959417,0.015906,0.00012511194652789959,0.06889578678098743,0.000569476421783086,0.0028397120895942876,5.9412788704365706e-05,0.9971602879104057,5.941278870436611e-05,0.8567836036715705,0.0027774832921902627,0.812845114389479,0.00039317526869683844,12541.0,0.06340050352365449,0.000547902879786647
new_pooled,either,2.0,any_pair:D0a_other_over,98219,177167,89529,635085,1000000,0.187748,0.0003905108045829206,0.275386,0.0004467085750285078,0.5231427232247481,0.0011527009255244286,0.21811826871463535,0.00045821695947862286,0.7818817312853646,0.00045821695947862286,0.35665937992490543,0.0009128015792381096,0.8764459422533929,0.0003865785150906211,74749.0,0.3981347337921043,0.0011297361207460086
new_pooled,either,3.0,any_pair:D0a_other_over,63752,64595,123996,747657,1000000,0.187748,0.0003905108045829206,0.128347,0.0003344757802756427,0.3395615399365106,0.0010929184703433704,0.07952581218636581,0.00030020261371601704,0.9204741878136342,0.0003002026137160169,0.4967159341472726,0.0013956218988527276,0.8577461443946157,0.0003741446984769475,51035.0,0.27182712998274283,0.0010267766582263934
new_pooled,either,4.0,any_pair:D0a_other_over,38353,22107,149395,790145,1000000,0.187748,0.0003905108045829206,0.06046,0.0002383371318112224,0.204279140123996,0.0009304750289520723,0.027216922826905937,0.0001805436090356576,0.9727830771730941,0.00018054360903565751,0.634353291432352,0.0019586749162998443,0.840991336185793,0.0003772667386055358,32263.0,0.1718420435903445,0.0008706300323330455
new_pooled,either,5.0,any_pair:D0a_other_over,22550,7834,165198,804418,1000000,0.187748,0.0003905108045829206,0.030384,0.00017164152336774456,0.12010780407780643,0.0007502615443198003,0.009644790040529294,0.00010844174302312025,0.9903552099594707,0.00010844174302312037,0.7421669299631385,0.0025095603011724556,0.829625336215574,0.00038180676802375565,19673.0,0.1047840722670814,0.0007068444899833609
new_pooled,either,6.0,any_pair:D0a_other_over,13025,2881,174723,809371,1000000,0.187748,0.0003905108045829206,0.015906,0.00012511194652789959,0.06937490678995249,0.0005864094035293231,0.0035469287856478037,6.596434657509677e-05,0.9964530712143522,6.59643465750965e-05,0.8188733811140451,0.00305364838195966,0.8224529364064815,0.0003852068334687564,11749.0,0.06257856275433027,0.0005589752424531023
new_pooled,either,2.0,any_pair:D0b_anchor_under,10079,265307,7963,716651,1000000,0.018042,0.0001331032916046782,0.275386,0.0004467085750285078,0.5586409488970181,0.003696749839901016,0.2701816167290251,0.0004481143390674682,0.7298183832709749,0.0004481143390674682,0.03659953665037438,0.0003578246787874198,0.9890107008697044,0.00012247068093924486,7754.0,0.42977496951557476,0.003685541946256432
new_pooled,either,3.0,any_pair:D0b_anchor_under,7367,120980,10675,860978,1000000,0.018042,0.0001331032916046782,0.128347,0.0003344757802756427,0.4083250193991797,0.003659335754303299,0.12320282537542339,0.00033167554256921544,0.8767971746245766,0.00033167554256921544,0.05739908217566441,0.0006492673176345651,0.9877531540647483,0.00011780521743325646,5802.0,0.32158297306285333,0.0034773832143509273
new_pooled,either,4.0,any_pair:D0b_anchor_under,5141,55319,12901,926639,1000000,0.018042,0.0001331032916046782,0.06046,0.0002383371318112224,0.2849462365591398,0.00336053537825222,0.056335403347190005,0.00023267679806114342,0.94366459665281,0.00023267679806114342,0.08503142573602382,0.0011343804887137198,0.9862688123975563,0.00012005881796358662,4166.0,0.23090566456047001,0.0031373629292419285
new_pooled,either,5.0,any_pair:D0b_anchor_under,3428,26956,14614,955002,1000000,0.018042,0.0001331032916046782,0.030384,0.00017164152336774456,0.19000110852455382,0.002920639405198004,0.027451275920151372,0.00016488854865918986,0.9725487240798486,0.0001648885486591899,0.11282253817798842,0.0018150170512411816,0.9849280539925084,0.00012373342428106314,2822.0,0.15641281454384215,0.002704324565430113
new_pooled,either,6.0,any_pair:D0b_anchor_under,2264,13642,15778,968316,1000000,0.018042,0.0001331032916046782,0.015906,0.00012511194652789959,0.12548497949229576,0.0024662504039511335,0.013892651213188344,0.00011811585760222599,0.9861073487868116,0.00011811585760222618,0.14233622532377718,0.002770357184821984,0.9839669787642238,0.00012661339496641065,1887.0,0.10458929165281011,0.002278307886686216
new_pooled,either,2.0,any_pair:D1_plus_other_under,246894,28492,600288,124326,1000000,0.847182,0.00035981197711582643,0.275386,0.0004467085750285078,0.2914297045971232,0.0004937078346816036,0.18644400528733526,0.0009962783229592463,0.8135559947126647,0.0009962783229592463,0.8965379503678473,0.0005803686552419952,0.171575487086918,0.0004428949521440104,93519.0,0.11038832269807432,0.00034046576200515047
new_pooled,either,3.0,any_pair:D1_plus_other_under,121073,7274,726109,145544,1000000,0.847182,0.00035981197711582643,0.128347,0.0003344757802756427,0.1429126209008218,0.0003802414715867073,0.047599104817495325,0.0005446556764601617,0.9524008951825047,0.0005446556764601614,0.943325515984012,0.00064540409616452,0.16697470208901938,0.0003994685740551253,59379.0,0.07009001607682883,0.00027737043981809794
new_pooled,either,4.0,any_pair:D1_plus_other_under,58805,1655,788377,151163,1000000,0.847182,0.00035981197711582643,0.06046,0.0002383371318112224,0.0694124757136011,0.0002761270927324599,0.010829876061720478,0.000264764639635845,0.9891701239382795,0.000264764639635845,0.9726265299371485,0.0006635962328835329,0.16089043574515188,0.0003790677280589346,36376.0,0.042937645039672706,0.00022024236799377144
new_pooled,either,5.0,any_pair:D1_plus_other_under,29999,385,817183,152433,1000000,0.847182,0.00035981197711582643,0.030384,0.00017164152336774456,0.03541033685795968,0.00020079272376862436,0.0025193367273488726,0.0001282354487386515,0.9974806632726512,0.0001282354487386504,0.9873288572933123,0.0006416767927945391,0.1572096582564644,0.00036965748136369344,21771.0,0.025698138062423423,0.00017191320435469142
new_pooled,either,6.0,any_pair:D1_plus_other_under,15837,69,831345,152749,1000000,0.847182,0.00035981197711582643,0.015906,0.00012511194652789959,0.018693739951981984,0.00014715059525559031,0.00045151749139499275,5.434404558497103e-05,0.999548482508605,5.434404558497437e-05,0.9956620143342135,0.000521098156256608,0.15521789585141257,0.0003650269725777736,12823.0,0.015136062853082336,0.0001326496837510368
new_pooled,either,2.0,any_pair:D2_net_either_view,236236,39150,578388,146226,1000000,0.814624,0.0003886022884955774,0.275386,0.0004467085750285078,0.2899939113014102,0.0005027439764530086,0.21119238736406007,0.0009479772673331014,0.7888076126359399,0.0009479772673331014,0.8578359103222386,0.0006654664062452008,0.2017984747741556,0.00047147845972816824,55018.0,0.06753790705896218,0.0002780422481600839
new_pooled,either,3.0,any_pair:D2_net_either_view,116560,11787,698064,173589,1000000,0.814624,0.0003886022884955774,0.128347,0.0003344757802756427,0.1430844168598028,0.00038795967675319055,0.0635842827550492,0.0005667381943906929,0.9364157172449508,0.000566738194390693,0.9081630267945492,0.0008061165329299966,0.19914920272172526,0.0004277532102487421,37766.0,0.04636003849628786,0.00023296222968168293
new_pooled,either,4.0,any_pair:D2_net_either_view,57161,3299,757463,182077,1000000,0.814624,0.0003886022884955774,0.06046,0.0002383371318112224,0.0701685685666025,0.0002830054632753247,0.017796262730882098,0.0003070707446037829,0.9822037372691179,0.0003070707446037827,0.9454349983460139,0.0009237168214700501,0.19379377142005663,0.0004077888478712785,25533.0,0.031343294575165964,0.00019305393859540354
new_pooled,either,5.0,any_pair:D2_net_either_view,29449,935,785175,184441,1000000,0.814624,0.0003886022884955774,0.030384,0.00017164152336774456,0.03615042031661233,0.00020681531999459493,0.005043802865527361,0.00016453347843578686,0.9949561971344726,0.00016453347843578772,0.969227224855187,0.000990771853494036,0.19022066467550042,0.0003985770657970766,16707.0,0.020508848253918372,0.00015703349404779196
new_pooled,either,6.0,any_pair:D2_net_either_view,15665,241,798959,185135,1000000,0.814624,0.0003886022884955774,0.015906,0.00012511194652789959,0.019229730525984996,0.00015215689770103956,0.001300060417745555,8.368979928264284e-05,0.9986999395822544,8.368979928264276e-05,0.9848484848484849,0.0009685727664096996,0.18812735368775746,0.0003939595529541839,10549.0,0.01294953254507601,0.0001252616489699862
new_pooled,either,2.0,any_pair:D3_total_either_view,237760,37626,583753,140861,1000000,0.821513,0.0003829221733342168,0.275386,0.0004467085750285078,0.2894172094659488,0.000500336629168009,0.21080526873105604,0.000965449415994734,0.7891947312689439,0.000965449415994734,0.8633699607096947,0.0006544864123951823,0.19439453281333233,0.000464889637125371,87154.0,0.10608961757148092,0.00033976310158100867
new_pooled,either,3.0,any_pair:D3_total_either_view,117005,11342,704508,167145,1000000,0.821513,0.0003829221733342168,0.128347,0.0003344757802756427,0.142426230625687,0.0003855880043744891,0.06354524419145371,0.0005774064504428348,0.9364547558085463,0.0005774064504428347,0.9116301900317109,0.0007922613126007503,0.19175635258526041,0.00042167146761714307,55003.0,0.06695329227900228,0.000275759473310046
new_pooled,either,4.0,any_pair:D3_total_either_view,57388,3072,764125,175415,1000000,0.821513,0.0003829221733342168,0.06046,0.0002383371318112224,0.06985647214347186,0.000281236114229456,0.017211337520379635,0.0003078464037643267,0.9827886624796204,0.0003078464037643265,0.9491895468078068,0.0008931387582704764,0.18670306745854354,0.00040201536911492946,33778.0,0.04111681738450883,0.00021907124494989984
new_pooled,either,5.0,any_pair:D3_total_either_view,29552,832,791961,177655,1000000,0.821513,0.0003829221733342168,0.030384,0.00017164152336774456,0.03597265046323065,0.0002054582933346725,0.004661403911769484,0.0001612280107425792,0.9953385960882305,0.0001612280107425795,0.9726171669299631,0.0009362410543470613,0.18322201778848535,0.0003928628430055252,20513.0,0.024969781366819516,0.0001721508564274366
new_pooled,either,6.0,any_pair:D3_total_either_view,15692,214,805821,178273,1000000,0.821513,0.0003829221733342168,0.015906,0.00012511194652789959,0.019101341062162134,0.00015102080462380124,0.0011989668715368625,8.19105398235731e-05,0.9988010331284631,8.191053982357322e-05,0.9865459575003144,0.0009134916232856456,0.18115444256341365,0.00038824618871548396,12233.0,0.014890817309038323,0.0001336270039633183
new_pooled,either,2.0,any_pair:D4_expected_excess,61030,214356,20690,703924,1000000,0.08172,0.00027393766006155487,0.275386,0.0004467085750285078,0.7468184043073911,0.0015211056986419236,0.23343206865008495,0.0004414362766957988,0.7665679313499151,0.0004414362766957987,0.2216162041643366,0.0007914558986725066,0.9714468668836097,0.000195651440902897,55620.0,0.6806167400881057,0.0016309596210096666
new_pooled,either,3.0,any_pair:D4_expected_excess,45554,82793,36166,835487,1000000,0.08172,0.00027393766006155487,0.128347,0.0003344757802756427,0.5574400391581008,0.0017374845872451044,0.09016095308620464,0.00029888489673568714,0.9098390469137954,0.00029888489673568714,0.35492843619250936,0.0013356156083343753,0.9585087184923359,0.0002136016698577638,41811.0,0.5116372980910426,0.0017485906964060402
new_pooled,either,4.0,any_pair:D4_expected_excess,30677,29783,51043,888497,1000000,0.08172,0.00027393766006155487,0.06046,0.0002383371318112224,0.3753915810083211,0.00169387751091462,0.03243346256043908,0.00018486279513166553,0.9675665374395609,0.0001848627951316656,0.5073933178961296,0.0020332390854184246,0.9456723502990825,0.00023384235008448037,28460.0,0.34826235927557514,0.001666577414597685
new_pooled,either,5.0,any_pair:D4_expected_excess,19420,10964,62300,907316,1000000,0.08172,0.00027393766006155487,0.030384,0.00017164152336774456,0.2376407244248654,0.0014889362352282765,0.01193971337718343,0.00011334467195082401,0.9880602866228165,0.0001133446719508242,0.6391521853607162,0.0027551275220745893,0.9357477599379548,0.0002490139331952386,18227.0,0.22304209495839453,0.001456223327070246
new_pooled,either,6.0,any_pair:D4_expected_excess,11738,4168,69982,914112,1000000,0.08172,0.00027393766006155487,0.015906,0.00012511194652789959,0.14363680861478217,0.0012268675806787748,0.0045389205906695125,7.014567066916304e-05,0.9954610794093305,7.014567066916307e-05,0.7379605180435056,0.0034867390088245275,0.9288868746278303,0.00025908245529304046,11161.0,0.13657611355849242,0.0012012550479425334
new_pooled,either,2.0,any_pair:D5_shared_total,41448,233938,65025,659589,1000000,0.106473,0.00030844205334389796,0.275386,0.0004467085750285078,0.38928178974951394,0.001494282580042643,0.2618141365621856,0.00046507775574936136,0.7381858634378144,0.0004650777557493613,0.15050874045884685,0.0006813800112299709,0.910262567380702,0.0003357506032442377,20634.0,0.1937956101546871,0.001211364386309889
new_pooled,either,3.0,any_pair:D5_shared_total,24348,103999,82125,789528,1000000,0.106473,0.00030844205334389796,0.128347,0.0003344757802756427,0.22867769293623735,0.0012870935126653854,0.11639155839722806,0.00033926325893291685,0.883608441602772,0.0003392632589329168,0.18970447303014484,0.0010943787344734953,0.9057824615988243,0.0003129003260666389,11384.0,0.1069191250363942,0.0009470073444218805
new_pooled,either,4.0,any_pair:D5_shared_total,13878,46582,92595,846945,1000000,0.106473,0.00030844205334389796,0.06046,0.0002383371318112224,0.130342903834775,0.001031805819716243,0.05213272794218865,0.00023516633419244228,0.9478672720578113,0.00023516633419244241,0.22954019186238836,0.0017102921124359158,0.901446452519318,0.0003075023651591467,6204.0,0.05826829337015018,0.0007178934649382362
new_pooled,either,5.0,any_pair:D5_shared_total,7952,22432,98521,871095,1000000,0.106473,0.00030844205334389796,0.030384,0.00017164152336774456,0.07468560104439623,0.0008056443298726711,0.025105005220883086,0.00016550275906904947,0.9748949947791169,0.00016550275906904952,0.26171669299631384,0.0025217658707758425,0.8983917344598273,0.0003068297782007538,3477.0,0.03265616635203291,0.0005446948738727229
new_pooled,either,6.0,any_pair:D5_shared_total,4617,11289,101856,882238,1000000,0.106473,0.00030844205334389796,0.015906,0.00012511194652789959,0.04336310613958468,0.0006241859794567029,0.01263420131680408,0.0001181569021511655,0.987365798683196,0.0001181569021511653,0.2902678234628442,0.0035988703933242565,0.8964976922936223,0.0003070657036349988,1968.0,0.01848355921219464,0.00041278304020230964
new_pooled,either,2.0,any_pair:D5n_shared_net,9855,265531,8247,716367,1000000,0.018102,0.00013332035702022404,0.275386,0.0004467085750285078,0.5444149817699702,0.003701574296182168,0.27042625608769955,0.00044825571796432726,0.7295737439123005,0.00044825571796432726,0.035786132918884765,0.00035397545031720006,0.9886187680613402,0.0001246108051405226,2646.0,0.14617169373549885,0.00262575156873988
new_pooled,either,3.0,any_pair:D5n_shared_net,7097,121250,11005,860648,1000000,0.018102,0.00013332035702022404,0.128347,0.0003344757802756427,0.39205612639487347,0.0036286291511657535,0.12348533147027492,0.0003320122382274908,0.876514668529725,0.00033201223822749087,0.05529541009918424,0.0006379691723451937,0.9873745630428622,0.00011958931038972604,1615.0,0.08921666114241521,0.002118689144788532
new_pooled,either,4.0,any_pair:D5n_shared_net,4890,55570,13212,926328,1000000,0.018102,0.00013332035702022404,0.06046,0.0002383371318112224,0.2701358965860126,0.0033002654376568835,0.05659447315301589,0.0002331862997810773,0.9434055268469841,0.00023318629978107735,0.08087992060866689,0.0011088490115953962,0.9859377993486174,0.00012147691847747173,943.0,0.052093691304828195,0.0016516270713186768
new_pooled,either,5.0,any_pair:D5n_shared_net,3205,27179,14897,954719,1000000,0.018102,0.00013332035702022404,0.030384,0.00017164152336774456,0.17705225941884875,0.002837093083332277,0.02768006452808744,0.00016555982416717444,0.9723199354719125,0.00016555982416717452,0.10548314902580305,0.0017622330120701277,0.9846361858715202,0.00012490721686425166,512.0,0.028284167495304387,0.0012321910766724088
new_pooled,either,6.0,any_pair:D5n_shared_net,2100,13806,16002,968092,1000000,0.018102,0.00013332035702022404,0.015906,0.00012511194652789959,0.11600928074245939,0.002380164314395558,0.01406052359817415,0.00011882085880659476,0.9859394764018259,0.00011882085880659461,0.13202565069784986,0.0026841211533532227,0.9837393582320388,0.00012749424244835636,312.0,0.01723566456745111,0.0009673317225720855
new_pooled,either,2.0,any_pair:H_shared_total_agree,35427,239959,56899,667715,1000000,0.092326,0.0002894855950198559,0.275386,0.0004467085750285078,0.38371639624807746,0.001600418176330628,0.26436694231629415,0.00046288088313059875,0.7356330576837058,0.0004628808831305988,0.12864488390840492,0.0006380032976386364,0.921476813862277,0.00031600052361423306,17974.0,0.19467972185516538,0.0013031147656897115
new_pooled,either,3.0,any_pair:H_shared_total_agree,22089,106258,77585,794068,1000000,0.099674,0.000299564840600495,0.128347,0.0003344757802756427,0.22161245660854384,0.0013155400646509589,0.11802169436404147,0.0003400243178109425,0.8819783056359586,0.0003400243178109424,0.1721037499902608,0.0010536351812724032,0.910990956263559,0.0003050017181261619,10083.0,0.10115978088568735,0.0009551118752857844
new_pooled,either,4.0,any_pair:H_shared_total_agree,12977,47483,90138,849402,1000000,0.103115,0.00030410902119963493,0.06046,0.0002383371318112224,0.1258497793725452,0.001032900153497545,0.05294212747453687,0.00023643979472560438,0.9470578725254631,0.00023643979472560438,0.21463777704267284,0.001669759846277809,0.9040615620409987,0.000303834920331437,5520.0,0.053532463754061,0.0007009718116031374
new_pooled,either,5.0,any_pair:H_shared_total_agree,7542,22842,97167,872449,1000000,0.104709,0.00030617809412007257,0.030384,0.00017164152336774456,0.07202819241898978,0.0007989629551022336,0.025513492261175417,0.00016664441385512123,0.9744865077388246,0.00016664441385512115,0.24822274881516587,0.002478237398595693,0.8997881635616574,0.00030495078925258615,3100.0,0.02960586005023446,0.0005238065412515784
new_pooled,either,6.0,any_pair:H_shared_total_agree,4427,11479,101127,882967,1000000,0.105554,0.0003072659321890404,0.015906,0.00012511194652789959,0.04194061807226633,0.0006169873777432639,0.012833642276895419,0.00011901263612076578,0.9871663577231046,0.00011901263612076582,0.27832264554256253,0.003553573657073599,0.8972384751863135,0.00030609125518570447,1741.0,0.01649392727892832,0.0003920245029151328
new_pooled,either,2.0,any_pair:Hn_shared_net_agree,6260,269126,5347,719267,1000000,0.011607,0.00010710871837063498,0.275386,0.0004467085750285078,0.5393297148272594,0.004626603499403371,0.27228642857648727,0.0004477425872383277,0.7277135714235127,0.0004477425872383277,0.02273172928180808,0.00028402214826258015,0.9926208988509745,0.00010054027731137296,2278.0,0.1962608770569484,0.003686501625620334
new_pooled,either,3.0,any_pair:Hn_shared_net_agree,5316,123031,8572,863081,1000000,0.013888,0.0001170261656895585,0.128347,0.0003344757802756427,0.38277649769585254,0.004124525619520998,0.12476371852284528,0.0003327696342599367,0.8752362814771547,0.0003327696342599367,0.041418965772476175,0.0005561874439175924,0.9901658113951308,0.00010569426314665107,1493.0,0.1075028801843318,0.0026284130069182425
new_pooled,either,4.0,any_pair:Hn_shared_net_agree,4005,56455,11396,928144,1000000,0.015401,0.00012314141951025252,0.06046,0.0002383371318112224,0.2600480488279982,0.0035347125283660243,0.0573380635162132,0.00023429865801137745,0.9426619364837868,0.0002342986580113774,0.06624214356599405,0.001011463585052114,0.9878706601102667,0.00011293043195337245,897.0,0.05824297123563405,0.0018871948197938064
new_pooled,either,5.0,any_pair:Hn_shared_net_agree,2767,27617,13598,956018,1000000,0.016365,0.00012687468926070322,0.030384,0.00017164152336774456,0.16908035441490987,0.0029300031248082983,0.028076471455367083,0.00016655985124851478,0.9719235285446329,0.00016655985124851475,0.09106766719325961,0.001650537547727979,0.9859758914869392,0.00011941830237626671,490.0,0.029941949282004277,0.0013322351639031315
new_pooled,either,6.0,any_pair:Hn_shared_net_agree,1881,14025,15128,968966,1000000,0.017009,0.0001293046554420992,0.015906,0.00012511194652789959,0.11058851196425422,0.002404733668628863,0.01426767895128236,0.0001196138286823155,0.9857323210487177,0.0001196138286823154,0.11825726141078838,0.0025603796430235613,0.984627484772796,0.00012401955000541,297.0,0.017461343994355928,0.001004324983793155
new_pooled,either,2.0,any_pair:X_expected_excess_ge_tau,61030,214356,20690,703924,1000000,0.08172,0.00027393766006155487,0.275386,0.0004467085750285078,0.7468184043073911,0.0015211056986419236,0.23343206865008495,0.0004414362766957988,0.7665679313499151,0.0004414362766957987,0.2216162041643366,0.0007914558986725066,0.9714468668836097,0.000195651440902897,55620.0,0.6806167400881057,0.0016309596210096666
new_pooled,either,3.0,any_pair:X_expected_excess_ge_tau,24447,103900,9677,861976,1000000,0.034124,0.00018154765937350998,0.128347,0.0003344757802756427,0.7164165982885945,0.002440019273803957,0.10757074407066745,0.00031526321376923867,0.8924292559293325,0.00031526321376923867,0.19047581945818756,0.0010960793032219831,0.9888981050945732,0.00011222833339925769,23013.0,0.6743933888172547,0.0025367244369639747
new_pooled,either,4.0,any_pair:X_expected_excess_ge_tau,10649,49811,4723,934817,1000000,0.015372,0.00012302723932528114,0.06046,0.0002383371318112224,0.6927530575071559,0.003721069851439908,0.05058864870793843,0.00022086030042471562,0.9494113512920616,0.00022086030042471565,0.17613298048296394,0.0015492261877572337,0.9949730719288162,7.296244212806023e-05,10169.0,0.661527452511059,0.0038165457514815248
new_pooled,either,5.0,any_pair:X_expected_excess_ge_tau,4985,25399,2278,967338,1000000,0.007263,8.4913184082332e-05,0.030384,0.00017164152336774456,0.6863555004818945,0.005444216343334023,0.02558482256629903,0.00015846965788497477,0.974415177433701,0.00015846965788497475,0.1640666140073723,0.0021245818609111652,0.9976506163264632,4.916616384872457e-05,4819.0,0.6634999311579237,0.005544405653526284
new_pooled,either,6.0,any_pair:X_expected_excess_ge_tau,2504,13402,1168,982926,1000000,0.003672,6.0485671162681165e-05,0.015906,0.00012511194652789959,0.681917211328976,0.007685720288745384,0.013451393516994403,0.00011540954131935934,0.9865486064830056,0.00011540954131935943,0.15742487111781717,0.002887756046655706,0.99881312151075,3.470778967384803e-05,2448.0,0.6666666666666666,0.00777933380015561
new_pooled,either,2.0,reported_wrong:A1_anchor,136321,139065,237625,486989,1000000,0.373946,0.00048384955211718445,0.275386,0.0004467085750285078,0.3645472875762811,0.0007870713580714765,0.22212940097819037,0.0005253525006406045,0.7778705990218097,0.0005253525006406044,0.4950179021446261,0.0009527468351316229,0.6720667831424731,0.0005515000546231346,,,
new_pooled,either,3.0,reported_wrong:A1_anchor,72643,55704,301303,570350,1000000,0.373946,0.00048384955211718445,0.128347,0.0003344757802756427,0.19426066865269317,0.0006469716872508256,0.08897635028288295,0.0003598290497958374,0.911023649717117,0.0003598290497958375,0.5659890764879584,0.0013834437125925419,0.6543314828263082,0.0005093977320224795,,,
new_pooled,either,4.0,reported_wrong:A1_anchor,37183,23277,336763,602777,1000000,0.373946,0.00048384955211718445,0.06046,0.0002383371318112224,0.09943414289763762,0.0004893516534539356,0.03718049880681219,0.00023912454000438307,0.9628195011931878,0.00023912454000438304,0.6150016539861065,0.0019789439890048905,0.6415660855312174,0.0004947292744227991,,,
new_pooled,either,5.0,reported_wrong:A1_anchor,19712,10672,354234,615382,1000000,0.373946,0.00048384955211718445,0.030384,0.00017164152336774456,0.052713493392094045,0.0003654240518264856,0.017046452861893702,0.00016359785709060465,0.9829535471381063,0.00016359785709060443,0.6487625065824117,0.002738550995197111,0.6346656820844541,0.0004890101303287674,,,
new_pooled,either,6.0,reported_wrong:A1_anchor,10774,5132,363172,620922,1000000,0.373946,0.00048384955211718445,0.015906,0.00012511194652789959,0.02881164660138095,0.00027354660328776913,0.008197375945206005,0.00011395782603650381,0.991802624054794,0.0001139578260365036,0.6773544574374449,0.0037067247878046503,0.6309580182380952,0.00048642941209439775,,,
new_pooled,either,2.0,reported_wrong:A3_largest,153554,121832,226004,498610,1000000,0.379558,0.0004852769566299228,0.275386,0.0004467085750285078,0.4045600408896664,0.0007966570532917126,0.19636323782077938,0.0005043237204509543,0.8036367621792206,0.0005043237204509543,0.5575955204694502,0.0009464517246818283,0.6881042872481072,0.0005442249825335417,,,
new_pooled,either,3.0,reported_wrong:A3_largest,90573,37774,288985,582668,1000000,0.379558,0.0004852769566299228,0.128347,0.0003344757802756427,0.23862756153209785,0.000691862517152813,0.06088240318998391,0.0003035675097441987,0.939117596810016,0.0003035675097441988,0.7056884851223636,0.0012720883685536863,0.6684632531523439,0.0005042347708735295,,,
new_pooled,either,4.0,reported_wrong:A3_largest,50003,10457,329555,609985,1000000,0.379558,0.0004852769566299228,0.06046,0.0002383371318112224,0.13174007661543163,0.0005489651296283235,0.016854113680247307,0.00016342231114613656,0.9831458863197526,0.0001634223111461368,0.8270426728415481,0.0015381524102827456,0.6492379249419928,0.0004923235591743248,,,
new_pooled,either,5.0,reported_wrong:A3_largest,27489,2895,352069,617547,1000000,0.379558,0.0004852769566299228,0.030384,0.00017164152336774456,0.07242371389879808,0.000420703514126504,0.004666028412003056,8.65182065869156e-05,0.995333971587997,8.651820658691537e-05,0.904719589257504,0.001684365485176131,0.6368985247768189,0.000488370296431784,,,
new_pooled,either,6.0,reported_wrong:A3_largest,15069,837,364489,619605,1000000,0.379558,0.0004852769566299228,0.015906,0.00012511194652789959,0.039701442203826556,0.00031693281291588984,0.001349038266268241,4.65981207207697e-05,0.9986509617337318,4.659812072076897e-05,0.9473783477932856,0.0017703677036055101,0.6296197314484185,0.0004867935262807027,,,
new_pooled,either,2.0,reported_wrong:A4_reviewed,132342,143044,226004,498610,1000000,0.358346,0.00047951448808560514,0.275386,0.0004467085750285078,0.3693134568266424,0.0008062190727211787,0.222930114984088,0.0005195937951924818,0.777069885015912,0.0005195937951924818,0.4805690921107101,0.0009520743893786192,0.6881042872481072,0.0005442249825335417,,,
new_pooled,either,3.0,reported_wrong:A4_reviewed,69361,58986,288985,582668,1000000,0.358346,0.00047951448808560514,0.128347,0.0003344757802756427,0.1935587393189822,0.0006599962710562233,0.09192804844978758,0.0003606896646172649,0.9080719515502125,0.0003606896646172648,0.5404177736916328,0.0013910846659612984,0.6684632531523439,0.0005042347708735295,,,
new_pooled,either,4.0,reported_wrong:A4_reviewed,37080,23380,321266,618274,1000000,0.358346,0.00047951448808560514,0.06046,0.0002383371318112224,0.10347541203194678,0.0005088015247971656,0.03643708291384453,0.00023391678502162296,0.9635629170861555,0.00023391678502162288,0.6132980482963943,0.0019805686567178973,0.6580603273942568,0.0004893842217256712,,,
new_pooled,either,5.0,reported_wrong:A4_reviewed,20178,10206,338168,631448,1000000,0.358346,0.00047951448808560514,0.030384,0.00017164152336774456,0.056308707227093364,0.0003850804509700921,0.015905768529456684,0.00015618712080642564,0.9840942314705433,0.00015618712080642564,0.6640995260663507,0.002709564038911728,0.6512351281331992,0.0004839888877825048,,,
new_pooled,either,6.0,reported_wrong:A4_reviewed,11120,4786,347226,636868,1000000,0.358346,0.00047951448808560514,0.015906,0.00012511194652789959,0.031031461213464083,0.00028967076794569863,0.007458848538308808,0.00010741370630849977,0.9925411514616912,0.00010741370630849975,0.6991072551238526,0.003636614563302275,0.6471617548730101,0.0004816992351484295,,,
new_rep0,AP,2.0,any_pair:D0_published,6620,11838,8744,72798,100000,0.15364,0.0011403278055015585,0.18458,0.001226826082213775,0.4308773756834158,0.0039950996963048395,0.13986955905288528,0.001192246886511113,0.8601304409471147,0.0011922468865111133,0.358652074981038,0.0035301340733210353,0.8927669176620637,0.0010835345389427,5893.0,0.3835589690184848,0.0039229221629130655
new_rep0,AP,3.0,any_pair:D0_published,4519,4707,10845,79929,100000,0.15364,0.0011403278055015585,0.09226,0.0009151398384946422,0.29412913303827126,0.0036760338437134485,0.055614632071458954,0.0007877557721257908,0.944385367928541,0.0007877557721257912,0.4898114025579883,0.005204429074797579,0.8805274638112235,0.0010765265819426284,4097.0,0.2666623275188753,0.0035676371811110556
new_rep0,AP,4.0,any_pair:D0_published,2926,1717,12438,82919,100000,0.15364,0.0011403278055015585,0.04643,0.0006653890223019914,0.19044519656339495,0.0031677871253241985,0.0202868755612269,0.00048459561577892356,0.9797131244387731,0.00048459561577892334,0.6301959939694163,0.0070847459722219,0.869563849533857,0.0010906199434667686,2701.0,0.17580057276750846,0.003070959915869405
new_rep0,AP,5.0,any_pair:D0_published,1827,655,13537,83981,100000,0.15364,0.0011403278055015585,0.02482,0.0004919752798667836,0.11891434522259828,0.0026114038520098815,0.0077390235833451485,0.00030121630447078955,0.9922609764166549,0.0003012163044707887,0.7360999194198228,0.008846821361770126,0.8611846018171004,0.0011071961237871467,1718.0,0.11181983858370216,0.0025424815816949523
new_rep0,AP,6.0,any_pair:D0_published,1082,243,14282,84393,100000,0.15364,0.0011403278055015585,0.01325,0.00036158591648458873,0.07042436865399636,0.002064199635444744,0.0028711186729051467,0.00018391775399431167,0.9971288813270949,0.000183917753994311,0.8166037735849057,0.010631460985236324,0.8552622244742842,0.0011200490047803865,1041.0,0.06775579276230148,0.0020276169495189195
new_rep0,AP,2.0,any_pair:D0a_other_over,6229,12229,7999,73543,100000,0.14228,0.0011047008717295374,0.18458,0.001226826082213775,0.4377987067753725,0.004159213643628032,0.14257566571841626,0.0011938447063372575,0.8574243342815837,0.0011938447063372577,0.3374688481959042,0.0034803881031634956,0.9019033136297859,0.0010416371973891597,5464.0,0.38403148720832164,0.004077469724061557
new_rep0,AP,3.0,any_pair:D0a_other_over,4245,4981,9983,80791,100000,0.14228,0.0011047008717295374,0.09226,0.0009151398384946422,0.29835535563677257,0.0038357791847116996,0.05807256447325468,0.0007985855679281985,0.9419274355267453,0.0007985855679281987,0.4601127249078691,0.00518891961434314,0.8900235750324983,0.0010384122851823119,3795.0,0.2667275794208603,0.003707615670237615
new_rep0,AP,4.0,any_pair:D0a_other_over,2733,1910,11495,83862,100000,0.14228,0.0011047008717295374,0.04643,0.0006653890223019914,0.19208602755130727,0.003302619333132005,0.02226833931819242,0.000503826476186165,0.9777316606818076,0.0005038264761861647,0.5886280422140857,0.007221683882511248,0.879453002925847,0.0010544068689765523,2488.0,0.1748664605004217,0.003184516120524077
new_rep0,AP,5.0,any_pair:D0a_other_over,1716,766,12512,85006,100000,0.14228,0.0011047008717295374,0.02482,0.0004919752798667836,0.12060725330334551,0.002730273946309828,0.008930653360070885,0.00032123352974188234,0.9910693466399291,0.0003212335297418831,0.6913779210314263,0.00927193462513969,0.8716954818597592,0.0010709297409780805,1595.0,0.11210289569862243,0.00264495207328244
new_rep0,AP,6.0,any_pair:D0a_other_over,1013,312,13215,85460,100000,0.14228,0.0011047008717295374,0.01325,0.00036158591648458873,0.07119763845937588,0.002155869764234809,0.003637550715851327,0.0002055608646920785,0.9963624492841486,0.00020556086469207963,0.7645283018867924,0.011656232521893396,0.8660755003800354,0.001084187324106072,965.0,0.06782400899634523,0.0021079910212401204
new_rep0,AP,2.0,any_pair:D0b_anchor_under,678,17780,926,80616,100000,0.01604,0.0003972746958969323,0.18458,0.001226826082213775,0.4226932668329177,0.012334279751445913,0.18069840237408025,0.001226620829776844,0.8193015976259197,0.0012266208297768441,0.036732040307725644,0.0013845344386462354,0.9886438890387775,0.0003710599461226276,678.0,0.4226932668329177,0.012334279751445913
new_rep0,AP,3.0,any_pair:D0b_anchor_under,511,8715,1093,89681,100000,0.01604,0.0003972746958969323,0.09226,0.0009151398384946422,0.3185785536159601,0.011633596191380016,0.08857067360461808,0.0009057696220869203,0.9114293263953819,0.0009057696220869204,0.05538694992412747,0.0023813540557345186,0.9879591072333488,0.00036200793675184056,511.0,0.3185785536159601,0.011633596191380016
new_rep0,AP,4.0,any_pair:D0b_anchor_under,385,4258,1219,94138,100000,0.01604,0.0003972746958969323,0.04643,0.0006653890223019914,0.24002493765586036,0.01066413591728461,0.04327411683401764,0.0006486630301148701,0.9567258831659824,0.0006486630301148698,0.08292052552229162,0.004047018296241549,0.9872164602493787,0.0003637939458360426,385.0,0.24002493765586036,0.01066413591728461
new_rep0,AP,5.0,any_pair:D0b_anchor_under,257,2225,1347,96171,100000,0.01604,0.0003972746958969323,0.02482,0.0004919752798667836,0.16022443890274315,0.009158910467314436,0.022612707833651775,0.00047393731945102435,0.9773872921663482,0.0004739373194510243,0.10354552780016116,0.006115456813334253,0.9861871654463791,0.0003737478346559326,257.0,0.16022443890274315,0.009158910467314436
new_rep0,AP,6.0,any_pair:D0b_anchor_under,181,1144,1423,97252,100000,0.01604,0.0003972746958969323,0.01325,0.00036158591648458873,0.1128428927680798,0.00790014734859789,0.011626488881661855,0.00034174023771907244,0.9883735111183382,0.0003417402377190723,0.13660377358490566,0.009434708407659554,0.9855789206992652,0.0003795255498580449,181.0,0.1128428927680798,0.00790014734859789
new_rep0,AP,2.0,any_pair:D1_plus_other_under,15026,3432,62854,18688,100000,0.7788,0.001312518799865358,0.18458,0.001226826082213775,0.19293785310734463,0.0014139994436443456,0.15515370705244122,0.0024343183249253167,0.8448462929475588,0.002434318324925317,0.8140643623361145,0.0028636396653511915,0.22918250717421698,0.001471891625658996,7000.0,0.08988186954288649,0.0010248775032366056
new_rep0,AP,3.0,any_pair:D1_plus_other_under,8098,1128,69782,20992,100000,0.7788,0.001312518799865358,0.09226,0.0009151398384946422,0.10398048279404212,0.0010937590970607673,0.050994575045207956,0.0014791212440716114,0.949005424954792,0.001479121244071612,0.8777368306958595,0.0034105408887906787,0.23125564588979222,0.0013994468379795366,4509.0,0.05789676425269646,0.0008368804498165238
new_rep0,AP,4.0,any_pair:D1_plus_other_under,4312,331,73568,21789,100000,0.7788,0.001312518799865358,0.04643,0.0006653890223019914,0.05536723163841808,0.0008194924119790029,0.01496383363471971,0.0008163097098468457,0.9850361663652802,0.0008163097098468471,0.9287098858496662,0.003776203126517064,0.2284992187254213,0.0013596723162623702,2841.0,0.03647919876733436,0.0006718003434018238
new_rep0,AP,5.0,any_pair:D1_plus_other_under,2371,111,75509,22009,100000,0.7788,0.001312518799865358,0.02482,0.0004919752798667836,0.03044427324088341,0.0006156391389488852,0.005018083182640145,0.0004750988297211034,0.9949819168173598,0.0004750988297211055,0.9552780016116036,0.004148820072863638,0.2256916671793925,0.0013386663169757606,1781.0,0.022868515665125835,0.000535651740464029
new_rep0,AP,6.0,any_pair:D1_plus_other_under,1290,35,76590,22085,100000,0.7788,0.001312518799865358,0.01325,0.00036158591648458873,0.016563944530046226,0.00045734293617512366,0.0015822784810126582,0.00026724220105452237,0.9984177215189873,0.0002672422010545231,0.9735849056603774,0.004405599963909696,0.22381555611857107,0.0013268567372534575,1067.0,0.013700564971751412,0.0004165437850317357
new_rep0,AP,2.0,any_pair:D2_net_either_view,13707,4751,59678,21864,100000,0.73385,0.0013975484875309336,0.18458,0.001226826082213775,0.18678203992641548,0.0014386905421538308,0.17850835994739808,0.0023472947033623937,0.8214916400526019,0.0023472947033623937,0.7426048325929137,0.0032180053302443092,0.26813176031983516,0.0015513146737486337,4264.0,0.058104517271922056,0.0008635801604527203
new_rep0,AP,3.0,any_pair:D2_net_either_view,7417,1809,65968,24806,100000,0.73385,0.0013975484875309336,0.09226,0.0009151398384946422,0.10106970089255297,0.0011126788945892265,0.0679691903062183,0.0015427940218238846,0.9320308096937817,0.0015427940218238844,0.8039236939085194,0.004133455319837988,0.2732720823143191,0.0014791179874276,2883.0,0.039285957620767184,0.0007171534499096164
new_rep0,AP,4.0,any_pair:D2_net_either_view,4026,617,69359,25998,100000,0.73385,0.0013975484875309336,0.04643,0.0006653890223019914,0.054861347686856986,0.0008405767025344876,0.023182415930866052,0.0009224075434510803,0.976817584069134,0.0009224075434510795,0.8671117811759638,0.004981744405867838,0.27263861069454787,0.0014420904874789784,1992.0,0.02714451182121687,0.0005998760665445672
new_rep0,AP,5.0,any_pair:D2_net_either_view,2253,229,71132,26386,100000,0.73385,0.0013975484875309336,0.02482,0.0004919752798667836,0.03070109695441848,0.0006367986850183047,0.008604170580499719,0.0005661282338152082,0.9913958294195003,0.0005661282338152066,0.9077356970185334,0.005808923689516397,0.27057568859082426,0.0014226304835456753,1341.0,0.01827348913265654,0.000494427194538687
new_rep0,AP,6.0,any_pair:D2_net_either_view,1246,79,72139,26536,100000,0.73385,0.0013975484875309336,0.01325,0.00036158591648458873,0.016978946651223,0.00047690637976241187,0.002968250986285929,0.00033345832869220753,0.997031749013714,0.00033345832869220856,0.940377358490566,0.006505021696126219,0.2689232328350646,0.0014115364115247144,864.0,0.011773523199563943,0.00039817850841386906
new_rep0,AP,2.0,any_pair:D3_total_either_view,14200,4258,60785,20757,100000,0.74985,0.0013695801455190565,0.18458,0.001226826082213775,0.1893712075748483,0.001430806119681134,0.17021786927843294,0.002376207489477697,0.829782130721567,0.0023762074894776975,0.7693141185393867,0.0031007734605243064,0.2545559343651125,0.0015254868357829985,6718.0,0.08959125158365007,0.0010429507845110039
new_rep0,AP,3.0,any_pair:D3_total_either_view,7579,1647,67406,23368,100000,0.74985,0.0013695801455190565,0.09226,0.0009151398384946422,0.10107354804294193,0.001100762530256024,0.06584049570257845,0.0015680388214841109,0.9341595042974216,0.0015680388214841107,0.8214827660958162,0.0039868746164077856,0.25743054178509267,0.0014511684912096015,4217.0,0.05623791424951657,0.0008413150691313673
new_rep0,AP,4.0,any_pair:D3_total_either_view,4088,555,70897,24460,100000,0.74985,0.0013695801455190565,0.04643,0.0006653890223019914,0.05451757018070281,0.0008291016493005591,0.022186687987207677,0.0009312664496343193,0.9778133120127923,0.0009312664496343195,0.8804652164548783,0.004761062795884814,0.25650974758014616,0.0014142079896296577,2674.0,0.03566046542641862,0.0006772067706606134
new_rep0,AP,5.0,any_pair:D3_total_either_view,2276,206,72709,24809,100000,0.74985,0.0013695801455190565,0.02482,0.0004919752798667836,0.030352737214109488,0.0006264964594199043,0.008235058964621227,0.0005713963724509873,0.9917649410353788,0.0005713963724509857,0.9170024174053183,0.005537542511450759,0.2544043151008019,0.0013946702492980538,1689.0,0.022524504900980197,0.0005418678300240646
new_rep0,AP,6.0,any_pair:D3_total_either_view,1253,72,73732,24943,100000,0.74985,0.0013695801455190565,0.01325,0.00036158591648458873,0.016710008668400347,0.00046810356536306386,0.002878273036178293,0.00033871921232404525,0.9971217269638217,0.00033871921232404384,0.9456603773584905,0.0062275606571014315,0.25277932607043324,0.00138353977148603,1037.0,0.013829432553177302,0.0004264724692941763
new_rep0,AP,2.0,any_pair:D4_expected_excess,4186,14272,1772,79770,100000,0.05958,0.0007485333900368106,0.18458,0.001226826082213775,0.7025847599865727,0.0059221679886675895,0.1517619786903724,0.0011699826713455917,0.8482380213096277,0.0011699826713455915,0.226785133817315,0.0030822301762344333,0.9782688675774448,0.000510598595507114,4053.0,0.6802618328298087,0.006042060137548002
new_rep0,AP,3.0,any_pair:D4_expected_excess,3203,6023,2755,88019,100000,0.05958,0.0007485333900368106,0.09226,0.0009151398384946422,0.5375965088956025,0.006459345614964315,0.06404585185342719,0.0007983840674096361,0.9359541481465729,0.0007983840674096359,0.34717103836982444,0.00495638147981023,0.96964989975103,0.0005693860291325005,3096.0,0.5196374622356495,0.00647268604718955
new_rep0,AP,4.0,any_pair:D4_expected_excess,2263,2380,3695,91662,100000,0.05958,0.0007485333900368106,0.04643,0.0006653890223019914,0.3798254447801276,0.006287800443761043,0.02530784117734629,0.0005121537511288916,0.9746921588226537,0.0005121537511288917,0.4874003876803791,0.007335550816883235,0.9612508782784693,0.0006249899254604258,2186.0,0.3669016448472642,0.006243960866876809
new_rep0,AP,5.0,any_pair:D4_expected_excess,1526,956,4432,93086,100000,0.05958,0.0007485333900368106,0.02482,0.0004919752798667836,0.2561262168512924,0.0056549190754930775,0.0101656706577912,0.0003271058757481506,0.9898343293422088,0.0003271058757481501,0.6148267526188558,0.009767952683676511,0.9545519801472548,0.0006669831793220043,1474.0,0.24739845585767037,0.0055902444022442235
new_rep0,AP,6.0,any_pair:D4_expected_excess,940,385,5018,93657,100000,0.05958,0.0007485333900368106,0.01325,0.00036158591648458873,0.15777106411547498,0.004722571120318131,0.004093915484570724,0.000208217726841082,0.9959060845154293,0.00020821772684108194,0.7094339622641509,0.01247298712767105,0.9491461869774512,0.0006993985814357787,913.0,0.15323934206109432,0.00466675741002584
new_rep0,AP,2.0,any_pair:D5_shared_total,2779,15679,7298,74244,100000,0.10077,0.0009519212525203962,0.18458,0.001226826082213775,0.27577652078991766,0.004451940127759323,0.1743602860224859,0.0012652713669244748,0.8256397139775141,0.0012652713669244748,0.15055802362119405,0.0026322461004313815,0.9105001103725687,0.000999679005802184,1717.0,0.17038801230524958,0.003745341290211655
new_rep0,AP,3.0,any_pair:D5_shared_total,1716,7510,8361,82413,100000,0.10077,0.0009519212525203962,0.09226,0.0009151398384946422,0.17028877642155404,0.003744474398765894,0.08351589693404357,0.0009225961740790588,0.9164841030659564,0.0009225961740790589,0.18599609798395839,0.004050964476888054,0.9078921277017649,0.0009598088799933893,942.0,0.09348020244120274,0.0028998987809301584
new_rep0,AP,4.0,any_pair:D5_shared_total,1042,3601,9035,86322,100000,0.10077,0.0009519212525203962,0.04643,0.0006653890223019914,0.10340379081075717,0.0030332000193721703,0.04004537215172981,0.0006538319315810907,0.9599546278482702,0.0006538319315810904,0.22442386388111135,0.0061227622328365846,0.9052507943832125,0.0009484096327671287,528.0,0.052396546591247393,0.002219724216553645
new_rep0,AP,5.0,any_pair:D5_shared_total,623,1859,9454,88064,100000,0.10077,0.0009519212525203962,0.02482,0.0004919752798667836,0.0618239555423241,0.0023991363696913084,0.020673242663167377,0.0004744961771402082,0.9793267573368326,0.00047449617714020835,0.2510072522159549,0.008703241857836627,0.9030537951967842,0.0009475013213976083,299.0,0.029671529224967748,0.001690299732682756
new_rep0,AP,6.0,any_pair:D5_shared_total,364,961,9713,88962,100000,0.10077,0.0009519212525203962,0.01325,0.00036158591648458873,0.036121861665178126,0.0018587907317719156,0.010686921032438864,0.00034289233876111125,0.9893130789675612,0.000342892338761111,0.2747169811320755,0.012262769591128165,0.901565746136306,0.0009483491531822245,159.0,0.015778505507591543,0.0012414056746991274
new_rep0,AP,2.0,any_pair:D5n_shared_net,660,17798,946,80596,100000,0.01606,0.00039751825618454306,0.18458,0.001226826082213775,0.410958904109589,0.012277196999053603,0.18088501331381995,0.0012271267431796307,0.8191149866861801,0.0012271267431796305,0.03575685339690107,0.0013667233256322443,0.9883986166638051,0.0003749991413966041,237.0,0.14757160647571607,0.008850291713321766
new_rep0,AP,3.0,any_pair:D5n_shared_net,489,8737,1117,89657,100000,0.01606,0.00039751825618454306,0.09226,0.0009151398384946422,0.3044831880448319,0.011483194072378772,0.08879606480069922,0.0009068184443446276,0.9112039351993008,0.0009068184443446277,0.053002384565358766,0.002332466538084486,0.9876947143455175,0.0003659118532373799,140.0,0.08717310087173101,0.00703902798095368
new_rep0,AP,4.0,any_pair:D5n_shared_net,370,4273,1236,94121,100000,0.01606,0.00039751825618454306,0.04643,0.0006653890223019914,0.23038605230386053,0.010507315817253305,0.043427444762892044,0.0006497657096290794,0.9565725552371079,0.0006497657096290795,0.07968985569674779,0.003974379032219569,0.9870381828287383,0.0003662887942627549,87.0,0.05417185554171856,0.005648331816509487
new_rep0,AP,5.0,any_pair:D5n_shared_net,243,2239,1363,96155,100000,0.01606,0.00039751825618454306,0.02482,0.0004919752798667836,0.15130759651307596,0.008941960627824262,0.022755452568246032,0.0004754009645175904,0.9772445474317539,0.00047540096451759086,0.09790491539081386,0.005965234457471672,0.9860230931725426,0.0003759297409252467,44.0,0.0273972602739726,0.004073320112559938
new_rep0,AP,6.0,any_pair:D5n_shared_net,171,1154,1435,97240,100000,0.01606,0.00039751825618454306,0.01325,0.00036158591648458873,0.10647571606475716,0.007696720119216896,0.011728357420167897,0.0003432198957922178,0.9882716425798321,0.00034321989579221744,0.1290566037735849,0.009210371381118292,0.9854573093488725,0.00038109892438479366,32.0,0.019925280199252802,0.003487056962064676
new_rep0,AP,2.0,any_pair:H_shared_total_agree,2300,16158,6147,75395,100000,0.08447,0.0008794021781869772,0.18458,0.001226826082213775,0.27228601870486563,0.0048433046022272955,0.1764879359496685,0.0012599583962703703,0.8235120640503315,0.0012599583962703703,0.1246072163831401,0.0024309764823482504,0.9246155355522307,0.0009245509312973013,1506.0,0.17828814963892506,0.0041645661696304475
new_rep0,AP,3.0,any_pair:H_shared_total_agree,1536,7690,7768,83006,100000,0.09304,0.0009186052383913342,0.09226,0.0009151398384946422,0.1650902837489252,0.003848980082331654,0.08478874481785305,0.0009249871775694645,0.915211255182147,0.0009249871775694645,0.16648601777585087,0.003878275014586997,0.9144248353052636,0.0009284684304773514,852.0,0.09157351676698194,0.0029901638656527536
new_rep0,AP,4.0,any_pair:H_shared_total_agree,960,3683,8712,86645,100000,0.09672,0.0009346937551947162,0.04643,0.0006653890223019914,0.09925558312655088,0.003040325752416404,0.04077362501107076,0.0006580198894087396,0.9592263749889293,0.0006580198894087394,0.20676286883480507,0.005943447768556477,0.9086380653753788,0.0009330433401174085,474.0,0.04900744416873449,0.002195136047924626
new_rep0,AP,5.0,any_pair:H_shared_total_agree,588,1894,9281,88237,100000,0.09869,0.000943134581594801,0.02482,0.0004919752798667836,0.05958050461039619,0.002382738191443214,0.021013857607260544,0.00047775371186321565,0.9789861423927395,0.000477753711863215,0.23690572119258663,0.00853445876937862,0.9048278266576427,0.0009397137351854353,269.0,0.027257067585368326,0.0016390871028576796
new_rep0,AP,6.0,any_pair:H_shared_total_agree,343,982,9618,89057,100000,0.09961,0.0009470366830276429,0.01325,0.00036158591648458873,0.03443429374560787,0.0018269852294412322,0.010906385010939703,0.0003461336165605036,0.9890936149890603,0.0003461336165605029,0.2588679245283019,0.012033140469920506,0.9025285026602483,0.0009442037357823257,142.0,0.014255596827627748,0.0011877454955435973
new_rep0,AP,2.0,any_pair:Hn_shared_net_agree,415,18043,587,80955,100000,0.01002,0.00031495395853997453,0.18458,0.001226826082213775,0.41417165668662675,0.015561143823315237,0.18225620719610497,0.0012269774519094662,0.817743792803895,0.0012269774519094664,0.022483475999566585,0.0010911927213997808,0.9928012557945599,0.00029605258005550785,202.0,0.20159680638722555,0.01267415738858705
new_rep0,AP,3.0,any_pair:Hn_shared_net_agree,354,8872,861,89913,100000,0.01215,0.00034644447607084166,0.09226,0.0009151398384946422,0.291358024691358,0.01303583305065439,0.08981120615478058,0.0009096734186734432,0.9101887938452194,0.000909673418673443,0.03836982440927813,0.0019998260542197855,0.9905149051490515,0.0003217144811801064,129.0,0.10617283950617284,0.00883782404635768
new_rep0,AP,4.0,any_pair:Hn_shared_net_agree,292,4351,1065,94292,100000,0.01357,0.0003658668487305184,0.04643,0.0006653890223019914,0.21518054532056005,0.011155690533176412,0.044108553065093314,0.0006537813952277428,0.9558914469349067,0.0006537813952277428,0.06289037260391989,0.003562771272800378,0.9888314439422381,0.00034031677622206363,85.0,0.06263817243920412,0.006577839114994875
new_rep0,AP,5.0,any_pair:Hn_shared_net_agree,210,2272,1244,96274,100000,0.01454,0.0003785312193201507,0.02482,0.0004919752798667836,0.14442916093535077,0.009218775262268749,0.023055222941570433,0.0004780795536664651,0.9769447770584295,0.0004780795536664655,0.08460918614020951,0.00558613137360438,0.9872433807092024,0.00035936644191823656,43.0,0.029573590096286108,0.004442742320853962
new_rep0,AP,6.0,any_pair:Hn_shared_net_agree,153,1172,1360,97315,100000,0.01513,0.00038601921066185296,0.01325,0.00036158591648458873,0.10112359550561797,0.00775098287853656,0.01190004772203438,0.00034552966280461216,0.9880999522779657,0.0003455296628046117,0.11547169811320755,0.008779821850948045,0.986217380288827,0.0003711492993836016,31.0,0.020489094514210177,0.0036420554759666233
new_rep0,AP,2.0,any_pair:X_expected_excess_ge_tau,4186,14272,1772,79770,100000,0.05958,0.0007485333900368106,0.18458,0.001226826082213775,0.7025847599865727,0.0059221679886675895,0.1517619786903724,0.0011699826713455917,0.8482380213096277,0.0011699826713455915,0.226785133817315,0.0030822301762344333,0.9782688675774448,0.000510598595507114,4053.0,0.6802618328298087,0.006042060137548002
new_rep0,AP,3.0,any_pair:X_expected_excess_ge_tau,1781,7445,842,89932,100000,0.02623,0.0005053908101657567,0.09226,0.0009151398384946422,0.6789935188715212,0.009115711451847709,0.07645542581923863,0.0008515396819645178,0.9235445741807614,0.0008515396819645176,0.193041404725775,0.0041090756355033,0.9907242161852513,0.0003181785964600332,1742.0,0.6641250476553565,0.009221776526642257
new_rep0,AP,4.0,any_pair:X_expected_excess_ge_tau,833,3810,388,94969,100000,0.01221,0.00034728829378486114,0.04643,0.0006653890223019914,0.6822276822276823,0.013324927894079333,0.038570951315563026,0.0006127121360274515,0.961429048684437,0.0006127121360274511,0.17940986431186734,0.005631018615123279,0.9959310800465618,0.00020614743062099343,812.0,0.665028665028665,0.013507226194704193
new_rep0,AP,5.0,any_pair:X_expected_excess_ge_tau,434,2048,196,97322,100000,0.0063,0.0002502061150331862,0.02482,0.0004919752798667836,0.6888888888888889,0.018444295700724048,0.020609842004629165,0.00045069999582318004,0.9793901579953709,0.00045069999582317955,0.17485898468976632,0.007624426377362144,0.9979901146455014,0.000143418894214778,425.0,0.6746031746031746,0.01866640014344139
new_rep0,AP,6.0,any_pair:X_expected_excess_ge_tau,214,1111,101,98574,100000,0.00315,0.00017720263824221128,0.01325,0.00036158591648458873,0.6793650793650794,0.02629672973236429,0.011145107087325074,0.00033250141639981195,0.9888548929126749,0.000332501416399812,0.16150943396226414,0.010109742609248155,0.9989764378008614,0.00010179610811167703,211.0,0.6698412698412698,0.026496716960977912
new_rep0,AP,2.0,reported_wrong:A1_anchor,7528,10930,21036,60506,100000,0.28564,0.0014284599763381542,0.18458,0.001226826082213775,0.26354852261588013,0.0026067107902868394,0.1530040875748922,0.001346894593366159,0.8469959124251077,0.0013468945933661591,0.4078448369270777,0.003617203344383517,0.7420225160040225,0.0015321763823862055,,,
new_rep0,AP,3.0,reported_wrong:A1_anchor,4316,4910,24248,66526,100000,0.28564,0.0014284599763381542,0.09226,0.0009151398384946422,0.15109928581431173,0.0021190936157802743,0.06873285178341453,0.0009465874863262601,0.9312671482165855,0.0009465874863262599,0.4678083676566226,0.005194709773003597,0.7328750523277591,0.0014685591972695494,,,
new_rep0,AP,4.0,reported_wrong:A1_anchor,2309,2334,26255,69102,100000,0.28564,0.0014284599763381542,0.04643,0.0006653890223019914,0.08083601736451478,0.001612833149504396,0.032672602049386865,0.0006651506833049588,0.9673273979506132,0.0006651506833049584,0.49730777514538016,0.007337774595656073,0.7246662541816542,0.0014465133656109427,,,
new_rep0,AP,5.0,reported_wrong:A1_anchor,1319,1163,27245,70273,100000,0.28564,0.0014284599763381542,0.02482,0.0004919752798667836,0.04617700602156561,0.0012417588597198842,0.0162803068480878,0.00047348738378842533,0.9837196931519122,0.00047348738378842517,0.5314262691377921,0.010016352254847198,0.7206156812075719,0.001436846831537217,,,
new_rep0,AP,6.0,reported_wrong:A1_anchor,736,589,27828,70847,100000,0.28564,0.0014284599763381542,0.01325,0.00036158591648458873,0.025766699341828875,0.0009374570250497755,0.008245142505179461,0.00033833169688402286,0.9917548574948205,0.00033833169688402345,0.5554716981132075,0.013651259965581093,0.717983278439321,0.0014324881141995504,,,
new_rep0,AP,2.0,reported_wrong:A3_largest,9025,9433,20051,61491,100000,0.29076,0.0014360314146981603,0.18458,0.001226826082213775,0.31039345164396753,0.0027132488868439786,0.1330015227567537,0.0012750900694903828,0.8669984772432463,0.0012750900694903828,0.4889478816773215,0.003679353878126193,0.7541021804714135,0.001508001444274926,,,
new_rep0,AP,3.0,reported_wrong:A3_largest,5853,3373,23223,67551,100000,0.29076,0.0014360314146981603,0.09226,0.0009151398384946422,0.20130004127115148,0.0023515078499183346,0.04755794935423834,0.0007991609052585266,0.9524420506457617,0.0007991609052585261,0.6344027747669629,0.005013918348907388,0.7441668319122215,0.0014482143366000189,,,
new_rep0,AP,4.0,reported_wrong:A3_largest,3588,1055,25488,69869,100000,0.29076,0.0014360314146981603,0.04643,0.0006653890223019914,0.12340074288072637,0.0019288218010695105,0.014875077547797643,0.00045454685982538993,0.9851249224522024,0.0004545468598253893,0.772776222270084,0.006149706957503107,0.732709711924662,0.001433115766251711,,,
new_rep0,AP,5.0,reported_wrong:A3_largest,2132,350,26944,70574,100000,0.29076,0.0014360314146981603,0.02482,0.0004919752798667836,0.07332507910304031,0.0015287013348834221,0.00493485984998026,0.0002631276924016537,0.9950651401500198,0.0002631276924016524,0.8589846897663175,0.00698594169393648,0.7237022908591234,0.0014319446225044606,,,
new_rep0,AP,6.0,reported_wrong:A3_largest,1227,98,27849,70826,100000,0.29076,0.0014360314146981603,0.01325,0.00036158591648458873,0.04219975237309121,0.0011790306460386958,0.0013817607579944729,0.00013948244889701834,0.9986182392420055,0.00013948244889701742,0.9260377358490566,0.007189712127577927,0.7177704585761338,0.0014328161153779836,,,
new_rep0,AP,2.0,reported_wrong:A4_reviewed,7220,11238,20051,61491,100000,0.27271,0.0014083297053602186,0.18458,0.001226826082213775,0.26475010083971984,0.0026716835855357204,0.15451883017778328,0.001340259417365808,0.8454811698222168,0.0013402594173658078,0.3911583053418572,0.0035919985293759045,0.7541021804714135,0.001508001444274926,,,
new_rep0,AP,3.0,reported_wrong:A4_reviewed,4048,5178,23223,67551,100000,0.27271,0.0014083297053602186,0.09226,0.0009151398384946422,0.14843606761761577,0.0021529196316645957,0.07119580909953388,0.0009535324779921091,0.9288041909004661,0.0009535324779921094,0.4387600260134403,0.005166317583263603,0.7441668319122215,0.0014482143366000189,,,
new_rep0,AP,4.0,reported_wrong:A4_reviewed,2365,2278,24906,70451,100000,0.27271,0.0014083297053602186,0.04643,0.0006653890223019914,0.08672215907007444,0.0017041819823086562,0.03132175610829243,0.000645890678063869,0.9686782438917075,0.0006458906780638694,0.5093689424940772,0.0073365926587713156,0.7388130918548192,0.0014225472609866697,,,
new_rep0,AP,5.0,reported_wrong:A4_reviewed,1395,1087,25876,71642,100000,0.27271,0.0014083297053602186,0.02482,0.0004919752798667836,0.051153239705181326,0.0013340867781175267,0.014945895034992919,0.00044992196775773033,0.9850541049650071,0.0004499219677577298,0.5620467365028203,0.009958621127749335,0.7346541151377182,0.001413856208697678,,,
new_rep0,AP,6.0,reported_wrong:A4_reviewed,797,528,26474,72201,100000,0.27271,0.0014083297053602186,0.01325,0.00036158591648458873,0.029225184261669906,0.0010199698818504277,0.007259827579094997,0.00031479450537762166,0.992740172420905,0.00031479450537762275,0.6015094339622642,0.013450000626124997,0.7317050924752977,0.00141049219073585,,,
new_rep0,SL,2.0,any_pair:D0_published,2484,9093,3585,84838,100000,0.06069,0.0007550279723295025,0.11577,0.0010117673008157558,0.40929312901631243,0.0063116756013815445,0.09680510161714449,0.0009647957630177492,0.9031948983828555,0.0009647957630177492,0.21456335838300078,0.003815358410626489,0.9594562500706829,0.0006632723950811104,2205.0,0.3633217993079585,0.00617372313783965
new_rep0,SL,3.0,any_pair:D0_published,1574,2570,4495,91361,100000,0.06069,0.0007550279723295025,0.04144,0.0006302596798145984,0.2593507991431867,0.005625893490151331,0.027360509310025444,0.0005322719316365002,0.9726394906899746,0.0005322719316365001,0.3798262548262548,0.007539443753147922,0.9531067434485061,0.0006828358542783296,1415.0,0.23315208436315701,0.005427698348506302
new_rep0,SL,4.0,any_pair:D0_published,906,655,5163,93276,100000,0.06069,0.0007550279723295025,0.01561,0.0003919990803560641,0.14928324270884824,0.00457445600519667,0.0069732037346562905,0.0002715139750566157,0.9930267962653437,0.00027151397505661523,0.5803971812940423,0.012490516408608982,0.9475512754091366,0.0007105345975060196,825.0,0.13593672763222936,0.004399290182879151
new_rep0,SL,5.0,any_pair:D0_published,481,166,5588,93765,100000,0.06069,0.0007550279723295025,0.00647,0.0002535377506408069,0.07925523150436645,0.0034675683529449925,0.0017672546869510598,0.0001370443085925841,0.998232745313049,0.0001370443085925836,0.7434312210200927,0.017169994703958174,0.9437561019798094,0.0007309322089025094,450.0,0.07414730598121602,0.0033632570923723096
new_rep0,SL,6.0,any_pair:D0_published,257,58,5812,93873,100000,0.06069,0.0007550279723295025,0.00315,0.00017720263824221128,0.042346350304827814,0.002584958994627036,0.0006174745291756715,8.105334202587631e-05,0.9993825254708243,8.105334202587885e-05,0.8158730158730159,0.02183809383530615,0.9416963434819682,0.0007421444289083324,239.0,0.039380458065579174,0.0024966491825846033
new_rep0,SL,2.0,any_pair:D0a_other_over,2428,9149,3467,84956,100000,0.05895,0.0007448147252840803,0.11577,0.0010117673008157558,0.4118744698897371,0.006410258568747391,0.09722118909728494,0.0009657501702276713,0.9027788109027151,0.0009657501702276713,0.20972618122138723,0.0037837035727234306,0.9607907444895559,0.0006527187384307279,2142.0,0.36335877862595417,0.006264310864399768
new_rep0,SL,3.0,any_pair:D0a_other_over,1538,2606,4357,91499,100000,0.05895,0.0007448147252840803,0.04144,0.0006302596798145984,0.26089906700593724,0.005719344195122791,0.02769247117581425,0.0005349045978615842,0.9723075288241857,0.0005349045978615847,0.37113899613899615,0.007504741771373846,0.95454640293774,0.0006727798882900456,1372.0,0.23273960983884648,0.0055038252385321345
new_rep0,SL,4.0,any_pair:D0a_other_over,883,678,5012,93427,100000,0.05895,0.0007448147252840803,0.01561,0.0003919990803560641,0.14978795589482613,0.004647936314866278,0.007204718133999256,0.00027569697449943435,0.9927952818660007,0.0002756969744994343,0.5656630365150545,0.012545582887645741,0.9490852202887067,0.0007006335715052254,798.0,0.13536895674300253,0.00445587550464111
new_rep0,SL,5.0,any_pair:D0a_other_over,469,178,5426,93927,100000,0.05895,0.0007448147252840803,0.00647,0.0002535377506408069,0.07955894826123834,0.0035245250526781216,0.001891504170872961,0.00014164008485371705,0.9981084958291271,0.00014164008485371534,0.7248840803709428,0.017556583303822024,0.9453866516360855,0.0007208811049999749,437.0,0.0741306191687871,0.0034121787186806355
new_rep0,SL,6.0,any_pair:D0a_other_over,249,66,5646,94039,100000,0.05895,0.0007448147252840803,0.00315,0.00017720263824221128,0.042239185750636135,0.002619656787786262,0.0007013442431326709,8.629922991517318e-05,0.9992986557568674,8.629922991516992e-05,0.7904761904761904,0.0229300927089162,0.9433615890053669,0.0007321156965498933,230.0,0.039016115351993216,0.00252195980764725
new_rep0,SL,2.0,any_pair:D0b_anchor_under,94,11483,146,88277,100000,0.0024,0.00015473331897170693,0.11577,0.0010117673008157558,0.39166666666666666,0.031508192644195,0.11510625501202887,0.0010104545982277172,0.8848937449879711,0.0010104545982277172,0.008119547378422735,0.0008340605099959196,0.9983488458885131,0.00013653762445185497,94.0,0.39166666666666666,0.031508192644195
new_rep0,SL,3.0,any_pair:D0b_anchor_under,71,4073,169,95687,100000,0.0024,0.00015473331897170693,0.04144,0.0006302596798145984,0.29583333333333334,0.029461554907923522,0.0408279871692061,0.0006265403043190592,0.9591720128307939,0.0006265403043190592,0.017133204633204634,0.0020158432524351594,0.9982369387414455,0.00013550049080116234,71.0,0.29583333333333334,0.029461554907923522
new_rep0,SL,4.0,any_pair:D0b_anchor_under,48,1513,192,98247,100000,0.0024,0.00015473331897170693,0.01561,0.0003919990803560641,0.2,0.025819888974716113,0.015166399358460305,0.0003869407350065094,0.9848336006415397,0.0003869407350065095,0.03074951953875721,0.00436954008803777,0.9980495535306129,0.0001406240085275975,48.0,0.2,0.025819888974716113
new_rep0,SL,5.0,any_pair:D0b_anchor_under,30,617,210,99143,100000,0.0024,0.00015473331897170693,0.00647,0.0002535377506408069,0.125,0.021347814095749162,0.006184843624699278,0.0002482212449163038,0.9938151563753007,0.000248221244916304,0.04636785162287481,0.008266978123430753,0.9978863245196421,0.00014570323604742627,30.0,0.125,0.021347814095749162
new_rep0,SL,6.0,any_pair:D0b_anchor_under,23,292,217,99468,100000,0.0024,0.00015473331897170693,0.00315,0.00017720263824221128,0.09583333333333334,0.019001020318607845,0.0029270248596631916,0.00017104030325086484,0.9970729751403368,0.00017104030325086595,0.07301587301587302,0.014658499382215834,0.9978231429001354,0.00014761375907821603,23.0,0.09583333333333334,0.019001020318607845
new_rep0,SL,2.0,any_pair:D1_plus_other_under,7114,4463,45051,43372,100000,0.52165,0.001579655903986688,0.11577,0.0010117673008157558,0.13637496405635963,0.0015025894339109787,0.09329988502142783,0.001329840332698535,0.9067001149785722,0.001329840332698535,0.6144942558521206,0.00452351801152143,0.49050586385895073,0.001681160099937786,2544.0,0.048768331256589664,0.0009430234492229155
new_rep0,SL,3.0,any_pair:D1_plus_other_under,3151,993,49014,46842,100000,0.52165,0.001579655903986688,0.04144,0.0006302596798145984,0.06040448576631841,0.00104307480953602,0.020758858576356225,0.0006518890283298872,0.9792411414236438,0.0006518890283298864,0.7603764478764479,0.00663085003226559,0.48867050575863796,0.0016145400953775722,1510.0,0.028946611712834275,0.0007340587433759954
new_rep0,SL,4.0,any_pair:D1_plus_other_under,1340,221,50825,47614,100000,0.52165,0.001579655903986688,0.01561,0.0003919990803560641,0.02568772165244896,0.000692663455707544,0.004620048081948364,0.0003100593292565347,0.9953799519180516,0.0003100593292565353,0.8584240871236387,0.008823566871258669,0.48369040725728624,0.0015927779602634227,852.0,0.016332790184989936,0.0005549638354137489
new_rep0,SL,5.0,any_pair:D1_plus_other_under,606,41,51559,47794,100000,0.52165,0.001579655903986688,0.00647,0.0002535377506408069,0.011616984568197068,0.00046915866007399433,0.0008571129925786558,0.00013380118216141273,0.9991428870074214,0.00013380118216141018,0.9366306027820711,0.00957793354516613,0.48105240908679153,0.001585139376350405,463.0,0.008875682929167066,0.00041065333067328175
new_rep0,SL,6.0,any_pair:D1_plus_other_under,306,9,51859,47826,100000,0.52165,0.001579655903986688,0.00315,0.00017720263824221128,0.005866002108693568,0.00033435203024578884,0.00018814675446848542,6.270968467842267e-05,0.9998118532455316,6.270968467841382e-05,0.9714285714285714,0.00938676914865869,0.4797712795305211,0.0015823384412796597,246.0,0.0047158056167928685,0.0002999589988971983
new_rep0,SL,2.0,any_pair:D2_net_either_view,6195,5382,41658,46765,100000,0.47853,0.0015796804711713062,0.11577,0.0010117673008157558,0.12945896808977495,0.0015346385680244632,0.10320823824956374,0.0013322579578903297,0.8967917617504363,0.0013322579578903294,0.5351127235034984,0.004635519924736872,0.5288782330389152,0.0016786563936326605,1326.0,0.027709861450692746,0.0007503442049553678
new_rep0,SL,3.0,any_pair:D2_net_either_view,2760,1384,45093,50763,100000,0.47853,0.0015796804711713062,0.04144,0.0006302596798145984,0.05767663469374961,0.001065725484636896,0.026540357067520663,0.0007038784875225434,0.9734596429324793,0.0007038784875225434,0.666023166023166,0.007326439471796036,0.5295756134201302,0.0016121269994605442,893.0,0.018661316949825507,0.00061862293758231
new_rep0,SL,4.0,any_pair:D2_net_either_view,1190,371,46663,51776,100000,0.47853,0.0015796804711713062,0.01561,0.0003919990803560641,0.024867824378826824,0.0007118623997522458,0.00711450323125012,0.0003680503284333972,0.9928854967687499,0.0003680503284333959,0.7623318385650224,0.010773481764825352,0.5259703979113969,0.0015914748730923238,561.0,0.011723402921446932,0.0004920525835700694
new_rep0,SL,5.0,any_pair:D2_net_either_view,558,89,47295,52058,100000,0.47853,0.0015796804711713062,0.00647,0.0002535377506408069,0.011660710927214595,0.0004907507361555654,0.0017067137131570368,0.00018075684395346312,0.998293286286843,0.00018075684395346138,0.8624420401854714,0.01354115414196421,0.5239700864593922,0.0015844548800353793,346.0,0.00723047666812948,0.00038730499484846125
new_rep0,SL,6.0,any_pair:D2_net_either_view,294,21,47559,52126,100000,0.47853,0.0015796804711713062,0.00315,0.00017720263824221128,0.00614381543476898,0.00035721218738115116,0.00040270773007076153,8.786033487473072e-05,0.9995972922699292,8.786033487473313e-05,0.9333333333333333,0.01405456737852613,0.5229071575462707,0.0015819721629958153,209.0,0.004367542264852778,0.0003014487562954765
new_rep0,SL,2.0,any_pair:D3_total_either_view,6525,5052,43296,45127,100000,0.49821,0.0015811286977978737,0.11577,0.0010117673008157558,0.13096886854940687,0.001511455916253785,0.10067956714960441,0.0013432810843554569,0.8993204328503955,0.0013432810843554573,0.5636175174915782,0.004609224683928999,0.5103536410210013,0.0016811027195711996,2227.0,0.044700026093414426,0.0009258007986052882
new_rep0,SL,3.0,any_pair:D3_total_either_view,2886,1258,46935,48921,100000,0.49821,0.0015811286977978737,0.04144,0.0006302596798145984,0.0579273800204733,0.0010465932125764466,0.02507024851033301,0.0006979189335445337,0.974929751489667,0.0006979189335445338,0.6964285714285714,0.0071426416818027565,0.5103592889334001,0.0016146080770050987,1350.0,0.02709700728608418,0.0007274266595441752
new_rep0,SL,4.0,any_pair:D3_total_either_view,1246,315,48575,49864,100000,0.49821,0.0015811286977978737,0.01561,0.0003919990803560641,0.025009534132193253,0.000699595110025805,0.006277526455290061,0.00035258662242018663,0.9937224735447099,0.0003525866224201882,0.7982062780269058,0.010158040580442371,0.5065472018204167,0.0015934893737841918,762.0,0.01529475522370085,0.0005498170088563228
new_rep0,SL,5.0,any_pair:D3_total_either_view,572,75,49249,50104,100000,0.49821,0.0015811286977978737,0.00647,0.0002535377506408069,0.011481102346400112,0.00047728530379784857,0.0014946491560214432,0.00017245819161384324,0.9985053508439785,0.0001724581916138458,0.884080370942813,0.012585550745513674,0.5043028393707286,0.0015862200300742453,416.0,0.008349892615563717,0.00040767441488479553
new_rep0,SL,6.0,any_pair:D3_total_either_view,291,24,49530,50155,100000,0.49821,0.0015811286977978737,0.00315,0.00017720263824221128,0.005840910459444812,0.00034139880601312324,0.00047828772992686183,9.760672362060804e-05,0.9995217122700731,9.760672362060815e-05,0.9238095238095239,0.014948109985997394,0.5031348748557958,0.001583603896083364,229.0,0.004596455310009835,0.0003030434435001353
new_rep0,SL,2.0,any_pair:D4_expected_excess,1651,9926,794,87629,100000,0.02445,0.000488387115923424,0.11577,0.0010117673008157558,0.6752556237218814,0.009470338288687997,0.10174773204858797,0.0009679139817173123,0.898252267951412,0.0009679139817173124,0.1426103481039993,0.003249874738852343,0.9910204358594483,0.00031723880904729906,1595.0,0.6523517382413088,0.009631002849732466
new_rep0,SL,3.0,any_pair:D4_expected_excess,1165,2979,1280,94576,100000,0.02445,0.000488387115923424,0.04144,0.0006302596798145984,0.47648261758691207,0.010100657670066227,0.03053662036799754,0.0005508729187622871,0.9694633796320025,0.000550872918762287,0.2811293436293436,0.0069834269436562235,0.986646636621599,0.0003707374875653282,1126.0,0.4605316973415133,0.01008029629772872
new_rep0,SL,4.0,any_pair:D4_expected_excess,728,833,1717,96722,100000,0.02445,0.000488387115923424,0.01561,0.0003919990803560641,0.2977505112474438,0.009247674649391257,0.00853877299984624,0.00029458513954998034,0.9914612270001537,0.00029458513954998115,0.4663677130044843,0.012626524790966587,0.9825577261044911,0.0004172506211020838,709.0,0.28997955010224946,0.009176555230569464
new_rep0,SL,5.0,any_pair:D4_expected_excess,413,234,2032,97321,100000,0.02445,0.000488387115923424,0.00647,0.0002535377506408069,0.1689161554192229,0.007577371539720484,0.002398646917123674,0.00015661628214794256,0.9976013530828763,0.00015661628214794207,0.6383307573415765,0.01888976406304497,0.9795476734472034,0.0004490489189624376,403.0,0.16482617586912066,0.00750346907139023
new_rep0,SL,6.0,any_pair:D4_expected_excess,235,80,2210,97475,100000,0.02445,0.000488387115923424,0.00315,0.00017720263824221128,0.09611451942740286,0.005960899130056512,0.0008200502280764697,9.164680212928789e-05,0.9991799497719235,9.164680212929062e-05,0.746031746031746,0.024525230283505058,0.9778301650198125,0.0004663350290329829,227.0,0.09284253578732106,0.005869152638466653
new_rep0,SL,2.0,any_pair:D5_shared_total,594,10983,2099,86324,100000,0.02693,0.000511905998206702,0.11577,0.0010117673008157558,0.22057185295209802,0.007989965639703655,0.112869577728221,0.0010144021121428215,0.887130422271779,0.0010144021121428217,0.05130862917854367,0.0020504994840923434,0.9762618323286928,0.0005119459705671873,348.0,0.1292239138507241,0.0064640769147750726
new_rep0,SL,3.0,any_pair:D5_shared_total,329,3815,2364,93492,100000,0.02693,0.000511905998206702,0.04144,0.0006302596798145984,0.12216858522094319,0.006310549169675729,0.03920581253147255,0.0006221833304716374,0.9607941874685274,0.0006221833304716377,0.07939189189189189,0.0041996741977455765,0.9753380070105158,0.0005009357281858267,165.0,0.061269959153360566,0.004621425717497695
new_rep0,SL,4.0,any_pair:D5_shared_total,172,1389,2521,95918,100000,0.02693,0.000511905998206702,0.01561,0.0003919990803560641,0.06386929075380617,0.004711900556250212,0.014274409857461437,0.0003802638624721385,0.9857255901425386,0.00038026386247213835,0.11018577834721333,0.007925213884605299,0.9743902315139324,0.0005034840190706343,83.0,0.030820646119569254,0.0033304642004824137
new_rep0,SL,5.0,any_pair:D5_shared_total,83,564,2610,96743,100000,0.02693,0.000511905998206702,0.00647,0.0002535377506408069,0.030820646119569254,0.0033304642004824137,0.005796088667824514,0.00024335103760083937,0.9942039113321754,0.00024335103760084013,0.12828438948995363,0.013146864207489763,0.9737300333155516,0.0005074094497454338,45.0,0.01670998886000743,0.0024700782818104696
new_rep0,SL,6.0,any_pair:D5_shared_total,42,273,2651,97034,100000,0.02693,0.000511905998206702,0.00315,0.00017720263824221128,0.015595989602673598,0.0023876737176638293,0.002805553557298036,0.00016956146717347597,0.9971944464427019,0.00016956146717347662,0.13333333333333333,0.019153146830474106,0.9734062296233135,0.0005095914248811199,25.0,0.00928332714444857,0.0018480273182565634
new_rep0,SL,2.0,any_pair:D5n_shared_net,85,11492,172,88251,100000,0.00257,0.00016010606172159753,0.11577,0.0010117673008157558,0.33073929961089493,0.02934769529419463,0.1152161053908545,0.0010109600327296655,0.8847838946091455,0.0010109600327296653,0.007342143906020558,0.0007934384117010196,0.9980548047453717,0.00014817542202006262,28.0,0.10894941634241245,0.01943556059510886
new_rep0,SL,3.0,any_pair:D5n_shared_net,63,4081,194,95662,100000,0.00257,0.00016010606172159753,0.04144,0.0006302596798145984,0.245136186770428,0.02683313741342576,0.04091515194048705,0.0006272337025895021,0.959084848059513,0.0006272337025895017,0.015202702702702704,0.001900745417003455,0.9979761308629611,0.00014515822192623967,17.0,0.06614785992217899,0.015503522952205142
new_rep0,SL,4.0,any_pair:D5n_shared_net,44,1517,213,98226,100000,0.00257,0.00016010606172159753,0.01561,0.0003919990803560641,0.17120622568093385,0.02349721847674865,0.015209087354501067,0.0003875095233595255,0.9847909126454989,0.000387509523359526,0.028187059577194105,0.004189042572510126,0.9978362234480237,0.00014809903929538499,7.0,0.027237354085603113,0.01015358337543648
new_rep0,SL,5.0,any_pair:D5n_shared_net,28,619,229,99124,100000,0.00257,0.00016010606172159753,0.00647,0.0002535377506408069,0.10894941634241245,0.01943556059510886,0.006205949289674464,0.00024866295728423373,0.9937940507103256,0.00024866295728423325,0.04327666151468315,0.007999593506174478,0.9976950872142764,0.00015213728885579385,2.0,0.007782101167315175,0.00548132310589277
new_rep0,SL,6.0,any_pair:D5n_shared_net,20,295,237,99448,100000,0.00257,0.00016010606172159753,0.00315,0.00017720263824221128,0.07782101167315175,0.016710501581180207,0.002957601034659074,0.00017194335438387463,0.997042398965341,0.00017194335438387335,0.06349206349206349,0.013739159809525942,0.9976225109093645,0.00015425081946559467,0.0,0.0,0.0
new_rep0,SL,2.0,any_pair:H_shared_total_agree,519,11058,1856,86567,100000,0.02375,0.00048151778264151365,0.11577,0.0010117673008157558,0.21852631578947368,0.008479636662944889,0.11327016645326504,0.0010143151356033818,0.886729833546735,0.0010143151356033818,0.044830266908525526,0.0019232153728657685,0.9790099860895921,0.0004820779874992587,309.0,0.13010526315789472,0.006903176497099675
new_rep0,SL,3.0,any_pair:H_shared_total_agree,304,3840,2255,93601,100000,0.02559,0.0004993510979260985,0.04144,0.0006302596798145984,0.11879640484564283,0.006395943756651897,0.03940846255682926,0.0006232944474188502,0.9605915374431707,0.0006232944474188504,0.07335907335907337,0.004050165629954,0.9764751293607077,0.000489535920123569,151.0,0.05900742477530285,0.004658126582414011
new_rep0,SL,4.0,any_pair:H_shared_total_agree,164,1397,2478,95961,100000,0.02642,0.0005071684493341438,0.01561,0.0003919990803560641,0.06207418622255867,0.004694327178209984,0.01434910330943528,0.00038114315095332153,0.9856508966905647,0.0003811431509533216,0.10506085842408712,0.0077609658507249305,0.9748270502544724,0.0004992835341236637,74.0,0.028009084027252083,0.0032100673889558073
new_rep0,SL,5.0,any_pair:H_shared_total_agree,81,566,2590,96763,100000,0.02671,0.0005098683741908297,0.00647,0.0002535377506408069,0.030325720703856234,0.0033180395582014344,0.005815327394712778,0.00024372466716471726,0.9941846726052872,0.0002437246671647177,0.125193199381762,0.01301050949646199,0.9739313357422523,0.0005055138587485192,39.0,0.014601272931486334,0.0023209426750538296
new_rep0,SL,6.0,any_pair:H_shared_total_agree,42,273,2640,97045,100000,0.02682,0.0005108883204771862,0.00315,0.00017720263824221128,0.015659955257270694,0.002397388669053001,0.0028052364413572,0.00016954232834357052,0.9971947635586428,0.00016954232834357104,0.13333333333333333,0.019153146830474106,0.9735165772182375,0.0005085619056838358,22.0,0.00820283370618941,0.001741662489465251
new_rep0,SL,2.0,any_pair:Hn_shared_net_agree,57,11520,119,88304,100000,0.00176,0.0001325481950084572,0.11577,0.0010117673008157558,0.32386363636363635,0.03527296007607207,0.1154031094726719,0.0010112626690500035,0.8845968905273282,0.0010112626690500033,0.004923555325213786,0.0006505334272861778,0.9986541963063909,0.00012328657872644937,24.0,0.13636363636363635,0.025867735589977094
new_rep0,SL,3.0,any_pair:Hn_shared_net_agree,49,4095,156,95700,100000,0.00205,0.00014303137767636862,0.04144,0.0006302596798145984,0.23902439024390243,0.02978719082313436,0.04103411994588907,0.000627942312744755,0.9589658800541109,0.0006279423127447555,0.011824324324324325,0.001679172731269069,0.9983725588382574,0.0001301935037093209,16.0,0.07804878048780488,0.018735276281060417
new_rep0,SL,4.0,any_pair:Hn_shared_net_agree,39,1522,187,98252,100000,0.00226,0.0001501629914459618,0.01561,0.0003919990803560641,0.17256637168141592,0.02513566896238101,0.01525447511375709,0.0003880180693700809,0.9847455248862429,0.0003880180693700811,0.024983984625240232,0.0039503472659719345,0.9981003464074198,0.00013878441949553255,7.0,0.030973451327433628,0.011524137162775502
new_rep0,SL,5.0,any_pair:Hn_shared_net_agree,25,622,212,99141,100000,0.00237,0.0001537655065351134,0.00647,0.0002535377506408069,0.10548523206751055,0.019953331403708488,0.006234776420115674,0.00024921121884851076,0.9937652235798843,0.0002492112188485117,0.03863987635239567,0.0075772004376779495,0.997866194276972,0.0001463939402206887,2.0,0.008438818565400843,0.005941914659179028
new_rep0,SL,6.0,any_pair:Hn_shared_net_agree,17,298,225,99460,100000,0.00242,0.0001553751460176305,0.00315,0.00017720263824221128,0.07024793388429752,0.016428301732283903,0.0029872290944084686,0.00017278687857167775,0.9970127709055915,0.00017278687857167916,0.05396825396825397,0.01273112440723951,0.9977428901038271,0.00015030407897588408,0.0,0.0,0.0
new_rep0,SL,2.0,any_pair:X_expected_excess_ge_tau,1651,9926,794,87629,100000,0.02445,0.000488387115923424,0.11577,0.0010117673008157558,0.6752556237218814,0.009470338288687997,0.10174773204858797,0.0009679139817173123,0.898252267951412,0.0009679139817173124,0.1426103481039993,0.003249874738852343,0.9910204358594483,0.00031723880904729906,1595.0,0.6523517382413088,0.009631002849732466
new_rep0,SL,3.0,any_pair:X_expected_excess_ge_tau,552,3592,256,95600,100000,0.00808,0.00028310269514789153,0.04144,0.0006302596798145984,0.6831683168316832,0.016367128056810388,0.036212597790144366,0.0005931740448893406,0.9637874022098556,0.000593174044889341,0.13320463320463322,0.005278470305750543,0.9973293273243198,0.0001666940028222455,535.0,0.6621287128712872,0.016639534533259615
new_rep0,SL,4.0,any_pair:X_expected_excess_ge_tau,192,1369,107,98332,100000,0.00299,0.000172657461466338,0.01561,0.0003919990803560641,0.6421404682274248,0.027722712474252256,0.013731055857012467,0.00036855294753032326,0.9862689441429875,0.00036855294753032386,0.12299807815502883,0.008312812480105822,0.9989130324363311,0.00010502399520835431,185.0,0.6187290969899666,0.02808869144424479
new_rep0,SL,5.0,any_pair:X_expected_excess_ge_tau,91,556,45,99308,100000,0.00136,0.00011653970997046458,0.00647,0.0002535377506408069,0.6691176470588235,0.04034768211263698,0.005567571897780982,0.00023545942402106198,0.994432428102219,0.00023545942402106258,0.14064914992272023,0.013667896169538776,0.9995470695399233,6.75035941088168e-05,91.0,0.6691176470588235,0.04034768211263698
new_rep0,SL,6.0,any_pair:X_expected_excess_ge_tau,52,263,22,99663,100000,0.00074,8.59914181764669e-05,0.00315,0.00017720263824221128,0.7027027027027027,0.05313313394862917,0.002631947641254528,0.0001620791302592248,0.9973680523587455,0.00016207913025922447,0.16507936507936508,0.02091768965848662,0.999779304810152,4.70471801691862e-05,51.0,0.6891891891891891,0.05380237243512409
new_rep0,SL,2.0,reported_wrong:A1_anchor,3458,8119,13161,75262,100000,0.16619,0.0011771613479043559,0.11577,0.0010117673008157558,0.2080750947710452,0.0031488328483075703,0.0973723030426596,0.001026688031097464,0.9026276969573404,0.0010266880310974642,0.29869568972963634,0.004253727992827884,0.8511586351967249,0.0011969732746655872,,,
new_rep0,SL,3.0,reported_wrong:A1_anchor,1546,2598,15073,80783,100000,0.16619,0.0011771613479043559,0.04144,0.0006302596798145984,0.09302605451591552,0.0022531871336594774,0.031158177522457156,0.0006016984780318062,0.9688418224775428,0.0006016984780318066,0.3730694980694981,0.007512676669038227,0.8427537139041896,0.0011757930393815365,,,
new_rep0,SL,4.0,reported_wrong:A1_anchor,682,879,15937,82502,100000,0.16619,0.0011771613479043559,0.01561,0.0003919990803560641,0.04103736686924604,0.0015388211328646669,0.01054196999316391,0.0003536926434178822,0.9894580300068361,0.0003536926434178824,0.4368994234465087,0.012554004219123525,0.8381027844655066,0.0011740449771077068,,,
new_rep0,SL,5.0,reported_wrong:A1_anchor,308,339,16311,83042,100000,0.16619,0.0011771613479043559,0.00647,0.0002535377506408069,0.01853300439256273,0.0010461845940131526,0.004065674434223624,0.00022036778182556936,0.9959343255657763,0.00022036778182557074,0.4760432766615147,0.019634452080753654,0.8358278059042001,0.0011752160554051906,,,
new_rep0,SL,6.0,reported_wrong:A1_anchor,174,141,16445,83240,100000,0.16619,0.0011771613479043559,0.00315,0.00017720263824221128,0.01046994403995427,0.0007895583509401647,0.0016910327292788524,0.00014229018467540788,0.9983089672707212,0.0001422901846754074,0.5523809523809524,0.028016788381235537,0.8350303455886041,0.0011755422830653603,,,
new_rep0,SL,2.0,reported_wrong:A3_largest,4932,6645,13468,74955,100000,0.184,0.0012253326079069307,0.11577,0.0010117673008157558,0.26804347826086955,0.0032653997360224444,0.08143382352941177,0.0009574421852892609,0.9185661764705882,0.0009574421852892608,0.42601710287639283,0.004595840803764569,0.847686687852708,0.0012083812834131002,,,
new_rep0,SL,3.0,reported_wrong:A3_largest,2616,1528,15784,80072,100000,0.184,0.0012253326079069307,0.04144,0.0006302596798145984,0.14217391304347826,0.002574546092258237,0.018725490196078432,0.00047453339069526256,0.9812745098039216,0.00047453339069526197,0.6312741312741312,0.007494642591986446,0.8353363378400934,0.001197898223566028,,,
new_rep0,SL,4.0,reported_wrong:A3_largest,1244,317,17156,81283,100000,0.184,0.0012253326079069307,0.01561,0.0003919990803560641,0.06760869565217391,0.001850936307192073,0.0038848039215686274,0.00021776809654602605,0.9961151960784314,0.0002177680965460266,0.7969250480461243,0.010182055658192298,0.8257194810999705,0.0012090857174946175,,,
new_rep0,SL,5.0,reported_wrong:A3_largest,590,57,17810,81543,100000,0.184,0.0012253326079069307,0.00647,0.0002535377506408069,0.03206521739130435,0.0012987669575608165,0.0006985294117647059,9.249016034215594e-05,0.9993014705882353,9.249016034215797e-05,0.9119010819165378,0.011143125265106605,0.8207401890229786,0.0012168970110431004,,,
new_rep0,SL,6.0,reported_wrong:A3_largest,298,17,18102,81583,100000,0.184,0.0012253326079069307,0.00315,0.00017720263824221128,0.016195652173913045,0.0009305606370149486,0.00020833333333333335,5.052299158182249e-05,0.9997916666666666,5.0522991581826436e-05,0.946031746031746,0.012731124407239513,0.8184079851532327,0.0012210076814437917,,,
new_rep0,SL,2.0,reported_wrong:A4_reviewed,3893,7684,13468,74955,100000,0.17361,0.0011977878272048017,0.11577,0.0010117673008157558,0.2242382351247048,0.003165422245394763,0.09298273212405765,0.0010102210240301652,0.9070172678759424,0.001010221024030165,0.33627019089574156,0.004390781543714819,0.847686687852708,0.0012083812834131002,,,
new_rep0,SL,3.0,reported_wrong:A4_reviewed,1577,2567,15784,80072,100000,0.17361,0.0011977878272048017,0.04144,0.0006302596798145984,0.09083578134900064,0.002181033203213249,0.03106281537772722,0.0006034978019047296,0.9689371846222727,0.0006034978019047299,0.38055019305019305,0.007542219386048842,0.8353363378400934,0.001197898223566028,,,
new_rep0,SL,4.0,reported_wrong:A4_reviewed,734,827,16627,81812,100000,0.17361,0.0011977878272048017,0.01561,0.0003919990803560641,0.04227867058349173,0.0015271893005006413,0.010007381502680332,0.00034624513486144077,0.9899926184973197,0.0003462451348614406,0.47021140294682895,0.012632707197995634,0.8310933674661466,0.0011941658940738413,,,
new_rep0,SL,5.0,reported_wrong:A4_reviewed,352,295,17009,82344,100000,0.17361,0.0011977878272048017,0.00647,0.0002535377506408069,0.020275329762110477,0.0010696670467360931,0.0035697430995050763,0.00020746718200979864,0.9964302569004949,0.0002074671820097989,0.5440494590417311,0.019580596535273713,0.8288023512123439,0.001195043990981339,,,
new_rep0,SL,6.0,reported_wrong:A4_reviewed,180,135,17181,82504,100000,0.17361,0.0011977878272048017,0.00315,0.00017720263824221128,0.010368066355624676,0.0007687734314394347,0.001633611248926052,0.0001404839813622563,0.998366388751074,0.00014048398136225516,0.5714285714285714,0.02788285922710095,0.827647088328234,0.0011962363673861762,,,
new_rep0,either,2.0,any_pair:D0_published,10244,17289,9505,62962,100000,0.19749,0.0012589189803160488,0.27533,0.0014125274903519576,0.518709808091549,0.003555438581250872,0.21543656776862594,0.001451270994569419,0.784563432231374,0.0014512709945694192,0.3720626157701667,0.0029129928584155696,0.8688368498764955,0.0012540212447163513,7877.0,0.39885563826016507,0.0034843734990463956
new_rep0,either,3.0,any_pair:D0_published,6641,6123,13108,74128,100000,0.19749,0.0012589189803160488,0.12764,0.001055215761823145,0.33627019089574156,0.003361764538712769,0.07629811466523781,0.0009371251468920302,0.9237018853347622,0.0009371251468920305,0.5202914446881856,0.00442199937189481,0.8497409326424871,0.0012098060223066612,5396.0,0.2732290242543926,0.0031709518556161864
new_rep0,either,4.0,any_pair:D0_published,4051,1994,15698,78257,100000,0.19749,0.0012589189803160488,0.06045,0.0007536298660483141,0.20512431009165022,0.0028733307407700576,0.02484704240445602,0.0005494757055243191,0.975152957595544,0.000549475705524319,0.670140612076096,0.006047129104706997,0.8329200149007504,0.0012170373723563875,3471.0,0.17575573446756798,0.002708383530332486
new_rep0,either,5.0,any_pair:D0_published,2408,677,17341,79574,100000,0.19749,0.0012589189803160488,0.03085,0.000546793173878387,0.1219302243151552,0.002328346682523782,0.008436031949757635,0.00032285257152418696,0.9915639680502424,0.0003228525715241866,0.780551053484603,0.00745143338192572,0.8210700098024042,0.0012312214236863282,2146.0,0.10866372980910426,0.002214575742765531
new_rep0,either,6.0,any_pair:D0_published,1378,240,18371,80011,100000,0.19749,0.0012589189803160488,0.01618,0.00039897628500952287,0.06977568484480227,0.0018128978864606691,0.0029906169393527807,0.00019275461763849444,0.9970093830606472,0.0001927546176384939,0.8516687268232386,0.008836137263505307,0.8132686873615093,0.0012424181213676448,1266.0,0.06410451162084156,0.0017429519713096267
new_rep0,either,2.0,any_pair:D0a_other_over,9782,17751,8947,63520,100000,0.18729,0.0012337441221744485,0.27533,0.0014125274903519576,0.5222916332959582,0.0036498974587652775,0.2184173936582545,0.0014493165494572566,0.7815826063417455,0.0014493165494572566,0.35528275160716233,0.0028843299468467106,0.8765369064539722,0.0012220347037740595,7431.0,0.3967643761012334,0.0035748064378044717
new_rep0,either,3.0,any_pair:D0a_other_over,6337,6427,12392,74844,100000,0.18729,0.0012337441221744485,0.12764,0.001055215761823145,0.3383522878957766,0.003457328700818022,0.07908109903901761,0.0009466277678129278,0.9209189009609824,0.0009466277678129278,0.4964744594171106,0.004425535310344797,0.8579485533495346,0.0011819676267611355,5077.0,0.2710769395055796,0.0032481033321350166
new_rep0,either,4.0,any_pair:D0a_other_over,3849,2196,14880,79075,100000,0.18729,0.0012337441221744485,0.06045,0.0007536298660483141,0.20551017139195898,0.0029525926660604962,0.02702070849380468,0.0005687643443961269,0.9729792915061953,0.0005687643443961268,0.6367245657568238,0.006185797028932036,0.8416263104677771,0.001191080790717051,3243.0,0.1731539324042928,0.002764847724693983
new_rep0,either,5.0,any_pair:D0a_other_over,2291,794,16438,80477,100000,0.18729,0.0012337441221744485,0.03085,0.000546793173878387,0.12232366917614394,0.0023942260302027953,0.00976978257927182,0.0003450187799659422,0.9902302174207281,0.00034501877996594285,0.7426256077795786,0.007871183610240787,0.8303874529226641,0.0012055184935427083,2012.0,0.10742698488974319,0.002262670292920125
new_rep0,either,6.0,any_pair:D0a_other_over,1305,313,17424,80958,100000,0.18729,0.0012337441221744485,0.01618,0.00039897628500952287,0.06967803940413263,0.0018604041626204843,0.0038513122762116867,0.00021726944190233083,0.9961486877237883,0.00021726944190233164,0.8065512978986403,0.009819958415693268,0.8228944319082759,0.0012171114441805909,1183.0,0.06316407709968498,0.0017774997583052635
new_rep0,either,2.0,any_pair:D0b_anchor_under,993,26540,810,71657,100000,0.01803,0.0004207721366725701,0.27533,0.0014125274903519576,0.5507487520798668,0.011714494251795039,0.2702730225974317,0.0014172042314268402,0.7297269774025683,0.0014172042314268402,0.03606581193476919,0.0011236855118594749,0.9888224985165661,0.0003905362901168236,764.0,0.42373821408763174,0.01163753132478062
new_rep0,either,3.0,any_pair:D0b_anchor_under,722,12042,1081,86155,100000,0.01803,0.0004207721366725701,0.12764,0.001055215761823145,0.4004437049362174,0.011539522961991733,0.12263103760807356,0.001046748205243171,0.8773689623919264,0.001046748205243171,0.05656534001880288,0.0020447382298611236,0.9876083268375442,0.0003745497181785392,575.0,0.3189129229062673,0.010975884181264724
new_rep0,either,4.0,any_pair:D0b_anchor_under,520,5525,1283,92672,100000,0.01803,0.0004207721366725701,0.06045,0.0007536298660483141,0.28840820854132004,0.01066894336977462,0.056264447997393,0.0007353482770747594,0.9437355520026071,0.000735348277074759,0.08602150537634409,0.0036063955227516333,0.9863445266350913,0.00037862366127617447,430.0,0.2384914032168608,0.010036352499622545
new_rep0,either,5.0,any_pair:D0b_anchor_under,343,2742,1460,95455,100000,0.01803,0.0004207721366725701,0.03085,0.000546793173878387,0.19023849140321686,0.009243360639582964,0.02792345998350255,0.0005257578143278374,0.9720765400164975,0.0005257578143278373,0.11118314424635332,0.005659760224283805,0.9849352525408863,0.00039128145858037555,286.0,0.158624514697726,0.008603639739614396
new_rep0,either,6.0,any_pair:D0b_anchor_under,238,1380,1565,96817,100000,0.01803,0.0004207721366725701,0.01618,0.00039897628500952287,0.13200221852468108,0.007971720428053932,0.014053382486226666,0.00037563670639424127,0.9859466175137733,0.0003756367063942414,0.14709517923362175,0.008805626203204558,0.9840926185684373,0.00039889584354874135,203.0,0.11259012756516916,0.007444138080274733
new_rep0,either,2.0,any_pair:D1_plus_other_under,24676,2857,59855,12612,100000,0.84531,0.0011435077782857449,0.27533,0.0014125274903519576,0.29191657498432527,0.0015637365537342406,0.18469196457430992,0.0031199938793572695,0.8153080354256901,0.0031199938793572695,0.8962336105763993,0.001837859039965347,0.1740378379124291,0.001408418673604679,9208.0,0.10893045155031882,0.001071574696130143
new_rep0,either,3.0,any_pair:D1_plus_other_under,12071,693,72460,14776,100000,0.84531,0.0011435077782857449,0.12764,0.001055215761823145,0.1427996829565485,0.0012033633483569336,0.04479927597129743,0.001663227661907089,0.9552007240287026,0.0016632276619070884,0.9457066750235036,0.0020056633979548314,0.16937961392085837,0.001269942303394573,5866.0,0.06939465994723829,0.000874053050312489
new_rep0,either,4.0,any_pair:D1_plus_other_under,5889,156,78642,15313,100000,0.84531,0.0011435077782857449,0.06045,0.0007536298660483141,0.0696667494765234,0.000875636874265088,0.010084685500032322,0.0008033394252942287,0.9899153144999677,0.0008033394252942267,0.9741935483870968,0.0020393352145075443,0.16298227875046564,0.0012049737078327738,3624.0,0.04287184583170671,0.0006967277901689442
new_rep0,either,5.0,any_pair:D1_plus_other_under,3050,35,81481,15434,100000,0.84531,0.0011435077782857449,0.03085,0.000546793173878387,0.03608143757911299,0.0006414371138600459,0.0022625896955200723,0.00038201455572117016,0.9977374103044799,0.0003820145557211698,0.9886547811993517,0.001906782639942215,0.1592529536191508,0.001175387108179898,2217.0,0.026227064627178196,0.0005496619696197991
new_rep0,either,6.0,any_pair:D1_plus_other_under,1615,3,82916,15466,100000,0.84531,0.0011435077782857449,0.01618,0.00039897628500952287,0.01910541694762868,0.00047084875316145,0.0001939362596160062,0.00011195829372923045,0.9998060637403839,0.00011195829372924496,0.9981458590852905,0.0010694958772742998,0.15720355349555812,0.0011604721003801344,1298.0,0.015355313435307757,0.0004229228112288841
new_rep0,either,2.0,any_pair:D2_net_either_view,23644,3889,57639,14828,100000,0.81283,0.0012334398692275192,0.27533,0.0014125274903519576,0.2908849328887959,0.0015930122217121792,0.20777902441630602,0.002965554431452341,0.792220975583694,0.002965554431452341,0.8587513166018959,0.002098935750275202,0.2046172740695765,0.001498611577343297,5435.0,0.06686515015439883,0.0008761374707208922
new_rep0,either,3.0,any_pair:D2_net_either_view,11632,1132,69651,17585,100000,0.81283,0.0012334398692275192,0.12764,0.001055215761823145,0.14310495429548614,0.0012282627710850475,0.060479777742159534,0.0017423686134781199,0.9395202222578405,0.0017423686134781194,0.9113130680037606,0.00251634518947787,0.2015796230913843,0.0013582860758494782,3695.0,0.04545845994857473,0.0007306424713363369
new_rep0,either,4.0,any_pair:D2_net_either_view,5739,306,75544,18411,100000,0.81283,0.0012334398692275192,0.06045,0.0007536298660483141,0.07060516959265775,0.0008985008957117794,0.01634877384196185,0.0009269259520978196,0.9836512261580381,0.0009269259520978203,0.9493796526054591,0.0028195796524908808,0.19595551061678462,0.001294967389715175,2513.0,0.030916673843239054,0.0006071235520382659
new_rep0,either,5.0,any_pair:D2_net_either_view,3009,76,78274,18641,100000,0.81283,0.0012334398692275192,0.03085,0.000546793173878387,0.03701881082145098,0.0006622474146327573,0.004060479777742159,0.0004648223894142123,0.9959395202222578,0.000464822389414212,0.9753646677471637,0.002790841275813444,0.19234380642831347,0.0012660675188782672,1674.0,0.02059471230146525,0.0004981489563828138
new_rep0,either,6.0,any_pair:D2_net_either_view,1601,17,79682,18700,100000,0.81283,0.0012334398692275192,0.01618,0.00039897628500952287,0.019696615528462285,0.0004873895268974285,0.0009082652134423251,0.00022018660915486664,0.9990917347865577,0.00022018660915486827,0.9894932014833128,0.0025348505003443063,0.19007542030046146,0.0012509139790364302,1065.0,0.013102370729426818,0.00039885141077334045
new_rep0,either,2.0,any_pair:D3_total_either_view,23779,3754,58225,14242,100000,0.82004,0.0012148020349011604,0.27533,0.0014125274903519576,0.2899736598214721,0.0015845246019315388,0.20860191153589686,0.0030287864110523964,0.7913980884641031,0.003028786411052397,0.863654523662514,0.002068062337019029,0.1965308347247713,0.0014761477036860605,8582.0,0.10465343153992489,0.0010689436331216063
new_rep0,either,3.0,any_pair:D3_total_either_view,11658,1106,70346,16890,100000,0.82004,0.0012148020349011604,0.12764,0.001055215761823145,0.1421637968879567,0.0012194926128708808,0.06145810180040009,0.0017903107174974543,0.9385418981995999,0.0017903107174974547,0.9133500470072078,0.0024900576136695184,0.19361272868999038,0.0013377991414752412,5412.0,0.0659967806448466,0.0008669978960783779
new_rep0,either,4.0,any_pair:D3_total_either_view,5764,281,76240,17715,100000,0.82004,0.0012148020349011604,0.06045,0.0007536298660483141,0.07028925418272279,0.0008926904206537459,0.015614581018004002,0.0009241868005803702,0.984385418981996,0.0009241868005803687,0.9535153019023986,0.0027078255903378217,0.18854770900963227,0.0012760925606181061,3372.0,0.04111994536851861,0.0006934112581897919
new_rep0,either,5.0,any_pair:D3_total_either_view,3014,71,78990,17925,100000,0.82004,0.0012148020349011604,0.03085,0.000546793173878387,0.03675430466806497,0.000657060145410223,0.003945321182484997,0.00046729892267420825,0.996054678817515,0.00046729892267421014,0.9769854132901135,0.002699715784816537,0.18495588918124128,0.0012471800032330966,2080.0,0.025364616360177554,0.0005490573600709206
new_rep0,either,6.0,any_pair:D3_total_either_view,1607,11,80397,17985,100000,0.82004,0.0012148020349011604,0.01618,0.00039897628500952287,0.019596605043656408,0.0004840333711686614,0.0006112469437652812,0.00018424155351349415,0.9993887530562348,0.0001842415535134883,0.9932014833127317,0.0020428501228191838,0.18280783070073794,0.0012322580734152012,1252.0,0.015267547924491488,0.000428179876619541
new_rep0,either,2.0,any_pair:D4_expected_excess,6104,21429,2046,70421,100000,0.0815,0.000865203733232815,0.27533,0.0014125274903519576,0.7489570552147239,0.004803122510170557,0.23330430048992923,0.001395511132637629,0.7666956995100708,0.001395511132637629,0.2216975992445429,0.0025033865395518453,0.971766459215919,0.000615309307604888,5549.0,0.6808588957055215,0.005163463666580372
new_rep0,either,3.0,any_pair:D4_expected_excess,4532,8232,3618,83618,100000,0.0815,0.000865203733232815,0.12764,0.001055215761823145,0.5560736196319018,0.005503548762326908,0.08962438758845945,0.0009425053580192373,0.9103756124115405,0.0009425053580192374,0.35506110937010343,0.004235624368076931,0.9585262964831033,0.0006750571684505191,4155.0,0.5098159509202455,0.005537420354729553
new_rep0,either,4.0,any_pair:D4_expected_excess,3083,2962,5067,88888,100000,0.0815,0.000865203733232815,0.06045,0.0007536298660483141,0.37828220858895706,0.0053718738005771646,0.03224823081110506,0.0005829017422870063,0.9677517691888949,0.0005829017422870063,0.5100082712985938,0.006429612973977419,0.9460699270927572,0.000736914622250096,2865.0,0.35153374233128837,0.005288693465173632
new_rep0,either,5.0,any_pair:D4_expected_excess,1990,1095,6160,90755,100000,0.0815,0.000865203733232815,0.03085,0.000546793173878387,0.2441717791411043,0.004758614035119453,0.011921611322808928,0.00035811589628086213,0.9880783886771911,0.00035811589628086154,0.6450567260940032,0.00861491199372388,0.9364391477067533,0.0007836806731717934,1863.0,0.22858895705521473,0.004651486282261218
new_rep0,either,6.0,any_pair:D4_expected_excess,1193,425,6957,91425,100000,0.0815,0.000865203733232815,0.01618,0.00039897628500952287,0.14638036809815952,0.003915568359086033,0.004627109417528579,0.00022392790065570622,0.9953728905824715,0.00022392790065570503,0.7373300370828183,0.01094074537931709,0.9292858449716411,0.0008172783898078748,1131.0,0.13877300613496932,0.0038294156741341978
new_rep0,either,2.0,any_pair:D5_shared_total,4124,23409,6507,65960,100000,0.10631,0.0009747214160979536,0.27533,0.0014125274903519576,0.38792211457059544,0.004725943818120577,0.26193646566482787,0.001470792500340593,0.7380635343351721,0.001470792500340593,0.1497838956888098,0.0021506535583995776,0.9102074047497482,0.0010619896955030765,1996.0,0.18775279841971593,0.0037874792500102185
new_rep0,either,3.0,any_pair:D5_shared_total,2423,10341,8208,79028,100000,0.10631,0.0009747214160979536,0.12764,0.001055215761823145,0.22791835198946478,0.004068498907641228,0.11571126453244414,0.0010700188217907787,0.8842887354675558,0.001070018821790779,0.1898307740520213,0.0034711851793394776,0.9059104039616672,0.0009884746902459709,1085.0,0.10206001316903396,0.0029360564879125847
new_rep0,either,4.0,any_pair:D5_shared_total,1390,4655,9241,84714,100000,0.10631,0.0009747214160979536,0.06045,0.0007536298660483141,0.13074969429028313,0.0032696834421973536,0.052087412861282996,0.0007432879451794922,0.947912587138717,0.0007432879451794925,0.22994210090984285,0.005412186890509378,0.9016444042360705,0.0009715322780162362,603.0,0.056720910544633615,0.0022433892862716394
new_rep0,either,5.0,any_pair:D5_shared_total,801,2284,9830,87085,100000,0.10631,0.0009747214160979536,0.03085,0.000546793173878387,0.07534568714137899,0.0025599521032641835,0.025556960467276124,0.0005278850713532897,0.9744430395327238,0.0005278850713532902,0.25964343598055106,0.007893717053753642,0.8985709126554197,0.0009697547976630086,340.0,0.03198193961057285,0.0017065030561868187
new_rep0,either,6.0,any_pair:D5_shared_total,458,1160,10173,88209,100000,0.10631,0.0009747214160979536,0.01618,0.00039897628500952287,0.04308155394600696,0.0019692283706682244,0.012979892356409941,0.00037862134710279333,0.98702010764359,0.00037862134710279344,0.2830655129789864,0.011199379406834381,0.8965969384643533,0.0009707502274809083,182.0,0.017119744144483116,0.0012580904953794314
new_rep0,either,2.0,any_pair:D5n_shared_net,987,26546,842,71625,100000,0.01829,0.0004237390222766839,0.27533,0.0014125274903519576,0.5396391470749043,0.01165451120824474,0.2704057206303287,0.0014176108881256285,0.7295942793696713,0.0014176108881256287,0.03584789162096393,0.001120412174380629,0.9883809182110478,0.0003980869484568172,264.0,0.1443411700382723,0.008217478494007955
new_rep0,either,3.0,any_pair:D5n_shared_net,707,12057,1122,86114,100000,0.01829,0.0004237390222766839,0.12764,0.001055215761823145,0.3865500273373428,0.011386377473295677,0.12281631031567367,0.001047566711710709,0.8771836896843264,0.0010475667117107088,0.05539015982450642,0.002024646206372341,0.987138337383649,0.00038149574118179615,156.0,0.08529250956806998,0.006531150799876088
new_rep0,either,4.0,any_pair:D5n_shared_net,511,5534,1318,92637,100000,0.01829,0.0004237390222766839,0.06045,0.0007536298660483141,0.2793876435210498,0.01049174186875426,0.05637102606676106,0.0007361003024896241,0.943628973933239,0.0007361003024896239,0.08453267162944582,0.0035779607302255634,0.985972007876111,0.0003836808299977549,94.0,0.05139420448332422,0.005162892805997116
new_rep0,either,5.0,any_pair:D5n_shared_net,330,2755,1499,95416,100000,0.01829,0.0004237390222766839,0.03085,0.000546793173878387,0.18042646254784034,0.008991605165687122,0.02806327734259608,0.0005271043282766779,0.9719367226574039,0.0005271043282766777,0.10696920583468396,0.005564613678695213,0.9845328380539649,0.0003963920350952777,46.0,0.025150355385456534,0.0036612891551258543
new_rep0,either,6.0,any_pair:D5n_shared_net,225,1393,1604,96778,100000,0.01829,0.0004237390222766839,0.01618,0.00039897628500952287,0.12301804264625478,0.007680206245726343,0.014189526438561285,0.00037747575053736186,0.9858104735614387,0.00037747575053736213,0.13906056860321384,0.00860199213936739,0.9836962045902706,0.0004037541811667219,32.0,0.017495899398578457,0.003065691639489872
new_rep0,either,2.0,any_pair:H_shared_total_agree,3500,24033,5710,66757,100000,0.0921,0.0009144265416095489,0.27533,0.0014125274903519576,0.3800217155266015,0.005057811400428455,0.26470976979843597,0.0014641830497628546,0.735290230201564,0.0014641830497628546,0.1271201830530636,0.0020075099812716644,0.9212055142340652,0.0010008201390665893,1762.0,0.19131378935939197,0.004098579285116849
new_rep0,either,3.0,any_pair:H_shared_total_agree,2206,10558,7772,79464,100000,0.09978,0.0009477549873253108,0.12764,0.001055215761823145,0.22108639005812789,0.004154357824571132,0.11728244206971629,0.0010723907370928745,0.8827175579302837,0.0010723907370928745,0.17282983390786588,0.0033466738448994283,0.910908340593333,0.0009645127910032194,984.0,0.09861695730607337,0.0029847553644922814
new_rep0,either,4.0,any_pair:H_shared_total_agree,1306,4739,8992,84963,100000,0.10298,0.0009611197615281875,0.06045,0.0007536298660483141,0.12682074189162945,0.0032792188844751016,0.05283048315533656,0.0007468873165244512,0.9471695168446634,0.0007468873165244512,0.21604631927212573,0.005293226584602799,0.9042946091213879,0.0009597612757933733,541.0,0.052534472713148185,0.0021985049805128133
new_rep0,either,5.0,any_pair:H_shared_total_agree,770,2315,9697,87218,100000,0.10467,0.0009680609025262822,0.03085,0.000546793173878387,0.07356453616126875,0.0025517065248646057,0.025856388147386996,0.0005304004140184073,0.974143611852613,0.0005304004140184073,0.24959481361426256,0.007791805582805227,0.8999432492390239,0.0009639072780919991,304.0,0.029043661029903505,0.0016413999593890252
new_rep0,either,6.0,any_pair:H_shared_total_agree,440,1178,10104,88278,100000,0.10544,0.0009711972322860069,0.01618,0.00039897628500952287,0.0417298937784522,0.0019474436997130127,0.013168485065283491,0.00038114012803759043,0.9868315149347165,0.0003811401280375899,0.2719406674907293,0.011061937682884316,0.897298286271879,0.0009678308044670723,162.0,0.015364188163884674,0.001197815486252993
new_rep0,either,2.0,any_pair:Hn_shared_net_agree,622,26911,544,71923,100000,0.01166,0.0003394708293800809,0.27533,0.0014125274903519576,0.5334476843910806,0.014609885642885,0.2722848412489629,0.0014159217613460473,0.7277151587510371,0.0014159217613460473,0.022591072531144445,0.0008955293177676973,0.9924931348061876,0.0003206438561587706,226.0,0.19382504288164665,0.011576314600080923
new_rep0,either,3.0,any_pair:Hn_shared_net_agree,521,12243,881,86355,100000,0.01402,0.0003717988649794402,0.12764,0.001055215761823145,0.3716119828815977,0.012905795982550919,0.12417087567699142,0.0010502326376486417,0.8758291243230086,0.0010502326376486415,0.040817925415230334,0.0017513889008749714,0.9899009583199596,0.00033852292344216123,145.0,0.10342368045649072,0.008132603883025762
new_rep0,either,4.0,any_pair:Hn_shared_net_agree,411,5634,1148,92807,100000,0.01559,0.00039175185896176676,0.06045,0.0007536298660483141,0.26363053239255935,0.011158933312673744,0.057232250789813185,0.0007403460494447208,0.9427677492101868,0.0007403460494447209,0.06799007444168735,0.003237687096805992,0.9877813847054441,0.0003584111119880711,92.0,0.059012187299550996,0.00596815093316581
new_rep0,either,5.0,any_pair:Hn_shared_net_agree,287,2798,1378,95537,100000,0.01665,0.00040463288917239537,0.03085,0.000546793173878387,0.17237237237237238,0.009256444475790309,0.028453755021101337,0.0005302094595008903,0.9715462449788986,0.0005302094595008906,0.09303079416531604,0.005229763514624113,0.9857813547954393,0.00038029788356850713,45.0,0.02702702702702703,0.003974133092398961
new_rep0,either,6.0,any_pair:Hn_shared_net_agree,200,1418,1528,96854,100000,0.01728,0.0004120849621133972,0.01618,0.00039897628500952287,0.11574074074074074,0.007695929271853024,0.014429338977531748,0.00038041024448486727,0.9855706610224683,0.0003804102444848671,0.12360939431396786,0.008182487251522227,0.9844687036246468,0.0003942275647575689,31.0,0.017939814814814815,0.003193053247113699
new_rep0,either,2.0,any_pair:X_expected_excess_ge_tau,6104,21429,2046,70421,100000,0.0815,0.000865203733232815,0.27533,0.0014125274903519576,0.7489570552147239,0.004803122510170557,0.23330430048992923,0.001395511132637629,0.7666956995100708,0.001395511132637629,0.2216975992445429,0.0025033865395518453,0.971766459215919,0.000615309307604888,5549.0,0.6808588957055215,0.005163463666580372
new_rep0,either,3.0,any_pair:X_expected_excess_ge_tau,2401,10363,973,86263,100000,0.03374,0.0005709782167473642,0.12764,0.001055215761823145,0.7116182572614108,0.007798927494426428,0.10724856663837891,0.0009954375646478286,0.8927514333616211,0.0009954375646478286,0.18810717643371982,0.003459064305596039,0.9888463478380485,0.0003555699766788446,2255.0,0.6683461766449318,0.008105329955268203
new_rep0,either,4.0,any_pair:X_expected_excess_ge_tau,1042,5003,463,93492,100000,0.01505,0.0003850129543275135,0.06045,0.0007536298660483141,0.692358803986711,0.011896510851969634,0.05079445657139956,0.0006996505821722902,0.9492055434286004,0.0006996505821722904,0.17237386269644334,0.004857968038009421,0.9950721089883455,0.00022845353122980723,992.0,0.6591362126245848,0.01221827142842526
new_rep0,either,5.0,any_pair:X_expected_excess_ge_tau,532,2553,228,96687,100000,0.0076,0.00027463138932030327,0.03085,0.000546793173878387,0.7,0.01662274915510922,0.025725513905683194,0.0005025500454340611,0.9742744860943168,0.0005025500454340614,0.17244732576985414,0.006801402410554858,0.9976474229995357,0.0001556198405305917,514.0,0.6763157894736842,0.016971832019023053
new_rep0,either,6.0,any_pair:X_expected_excess_ge_tau,268,1350,118,98264,100000,0.00386,0.00019608927558640224,0.01618,0.00039897628500952287,0.694300518134715,0.02344916829908055,0.013552311924026743,0.00036633931950294366,0.9864476880759733,0.00036633931950294345,0.16563658838071693,0.009242011516260723,0.9988005936045211,0.00011034807274160565,260.0,0.6735751295336787,0.02386662390885333
new_rep0,either,2.0,reported_wrong:A1_anchor,13639,13894,23749,48718,100000,0.37388,0.001530012240473912,0.27533,0.0014125274903519576,0.3647961912913234,0.002489519758115528,0.22190634383185331,0.0016606266679051254,0.7780936561681466,0.0016606266679051254,0.4953691933316384,0.003013176764573288,0.6722784163826293,0.001743640569450983,,,
new_rep0,either,3.0,reported_wrong:A1_anchor,7266,5498,30122,57114,100000,0.37388,0.001530012240473912,0.12764,0.001055215761823145,0.1943404300845191,0.002046403395926786,0.08781064332715774,0.0011310642911904038,0.9121893566728423,0.0011310642911904036,0.5692572861172046,0.004382983858323604,0.654706772433399,0.0016097912963573776,,,
new_rep0,either,4.0,reported_wrong:A1_anchor,3699,2346,33689,60266,100000,0.37388,0.001530012240473912,0.06045,0.0007536298660483141,0.09893548732213545,0.0015441442713417454,0.03746885581038779,0.0007589511487612159,0.9625311441896122,0.0007589511487612165,0.6119106699751861,0.006267750666664355,0.6414347293917301,0.0015645894527403996,,,
new_rep0,either,5.0,reported_wrong:A1_anchor,2023,1062,35365,61550,100000,0.37388,0.001530012240473912,0.03085,0.000546793173878387,0.05410827003316572,0.0011700015081750567,0.01696160480419089,0.0005160477895806265,0.9830383951958092,0.0005160477895806259,0.6557536466774716,0.008554161536570022,0.6350926069235928,0.0015463733613568576,,,
new_rep0,either,6.0,reported_wrong:A1_anchor,1122,496,36266,62116,100000,0.37388,0.001530012240473912,0.01618,0.00039897628500952287,0.030009628757890233,0.0008823642544525904,0.007921804127004408,0.00035428781345441516,0.9920781958729956,0.00035428781345441467,0.6934487021013597,0.01146223981997164,0.6313756581488483,0.0015380770736231804,,,
new_rep0,either,2.0,reported_wrong:A3_largest,15301,12232,22551,49916,100000,0.37852,0.0015337620728131205,0.27533,0.0014125274903519576,0.4042322730635105,0.0025223744748913636,0.19682049301666987,0.001594879547031551,0.8031795069833301,0.0015948795470315511,0.5557331202556932,0.002994527747404802,0.6888100790704734,0.0017198571112313364,,,
new_rep0,either,3.0,reported_wrong:A3_largest,8945,3819,28907,58329,100000,0.37852,0.0015337620728131205,0.12764,0.001055215761823145,0.23631512205431682,0.002183526346750277,0.06145008688936088,0.0009633328253704922,0.9385499131106391,0.0009633328253704927,0.7007991225321216,0.004053076569281609,0.6686345086890734,0.0015936764716268793,,,
new_rep0,either,4.0,reported_wrong:A3_largest,4990,1055,32862,61093,100000,0.37852,0.0015337620728131205,0.06045,0.0007536298660483141,0.13182922963119517,0.0017388576139817891,0.016975606616463926,0.0005181806842629346,0.9830243933835361,0.0005181806842629344,0.8254755996691481,0.00488182317601942,0.6502368154967804,0.0015558326324980347,,,
new_rep0,either,5.0,reported_wrong:A3_largest,2774,311,35078,61837,100000,0.37852,0.0015337620728131205,0.03085,0.000546793173878387,0.07328542745429568,0.0013394835766704822,0.005004183561820171,0.0002830503295130663,0.9949958164381798,0.0002830503295130671,0.8991896272285251,0.005420641308209705,0.6380539648145281,0.0015436723230074318,,,
new_rep0,either,6.0,reported_wrong:A3_largest,1538,80,36314,62068,100000,0.37852,0.0015337620728131205,0.01618,0.00039897628500952287,0.04063193490436437,0.001014803520595997,0.001287249790821909,0.00014382624219825993,0.998712750209178,0.00014382624219826242,0.9505562422744128,0.005389585740538044,0.630887764021874,0.0015384998199990275,,,
new_rep0,either,2.0,reported_wrong:A4_reviewed,13205,14328,22551,49916,100000,0.35756,0.0015156214778103403,0.27533,0.0014125274903519576,0.3693086474997203,0.0025522823216228624,0.22302471826162754,0.0016423428129060393,0.7769752817383725,0.0016423428129060393,0.4796062906330585,0.003010798472605199,0.6888100790704734,0.0017198571112313364,,,
new_rep0,either,3.0,reported_wrong:A4_reviewed,6849,5915,28907,58329,100000,0.35756,0.0015156214778103403,0.12764,0.001055215761823145,0.1915482716187493,0.0020810940206843504,0.09207085486582404,0.00114069826185337,0.907929145134176,0.0011406982618533696,0.5365872767157631,0.004413780832047906,0.6686345086890734,0.0015936764716268793,,,
new_rep0,either,4.0,reported_wrong:A4_reviewed,3718,2327,32038,61917,100000,0.35756,0.0015156214778103403,0.06045,0.0007536298660483141,0.10398254838348808,0.0016142247370519954,0.036221281364796715,0.000737147308879725,0.9637787186352033,0.0007371473088797252,0.6150537634408603,0.006258329523377247,0.6590069714224895,0.0015465280667146513,,,
new_rep0,either,5.0,reported_wrong:A4_reviewed,2083,1002,33673,63242,100000,0.35756,0.0015156214778103403,0.03085,0.000546793173878387,0.05825595704217474,0.0012386886187039034,0.015596787248614657,0.0004888637091345979,0.9844032127513853,0.0004888637091345983,0.6752025931928687,0.008431323309631639,0.6525512046638807,0.0015295271943061531,,,
new_rep0,either,6.0,reported_wrong:A4_reviewed,1167,451,34589,63793,100000,0.35756,0.0015156214778103403,0.01618,0.00039897628500952287,0.03263787895737778,0.0009396822822351345,0.00702011082747027,0.0003294017665507299,0.9929798891725298,0.0003294017665507289,0.7212608158220025,0.011146946662196462,0.6484214592100181,0.0015222362003991178,,,
published,AP,2.0,any_pair:D0_published,6593,11772,8751,72884,100000,0.15344,0.0011397199936826587,0.18365,0.0012244291629163364,0.4296793534932221,0.003996340598931567,0.13905688905688907,0.0011891992048845307,0.8609431109431109,0.0011891992048845307,0.35899809420092565,0.003539812557322246,0.8928033319042078,0.0010827553692427342,5878.0,0.3830813347236705,0.003924552617831802
published,AP,3.0,any_pair:D0_published,4577,4692,10767,79964,100000,0.15344,0.0011397199936826587,0.09269,0.000917052691506873,0.2982924921793535,0.0036934304725310943,0.055424305424305424,0.0007863930030292226,0.9445756945756946,0.0007863930030292227,0.49379652605459057,0.00519302166794006,0.8813305265014163,0.0010736458889196105,4141.0,0.2698774765380605,0.003583537046047597
published,AP,4.0,any_pair:D0_published,2976,1665,12368,82991,100000,0.15344,0.0011397199936826587,0.04641,0.0006652526730498721,0.19395203336809178,0.0031919664429990754,0.019667832167832168,0.00047723908180558055,0.9803321678321678,0.0004772390818055808,0.6412411118293472,0.007040544206937758,0.8703006533206095,0.0010879844918060592,2748.0,0.17909280500521377,0.003095400193717454
published,AP,5.0,any_pair:D0_published,1845,602,13499,84054,100000,0.15344,0.0011397199936826587,0.02447,0.0004885818160758748,0.12024244004171011,0.0026256757863736668,0.007111132111132111,0.000288795766250824,0.9928888678888679,0.0002887957662508243,0.7539844707805476,0.008706537538787362,0.8616239377569116,0.0011055262195937801,1742.0,0.11352971845672576,0.002561047160362949
published,AP,6.0,any_pair:D0_published,1118,242,14226,84414,100000,0.15344,0.0011397199936826587,0.0136,0.0003662654774886653,0.0728623566214807,0.002098236411400912,0.002858627858627859,0.00018349672045028464,0.9971413721413721,0.00018349672045028578,0.8220588235294117,0.010370990160158118,0.8557785888077859,0.0011185851431541557,1065.0,0.06940823774765381,0.002051709247636341
published,AP,2.0,any_pair:D0a_other_over,6184,12181,7982,73653,100000,0.14166,0.001102689640832814,0.18365,0.0012244291629163364,0.43653819003247213,0.0041669639764800375,0.14191346086632337,0.0011910984634699105,0.8580865391336766,0.0011910984634699105,0.33672747073237136,0.0034873040409192416,0.9022233110798065,0.0010395287059388812,5428.0,0.3831709727516589,0.004084652203334887
published,AP,3.0,any_pair:D0a_other_over,4293,4976,9873,80858,100000,0.14166,0.001102689640832814,0.09269,0.000917052691506873,0.30304955527318933,0.0038613054370558978,0.057972365263182425,0.000797650525452208,0.9420276347368176,0.0007976505254522077,0.46315675908943793,0.005179302856309609,0.8911838291212485,0.0010338380679820467,3823.0,0.26987152336580544,0.003729533866385027
published,AP,4.0,any_pair:D0a_other_over,2794,1847,11372,83987,100000,0.14166,0.001102689640832814,0.04641,0.0006652526730498721,0.1972328109558097,0.0033431877761267857,0.021518279469674023,0.0004952796160382477,0.978481720530326,0.0004952796160382474,0.6020254255548373,0.007185041749264034,0.880745393722669,0.00104949875483241,2544.0,0.17958492164337145,0.0032249882217138576
published,AP,5.0,any_pair:D0a_other_over,1740,707,12426,85127,100000,0.14166,0.001102689640832814,0.02447,0.0004885818160758748,0.1228293096145701,0.002757842389097257,0.008236829228510847,0.0003084994140104689,0.9917631707714891,0.0003084994140104695,0.7110747854515733,0.009162909074972457,0.8726230869373571,0.001067427517752917,1618.0,0.11421713963010025,0.0026724258099155764
published,AP,6.0,any_pair:D0a_other_over,1063,297,13103,85537,100000,0.14166,0.001102689640832814,0.0136,0.0003662654774886653,0.07503882535648737,0.002213508258130122,0.0034601672996714588,0.0002004316049737664,0.9965398327003285,0.00020043160497376669,0.7816176470588235,0.01120305567773456,0.8671634225466343,0.0010806443379560854,999.0,0.07052096569250317,0.002151073775679468
published,AP,2.0,any_pair:D0b_anchor_under,688,17677,955,80680,100000,0.01643,0.0004019957101761162,0.18365,0.0012244291629163364,0.418746195982958,0.012171372660314482,0.17972284636578992,0.001224275941142385,0.82027715363421,0.0012242759411423853,0.037462564661040025,0.0014012386281062974,0.988301586329393,0.00037633103504136015,688.0,0.418746195982958,0.012171372660314482
published,AP,3.0,any_pair:D0b_anchor_under,513,8756,1130,89601,100000,0.01643,0.0004019957101761162,0.09269,0.000917052691506873,0.31223371880706025,0.011432509189615704,0.08902264200819464,0.000908032502441156,0.9109773579918053,0.000908032502441156,0.05534577624339195,0.002374992463159753,0.9875456018339928,0.00036818161958430544,513.0,0.31223371880706025,0.011432509189615704
published,AP,4.0,any_pair:D0b_anchor_under,360,4281,1283,94076,100000,0.01643,0.0004019957101761162,0.04641,0.0006652526730498721,0.21911138161898966,0.010204887783348165,0.04352511768354057,0.0006505851184212079,0.9564748823164594,0.0006505851184212082,0.07756948933419522,0.003926508226360388,0.9865455803857004,0.0003730870869173291,360.0,0.21911138161898966,0.010204887783348165
published,AP,5.0,any_pair:D0b_anchor_under,249,2198,1394,96159,100000,0.01643,0.0004019957101761162,0.02447,0.0004885818160758748,0.15155203895313452,0.008846565864630763,0.022347163902925057,0.00047130375779081026,0.977652836097075,0.0004713037577908099,0.10175725378013895,0.006111707533544761,0.9857103318196263,0.0003799840887972283,249.0,0.15155203895313452,0.008846565864630763
published,AP,6.0,any_pair:D0b_anchor_under,160,1200,1483,97157,100000,0.01643,0.0004019957101761162,0.0136,0.0003662654774886653,0.09738283627510651,0.007314324462709015,0.012200453450186565,0.00035004168074205376,0.9877995465498134,0.0003500416807420544,0.11764705882352941,0.008736595967441243,0.9849655312246554,0.00038746102967041556,160.0,0.09738283627510651,0.007314324462709015
published,AP,2.0,any_pair:D1_plus_other_under,14901,3464,63071,18564,100000,0.77972,0.0013105598864607449,0.18365,0.0012244291629163364,0.19110706407428307,0.0014080385801514377,0.15725440348647177,0.0024527999001584403,0.8427455965135282,0.0024527999001584407,0.8113803430438333,0.0028867571489890813,0.22740246217921234,0.0014670200270732322,7003.0,0.08981429231006002,0.0010239255849100186
published,AP,3.0,any_pair:D1_plus_other_under,8064,1205,69908,20823,100000,0.77972,0.0013105598864607449,0.09269,0.000917052691506873,0.10342174113784436,0.0010905125982073212,0.05470310513891411,0.0015321545361240815,0.9452968948610859,0.001532154536124081,0.8699967634048981,0.003493167893199344,0.22950259558475053,0.0013960518293681598,4550.0,0.058354281023957316,0.0008394808476362782
published,AP,4.0,any_pair:D1_plus_other_under,4296,345,73676,21683,100000,0.77972,0.0013105598864607449,0.04641,0.0006652526730498721,0.05509670137998256,0.0008171224539619091,0.015661884873796987,0.000836578368380733,0.9843381151262031,0.0008365783683807317,0.9256625727213963,0.0038505638677460005,0.22738283748780921,0.001357313511529229,2904.0,0.037244138921664185,0.0006781374322571098
published,AP,5.0,any_pair:D1_plus_other_under,2348,99,75624,21929,100000,0.77972,0.0013105598864607449,0.02447,0.0004885818160758748,0.03011337403170369,0.0006120273886406922,0.004494280007263483,0.0004506759774873859,0.9955057199927365,0.000450675977487386,0.9595422966898243,0.0039830493702279,0.22479062663372731,0.001336528708661407,1798.0,0.02305955984199456,0.0005375145359325539
published,AP,6.0,any_pair:D1_plus_other_under,1331,29,76641,21999,100000,0.77972,0.0013105598864607449,0.0136,0.0003662654774886653,0.017070230339096087,0.00046388635476460875,0.0013165062647539495,0.0002443081005118419,0.998683493735246,0.0002443081005118458,0.9786764705882353,0.0039172353419732985,0.22302311435523114,0.0013254167534560198,1092.0,0.014005027445749756,0.00042083320083748376
published,AP,2.0,any_pair:D2_net_either_view,13609,4756,59940,21695,100000,0.73549,0.0013947919554542893,0.18365,0.0012244291629163364,0.18503310718024718,0.0014318789940145028,0.17980416619409473,0.002361226273186922,0.8201958338059052,0.0023612262731869224,0.7410291315001362,0.003232567713900907,0.2657561095118515,0.001546050234264499,4287.0,0.058287672164135475,0.0008638912940054774
published,AP,3.0,any_pair:D2_net_either_view,7422,1847,66127,24604,100000,0.73549,0.0013947919554542893,0.09269,0.000917052691506873,0.10091231695876218,0.0011106691953962483,0.06982722770405655,0.0015670150358121154,0.9301727722959434,0.0015670150358121156,0.8007336282231093,0.004149011126502518,0.2711752322800366,0.001475906084324774,3002.0,0.04081632653061224,0.0007295909875669541
published,AP,4.0,any_pair:D2_net_either_view,4007,634,69542,25817,100000,0.73549,0.0013947919554542893,0.04641,0.0006652526730498721,0.05448068634515765,0.0008368894655158732,0.02396884805867453,0.0009404471031909342,0.9760311519413255,0.0009404471031909334,0.863391510450334,0.00504123505499262,0.2707348021686469,0.0014389110361262474,2099.0,0.02853879726440876,0.000613962968806004
published,AP,5.0,any_pair:D2_net_either_view,2229,218,71320,26233,100000,0.73549,0.0013947919554542893,0.02447,0.0004885818160758748,0.030306326394648465,0.0006321141949454994,0.008241654379796605,0.0005558902837060839,0.9917583456202034,0.0005558902837060846,0.9109113199836535,0.00575880438956373,0.2689102334115814,0.0014196088643102238,1399.0,0.0190213327169642,0.000503688304237043
published,AP,6.0,any_pair:D2_net_either_view,1295,65,72254,26386,100000,0.73549,0.0013947919554542893,0.0136,0.0003662654774886653,0.017607309412772436,0.000484954142197457,0.002457374012324676,0.00030442499957629443,0.9975426259876753,0.00030442499957629643,0.9522058823529411,0.005784731421735685,0.26749797242497975,0.0014094125393718225,903.0,0.012277529266203483,0.0004060547263763016
published,AP,2.0,any_pair:D3_total_either_view,14095,4270,60998,20637,100000,0.75093,0.0013676042377091407,0.18365,0.0012244291629163364,0.1877005846084189,0.001424922209053319,0.17143774842413778,0.0023881141861346535,0.8285622515758622,0.002388114186134654,0.767492512932208,0.0031171670622791533,0.2527959821155142,0.0015211305345173968,6684.0,0.0890096280612041,0.001039143820170326
published,AP,3.0,any_pair:D3_total_either_view,7662,1607,67431,23300,100000,0.75093,0.0013676042377091407,0.09269,0.000917052691506873,0.10203347848667652,0.0011045914863325678,0.06452001445376802,0.0015566958504723424,0.935479985546232,0.001556695850472342,0.8266263890387312,0.003932146490892845,0.2568030772282902,0.0014503546590050875,4278.0,0.05696935799608485,0.0008458314660717548
published,AP,4.0,any_pair:D3_total_either_view,4114,527,70979,24380,100000,0.75093,0.0013676042377091407,0.04641,0.0006652526730498721,0.05478539943803017,0.0008304201897123154,0.021158710402698035,0.0009118849060359629,0.978841289597302,0.0009118849060359625,0.8864468864468864,0.004657148632842599,0.2556654327331453,0.0014126652322937808,2697.0,0.035915464823618716,0.0006790450324743047
published,AP,5.0,any_pair:D3_total_either_view,2272,175,72821,24732,100000,0.75093,0.0013676042377091407,0.02447,0.0004885818160758748,0.030255816121342868,0.0006250766851299777,0.00702613723049745,0.0005292568798111032,0.9929738627695025,0.000529256879811105,0.9284838577850429,0.005209214416944549,0.25352372556456493,0.0013928264124118532,1668.0,0.022212456553873196,0.000537800025326169
published,AP,6.0,any_pair:D3_total_either_view,1302,58,73791,24849,100000,0.75093,0.0013676042377091407,0.0136,0.0003662654774886653,0.017338500259677998,0.0004763300797605077,0.0023286626249648694,0.00030541215941385963,0.9976713373750351,0.00030541215941386126,0.9573529411764706,0.005479123963712563,0.2519160583941606,0.0013822180518558644,1033.0,0.013756275551649289,0.00042505275185249886
published,AP,2.0,any_pair:D4_expected_excess,4186,14179,1818,79817,100000,0.06004,0.0007512336414192325,0.18365,0.0012244291629163364,0.6972018654230513,0.005929738289460208,0.15084684454657646,0.0011673643936710315,0.8491531554534235,0.0011673643936710315,0.2279335692894092,0.003095537105968782,0.9777301402584676,0.0005164520956062642,4048.0,0.6742171885409727,0.006048443829144016
published,AP,3.0,any_pair:D4_expected_excess,3234,6035,2770,87961,100000,0.06004,0.0007512336414192325,0.09269,0.000917052691506873,0.5386409060626249,0.006433523134061064,0.06420485978126729,0.0007995021893755924,0.9357951402187327,0.0007995021893755926,0.348904951990506,0.004950616919429747,0.9694701921063363,0.0005711516256982472,3142.0,0.5233177881412392,0.006445800795409673
published,AP,4.0,any_pair:D4_expected_excess,2291,2350,3713,91646,100000,0.06004,0.0007512336414192325,0.04641,0.0006652526730498721,0.3815789473684211,0.006269226978742872,0.025001063875058512,0.0005092448309868888,0.9749989361249415,0.0005092448309868888,0.49364361129067014,0.007338868789784786,0.9610629306095911,0.0006264359882674615,2219.0,0.3695869420386409,0.006229462383261621
published,AP,5.0,any_pair:D4_expected_excess,1513,934,4491,93062,100000,0.06004,0.0007512336414192325,0.02447,0.0004885818160758748,0.25199866755496336,0.005603120548200139,0.009936593046512617,0.00032351585536427374,0.9900634069534874,0.0003235158553642738,0.618308132407029,0.009820688774014827,0.9539634865150226,0.0006709602224997988,1474.0,0.24550299800133243,0.005554395717605699
published,AP,6.0,any_pair:D4_expected_excess,965,395,5039,93601,100000,0.06004,0.0007512336414192325,0.0136,0.0003662654774886653,0.16072618254497,0.004739961459950979,0.0042023064811268565,0.0002109962483036618,0.9957976935188732,0.00021099624830366165,0.7095588235294118,0.012309880640488166,0.9489152473641524,0.0007010239056273097,942.0,0.15689540306462357,0.004693809898088746
published,AP,2.0,any_pair:D5_shared_total,2724,15641,7220,74415,100000,0.09944,0.0009463175281056565,0.18365,0.0012244291629163364,0.2739340305711987,0.004472295353698548,0.17368082082259928,0.0012623899296979417,0.8263191791774007,0.0012623899296979417,0.14832561938469915,0.0026227047971460206,0.9115575427206468,0.0009937662566908677,1741.0,0.1750804505229284,0.0038110449212460764
published,AP,3.0,any_pair:D5_shared_total,1659,7610,8285,82446,100000,0.09944,0.0009463175281056565,0.09269,0.000917052691506873,0.1668342719227675,0.0037387616210245735,0.08450297592609043,0.0009268472031833646,0.9154970240739095,0.0009268472031833648,0.17898370913798684,0.00398167857418439,0.9086861161014427,0.0009563073751053257,943.0,0.09483105390185036,0.0029380525124888196
published,AP,4.0,any_pair:D5_shared_total,980,3661,8964,86395,100000,0.09944,0.0009463175281056565,0.04641,0.0006652526730498721,0.09855189058728882,0.002988975039524861,0.040652482899529184,0.0006580746921876202,0.9593475171004708,0.00065807469218762,0.21116138763197587,0.005990947994817092,0.9059973363814637,0.0009450454516278204,534.0,0.053700724054706356,0.0022606002264932167
published,AP,5.0,any_pair:D5_shared_total,568,1879,9376,88177,100000,0.09944,0.0009463175281056565,0.02447,0.0004885818160758748,0.05711987127916331,0.002327240647850228,0.020864795238518256,0.0004762906652396258,0.9791352047614817,0.00047629066523962574,0.23212096444626074,0.008534667454192749,0.9038881428556784,0.0009436816591750351,286.0,0.028761061946902654,0.0016760421783496703
published,AP,6.0,any_pair:D5_shared_total,352,1008,9592,89048,100000,0.09944,0.0009463175281056565,0.0136,0.0003662654774886653,0.035398230088495575,0.0018530376497213827,0.011193035444612242,0.0003505688881994678,0.9888069645553877,0.00035056888819946796,0.25882352941176473,0.011876630229727538,0.902757502027575,0.0009433808900199243,172.0,0.01729686242960579,0.0013074174559923144
published,AP,2.0,any_pair:D5n_shared_net,661,17704,984,80651,100000,0.01645,0.00040223621791181364,0.18365,0.0012244291629163364,0.40182370820668695,0.012087860114417398,0.18000101672512836,0.0012250277161448423,0.8199989832748716,0.0012250277161448423,0.035992376803702694,0.0013745167329481775,0.9879463465425369,0.0003819335696393415,202.0,0.12279635258358662,0.008092076817437129
published,AP,3.0,any_pair:D5n_shared_net,490,8779,1155,89576,100000,0.01645,0.00040223621791181364,0.09269,0.000917052691506873,0.2978723404255319,0.011275613442358163,0.08925829901886025,0.0009091251935290466,0.9107417009811397,0.0009091251935290468,0.05286438666522818,0.0023241879290132163,0.987270062051559,0.00037218021157530594,124.0,0.07537993920972644,0.00650918471843921
published,AP,4.0,any_pair:D5n_shared_net,342,4299,1303,94056,100000,0.01645,0.00040223621791181364,0.04641,0.0006652526730498721,0.20790273556231004,0.010005444964670214,0.043709013268262924,0.000651901996451348,0.9562909867317371,0.000651901996451348,0.07369101486748546,0.003835124110587318,0.9863358466426871,0.00037594380119048126,72.0,0.04376899696048632,0.005044077562776621
published,AP,5.0,any_pair:D5n_shared_net,238,2209,1407,96146,100000,0.01645,0.00040223621791181364,0.02447,0.0004885818160758748,0.14468085106382977,0.008673346041160336,0.022459458085506583,0.00047246408897176715,0.9775405419144935,0.0004724640889717666,0.09726195341234165,0.005990118065480585,0.9855770709255481,0.0003817259765066381,41.0,0.02492401215805471,0.003843662590950176
published,AP,6.0,any_pair:D5n_shared_net,151,1209,1494,97146,100000,0.01645,0.00040223621791181364,0.0136,0.0003662654774886653,0.09179331306990882,0.007118933219216966,0.012292206801891109,0.00035134271091304055,0.9877077931981089,0.00035134271091304093,0.11102941176470588,0.008519091081725919,0.9848540145985402,0.000388873335265822,24.0,0.01458966565349544,0.002956298444367037
published,AP,2.0,any_pair:H_shared_total_agree,2269,16096,6079,75556,100000,0.08348,0.0008747061769531527,0.18365,0.0012244291629163364,0.2718016291327264,0.004869222935921418,0.17562082660498407,0.0012568415828956999,0.824379173395016,0.0012568415828956999,0.12355023141845903,0.0024282300572066296,0.925534390886262,0.0009188316681446455,1507.0,0.18052228078581697,0.0042096187078253956
published,AP,3.0,any_pair:H_shared_total_agree,1470,7799,7684,83047,100000,0.09154,0.0009119233980987658,0.09269,0.000917052691506873,0.16058553637753986,0.003837390387518862,0.08584857891376615,0.0009294429117694064,0.9141514210862338,0.0009294429117694067,0.15859315999568455,0.0037942749998720413,0.915310092471151,0.0009243194804747072,831.0,0.09077998689097662,0.0030027840273860215
published,AP,4.0,any_pair:H_shared_total_agree,905,3736,8658,86701,100000,0.09563,0.0009299725969081025,0.04641,0.0006652526730498721,0.09463557461047788,0.002993242111880509,0.041310525559229073,0.000661753529041018,0.9586894744407709,0.0006617535290410181,0.19500107735401853,0.005815812154454416,0.9092062626495664,0.0009304184459434311,484.0,0.050611732719857784,0.002241560449337524
published,AP,5.0,any_pair:H_shared_total_agree,528,1919,9220,88333,100000,0.09748,0.0009379640163673658,0.02447,0.0004885818160758748,0.05416495691423882,0.0022924989267536743,0.021262686699463722,0.0004801906787426617,0.9787373133005363,0.0004801906787426619,0.21577441765427052,0.00831578963845812,0.9054872735846156,0.0009366255623048755,251.0,0.02574887156339762,0.0016041936724078807
published,AP,6.0,any_pair:H_shared_total_agree,332,1028,9503,89137,100000,0.09835,0.0009416861340170619,0.0136,0.0003662654774886653,0.033756990340620234,0.0018211170486564891,0.011401319802584152,0.000353564443595357,0.9885986801974158,0.00035356444359535755,0.24411764705882352,0.011648157562378922,0.9036597729115977,0.0009394632065781854,143.0,0.014539908490086425,0.0012070164113648797
published,AP,2.0,any_pair:Hn_shared_net_agree,375,17990,628,81007,100000,0.01003,0.00031510949049497064,0.18365,0.0012244291629163364,0.37387836490528414,0.01527721027216473,0.18172267846500398,0.0012255860390813756,0.818277321534996,0.0012255860390813756,0.020419275796351756,0.0010436258229267656,0.9923072211673915,0.00030579226846455656,168.0,0.1674975074775673,0.011790887049502562
published,AP,3.0,any_pair:Hn_shared_net_agree,335,8934,894,89837,100000,0.01229,0.00034841004434430417,0.09269,0.000917052691506873,0.2725793327908869,0.012701743507948433,0.09045165078818682,0.0009126545394555853,0.9095483492118132,0.0009126545394555855,0.03614197863847233,0.0019386350229875465,0.9901466973801677,0.0003279161704774092,113.0,0.0919446704637917,0.008242206568070079
published,AP,4.0,any_pair:Hn_shared_net_agree,256,4385,1126,94233,100000,0.01382,0.00036917485829888254,0.04641,0.0006652526730498721,0.18523878437047755,0.010450260424241164,0.04446449938145166,0.0006563749853550416,0.9555355006185483,0.0006563749853550419,0.05516052574876104,0.0033511003170647586,0.9881919902683544,0.00034980673898757955,66.0,0.04775687409551375,0.005736379140041745
published,AP,5.0,any_pair:Hn_shared_net_agree,196,2251,1287,96266,100000,0.01483,0.00038223122713875693,0.02447,0.0004885818160758748,0.13216453135536074,0.008794387194536636,0.02284884842209974,0.0004760553423035537,0.9771511515779002,0.0004760553423035541,0.08009807928075194,0.005487377385846369,0.986807171486269,0.0003653127183068764,39.0,0.026298044504383007,0.004155317122777589
published,AP,6.0,any_pair:Hn_shared_net_agree,131,1229,1404,97236,100000,0.01535,0.00038877213763334435,0.0136,0.0003662654774886653,0.08534201954397394,0.007131101730127446,0.01248159244401564,0.00035380719142834673,0.9875184075559844,0.00035380719142834603,0.09632352941176471,0.008000243888443505,0.9857664233576642,0.00037715294303533234,23.0,0.01498371335504886,0.003100824907493695
published,AP,2.0,any_pair:X_expected_excess_ge_tau,4186,14179,1818,79817,100000,0.06004,0.0007512336414192325,0.18365,0.0012244291629163364,0.6972018654230513,0.005929738289460208,0.15084684454657646,0.0011673643936710315,0.8491531554534235,0.0011673643936710315,0.2279335692894092,0.003095537105968782,0.9777301402584676,0.0005164520956062642,4048.0,0.6742171885409727,0.006048443829144016
published,AP,3.0,any_pair:X_expected_excess_ge_tau,1851,7418,841,89890,100000,0.02692,0.0005118135754354314,0.09269,0.000917052691506873,0.687592867756315,0.008932820845021065,0.0762321700168537,0.0008506997105001099,0.9237678299831463,0.0008506997105001097,0.1996979177904844,0.00415238200828337,0.9907308417189273,0.00031814136626810995,1804.0,0.6701337295690936,0.009061751871316442
published,AP,4.0,any_pair:X_expected_excess_ge_tau,858,3783,412,94947,100000,0.0127,0.0003541004094886082,0.04641,0.0006652526730498721,0.6755905511811023,0.013136711747621316,0.03831662108781526,0.000610921048799418,0.9616833789121847,0.0006109210487994184,0.18487394957983194,0.005698288873729484,0.9956794848939272,0.00021239617892716126,843.0,0.6637795275590551,0.013256294489210452
published,AP,5.0,any_pair:X_expected_excess_ge_tau,435,2012,196,97357,100000,0.00631,0.0002504033526133386,0.02447,0.0004885818160758748,0.6893819334389857,0.018421654181111996,0.020247763386971793,0.00044680826769562146,0.9797522366130282,0.00044680826769562113,0.17776869636289333,0.00772872158206951,0.9979908357508226,0.0001433674902755793,429.0,0.6798732171156894,0.018572069146976664
published,AP,6.0,any_pair:X_expected_excess_ge_tau,232,1128,85,98555,100000,0.00317,0.0001777625129210318,0.0136,0.0003662654774886653,0.7318611987381703,0.02488081270288708,0.011315871312059227,0.0003350134407489658,0.9886841286879408,0.0003350134407489661,0.17058823529411765,0.010199765325780655,0.9991382806163828,9.342631053408595e-05,226.0,0.7129337539432177,0.025408909266857276
published,AP,2.0,reported_wrong:A1_anchor,7496,10869,20932,60703,100000,0.28428,0.0014264111665294827,0.18365,0.0012244291629163364,0.26368369213451526,0.0026133687392037638,0.15186106298552507,0.0013414829026546652,0.848138937014475,0.0013414829026546652,0.4081677103185407,0.0036267964695021223,0.7435903717768114,0.001528255068558201,,,
published,AP,3.0,reported_wrong:A1_anchor,4280,4989,24148,66583,100000,0.28428,0.0014264111665294827,0.09269,0.000917052691506873,0.15055579006613198,0.002121011425275542,0.06970603029117532,0.0009518613693168603,0.9302939697088247,0.00095186136931686,0.4617542345452584,0.005178205876492343,0.7338506133515557,0.0014671979679905833,,,
published,AP,4.0,reported_wrong:A1_anchor,2325,2316,26103,69256,100000,0.28428,0.0014264111665294827,0.04641,0.0006652526730498721,0.08178556352891515,0.0016253138274005734,0.03235902308165204,0.0006614290266344052,0.9676409769183479,0.0006614290266344055,0.5009696186166774,0.007339448095697471,0.7262660053062637,0.0014438809342226244,,,
published,AP,5.0,reported_wrong:A1_anchor,1273,1174,27155,70398,100000,0.28428,0.0014264111665294827,0.02447,0.0004885818160758748,0.04477979456873505,0.0012266471248722096,0.0164030626501984,0.00047478772146564217,0.9835969373498016,0.00047478772146564244,0.5202288516550878,0.010099440065902436,0.7216384939468802,0.0014349742890105226,,,
published,AP,6.0,reported_wrong:A1_anchor,741,619,27687,70953,100000,0.28428,0.0014264111665294827,0.0136,0.0003662654774886653,0.026065850569860702,0.0009449908299206438,0.00864863354384396,0.00034611145736076907,0.9913513664561561,0.0003461114573607685,0.5448529411764705,0.01350349120619368,0.7193126520681266,0.0014306840530741403,,,
published,AP,2.0,reported_wrong:A3_largest,9147,9218,20159,61476,100000,0.29306,0.0014393604010115048,0.18365,0.0012244291629163364,0.3121203849041152,0.0027066930889998193,0.1303929612131157,0.0012664770360877448,0.8696070387868843,0.0012664770360877448,0.498066975224612,0.003689532093453128,0.7530593495437006,0.0015092900110514407,,,
published,AP,3.0,reported_wrong:A3_largest,5971,3298,23335,67396,100000,0.29306,0.0014393604010115048,0.09269,0.000917052691506873,0.2037466730362383,0.002352841221165315,0.0466517667694571,0.0007931741523148835,0.9533482332305429,0.0007931741523148838,0.6441903117919948,0.004972783342393684,0.7428111670763025,0.0014510668382669302,,,
published,AP,4.0,reported_wrong:A3_largest,3575,1066,25731,69628,100000,0.29306,0.0014393604010115048,0.04641,0.0006652526730498721,0.12198867126185764,0.0019117519311290538,0.015079073188672305,0.00045834946559847556,0.9849209268113277,0.00045834946559847545,0.7703081232492998,0.006174464141519909,0.73016705292631,0.0014374003972902004,,,
published,AP,5.0,reported_wrong:A3_largest,2119,328,27187,70366,100000,0.29306,0.0014393604010115048,0.02447,0.0004885818160758748,0.07230601242066471,0.0015129037663379867,0.004639714827283786,0.00025559038991264285,0.9953602851727162,0.0002555903899126421,0.8659583163056804,0.0068873387838692054,0.7213104671306879,0.0014354931724120262,,,
published,AP,6.0,reported_wrong:A3_largest,1254,106,28052,70588,100000,0.29306,0.0014393604010115048,0.0136,0.0003662654774886653,0.042789872381082374,0.0011822133668585332,0.0014994200356465894,0.00014552732209737742,0.9985005799643534,0.00014552732209737918,0.9220588235294118,0.007269312486757199,0.7156123276561233,0.0014363747373431987,,,
published,AP,2.0,reported_wrong:A4_reviewed,7300,11065,20159,61476,100000,0.27459,0.0014113480502696704,0.18365,0.0012244291629163364,0.2658509049856149,0.002666053418123393,0.1525344288057788,0.0013349137389275351,0.8474655711942212,0.0013349137389275353,0.3974952355023142,0.003611193334926863,0.7530593495437006,0.0015092900110514407,,,
published,AP,3.0,reported_wrong:A4_reviewed,4124,5145,23335,67396,100000,0.27459,0.0014113480502696704,0.09269,0.000917052691506873,0.15018755235077752,0.0021559374437405874,0.07092540770047284,0.0009530911636360436,0.9290745922995272,0.0009530911636360436,0.4449239400151041,0.005161818081805033,0.7428111670763025,0.0014510668382669302,,,
published,AP,4.0,reported_wrong:A4_reviewed,2341,2300,25118,70241,100000,0.27459,0.0014113480502696704,0.04641,0.0006652526730498721,0.08525437925634582,0.0016852570758502403,0.031706207524020896,0.0006505549020226395,0.9682937924759791,0.0006505549020226393,0.504417151475975,0.007339175486846369,0.736595392149666,0.001426413166101795,,,
published,AP,5.0,reported_wrong:A4_reviewed,1357,1090,26102,71451,100000,0.27459,0.0014113480502696704,0.02447,0.0004885818160758748,0.04941913398157253,0.0013079758965929373,0.015025985304862079,0.0004516916865771578,0.9849740146951379,0.00045169168657715813,0.5545565999182672,0.010047365907019483,0.7324326263672055,0.0014173597774876502,,,
published,AP,6.0,reported_wrong:A4_reviewed,803,557,26656,71984,100000,0.27459,0.0014113480502696704,0.0136,0.0003662654774886653,0.02924359954841764,0.001016782790263039,0.007678416343860713,0.00032409346814197485,0.9923215836561393,0.00032409346814197426,0.5904411764705882,0.013334508350147701,0.729764801297648,0.0014139559585085774,,,
published,SL,2.0,any_pair:D0_published,2592,9180,3570,84658,100000,0.06162,0.0007604142002882377,0.11772,0.0010191270853038888,0.4206426484907498,0.006288818570053459,0.09782817195592404,0.0009698112737031139,0.9021718280440759,0.0009698112737031141,0.22018348623853212,0.0038191213592538523,0.9595366550301492,0.0006633740190339989,2316.0,0.3758519961051607,0.006170088260943255
published,SL,3.0,any_pair:D0_published,1613,2556,4549,91282,100000,0.06162,0.0007604142002882377,0.04169,0.0006320755010281603,0.26176566049983774,0.005600059110292798,0.02723843219164944,0.000531379607648839,0.9727615678083505,0.0005313796076488392,0.3869033341328856,0.0075430982716042155,0.9525310181465287,0.0006868968295079697,1465.0,0.23774748458292763,0.005423086747692566
published,SL,4.0,any_pair:D0_published,908,654,5254,93184,100000,0.06162,0.0007604142002882377,0.01562,0.0003921226287782943,0.14735475494969166,0.004515495538516118,0.006969458002088706,0.0002715760292957296,0.9930305419979113,0.00027157602929572957,0.5813060179257362,0.0124827494654963,0.9466263028505252,0.0007164263266987752,843.0,0.1368062317429406,0.004377702470367114
published,SL,5.0,any_pair:D0_published,500,170,5662,93668,100000,0.06162,0.0007604142002882377,0.0067,0.0002579749987886423,0.08114248620577734,0.0034784630443085557,0.0018116328139985932,0.00013881997757335732,0.9981883671860015,0.0001388199775733554,0.746268656716418,0.016811143635309337,0.9429980871841337,0.0007356307976177259,469.0,0.07611165206101915,0.0033781153287813417
published,SL,6.0,any_pair:D0_published,238,50,5924,93788,100000,0.06162,0.0007604142002882377,0.00288,0.00016946107517657263,0.038623823433950016,0.00245478500918113,0.0005328331805878215,7.533391281866628e-05,0.9994671668194122,7.533391281866707e-05,0.8263888888888888,0.02231951478666307,0.9405888960205392,0.0007486175795970949,229.0,0.03716325868224602,0.0024097521385859216
published,SL,2.0,any_pair:D0a_other_over,2527,9245,3468,84760,100000,0.05995,0.0007507063174104771,0.11772,0.0010191270853038888,0.4215179316096747,0.006377616259059433,0.09834583266847507,0.0009712309223061151,0.9016541673315249,0.0009712309223061151,0.21466190961603807,0.003784257658937188,0.9606927506007163,0.0006542223348363797,2246.0,0.37464553794829025,0.006251421974602381
published,SL,3.0,any_pair:D0a_other_over,1570,2599,4425,91406,100000,0.05995,0.0007507063174104771,0.04169,0.0006320755010281603,0.2618849040867389,0.005678356860063329,0.027647465560342536,0.0005347663372540932,0.9723525344396574,0.0005347663372540938,0.37658911009834495,0.007504212493393415,0.9538249626947439,0.0006779301665472961,1420.0,0.23686405337781485,0.005491056852161444
published,SL,4.0,any_pair:D0a_other_over,883,679,5112,93326,100000,0.05995,0.0007507063174104771,0.01562,0.0003921226287782943,0.14728940783986655,0.0045771167811223,0.007223020052124887,0.00027619116540426197,0.9927769799478751,0.00027619116540426294,0.5653008962868118,0.012542776817130247,0.9480688352059164,0.0007072168125517402,817.0,0.13628023352793994,0.004431066523802931
published,SL,5.0,any_pair:D0a_other_over,486,184,5509,93821,100000,0.05995,0.0007507063174104771,0.0067,0.0002579749987886423,0.08106755629691409,0.00352509430280901,0.0019573426945375247,0.00014415592914995338,0.9980426573054625,0.0001441559291499529,0.7253731343283583,0.017243079958413936,0.944538407329105,0.0007262159142469507,454.0,0.07572977481234362,0.0034169468254387258
published,SL,6.0,any_pair:D0a_other_over,230,58,5765,93947,100000,0.05995,0.0007507063174104771,0.00288,0.00016946107517657263,0.03836530442035029,0.0024807316792096277,0.0006169884580607414,8.098955716512668e-05,0.9993830115419392,8.09895571651303e-05,0.7986111111111112,0.02363138540404562,0.9421834884467266,0.0007391285416854785,221.0,0.03686405337781484,0.0024336086785668194
published,SL,2.0,any_pair:D0b_anchor_under,103,11669,120,88108,100000,0.00223,0.00014916524729306085,0.11772,0.0010191270853038888,0.4618834080717489,0.03338504306627608,0.11695080028463474,0.0010173697695317699,0.8830491997153652,0.00101736976953177,0.008749575263336732,0.0008583413841277937,0.9986398875640387,0.00012407624532656327,103.0,0.4618834080717489,0.03338504306627608
published,SL,3.0,any_pair:D0b_anchor_under,74,4095,149,95682,100000,0.00223,0.00014916524729306085,0.04169,0.0006320755010281603,0.33183856502242154,0.03153201318571118,0.041041522595387715,0.0006280531708668639,0.9589584774046123,0.0006280531708668639,0.017750059966418805,0.0020450078066221265,0.998445179534806,0.00012727679376199025,74.0,0.33183856502242154,0.03153201318571118
published,SL,4.0,any_pair:D0b_anchor_under,46,1516,177,98261,100000,0.00223,0.00014916524729306085,0.01562,0.0003921226287782943,0.2062780269058296,0.027096191591289575,0.015193882357657576,0.00038725276533045367,0.9848061176423424,0.0003872527653304542,0.029449423815621,0.004277666988065664,0.9982019138950405,0.00013503086535911852,46.0,0.2062780269058296,0.027096191591289575
published,SL,5.0,any_pair:D0b_anchor_under,29,641,194,99136,100000,0.00223,0.00014916524729306085,0.0067,0.0002579749987886423,0.13004484304932734,0.022523847038334554,0.006424326247531996,0.00025292924512747343,0.993575673752468,0.00025292924512747305,0.04328358208955224,0.007861688095948855,0.9980469143259841,0.00014008637835076753,29.0,0.13004484304932734,0.022523847038334554
published,SL,6.0,any_pair:D0b_anchor_under,17,271,206,99506,100000,0.00223,0.00014916524729306085,0.00288,0.00016946107517657263,0.07623318385650224,0.017770546187972032,0.002716056806678894,0.0001647644894462664,0.9972839431933211,0.00016476448944626525,0.059027777777777776,0.013887381766222753,0.9979340500641849,0.00014379278771997885,17.0,0.07623318385650224,0.017770546187972032
published,SL,2.0,any_pair:D1_plus_other_under,7166,4606,44919,43309,100000,0.52085,0.0015797635186951243,0.11772,0.0010191270853038888,0.1375827973504848,0.001509330814947723,0.09612856099342586,0.0013466161110473845,0.9038714390065742,0.001346616111047384,0.608732585796806,0.004498057352284358,0.4908759124087591,0.0016830401090116112,2640.0,0.050686378035902854,0.0009611565974137266
published,SL,3.0,any_pair:D1_plus_other_under,3178,991,48907,46924,100000,0.52085,0.0015797635186951243,0.04169,0.0006320755010281603,0.061015647499280026,0.0010488018759760359,0.02068245852029636,0.000650170262096115,0.9793175414797036,0.0006501702620961153,0.7622931158551212,0.006592739731582658,0.4896536611326189,0.0016148195358168817,1552.0,0.029797446481712585,0.0007450139360449969
published,SL,4.0,any_pair:D1_plus_other_under,1350,212,50735,47703,100000,0.52085,0.0015797635186951243,0.01562,0.0003921226287782943,0.02591917058654123,0.0006962283665729177,0.004424501721799019,0.0003032030306069406,0.995575498278201,0.00030320303060693923,0.8642765685019206,0.008665891962667243,0.48459944330441496,0.0015928779719049596,868.0,0.016665066717865027,0.0005609161287633359
published,SL,5.0,any_pair:D1_plus_other_under,630,40,51455,47875,100000,0.52085,0.0015797635186951243,0.0067,0.0002579749987886423,0.012095612940385908,0.0004789774452609241,0.0008348116456224564,0.00013194020375525728,0.9991651883543775,0.00013194020375526,0.9402985074626866,0.009153518557325333,0.4819792610490285,0.0015854316783899753,473.0,0.009081309398099261,0.0004156587353469626
published,SL,6.0,any_pair:D1_plus_other_under,282,6,51803,47909,100000,0.52085,0.0015797635186951243,0.00288,0.00016946107517657263,0.0054142267447441685,0.00032153851895317195,0.00012522174684336847,5.111836321171858e-05,0.9998747782531566,5.111836321171963e-05,0.9791666666666666,0.008416110863570024,0.4804737644415918,0.0015822127052763865,229.0,0.004396659306902179,0.00028990001996733415
published,SL,2.0,any_pair:D2_net_either_view,6244,5528,41596,46632,100000,0.4784,0.0015796627488169747,0.11772,0.0010191270853038888,0.13051839464882944,0.001540176439171055,0.10598159509202454,0.0013477820381748164,0.8940184049079755,0.0013477820381748164,0.5304111450900442,0.0045998120248337306,0.5285396926145894,0.001680575988303575,1401.0,0.029285117056856186,0.0007708568585135363
published,SL,3.0,any_pair:D2_net_either_view,2761,1408,45079,50752,100000,0.4784,0.0015796627488169747,0.04169,0.0006320755010281603,0.05771321070234114,0.0010661874926567397,0.026993865030674847,0.0007096129523933324,0.9730061349693252,0.0007096129523933318,0.662269129287599,0.007324646808602518,0.5295989815404201,0.0016123327935629493,938.0,0.019607023411371237,0.0006338848087461461
published,SL,4.0,any_pair:D2_net_either_view,1218,344,46622,51816,100000,0.4784,0.0015796627488169747,0.01562,0.0003921226287782943,0.025459866220735785,0.0007201655419939063,0.006595092024539877,0.0003544090385381569,0.9934049079754601,0.0003544090385381574,0.7797695262483995,0.010485311113967371,0.5263820882179646,0.0015914141671467524,587.0,0.012270066889632107,0.0005033232442615426
published,SL,5.0,any_pair:D2_net_either_view,569,101,47271,52059,100000,0.4784,0.0015796627488169747,0.0067,0.0002579749987886423,0.0118938127090301,0.0004956404830794564,0.0019363496932515338,0.00019248736329713486,0.9980636503067485,0.00019248736329713394,0.8492537313432836,0.013823073461232023,0.5241014799154334,0.0015846182464783888,355.0,0.00742056856187291,0.00039237889628018834
published,SL,6.0,any_pair:D2_net_either_view,268,20,47572,52140,100000,0.4784,0.0015796627488169747,0.00288,0.00016946107517657263,0.005602006688963211,0.0003412371810846514,0.0003834355828220859,8.572236358833142e-05,0.9996165644171779,8.572236358832807e-05,0.9305555555555556,0.014979373964750907,0.5229059691912709,0.0015817581379966366,198.0,0.004138795986622074,0.0002935221169871223
published,SL,2.0,any_pair:D3_total_either_view,6617,5155,43206,45022,100000,0.49823,0.00158112892295347,0.11772,0.0010191270853038888,0.13281014792364973,0.0015203997398873083,0.10273631345038564,0.0013554068888884457,0.8972636865496144,0.0013554068888884452,0.5620965001698947,0.004572666437002806,0.5102915174321078,0.00168296378509119,2332.0,0.04680569215021175,0.0009462918918551922
published,SL,3.0,any_pair:D3_total_either_view,2903,1266,46920,48911,100000,0.49823,0.00158112892295347,0.04169,0.0006320755010281603,0.05826626256949602,0.0010494402289242732,0.025230683380831856,0.0007001048494807175,0.9747693166191681,0.0007001048494807182,0.6963300551691053,0.007121845174172739,0.5103880790140978,0.0016148167395012925,1408.0,0.028260040543524077,0.0007424145661783789
published,SL,4.0,any_pair:D3_total_either_view,1271,291,48552,49886,100000,0.49823,0.00158112892295347,0.01562,0.0003921226287782943,0.02551030648495675,0.0007063688289169719,0.005799469876636706,0.000338983685935627,0.9942005301233633,0.0003389836859356271,0.8137003841229193,0.009851394832934799,0.5067758385989151,0.0015934877579190426,803.0,0.016117054372478574,0.0005641565239917677
published,SL,5.0,any_pair:D3_total_either_view,591,79,49232,50098,100000,0.49823,0.00158112892295347,0.0067,0.0002579749987886423,0.01186199144973205,0.0004850345423651474,0.0015744265300835043,0.0001769973246023044,0.9984255734699164,0.00017699732460230697,0.8820895522388059,0.012459341281906842,0.5043592066847881,0.0015864021159159034,433.0,0.008690765309194548,0.000415832711288655
published,SL,6.0,any_pair:D3_total_either_view,274,14,49549,50163,100000,0.49823,0.00158112892295347,0.00288,0.00016946107517657263,0.0054994681171346566,0.0003313202016787517,0.00027901229647049445,7.455876927972603e-05,0.9997209877035295,7.455876927973181e-05,0.9513888888888888,0.012672157662302197,0.5030788671373556,0.001583390579695283,233.0,0.004676555004716697,0.00030565408422606355
published,SL,2.0,any_pair:D4_expected_excess,1731,10041,790,87438,100000,0.02521,0.0004957262944407932,0.11772,0.0010191270853038888,0.6866322887742959,0.00923852867363076,0.10300680146493091,0.0009735807836171241,0.8969931985350691,0.0009735807836171241,0.14704383282364933,0.0032640863351757624,0.9910459264632543,0.00031714217587822005,1675.0,0.6644188813962714,0.009404448200196439
published,SL,3.0,any_pair:D4_expected_excess,1236,2933,1285,94546,100000,0.02521,0.0004957262944407932,0.04169,0.0006320755010281603,0.49028163427211424,0.009956381534854113,0.030088531888919665,0.0005471558078077194,0.9699114681110803,0.0005471558078077196,0.2964739745742384,0.007073224200710859,0.9865909778672872,0.0003715473033551402,1191.0,0.4724315747719159,0.009943114320179093
published,SL,4.0,any_pair:D4_expected_excess,763,799,1758,96680,100000,0.02521,0.0004957262944407932,0.01562,0.0003921226287782943,0.3026576755255851,0.00914981758446855,0.008196637224427825,0.00028878531994119935,0.9918033627755721,0.00028878531994120017,0.4884763124199744,0.012647774513477187,0.9821410430931145,0.0004221177204151631,740.0,0.2935343117810393,0.009069608717911803
published,SL,5.0,any_pair:D4_expected_excess,439,231,2082,97248,100000,0.02521,0.0004957262944407932,0.0067,0.0002579749987886423,0.17413724712415707,0.007552893382559107,0.0023697411750223125,0.00015573267060836466,0.9976302588249777,0.0001557326706083646,0.655223880597015,0.01836225634415236,0.9790395650860767,0.0004545273789857816,427.0,0.16937723125743753,0.007470385397588096
published,SL,6.0,any_pair:D4_expected_excess,224,64,2297,97415,100000,0.02521,0.0004957262944407932,0.00288,0.00016946107517657263,0.08885362951209837,0.005666895945115527,0.0006565516675386494,8.204201276303807e-05,0.9993434483324614,8.204201276303753e-05,0.7777777777777778,0.024497697324672135,0.9769636553273428,0.0004750860452686184,222.0,0.08806029353431179,0.005643996091686114
published,SL,2.0,any_pair:D5_shared_total,624,11148,2097,86131,100000,0.02721,0.0005144863059402067,0.11772,0.0010191270853038888,0.22932745314222713,0.008059325518453451,0.11459821749812395,0.001021291173355283,0.8854017825018761,0.001021291173355283,0.053007135575942915,0.002064977836525006,0.976232035181575,0.0005128251411214825,371.0,0.13634693127526645,0.0065785180899547505
published,SL,3.0,any_pair:D5_shared_total,350,3819,2371,93460,100000,0.02721,0.0005144863059402067,0.04169,0.0006320755010281603,0.12862918044836458,0.006418107492093073,0.03925821605896442,0.0006226716189229281,0.9607417839410356,0.0006226716189229279,0.0839529863276565,0.004294978643505807,0.975258528033726,0.0005017872652546145,188.0,0.06909224549797868,0.004861874082292877
published,SL,4.0,any_pair:D5_shared_total,200,1362,2521,95917,100000,0.02721,0.0005144863059402067,0.01562,0.0003921226287782943,0.07350238882763689,0.00500274778095924,0.014000966292827845,0.0003767104787654242,0.9859990337071721,0.0003767104787654246,0.12804097311139565,0.008454384732260364,0.9743899713525265,0.0005034890665873424,103.0,0.037853730246233,0.0036585636980214146
published,SL,5.0,any_pair:D5_shared_total,101,569,2620,96710,100000,0.02721,0.0005144863059402067,0.0067,0.0002579749987886423,0.03711870635795663,0.0036242531069135596,0.005849155521746728,0.00024449116983539553,0.9941508444782533,0.0002444911698353948,0.15074626865671642,0.013823073461232026,0.9736232759488573,0.0005084704094126707,52.0,0.019110621095185593,0.0026247210003140973
published,SL,6.0,any_pair:D5_shared_total,59,229,2662,97050,100000,0.02721,0.0005144863059402067,0.00288,0.00016946107517657263,0.021683204704152886,0.0027921401824054465,0.002354053804007031,0.0001553770475291215,0.997645946195993,0.0001553770475291203,0.2048611111111111,0.02378236364128014,0.9733031129653402,0.0005104822601525185,29.0,0.01065784638000735,0.001968537598278269
published,SL,2.0,any_pair:D5n_shared_net,101,11671,133,88095,100000,0.00234,0.00015279150499945997,0.11772,0.0010191270853038888,0.43162393162393164,0.032378947026891085,0.11698374195617746,0.0010175501541452342,0.8830162580438226,0.001017550154145234,0.008579680598029223,0.0008500399582293548,0.9984925420501428,0.0001306146222259335,28.0,0.11965811965811966,0.021217237595597738
published,SL,3.0,any_pair:D5n_shared_net,72,4097,162,95669,100000,0.00234,0.00015279150499945997,0.04169,0.0006320755010281603,0.3076923076923077,0.03017171309818216,0.04106609466150793,0.0006282677382523897,0.9589339053384921,0.0006282677382523895,0.017270328615975054,0.0020176758111582014,0.998309524057977,0.0001327040246674422,16.0,0.06837606837606838,0.016499259456251338
published,SL,4.0,any_pair:D5n_shared_net,47,1515,187,98251,100000,0.00234,0.00015279150499945997,0.01562,0.0003921226287782943,0.20085470085470086,0.026190630052768504,0.015185534149910791,0.00038716934701312633,0.9848144658500892,0.0003871693470131258,0.030089628681177975,0.0043224870525504855,0.9981003271094496,0.0001387858280201481,9.0,0.038461538461538464,0.012571547124242567
published,SL,5.0,any_pair:D5n_shared_net,30,640,204,99126,100000,0.00234,0.00015279150499945997,0.0067,0.0002579749987886423,0.1282051282051282,0.021855056066528152,0.006415011126034922,0.00025276092598228807,0.9935849888739651,0.00025276092598228823,0.04477611940298507,0.007989846031262158,0.9979462398067049,0.00014364424179401996,5.0,0.021367521367521368,0.009453202414496579
published,SL,6.0,any_pair:D5n_shared_net,19,269,215,99497,100000,0.00234,0.00015279150499945997,0.00288,0.00016946107517657263,0.0811965811965812,0.017855509384458807,0.002696309363911553,0.00016417510134849586,0.9973036906360885,0.00016417510134849483,0.06597222222222222,0.014627301352323346,0.9978437901155327,0.00014689367023475427,2.0,0.008547008547008548,0.006017764723973693
published,SL,2.0,any_pair:H_shared_total_agree,528,11244,1840,86388,100000,0.02368,0.00048082489120260816,0.11772,0.0010191270853038888,0.22297297297297297,0.008553686436005802,0.11516715830875122,0.0010216422604953288,0.8848328416912488,0.0010216422604953288,0.04485219164118247,0.001907664507302878,0.9791449426485923,0.0004810896010350088,323.0,0.13640202702702703,0.00705302413963932
published,SL,3.0,any_pair:H_shared_total_agree,315,3854,2255,93576,100000,0.0257,0.0005003949440192217,0.04169,0.0006320755010281603,0.122568093385214,0.006468876575682323,0.03955660474186595,0.0006244519696298874,0.960443395258134,0.0006244519696298874,0.07555768769489087,0.0040932030528343395,0.9764689922885079,0.0004896620895038061,170.0,0.06614785992217899,0.004902644428566604
published,SL,4.0,any_pair:H_shared_total_agree,184,1378,2463,95975,100000,0.02647,0.0005076350963044222,0.01562,0.0003921226287782943,0.06951265583679637,0.004943223029145191,0.014154674226782944,0.0003785991725556833,0.985845325773217,0.0003785991725556835,0.117797695262484,0.008156652793717956,0.9749791747089539,0.000497813986382366,92.0,0.03475632791839819,0.00356006931608546
published,SL,5.0,any_pair:H_shared_total_agree,97,573,2586,96744,100000,0.02683,0.0005109809301725457,0.0067,0.0002579749987886423,0.03615355944837868,0.0036038700151289163,0.005887974351860415,0.0002452484449203194,0.9941120256481396,0.00024524844492031895,0.14477611940298507,0.013594116080874661,0.9739655693144065,0.0005052491912292377,48.0,0.017890421170331718,0.002559056764643248
published,SL,6.0,any_pair:H_shared_total_agree,57,231,2646,97066,100000,0.02703,0.0005128292025616326,0.00288,0.00016946107517657263,0.021087680355160933,0.002763524245759308,0.0023741739210869812,0.00015602363148151596,0.997625826078913,0.0001560236314815154,0.19791666666666666,0.023477653361629377,0.9734635750962772,0.0005089877680148375,26.0,0.009618941916389198,0.0018773350607638054
published,SL,2.0,any_pair:Hn_shared_net_agree,70,11702,83,88145,100000,0.00153,0.00012359850727253948,0.11772,0.0010191270853038888,0.45751633986928103,0.04027642546836964,0.11719931495187637,0.0010179497898138116,0.8828006850481236,0.0010179497898138116,0.005946313285762827,0.0007086041422762806,0.9990592555651268,0.00010321153461467459,26.0,0.16993464052287582,0.030363469028736885
published,SL,3.0,any_pair:Hn_shared_net_agree,54,4115,127,95704,100000,0.00181,0.0001344144300289221,0.04169,0.0006320755010281603,0.2983425414364641,0.03400798325236807,0.0412246165559663,0.000629260024043896,0.9587753834440337,0.0006292600240438962,0.012952746461981291,0.0017511927759158857,0.9986747503417475,0.00011751894263147396,16.0,0.08839779005524862,0.0211000799622214
published,SL,4.0,any_pair:Hn_shared_net_agree,39,1523,167,98271,100000,0.00206,0.00014337909192068418,0.01562,0.0003921226287782943,0.18932038834951456,0.02729541542861898,0.015261438563440689,0.0003880663568110029,0.9847385614365594,0.0003880663568110023,0.02496798975672215,0.003947850615732865,0.9983035006806315,0.00013116765404413064,9.0,0.043689320388349516,0.014241427956990267
published,SL,5.0,any_pair:Hn_shared_net_agree,27,643,191,99139,100000,0.00218,0.00014748720622481125,0.0067,0.0002579749987886423,0.12385321100917432,0.02231073230161582,0.006444048024693833,0.0002533083153416148,0.9935559519753062,0.0002533083153416138,0.04029850746268657,0.0075975779485981205,0.9980771166817678,0.00013900111929250535,5.0,0.022935779816513763,0.010138881880322366
published,SL,6.0,any_pair:Hn_shared_net_agree,18,270,202,99510,100000,0.0022,0.00014816072354034994,0.00288,0.00016946107517657263,0.08181818181818182,0.018478976622361074,0.0027059530968129887,0.00016445610334782574,0.997294046903187,0.00016445610334782563,0.0625,0.014263608268363702,0.9979741655969191,0.00014239275961486006,2.0,0.00909090909090909,0.00639895746580144
published,SL,2.0,any_pair:X_expected_excess_ge_tau,1731,10041,790,87438,100000,0.02521,0.0004957262944407932,0.11772,0.0010191270853038888,0.6866322887742959,0.00923852867363076,0.10300680146493091,0.0009735807836171241,0.8969931985350691,0.0009735807836171241,0.14704383282364933,0.0032640863351757624,0.9910459264632543,0.00031714217587822005,1675.0,0.6644188813962714,0.009404448200196439
published,SL,3.0,any_pair:X_expected_excess_ge_tau,577,3592,247,95584,100000,0.00824,0.00028586889302615633,0.04169,0.0006320755010281603,0.7002427184466019,0.01596046593768349,0.03621843994514802,0.000593267943171219,0.9637815600548519,0.0005932679431712195,0.1384024946030223,0.005348207243755559,0.9974225459402489,0.00016378798763085086,561.0,0.6808252427184466,0.01623934421337136
published,SL,4.0,any_pair:X_expected_excess_ge_tau,206,1356,96,98342,100000,0.00302,0.00017351886352785968,0.01562,0.0003921226287782943,0.6821192052980133,0.026795311630387935,0.013601075247246686,0.00036683409478674444,0.9863989247527534,0.0003668340947867437,0.13188220230473752,0.008561343271026275,0.9990247668583271,9.948576930229824e-05,201.0,0.6655629139072847,0.027148653908950566
published,SL,5.0,any_pair:X_expected_excess_ge_tau,88,582,34,99296,100000,0.00122,0.00011038621290722859,0.0067,0.0002579749987886423,0.7213114754098361,0.0405920559590539,0.005827109073069144,0.00024083666983470815,0.9941728909269308,0.00024083666983470845,0.13134328358208955,0.013049402424698911,0.9996577066344509,5.8692780241199774e-05,87.0,0.7131147540983607,0.040949999658279314
published,SL,6.0,any_pair:X_expected_excess_ge_tau,48,240,21,99691,100000,0.00069,8.303757583166792e-05,0.00288,0.00016946107517657263,0.6956521739130435,0.055393222371357055,0.002401657143428966,0.00015484003007631622,0.997598342856571,0.00015484003007631706,0.16666666666666666,0.02196026152894708,0.9997893934531451,4.5953276529642126e-05,48.0,0.6956521739130435,0.055393222371357055
published,SL,2.0,reported_wrong:A1_anchor,3483,8289,13390,74838,100000,0.16873,0.0011843149374216302,0.11772,0.0010191270853038888,0.20642446512179222,0.003115864519893963,0.09971489407773648,0.0010391996579493443,0.9002851059222635,0.0010391996579493443,0.2958715596330275,0.004206805440519636,0.8482341206873102,0.0012079298765364519,,,
published,SL,3.0,reported_wrong:A1_anchor,1540,2629,15333,80498,100000,0.16873,0.0011843149374216302,0.04169,0.0006320755010281603,0.0912700764535056,0.0022171009522238927,0.03162630673547704,0.0006069804134760274,0.9683736932645229,0.0006069804134760276,0.36939313984168864,0.007474941717300664,0.8399995825985328,0.0011842600607485719,,,
published,SL,4.0,reported_wrong:A1_anchor,665,897,16208,82230,100000,0.16873,0.0011843149374216302,0.01562,0.0003921226287782943,0.039412078468559236,0.0014979146795881765,0.010790717817315673,0.0003583424062166568,0.9892092821826843,0.0003583424062166567,0.42573623559539053,0.01251081205372258,0.8353481379142201,0.0011820495637098786,,,
published,SL,5.0,reported_wrong:A1_anchor,296,374,16577,82753,100000,0.16873,0.0011843149374216302,0.0067,0.0002579749987886423,0.017542819889764714,0.001010672303622234,0.00449913987031891,0.0002321210431031517,0.9955008601296811,0.00023212104310315178,0.4417910447761194,0.01918533790022701,0.8331118493909192,0.0011831074497465743,,,
published,SL,6.0,reported_wrong:A1_anchor,134,154,16739,82973,100000,0.16873,0.0011843149374216302,0.00288,0.00016946107517657263,0.007941681977123215,0.0006833271777093386,0.0018525870054254335,0.000149147368690229,0.9981474129945745,0.00014914736869022985,0.4652777777777778,0.029391654101922383,0.8321265243902439,0.0011836192237493588,,,
published,SL,2.0,reported_wrong:A3_largest,5012,6760,13807,74421,100000,0.18819,0.0012360199185288238,0.11772,0.0010191270853038888,0.2663265848344758,0.0032222585164120797,0.08327071605424914,0.0009697047067106799,0.9167292839457508,0.0009697047067106802,0.4257560312606184,0.004557256772295833,0.8435077299723444,0.001223172648866323,,,
published,SL,3.0,reported_wrong:A3_largest,2620,1549,16199,79632,100000,0.18819,0.0012360199185288238,0.04169,0.0006320755010281603,0.13922100005313778,0.002523480394687499,0.019080819403555018,0.0004801621530887414,0.980919180596445,0.00048016215308874113,0.6284480690813145,0.007483909237106292,0.8309628408343855,0.0012106786514507208,,,
published,SL,4.0,reported_wrong:A3_largest,1246,316,17573,80865,100000,0.18819,0.0012360199185288238,0.01562,0.0003921226287782943,0.06620968170466018,0.0018125381750219748,0.0038925364309382736,0.00021854568778710331,0.9961074635690618,0.00021854568778710212,0.7976952624839949,0.01016438292973283,0.8214815416810581,0.0012205598443814011,,,
published,SL,5.0,reported_wrong:A3_largest,620,50,18199,81131,100000,0.18819,0.0012360199185288238,0.0067,0.0002579749987886423,0.03294542749349062,0.0013011422936940592,0.0006159076631231446,8.707566935664673e-05,0.9993840923368769,8.707566935664631e-05,0.9253731343283582,0.01015239818677286,0.8167824423638377,0.001227429406463206,,,
published,SL,6.0,reported_wrong:A3_largest,275,13,18544,81168,100000,0.18819,0.0012360199185288238,0.00288,0.00016946107517657263,0.014612891226951485,0.0008747284317233236,0.00016013599241201758,4.441017694583503e-05,0.999839864007588,4.441017694583913e-05,0.9548611111111112,0.01223345958137135,0.8140243902439024,0.0012321766961038774,,,
published,SL,2.0,reported_wrong:A4_reviewed,3905,7867,13807,74421,100000,0.17712,0.00120726345757668,0.11772,0.0010191270853038888,0.22047199638663054,0.003115005201789764,0.09560324713202412,0.0010250559368663753,0.9043967528679759,0.001025055936866375,0.331719334012912,0.0043395002132926965,0.8435077299723444,0.001223172648866323,,,
published,SL,3.0,reported_wrong:A4_reviewed,1513,2656,16199,79632,100000,0.17712,0.00120726345757668,0.04169,0.0006320755010281603,0.0854223125564589,0.002100207289017175,0.03227688119774451,0.0006161026638798601,0.9677231188022555,0.0006161026638798604,0.362916766610698,0.0074470737824471915,0.8309628408343855,0.0012106786514507208,,,
published,SL,4.0,reported_wrong:A4_reviewed,675,887,17037,81401,100000,0.17712,0.00120726345757668,0.01562,0.0003921226287782943,0.038109756097560975,0.0014386231441203194,0.010779214466264826,0.0003599746511723031,0.9892207855337352,0.00035997465117230335,0.4321382842509603,0.012534071045059936,0.826926593388732,0.001205777733437432,,,
published,SL,5.0,reported_wrong:A4_reviewed,307,363,17405,81925,100000,0.17712,0.00120726345757668,0.0067,0.0002579749987886423,0.017332881662149954,0.0009806291441012919,0.004411335796227883,0.0002310238287256384,0.9955886642037721,0.00023102382872563826,0.4582089552238806,0.019249094127804435,0.8247759991946039,0.0012062146132492402,,,
published,SL,6.0,reported_wrong:A4_reviewed,136,152,17576,82136,100000,0.17712,0.00120726345757668,0.00288,0.00016946107517657263,0.0076784101174345075,0.0006558855619254852,0.0018471709119191133,0.00014968690473134795,0.9981528290880809,0.0001496869047313476,0.4722222222222222,0.02941728015541397,0.8237323491655969,0.0012067176236452764,,,
published,either,2.0,any_pair:D0_published,10265,17335,9511,62889,100000,0.19776,0.001259567316184411,0.276,0.0014135911714495107,0.5190635113268608,0.003552915572928826,0.21608246908655765,0.0014530909538647645,0.7839175309134424,0.0014530909538647645,0.3719202898550725,0.0029092281202074007,0.8686325966850829,0.0012554302417919145,7907.0,0.399828074433657,0.003483415293358487
published,either,3.0,any_pair:D0_published,6713,6123,13063,74101,100000,0.19776,0.001259567316184411,0.12836,0.0010577509650196496,0.3394518608414239,0.003367224765289614,0.07632379337854009,0.0009374275131054716,0.9236762066214599,0.0009374275131054717,0.5229822374571518,0.00440855121737289,0.8501330824652379,0.0012090040893314544,5461.0,0.2761427993527508,0.0031792456397235357
published,either,4.0,any_pair:D0_published,4078,1950,15698,78274,100000,0.19776,0.001259567316184411,0.06028,0.0007526375063734201,0.20620954692556634,0.002876988281822131,0.02430694056641404,0.0005437128551094449,0.975693059433586,0.0005437128551094447,0.6765096217650962,0.0060253329587247,0.8329502404971694,0.0012168392824365123,3518.0,0.17789239482200647,0.002719404407222495
published,either,5.0,any_pair:D0_published,2408,636,17368,79588,100000,0.19776,0.001259567316184411,0.03044,0.0005432624264570485,0.12176375404530744,0.0023253882110356823,0.007927802153968887,0.0003131092407238256,0.9920721978460311,0.00031310924072382645,0.7910643889618922,0.007368682208479781,0.8208671974916457,0.0012315063792384714,2175.0,0.10998179611650485,0.0022247981872710086
published,either,6.0,any_pair:D0_published,1385,240,18391,79984,100000,0.19776,0.001259567316184411,0.01625,0.0003998241801092075,0.07003438511326861,0.0018147628438903182,0.002991623454327882,0.00019281939334848784,0.9970083765456721,0.00019281939334848868,0.8523076923076923,0.008801373666941153,0.8130520965692504,0.0012430171304606055,1282.0,0.06482605177993528,0.0017508613632371698
published,either,2.0,any_pair:D0a_other_over,9781,17819,8940,63460,100000,0.18721,0.0012335413081855022,0.276,0.0014135911714495107,0.5224614069761231,0.0036506216406464948,0.21923252008513885,0.0014511896430477484,0.7807674799148612,0.0014511896430477484,0.35438405797101447,0.0028791856577343707,0.8765193370165746,0.001222674751390505,7441.0,0.39746808396987343,0.0035766515950539043
published,either,3.0,any_pair:D0a_other_over,6391,6445,12330,74834,100000,0.18721,0.0012335413081855022,0.12836,0.0010577509650196496,0.3413813364670691,0.003465551700094492,0.07929477478807564,0.0009477491706672311,0.9207052252119243,0.0009477491706672313,0.49789654097849795,0.004413176602358124,0.8585425175531183,0.0011803893706884244,5127.0,0.2738635756636932,0.0032592053653792163
published,either,4.0,any_pair:D0a_other_over,3890,2138,14831,79141,100000,0.18721,0.0012335413081855022,0.06028,0.0007526375063734201,0.2077880455103894,0.0029652850854005475,0.02630445748594348,0.0005613543464481939,0.9736955425140565,0.0005613543464481936,0.6453218314532183,0.006161958734991573,0.8421763929681182,0.0011892914021544851,3303.0,0.17643288285882164,0.0027859591400355263
published,either,5.0,any_pair:D0a_other_over,2298,746,16423,80533,100000,0.18721,0.0012335413081855022,0.03044,0.0005432624264570485,0.1227498531061375,0.002398323117826082,0.009178262527836219,0.00033449437969926857,0.9908217374721637,0.00033449437969926943,0.7549277266754271,0.007796100944592214,0.830613886711498,0.0012046229980571903,2041.0,0.1090219539554511,0.002277854399918616
published,either,6.0,any_pair:D0a_other_over,1327,298,17394,80981,100000,0.18721,0.0012335413081855022,0.01625,0.0003998241801092075,0.07088296565354414,0.0018756060692214696,0.0036663836907442266,0.00021199819933973447,0.9963336163092558,0.0002119981993397347,0.8166153846153846,0.009599830069805389,0.8231867852604828,0.0012163657488177733,1211.0,0.06468671545323433,0.0017977180529823418
published,either,2.0,any_pair:D0b_anchor_under,1022,26578,806,71594,100000,0.01828,0.00042362532502200574,0.276,0.0014135911714495107,0.5590809628008753,0.0116125790054036,0.2707289247443263,0.0014181363992192008,0.7292710752556737,0.0014181363992192008,0.03702898550724638,0.0011366400992403468,0.9888674033149172,0.00038994017773466447,781.0,0.4272428884026258,0.011570032281623755
published,either,3.0,any_pair:D0b_anchor_under,740,12096,1088,86076,100000,0.01828,0.00042362532502200574,0.12836,0.0010577509650196496,0.4048140043763676,0.011480637925467259,0.12321232123212321,0.0010490120318706378,0.8767876787678768,0.0010490120318706378,0.05765035836709255,0.002057274231343733,0.9875177825707862,0.0003760536064991736,582.0,0.31838074398249455,0.010895727332027873
published,either,4.0,any_pair:D0b_anchor_under,501,5527,1327,92645,100000,0.01828,0.00042362532502200574,0.06028,0.0007526375063734201,0.2740700218818381,0.01043253948902726,0.056299148433361854,0.0007356551287068,0.9437008515666382,0.0007356551287067998,0.08311214333112144,0.003555524943627298,0.9858787724002894,0.00038490074281558127,403.0,0.22045951859956237,0.00969606834694495
published,either,5.0,any_pair:D0b_anchor_under,346,2698,1482,95474,100000,0.01828,0.00042362532502200574,0.03044,0.0005432624264570485,0.18927789934354486,0.009162159841218622,0.02748237786741637,0.0005217735666673459,0.9725176221325836,0.0005217735666673458,0.11366622864651774,0.005752969213140641,0.9847147159536285,0.0003940076244271177,278.0,0.15207877461706784,0.008398929966233901
published,either,6.0,any_pair:D0b_anchor_under,229,1396,1599,96776,100000,0.01828,0.00042362532502200574,0.01625,0.0003998241801092075,0.12527352297592997,0.007742437102429801,0.014219940512569775,0.00037787232423620577,0.9857800594874302,0.0003778723242362062,0.14092307692307693,0.008631383285647769,0.9837458703939009,0.000403163259414565,177.0,0.09682713347921225,0.00691665131997937
published,either,2.0,any_pair:D1_plus_other_under,24634,2966,59946,12454,100000,0.8458,0.0011420260942728061,0.276,0.0014135911714495107,0.2912508867344526,0.0015622338797669194,0.19234760051880676,0.0031740476588155045,0.8076523994811933,0.0031740476588155045,0.892536231884058,0.0018641867584088768,0.17201657458563535,0.0014025769133904798,9258.0,0.10945850082761882,0.001073539401175366
published,either,3.0,any_pair:D1_plus_other_under,12084,752,72496,14668,100000,0.8458,0.0011420260942728061,0.12836,0.0010577509650196496,0.14287065500118232,0.0012032638229529222,0.048767833981841764,0.001734474064994218,0.9512321660181582,0.001734474064994219,0.9414147709566844,0.0020728587825394754,0.16828048276811527,0.0012671754343343497,5923.0,0.07002837550248285,0.0008774816318704981
published,either,4.0,any_pair:D1_plus_other_under,5878,150,78702,15270,100000,0.8458,0.0011420260942728061,0.06028,0.0007526375063734201,0.0694963348309293,0.0008743919569326483,0.009727626459143969,0.0007903848141978772,0.9902723735408561,0.0007903848141978759,0.9751161247511613,0.0020063216284240118,0.16249521133954795,0.0012034129979906533,3684.0,0.04355639631118468,0.0007018136543510157
published,either,5.0,any_pair:D1_plus_other_under,3016,28,81564,15392,100000,0.8458,0.0011420260942728061,0.03044,0.0005432624264570485,0.03565854812012296,0.0006376221646873185,0.0018158236057068742,0.00034284670697525503,0.9981841763942931,0.00034284670697525444,0.9908015768725361,0.001730325117703033,0.1587524237798589,0.001173639588150237,2228.0,0.02634192480491842,0.0005506721940009392
published,either,6.0,any_pair:D1_plus_other_under,1620,5,82960,15415,100000,0.8458,0.0011420260942728061,0.01625,0.0003998241801092075,0.019153464175928114,0.00047129231460174136,0.00032425421530479895,0.00014498738137960909,0.9996757457846952,0.00014498738137960881,0.9969230769230769,0.0013739232139112346,0.15669631512071155,0.0011589882103141907,1308.0,0.015464648853156775,0.00042427930477260777
published,either,2.0,any_pair:D2_net_either_view,23550,4050,57791,14609,100000,0.81341,0.0012319666062844399,0.276,0.0014135911714495107,0.28952188933010414,0.001590234969878442,0.21705343265984245,0.0030179025297022966,0.7829465673401576,0.0030179025297022966,0.8532608695652174,0.002129900640960342,0.2017817679558011,0.001491531741116277,5521.0,0.06787474951131656,0.000881934846812875
published,either,3.0,any_pair:D2_net_either_view,11624,1212,69717,17447,100000,0.81341,0.0012319666062844399,0.12836,0.0010577509650196496,0.14290456227486753,0.0012271082757634732,0.06495524947746396,0.0018041770056183312,0.935044750522536,0.0018041770056183319,0.9055780617014646,0.002580979457491671,0.20016291129365335,0.001355264298183419,3846.0,0.047282428295693436,0.0007441786741396329
published,either,4.0,any_pair:D2_net_either_view,5717,311,75624,18348,100000,0.81341,0.0012319666062844399,0.06028,0.0007526375063734201,0.0702843584416223,0.0008962922838722928,0.01666755989066938,0.0009372210044645935,0.9833324401093306,0.0009372210044645932,0.9484074319840743,0.002849078563877559,0.19524964883156684,0.0012930832412289825,2638.0,0.032431369174217184,0.0006211103671198664
published,either,5.0,any_pair:D2_net_either_view,2964,80,78377,18579,100000,0.81341,0.0012319666062844399,0.03044,0.0005432624264570485,0.036439188109317566,0.0006570057293759219,0.0042874752130339245,0.00047832558773615893,0.995712524786966,0.00047832558773616116,0.973718791064389,0.0028994599950636166,0.19162300424935022,0.001263989453918009,1730.0,0.021268486986882384,0.0005058774610596262
published,either,6.0,any_pair:D2_net_either_view,1607,18,79734,18641,100000,0.81341,0.0012319666062844399,0.01625,0.0003998241801092075,0.019756334443884388,0.0004879389118699127,0.0009646819229326331,0.0002272680097519581,0.9990353180770674,0.00022726800975195915,0.9889230769230769,0.0025963554162379853,0.18948919949174078,0.0012494798623757573,1092.0,0.013424964040274892,0.00040352167988873554
published,either,2.0,any_pair:D3_total_either_view,23756,3844,58294,14106,100000,0.8205,0.0012135886864996722,0.276,0.0014135911714495107,0.2895307739183425,0.0015833637889469826,0.21415041782729805,0.003061941929111821,0.785849582172702,0.003061941929111821,0.8607246376811594,0.002084081625931034,0.1948342541436464,0.0014719939288132939,8596.0,0.10476538695917123,0.0010691485484158522
published,either,3.0,any_pair:D3_total_either_view,11693,1143,70357,16807,100000,0.8205,0.0012135886864996722,0.12836,0.0010577509650196496,0.1425106642291286,0.001220390317329393,0.06367688022284122,0.0018225167811879866,0.9363231197771588,0.0018225167811879868,0.9109535680897476,0.002513862545621515,0.19282043045293928,0.0013362663389338916,5493.0,0.06694698354661792,0.0008725280041960599
published,either,4.0,any_pair:D3_total_either_view,5757,271,76293,17679,100000,0.8205,0.0012135886864996722,0.06028,0.0007526375063734201,0.07016453382084095,0.0008917078357200423,0.015097493036211699,0.0009101580486655041,0.9849025069637883,0.000910158048665503,0.9550431320504313,0.002668842191280669,0.18813050695951986,0.0012748922737942589,3417.0,0.04164533820840951,0.0006974402926261053
published,either,5.0,any_pair:D3_total_either_view,2977,67,79073,17883,100000,0.8205,0.0012135886864996722,0.03044,0.0005432624264570485,0.03628275441803778,0.0006528082695595545,0.0037325905292479107,0.0004551566688055387,0.9962674094707521,0.00045515666880553826,0.9779894875164258,0.0026592541552502495,0.18444449028425264,0.0012455818213522817,2060.0,0.025106642291285803,0.000546177217359217
published,either,6.0,any_pair:D3_total_either_view,1610,15,80440,17935,100000,0.8205,0.0012135886864996722,0.01625,0.0003998241801092075,0.019622181596587445,0.000484207030448869,0.0008356545961002785,0.00021567491753911466,0.9991643454038998,0.00021567491753911016,0.9907692307692307,0.002372348674616658,0.1823125794155019,0.0012310043948338739,1250.0,0.015234613040828763,0.00042760503349685455
published,either,2.0,any_pair:D4_expected_excess,6142,21458,2096,70304,100000,0.08238,0.0008694454301449861,0.276,0.0014135911714495107,0.745569312940034,0.004798636618279179,0.23384407488938777,0.0013973021654470842,0.7661559251106123,0.0013973021654470842,0.22253623188405797,0.0025037208353008654,0.9710497237569061,0.000623128776149,5581.0,0.6774702597717893,0.005150140854872058
published,either,3.0,any_pair:D4_expected_excess,4606,8230,3632,83532,100000,0.08238,0.0008694454301449861,0.12836,0.0010577509650196496,0.5591162903617383,0.005470187405985237,0.08968854209803623,0.0009432613757587266,0.9103114579019638,0.0009432613757587266,0.3588345278903085,0.00423367310527127,0.9583314212289478,0.0006768518679367832,4245.0,0.5152949745083758,0.005506248671287413
published,either,4.0,any_pair:D4_expected_excess,3110,2918,5128,88844,100000,0.08238,0.0008694454301449861,0.06028,0.0007526375063734201,0.37751881524641906,0.005340987005455515,0.031799655630871164,0.0005792451277978241,0.9682003443691288,0.0005792451277978242,0.5159256801592568,0.006436695623481603,0.9454305537819776,0.0007409524782589667,2906.0,0.3527555231852391,0.0052645371405880175
published,either,5.0,any_pair:D4_expected_excess,1983,1061,6255,90701,100000,0.08238,0.0008694454301449861,0.03044,0.0005432624264570485,0.24071376547705753,0.004710232369673361,0.011562520433294829,0.00035291443600767193,0.9884374795667051,0.0003529144360076724,0.6514454664914586,0.008636784369436771,0.9354861999257396,0.0007889648585483678,1874.0,0.2274823986404467,0.004618672807022506
published,either,6.0,any_pair:D4_expected_excess,1209,416,7029,91346,100000,0.08238,0.0008694454301449861,0.01625,0.0003998241801092075,0.14675892206846322,0.003898766633832356,0.00453346701248883,0.00022176710472080185,0.9954665329875112,0.00022176710472080114,0.744,0.010826292781216263,0.9285489199491741,0.0008212292717330344,1152.0,0.13983976693372177,0.0038211504027317075
published,either,2.0,any_pair:D5_shared_total,4070,23530,6417,65983,100000,0.10487,0.000968877097985085,0.276,0.0014135911714495107,0.38809955182607037,0.004758678036868514,0.2628668461564242,0.001471288442233468,0.7371331538435758,0.001471288442233468,0.14746376811594203,0.0021342463389000628,0.9113674033149172,0.001056268185236519,2046.0,0.19509869362067322,0.0038696604860028
published,either,3.0,any_pair:D5_shared_total,2376,10460,8111,79053,100000,0.10487,0.000968877097985085,0.12836,0.0010577509650196496,0.22656622484981406,0.0040877423725697885,0.116854535095461,0.0010737318882436699,0.883145464904539,0.0010737318882436697,0.18510439389217825,0.00342802908311325,0.906945527970263,0.0009839899222314002,1110.0,0.10584533231620101,0.0030041149418226464
published,either,4.0,any_pair:D5_shared_total,1355,4673,9132,84840,100000,0.10487,0.000968877097985085,0.06028,0.0007526375063734201,0.1292075903499571,0.0032754856190224503,0.052204707696088835,0.0007434795912691543,0.9477952923039111,0.0007434795912691546,0.2247843397478434,0.005376599318427709,0.9028221172264078,0.0009662412549150916,630.0,0.06007437780108706,0.002320415463536521
published,either,5.0,any_pair:D5_shared_total,754,2290,9733,87223,100000,0.10487,0.000968877097985085,0.03044,0.0005432624264570485,0.07189854105082483,0.0025225055626284993,0.02558287623026823,0.00052772064215563,0.9744171237697318,0.0005277206421556299,0.24770039421813403,0.007824136921631333,0.8996142580139445,0.0009651100468082546,336.0,0.032039668160579765,0.0017196780603730112
published,either,6.0,any_pair:D5_shared_total,458,1167,10029,88346,100000,0.10487,0.000968877097985085,0.01625,0.0003998241801092075,0.04367311909983789,0.001995651269272895,0.013037212471931452,0.00037914008627327485,0.9869627875280685,0.00037914008627327496,0.28184615384615386,0.011160614799946738,0.8980533672172808,0.0009647063630620974,200.0,0.019071231047964148,0.0013356186223775202
published,either,2.0,any_pair:D5n_shared_net,1006,26594,834,71566,100000,0.0184,0.0004249875292287999,0.276,0.0014135911714495107,0.5467391304347826,0.011605270862240934,0.27092502037489813,0.001418545856962837,0.7290749796251019,0.001418545856962837,0.03644927536231884,0.0011280470119436944,0.9884806629834254,0.0003965779359365935,227.0,0.1233695652173913,0.00766661011462747
published,either,3.0,any_pair:D5n_shared_net,726,12110,1114,86050,100000,0.0184,0.0004249875292287999,0.12836,0.0010577509650196496,0.39456521739130435,0.01139420873629348,0.12337000814995926,0.0010496528379742042,0.8766299918500408,0.001049652837974204,0.05655967591149891,0.0020388994996187104,0.9872194942866321,0.0003804628919492821,139.0,0.07554347826086956,0.006160739172245022
published,either,4.0,any_pair:D5n_shared_net,488,5540,1352,92620,100000,0.0184,0.0004249875292287999,0.06028,0.0007526375063734201,0.26521739130434785,0.010291330423089565,0.056438467807660965,0.0007365554479226622,0.9435615321923391,0.000736555447922662,0.0809555408095554,0.00351321661430979,0.9856127357085089,0.0003884570691078231,80.0,0.043478260869565216,0.00475416874856684
published,either,5.0,any_pair:D5n_shared_net,337,2707,1503,95453,100000,0.0184,0.0004249875292287999,0.03044,0.0005432624264570485,0.18315217391304348,0.009017117028908244,0.027577424612876936,0.0005226814587691586,0.9724225753871231,0.0005226814587691586,0.1107095926412615,0.005687116255800181,0.9844981228598539,0.0003967457164356332,46.0,0.025,0.003639681663098526
published,either,6.0,any_pair:D5n_shared_net,220,1405,1620,96755,100000,0.0184,0.0004249875292287999,0.01625,0.0003998241801092075,0.11956521739130435,0.007563836162287744,0.014313365933170334,0.000379116814147958,0.9856866340668297,0.0003791168141479581,0.13538461538461538,0.008487298067901237,0.9835324015247776,0.00040575800620606066,26.0,0.014130434782608696,0.0027515574241516166
published,either,2.0,any_pair:H_shared_total_agree,3498,24102,5594,66806,100000,0.09092,0.0009091399980201069,0.276,0.0014135911714495107,0.3847338319401672,0.005102488011648747,0.265125181502178,0.0014639664389474846,0.734874818497822,0.0014639664389474846,0.1267391304347826,0.0020025013637967617,0.9227348066298342,0.0009923414137996778,1787.0,0.19654641443026838,0.004167573288435652
published,either,3.0,any_pair:H_shared_total_agree,2160,10676,7651,79513,100000,0.09811,0.0009406616176925685,0.12836,0.0010577509650196496,0.22016104372642953,0.00418327160779509,0.1183736375832973,0.0010757045236938216,0.8816263624167027,0.0010757045236938218,0.16827672172016203,0.0033020724326108548,0.9122229360745262,0.0009584565788369693,982.0,0.10009173376821935,0.0030299927457153896
published,either,4.0,any_pair:H_shared_total_agree,1284,4744,8888,85084,100000,0.10172,0.0009558924709401158,0.06028,0.0007526375063734201,0.12622886354699175,0.003292873200733009,0.05281204078906354,0.0007462402916792734,0.9471879592109365,0.0007462402916792734,0.21300597213005973,0.005273451869469039,0.9054186353381859,0.0009546150289928243,569.0,0.0559378686590641,0.002278505442954456
published,either,5.0,any_pair:H_shared_total_agree,718,2326,9618,87338,100000,0.10336,0.0009626874383723929,0.03044,0.0005432624264570485,0.06946594427244582,0.0025007821311136126,0.02594129193433262,0.000530859156381484,0.9740587080656674,0.0005308591563814836,0.23587385019710908,0.007694849058533076,0.900800363051281,0.0009600237399531229,297.0,0.028734520123839008,0.0016432161732813748
published,either,6.0,any_pair:H_shared_total_agree,442,1183,9961,88414,100000,0.10403,0.0009654416559274827,0.01625,0.0003998241801092075,0.04248774392002307,0.0019775374054140054,0.01320356708371932,0.0003813402873364713,0.9867964329162807,0.00038134028733647073,0.272,0.011038840518822618,0.8987445997458704,0.0009618002189800356,168.0,0.016149187734307412,0.0012358355006943519
published,either,2.0,any_pair:Hn_shared_net_agree,598,27002,544,71856,100000,0.01142,0.0003359997559522923,0.276,0.0014135911714495107,0.5236427320490368,0.014779198628568373,0.2731392502377147,0.001417136733004864,0.7268607497622853,0.001417136733004864,0.021666666666666667,0.0008763648200986859,0.9924861878453038,0.0003209394613745786,191.0,0.1672504378283713,0.011043526718265707
published,either,3.0,any_pair:Hn_shared_net_agree,514,12322,874,86290,100000,0.01388,0.0003699641279908094,0.12836,0.0010577509650196496,0.3703170028818444,0.012961434712699253,0.12495436660852635,0.00105299470216992,0.8750456333914737,0.0010529947021699199,0.04004362729822374,0.0017305238898196627,0.9899729246018999,0.0003374661546002443,128.0,0.09221902017291066,0.007766155073075907
published,either,4.0,any_pair:Hn_shared_net_agree,381,5647,1181,92791,100000,0.01562,0.0003921226287782943,0.06028,0.0007526375063734201,0.2439180537772087,0.010865904715544411,0.05736605782319836,0.0007411696877740831,0.9426339421768016,0.0007411696877740831,0.06320504313205043,0.0031340903790576732,0.9874324266802877,0.00036339602404372533,74.0,0.04737516005121639,0.005375214271483969
published,either,5.0,any_pair:Hn_shared_net_agree,287,2757,1381,95575,100000,0.01668,0.00040499108138328184,0.03044,0.0005432624264570485,0.1720623501199041,0.00924152660676,0.02803766830736688,0.0005264392087257553,0.9719623316926331,0.0005264392087257552,0.0942838370565046,0.005296541253789153,0.9857564255951153,0.00038054582148792574,44.0,0.026378896882494004,0.003923966411570663
published,either,6.0,any_pair:Hn_shared_net_agree,196,1429,1525,96850,100000,0.01721,0.00041126409884647115,0.01625,0.0003998241801092075,0.11388727484020918,0.007657581928613127,0.014540237487153919,0.0003818342080234637,0.9854597625128461,0.00038183420802346396,0.12061538461538461,0.008079120805535805,0.9844980940279543,0.00039387427457965557,25.0,0.01452643811737362,0.0028841086880455878
published,either,2.0,any_pair:X_expected_excess_ge_tau,6142,21458,2096,70304,100000,0.08238,0.0008694454301449861,0.276,0.0014135911714495107,0.745569312940034,0.004798636618279179,0.23384407488938777,0.0013973021654470842,0.7661559251106123,0.0013973021654470842,0.22253623188405797,0.0025037208353008654,0.9710497237569061,0.000623128776149,5581.0,0.6774702597717893,0.005150140854872058
published,either,3.0,any_pair:X_expected_excess_ge_tau,2462,10374,986,86178,100000,0.03448,0.0005769846583749,0.12836,0.0010577509650196496,0.7140371229698376,0.007695407035400121,0.10744469301516281,0.0009966195813452966,0.8925553069848372,0.0009966195813452964,0.19180430040511062,0.0034751422257944475,0.988687990454775,0.0003582044153951662,2325.0,0.6743039443155452,0.007980874306567442
published,either,4.0,any_pair:X_expected_excess_ge_tau,1076,4952,480,93492,100000,0.01556,0.0003913807149055763,0.06028,0.0007526375063734201,0.6915167095115681,0.011708799395166898,0.05030271017024907,0.0006966163535191076,0.9496972898297509,0.0006966163535191079,0.17850033178500332,0.004932153543458679,0.9948920955178138,0.0002325466774647182,1034.0,0.6645244215938303,0.01196964119002758
published,either,5.0,any_pair:X_expected_excess_ge_tau,528,2516,222,96734,100000,0.0075,0.00027283236611516605,0.03044,0.0005432624264570485,0.704,0.016668693210126984,0.025350125944584384,0.0004989409141980004,0.9746498740554156,0.0004989409141980007,0.17345597897503284,0.006862862654533845,0.9977103015800982,0.00015349846096338784,514.0,0.6853333333333333,0.016956869033150176
published,either,6.0,any_pair:X_expected_excess_ge_tau,282,1343,103,98272,100000,0.00385,0.00019583609217914863,0.01625,0.0003998241801092075,0.7324675324675325,0.02256067411425239,0.013481905335541836,0.00036539768773341573,0.9865180946644582,0.00036539768773341573,0.17353846153846153,0.009394691263779707,0.9989529860228716,0.00010311133070396867,273.0,0.7090909090909091,0.02314724138485336
published,either,2.0,reported_wrong:A1_anchor,13805,13795,23576,48824,100000,0.37381,0.0015299545218731175,0.276,0.0014135911714495107,0.3693052620315133,0.002496185717988428,0.22030054775707053,0.0016562211989681848,0.7796994522429295,0.0016562211989681848,0.5001811594202898,0.00300964612959865,0.6743646408839779,0.001741581852281469,,,
published,either,3.0,reported_wrong:A1_anchor,7347,5489,30034,57130,100000,0.37381,0.0015299545218731175,0.12836,0.0010577509650196496,0.19654369867044755,0.002055347387191762,0.08765710087992462,0.0011301069237046888,0.9123428991200754,0.0011301069237046888,0.5723745715176067,0.004366737368740773,0.6554311412968656,0.0016096556273094993,,,
published,either,4.0,reported_wrong:A1_anchor,3748,2280,33633,60339,100000,0.37381,0.0015299545218731175,0.06028,0.0007526375063734201,0.10026484042695487,0.0015534819870120127,0.036410674076558236,0.0007485266821566187,0.9635893259234418,0.0007485266821566183,0.621765096217651,0.006246077220743917,0.6420955178138169,0.0015638106007029942,,,
published,either,5.0,reported_wrong:A1_anchor,1979,1065,35402,61554,100000,0.37381,0.0015299545218731175,0.03044,0.0005432624264570485,0.05294133383269575,0.0011581382973062427,0.01700761749628707,0.0005167062946222921,0.9829923825037129,0.0005167062946222926,0.650131406044678,0.00864431787803756,0.634865299723586,0.0015462510371875525,,,
published,either,6.0,reported_wrong:A1_anchor,1121,504,36260,62115,100000,0.37381,0.0015299545218731175,0.01625,0.0003998241801092075,0.029988496829940346,0.0008821457239577953,0.008048675322186557,0.0003570707874161579,0.9919513246778134,0.00035707078741615796,0.6898461538461539,0.011474612455190538,0.6314104193138501,0.0015381016094767766,,,
published,either,2.0,reported_wrong:A3_largest,15516,12084,22677,49723,100000,0.38193,0.0015364227123418868,0.276,0.0014135911714495107,0.4062524546382845,0.0025130841217863653,0.19551183522901935,0.0015952454836266462,0.8044881647709806,0.0015952454836266462,0.5621739130434783,0.00298628752933426,0.6867817679558011,0.0017237076637107453,,,
published,either,3.0,reported_wrong:A3_largest,9079,3757,29114,58050,100000,0.38193,0.0015364227123418868,0.12836,0.0010577509650196496,0.237713717173304,0.0021781826158034116,0.06078599511382206,0.0009610925553725976,0.9392140048861779,0.0009610925553725979,0.7073075724524774,0.004016012380226421,0.6659859575053921,0.0015975200693790837,,,
published,either,4.0,reported_wrong:A3_largest,4987,1041,33206,60766,100000,0.38193,0.0015364227123418868,0.06028,0.0007526375063734201,0.13057366533134343,0.0017240597249681612,0.01684275243904412,0.0005176058702027395,0.9831572475609559,0.000517605870202739,0.8273059057730591,0.0048683880014770715,0.6466394245094284,0.0015593402940872316,,,
published,either,5.0,reported_wrong:A3_largest,2775,269,35418,61538,100000,0.38193,0.0015364227123418868,0.03044,0.0005432624264570485,0.07265729322127092,0.001328213381134745,0.004352257834873073,0.00026478375232357696,0.995647742165127,0.00026478375232357566,0.9116294349540078,0.005144470267794042,0.6347002764140435,0.0015463993928751215,,,
published,either,6.0,reported_wrong:A3_largest,1545,80,36648,61727,100000,0.38193,0.0015364227123418868,0.01625,0.0003998241801092075,0.04045243892859948,0.0010081234615413116,0.0012943517724529584,0.00014461924245783825,0.998705648227547,0.00014461924245783847,0.9507692307692308,0.0053669702435268,0.6274663278271919,0.0015414718795615581,,,
published,either,2.0,reported_wrong:A4_reviewed,13390,14210,22677,49723,100000,0.36067,0.001518509634806444,0.276,0.0014135911714495107,0.37125350042975575,0.002544005575398851,0.2222639325543929,0.0016443265723654762,0.7777360674456071,0.0016443265723654762,0.4851449275362319,0.0030083177374566404,0.6867817679558011,0.0017237076637107453,,,
published,either,3.0,reported_wrong:A4_reviewed,6953,5883,29114,58050,100000,0.36067,0.001518509634806444,0.12836,0.0010577509650196496,0.1927801036958993,0.0020771699148093925,0.09201820655999249,0.001143175505905687,0.9079817934400075,0.001143175505905687,0.5416796509816142,0.00439785570832648,0.6659859575053921,0.0015975200693790837,,,
published,either,4.0,reported_wrong:A4_reviewed,3679,2349,32388,61584,100000,0.36067,0.001518509634806444,0.06028,0.0007526375063734201,0.10200460254526299,0.0015936462658237855,0.03674158885082821,0.0007440255157272463,0.9632584111491718,0.0007440255157272465,0.6103185136031851,0.006281256620347098,0.6553441450644873,0.0015503448364844648,,,
published,either,5.0,reported_wrong:A4_reviewed,2020,1024,34047,62909,100000,0.36067,0.001518509634806444,0.03044,0.0005432624264570485,0.05600687609171819,0.001210737740759887,0.016016767553532603,0.000496499417684022,0.9839832324464673,0.0004964994176840227,0.6636005256241787,0.008563645695634475,0.6488407112504642,0.0015329704424257918,,,
published,either,6.0,reported_wrong:A4_reviewed,1138,487,34929,63446,100000,0.36067,0.001518509634806444,0.01625,0.0003998241801092075,0.03155238861008678,0.0009204478282243392,0.007617349412666385,0.0003438578776788306,0.9923826505873337,0.0003438578776788296,0.7003076923076923,0.011364636876052549,0.6449402795425667,0.001525696259466032,,,
