rhythm_state,p_beat_cv,W,p_N_beats,p_data_mode,axis,value,mcse,n
AF_rr0.1,0.05,0,1,prospective,AP,1,0,100000
AF_rr0.1,0.05,0,1,prospective,SL,1,0,100000
AF_rr0.1,0.05,0,1,retrospective,AP,1,0,100000
AF_rr0.1,0.05,0,1,retrospective,SL,1,0,100000
AF_rr0.1,0.05,0,3,prospective,AP,3,0,100000
AF_rr0.1,0.05,0,3,prospective,SL,3,0,100000
AF_rr0.1,0.05,0,3,retrospective,AP,2.7043,0.001884,100000
AF_rr0.1,0.05,0,3,retrospective,SL,2.7043,0.001884,100000
AF_rr0.1,0.05,0,5,prospective,AP,5,0,100000
AF_rr0.1,0.05,0,5,prospective,SL,5,0,100000
AF_rr0.1,0.05,0,5,retrospective,AP,3.65419,0.00416459,100000
AF_rr0.1,0.05,0,5,retrospective,SL,3.65419,0.00416459,100000
AF_rr0.1,0.05,0,7,prospective,AP,7,0,100000
AF_rr0.1,0.05,0,7,prospective,SL,7,0,100000
AF_rr0.1,0.05,0,7,retrospective,AP,3.99357,0.00552561,100000
AF_rr0.1,0.05,0,7,retrospective,SL,3.99357,0.00552561,100000
AF_rr0.1,0.05,0,10,prospective,AP,10,0,100000
AF_rr0.1,0.05,0,10,prospective,SL,10,0,100000
AF_rr0.1,0.05,0,10,retrospective,AP,4.0801,0.00609841,100000
AF_rr0.1,0.05,0,10,retrospective,SL,4.0801,0.00609841,100000
AF_rr0.1,0.05,0,13,prospective,AP,13,0,100000
AF_rr0.1,0.05,0,13,prospective,SL,13,0,100000
AF_rr0.1,0.05,0,13,retrospective,AP,4.07725,0.0061351,100000
AF_rr0.1,0.05,0,13,retrospective,SL,4.07725,0.0061351,100000
AF_rr0.1,0.05,0.1,1,prospective,AP,1,0,100000
AF_rr0.1,0.05,0.1,1,prospective,SL,1,0,100000
AF_rr0.1,0.05,0.1,1,retrospective,AP,1,0,100000
AF_rr0.1,0.05,0.1,1,retrospective,SL,1,0,100000
AF_rr0.1,0.05,0.1,3,prospective,AP,4.01697,0.00353125,100000
AF_rr0.1,0.05,0.1,3,prospective,SL,4.69623,0.00522354,100000
AF_rr0.1,0.05,0.1,3,retrospective,AP,3.17817,0.00347704,100000
AF_rr0.1,0.05,0.1,3,retrospective,SL,3.38132,0.00407835,100000
AF_rr0.1,0.05,0.1,5,prospective,AP,7.40155,0.00645776,100000
AF_rr0.1,0.05,0.1,5,prospective,SL,9.05797,0.0101985,100000
AF_rr0.1,0.05,0.1,5,retrospective,AP,3.93336,0.00543929,100000
AF_rr0.1,0.05,0.1,5,retrospective,SL,3.99182,0.00572469,100000
AF_rr0.1,0.05,0.1,7,prospective,AP,10.8763,0.00932941,100000
AF_rr0.1,0.05,0.1,7,prospective,SL,13.5581,0.014512,100000
AF_rr0.1,0.05,0.1,7,retrospective,AP,4.06571,0.00604634,100000
AF_rr0.1,0.05,0.1,7,retrospective,SL,4.07297,0.00610299,100000
AF_rr0.1,0.05,0.1,10,prospective,AP,16.1656,0.0129911,100000
AF_rr0.1,0.05,0.1,10,prospective,SL,19.964,0.0174051,100000
AF_rr0.1,0.05,0.1,10,retrospective,AP,4.07085,0.00613979,100000
AF_rr0.1,0.05,0.1,10,retrospective,SL,4.07112,0.00614309,100000
AF_rr0.1,0.05,0.1,13,prospective,AP,21.1883,0.0144,100000
AF_rr0.1,0.05,0.1,13,prospective,SL,24.959,0.0150811,100000
AF_rr0.1,0.05,0.1,13,retrospective,AP,4.08062,0.00613597,100000
AF_rr0.1,0.05,0.1,13,retrospective,SL,4.08062,0.00613597,100000
AF_rr0.1,0.05,0.15,1,prospective,AP,1,0,100000
AF_rr0.1,0.05,0.15,1,prospective,SL,1,0,100000
AF_rr0.1,0.05,0.15,1,retrospective,AP,1,0,100000
AF_rr0.1,0.05,0.15,1,retrospective,SL,1,0,100000
AF_rr0.1,0.05,0.15,3,prospective,AP,3.4876,0.00245526,100000
AF_rr0.1,0.05,0.15,3,prospective,SL,3.97914,0.0038879,100000
AF_rr0.1,0.05,0.15,3,retrospective,AP,2.94586,0.00280431,100000
AF_rr0.1,0.05,0.15,3,retrospective,SL,3.14198,0.00343507,100000
AF_rr0.1,0.05,0.15,5,prospective,AP,6.13359,0.00438721,100000
AF_rr0.1,0.05,0.15,5,prospective,SL,7.28225,0.00743611,100000
AF_rr0.1,0.05,0.15,5,retrospective,AP,3.83162,0.00493215,100000
AF_rr0.1,0.05,0.15,5,retrospective,SL,3.9167,0.00532474,100000
AF_rr0.1,0.05,0.15,7,prospective,AP,8.8236,0.00622196,100000
AF_rr0.1,0.05,0.15,7,prospective,SL,10.6889,0.0108075,100000
AF_rr0.1,0.05,0.15,7,retrospective,AP,4.03053,0.00585615,100000
AF_rr0.1,0.05,0.15,7,retrospective,SL,4.04687,0.00597318,100000
AF_rr0.1,0.05,0.15,10,prospective,AP,12.9018,0.00893981,100000
AF_rr0.1,0.05,0.15,10,prospective,SL,15.7544,0.0146042,100000
AF_rr0.1,0.05,0.15,10,retrospective,AP,4.07438,0.00612921,100000
AF_rr0.1,0.05,0.15,10,retrospective,SL,4.07482,0.0061341,100000
AF_rr0.1,0.05,0.15,13,prospective,AP,16.9637,0.0110221,100000
AF_rr0.1,0.05,0.15,13,prospective,SL,20.4768,0.0158893,100000
AF_rr0.1,0.05,0.15,13,retrospective,AP,4.0785,0.00613297,100000
AF_rr0.1,0.05,0.15,13,retrospective,SL,4.07851,0.00613313,100000
AF_rr0.1,0.05,0.2,1,prospective,AP,1,0,100000
AF_rr0.1,0.05,0.2,1,prospective,SL,1,0,100000
AF_rr0.1,0.05,0.2,1,retrospective,AP,1,0,100000
AF_rr0.1,0.05,0.2,1,retrospective,SL,1,0,100000
AF_rr0.1,0.05,0.2,3,prospective,AP,3.23462,0.00173919,100000
AF_rr0.1,0.05,0.2,3,prospective,SL,3.59752,0.0030445,100000
AF_rr0.1,0.05,0.2,3,retrospective,AP,2.82586,0.00241889,100000
AF_rr0.1,0.05,0.2,3,retrospective,SL,2.98839,0.00300547,100000
AF_rr0.1,0.05,0.2,5,prospective,AP,5.56202,0.00308296,100000
AF_rr0.1,0.05,0.2,5,prospective,SL,6.40241,0.00575822,100000
AF_rr0.1,0.05,0.2,5,retrospective,AP,3.75931,0.00457845,100000
AF_rr0.1,0.05,0.2,5,retrospective,SL,3.85068,0.00500365,100000
AF_rr0.1,0.05,0.2,7,prospective,AP,7.91559,0.00439122,100000
AF_rr0.1,0.05,0.2,7,prospective,SL,9.25389,0.0084181,100000
AF_rr0.1,0.05,0.2,7,retrospective,AP,4.01114,0.00573534,100000
AF_rr0.1,0.05,0.2,7,retrospective,SL,4.03293,0.00588527,100000
AF_rr0.1,0.05,0.2,10,prospective,AP,11.4523,0.00626567,100000
AF_rr0.1,0.05,0.2,10,prospective,SL,13.5241,0.011743,100000
AF_rr0.1,0.05,0.2,10,retrospective,AP,4.0698,0.00610294,100000
AF_rr0.1,0.05,0.2,10,retrospective,SL,4.07092,0.00611563,100000
AF_rr0.1,0.05,0.2,13,prospective,AP,14.9894,0.00791506,100000
AF_rr0.1,0.05,0.2,13,prospective,SL,17.689,0.0137585,100000
AF_rr0.1,0.05,0.2,13,retrospective,AP,4.08206,0.00617328,100000
AF_rr0.1,0.05,0.2,13,retrospective,SL,4.08207,0.00617344,100000
AF_rr0.1,0.05,0.25,1,prospective,AP,1,0,100000
AF_rr0.1,0.05,0.25,1,prospective,SL,1,0,100000
AF_rr0.1,0.05,0.25,1,retrospective,AP,1,0,100000
AF_rr0.1,0.05,0.25,1,retrospective,SL,1,0,100000
AF_rr0.1,0.05,0.25,3,prospective,AP,3.11465,0.0012109,100000
AF_rr0.1,0.05,0.25,3,prospective,SL,3.3832,0.00245435,100000
AF_rr0.1,0.05,0.25,3,retrospective,AP,2.76464,0.0021671,100000
AF_rr0.1,0.05,0.25,3,retrospective,SL,2.89033,0.00266212,100000
AF_rr0.1,0.05,0.25,5,prospective,AP,5.28406,0.00217052,100000
AF_rr0.1,0.05,0.25,5,prospective,SL,5.87689,0.00454932,100000
AF_rr0.1,0.05,0.25,5,retrospective,AP,3.70649,0.00440475,100000
AF_rr0.1,0.05,0.25,5,retrospective,SL,3.7851,0.00477632,100000
AF_rr0.1,0.05,0.25,7,prospective,AP,7.46566,0.00307319,100000
AF_rr0.1,0.05,0.25,7,prospective,SL,8.42088,0.0066195,100000
AF_rr0.1,0.05,0.25,7,retrospective,AP,4.01168,0.00565139,100000
AF_rr0.1,0.05,0.25,7,retrospective,SL,4.03317,0.00579869,100000
AF_rr0.1,0.05,0.25,10,prospective,AP,10.7548,0.00451535,100000
AF_rr0.1,0.05,0.25,10,prospective,SL,12.2448,0.00946343,100000
AF_rr0.1,0.05,0.25,10,retrospective,AP,4.06858,0.00611588,100000
AF_rr0.1,0.05,0.25,10,retrospective,SL,4.06974,0.0061286,100000
AF_rr0.1,0.05,0.25,13,prospective,AP,14.0399,0.00567888,100000
AF_rr0.1,0.05,0.25,13,prospective,SL,16.0285,0.0114244,100000
AF_rr0.1,0.05,0.25,13,retrospective,AP,4.06513,0.00611351,100000
AF_rr0.1,0.05,0.25,13,retrospective,SL,4.06516,0.00611399,100000
AF_rr0.1,0.1,0,1,prospective,AP,1,0,100000
AF_rr0.1,0.1,0,1,prospective,SL,1,0,100000
AF_rr0.1,0.1,0,1,retrospective,AP,1,0,100000
AF_rr0.1,0.1,0,1,retrospective,SL,1,0,100000
AF_rr0.1,0.1,0,3,prospective,AP,3,0,100000
AF_rr0.1,0.1,0,3,prospective,SL,3,0,100000
AF_rr0.1,0.1,0,3,retrospective,AP,2.7027,0.00188636,100000
AF_rr0.1,0.1,0,3,retrospective,SL,2.7027,0.00188636,100000
AF_rr0.1,0.1,0,5,prospective,AP,5,0,100000
AF_rr0.1,0.1,0,5,prospective,SL,5,0,100000
AF_rr0.1,0.1,0,5,retrospective,AP,3.65993,0.00414953,100000
AF_rr0.1,0.1,0,5,retrospective,SL,3.65993,0.00414953,100000
AF_rr0.1,0.1,0,7,prospective,AP,7,0,100000
AF_rr0.1,0.1,0,7,prospective,SL,7,0,100000
AF_rr0.1,0.1,0,7,retrospective,AP,3.97351,0.00552856,100000
AF_rr0.1,0.1,0,7,retrospective,SL,3.97351,0.00552856,100000
AF_rr0.1,0.1,0,10,prospective,AP,10,0,100000
AF_rr0.1,0.1,0,10,prospective,SL,10,0,100000
AF_rr0.1,0.1,0,10,retrospective,AP,4.07545,0.00611514,100000
AF_rr0.1,0.1,0,10,retrospective,SL,4.07545,0.00611514,100000
AF_rr0.1,0.1,0,13,prospective,AP,13,0,100000
AF_rr0.1,0.1,0,13,prospective,SL,13,0,100000
AF_rr0.1,0.1,0,13,retrospective,AP,4.07883,0.00615418,100000
AF_rr0.1,0.1,0,13,retrospective,SL,4.07883,0.00615418,100000
AF_rr0.1,0.1,0.1,1,prospective,AP,1,0,100000
AF_rr0.1,0.1,0.1,1,prospective,SL,1,0,100000
AF_rr0.1,0.1,0.1,1,retrospective,AP,1,0,100000
AF_rr0.1,0.1,0.1,1,retrospective,SL,1,0,100000
AF_rr0.1,0.1,0.1,3,prospective,AP,4.32524,0.00384621,100000
AF_rr0.1,0.1,0.1,3,prospective,SL,4.92372,0.00535426,100000
AF_rr0.1,0.1,0.1,3,retrospective,AP,3.28687,0.00376041,100000
AF_rr0.1,0.1,0.1,3,retrospective,SL,3.44691,0.00423282,100000
AF_rr0.1,0.1,0.1,5,prospective,AP,8.1222,0.00680947,100000
AF_rr0.1,0.1,0.1,5,prospective,SL,9.57525,0.010177,100000
AF_rr0.1,0.1,0.1,5,retrospective,AP,3.97496,0.00562914,100000
AF_rr0.1,0.1,0.1,5,retrospective,SL,4.01133,0.00581927,100000
AF_rr0.1,0.1,0.1,7,prospective,AP,12.0696,0.00966218,100000
AF_rr0.1,0.1,0.1,7,prospective,SL,14.4073,0.0142171,100000
AF_rr0.1,0.1,0.1,7,retrospective,AP,4.05609,0.00608002,100000
AF_rr0.1,0.1,0.1,7,retrospective,SL,4.05941,0.00610732,100000
AF_rr0.1,0.1,0.1,10,prospective,AP,18.0534,0.0129794,100000
AF_rr0.1,0.1,0.1,10,prospective,SL,21.2577,0.016438,100000
AF_rr0.1,0.1,0.1,10,retrospective,AP,4.06617,0.00612468,100000
AF_rr0.1,0.1,0.1,10,retrospective,SL,4.06616,0.00612459,100000
AF_rr0.1,0.1,0.1,13,prospective,AP,23.6419,0.0132563,100000
AF_rr0.1,0.1,0.1,13,prospective,SL,26.38,0.0127198,100000
AF_rr0.1,0.1,0.1,13,retrospective,AP,4.07719,0.00614333,100000
AF_rr0.1,0.1,0.1,13,retrospective,SL,4.07719,0.00614333,100000
AF_rr0.1,0.1,0.15,1,prospective,AP,1,0,100000
AF_rr0.1,0.1,0.15,1,prospective,SL,1,0,100000
AF_rr0.1,0.1,0.15,1,retrospective,AP,1,0,100000
AF_rr0.1,0.1,0.15,1,retrospective,SL,1,0,100000
AF_rr0.1,0.1,0.15,3,prospective,AP,3.6833,0.00275243,100000
AF_rr0.1,0.1,0.15,3,prospective,SL,4.1384,0.00402157,100000
AF_rr0.1,0.1,0.15,3,retrospective,AP,3.04452,0.00309087,100000
AF_rr0.1,0.1,0.15,3,retrospective,SL,3.2095,0.00359748,100000
AF_rr0.1,0.1,0.15,5,prospective,AP,6.60048,0.00476498,100000
AF_rr0.1,0.1,0.15,5,prospective,SL,7.64608,0.00756839,100000
AF_rr0.1,0.1,0.15,5,retrospective,AP,3.8854,0.00516766,100000
AF_rr0.1,0.1,0.15,5,retrospective,SL,3.94876,0.00547089,100000
AF_rr0.1,0.1,0.15,7,prospective,AP,9.58718,0.00671105,100000
AF_rr0.1,0.1,0.15,7,prospective,SL,11.2843,0.0108343,100000
AF_rr0.1,0.1,0.15,7,retrospective,AP,4.05105,0.00597759,100000
AF_rr0.1,0.1,0.15,7,retrospective,SL,4.06069,0.00605011,100000
AF_rr0.1,0.1,0.15,10,prospective,AP,14.1071,0.00936671,100000
AF_rr0.1,0.1,0.15,10,prospective,SL,16.6877,0.0144379,100000
AF_rr0.1,0.1,0.15,10,retrospective,AP,4.07133,0.00612901,100000
AF_rr0.1,0.1,0.15,10,retrospective,SL,4.0715,0.00613106,100000
AF_rr0.1,0.1,0.15,13,prospective,AP,18.6153,0.0112875,100000
AF_rr0.1,0.1,0.15,13,prospective,SL,21.7018,0.0150691,100000
AF_rr0.1,0.1,0.15,13,retrospective,AP,4.06255,0.00613667,100000
AF_rr0.1,0.1,0.15,13,retrospective,SL,4.06255,0.00613667,100000
AF_rr0.1,0.1,0.2,1,prospective,AP,1,0,100000
AF_rr0.1,0.1,0.2,1,prospective,SL,1,0,100000
AF_rr0.1,0.1,0.2,1,retrospective,AP,1,0,100000
AF_rr0.1,0.1,0.2,1,retrospective,SL,1,0,100000
AF_rr0.1,0.1,0.2,3,prospective,AP,3.36004,0.00202898,100000
AF_rr0.1,0.1,0.2,3,prospective,SL,3.714,0.00319474,100000
AF_rr0.1,0.1,0.2,3,retrospective,AP,2.89885,0.00263242,100000
AF_rr0.1,0.1,0.2,3,retrospective,SL,3.04738,0.00313443,100000
AF_rr0.1,0.1,0.2,5,prospective,AP,5.85256,0.00346776,100000
AF_rr0.1,0.1,0.2,5,prospective,SL,6.64242,0.00584887,100000
AF_rr0.1,0.1,0.2,5,retrospective,AP,3.80727,0.00478801,100000
AF_rr0.1,0.1,0.2,5,retrospective,SL,3.88078,0.00513008,100000
AF_rr0.1,0.1,0.2,7,prospective,AP,8.37842,0.00483144,100000
AF_rr0.1,0.1,0.2,7,prospective,SL,9.64166,0.00845763,100000
AF_rr0.1,0.1,0.2,7,retrospective,AP,4.02739,0.00582815,100000
AF_rr0.1,0.1,0.2,7,retrospective,SL,4.04274,0.00593725,100000
AF_rr0.1,0.1,0.2,10,prospective,AP,12.2098,0.00685454,100000
AF_rr0.1,0.1,0.2,10,prospective,SL,14.1899,0.0118369,100000
AF_rr0.1,0.1,0.2,10,retrospective,AP,4.08057,0.0061355,100000
AF_rr0.1,0.1,0.2,10,retrospective,SL,4.08104,0.00614094,100000
AF_rr0.1,0.1,0.2,13,prospective,AP,16.0257,0.00848137,100000
AF_rr0.1,0.1,0.2,13,prospective,SL,18.5569,0.0136101,100000
AF_rr0.1,0.1,0.2,13,retrospective,AP,4.07856,0.00612905,100000
AF_rr0.1,0.1,0.2,13,retrospective,SL,4.07858,0.00612937,100000
AF_rr0.1,0.1,0.25,1,prospective,AP,1,0,100000
AF_rr0.1,0.1,0.25,1,prospective,SL,1,0,100000
AF_rr0.1,0.1,0.25,1,retrospective,AP,1,0,100000
AF_rr0.1,0.1,0.25,1,retrospective,SL,1,0,100000
AF_rr0.1,0.1,0.25,3,prospective,AP,3.18825,0.00149531,100000
AF_rr0.1,0.1,0.25,3,prospective,SL,3.45664,0.0025947,100000
AF_rr0.1,0.1,0.25,3,retrospective,AP,2.80335,0.00229796,100000
AF_rr0.1,0.1,0.25,3,retrospective,SL,2.93005,0.0027745,100000
AF_rr0.1,0.1,0.25,5,prospective,AP,5.45949,0.00254972,100000
AF_rr0.1,0.1,0.25,5,prospective,SL,6.06079,0.00469429,100000
AF_rr0.1,0.1,0.25,5,retrospective,AP,3.73843,0.00454481,100000
AF_rr0.1,0.1,0.25,5,retrospective,SL,3.8106,0.00487938,100000
AF_rr0.1,0.1,0.25,7,prospective,AP,7.7468,0.00353438,100000
AF_rr0.1,0.1,0.25,7,prospective,SL,8.70462,0.00684311,100000
AF_rr0.1,0.1,0.25,7,retrospective,AP,4.00438,0.00571987,100000
AF_rr0.1,0.1,0.25,7,retrospective,SL,4.0207,0.00583193,100000
AF_rr0.1,0.1,0.25,10,prospective,AP,11.2018,0.00501146,100000
AF_rr0.1,0.1,0.25,10,prospective,SL,12.6934,0.00959512,100000
AF_rr0.1,0.1,0.25,10,retrospective,AP,4.07893,0.00611835,100000
AF_rr0.1,0.1,0.25,10,retrospective,SL,4.07985,0.00612888,100000
AF_rr0.1,0.1,0.25,13,prospective,AP,14.6523,0.00634178,100000
AF_rr0.1,0.1,0.25,13,prospective,SL,16.6142,0.0115098,100000
AF_rr0.1,0.1,0.25,13,retrospective,AP,4.07205,0.00614833,100000
AF_rr0.1,0.1,0.25,13,retrospective,SL,4.07208,0.00614881,100000
AF_rr0.1,0.15,0,1,prospective,AP,1,0,100000
AF_rr0.1,0.15,0,1,prospective,SL,1,0,100000
AF_rr0.1,0.15,0,1,retrospective,AP,1,0,100000
AF_rr0.1,0.15,0,1,retrospective,SL,1,0,100000
AF_rr0.1,0.15,0,3,prospective,AP,3,0,100000
AF_rr0.1,0.15,0,3,prospective,SL,3,0,100000
AF_rr0.1,0.15,0,3,retrospective,AP,2.69967,0.00190094,100000
AF_rr0.1,0.15,0,3,retrospective,SL,2.69967,0.00190094,100000
AF_rr0.1,0.15,0,5,prospective,AP,5,0,100000
AF_rr0.1,0.15,0,5,prospective,SL,5,0,100000
AF_rr0.1,0.15,0,5,retrospective,AP,3.66393,0.00415166,100000
AF_rr0.1,0.15,0,5,retrospective,SL,3.66393,0.00415166,100000
AF_rr0.1,0.15,0,7,prospective,AP,7,0,100000
AF_rr0.1,0.15,0,7,prospective,SL,7,0,100000
AF_rr0.1,0.15,0,7,retrospective,AP,3.98054,0.00554961,100000
AF_rr0.1,0.15,0,7,retrospective,SL,3.98054,0.00554961,100000
AF_rr0.1,0.15,0,10,prospective,AP,10,0,100000
AF_rr0.1,0.15,0,10,prospective,SL,10,0,100000
AF_rr0.1,0.15,0,10,retrospective,AP,4.07466,0.00611065,100000
AF_rr0.1,0.15,0,10,retrospective,SL,4.07466,0.00611065,100000
AF_rr0.1,0.15,0,13,prospective,AP,13,0,100000
AF_rr0.1,0.15,0,13,prospective,SL,13,0,100000
AF_rr0.1,0.15,0,13,retrospective,AP,4.08108,0.00614272,100000
AF_rr0.1,0.15,0,13,retrospective,SL,4.08108,0.00614272,100000
AF_rr0.1,0.15,0.1,1,prospective,AP,1,0,100000
AF_rr0.1,0.15,0.1,1,prospective,SL,1,0,100000
AF_rr0.1,0.15,0.1,1,retrospective,AP,1,0,100000
AF_rr0.1,0.15,0.1,1,retrospective,SL,1,0,100000
AF_rr0.1,0.15,0.1,3,prospective,AP,4.72033,0.0042897,100000
AF_rr0.1,0.15,0.1,3,prospective,SL,5.2329,0.00555754,100000
AF_rr0.1,0.15,0.1,3,retrospective,AP,3.42327,0.00410649,100000
AF_rr0.1,0.15,0.1,3,retrospective,SL,3.52648,0.00442913,100000
AF_rr0.1,0.15,0.1,5,prospective,AP,9.06269,0.00749087,100000
AF_rr0.1,0.15,0.1,5,prospective,SL,10.3096,0.0104316,100000
AF_rr0.1,0.15,0.1,5,retrospective,AP,4.02381,0.00584222,100000
AF_rr0.1,0.15,0.1,5,retrospective,SL,4.04268,0.00594758,100000
AF_rr0.1,0.15,0.1,7,prospective,AP,13.6471,0.0104191,100000
AF_rr0.1,0.15,0.1,7,prospective,SL,15.6303,0.0142912,100000
AF_rr0.1,0.15,0.1,7,retrospective,AP,4.06884,0.00609349,100000
AF_rr0.1,0.15,0.1,7,retrospective,SL,4.07008,0.00610548,100000
AF_rr0.1,0.15,0.1,10,prospective,AP,20.5803,0.0134265,100000
AF_rr0.1,0.15,0.1,10,prospective,SL,23.0604,0.0154031,100000
AF_rr0.1,0.15,0.1,10,retrospective,AP,4.07044,0.00614887,100000
AF_rr0.1,0.15,0.1,10,retrospective,SL,4.07045,0.00614899,100000
AF_rr0.1,0.15,0.1,13,prospective,AP,26.4472,0.011309,100000
AF_rr0.1,0.15,0.1,13,prospective,SL,27.9295,0.0097797,100000
AF_rr0.1,0.15,0.1,13,retrospective,AP,4.0815,0.00615043,100000
AF_rr0.1,0.15,0.1,13,retrospective,SL,4.0815,0.00615043,100000
AF_rr0.1,0.15,0.15,1,prospective,AP,1,0,100000
AF_rr0.1,0.15,0.15,1,prospective,SL,1,0,100000
AF_rr0.1,0.15,0.15,1,retrospective,AP,1,0,100000
AF_rr0.1,0.15,0.15,1,retrospective,SL,1,0,100000
AF_rr0.1,0.15,0.15,3,prospective,AP,3.96809,0.00313516,100000
AF_rr0.1,0.15,0.15,3,prospective,SL,4.36012,0.00420546,100000
AF_rr0.1,0.15,0.15,3,retrospective,AP,3.17385,0.00339873,100000
AF_rr0.1,0.15,0.15,3,retrospective,SL,3.297,0.00378038,100000
AF_rr0.1,0.15,0.15,5,prospective,AP,7.26228,0.00538566,100000
AF_rr0.1,0.15,0.15,5,prospective,SL,8.17312,0.00769612,100000
AF_rr0.1,0.15,0.15,5,retrospective,AP,3.94068,0.00544392,100000
AF_rr0.1,0.15,0.15,5,retrospective,SL,3.97753,0.0056312,100000
AF_rr0.1,0.15,0.15,7,prospective,AP,10.6502,0.00742032,100000
AF_rr0.1,0.15,0.15,7,prospective,SL,12.1289,0.0109579,100000
AF_rr0.1,0.15,0.15,7,retrospective,AP,4.06233,0.00603679,100000
AF_rr0.1,0.15,0.15,7,retrospective,SL,4.06715,0.00607695,100000
AF_rr0.1,0.15,0.15,10,prospective,AP,15.8239,0.0101739,100000
AF_rr0.1,0.15,0.15,10,prospective,SL,18.055,0.0142132,100000
AF_rr0.1,0.15,0.15,10,retrospective,AP,4.08052,0.00612396,100000
AF_rr0.1,0.15,0.15,10,retrospective,SL,4.08063,0.00612549,100000
AF_rr0.1,0.15,0.15,13,prospective,AP,20.9535,0.0118117,100000
AF_rr0.1,0.15,0.15,13,prospective,SL,23.4225,0.0139969,100000
AF_rr0.1,0.15,0.15,13,retrospective,AP,4.07081,0.00612839,100000
AF_rr0.1,0.15,0.15,13,retrospective,SL,4.07081,0.00612839,100000
AF_rr0.1,0.15,0.2,1,prospective,AP,1,0,100000
AF_rr0.1,0.15,0.2,1,prospective,SL,1,0,100000
AF_rr0.1,0.15,0.2,1,retrospective,AP,1,0,100000
AF_rr0.1,0.15,0.2,1,retrospective,SL,1,0,100000
AF_rr0.1,0.15,0.2,3,prospective,AP,3.56346,0.00243507,100000
AF_rr0.1,0.15,0.2,3,prospective,SL,3.88212,0.00339467,100000
AF_rr0.1,0.15,0.2,3,retrospective,AP,2.99288,0.00292578,100000
AF_rr0.1,0.15,0.2,3,retrospective,SL,3.11417,0.00332389,100000
AF_rr0.1,0.15,0.2,5,prospective,AP,6.31865,0.00406764,100000
AF_rr0.1,0.15,0.2,5,prospective,SL,7.0332,0.00607814,100000
AF_rr0.1,0.15,0.2,5,retrospective,AP,3.86756,0.00506014,100000
AF_rr0.1,0.15,0.2,5,retrospective,SL,3.9189,0.00530614,100000
AF_rr0.1,0.15,0.2,7,prospective,AP,9.13115,0.0055318,100000
AF_rr0.1,0.15,0.2,7,prospective,SL,10.2615,0.00862865,100000
AF_rr0.1,0.15,0.2,7,retrospective,AP,4.05652,0.00594712,100000
AF_rr0.1,0.15,0.2,7,retrospective,SL,4.06588,0.00601692,100000
AF_rr0.1,0.15,0.2,10,prospective,AP,13.3969,0.00765546,100000
AF_rr0.1,0.15,0.2,10,prospective,SL,15.1612,0.0119118,100000
AF_rr0.1,0.15,0.2,10,retrospective,AP,4.07141,0.00612265,100000
AF_rr0.1,0.15,0.2,10,retrospective,SL,4.07148,0.00612339,100000
AF_rr0.1,0.15,0.2,13,prospective,AP,17.6559,0.00932957,100000
AF_rr0.1,0.15,0.2,13,prospective,SL,19.9143,0.0133841,100000
AF_rr0.1,0.15,0.2,13,retrospective,AP,4.06704,0.00613604,100000
AF_rr0.1,0.15,0.2,13,retrospective,SL,4.06704,0.00613603,100000
AF_rr0.1,0.15,0.25,1,prospective,AP,1,0,100000
AF_rr0.1,0.15,0.25,1,prospective,SL,1,0,100000
AF_rr0.1,0.15,0.25,1,retrospective,AP,1,0,100000
AF_rr0.1,0.15,0.25,1,retrospective,SL,1,0,100000
AF_rr0.1,0.15,0.25,3,prospective,AP,3.32935,0.00188266,100000
AF_rr0.1,0.15,0.25,3,prospective,SL,3.57805,0.00278165,100000
AF_rr0.1,0.15,0.25,3,retrospective,AP,2.87587,0.00254984,100000
AF_rr0.1,0.15,0.25,3,retrospective,SL,2.98981,0.00294746,100000
AF_rr0.1,0.15,0.25,5,prospective,AP,5.77515,0.0030906,100000
AF_rr0.1,0.15,0.25,5,prospective,SL,6.35929,0.00497852,100000
AF_rr0.1,0.15,0.25,5,retrospective,AP,3.79679,0.00475468,100000
AF_rr0.1,0.15,0.25,5,retrospective,SL,3.85474,0.00502653,100000
AF_rr0.1,0.15,0.25,7,prospective,AP,8.25902,0.00423998,100000
AF_rr0.1,0.15,0.25,7,prospective,SL,9.17642,0.00714742,100000
AF_rr0.1,0.15,0.25,7,retrospective,AP,4.03004,0.00582473,100000
AF_rr0.1,0.15,0.25,7,retrospective,SL,4.04255,0.00591374,100000
AF_rr0.1,0.15,0.25,10,prospective,AP,12.0081,0.00578927,100000
AF_rr0.1,0.15,0.25,10,prospective,SL,13.4025,0.00978463,100000
AF_rr0.1,0.15,0.25,10,retrospective,AP,4.06949,0.00610929,100000
AF_rr0.1,0.15,0.25,10,retrospective,SL,4.07029,0.0061186,100000
AF_rr0.1,0.15,0.25,13,prospective,AP,15.7846,0.00729419,100000
AF_rr0.1,0.15,0.25,13,prospective,SL,17.632,0.0116827,100000
AF_rr0.1,0.15,0.25,13,retrospective,AP,4.07407,0.00616011,100000
AF_rr0.1,0.15,0.25,13,retrospective,SL,4.07408,0.00616027,100000
AF_rr0.1,0.2,0,1,prospective,AP,1,0,100000
AF_rr0.1,0.2,0,1,prospective,SL,1,0,100000
AF_rr0.1,0.2,0,1,retrospective,AP,1,0,100000
AF_rr0.1,0.2,0,1,retrospective,SL,1,0,100000
AF_rr0.1,0.2,0,3,prospective,AP,3,0,100000
AF_rr0.1,0.2,0,3,prospective,SL,3,0,100000
AF_rr0.1,0.2,0,3,retrospective,AP,2.69929,0.0018996,100000
AF_rr0.1,0.2,0,3,retrospective,SL,2.69929,0.0018996,100000
AF_rr0.1,0.2,0,5,prospective,AP,5,0,100000
AF_rr0.1,0.2,0,5,prospective,SL,5,0,100000
AF_rr0.1,0.2,0,5,retrospective,AP,3.65854,0.00416176,100000
AF_rr0.1,0.2,0,5,retrospective,SL,3.65854,0.00416176,100000
AF_rr0.1,0.2,0,7,prospective,AP,7,0,100000
AF_rr0.1,0.2,0,7,prospective,SL,7,0,100000
AF_rr0.1,0.2,0,7,retrospective,AP,3.99271,0.00554641,100000
AF_rr0.1,0.2,0,7,retrospective,SL,3.99271,0.00554641,100000
AF_rr0.1,0.2,0,10,prospective,AP,10,0,100000
AF_rr0.1,0.2,0,10,prospective,SL,10,0,100000
AF_rr0.1,0.2,0,10,retrospective,AP,4.07478,0.00609597,100000
AF_rr0.1,0.2,0,10,retrospective,SL,4.07478,0.00609597,100000
AF_rr0.1,0.2,0,13,prospective,AP,13,0,100000
AF_rr0.1,0.2,0,13,prospective,SL,13,0,100000
AF_rr0.1,0.2,0,13,retrospective,AP,4.06961,0.00612697,100000
AF_rr0.1,0.2,0,13,retrospective,SL,4.06961,0.00612697,100000
AF_rr0.1,0.2,0.1,1,prospective,AP,1,0,100000
AF_rr0.1,0.2,0.1,1,prospective,SL,1,0,100000
AF_rr0.1,0.2,0.1,1,retrospective,AP,1,0,100000
AF_rr0.1,0.2,0.1,1,retrospective,SL,1,0,100000
AF_rr0.1,0.2,0.1,3,prospective,AP,5.12146,0.00477501,100000
AF_rr0.1,0.2,0.1,3,prospective,SL,5.56453,0.00588771,100000
AF_rr0.1,0.2,0.1,3,retrospective,AP,3.54135,0.00441004,100000
AF_rr0.1,0.2,0.1,3,retrospective,SL,3.6192,0.00466061,100000
AF_rr0.1,0.2,0.1,5,prospective,AP,10.0907,0.00832702,100000
AF_rr0.1,0.2,0.1,5,prospective,SL,11.1287,0.0107389,100000
AF_rr0.1,0.2,0.1,5,retrospective,AP,4.04416,0.00594959,100000
AF_rr0.1,0.2,0.1,5,retrospective,SL,4.05289,0.00600096,100000
AF_rr0.1,0.2,0.1,7,prospective,AP,15.3527,0.0114349,100000
AF_rr0.1,0.2,0.1,7,prospective,SL,17.0169,0.0145108,100000
AF_rr0.1,0.2,0.1,7,retrospective,AP,4.07394,0.00612249,100000
AF_rr0.1,0.2,0.1,7,retrospective,SL,4.07428,0.00612547,100000
AF_rr0.1,0.2,0.1,10,prospective,AP,23.1703,0.0136856,100000
AF_rr0.1,0.2,0.1,10,prospective,SL,24.9144,0.0140884,100000
AF_rr0.1,0.2,0.1,10,retrospective,AP,4.08049,0.00614527,100000
AF_rr0.1,0.2,0.1,10,retrospective,SL,4.08049,0.00614527,100000
AF_rr0.1,0.2,0.1,13,prospective,AP,28.4129,0.00833558,100000
AF_rr0.1,0.2,0.1,13,prospective,SL,29.0311,0.00675782,100000
AF_rr0.1,0.2,0.1,13,retrospective,AP,4.07929,0.00612632,100000
AF_rr0.1,0.2,0.1,13,retrospective,SL,4.07929,0.00612632,100000
AF_rr0.1,0.2,0.15,1,prospective,AP,1,0,100000
AF_rr0.1,0.2,0.15,1,prospective,SL,1,0,100000
AF_rr0.1,0.2,0.15,1,retrospective,AP,1,0,100000
AF_rr0.1,0.2,0.15,1,retrospective,SL,1,0,100000
AF_rr0.1,0.2,0.15,3,prospective,AP,4.27911,0.00356306,100000
AF_rr0.1,0.2,0.15,3,prospective,SL,4.61735,0.00445851,100000
AF_rr0.1,0.2,0.15,3,retrospective,AP,3.2898,0.00372522,100000
AF_rr0.1,0.2,0.15,3,retrospective,SL,3.38442,0.00403269,100000
AF_rr0.1,0.2,0.15,5,prospective,AP,7.98854,0.00603934,100000
AF_rr0.1,0.2,0.15,5,prospective,SL,8.78168,0.00808544,100000
AF_rr0.1,0.2,0.15,5,retrospective,AP,3.99614,0.00565597,100000
AF_rr0.1,0.2,0.15,5,retrospective,SL,4.0173,0.00576667,100000
AF_rr0.1,0.2,0.15,7,prospective,AP,11.8559,0.00827784,100000
AF_rr0.1,0.2,0.15,7,prospective,SL,13.1373,0.0113007,100000
AF_rr0.1,0.2,0.15,7,retrospective,AP,4.05548,0.00607505,100000
AF_rr0.1,0.2,0.15,7,retrospective,SL,4.05754,0.0060921,100000
AF_rr0.1,0.2,0.15,10,prospective,AP,17.7472,0.011165,100000
AF_rr0.1,0.2,0.15,10,prospective,SL,19.6206,0.0141865,100000
AF_rr0.1,0.2,0.15,10,retrospective,AP,4.0682,0.00613398,100000
AF_rr0.1,0.2,0.15,10,retrospective,SL,4.06817,0.00613353,100000
AF_rr0.1,0.2,0.15,13,prospective,AP,23.5035,0.0121,100000
AF_rr0.1,0.2,0.15,13,prospective,SL,25.267,0.0127652,100000
AF_rr0.1,0.2,0.15,13,retrospective,AP,4.0665,0.00613959,100000
AF_rr0.1,0.2,0.15,13,retrospective,SL,4.0665,0.00613959,100000
AF_rr0.1,0.2,0.2,1,prospective,AP,1,0,100000
AF_rr0.1,0.2,0.2,1,prospective,SL,1,0,100000
AF_rr0.1,0.2,0.2,1,retrospective,AP,1,0,100000
AF_rr0.1,0.2,0.2,1,retrospective,SL,1,0,100000
AF_rr0.1,0.2,0.2,3,prospective,AP,3.80552,0.00281781,100000
AF_rr0.1,0.2,0.2,3,prospective,SL,4.07373,0.00360301,100000
AF_rr0.1,0.2,0.2,3,retrospective,AP,3.10533,0.00322944,100000
AF_rr0.1,0.2,0.2,3,retrospective,SL,3.20514,0.00354154,100000
AF_rr0.1,0.2,0.2,5,prospective,AP,6.87582,0.00469044,100000
AF_rr0.1,0.2,0.2,5,prospective,SL,7.5054,0.00641792,100000
AF_rr0.1,0.2,0.2,5,retrospective,AP,3.91565,0.00531538,100000
AF_rr0.1,0.2,0.2,5,retrospective,SL,3.95081,0.00548917,100000
AF_rr0.1,0.2,0.2,7,prospective,AP,10.0247,0.00635185,100000
AF_rr0.1,0.2,0.2,7,prospective,SL,11.0501,0.0090031,100000
AF_rr0.1,0.2,0.2,7,retrospective,AP,4.07618,0.00603337,100000
AF_rr0.1,0.2,0.2,7,retrospective,SL,4.08066,0.00606692,100000
AF_rr0.1,0.2,0.2,10,prospective,AP,14.8187,0.00861389,100000
AF_rr0.1,0.2,0.2,10,prospective,SL,16.3727,0.0121127,100000
AF_rr0.1,0.2,0.2,10,retrospective,AP,4.07595,0.00614527,100000
AF_rr0.1,0.2,0.2,10,retrospective,SL,4.07607,0.00614663,100000
AF_rr0.1,0.2,0.2,13,prospective,AP,19.6303,0.010358,100000
AF_rr0.1,0.2,0.2,13,prospective,SL,21.5291,0.0131647,100000
AF_rr0.1,0.2,0.2,13,retrospective,AP,4.07625,0.00611674,100000
AF_rr0.1,0.2,0.2,13,retrospective,SL,4.07625,0.00611674,100000
AF_rr0.1,0.2,0.25,1,prospective,AP,1,0,100000
AF_rr0.1,0.2,0.25,1,prospective,SL,1,0,100000
AF_rr0.1,0.2,0.25,1,retrospective,AP,1,0,100000
AF_rr0.1,0.2,0.25,1,retrospective,SL,1,0,100000
AF_rr0.1,0.2,0.25,3,prospective,AP,3.51221,0.0022645,100000
AF_rr0.1,0.2,0.25,3,prospective,SL,3.74134,0.00301139,100000
AF_rr0.1,0.2,0.25,3,retrospective,AP,2.96919,0.00283402,100000
AF_rr0.1,0.2,0.25,3,retrospective,SL,3.06741,0.00316012,100000
AF_rr0.1,0.2,0.25,5,prospective,AP,6.19782,0.00371572,100000
AF_rr0.1,0.2,0.25,5,prospective,SL,6.71423,0.00527691,100000
AF_rr0.1,0.2,0.25,5,retrospective,AP,3.84391,0.00501178,100000
AF_rr0.1,0.2,0.25,5,retrospective,SL,3.88589,0.00521052,100000
AF_rr0.1,0.2,0.25,7,prospective,AP,8.93621,0.00499336,100000
AF_rr0.1,0.2,0.25,7,prospective,SL,9.76933,0.00747751,100000
AF_rr0.1,0.2,0.25,7,retrospective,AP,4.04376,0.00591809,100000
AF_rr0.1,0.2,0.25,7,retrospective,SL,4.05061,0.00596892,100000
AF_rr0.1,0.2,0.25,10,prospective,AP,13.0663,0.00672672,100000
AF_rr0.1,0.2,0.25,10,prospective,SL,14.3539,0.0101341,100000
AF_rr0.1,0.2,0.25,10,retrospective,AP,4.06843,0.00613518,100000
AF_rr0.1,0.2,0.25,10,retrospective,SL,4.06851,0.0061361,100000
AF_rr0.1,0.2,0.25,13,prospective,AP,17.2413,0.008315,100000
AF_rr0.1,0.2,0.25,13,prospective,SL,18.9094,0.0119318,100000
AF_rr0.1,0.2,0.25,13,retrospective,AP,4.07721,0.00613859,100000
AF_rr0.1,0.2,0.25,13,retrospective,SL,4.07721,0.00613859,100000
AF_rr0.1,0.25,0,1,prospective,AP,1,0,100000
AF_rr0.1,0.25,0,1,prospective,SL,1,0,100000
AF_rr0.1,0.25,0,1,retrospective,AP,1,0,100000
AF_rr0.1,0.25,0,1,retrospective,SL,1,0,100000
AF_rr0.1,0.25,0,3,prospective,AP,3,0,100000
AF_rr0.1,0.25,0,3,prospective,SL,3,0,100000
AF_rr0.1,0.25,0,3,retrospective,AP,2.70323,0.00188918,100000
AF_rr0.1,0.25,0,3,retrospective,SL,2.70323,0.00188918,100000
AF_rr0.1,0.25,0,5,prospective,AP,5,0,100000
AF_rr0.1,0.25,0,5,prospective,SL,5,0,100000
AF_rr0.1,0.25,0,5,retrospective,AP,3.66283,0.00414034,100000
AF_rr0.1,0.25,0,5,retrospective,SL,3.66283,0.00414034,100000
AF_rr0.1,0.25,0,7,prospective,AP,7,0,100000
AF_rr0.1,0.25,0,7,prospective,SL,7,0,100000
AF_rr0.1,0.25,0,7,retrospective,AP,3.98683,0.00553416,100000
AF_rr0.1,0.25,0,7,retrospective,SL,3.98683,0.00553416,100000
AF_rr0.1,0.25,0,10,prospective,AP,10,0,100000
AF_rr0.1,0.25,0,10,prospective,SL,10,0,100000
AF_rr0.1,0.25,0,10,retrospective,AP,4.0763,0.00608585,100000
AF_rr0.1,0.25,0,10,retrospective,SL,4.0763,0.00608585,100000
AF_rr0.1,0.25,0,13,prospective,AP,13,0,100000
AF_rr0.1,0.25,0,13,prospective,SL,13,0,100000
AF_rr0.1,0.25,0,13,retrospective,AP,4.0681,0.00614078,100000
AF_rr0.1,0.25,0,13,retrospective,SL,4.0681,0.00614078,100000
AF_rr0.1,0.25,0.1,1,prospective,AP,1,0,100000
AF_rr0.1,0.25,0.1,1,prospective,SL,1,0,100000
AF_rr0.1,0.25,0.1,1,retrospective,AP,1,0,100000
AF_rr0.1,0.25,0.1,1,retrospective,SL,1,0,100000
AF_rr0.1,0.25,0.1,3,prospective,AP,5.541,0.00529264,100000
AF_rr0.1,0.25,0.1,3,prospective,SL,5.90981,0.00627595,100000
AF_rr0.1,0.25,0.1,3,retrospective,AP,3.62346,0.00464605,100000
AF_rr0.1,0.25,0.1,3,retrospective,SL,3.67737,0.00481697,100000
AF_rr0.1,0.25,0.1,5,prospective,AP,11.0993,0.00920342,100000
AF_rr0.1,0.25,0.1,5,prospective,SL,12.0542,0.0113599,100000
AF_rr0.1,0.25,0.1,5,retrospective,AP,4.0514,0.00599603,100000
AF_rr0.1,0.25,0.1,5,retrospective,SL,4.05625,0.00602523,100000
AF_rr0.1,0.25,0.1,7,prospective,AP,17.0779,0.0126115,100000
AF_rr0.1,0.25,0.1,7,prospective,SL,18.4929,0.0149679,100000
AF_rr0.1,0.25,0.1,7,retrospective,AP,4.07448,0.00613383,100000
AF_rr0.1,0.25,0.1,7,retrospective,SL,4.07471,0.00613637,100000
AF_rr0.1,0.25,0.1,10,prospective,AP,25.5009,0.0129405,100000
AF_rr0.1,0.25,0.1,10,prospective,SL,26.5855,0.0124231,100000
AF_rr0.1,0.25,0.1,10,retrospective,AP,4.07357,0.00614922,100000
AF_rr0.1,0.25,0.1,10,retrospective,SL,4.07357,0.00614922,100000
AF_rr0.1,0.25,0.1,13,prospective,AP,29.3769,0.00534759,100000
AF_rr0.1,0.25,0.1,13,prospective,SL,29.5899,0.00439199,100000
AF_rr0.1,0.25,0.1,13,retrospective,AP,4.07188,0.00614226,100000
AF_rr0.1,0.25,0.1,13,retrospective,SL,4.07188,0.00614226,100000
AF_rr0.1,0.25,0.15,1,prospective,AP,1,0,100000
AF_rr0.1,0.25,0.15,1,prospective,SL,1,0,100000
AF_rr0.1,0.25,0.15,1,retrospective,AP,1,0,100000
AF_rr0.1,0.25,0.15,1,retrospective,SL,1,0,100000
AF_rr0.1,0.25,0.15,3,prospective,AP,4.59352,0.00400538,100000
AF_rr0.1,0.25,0.15,3,prospective,SL,4.88299,0.00477054,100000
AF_rr0.1,0.25,0.15,3,retrospective,AP,3.3944,0.00399368,100000
AF_rr0.1,0.25,0.15,3,retrospective,SL,3.46446,0.0042143,100000
AF_rr0.1,0.25,0.15,5,prospective,AP,8.75288,0.00677655,100000
AF_rr0.1,0.25,0.15,5,prospective,SL,9.44442,0.00851938,100000
AF_rr0.1,0.25,0.15,5,retrospective,AP,4.01076,0.00580031,100000
AF_rr0.1,0.25,0.15,5,retrospective,SL,4.02341,0.00587236,100000
AF_rr0.1,0.25,0.15,7,prospective,AP,13.1029,0.00920094,100000
AF_rr0.1,0.25,0.15,7,prospective,SL,14.2098,0.0116643,100000
AF_rr0.1,0.25,0.15,7,retrospective,AP,4.07314,0.00610959,100000
AF_rr0.1,0.25,0.15,7,retrospective,SL,4.07414,0.00611846,100000
AF_rr0.1,0.25,0.15,10,prospective,AP,19.8009,0.0122433,100000
AF_rr0.1,0.25,0.15,10,prospective,SL,21.3118,0.0142544,100000
AF_rr0.1,0.25,0.15,10,retrospective,AP,4.07521,0.00614823,100000
AF_rr0.1,0.25,0.15,10,retrospective,SL,4.07517,0.00614775,100000
AF_rr0.1,0.25,0.15,13,prospective,AP,25.8427,0.0115339,100000
AF_rr0.1,0.25,0.15,13,prospective,SL,26.9176,0.0110567,100000
AF_rr0.1,0.25,0.15,13,retrospective,AP,4.07457,0.00616049,100000
AF_rr0.1,0.25,0.15,13,retrospective,SL,4.07457,0.00616049,100000
AF_rr0.1,0.25,0.2,1,prospective,AP,1,0,100000
AF_rr0.1,0.25,0.2,1,prospective,SL,1,0,100000
AF_rr0.1,0.25,0.2,1,retrospective,AP,1,0,100000
AF_rr0.1,0.25,0.2,1,retrospective,SL,1,0,100000
AF_rr0.1,0.25,0.2,3,prospective,AP,4.04991,0.00320744,100000
AF_rr0.1,0.25,0.2,3,prospective,SL,4.29451,0.00386361,100000
AF_rr0.1,0.25,0.2,3,retrospective,AP,3.21347,0.00349962,100000
AF_rr0.1,0.25,0.2,3,retrospective,SL,3.28708,0.0037321,100000
AF_rr0.1,0.25,0.2,5,prospective,AP,7.4634,0.00531523,100000
AF_rr0.1,0.25,0.2,5,prospective,SL,8.02763,0.00682168,100000
AF_rr0.1,0.25,0.2,5,retrospective,AP,3.96001,0.00550376,100000
AF_rr0.1,0.25,0.2,5,retrospective,SL,3.98372,0.00562397,100000
AF_rr0.1,0.25,0.2,7,prospective,AP,10.992,0.00722895,100000
AF_rr0.1,0.25,0.2,7,prospective,SL,11.8782,0.0095418,100000
AF_rr0.1,0.25,0.2,7,retrospective,AP,4.06517,0.00608899,100000
AF_rr0.1,0.25,0.2,7,retrospective,SL,4.06774,0.00610923,100000
AF_rr0.1,0.25,0.2,10,prospective,AP,16.39,0.0096987,100000
AF_rr0.1,0.25,0.2,10,prospective,SL,17.708,0.0125254,100000
AF_rr0.1,0.25,0.2,10,retrospective,AP,4.07252,0.00612611,100000
AF_rr0.1,0.25,0.2,10,retrospective,SL,4.07257,0.00612673,100000
AF_rr0.1,0.25,0.2,13,prospective,AP,21.7357,0.0113415,100000
AF_rr0.1,0.25,0.2,13,prospective,SL,23.242,0.0130091,100000
AF_rr0.1,0.25,0.2,13,retrospective,AP,4.07842,0.00613269,100000
AF_rr0.1,0.25,0.2,13,retrospective,SL,4.07842,0.00613269,100000
AF_rr0.1,0.25,0.25,1,prospective,AP,1,0,100000
AF_rr0.1,0.25,0.25,1,prospective,SL,1,0,100000
AF_rr0.1,0.25,0.25,1,retrospective,AP,1,0,100000
AF_rr0.1,0.25,0.25,1,retrospective,SL,1,0,100000
AF_rr0.1,0.25,0.25,3,prospective,AP,3.71243,0.00262648,100000
AF_rr0.1,0.25,0.25,3,prospective,SL,3.92492,0.00327297,100000
AF_rr0.1,0.25,0.25,3,retrospective,AP,3.07062,0.00311895,100000
AF_rr0.1,0.25,0.25,3,retrospective,SL,3.15038,0.00337093,100000
AF_rr0.1,0.25,0.25,5,prospective,AP,6.66752,0.00431156,100000
AF_rr0.1,0.25,0.25,5,prospective,SL,7.12876,0.00566338,100000
AF_rr0.1,0.25,0.25,5,retrospective,AP,3.89769,0.00520558,100000
AF_rr0.1,0.25,0.25,5,retrospective,SL,3.92679,0.00535031,100000
AF_rr0.1,0.25,0.25,7,prospective,AP,9.69411,0.00583064,100000
AF_rr0.1,0.25,0.25,7,prospective,SL,10.4295,0.00792787,100000
AF_rr0.1,0.25,0.25,7,retrospective,AP,4.06369,0.00601243,100000
AF_rr0.1,0.25,0.25,7,retrospective,SL,4.06705,0.00603693,100000
AF_rr0.1,0.25,0.25,10,prospective,AP,14.2792,0.0077949,100000
AF_rr0.1,0.25,0.25,10,prospective,SL,15.4263,0.0106717,100000
AF_rr0.1,0.25,0.25,10,retrospective,AP,4.0684,0.00610772,100000
AF_rr0.1,0.25,0.25,10,retrospective,SL,4.06864,0.00611088,100000
AF_rr0.1,0.25,0.25,13,prospective,AP,18.908,0.0094974,100000
AF_rr0.1,0.25,0.25,13,prospective,SL,20.3551,0.0122318,100000
AF_rr0.1,0.25,0.25,13,retrospective,AP,4.08074,0.00613394,100000
AF_rr0.1,0.25,0.25,13,retrospective,SL,4.08073,0.00613377,100000
AF_rr0.1,0.3,0,1,prospective,AP,1,0,100000
AF_rr0.1,0.3,0,1,prospective,SL,1,0,100000
AF_rr0.1,0.3,0,1,retrospective,AP,1,0,100000
AF_rr0.1,0.3,0,1,retrospective,SL,1,0,100000
AF_rr0.1,0.3,0,3,prospective,AP,3,0,100000
AF_rr0.1,0.3,0,3,prospective,SL,3,0,100000
AF_rr0.1,0.3,0,3,retrospective,AP,2.7014,0.00189188,100000
AF_rr0.1,0.3,0,3,retrospective,SL,2.7014,0.00189188,100000
AF_rr0.1,0.3,0,5,prospective,AP,5,0,100000
AF_rr0.1,0.3,0,5,prospective,SL,5,0,100000
AF_rr0.1,0.3,0,5,retrospective,AP,3.66131,0.00414193,100000
AF_rr0.1,0.3,0,5,retrospective,SL,3.66131,0.00414193,100000
AF_rr0.1,0.3,0,7,prospective,AP,7,0,100000
AF_rr0.1,0.3,0,7,prospective,SL,7,0,100000
AF_rr0.1,0.3,0,7,retrospective,AP,3.98305,0.00554622,100000
AF_rr0.1,0.3,0,7,retrospective,SL,3.98305,0.00554622,100000
AF_rr0.1,0.3,0,10,prospective,AP,10,0,100000
AF_rr0.1,0.3,0,10,prospective,SL,10,0,100000
AF_rr0.1,0.3,0,10,retrospective,AP,4.07208,0.00608334,100000
AF_rr0.1,0.3,0,10,retrospective,SL,4.07208,0.00608334,100000
AF_rr0.1,0.3,0,13,prospective,AP,13,0,100000
AF_rr0.1,0.3,0,13,prospective,SL,13,0,100000
AF_rr0.1,0.3,0,13,retrospective,AP,4.07564,0.0061338,100000
AF_rr0.1,0.3,0,13,retrospective,SL,4.07564,0.0061338,100000
AF_rr0.1,0.3,0.1,1,prospective,AP,1,0,100000
AF_rr0.1,0.3,0.1,1,prospective,SL,1,0,100000
AF_rr0.1,0.3,0.1,1,retrospective,AP,1,0,100000
AF_rr0.1,0.3,0.1,1,retrospective,SL,1,0,100000
AF_rr0.1,0.3,0.1,3,prospective,AP,5.93956,0.00582148,100000
AF_rr0.1,0.3,0.1,3,prospective,SL,6.2666,0.00665331,100000
AF_rr0.1,0.3,0.1,3,retrospective,AP,3.69633,0.00485471,100000
AF_rr0.1,0.3,0.1,3,retrospective,SL,3.73481,0.00498621,100000
AF_rr0.1,0.3,0.1,5,prospective,AP,12.13,0.0100953,100000
AF_rr0.1,0.3,0.1,5,prospective,SL,12.9577,0.0119512,100000
AF_rr0.1,0.3,0.1,5,retrospective,AP,4.05425,0.00602495,100000
AF_rr0.1,0.3,0.1,5,retrospective,SL,4.0568,0.00603852,100000
AF_rr0.1,0.3,0.1,7,prospective,AP,18.7717,0.0137517,100000
AF_rr0.1,0.3,0.1,7,prospective,SL,19.9766,0.0154563,100000
AF_rr0.1,0.3,0.1,7,retrospective,AP,4.07738,0.00613944,100000
AF_rr0.1,0.3,0.1,7,retrospective,SL,4.07738,0.00613962,100000
AF_rr0.1,0.3,0.1,10,prospective,AP,27.202,0.0112996,100000
AF_rr0.1,0.3,0.1,10,prospective,SL,27.7793,0.0105534,100000
AF_rr0.1,0.3,0.1,10,retrospective,AP,4.07236,0.00614054,100000
AF_rr0.1,0.3,0.1,10,retrospective,SL,4.07236,0.00614054,100000
AF_rr0.1,0.3,0.1,13,prospective,AP,29.7611,0.00331744,100000
AF_rr0.1,0.3,0.1,13,prospective,SL,29.8309,0.00275674,100000
AF_rr0.1,0.3,0.1,13,retrospective,AP,4.07886,0.00614666,100000
AF_rr0.1,0.3,0.1,13,retrospective,SL,4.07886,0.00614666,100000
AF_rr0.1,0.3,0.15,1,prospective,AP,1,0,100000
AF_rr0.1,0.3,0.15,1,prospective,SL,1,0,100000
AF_rr0.1,0.3,0.15,1,retrospective,AP,1,0,100000
AF_rr0.1,0.3,0.15,1,retrospective,SL,1,0,100000
AF_rr0.1,0.3,0.15,3,prospective,AP,4.89741,0.00440523,100000
AF_rr0.1,0.3,0.15,3,prospective,SL,5.14356,0.00508562,100000
AF_rr0.1,0.3,0.15,3,retrospective,AP,3.47888,0.00425188,100000
AF_rr0.1,0.3,0.15,3,retrospective,SL,3.53027,0.00441364,100000
AF_rr0.1,0.3,0.15,5,prospective,AP,9.48418,0.00745404,100000
AF_rr0.1,0.3,0.15,5,prospective,SL,10.1085,0.00909209,100000
AF_rr0.1,0.3,0.15,5,retrospective,AP,4.03217,0.00588907,100000
AF_rr0.1,0.3,0.15,5,retrospective,SL,4.04039,0.0059354,100000
AF_rr0.1,0.3,0.15,7,prospective,AP,14.3477,0.0101871,100000
AF_rr0.1,0.3,0.15,7,prospective,SL,15.3099,0.0123581,100000
AF_rr0.1,0.3,0.15,7,retrospective,AP,4.0752,0.00612657,100000
AF_rr0.1,0.3,0.15,7,retrospective,SL,4.07547,0.00612948,100000
AF_rr0.1,0.3,0.15,10,prospective,AP,21.7489,0.0130495,100000
AF_rr0.1,0.3,0.15,10,prospective,SL,22.9645,0.0141677,100000
AF_rr0.1,0.3,0.15,10,retrospective,AP,4.07294,0.00613974,100000
AF_rr0.1,0.3,0.15,10,retrospective,SL,4.07294,0.00613977,100000
AF_rr0.1,0.3,0.15,13,prospective,AP,27.5904,0.00975256,100000
AF_rr0.1,0.3,0.15,13,prospective,SL,28.1512,0.00903559,100000
AF_rr0.1,0.3,0.15,13,retrospective,AP,4.07314,0.00614139,100000
AF_rr0.1,0.3,0.15,13,retrospective,SL,4.07314,0.00614139,100000
AF_rr0.1,0.3,0.2,1,prospective,AP,1,0,100000
AF_rr0.1,0.3,0.2,1,prospective,SL,1,0,100000
AF_rr0.1,0.3,0.2,1,retrospective,AP,1,0,100000
AF_rr0.1,0.3,0.2,1,retrospective,SL,1,0,100000
AF_rr0.1,0.3,0.2,3,prospective,AP,4.3013,0.00355296,100000
AF_rr0.1,0.3,0.2,3,prospective,SL,4.51637,0.00416208,100000
AF_rr0.1,0.3,0.2,3,retrospective,AP,3.30328,0.00374082,100000
AF_rr0.1,0.3,0.2,3,retrospective,SL,3.36505,0.00393437,100000
AF_rr0.1,0.3,0.2,5,prospective,AP,8.05226,0.00594204,100000
AF_rr0.1,0.3,0.2,5,prospective,SL,8.55268,0.00725174,100000
AF_rr0.1,0.3,0.2,5,retrospective,AP,3.9849,0.00564856,100000
AF_rr0.1,0.3,0.2,5,retrospective,SL,4.00017,0.0057301,100000
AF_rr0.1,0.3,0.2,7,prospective,AP,11.9632,0.00803217,100000
AF_rr0.1,0.3,0.2,7,prospective,SL,12.7668,0.010134,100000
AF_rr0.1,0.3,0.2,7,retrospective,AP,4.06312,0.00608997,100000
AF_rr0.1,0.3,0.2,7,retrospective,SL,4.0642,0.00609924,100000
AF_rr0.1,0.3,0.2,10,prospective,AP,17.9575,0.0107961,100000
AF_rr0.1,0.3,0.2,10,prospective,SL,19.1291,0.0130584,100000
AF_rr0.1,0.3,0.2,10,retrospective,AP,4.08055,0.00615841,100000
AF_rr0.1,0.3,0.2,10,retrospective,SL,4.08062,0.00615927,100000
AF_rr0.1,0.3,0.2,13,prospective,AP,23.7728,0.0118884,100000
AF_rr0.1,0.3,0.2,13,prospective,SL,24.8971,0.0124771,100000
AF_rr0.1,0.3,0.2,13,retrospective,AP,4.06699,0.00613863,100000
AF_rr0.1,0.3,0.2,13,retrospective,SL,4.06699,0.00613863,100000
AF_rr0.1,0.3,0.25,1,prospective,AP,1,0,100000
AF_rr0.1,0.3,0.25,1,prospective,SL,1,0,100000
AF_rr0.1,0.3,0.25,1,retrospective,AP,1,0,100000
AF_rr0.1,0.3,0.25,1,retrospective,SL,1,0,100000
AF_rr0.1,0.3,0.25,3,prospective,AP,3.91974,0.00297067,100000
AF_rr0.1,0.3,0.25,3,prospective,SL,4.10679,0.00352945,100000
AF_rr0.1,0.3,0.25,3,retrospective,AP,3.16098,0.00335317,100000
AF_rr0.1,0.3,0.25,3,retrospective,SL,3.2195,0.00354676,100000
AF_rr0.1,0.3,0.25,5,prospective,AP,7.14446,0.00488235,100000
AF_rr0.1,0.3,0.25,5,prospective,SL,7.57061,0.00606214,100000
AF_rr0.1,0.3,0.25,5,retrospective,AP,3.93702,0.00542104,100000
AF_rr0.1,0.3,0.25,5,retrospective,SL,3.95791,0.00552696,100000
AF_rr0.1,0.3,0.25,7,prospective,AP,10.4753,0.00661279,100000
AF_rr0.1,0.3,0.25,7,prospective,SL,11.1502,0.00842493,100000
AF_rr0.1,0.3,0.25,7,retrospective,AP,4.0654,0.00605822,100000
AF_rr0.1,0.3,0.25,7,retrospective,SL,4.06789,0.00607824,100000
AF_rr0.1,0.3,0.25,10,prospective,AP,15.5459,0.00885037,100000
AF_rr0.1,0.3,0.25,10,prospective,SL,16.5501,0.0112712,100000
AF_rr0.1,0.3,0.25,10,retrospective,AP,4.07824,0.0061414,100000
AF_rr0.1,0.3,0.25,10,retrospective,SL,4.07819,0.00614084,100000
AF_rr0.1,0.3,0.25,13,prospective,AP,20.6477,0.010533,100000
AF_rr0.1,0.3,0.25,13,prospective,SL,21.8613,0.0124768,100000
AF_rr0.1,0.3,0.25,13,retrospective,AP,4.0728,0.00614742,100000
AF_rr0.1,0.3,0.25,13,retrospective,SL,4.0728,0.00614742,100000
AF_rr0.2,0.05,0,1,prospective,AP,1,0,100000
AF_rr0.2,0.05,0,1,prospective,SL,1,0,100000
AF_rr0.2,0.05,0,1,retrospective,AP,1,0,100000
AF_rr0.2,0.05,0,1,retrospective,SL,1,0,100000
AF_rr0.2,0.05,0,3,prospective,AP,3,0,100000
AF_rr0.2,0.05,0,3,prospective,SL,3,0,100000
AF_rr0.2,0.05,0,3,retrospective,AP,2.70186,0.00189746,100000
AF_rr0.2,0.05,0,3,retrospective,SL,2.70186,0.00189746,100000
AF_rr0.2,0.05,0,5,prospective,AP,5,0,100000
AF_rr0.2,0.05,0,5,prospective,SL,5,0,100000
AF_rr0.2,0.05,0,5,retrospective,AP,3.65775,0.00416227,100000
AF_rr0.2,0.05,0,5,retrospective,SL,3.65775,0.00416227,100000
AF_rr0.2,0.05,0,7,prospective,AP,7,0,100000
AF_rr0.2,0.05,0,7,prospective,SL,7,0,100000
AF_rr0.2,0.05,0,7,retrospective,AP,3.9839,0.00553121,100000
AF_rr0.2,0.05,0,7,retrospective,SL,3.9839,0.00553121,100000
AF_rr0.2,0.05,0,10,prospective,AP,10,0,100000
AF_rr0.2,0.05,0,10,prospective,SL,10,0,100000
AF_rr0.2,0.05,0,10,retrospective,AP,4.05043,0.00607969,100000
AF_rr0.2,0.05,0,10,retrospective,SL,4.05043,0.00607969,100000
AF_rr0.2,0.05,0,13,prospective,AP,13,0,100000
AF_rr0.2,0.05,0,13,prospective,SL,13,0,100000
AF_rr0.2,0.05,0,13,retrospective,AP,4.0715,0.00613479,100000
AF_rr0.2,0.05,0,13,retrospective,SL,4.0715,0.00613479,100000
AF_rr0.2,0.05,0.1,1,prospective,AP,1,0,100000
AF_rr0.2,0.05,0.1,1,prospective,SL,1,0,100000
AF_rr0.2,0.05,0.1,1,retrospective,AP,1,0,100000
AF_rr0.2,0.05,0.1,1,retrospective,SL,1,0,100000
AF_rr0.2,0.05,0.1,3,prospective,AP,4.06892,0.00356736,100000
AF_rr0.2,0.05,0.1,3,prospective,SL,4.74396,0.00523585,100000
AF_rr0.2,0.05,0.1,3,retrospective,AP,3.19468,0.00352836,100000
AF_rr0.2,0.05,0.1,3,retrospective,SL,3.39127,0.00410307,100000
AF_rr0.2,0.05,0.1,5,prospective,AP,7.51909,0.00648126,100000
AF_rr0.2,0.05,0.1,5,prospective,SL,9.13248,0.0101728,100000
AF_rr0.2,0.05,0.1,5,retrospective,AP,3.95704,0.00545595,100000
AF_rr0.2,0.05,0.1,5,retrospective,SL,4.01395,0.005741,100000
AF_rr0.2,0.05,0.1,7,prospective,AP,11.086,0.00932776,100000
AF_rr0.2,0.05,0.1,7,prospective,SL,13.6807,0.0143958,100000
AF_rr0.2,0.05,0.1,7,retrospective,AP,4.05638,0.00605141,100000
AF_rr0.2,0.05,0.1,7,retrospective,SL,4.06269,0.00610152,100000
AF_rr0.2,0.05,0.1,10,prospective,AP,16.5092,0.013013,100000
AF_rr0.2,0.05,0.1,10,prospective,SL,20.2034,0.0172315,100000
AF_rr0.2,0.05,0.1,10,retrospective,AP,4.08351,0.00616864,100000
AF_rr0.2,0.05,0.1,10,retrospective,SL,4.08367,0.00617068,100000
AF_rr0.2,0.05,0.1,13,prospective,AP,21.626,0.0141801,100000
AF_rr0.2,0.05,0.1,13,prospective,SL,25.2173,0.014662,100000
AF_rr0.2,0.05,0.1,13,retrospective,AP,4.06973,0.00614201,100000
AF_rr0.2,0.05,0.1,13,retrospective,SL,4.06973,0.00614201,100000
AF_rr0.2,0.05,0.15,1,prospective,AP,1,0,100000
AF_rr0.2,0.05,0.15,1,prospective,SL,1,0,100000
AF_rr0.2,0.05,0.15,1,retrospective,AP,1,0,100000
AF_rr0.2,0.05,0.15,1,retrospective,SL,1,0,100000
AF_rr0.2,0.05,0.15,3,prospective,AP,3.51671,0.00250149,100000
AF_rr0.2,0.05,0.15,3,prospective,SL,4.01065,0.00390778,100000
AF_rr0.2,0.05,0.15,3,retrospective,AP,2.96346,0.00284983,100000
AF_rr0.2,0.05,0.15,3,retrospective,SL,3.15669,0.00346556,100000
AF_rr0.2,0.05,0.15,5,prospective,AP,6.2078,0.00444698,100000
AF_rr0.2,0.05,0.15,5,prospective,SL,7.33867,0.00738576,100000
AF_rr0.2,0.05,0.15,5,retrospective,AP,3.84381,0.00497232,100000
AF_rr0.2,0.05,0.15,5,retrospective,SL,3.93043,0.00537654,100000
AF_rr0.2,0.05,0.15,7,prospective,AP,8.96021,0.00640204,100000
AF_rr0.2,0.05,0.15,7,prospective,SL,10.8014,0.0109093,100000
AF_rr0.2,0.05,0.15,7,retrospective,AP,4.04285,0.0059028,100000
AF_rr0.2,0.05,0.15,7,retrospective,SL,4.0587,0.006017,100000
AF_rr0.2,0.05,0.15,10,prospective,AP,13.107,0.00898543,100000
AF_rr0.2,0.05,0.15,10,prospective,SL,15.9217,0.0146401,100000
AF_rr0.2,0.05,0.15,10,retrospective,AP,4.08679,0.00613778,100000
AF_rr0.2,0.05,0.15,10,retrospective,SL,4.08759,0.00614714,100000
AF_rr0.2,0.05,0.15,13,prospective,AP,17.2389,0.0111259,100000
AF_rr0.2,0.05,0.15,13,prospective,SL,20.6692,0.0157152,100000
AF_rr0.2,0.05,0.15,13,retrospective,AP,4.06557,0.00612641,100000
AF_rr0.2,0.05,0.15,13,retrospective,SL,4.06561,0.00612704,100000
AF_rr0.2,0.05,0.2,1,prospective,AP,1,0,100000
AF_rr0.2,0.05,0.2,1,prospective,SL,1,0,100000
AF_rr0.2,0.05,0.2,1,retrospective,AP,1,0,100000
AF_rr0.2,0.05,0.2,1,retrospective,SL,1,0,100000
AF_rr0.2,0.05,0.2,3,prospective,AP,3.25363,0.00178585,100000
AF_rr0.2,0.05,0.2,3,prospective,SL,3.61043,0.00306254,100000
AF_rr0.2,0.05,0.2,3,retrospective,AP,2.83608,0.0024338,100000
AF_rr0.2,0.05,0.2,3,retrospective,SL,2.99577,0.00300453,100000
AF_rr0.2,0.05,0.2,5,prospective,AP,5.60241,0.00313525,100000
AF_rr0.2,0.05,0.2,5,prospective,SL,6.43037,0.00574629,100000
AF_rr0.2,0.05,0.2,5,retrospective,AP,3.7513,0.00462304,100000
AF_rr0.2,0.05,0.2,5,retrospective,SL,3.84074,0.0050403,100000
AF_rr0.2,0.05,0.2,7,prospective,AP,7.97821,0.0044282,100000
AF_rr0.2,0.05,0.2,7,prospective,SL,9.30705,0.00840784,100000
AF_rr0.2,0.05,0.2,7,retrospective,AP,4.01751,0.00575605,100000
AF_rr0.2,0.05,0.2,7,retrospective,SL,4.03874,0.00590313,100000
AF_rr0.2,0.05,0.2,10,prospective,AP,11.5682,0.00635993,100000
AF_rr0.2,0.05,0.2,10,prospective,SL,13.6403,0.011832,100000
AF_rr0.2,0.05,0.2,10,retrospective,AP,4.08111,0.00610189,100000
AF_rr0.2,0.05,0.2,10,retrospective,SL,4.08193,0.00611105,100000
AF_rr0.2,0.05,0.2,13,prospective,AP,15.1549,0.00802067,100000
AF_rr0.2,0.05,0.2,13,prospective,SL,17.8265,0.0137481,100000
AF_rr0.2,0.05,0.2,13,retrospective,AP,4.07771,0.00614006,100000
AF_rr0.2,0.05,0.2,13,retrospective,SL,4.07776,0.00614084,100000
AF_rr0.2,0.05,0.25,1,prospective,AP,1,0,100000
AF_rr0.2,0.05,0.25,1,prospective,SL,1,0,100000
AF_rr0.2,0.05,0.25,1,retrospective,AP,1,0,100000
AF_rr0.2,0.05,0.25,1,retrospective,SL,1,0,100000
AF_rr0.2,0.05,0.25,3,prospective,AP,3.1279,0.00127665,100000
AF_rr0.2,0.05,0.25,3,prospective,SL,3.39322,0.0024646,100000
AF_rr0.2,0.05,0.25,3,retrospective,AP,2.76787,0.0022003,100000
AF_rr0.2,0.05,0.25,3,retrospective,SL,2.89328,0.0026951,100000
AF_rr0.2,0.05,0.25,5,prospective,AP,5.3078,0.00218679,100000
AF_rr0.2,0.05,0.25,5,prospective,SL,5.91176,0.0046026,100000
AF_rr0.2,0.05,0.25,5,retrospective,AP,3.71089,0.00442243,100000
AF_rr0.2,0.05,0.25,5,retrospective,SL,3.78818,0.00478184,100000
AF_rr0.2,0.05,0.25,7,prospective,AP,7.50494,0.0031733,100000
AF_rr0.2,0.05,0.25,7,prospective,SL,8.46673,0.00669195,100000
AF_rr0.2,0.05,0.25,7,retrospective,AP,4.01221,0.00565478,100000
AF_rr0.2,0.05,0.25,7,retrospective,SL,4.03399,0.00580304,100000
AF_rr0.2,0.05,0.25,10,prospective,AP,10.8137,0.00452203,100000
AF_rr0.2,0.05,0.25,10,prospective,SL,12.2963,0.00936641,100000
AF_rr0.2,0.05,0.25,10,retrospective,AP,4.07341,0.00612697,100000
AF_rr0.2,0.05,0.25,10,retrospective,SL,4.07453,0.00613942,100000
AF_rr0.2,0.05,0.25,13,prospective,AP,14.1173,0.00572457,100000
AF_rr0.2,0.05,0.25,13,prospective,SL,16.0996,0.0113636,100000
AF_rr0.2,0.05,0.25,13,retrospective,AP,4.07962,0.00613284,100000
AF_rr0.2,0.05,0.25,13,retrospective,SL,4.07964,0.00613317,100000
AF_rr0.2,0.1,0,1,prospective,AP,1,0,100000
AF_rr0.2,0.1,0,1,prospective,SL,1,0,100000
AF_rr0.2,0.1,0,1,retrospective,AP,1,0,100000
AF_rr0.2,0.1,0,1,retrospective,SL,1,0,100000
AF_rr0.2,0.1,0,3,prospective,AP,3,0,100000
AF_rr0.2,0.1,0,3,prospective,SL,3,0,100000
AF_rr0.2,0.1,0,3,retrospective,AP,2.69882,0.00190325,100000
AF_rr0.2,0.1,0,3,retrospective,SL,2.69882,0.00190325,100000
AF_rr0.2,0.1,0,5,prospective,AP,5,0,100000
AF_rr0.2,0.1,0,5,prospective,SL,5,0,100000
AF_rr0.2,0.1,0,5,retrospective,AP,3.65372,0.0041526,100000
AF_rr0.2,0.1,0,5,retrospective,SL,3.65372,0.0041526,100000
AF_rr0.2,0.1,0,7,prospective,AP,7,0,100000
AF_rr0.2,0.1,0,7,prospective,SL,7,0,100000
AF_rr0.2,0.1,0,7,retrospective,AP,3.9952,0.00554033,100000
AF_rr0.2,0.1,0,7,retrospective,SL,3.9952,0.00554033,100000
AF_rr0.2,0.1,0,10,prospective,AP,10,0,100000
AF_rr0.2,0.1,0,10,prospective,SL,10,0,100000
AF_rr0.2,0.1,0,10,retrospective,AP,4.06859,0.00609418,100000
AF_rr0.2,0.1,0,10,retrospective,SL,4.06859,0.00609418,100000
AF_rr0.2,0.1,0,13,prospective,AP,13,0,100000
AF_rr0.2,0.1,0,13,prospective,SL,13,0,100000
AF_rr0.2,0.1,0,13,retrospective,AP,4.07568,0.00615254,100000
AF_rr0.2,0.1,0,13,retrospective,SL,4.07568,0.00615254,100000
AF_rr0.2,0.1,0.1,1,prospective,AP,1,0,100000
AF_rr0.2,0.1,0.1,1,prospective,SL,1,0,100000
AF_rr0.2,0.1,0.1,1,retrospective,AP,1,0,100000
AF_rr0.2,0.1,0.1,1,retrospective,SL,1,0,100000
AF_rr0.2,0.1,0.1,3,prospective,AP,4.37267,0.00391055,100000
AF_rr0.2,0.1,0.1,3,prospective,SL,4.95973,0.00537931,100000
AF_rr0.2,0.1,0.1,3,retrospective,AP,3.31361,0.00381297,100000
AF_rr0.2,0.1,0.1,3,retrospective,SL,3.45834,0.00424764,100000
AF_rr0.2,0.1,0.1,5,prospective,AP,8.22852,0.00689178,100000
AF_rr0.2,0.1,0.1,5,prospective,SL,9.6543,0.0102597,100000
AF_rr0.2,0.1,0.1,5,retrospective,AP,3.98154,0.00564797,100000
AF_rr0.2,0.1,0.1,5,retrospective,SL,4.01322,0.00581603,100000
AF_rr0.2,0.1,0.1,7,prospective,AP,12.2436,0.00971361,100000
AF_rr0.2,0.1,0.1,7,prospective,SL,14.5248,0.0142732,100000
AF_rr0.2,0.1,0.1,7,retrospective,AP,4.06587,0.00608588,100000
AF_rr0.2,0.1,0.1,7,retrospective,SL,4.06887,0.00611072,100000
AF_rr0.2,0.1,0.1,10,prospective,AP,18.344,0.0130474,100000
AF_rr0.2,0.1,0.1,10,prospective,SL,21.4575,0.0163356,100000
AF_rr0.2,0.1,0.1,10,retrospective,AP,4.07799,0.0061463,100000
AF_rr0.2,0.1,0.1,10,retrospective,SL,4.07801,0.00614656,100000
AF_rr0.2,0.1,0.1,13,prospective,AP,23.9824,0.0131134,100000
AF_rr0.2,0.1,0.1,13,prospective,SL,26.5522,0.0124483,100000
AF_rr0.2,0.1,0.1,13,retrospective,AP,4.08156,0.00616489,100000
AF_rr0.2,0.1,0.1,13,retrospective,SL,4.08156,0.00616489,100000
AF_rr0.2,0.1,0.15,1,prospective,AP,1,0,100000
AF_rr0.2,0.1,0.15,1,prospective,SL,1,0,100000
AF_rr0.2,0.1,0.15,1,retrospective,AP,1,0,100000
AF_rr0.2,0.1,0.15,1,retrospective,SL,1,0,100000
AF_rr0.2,0.1,0.15,3,prospective,AP,3.71515,0.00280806,100000
AF_rr0.2,0.1,0.15,3,prospective,SL,4.16359,0.00407586,100000
AF_rr0.2,0.1,0.15,3,retrospective,AP,3.05963,0.00311526,100000
AF_rr0.2,0.1,0.15,3,retrospective,SL,3.21871,0.00361194,100000
AF_rr0.2,0.1,0.15,5,prospective,AP,6.66804,0.00480242,100000
AF_rr0.2,0.1,0.15,5,prospective,SL,7.70883,0.00760611,100000
AF_rr0.2,0.1,0.15,5,retrospective,AP,3.89333,0.00521808,100000
AF_rr0.2,0.1,0.15,5,retrospective,SL,3.94887,0.00548839,100000
AF_rr0.2,0.1,0.15,7,prospective,AP,9.69011,0.00673543,100000
AF_rr0.2,0.1,0.15,7,prospective,SL,11.3825,0.0108919,100000
AF_rr0.2,0.1,0.15,7,retrospective,AP,4.0642,0.00597785,100000
AF_rr0.2,0.1,0.15,7,retrospective,SL,4.07221,0.00603892,100000
AF_rr0.2,0.1,0.15,10,prospective,AP,14.2787,0.00938702,100000
AF_rr0.2,0.1,0.15,10,prospective,SL,16.8158,0.0143234,100000
AF_rr0.2,0.1,0.15,10,retrospective,AP,4.0725,0.0061491,100000
AF_rr0.2,0.1,0.15,10,retrospective,SL,4.07273,0.00615206,100000
AF_rr0.2,0.1,0.15,13,prospective,AP,18.864,0.011378,100000
AF_rr0.2,0.1,0.15,13,prospective,SL,21.8893,0.0149515,100000
AF_rr0.2,0.1,0.15,13,retrospective,AP,4.08364,0.00612565,100000
AF_rr0.2,0.1,0.15,13,retrospective,SL,4.08364,0.00612565,100000
AF_rr0.2,0.1,0.2,1,prospective,AP,1,0,100000
AF_rr0.2,0.1,0.2,1,prospective,SL,1,0,100000
AF_rr0.2,0.1,0.2,1,retrospective,AP,1,0,100000
AF_rr0.2,0.1,0.2,1,retrospective,SL,1,0,100000
AF_rr0.2,0.1,0.2,3,prospective,AP,3.37948,0.00208518,100000
AF_rr0.2,0.1,0.2,3,prospective,SL,3.72591,0.00319392,100000
AF_rr0.2,0.1,0.2,3,retrospective,AP,2.90707,0.0026467,100000
AF_rr0.2,0.1,0.2,3,retrospective,SL,3.05698,0.00315161,100000
AF_rr0.2,0.1,0.2,5,prospective,AP,5.90086,0.00354982,100000
AF_rr0.2,0.1,0.2,5,prospective,SL,6.67778,0.00591423,100000
AF_rr0.2,0.1,0.2,5,retrospective,AP,3.80494,0.00484318,100000
AF_rr0.2,0.1,0.2,5,retrospective,SL,3.87484,0.00517011,100000
AF_rr0.2,0.1,0.2,7,prospective,AP,8.45865,0.00491845,100000
AF_rr0.2,0.1,0.2,7,prospective,SL,9.71145,0.0085261,100000
AF_rr0.2,0.1,0.2,7,retrospective,AP,4.02765,0.00582541,100000
AF_rr0.2,0.1,0.2,7,retrospective,SL,4.04246,0.00593039,100000
AF_rr0.2,0.1,0.2,10,prospective,AP,12.3261,0.00686839,100000
AF_rr0.2,0.1,0.2,10,prospective,SL,14.2729,0.0117693,100000
AF_rr0.2,0.1,0.2,10,retrospective,AP,4.06019,0.0061352,100000
AF_rr0.2,0.1,0.2,10,retrospective,SL,4.06075,0.00614181,100000
AF_rr0.2,0.1,0.2,13,prospective,AP,16.1831,0.00859424,100000
AF_rr0.2,0.1,0.2,13,prospective,SL,18.6945,0.0135832,100000
AF_rr0.2,0.1,0.2,13,retrospective,AP,4.07906,0.00613983,100000
AF_rr0.2,0.1,0.2,13,retrospective,SL,4.07906,0.00613983,100000
AF_rr0.2,0.1,0.25,1,prospective,AP,1,0,100000
AF_rr0.2,0.1,0.25,1,prospective,SL,1,0,100000
AF_rr0.2,0.1,0.25,1,retrospective,AP,1,0,100000
AF_rr0.2,0.1,0.25,1,retrospective,SL,1,0,100000
AF_rr0.2,0.1,0.25,3,prospective,AP,3.20269,0.00154729,100000
AF_rr0.2,0.1,0.25,3,prospective,SL,3.46949,0.00260503,100000
AF_rr0.2,0.1,0.25,3,retrospective,AP,2.80856,0.00232232,100000
AF_rr0.2,0.1,0.25,3,retrospective,SL,2.93666,0.00280021,100000
AF_rr0.2,0.1,0.25,5,prospective,AP,5.49013,0.0026019,100000
AF_rr0.2,0.1,0.25,5,prospective,SL,6.08493,0.00473578,100000
AF_rr0.2,0.1,0.25,5,retrospective,AP,3.74238,0.00455161,100000
AF_rr0.2,0.1,0.25,5,retrospective,SL,3.81318,0.00488254,100000
AF_rr0.2,0.1,0.25,7,prospective,AP,7.80166,0.00363496,100000
AF_rr0.2,0.1,0.25,7,prospective,SL,8.7542,0.00679308,100000
AF_rr0.2,0.1,0.25,7,retrospective,AP,4.02222,0.00574228,100000
AF_rr0.2,0.1,0.25,7,retrospective,SL,4.04015,0.00586547,100000
AF_rr0.2,0.1,0.25,10,prospective,AP,11.2745,0.00504572,100000
AF_rr0.2,0.1,0.25,10,prospective,SL,12.7657,0.00963864,100000
AF_rr0.2,0.1,0.25,10,retrospective,AP,4.0701,0.00611917,100000
AF_rr0.2,0.1,0.25,10,retrospective,SL,4.07102,0.00612958,100000
AF_rr0.2,0.1,0.25,13,prospective,AP,14.7658,0.00643455,100000
AF_rr0.2,0.1,0.25,13,prospective,SL,16.7235,0.0115501,100000
AF_rr0.2,0.1,0.25,13,retrospective,AP,4.08447,0.00616973,100000
AF_rr0.2,0.1,0.25,13,retrospective,SL,4.08449,0.00617003,100000
AF_rr0.2,0.15,0,1,prospective,AP,1,0,100000
AF_rr0.2,0.15,0,1,prospective,SL,1,0,100000
AF_rr0.2,0.15,0,1,retrospective,AP,1,0,100000
AF_rr0.2,0.15,0,1,retrospective,SL,1,0,100000
AF_rr0.2,0.15,0,3,prospective,AP,3,0,100000
AF_rr0.2,0.15,0,3,prospective,SL,3,0,100000
AF_rr0.2,0.15,0,3,retrospective,AP,2.70063,0.00189645,100000
AF_rr0.2,0.15,0,3,retrospective,SL,2.70063,0.00189645,100000
AF_rr0.2,0.15,0,5,prospective,AP,5,0,100000
AF_rr0.2,0.15,0,5,prospective,SL,5,0,100000
AF_rr0.2,0.15,0,5,retrospective,AP,3.65292,0.00415167,100000
AF_rr0.2,0.15,0,5,retrospective,SL,3.65292,0.00415167,100000
AF_rr0.2,0.15,0,7,prospective,AP,7,0,100000
AF_rr0.2,0.15,0,7,prospective,SL,7,0,100000
AF_rr0.2,0.15,0,7,retrospective,AP,3.99367,0.00555059,100000
AF_rr0.2,0.15,0,7,retrospective,SL,3.99367,0.00555059,100000
AF_rr0.2,0.15,0,10,prospective,AP,10,0,100000
AF_rr0.2,0.15,0,10,prospective,SL,10,0,100000
AF_rr0.2,0.15,0,10,retrospective,AP,4.061,0.00608072,100000
AF_rr0.2,0.15,0,10,retrospective,SL,4.061,0.00608072,100000
AF_rr0.2,0.15,0,13,prospective,AP,13,0,100000
AF_rr0.2,0.15,0,13,prospective,SL,13,0,100000
AF_rr0.2,0.15,0,13,retrospective,AP,4.08619,0.00618247,100000
AF_rr0.2,0.15,0,13,retrospective,SL,4.08619,0.00618247,100000
AF_rr0.2,0.15,0.1,1,prospective,AP,1,0,100000
AF_rr0.2,0.15,0.1,1,prospective,SL,1,0,100000
AF_rr0.2,0.15,0.1,1,retrospective,AP,1,0,100000
AF_rr0.2,0.15,0.1,1,retrospective,SL,1,0,100000
AF_rr0.2,0.15,0.1,3,prospective,AP,4.74026,0.0042976,100000
AF_rr0.2,0.15,0.1,3,prospective,SL,5.24651,0.00560558,100000
AF_rr0.2,0.15,0.1,3,retrospective,AP,3.43707,0.00413194,100000
AF_rr0.2,0.15,0.1,3,retrospective,SL,3.5442,0.00445985,100000
AF_rr0.2,0.15,0.1,5,prospective,AP,9.16249,0.0075759,100000
AF_rr0.2,0.15,0.1,5,prospective,SL,10.3789,0.0104182,100000
AF_rr0.2,0.15,0.1,5,retrospective,AP,4.01057,0.00584417,100000
AF_rr0.2,0.15,0.1,5,retrospective,SL,4.02652,0.00593465,100000
AF_rr0.2,0.15,0.1,7,prospective,AP,13.7697,0.0104957,100000
AF_rr0.2,0.15,0.1,7,prospective,SL,15.7515,0.0143693,100000
AF_rr0.2,0.15,0.1,7,retrospective,AP,4.06788,0.00612739,100000
AF_rr0.2,0.15,0.1,7,retrospective,SL,4.06887,0.0061364,100000
AF_rr0.2,0.15,0.1,10,prospective,AP,20.7501,0.0134189,100000
AF_rr0.2,0.15,0.1,10,prospective,SL,23.1864,0.0152684,100000
AF_rr0.2,0.15,0.1,10,retrospective,AP,4.08404,0.00612855,100000
AF_rr0.2,0.15,0.1,10,retrospective,SL,4.08404,0.00612855,100000
AF_rr0.2,0.15,0.1,13,prospective,AP,26.6367,0.0111754,100000
AF_rr0.2,0.15,0.1,13,prospective,SL,28.0417,0.0095293,100000
AF_rr0.2,0.15,0.1,13,retrospective,AP,4.06891,0.00614939,100000
AF_rr0.2,0.15,0.1,13,retrospective,SL,4.06891,0.00614939,100000
AF_rr0.2,0.15,0.15,1,prospective,AP,1,0,100000
AF_rr0.2,0.15,0.15,1,prospective,SL,1,0,100000
AF_rr0.2,0.15,0.15,1,retrospective,AP,1,0,100000
AF_rr0.2,0.15,0.15,1,retrospective,SL,1,0,100000
AF_rr0.2,0.15,0.15,3,prospective,AP,3.99483,0.00319746,100000
AF_rr0.2,0.15,0.15,3,prospective,SL,4.37486,0.00423318,100000
AF_rr0.2,0.15,0.15,3,retrospective,AP,3.1792,0.00344253,100000
AF_rr0.2,0.15,0.15,3,retrospective,SL,3.30279,0.00381621,100000
AF_rr0.2,0.15,0.15,5,prospective,AP,7.32189,0.00539491,100000
AF_rr0.2,0.15,0.15,5,prospective,SL,8.21659,0.00771953,100000
AF_rr0.2,0.15,0.15,5,retrospective,AP,3.94521,0.00545873,100000
AF_rr0.2,0.15,0.15,5,retrospective,SL,3.98116,0.00563876,100000
AF_rr0.2,0.15,0.15,7,prospective,AP,10.7412,0.00746872,100000
AF_rr0.2,0.15,0.15,7,prospective,SL,12.1839,0.0108662,100000
AF_rr0.2,0.15,0.15,7,retrospective,AP,4.07916,0.00606154,100000
AF_rr0.2,0.15,0.15,7,retrospective,SL,4.08294,0.00609265,100000
AF_rr0.2,0.15,0.15,10,prospective,AP,15.9649,0.0101708,100000
AF_rr0.2,0.15,0.15,10,prospective,SL,18.1603,0.0141678,100000
AF_rr0.2,0.15,0.15,10,retrospective,AP,4.08086,0.00614182,100000
AF_rr0.2,0.15,0.15,10,retrospective,SL,4.08102,0.00614402,100000
AF_rr0.2,0.15,0.15,13,prospective,AP,21.1406,0.0118197,100000
AF_rr0.2,0.15,0.15,13,prospective,SL,23.5314,0.0138819,100000
AF_rr0.2,0.15,0.15,13,retrospective,AP,4.07271,0.00612101,100000
AF_rr0.2,0.15,0.15,13,retrospective,SL,4.07271,0.00612101,100000
AF_rr0.2,0.15,0.2,1,prospective,AP,1,0,100000
AF_rr0.2,0.15,0.2,1,prospective,SL,1,0,100000
AF_rr0.2,0.15,0.2,1,retrospective,AP,1,0,100000
AF_rr0.2,0.15,0.2,1,retrospective,SL,1,0,100000
AF_rr0.2,0.15,0.2,3,prospective,AP,3.58631,0.00246507,100000
AF_rr0.2,0.15,0.2,3,prospective,SL,3.89501,0.00338768,100000
AF_rr0.2,0.15,0.2,3,retrospective,AP,3.00029,0.00294442,100000
AF_rr0.2,0.15,0.2,3,retrospective,SL,3.12453,0.00334403,100000
AF_rr0.2,0.15,0.2,5,prospective,AP,6.36073,0.0041149,100000
AF_rr0.2,0.15,0.2,5,prospective,SL,7.0671,0.00614784,100000
AF_rr0.2,0.15,0.2,5,retrospective,AP,3.85881,0.00509468,100000
AF_rr0.2,0.15,0.2,5,retrospective,SL,3.91045,0.00534133,100000
AF_rr0.2,0.15,0.2,7,prospective,AP,9.19459,0.0055656,100000
AF_rr0.2,0.15,0.2,7,prospective,SL,10.3265,0.00868335,100000
AF_rr0.2,0.15,0.2,7,retrospective,AP,4.04867,0.00597687,100000
AF_rr0.2,0.15,0.2,7,retrospective,SL,4.0576,0.0060416,100000
AF_rr0.2,0.15,0.2,10,prospective,AP,13.4945,0.00766965,100000
AF_rr0.2,0.15,0.2,10,prospective,SL,15.2493,0.0118574,100000
AF_rr0.2,0.15,0.2,10,retrospective,AP,4.07508,0.00615337,100000
AF_rr0.2,0.15,0.2,10,retrospective,SL,4.07527,0.0061555,100000
AF_rr0.2,0.15,0.2,13,prospective,AP,17.8321,0.0094509,100000
AF_rr0.2,0.15,0.2,13,prospective,SL,20.0472,0.0133718,100000
AF_rr0.2,0.15,0.2,13,retrospective,AP,4.07795,0.00615215,100000
AF_rr0.2,0.15,0.2,13,retrospective,SL,4.07797,0.00615247,100000
AF_rr0.2,0.15,0.25,1,prospective,AP,1,0,100000
AF_rr0.2,0.15,0.25,1,prospective,SL,1,0,100000
AF_rr0.2,0.15,0.25,1,retrospective,AP,1,0,100000
AF_rr0.2,0.15,0.25,1,retrospective,SL,1,0,100000
AF_rr0.2,0.15,0.25,3,prospective,AP,3.33841,0.00190885,100000
AF_rr0.2,0.15,0.25,3,prospective,SL,3.59251,0.00278412,100000
AF_rr0.2,0.15,0.25,3,retrospective,AP,2.88462,0.00256604,100000
AF_rr0.2,0.15,0.25,3,retrospective,SL,2.99487,0.00295532,100000
AF_rr0.2,0.15,0.25,5,prospective,AP,5.80901,0.00314503,100000
AF_rr0.2,0.15,0.25,5,prospective,SL,6.37313,0.00497378,100000
AF_rr0.2,0.15,0.25,5,retrospective,AP,3.8004,0.00477215,100000
AF_rr0.2,0.15,0.25,5,retrospective,SL,3.86118,0.00505319,100000
AF_rr0.2,0.15,0.25,7,prospective,AP,8.30169,0.00425322,100000
AF_rr0.2,0.15,0.25,7,prospective,SL,9.20183,0.00703638,100000
AF_rr0.2,0.15,0.25,7,retrospective,AP,4.03735,0.00582116,100000
AF_rr0.2,0.15,0.25,7,retrospective,SL,4.04781,0.00589462,100000
AF_rr0.2,0.15,0.25,10,prospective,AP,12.0895,0.00591097,100000
AF_rr0.2,0.15,0.25,10,prospective,SL,13.4843,0.00983099,100000
AF_rr0.2,0.15,0.25,10,retrospective,AP,4.07139,0.00609866,100000
AF_rr0.2,0.15,0.25,10,retrospective,SL,4.07175,0.00610277,100000
AF_rr0.2,0.15,0.25,13,prospective,AP,15.879,0.00729405,100000
AF_rr0.2,0.15,0.25,13,prospective,SL,17.7233,0.0116891,100000
AF_rr0.2,0.15,0.25,13,retrospective,AP,4.07019,0.00616315,100000
AF_rr0.2,0.15,0.25,13,retrospective,SL,4.07019,0.00616315,100000
AF_rr0.2,0.2,0,1,prospective,AP,1,0,100000
AF_rr0.2,0.2,0,1,prospective,SL,1,0,100000
AF_rr0.2,0.2,0,1,retrospective,AP,1,0,100000
AF_rr0.2,0.2,0,1,retrospective,SL,1,0,100000
AF_rr0.2,0.2,0,3,prospective,AP,3,0,100000
AF_rr0.2,0.2,0,3,prospective,SL,3,0,100000
AF_rr0.2,0.2,0,3,retrospective,AP,2.69757,0.00190024,100000
AF_rr0.2,0.2,0,3,retrospective,SL,2.69757,0.00190024,100000
AF_rr0.2,0.2,0,5,prospective,AP,5,0,100000
AF_rr0.2,0.2,0,5,prospective,SL,5,0,100000
AF_rr0.2,0.2,0,5,retrospective,AP,3.65979,0.00415868,100000
AF_rr0.2,0.2,0,5,retrospective,SL,3.65979,0.00415868,100000
AF_rr0.2,0.2,0,7,prospective,AP,7,0,100000
AF_rr0.2,0.2,0,7,prospective,SL,7,0,100000
AF_rr0.2,0.2,0,7,retrospective,AP,3.98177,0.00553414,100000
AF_rr0.2,0.2,0,7,retrospective,SL,3.98177,0.00553414,100000
AF_rr0.2,0.2,0,10,prospective,AP,10,0,100000
AF_rr0.2,0.2,0,10,prospective,SL,10,0,100000
AF_rr0.2,0.2,0,10,retrospective,AP,4.06335,0.00608917,100000
AF_rr0.2,0.2,0,10,retrospective,SL,4.06335,0.00608917,100000
AF_rr0.2,0.2,0,13,prospective,AP,13,0,100000
AF_rr0.2,0.2,0,13,prospective,SL,13,0,100000
AF_rr0.2,0.2,0,13,retrospective,AP,4.07187,0.00613863,100000
AF_rr0.2,0.2,0,13,retrospective,SL,4.07187,0.00613863,100000
AF_rr0.2,0.2,0.1,1,prospective,AP,1,0,100000
AF_rr0.2,0.2,0.1,1,prospective,SL,1,0,100000
AF_rr0.2,0.2,0.1,1,retrospective,AP,1,0,100000
AF_rr0.2,0.2,0.1,1,retrospective,SL,1,0,100000
AF_rr0.2,0.2,0.1,3,prospective,AP,5.14806,0.00479604,100000
AF_rr0.2,0.2,0.1,3,prospective,SL,5.58668,0.00590441,100000
AF_rr0.2,0.2,0.1,3,retrospective,AP,3.53996,0.00442199,100000
AF_rr0.2,0.2,0.1,3,retrospective,SL,3.61495,0.00466528,100000
AF_rr0.2,0.2,0.1,5,prospective,AP,10.157,0.00840591,100000
AF_rr0.2,0.2,0.1,5,prospective,SL,11.2013,0.010879,100000
AF_rr0.2,0.2,0.1,5,retrospective,AP,4.03824,0.00594094,100000
AF_rr0.2,0.2,0.1,5,retrospective,SL,4.04684,0.00598919,100000
AF_rr0.2,0.2,0.1,7,prospective,AP,15.4284,0.0114812,100000
AF_rr0.2,0.2,0.1,7,prospective,SL,17.0938,0.0145727,100000
AF_rr0.2,0.2,0.1,7,retrospective,AP,4.07794,0.0061543,100000
AF_rr0.2,0.2,0.1,7,retrospective,SL,4.07825,0.00615723,100000
AF_rr0.2,0.2,0.1,10,prospective,AP,23.3449,0.0136806,100000
AF_rr0.2,0.2,0.1,10,prospective,SL,25.0297,0.0140396,100000
AF_rr0.2,0.2,0.1,10,retrospective,AP,4.06896,0.00614544,100000
AF_rr0.2,0.2,0.1,10,retrospective,SL,4.06896,0.00614544,100000
AF_rr0.2,0.2,0.1,13,prospective,AP,28.5065,0.00807556,100000
AF_rr0.2,0.2,0.1,13,prospective,SL,29.0674,0.00667273,100000
AF_rr0.2,0.2,0.1,13,retrospective,AP,4.07547,0.00614341,100000
AF_rr0.2,0.2,0.1,13,retrospective,SL,4.07547,0.00614341,100000
AF_rr0.2,0.2,0.15,1,prospective,AP,1,0,100000
AF_rr0.2,0.2,0.15,1,prospective,SL,1,0,100000
AF_rr0.2,0.2,0.15,1,retrospective,AP,1,0,100000
AF_rr0.2,0.2,0.15,1,retrospective,SL,1,0,100000
AF_rr0.2,0.2,0.15,3,prospective,AP,4.30327,0.00360476,100000
AF_rr0.2,0.2,0.15,3,prospective,SL,4.63035,0.0044651,100000
AF_rr0.2,0.2,0.15,3,retrospective,AP,3.29714,0.00373963,100000
AF_rr0.2,0.2,0.15,3,retrospective,SL,3.38553,0.00400703,100000
AF_rr0.2,0.2,0.15,5,prospective,AP,8.0295,0.00606698,100000
AF_rr0.2,0.2,0.15,5,prospective,SL,8.82778,0.0081083,100000
AF_rr0.2,0.2,0.15,5,retrospective,AP,3.99021,0.00565518,100000
AF_rr0.2,0.2,0.15,5,retrospective,SL,4.01192,0.00576672,100000
AF_rr0.2,0.2,0.15,7,prospective,AP,11.9461,0.00835125,100000
AF_rr0.2,0.2,0.15,7,prospective,SL,13.2196,0.0113348,100000
AF_rr0.2,0.2,0.15,7,retrospective,AP,4.07764,0.0061089,100000
AF_rr0.2,0.2,0.15,7,retrospective,SL,4.07974,0.00612678,100000
AF_rr0.2,0.2,0.15,10,prospective,AP,17.8791,0.0111961,100000
AF_rr0.2,0.2,0.15,10,prospective,SL,19.7248,0.0142023,100000
AF_rr0.2,0.2,0.15,10,retrospective,AP,4.07404,0.00614548,100000
AF_rr0.2,0.2,0.15,10,retrospective,SL,4.07403,0.00614536,100000
AF_rr0.2,0.2,0.15,13,prospective,AP,23.6815,0.0121094,100000
AF_rr0.2,0.2,0.15,13,prospective,SL,25.37,0.0126581,100000
AF_rr0.2,0.2,0.15,13,retrospective,AP,4.06711,0.00613665,100000
AF_rr0.2,0.2,0.15,13,retrospective,SL,4.06711,0.00613665,100000
AF_rr0.2,0.2,0.2,1,prospective,AP,1,0,100000
AF_rr0.2,0.2,0.2,1,prospective,SL,1,0,100000
AF_rr0.2,0.2,0.2,1,retrospective,AP,1,0,100000
AF_rr0.2,0.2,0.2,1,retrospective,SL,1,0,100000
AF_rr0.2,0.2,0.2,3,prospective,AP,3.8223,0.00285761,100000
AF_rr0.2,0.2,0.2,3,prospective,SL,4.09019,0.00361064,100000
AF_rr0.2,0.2,0.2,3,retrospective,AP,3.11006,0.00322372,100000
AF_rr0.2,0.2,0.2,3,retrospective,SL,3.20628,0.00353242,100000
AF_rr0.2,0.2,0.2,5,prospective,AP,6.9081,0.00470937,100000
AF_rr0.2,0.2,0.2,5,prospective,SL,7.52871,0.00648467,100000
AF_rr0.2,0.2,0.2,5,retrospective,AP,3.92796,0.00531915,100000
AF_rr0.2,0.2,0.2,5,retrospective,SL,3.96613,0.00550552,100000
AF_rr0.2,0.2,0.2,7,prospective,AP,10.0845,0.00642244,100000
AF_rr0.2,0.2,0.2,7,prospective,SL,11.1075,0.00913815,100000
AF_rr0.2,0.2,0.2,7,retrospective,AP,4.05341,0.00603314,100000
AF_rr0.2,0.2,0.2,7,retrospective,SL,4.05757,0.00606648,100000
AF_rr0.2,0.2,0.2,10,prospective,AP,14.9122,0.00871045,100000
AF_rr0.2,0.2,0.2,10,prospective,SL,16.4769,0.0121776,100000
AF_rr0.2,0.2,0.2,10,retrospective,AP,4.07448,0.0061676,100000
AF_rr0.2,0.2,0.2,10,retrospective,SL,4.07467,0.00616999,100000
AF_rr0.2,0.2,0.2,13,prospective,AP,19.7533,0.0103992,100000
AF_rr0.2,0.2,0.2,13,prospective,SL,21.6289,0.0131749,100000
AF_rr0.2,0.2,0.2,13,retrospective,AP,4.07675,0.00615256,100000
AF_rr0.2,0.2,0.2,13,retrospective,SL,4.07674,0.00615239,100000
AF_rr0.2,0.2,0.25,1,prospective,AP,1,0,100000
AF_rr0.2,0.2,0.25,1,prospective,SL,1,0,100000
AF_rr0.2,0.2,0.25,1,retrospective,AP,1,0,100000
AF_rr0.2,0.2,0.25,1,retrospective,SL,1,0,100000
AF_rr0.2,0.2,0.25,3,prospective,AP,3.52427,0.0023072,100000
AF_rr0.2,0.2,0.25,3,prospective,SL,3.75295,0.00303708,100000
AF_rr0.2,0.2,0.25,3,retrospective,AP,2.97083,0.00286595,100000
AF_rr0.2,0.2,0.25,3,retrospective,SL,3.06249,0.00317713,100000
AF_rr0.2,0.2,0.25,5,prospective,AP,6.22993,0.00376223,100000
AF_rr0.2,0.2,0.25,5,prospective,SL,6.74164,0.00528721,100000
AF_rr0.2,0.2,0.25,5,retrospective,AP,3.85492,0.00503335,100000
AF_rr0.2,0.2,0.25,5,retrospective,SL,3.89613,0.00523174,100000
AF_rr0.2,0.2,0.25,7,prospective,AP,8.9863,0.00511593,100000
AF_rr0.2,0.2,0.25,7,prospective,SL,9.80587,0.00752043,100000
AF_rr0.2,0.2,0.25,7,retrospective,AP,4.04793,0.00592711,100000
AF_rr0.2,0.2,0.25,7,retrospective,SL,4.05455,0.00597499,100000
AF_rr0.2,0.2,0.25,10,prospective,AP,13.1507,0.00683751,100000
AF_rr0.2,0.2,0.25,10,prospective,SL,14.4116,0.0101923,100000
AF_rr0.2,0.2,0.25,10,retrospective,AP,4.08651,0.00617549,100000
AF_rr0.2,0.2,0.25,10,retrospective,SL,4.08657,0.00617609,100000
AF_rr0.2,0.2,0.25,13,prospective,AP,17.358,0.00840627,100000
AF_rr0.2,0.2,0.25,13,prospective,SL,18.9989,0.0119034,100000
AF_rr0.2,0.2,0.25,13,retrospective,AP,4.07746,0.00614514,100000
AF_rr0.2,0.2,0.25,13,retrospective,SL,4.07746,0.00614514,100000
AF_rr0.2,0.25,0,1,prospective,AP,1,0,100000
AF_rr0.2,0.25,0,1,prospective,SL,1,0,100000
AF_rr0.2,0.25,0,1,retrospective,AP,1,0,100000
AF_rr0.2,0.25,0,1,retrospective,SL,1,0,100000
AF_rr0.2,0.25,0,3,prospective,AP,3,0,100000
AF_rr0.2,0.25,0,3,prospective,SL,3,0,100000
AF_rr0.2,0.25,0,3,retrospective,AP,2.69982,0.00190057,100000
AF_rr0.2,0.25,0,3,retrospective,SL,2.69982,0.00190057,100000
AF_rr0.2,0.25,0,5,prospective,AP,5,0,100000
AF_rr0.2,0.25,0,5,prospective,SL,5,0,100000
AF_rr0.2,0.25,0,5,retrospective,AP,3.65604,0.00415972,100000
AF_rr0.2,0.25,0,5,retrospective,SL,3.65604,0.00415972,100000
AF_rr0.2,0.25,0,7,prospective,AP,7,0,100000
AF_rr0.2,0.25,0,7,prospective,SL,7,0,100000
AF_rr0.2,0.25,0,7,retrospective,AP,3.99965,0.00552114,100000
AF_rr0.2,0.25,0,7,retrospective,SL,3.99965,0.00552114,100000
AF_rr0.2,0.25,0,10,prospective,AP,10,0,100000
AF_rr0.2,0.25,0,10,prospective,SL,10,0,100000
AF_rr0.2,0.25,0,10,retrospective,AP,4.06319,0.00609376,100000
AF_rr0.2,0.25,0,10,retrospective,SL,4.06319,0.00609376,100000
AF_rr0.2,0.25,0,13,prospective,AP,13,0,100000
AF_rr0.2,0.25,0,13,prospective,SL,13,0,100000
AF_rr0.2,0.25,0,13,retrospective,AP,4.0738,0.00613361,100000
AF_rr0.2,0.25,0,13,retrospective,SL,4.0738,0.00613361,100000
AF_rr0.2,0.25,0.1,1,prospective,AP,1,0,100000
AF_rr0.2,0.25,0.1,1,prospective,SL,1,0,100000
AF_rr0.2,0.25,0.1,1,retrospective,AP,1,0,100000
AF_rr0.2,0.25,0.1,1,retrospective,SL,1,0,100000
AF_rr0.2,0.25,0.1,3,prospective,AP,5.55934,0.0053425,100000
AF_rr0.2,0.25,0.1,3,prospective,SL,5.94377,0.00631008,100000
AF_rr0.2,0.25,0.1,3,retrospective,AP,3.63926,0.00466833,100000
AF_rr0.2,0.25,0.1,3,retrospective,SL,3.68777,0.004832,100000
AF_rr0.2,0.25,0.1,5,prospective,AP,11.1763,0.00924337,100000
AF_rr0.2,0.25,0.1,5,prospective,SL,12.0824,0.0113897,100000
AF_rr0.2,0.25,0.1,5,retrospective,AP,4.053,0.00600041,100000
AF_rr0.2,0.25,0.1,5,retrospective,SL,4.0577,0.00602968,100000
AF_rr0.2,0.25,0.1,7,prospective,AP,17.1544,0.012657,100000
AF_rr0.2,0.25,0.1,7,prospective,SL,18.5507,0.0149656,100000
AF_rr0.2,0.25,0.1,7,retrospective,AP,4.07318,0.00611662,100000
AF_rr0.2,0.25,0.1,7,retrospective,SL,4.07325,0.00611724,100000
AF_rr0.2,0.25,0.1,10,prospective,AP,25.6095,0.0128971,100000
AF_rr0.2,0.25,0.1,10,prospective,SL,26.644,0.0123741,100000
AF_rr0.2,0.25,0.1,10,retrospective,AP,4.07521,0.00616063,100000
AF_rr0.2,0.25,0.1,10,retrospective,SL,4.07521,0.00616063,100000
AF_rr0.2,0.25,0.1,13,prospective,AP,29.4044,0.00522518,100000
AF_rr0.2,0.25,0.1,13,prospective,SL,29.6102,0.0042747,100000
AF_rr0.2,0.25,0.1,13,retrospective,AP,4.06996,0.0061387,100000
AF_rr0.2,0.25,0.1,13,retrospective,SL,4.06996,0.0061387,100000
AF_rr0.2,0.25,0.15,1,prospective,AP,1,0,100000
AF_rr0.2,0.25,0.15,1,prospective,SL,1,0,100000
AF_rr0.2,0.25,0.15,1,retrospective,AP,1,0,100000
AF_rr0.2,0.25,0.15,1,retrospective,SL,1,0,100000
AF_rr0.2,0.25,0.15,3,prospective,AP,4.60259,0.0040122,100000
AF_rr0.2,0.25,0.15,3,prospective,SL,4.89487,0.00478046,100000
AF_rr0.2,0.25,0.15,3,retrospective,AP,3.39392,0.0040146,100000
AF_rr0.2,0.25,0.15,3,retrospective,SL,3.46415,0.00422766,100000
AF_rr0.2,0.25,0.15,5,prospective,AP,8.78834,0.00682042,100000
AF_rr0.2,0.25,0.15,5,prospective,SL,9.47126,0.00849865,100000
AF_rr0.2,0.25,0.15,5,retrospective,AP,4.00912,0.00579413,100000
AF_rr0.2,0.25,0.15,5,retrospective,SL,4.02149,0.00586173,100000
AF_rr0.2,0.25,0.15,7,prospective,AP,13.171,0.00927847,100000
AF_rr0.2,0.25,0.15,7,prospective,SL,14.2761,0.0117783,100000
AF_rr0.2,0.25,0.15,7,retrospective,AP,4.06998,0.00609889,100000
AF_rr0.2,0.25,0.15,7,retrospective,SL,4.07068,0.0061051,100000
AF_rr0.2,0.25,0.15,10,prospective,AP,19.8899,0.012276,100000
AF_rr0.2,0.25,0.15,10,prospective,SL,21.4062,0.0142623,100000
AF_rr0.2,0.25,0.15,10,retrospective,AP,4.06637,0.00612271,100000
AF_rr0.2,0.25,0.15,10,retrospective,SL,4.06639,0.00612297,100000
AF_rr0.2,0.25,0.15,13,prospective,AP,25.9645,0.0114237,100000
AF_rr0.2,0.25,0.15,13,prospective,SL,26.9988,0.010931,100000
AF_rr0.2,0.25,0.15,13,retrospective,AP,4.06543,0.00612959,100000
AF_rr0.2,0.25,0.15,13,retrospective,SL,4.06543,0.00612959,100000
AF_rr0.2,0.25,0.2,1,prospective,AP,1,0,100000
AF_rr0.2,0.25,0.2,1,prospective,SL,1,0,100000
AF_rr0.2,0.25,0.2,1,retrospective,AP,1,0,100000
AF_rr0.2,0.25,0.2,1,retrospective,SL,1,0,100000
AF_rr0.2,0.25,0.2,3,prospective,AP,4.07046,0.00321653,100000
AF_rr0.2,0.25,0.2,3,prospective,SL,4.3009,0.00387778,100000
AF_rr0.2,0.25,0.2,3,retrospective,AP,3.21848,0.00351718,100000
AF_rr0.2,0.25,0.2,3,retrospective,SL,3.29025,0.00374516,100000
AF_rr0.2,0.25,0.2,5,prospective,AP,7.49507,0.00535552,100000
AF_rr0.2,0.25,0.2,5,prospective,SL,8.04877,0.00684088,100000
AF_rr0.2,0.25,0.2,5,retrospective,AP,3.95313,0.00550722,100000
AF_rr0.2,0.25,0.2,5,retrospective,SL,3.97444,0.00562011,100000
AF_rr0.2,0.25,0.2,7,prospective,AP,11.041,0.00724136,100000
AF_rr0.2,0.25,0.2,7,prospective,SL,11.924,0.00958904,100000
AF_rr0.2,0.25,0.2,7,retrospective,AP,4.0731,0.00607196,100000
AF_rr0.2,0.25,0.2,7,retrospective,SL,4.07468,0.00608454,100000
AF_rr0.2,0.25,0.2,10,prospective,AP,16.4484,0.00978592,100000
AF_rr0.2,0.25,0.2,10,prospective,SL,17.7944,0.0125209,100000
AF_rr0.2,0.25,0.2,10,retrospective,AP,4.07215,0.00613277,100000
AF_rr0.2,0.25,0.2,10,retrospective,SL,4.07217,0.00613307,100000
AF_rr0.2,0.25,0.2,13,prospective,AP,21.8418,0.0113637,100000
AF_rr0.2,0.25,0.2,13,prospective,SL,23.3252,0.012967,100000
AF_rr0.2,0.25,0.2,13,retrospective,AP,4.08201,0.00616962,100000
AF_rr0.2,0.25,0.2,13,retrospective,SL,4.08201,0.00616962,100000
AF_rr0.2,0.25,0.25,1,prospective,AP,1,0,100000
AF_rr0.2,0.25,0.25,1,prospective,SL,1,0,100000
AF_rr0.2,0.25,0.25,1,retrospective,AP,1,0,100000
AF_rr0.2,0.25,0.25,1,retrospective,SL,1,0,100000
AF_rr0.2,0.25,0.25,3,prospective,AP,3.72469,0.00265262,100000
AF_rr0.2,0.25,0.25,3,prospective,SL,3.92471,0.00327181,100000
AF_rr0.2,0.25,0.25,3,retrospective,AP,3.06742,0.00310561,100000
AF_rr0.2,0.25,0.25,3,retrospective,SL,3.15051,0.00337344,100000
AF_rr0.2,0.25,0.25,5,prospective,AP,6.69089,0.00436351,100000
AF_rr0.2,0.25,0.25,5,prospective,SL,7.15894,0.0057005,100000
AF_rr0.2,0.25,0.25,5,retrospective,AP,3.90321,0.0052555,100000
AF_rr0.2,0.25,0.25,5,retrospective,SL,3.93063,0.00538801,100000
AF_rr0.2,0.25,0.25,7,prospective,AP,9.72443,0.00583193,100000
AF_rr0.2,0.25,0.25,7,prospective,SL,10.4584,0.0079461,100000
AF_rr0.2,0.25,0.25,7,retrospective,AP,4.05612,0.0059954,100000
AF_rr0.2,0.25,0.25,7,retrospective,SL,4.06,0.00602697,100000
AF_rr0.2,0.25,0.25,10,prospective,AP,14.3411,0.00785294,100000
AF_rr0.2,0.25,0.25,10,prospective,SL,15.4943,0.0107608,100000
AF_rr0.2,0.25,0.25,10,retrospective,AP,4.07579,0.00612062,100000
AF_rr0.2,0.25,0.25,10,retrospective,SL,4.07588,0.0061218,100000
AF_rr0.2,0.25,0.25,13,prospective,AP,18.9976,0.00954435,100000
AF_rr0.2,0.25,0.25,13,prospective,SL,20.4384,0.0122647,100000
AF_rr0.2,0.25,0.25,13,retrospective,AP,4.07929,0.00616946,100000
AF_rr0.2,0.25,0.25,13,retrospective,SL,4.07929,0.00616946,100000
AF_rr0.2,0.3,0,1,prospective,AP,1,0,100000
AF_rr0.2,0.3,0,1,prospective,SL,1,0,100000
AF_rr0.2,0.3,0,1,retrospective,AP,1,0,100000
AF_rr0.2,0.3,0,1,retrospective,SL,1,0,100000
AF_rr0.2,0.3,0,3,prospective,AP,3,0,100000
AF_rr0.2,0.3,0,3,prospective,SL,3,0,100000
AF_rr0.2,0.3,0,3,retrospective,AP,2.70227,0.00189074,100000
AF_rr0.2,0.3,0,3,retrospective,SL,2.70227,0.00189074,100000
AF_rr0.2,0.3,0,5,prospective,AP,5,0,100000
AF_rr0.2,0.3,0,5,prospective,SL,5,0,100000
AF_rr0.2,0.3,0,5,retrospective,AP,3.65639,0.00415081,100000
AF_rr0.2,0.3,0,5,retrospective,SL,3.65639,0.00415081,100000
AF_rr0.2,0.3,0,7,prospective,AP,7,0,100000
AF_rr0.2,0.3,0,7,prospective,SL,7,0,100000
AF_rr0.2,0.3,0,7,retrospective,AP,3.99397,0.00554733,100000
AF_rr0.2,0.3,0,7,retrospective,SL,3.99397,0.00554733,100000
AF_rr0.2,0.3,0,10,prospective,AP,10,0,100000
AF_rr0.2,0.3,0,10,prospective,SL,10,0,100000
AF_rr0.2,0.3,0,10,retrospective,AP,4.0666,0.00611225,100000
AF_rr0.2,0.3,0,10,retrospective,SL,4.0666,0.00611225,100000
AF_rr0.2,0.3,0,13,prospective,AP,13,0,100000
AF_rr0.2,0.3,0,13,prospective,SL,13,0,100000
AF_rr0.2,0.3,0,13,retrospective,AP,4.06748,0.00613995,100000
AF_rr0.2,0.3,0,13,retrospective,SL,4.06748,0.00613995,100000
AF_rr0.2,0.3,0.1,1,prospective,AP,1,0,100000
AF_rr0.2,0.3,0.1,1,prospective,SL,1,0,100000
AF_rr0.2,0.3,0.1,1,retrospective,AP,1,0,100000
AF_rr0.2,0.3,0.1,1,retrospective,SL,1,0,100000
AF_rr0.2,0.3,0.1,3,prospective,AP,5.95746,0.00583923,100000
AF_rr0.2,0.3,0.1,3,prospective,SL,6.28818,0.0066456,100000
AF_rr0.2,0.3,0.1,3,retrospective,AP,3.69765,0.00488966,100000
AF_rr0.2,0.3,0.1,3,retrospective,SL,3.73843,0.00502563,100000
AF_rr0.2,0.3,0.1,5,prospective,AP,12.173,0.0101774,100000
AF_rr0.2,0.3,0.1,5,prospective,SL,12.9845,0.0119988,100000
AF_rr0.2,0.3,0.1,5,retrospective,AP,4.06119,0.00606556,100000
AF_rr0.2,0.3,0.1,5,retrospective,SL,4.06283,0.00607322,100000
AF_rr0.2,0.3,0.1,7,prospective,AP,18.8512,0.0137698,100000
AF_rr0.2,0.3,0.1,7,prospective,SL,20.0259,0.0154421,100000
AF_rr0.2,0.3,0.1,7,retrospective,AP,4.07646,0.00613957,100000
AF_rr0.2,0.3,0.1,7,retrospective,SL,4.07652,0.00614021,100000
AF_rr0.2,0.3,0.1,10,prospective,AP,27.257,0.0112157,100000
AF_rr0.2,0.3,0.1,10,prospective,SL,27.8463,0.0104267,100000
AF_rr0.2,0.3,0.1,10,retrospective,AP,4.07946,0.00613414,100000
AF_rr0.2,0.3,0.1,10,retrospective,SL,4.07946,0.00613414,100000
AF_rr0.2,0.3,0.1,13,prospective,AP,29.7739,0.00320574,100000
AF_rr0.2,0.3,0.1,13,prospective,SL,29.8281,0.00278764,100000
AF_rr0.2,0.3,0.1,13,retrospective,AP,4.07861,0.00610974,100000
AF_rr0.2,0.3,0.1,13,retrospective,SL,4.07861,0.00610974,100000
AF_rr0.2,0.3,0.15,1,prospective,AP,1,0,100000
AF_rr0.2,0.3,0.15,1,prospective,SL,1,0,100000
AF_rr0.2,0.3,0.15,1,retrospective,AP,1,0,100000
AF_rr0.2,0.3,0.15,1,retrospective,SL,1,0,100000
AF_rr0.2,0.3,0.15,3,prospective,AP,4.90625,0.00441749,100000
AF_rr0.2,0.3,0.15,3,prospective,SL,5.14985,0.00507746,100000
AF_rr0.2,0.3,0.15,3,retrospective,AP,3.48345,0.00423762,100000
AF_rr0.2,0.3,0.15,3,retrospective,SL,3.53927,0.00441871,100000
AF_rr0.2,0.3,0.15,5,prospective,AP,9.51478,0.00751092,100000
AF_rr0.2,0.3,0.15,5,prospective,SL,10.1427,0.00907783,100000
AF_rr0.2,0.3,0.15,5,retrospective,AP,4.02884,0.00588755,100000
AF_rr0.2,0.3,0.15,5,retrospective,SL,4.03691,0.00593101,100000
AF_rr0.2,0.3,0.15,7,prospective,AP,14.4044,0.0101939,100000
AF_rr0.2,0.3,0.15,7,prospective,SL,15.3799,0.0124017,100000
AF_rr0.2,0.3,0.15,7,retrospective,AP,4.07307,0.0061135,100000
AF_rr0.2,0.3,0.15,7,retrospective,SL,4.07328,0.00611618,100000
AF_rr0.2,0.3,0.15,10,prospective,AP,21.8374,0.0131149,100000
AF_rr0.2,0.3,0.15,10,prospective,SL,23.0117,0.0142434,100000
AF_rr0.2,0.3,0.15,10,retrospective,AP,4.06429,0.00613534,100000
AF_rr0.2,0.3,0.15,10,retrospective,SL,4.06429,0.00613534,100000
AF_rr0.2,0.3,0.15,13,prospective,AP,27.6502,0.0096847,100000
AF_rr0.2,0.3,0.15,13,prospective,SL,28.1996,0.00891434,100000
AF_rr0.2,0.3,0.15,13,retrospective,AP,4.07048,0.00616322,100000
AF_rr0.2,0.3,0.15,13,retrospective,SL,4.07048,0.00616322,100000
AF_rr0.2,0.3,0.2,1,prospective,AP,1,0,100000
AF_rr0.2,0.3,0.2,1,prospective,SL,1,0,100000
AF_rr0.2,0.3,0.2,1,retrospective,AP,1,0,100000
AF_rr0.2,0.3,0.2,1,retrospective,SL,1,0,100000
AF_rr0.2,0.3,0.2,3,prospective,AP,4.31499,0.00357654,100000
AF_rr0.2,0.3,0.2,3,prospective,SL,4.52472,0.00416625,100000
AF_rr0.2,0.3,0.2,3,retrospective,AP,3.30165,0.00375253,100000
AF_rr0.2,0.3,0.2,3,retrospective,SL,3.36181,0.00395133,100000
AF_rr0.2,0.3,0.2,5,prospective,AP,8.08749,0.00599282,100000
AF_rr0.2,0.3,0.2,5,prospective,SL,8.56332,0.00729131,100000
AF_rr0.2,0.3,0.2,5,retrospective,AP,3.99229,0.0056794,100000
AF_rr0.2,0.3,0.2,5,retrospective,SL,4.00348,0.00574195,100000
AF_rr0.2,0.3,0.2,7,prospective,AP,11.9993,0.00808194,100000
AF_rr0.2,0.3,0.2,7,prospective,SL,12.7866,0.010087,100000
AF_rr0.2,0.3,0.2,7,retrospective,AP,4.07576,0.0060929,100000
AF_rr0.2,0.3,0.2,7,retrospective,SL,4.07775,0.00610998,100000
AF_rr0.2,0.3,0.2,10,prospective,AP,18.0112,0.01086,100000
AF_rr0.2,0.3,0.2,10,prospective,SL,19.1791,0.0130637,100000
AF_rr0.2,0.3,0.2,10,retrospective,AP,4.06187,0.00612441,100000
AF_rr0.2,0.3,0.2,10,retrospective,SL,4.06188,0.0061245,100000
AF_rr0.2,0.3,0.2,13,prospective,AP,23.8866,0.0118663,100000
AF_rr0.2,0.3,0.2,13,prospective,SL,24.9679,0.0124568,100000
AF_rr0.2,0.3,0.2,13,retrospective,AP,4.07725,0.00612679,100000
AF_rr0.2,0.3,0.2,13,retrospective,SL,4.07725,0.00612679,100000
AF_rr0.2,0.3,0.25,1,prospective,AP,1,0,100000
AF_rr0.2,0.3,0.25,1,prospective,SL,1,0,100000
AF_rr0.2,0.3,0.25,1,retrospective,AP,1,0,100000
AF_rr0.2,0.3,0.25,1,retrospective,SL,1,0,100000
AF_rr0.2,0.3,0.25,3,prospective,AP,3.92462,0.00298795,100000
AF_rr0.2,0.3,0.25,3,prospective,SL,4.11916,0.00356972,100000
AF_rr0.2,0.3,0.25,3,retrospective,AP,3.15968,0.00338055,100000
AF_rr0.2,0.3,0.25,3,retrospective,SL,3.21747,0.00357409,100000
AF_rr0.2,0.3,0.25,5,prospective,AP,7.17027,0.00492652,100000
AF_rr0.2,0.3,0.25,5,prospective,SL,7.583,0.0060956,100000
AF_rr0.2,0.3,0.25,5,retrospective,AP,3.94084,0.00542069,100000
AF_rr0.2,0.3,0.25,5,retrospective,SL,3.95924,0.00551346,100000
AF_rr0.2,0.3,0.25,7,prospective,AP,10.5108,0.00660971,100000
AF_rr0.2,0.3,0.25,7,prospective,SL,11.1634,0.00845503,100000
AF_rr0.2,0.3,0.25,7,retrospective,AP,4.06462,0.00603722,100000
AF_rr0.2,0.3,0.25,7,retrospective,SL,4.06656,0.00605274,100000
AF_rr0.2,0.3,0.25,10,prospective,AP,15.5923,0.00883848,100000
AF_rr0.2,0.3,0.25,10,prospective,SL,16.5974,0.0113002,100000
AF_rr0.2,0.3,0.25,10,retrospective,AP,4.07173,0.00614363,100000
AF_rr0.2,0.3,0.25,10,retrospective,SL,4.07173,0.00614371,100000
AF_rr0.2,0.3,0.25,13,prospective,AP,20.7189,0.0106152,100000
AF_rr0.2,0.3,0.25,13,prospective,SL,21.9299,0.0125193,100000
AF_rr0.2,0.3,0.25,13,retrospective,AP,4.06819,0.00615074,100000
AF_rr0.2,0.3,0.25,13,retrospective,SL,4.06818,0.00615057,100000
AF_rr0.3,0.05,0,1,prospective,AP,1,0,100000
AF_rr0.3,0.05,0,1,prospective,SL,1,0,100000
AF_rr0.3,0.05,0,1,retrospective,AP,1,0,100000
AF_rr0.3,0.05,0,1,retrospective,SL,1,0,100000
AF_rr0.3,0.05,0,3,prospective,AP,3,0,100000
AF_rr0.3,0.05,0,3,prospective,SL,3,0,100000
AF_rr0.3,0.05,0,3,retrospective,AP,2.70156,0.00189171,100000
AF_rr0.3,0.05,0,3,retrospective,SL,2.70156,0.00189171,100000
AF_rr0.3,0.05,0,5,prospective,AP,5,0,100000
AF_rr0.3,0.05,0,5,prospective,SL,5,0,100000
AF_rr0.3,0.05,0,5,retrospective,AP,3.66134,0.00414898,100000
AF_rr0.3,0.05,0,5,retrospective,SL,3.66134,0.00414898,100000
AF_rr0.3,0.05,0,7,prospective,AP,7,0,100000
AF_rr0.3,0.05,0,7,prospective,SL,7,0,100000
AF_rr0.3,0.05,0,7,retrospective,AP,3.98013,0.00552889,100000
AF_rr0.3,0.05,0,7,retrospective,SL,3.98013,0.00552889,100000
AF_rr0.3,0.05,0,10,prospective,AP,10,0,100000
AF_rr0.3,0.05,0,10,prospective,SL,10,0,100000
AF_rr0.3,0.05,0,10,retrospective,AP,4.0696,0.00610152,100000
AF_rr0.3,0.05,0,10,retrospective,SL,4.0696,0.00610152,100000
AF_rr0.3,0.05,0,13,prospective,AP,13,0,100000
AF_rr0.3,0.05,0,13,prospective,SL,13,0,100000
AF_rr0.3,0.05,0,13,retrospective,AP,4.06917,0.00613624,100000
AF_rr0.3,0.05,0,13,retrospective,SL,4.06917,0.00613624,100000
AF_rr0.3,0.05,0.1,1,prospective,AP,1,0,100000
AF_rr0.3,0.05,0.1,1,prospective,SL,1,0,100000
AF_rr0.3,0.05,0.1,1,retrospective,AP,1,0,100000
AF_rr0.3,0.05,0.1,1,retrospective,SL,1,0,100000
AF_rr0.3,0.05,0.1,3,prospective,AP,4.14899,0.00364058,100000
AF_rr0.3,0.05,0.1,3,prospective,SL,4.79618,0.00525148,100000
AF_rr0.3,0.05,0.1,3,retrospective,AP,3.23829,0.00361757,100000
AF_rr0.3,0.05,0.1,3,retrospective,SL,3.41415,0.00413868,100000
AF_rr0.3,0.05,0.1,5,prospective,AP,7.70272,0.00655378,100000
AF_rr0.3,0.05,0.1,5,prospective,SL,9.25798,0.0100461,100000
AF_rr0.3,0.05,0.1,5,retrospective,AP,3.96007,0.00552553,100000
AF_rr0.3,0.05,0.1,5,retrospective,SL,4.00611,0.00575893,100000
AF_rr0.3,0.05,0.1,7,prospective,AP,11.3974,0.00942298,100000
AF_rr0.3,0.05,0.1,7,prospective,SL,13.9161,0.0143888,100000
AF_rr0.3,0.05,0.1,7,retrospective,AP,4.0768,0.00606289,100000
AF_rr0.3,0.05,0.1,7,retrospective,SL,4.08269,0.00610972,100000
AF_rr0.3,0.05,0.1,10,prospective,AP,16.9869,0.0129232,100000
AF_rr0.3,0.05,0.1,10,prospective,SL,20.4883,0.0168538,100000
AF_rr0.3,0.05,0.1,10,retrospective,AP,4.06934,0.00613326,100000
AF_rr0.3,0.05,0.1,10,retrospective,SL,4.06941,0.00613426,100000
AF_rr0.3,0.05,0.1,13,prospective,AP,22.2378,0.0138885,100000
AF_rr0.3,0.05,0.1,13,prospective,SL,25.5697,0.0140322,100000
AF_rr0.3,0.05,0.1,13,retrospective,AP,4.07619,0.00615554,100000
AF_rr0.3,0.05,0.1,13,retrospective,SL,4.07619,0.00615554,100000
AF_rr0.3,0.05,0.15,1,prospective,AP,1,0,100000
AF_rr0.3,0.05,0.15,1,prospective,SL,1,0,100000
AF_rr0.3,0.05,0.15,1,retrospective,AP,1,0,100000
AF_rr0.3,0.05,0.15,1,retrospective,SL,1,0,100000
AF_rr0.3,0.05,0.15,3,prospective,AP,3.56599,0.00257618,100000
AF_rr0.3,0.05,0.15,3,prospective,SL,4.04356,0.00395335,100000
AF_rr0.3,0.05,0.15,3,retrospective,AP,2.98768,0.0029283,100000
AF_rr0.3,0.05,0.15,3,retrospective,SL,3.17129,0.00350483,100000
AF_rr0.3,0.05,0.15,5,prospective,AP,6.32694,0.00454996,100000
AF_rr0.3,0.05,0.15,5,prospective,SL,7.44411,0.00748457,100000
AF_rr0.3,0.05,0.15,5,retrospective,AP,3.85438,0.00504498,100000
AF_rr0.3,0.05,0.15,5,retrospective,SL,3.92889,0.00539641,100000
AF_rr0.3,0.05,0.15,7,prospective,AP,9.14658,0.00646281,100000
AF_rr0.3,0.05,0.15,7,prospective,SL,10.9362,0.0108219,100000
AF_rr0.3,0.05,0.15,7,retrospective,AP,4.04804,0.00594749,100000
AF_rr0.3,0.05,0.15,7,retrospective,SL,4.06098,0.00604197,100000
AF_rr0.3,0.05,0.15,10,prospective,AP,13.4141,0.00909475,100000
AF_rr0.3,0.05,0.15,10,prospective,SL,16.1608,0.0145239,100000
AF_rr0.3,0.05,0.15,10,retrospective,AP,4.08006,0.00613447,100000
AF_rr0.3,0.05,0.15,10,retrospective,SL,4.08044,0.00613909,100000
AF_rr0.3,0.05,0.15,13,prospective,AP,17.6872,0.0112257,100000
AF_rr0.3,0.05,0.15,13,prospective,SL,21.0215,0.0155339,100000
AF_rr0.3,0.05,0.15,13,retrospective,AP,4.06294,0.00612509,100000
AF_rr0.3,0.05,0.15,13,retrospective,SL,4.06295,0.00612526,100000
AF_rr0.3,0.05,0.2,1,prospective,AP,1,0,100000
AF_rr0.3,0.05,0.2,1,prospective,SL,1,0,100000
AF_rr0.3,0.05,0.2,1,retrospective,AP,1,0,100000
AF_rr0.3,0.05,0.2,1,retrospective,SL,1,0,100000
AF_rr0.3,0.05,0.2,3,prospective,AP,3.28183,0.00186334,100000
AF_rr0.3,0.05,0.2,3,prospective,SL,3.64363,0.00309997,100000
AF_rr0.3,0.05,0.2,3,retrospective,AP,2.85298,0.00247591,100000
AF_rr0.3,0.05,0.2,3,retrospective,SL,3.01566,0.00304723,100000
AF_rr0.3,0.05,0.2,5,prospective,AP,5.67562,0.00320891,100000
AF_rr0.3,0.05,0.2,5,prospective,SL,6.49039,0.00576916,100000
AF_rr0.3,0.05,0.2,5,retrospective,AP,3.77851,0.00468209,100000
AF_rr0.3,0.05,0.2,5,retrospective,SL,3.8629,0.00507266,100000
AF_rr0.3,0.05,0.2,7,prospective,AP,8.10044,0.00459795,100000
AF_rr0.3,0.05,0.2,7,prospective,SL,9.41128,0.00841772,100000
AF_rr0.3,0.05,0.2,7,retrospective,AP,4.02071,0.00580105,100000
AF_rr0.3,0.05,0.2,7,retrospective,SL,4.04089,0.00594124,100000
AF_rr0.3,0.05,0.2,10,prospective,AP,11.7492,0.00644195,100000
AF_rr0.3,0.05,0.2,10,prospective,SL,13.7671,0.011657,100000
AF_rr0.3,0.05,0.2,10,retrospective,AP,4.07337,0.0061314,100000
AF_rr0.3,0.05,0.2,10,retrospective,SL,4.07423,0.0061414,100000
AF_rr0.3,0.05,0.2,13,prospective,AP,15.422,0.00821176,100000
AF_rr0.3,0.05,0.2,13,prospective,SL,18.0404,0.0136604,100000
AF_rr0.3,0.05,0.2,13,retrospective,AP,4.07487,0.00612768,100000
AF_rr0.3,0.05,0.2,13,retrospective,SL,4.07491,0.00612832,100000
AF_rr0.3,0.05,0.25,1,prospective,AP,1,0,100000
AF_rr0.3,0.05,0.25,1,prospective,SL,1,0,100000
AF_rr0.3,0.05,0.25,1,retrospective,AP,1,0,100000
AF_rr0.3,0.05,0.25,1,retrospective,SL,1,0,100000
AF_rr0.3,0.05,0.25,3,prospective,AP,3.13968,0.00131077,100000
AF_rr0.3,0.05,0.25,3,prospective,SL,3.40988,0.00247294,100000
AF_rr0.3,0.05,0.25,3,retrospective,AP,2.77715,0.0022274,100000
AF_rr0.3,0.05,0.25,3,retrospective,SL,2.90557,0.00272976,100000
AF_rr0.3,0.05,0.25,5,prospective,AP,5.35062,0.00231808,100000
AF_rr0.3,0.05,0.25,5,prospective,SL,5.95713,0.00463833,100000
AF_rr0.3,0.05,0.25,5,retrospective,AP,3.72468,0.00445672,100000
AF_rr0.3,0.05,0.25,5,retrospective,SL,3.80284,0.00482047,100000
AF_rr0.3,0.05,0.25,7,prospective,AP,7.57564,0.00326896,100000
AF_rr0.3,0.05,0.25,7,prospective,SL,8.54332,0.00671956,100000
AF_rr0.3,0.05,0.25,7,retrospective,AP,4.0119,0.00568733,100000
AF_rr0.3,0.05,0.25,7,retrospective,SL,4.03134,0.00581999,100000
AF_rr0.3,0.05,0.25,10,prospective,AP,10.9219,0.00468998,100000
AF_rr0.3,0.05,0.25,10,prospective,SL,12.4126,0.00944022,100000
AF_rr0.3,0.05,0.25,10,retrospective,AP,4.07736,0.0061212,100000
AF_rr0.3,0.05,0.25,10,retrospective,SL,4.0784,0.00613259,100000
AF_rr0.3,0.05,0.25,13,prospective,AP,14.2732,0.00592426,100000
AF_rr0.3,0.05,0.25,13,prospective,SL,16.2609,0.0114516,100000
AF_rr0.3,0.05,0.25,13,retrospective,AP,4.06967,0.00612831,100000
AF_rr0.3,0.05,0.25,13,retrospective,SL,4.06967,0.00612829,100000
AF_rr0.3,0.1,0,1,prospective,AP,1,0,100000
AF_rr0.3,0.1,0,1,prospective,SL,1,0,100000
AF_rr0.3,0.1,0,1,retrospective,AP,1,0,100000
AF_rr0.3,0.1,0,1,retrospective,SL,1,0,100000
AF_rr0.3,0.1,0,3,prospective,AP,3,0,100000
AF_rr0.3,0.1,0,3,prospective,SL,3,0,100000
AF_rr0.3,0.1,0,3,retrospective,AP,2.70111,0.00189282,100000
AF_rr0.3,0.1,0,3,retrospective,SL,2.70111,0.00189282,100000
AF_rr0.3,0.1,0,5,prospective,AP,5,0,100000
AF_rr0.3,0.1,0,5,prospective,SL,5,0,100000
AF_rr0.3,0.1,0,5,retrospective,AP,3.65089,0.00415871,100000
AF_rr0.3,0.1,0,5,retrospective,SL,3.65089,0.00415871,100000
AF_rr0.3,0.1,0,7,prospective,AP,7,0,100000
AF_rr0.3,0.1,0,7,prospective,SL,7,0,100000
AF_rr0.3,0.1,0,7,retrospective,AP,3.98661,0.00554549,100000
AF_rr0.3,0.1,0,7,retrospective,SL,3.98661,0.00554549,100000
AF_rr0.3,0.1,0,10,prospective,AP,10,0,100000
AF_rr0.3,0.1,0,10,prospective,SL,10,0,100000
AF_rr0.3,0.1,0,10,retrospective,AP,4.08442,0.00610281,100000
AF_rr0.3,0.1,0,10,retrospective,SL,4.08442,0.00610281,100000
AF_rr0.3,0.1,0,13,prospective,AP,13,0,100000
AF_rr0.3,0.1,0,13,prospective,SL,13,0,100000
AF_rr0.3,0.1,0,13,retrospective,AP,4.07148,0.00613879,100000
AF_rr0.3,0.1,0,13,retrospective,SL,4.07148,0.00613879,100000
AF_rr0.3,0.1,0.1,1,prospective,AP,1,0,100000
AF_rr0.3,0.1,0.1,1,prospective,SL,1,0,100000
AF_rr0.3,0.1,0.1,1,retrospective,AP,1,0,100000
AF_rr0.3,0.1,0.1,1,retrospective,SL,1,0,100000
AF_rr0.3,0.1,0.1,3,prospective,AP,4.43545,0.00397571,100000
AF_rr0.3,0.1,0.1,3,prospective,SL,5.00129,0.00541125,100000
AF_rr0.3,0.1,0.1,3,retrospective,AP,3.3425,0.00387126,100000
AF_rr0.3,0.1,0.1,3,retrospective,SL,3.48267,0.00429749,100000
AF_rr0.3,0.1,0.1,5,prospective,AP,8.38219,0.00700396,100000
AF_rr0.3,0.1,0.1,5,prospective,SL,9.78005,0.0102505,100000
AF_rr0.3,0.1,0.1,5,retrospective,AP,3.99732,0.00571703,100000
AF_rr0.3,0.1,0.1,5,retrospective,SL,4.02555,0.00586814,100000
AF_rr0.3,0.1,0.1,7,prospective,AP,12.4933,0.00981257,100000
AF_rr0.3,0.1,0.1,7,prospective,SL,14.744,0.0142947,100000
AF_rr0.3,0.1,0.1,7,retrospective,AP,4.06451,0.00609279,100000
AF_rr0.3,0.1,0.1,7,retrospective,SL,4.06651,0.00610949,100000
AF_rr0.3,0.1,0.1,10,prospective,AP,18.7197,0.0130357,100000
AF_rr0.3,0.1,0.1,10,prospective,SL,21.7536,0.0161117,100000
AF_rr0.3,0.1,0.1,10,retrospective,AP,4.06627,0.00614386,100000
AF_rr0.3,0.1,0.1,10,retrospective,SL,4.06627,0.00614394,100000
AF_rr0.3,0.1,0.1,13,prospective,AP,24.4606,0.0128497,100000
AF_rr0.3,0.1,0.1,13,prospective,SL,26.8226,0.0119654,100000
AF_rr0.3,0.1,0.1,13,retrospective,AP,4.07408,0.00614636,100000
AF_rr0.3,0.1,0.1,13,retrospective,SL,4.07409,0.00614651,100000
AF_rr0.3,0.1,0.15,1,prospective,AP,1,0,100000
AF_rr0.3,0.1,0.15,1,prospective,SL,1,0,100000
AF_rr0.3,0.1,0.15,1,retrospective,AP,1,0,100000
AF_rr0.3,0.1,0.15,1,retrospective,SL,1,0,100000
AF_rr0.3,0.1,0.15,3,prospective,AP,3.76155,0.0028558,100000
AF_rr0.3,0.1,0.15,3,prospective,SL,4.19941,0.00406748,100000
AF_rr0.3,0.1,0.15,3,retrospective,AP,3.08024,0.00318187,100000
AF_rr0.3,0.1,0.15,3,retrospective,SL,3.23404,0.00365981,100000
AF_rr0.3,0.1,0.15,5,prospective,AP,6.77297,0.00491926,100000
AF_rr0.3,0.1,0.15,5,prospective,SL,7.78903,0.00756606,100000
AF_rr0.3,0.1,0.15,5,retrospective,AP,3.9098,0.0052427,100000
AF_rr0.3,0.1,0.15,5,retrospective,SL,3.96675,0.00552086,100000
AF_rr0.3,0.1,0.15,7,prospective,AP,9.87182,0.00688273,100000
AF_rr0.3,0.1,0.15,7,prospective,SL,11.495,0.0108196,100000
AF_rr0.3,0.1,0.15,7,retrospective,AP,4.04655,0.00598613,100000
AF_rr0.3,0.1,0.15,7,retrospective,SL,4.05398,0.00604483,100000
AF_rr0.3,0.1,0.15,10,prospective,AP,14.5766,0.00953598,100000
AF_rr0.3,0.1,0.15,10,prospective,SL,17.0486,0.0143575,100000
AF_rr0.3,0.1,0.15,10,retrospective,AP,4.07168,0.00615041,100000
AF_rr0.3,0.1,0.15,10,retrospective,SL,4.07194,0.00615375,100000
AF_rr0.3,0.1,0.15,13,prospective,AP,19.2381,0.0114247,100000
AF_rr0.3,0.1,0.15,13,prospective,SL,22.1488,0.0147824,100000
AF_rr0.3,0.1,0.15,13,retrospective,AP,4.07942,0.00614112,100000
AF_rr0.3,0.1,0.15,13,retrospective,SL,4.07942,0.00614112,100000
AF_rr0.3,0.1,0.2,1,prospective,AP,1,0,100000
AF_rr0.3,0.1,0.2,1,prospective,SL,1,0,100000
AF_rr0.3,0.1,0.2,1,retrospective,AP,1,0,100000
AF_rr0.3,0.1,0.2,1,retrospective,SL,1,0,100000
AF_rr0.3,0.1,0.2,3,prospective,AP,3.4098,0.002136,100000
AF_rr0.3,0.1,0.2,3,prospective,SL,3.74905,0.00320123,100000
AF_rr0.3,0.1,0.2,3,retrospective,AP,2.91889,0.00269981,100000
AF_rr0.3,0.1,0.2,3,retrospective,SL,3.06147,0.00317843,100000
AF_rr0.3,0.1,0.2,5,prospective,AP,5.97655,0.00363251,100000
AF_rr0.3,0.1,0.2,5,prospective,SL,6.74734,0.00594732,100000
AF_rr0.3,0.1,0.2,5,retrospective,AP,3.80842,0.00487282,100000
AF_rr0.3,0.1,0.2,5,retrospective,SL,3.87337,0.00517954,100000
AF_rr0.3,0.1,0.2,7,prospective,AP,8.57215,0.00501968,100000
AF_rr0.3,0.1,0.2,7,prospective,SL,9.80392,0.0085503,100000
AF_rr0.3,0.1,0.2,7,retrospective,AP,4.03632,0.00585967,100000
AF_rr0.3,0.1,0.2,7,retrospective,SL,4.05027,0.00596052,100000
AF_rr0.3,0.1,0.2,10,prospective,AP,12.4972,0.00694481,100000
AF_rr0.3,0.1,0.2,10,prospective,SL,14.422,0.0116907,100000
AF_rr0.3,0.1,0.2,10,retrospective,AP,4.07711,0.00614253,100000
AF_rr0.3,0.1,0.2,10,retrospective,SL,4.07752,0.00614746,100000
AF_rr0.3,0.1,0.2,13,prospective,AP,16.4299,0.00869768,100000
AF_rr0.3,0.1,0.2,13,prospective,SL,18.9006,0.0134955,100000
AF_rr0.3,0.1,0.2,13,retrospective,AP,4.08123,0.0061163,100000
AF_rr0.3,0.1,0.2,13,retrospective,SL,4.08123,0.0061163,100000
AF_rr0.3,0.1,0.25,1,prospective,AP,1,0,100000
AF_rr0.3,0.1,0.25,1,prospective,SL,1,0,100000
AF_rr0.3,0.1,0.25,1,retrospective,AP,1,0,100000
AF_rr0.3,0.1,0.25,1,retrospective,SL,1,0,100000
AF_rr0.3,0.1,0.25,3,prospective,AP,3.21936,0.00158393,100000
AF_rr0.3,0.1,0.25,3,prospective,SL,3.48348,0.00261957,100000
AF_rr0.3,0.1,0.25,3,retrospective,AP,2.81763,0.00237217,100000
AF_rr0.3,0.1,0.25,3,retrospective,SL,2.9401,0.00282531,100000
AF_rr0.3,0.1,0.25,5,prospective,AP,5.53598,0.00270513,100000
AF_rr0.3,0.1,0.25,5,prospective,SL,6.13043,0.00474635,100000
AF_rr0.3,0.1,0.25,5,retrospective,AP,3.75224,0.0046008,100000
AF_rr0.3,0.1,0.25,5,retrospective,SL,3.82238,0.00492915,100000
AF_rr0.3,0.1,0.25,7,prospective,AP,7.87551,0.00376588,100000
AF_rr0.3,0.1,0.25,7,prospective,SL,8.83432,0.00696302,100000
AF_rr0.3,0.1,0.25,7,retrospective,AP,4.02333,0.00575328,100000
AF_rr0.3,0.1,0.25,7,retrospective,SL,4.04041,0.00587215,100000
AF_rr0.3,0.1,0.25,10,prospective,AP,11.4032,0.0052014,100000
AF_rr0.3,0.1,0.25,10,prospective,SL,12.8785,0.00962999,100000
AF_rr0.3,0.1,0.25,10,retrospective,AP,4.07666,0.00612198,100000
AF_rr0.3,0.1,0.25,10,retrospective,SL,4.07738,0.00613002,100000
AF_rr0.3,0.1,0.25,13,prospective,AP,14.9383,0.00659584,100000
AF_rr0.3,0.1,0.25,13,prospective,SL,16.8812,0.0115891,100000
AF_rr0.3,0.1,0.25,13,retrospective,AP,4.06754,0.00612989,100000
AF_rr0.3,0.1,0.25,13,retrospective,SL,4.06756,0.0061302,100000
AF_rr0.3,0.15,0,1,prospective,AP,1,0,100000
AF_rr0.3,0.15,0,1,prospective,SL,1,0,100000
AF_rr0.3,0.15,0,1,retrospective,AP,1,0,100000
AF_rr0.3,0.15,0,1,retrospective,SL,1,0,100000
AF_rr0.3,0.15,0,3,prospective,AP,3,0,100000
AF_rr0.3,0.15,0,3,prospective,SL,3,0,100000
AF_rr0.3,0.15,0,3,retrospective,AP,2.7013,0.00189125,100000
AF_rr0.3,0.15,0,3,retrospective,SL,2.7013,0.00189125,100000
AF_rr0.3,0.15,0,5,prospective,AP,5,0,100000
AF_rr0.3,0.15,0,5,prospective,SL,5,0,100000
AF_rr0.3,0.15,0,5,retrospective,AP,3.64722,0.0041538,100000
AF_rr0.3,0.15,0,5,retrospective,SL,3.64722,0.0041538,100000
AF_rr0.3,0.15,0,7,prospective,AP,7,0,100000
AF_rr0.3,0.15,0,7,prospective,SL,7,0,100000
AF_rr0.3,0.15,0,7,retrospective,AP,4.00714,0.00554547,100000
AF_rr0.3,0.15,0,7,retrospective,SL,4.00714,0.00554547,100000
AF_rr0.3,0.15,0,10,prospective,AP,10,0,100000
AF_rr0.3,0.15,0,10,prospective,SL,10,0,100000
AF_rr0.3,0.15,0,10,retrospective,AP,4.07741,0.00609353,100000
AF_rr0.3,0.15,0,10,retrospective,SL,4.07741,0.00609353,100000
AF_rr0.3,0.15,0,13,prospective,AP,13,0,100000
AF_rr0.3,0.15,0,13,prospective,SL,13,0,100000
AF_rr0.3,0.15,0,13,retrospective,AP,4.07704,0.0061406,100000
AF_rr0.3,0.15,0,13,retrospective,SL,4.07704,0.0061406,100000
AF_rr0.3,0.15,0.1,1,prospective,AP,1,0,100000
AF_rr0.3,0.15,0.1,1,prospective,SL,1,0,100000
AF_rr0.3,0.15,0.1,1,retrospective,AP,1,0,100000
AF_rr0.3,0.15,0.1,1,retrospective,SL,1,0,100000
AF_rr0.3,0.15,0.1,3,prospective,AP,4.80107,0.00439028,100000
AF_rr0.3,0.15,0.1,3,prospective,SL,5.29122,0.00562781,100000
AF_rr0.3,0.15,0.1,3,retrospective,AP,3.4569,0.00417102,100000
AF_rr0.3,0.15,0.1,3,retrospective,SL,3.55908,0.00448289,100000
AF_rr0.3,0.15,0.1,5,prospective,AP,9.26827,0.00762919,100000
AF_rr0.3,0.15,0.1,5,prospective,SL,10.4805,0.0104722,100000
AF_rr0.3,0.15,0.1,5,retrospective,AP,4.02565,0.00588242,100000
AF_rr0.3,0.15,0.1,5,retrospective,SL,4.0422,0.00597181,100000
AF_rr0.3,0.15,0.1,7,prospective,AP,13.957,0.0106116,100000
AF_rr0.3,0.15,0.1,7,prospective,SL,15.8762,0.0142806,100000
AF_rr0.3,0.15,0.1,7,retrospective,AP,4.07314,0.0061152,100000
AF_rr0.3,0.15,0.1,7,retrospective,SL,4.07415,0.00612452,100000
AF_rr0.3,0.15,0.1,10,prospective,AP,21.095,0.0135159,100000
AF_rr0.3,0.15,0.1,10,prospective,SL,23.4435,0.0151126,100000
AF_rr0.3,0.15,0.1,10,retrospective,AP,4.06661,0.00615613,100000
AF_rr0.3,0.15,0.1,10,retrospective,SL,4.06662,0.00615626,100000
AF_rr0.3,0.15,0.1,13,prospective,AP,26.9035,0.0108523,100000
AF_rr0.3,0.15,0.1,13,prospective,SL,28.195,0.0091257,100000
AF_rr0.3,0.15,0.1,13,retrospective,AP,4.07774,0.00615819,100000
AF_rr0.3,0.15,0.1,13,retrospective,SL,4.07774,0.00615819,100000
AF_rr0.3,0.15,0.15,1,prospective,AP,1,0,100000
AF_rr0.3,0.15,0.15,1,prospective,SL,1,0,100000
AF_rr0.3,0.15,0.15,1,retrospective,AP,1,0,100000
AF_rr0.3,0.15,0.15,1,retrospective,SL,1,0,100000
AF_rr0.3,0.15,0.15,3,prospective,AP,4.03102,0.00324673,100000
AF_rr0.3,0.15,0.15,3,prospective,SL,4.40371,0.0042527,100000
AF_rr0.3,0.15,0.15,3,retrospective,AP,3.19273,0.00346444,100000
AF_rr0.3,0.15,0.15,3,retrospective,SL,3.30945,0.00383516,100000
AF_rr0.3,0.15,0.15,5,prospective,AP,7.39982,0.00548554,100000
AF_rr0.3,0.15,0.15,5,prospective,SL,8.29234,0.00779383,100000
AF_rr0.3,0.15,0.15,5,retrospective,AP,3.95624,0.00548656,100000
AF_rr0.3,0.15,0.15,5,retrospective,SL,3.99147,0.00566079,100000
AF_rr0.3,0.15,0.15,7,prospective,AP,10.8776,0.0075592,100000
AF_rr0.3,0.15,0.15,7,prospective,SL,12.3189,0.0110288,100000
AF_rr0.3,0.15,0.15,7,retrospective,AP,4.06021,0.00603937,100000
AF_rr0.3,0.15,0.15,7,retrospective,SL,4.06423,0.00607143,100000
AF_rr0.3,0.15,0.15,10,prospective,AP,16.1985,0.0103406,100000
AF_rr0.3,0.15,0.15,10,prospective,SL,18.3406,0.0141597,100000
AF_rr0.3,0.15,0.15,10,retrospective,AP,4.07224,0.00614127,100000
AF_rr0.3,0.15,0.15,10,retrospective,SL,4.07224,0.0061413,100000
AF_rr0.3,0.15,0.15,13,prospective,AP,21.4514,0.0118608,100000
AF_rr0.3,0.15,0.15,13,prospective,SL,23.7561,0.0137914,100000
AF_rr0.3,0.15,0.15,13,retrospective,AP,4.07779,0.00617462,100000
AF_rr0.3,0.15,0.15,13,retrospective,SL,4.07779,0.00617462,100000
AF_rr0.3,0.15,0.2,1,prospective,AP,1,0,100000
AF_rr0.3,0.15,0.2,1,prospective,SL,1,0,100000
AF_rr0.3,0.15,0.2,1,retrospective,AP,1,0,100000
AF_rr0.3,0.15,0.2,1,retrospective,SL,1,0,100000
AF_rr0.3,0.15,0.2,3,prospective,AP,3.61215,0.00251561,100000
AF_rr0.3,0.15,0.2,3,prospective,SL,3.91836,0.00343122,100000
AF_rr0.3,0.15,0.2,3,retrospective,AP,3.0145,0.00297476,100000
AF_rr0.3,0.15,0.2,3,retrospective,SL,3.13076,0.00335567,100000
AF_rr0.3,0.15,0.2,5,prospective,AP,6.43096,0.00419453,100000
AF_rr0.3,0.15,0.2,5,prospective,SL,7.13044,0.00620785,100000
AF_rr0.3,0.15,0.2,5,retrospective,AP,3.87546,0.00512568,100000
AF_rr0.3,0.15,0.2,5,retrospective,SL,3.92345,0.00535847,100000
AF_rr0.3,0.15,0.2,7,prospective,AP,9.30721,0.00570786,100000
AF_rr0.3,0.15,0.2,7,prospective,SL,10.4212,0.0087455,100000
AF_rr0.3,0.15,0.2,7,retrospective,AP,4.04114,0.00593173,100000
AF_rr0.3,0.15,0.2,7,retrospective,SL,4.04917,0.00599142,100000
AF_rr0.3,0.15,0.2,10,prospective,AP,13.6612,0.00781283,100000
AF_rr0.3,0.15,0.2,10,prospective,SL,15.4119,0.0119286,100000
AF_rr0.3,0.15,0.2,10,retrospective,AP,4.07523,0.00612822,100000
AF_rr0.3,0.15,0.2,10,retrospective,SL,4.07543,0.00613068,100000
AF_rr0.3,0.15,0.2,13,prospective,AP,18.0345,0.0095859,100000
AF_rr0.3,0.15,0.2,13,prospective,SL,20.2429,0.0133734,100000
AF_rr0.3,0.15,0.2,13,retrospective,AP,4.07173,0.00615667,100000
AF_rr0.3,0.15,0.2,13,retrospective,SL,4.07173,0.00615667,100000
AF_rr0.3,0.15,0.25,1,prospective,AP,1,0,100000
AF_rr0.3,0.15,0.25,1,prospective,SL,1,0,100000
AF_rr0.3,0.15,0.25,1,retrospective,AP,1,0,100000
AF_rr0.3,0.15,0.25,1,retrospective,SL,1,0,100000
AF_rr0.3,0.15,0.25,3,prospective,AP,3.36403,0.00197184,100000
AF_rr0.3,0.15,0.25,3,prospective,SL,3.60693,0.00281825,100000
AF_rr0.3,0.15,0.25,3,retrospective,AP,2.89474,0.002609,100000
AF_rr0.3,0.15,0.25,3,retrospective,SL,3.00337,0.00298293,100000
AF_rr0.3,0.15,0.25,5,prospective,AP,5.86178,0.00323785,100000
AF_rr0.3,0.15,0.25,5,prospective,SL,6.42533,0.00502208,100000
AF_rr0.3,0.15,0.25,5,retrospective,AP,3.79836,0.00481631,100000
AF_rr0.3,0.15,0.25,5,retrospective,SL,3.85097,0.00506601,100000
AF_rr0.3,0.15,0.25,7,prospective,AP,8.38506,0.00438124,100000
AF_rr0.3,0.15,0.25,7,prospective,SL,9.26944,0.00709804,100000
AF_rr0.3,0.15,0.25,7,retrospective,AP,4.04052,0.00584184,100000
AF_rr0.3,0.15,0.25,7,retrospective,SL,4.05201,0.0059238,100000
AF_rr0.3,0.15,0.25,10,prospective,AP,12.2136,0.00602948,100000
AF_rr0.3,0.15,0.25,10,prospective,SL,13.5898,0.00990254,100000
AF_rr0.3,0.15,0.25,10,retrospective,AP,4.07586,0.00612884,100000
AF_rr0.3,0.15,0.25,10,retrospective,SL,4.0762,0.00613289,100000
AF_rr0.3,0.15,0.25,13,prospective,AP,16.0421,0.00737983,100000
AF_rr0.3,0.15,0.25,13,prospective,SL,17.8632,0.0116614,100000
AF_rr0.3,0.15,0.25,13,retrospective,AP,4.08609,0.00613855,100000
AF_rr0.3,0.15,0.25,13,retrospective,SL,4.08608,0.00613839,100000
AF_rr0.3,0.2,0,1,prospective,AP,1,0,100000
AF_rr0.3,0.2,0,1,prospective,SL,1,0,100000
AF_rr0.3,0.2,0,1,retrospective,AP,1,0,100000
AF_rr0.3,0.2,0,1,retrospective,SL,1,0,100000
AF_rr0.3,0.2,0,3,prospective,AP,3,0,100000
AF_rr0.3,0.2,0,3,prospective,SL,3,0,100000
AF_rr0.3,0.2,0,3,retrospective,AP,2.70005,0.00189717,100000
AF_rr0.3,0.2,0,3,retrospective,SL,2.70005,0.00189717,100000
AF_rr0.3,0.2,0,5,prospective,AP,5,0,100000
AF_rr0.3,0.2,0,5,prospective,SL,5,0,100000
AF_rr0.3,0.2,0,5,retrospective,AP,3.65093,0.0041575,100000
AF_rr0.3,0.2,0,5,retrospective,SL,3.65093,0.0041575,100000
AF_rr0.3,0.2,0,7,prospective,AP,7,0,100000
AF_rr0.3,0.2,0,7,prospective,SL,7,0,100000
AF_rr0.3,0.2,0,7,retrospective,AP,3.9845,0.00553004,100000
AF_rr0.3,0.2,0,7,retrospective,SL,3.9845,0.00553004,100000
AF_rr0.3,0.2,0,10,prospective,AP,10,0,100000
AF_rr0.3,0.2,0,10,prospective,SL,10,0,100000
AF_rr0.3,0.2,0,10,retrospective,AP,4.06821,0.00610011,100000
AF_rr0.3,0.2,0,10,retrospective,SL,4.06821,0.00610011,100000
AF_rr0.3,0.2,0,13,prospective,AP,13,0,100000
AF_rr0.3,0.2,0,13,prospective,SL,13,0,100000
AF_rr0.3,0.2,0,13,retrospective,AP,4.0763,0.00614226,100000
AF_rr0.3,0.2,0,13,retrospective,SL,4.0763,0.00614226,100000
AF_rr0.3,0.2,0.1,1,prospective,AP,1,0,100000
AF_rr0.3,0.2,0.1,1,prospective,SL,1,0,100000
AF_rr0.3,0.2,0.1,1,retrospective,AP,1,0,100000
AF_rr0.3,0.2,0.1,1,retrospective,SL,1,0,100000
AF_rr0.3,0.2,0.1,3,prospective,AP,5.18603,0.00483693,100000
AF_rr0.3,0.2,0.1,3,prospective,SL,5.61863,0.00590671,100000
AF_rr0.3,0.2,0.1,3,retrospective,AP,3.55114,0.00445026,100000
AF_rr0.3,0.2,0.1,3,retrospective,SL,3.62702,0.00469603,100000
AF_rr0.3,0.2,0.1,5,prospective,AP,10.2531,0.00844852,100000
AF_rr0.3,0.2,0.1,5,prospective,SL,11.2997,0.010883,100000
AF_rr0.3,0.2,0.1,5,retrospective,AP,4.04402,0.00595471,100000
AF_rr0.3,0.2,0.1,5,retrospective,SL,4.05134,0.00599723,100000
AF_rr0.3,0.2,0.1,7,prospective,AP,15.6077,0.0116736,100000
AF_rr0.3,0.2,0.1,7,prospective,SL,17.239,0.0146033,100000
AF_rr0.3,0.2,0.1,7,retrospective,AP,4.07266,0.00610922,100000
AF_rr0.3,0.2,0.1,7,retrospective,SL,4.07293,0.00611191,100000
AF_rr0.3,0.2,0.1,10,prospective,AP,23.5634,0.0136293,100000
AF_rr0.3,0.2,0.1,10,prospective,SL,25.2064,0.0138474,100000
AF_rr0.3,0.2,0.1,10,retrospective,AP,4.07016,0.00615101,100000
AF_rr0.3,0.2,0.1,10,retrospective,SL,4.07016,0.00615101,100000
AF_rr0.3,0.2,0.1,13,prospective,AP,28.6224,0.00777976,100000
AF_rr0.3,0.2,0.1,13,prospective,SL,29.1505,0.00633673,100000
AF_rr0.3,0.2,0.1,13,retrospective,AP,4.0705,0.00614036,100000
AF_rr0.3,0.2,0.1,13,retrospective,SL,4.0705,0.00614036,100000
AF_rr0.3,0.2,0.15,1,prospective,AP,1,0,100000
AF_rr0.3,0.2,0.15,1,prospective,SL,1,0,100000
AF_rr0.3,0.2,0.15,1,retrospective,AP,1,0,100000
AF_rr0.3,0.2,0.15,1,retrospective,SL,1,0,100000
AF_rr0.3,0.2,0.15,3,prospective,AP,4.32286,0.00363273,100000
AF_rr0.3,0.2,0.15,3,prospective,SL,4.65029,0.0044945,100000
AF_rr0.3,0.2,0.15,3,retrospective,AP,3.31233,0.00377557,100000
AF_rr0.3,0.2,0.15,3,retrospective,SL,3.39924,0.00404621,100000
AF_rr0.3,0.2,0.15,5,prospective,AP,8.11536,0.00613958,100000
AF_rr0.3,0.2,0.15,5,prospective,SL,8.88169,0.0081106,100000
AF_rr0.3,0.2,0.15,5,retrospective,AP,3.99563,0.00568007,100000
AF_rr0.3,0.2,0.15,5,retrospective,SL,4.01516,0.00579037,100000
AF_rr0.3,0.2,0.15,7,prospective,AP,12.0591,0.00842465,100000
AF_rr0.3,0.2,0.15,7,prospective,SL,13.3111,0.0113642,100000
AF_rr0.3,0.2,0.15,7,retrospective,AP,4.07206,0.00610359,100000
AF_rr0.3,0.2,0.15,7,retrospective,SL,4.07327,0.00611353,100000
AF_rr0.3,0.2,0.15,10,prospective,AP,18.0923,0.0113196,100000
AF_rr0.3,0.2,0.15,10,prospective,SL,19.9235,0.0142332,100000
AF_rr0.3,0.2,0.15,10,retrospective,AP,4.07692,0.00613082,100000
AF_rr0.3,0.2,0.15,10,retrospective,SL,4.07694,0.00613115,100000
AF_rr0.3,0.2,0.15,13,prospective,AP,23.8993,0.0121233,100000
AF_rr0.3,0.2,0.15,13,prospective,SL,25.5463,0.0125007,100000
AF_rr0.3,0.2,0.15,13,retrospective,AP,4.0719,0.00610944,100000
AF_rr0.3,0.2,0.15,13,retrospective,SL,4.0719,0.00610944,100000
AF_rr0.3,0.2,0.2,1,prospective,AP,1,0,100000
AF_rr0.3,0.2,0.2,1,prospective,SL,1,0,100000
AF_rr0.3,0.2,0.2,1,retrospective,AP,1,0,100000
AF_rr0.3,0.2,0.2,1,retrospective,SL,1,0,100000
AF_rr0.3,0.2,0.2,3,prospective,AP,3.84119,0.00288197,100000
AF_rr0.3,0.2,0.2,3,prospective,SL,4.11082,0.0036371,100000
AF_rr0.3,0.2,0.2,3,retrospective,AP,3.12436,0.00328412,100000
AF_rr0.3,0.2,0.2,3,retrospective,SL,3.21361,0.00356877,100000
AF_rr0.3,0.2,0.2,5,prospective,AP,6.96855,0.00479302,100000
AF_rr0.3,0.2,0.2,5,prospective,SL,7.58968,0.00647758,100000
AF_rr0.3,0.2,0.2,5,retrospective,AP,3.92161,0.00535452,100000
AF_rr0.3,0.2,0.2,5,retrospective,SL,3.95233,0.00550439,100000
AF_rr0.3,0.2,0.2,7,prospective,AP,10.1752,0.00651713,100000
AF_rr0.3,0.2,0.2,7,prospective,SL,11.1606,0.00911691,100000
AF_rr0.3,0.2,0.2,7,retrospective,AP,4.05495,0.00602115,100000
AF_rr0.3,0.2,0.2,7,retrospective,SL,4.05842,0.00604788,100000
AF_rr0.3,0.2,0.2,10,prospective,AP,15.0591,0.00882448,100000
AF_rr0.3,0.2,0.2,10,prospective,SL,16.5908,0.0121934,100000
AF_rr0.3,0.2,0.2,10,retrospective,AP,4.07358,0.00613877,100000
AF_rr0.3,0.2,0.2,10,retrospective,SL,4.07362,0.00613943,100000
AF_rr0.3,0.2,0.2,13,prospective,AP,19.9647,0.0105262,100000
AF_rr0.3,0.2,0.2,13,prospective,SL,21.8046,0.0132017,100000
AF_rr0.3,0.2,0.2,13,retrospective,AP,4.08399,0.00616076,100000
AF_rr0.3,0.2,0.2,13,retrospective,SL,4.08399,0.00616076,100000
AF_rr0.3,0.2,0.25,1,prospective,AP,1,0,100000
AF_rr0.3,0.2,0.25,1,prospective,SL,1,0,100000
AF_rr0.3,0.2,0.25,1,retrospective,AP,1,0,100000
AF_rr0.3,0.2,0.25,1,retrospective,SL,1,0,100000
AF_rr0.3,0.2,0.25,3,prospective,AP,3.54179,0.00233534,100000
AF_rr0.3,0.2,0.25,3,prospective,SL,3.77094,0.00305536,100000
AF_rr0.3,0.2,0.25,3,retrospective,AP,2.98374,0.002875,100000
AF_rr0.3,0.2,0.25,3,retrospective,SL,3.07884,0.00319107,100000
AF_rr0.3,0.2,0.25,5,prospective,AP,6.26333,0.00382123,100000
AF_rr0.3,0.2,0.25,5,prospective,SL,6.77602,0.00533492,100000
AF_rr0.3,0.2,0.25,5,retrospective,AP,3.8629,0.00504929,100000
AF_rr0.3,0.2,0.25,5,retrospective,SL,3.90061,0.00522949,100000
AF_rr0.3,0.2,0.25,7,prospective,AP,9.05278,0.00514187,100000
AF_rr0.3,0.2,0.25,7,prospective,SL,9.86389,0.00749756,100000
AF_rr0.3,0.2,0.25,7,retrospective,AP,4.03834,0.00593037,100000
AF_rr0.3,0.2,0.25,7,retrospective,SL,4.04534,0.00598252,100000
AF_rr0.3,0.2,0.25,10,prospective,AP,13.2708,0.00696392,100000
AF_rr0.3,0.2,0.25,10,prospective,SL,14.5323,0.0102327,100000
AF_rr0.3,0.2,0.25,10,retrospective,AP,4.06528,0.00612253,100000
AF_rr0.3,0.2,0.25,10,retrospective,SL,4.06552,0.00612569,100000
AF_rr0.3,0.2,0.25,13,prospective,AP,17.5156,0.00857139,100000
AF_rr0.3,0.2,0.25,13,prospective,SL,19.136,0.0119599,100000
AF_rr0.3,0.2,0.25,13,retrospective,AP,4.07483,0.00614344,100000
AF_rr0.3,0.2,0.25,13,retrospective,SL,4.07483,0.00614344,100000
AF_rr0.3,0.25,0,1,prospective,AP,1,0,100000
AF_rr0.3,0.25,0,1,prospective,SL,1,0,100000
AF_rr0.3,0.25,0,1,retrospective,AP,1,0,100000
AF_rr0.3,0.25,0,1,retrospective,SL,1,0,100000
AF_rr0.3,0.25,0,3,prospective,AP,3,0,100000
AF_rr0.3,0.25,0,3,prospective,SL,3,0,100000
AF_rr0.3,0.25,0,3,retrospective,AP,2.70294,0.00188663,100000
AF_rr0.3,0.25,0,3,retrospective,SL,2.70294,0.00188663,100000
AF_rr0.3,0.25,0,5,prospective,AP,5,0,100000
AF_rr0.3,0.25,0,5,prospective,SL,5,0,100000
AF_rr0.3,0.25,0,5,retrospective,AP,3.65657,0.0041651,100000
AF_rr0.3,0.25,0,5,retrospective,SL,3.65657,0.0041651,100000
AF_rr0.3,0.25,0,7,prospective,AP,7,0,100000
AF_rr0.3,0.25,0,7,prospective,SL,7,0,100000
AF_rr0.3,0.25,0,7,retrospective,AP,3.98279,0.00552652,100000
AF_rr0.3,0.25,0,7,retrospective,SL,3.98279,0.00552652,100000
AF_rr0.3,0.25,0,10,prospective,AP,10,0,100000
AF_rr0.3,0.25,0,10,prospective,SL,10,0,100000
AF_rr0.3,0.25,0,10,retrospective,AP,4.05543,0.00608373,100000
AF_rr0.3,0.25,0,10,retrospective,SL,4.05543,0.00608373,100000
AF_rr0.3,0.25,0,13,prospective,AP,13,0,100000
AF_rr0.3,0.25,0,13,prospective,SL,13,0,100000
AF_rr0.3,0.25,0,13,retrospective,AP,4.07735,0.00613665,100000
AF_rr0.3,0.25,0,13,retrospective,SL,4.07735,0.00613665,100000
AF_rr0.3,0.25,0.1,1,prospective,AP,1,0,100000
AF_rr0.3,0.25,0.1,1,prospective,SL,1,0,100000
AF_rr0.3,0.25,0.1,1,retrospective,AP,1,0,100000
AF_rr0.3,0.25,0.1,1,retrospective,SL,1,0,100000
AF_rr0.3,0.25,0.1,3,prospective,AP,5.59546,0.00536902,100000
AF_rr0.3,0.25,0.1,3,prospective,SL,5.96035,0.00632329,100000
AF_rr0.3,0.25,0.1,3,retrospective,AP,3.63607,0.00468948,100000
AF_rr0.3,0.25,0.1,3,retrospective,SL,3.68417,0.00484863,100000
AF_rr0.3,0.25,0.1,5,prospective,AP,11.2472,0.00935896,100000
AF_rr0.3,0.25,0.1,5,prospective,SL,12.133,0.0113435,100000
AF_rr0.3,0.25,0.1,5,retrospective,AP,4.05963,0.00603507,100000
AF_rr0.3,0.25,0.1,5,retrospective,SL,4.06362,0.00605983,100000
AF_rr0.3,0.25,0.1,7,prospective,AP,17.3133,0.0127432,100000
AF_rr0.3,0.25,0.1,7,prospective,SL,18.6684,0.0150255,100000
AF_rr0.3,0.25,0.1,7,retrospective,AP,4.0723,0.00612442,100000
AF_rr0.3,0.25,0.1,7,retrospective,SL,4.07235,0.00612517,100000
AF_rr0.3,0.25,0.1,10,prospective,AP,25.7546,0.0127984,100000
AF_rr0.3,0.25,0.1,10,prospective,SL,26.7453,0.0122143,100000
AF_rr0.3,0.25,0.1,10,retrospective,AP,4.06625,0.00613793,100000
AF_rr0.3,0.25,0.1,10,retrospective,SL,4.06625,0.00613793,100000
AF_rr0.3,0.25,0.1,13,prospective,AP,29.4508,0.00502729,100000
AF_rr0.3,0.25,0.1,13,prospective,SL,29.6339,0.00412712,100000
AF_rr0.3,0.25,0.1,13,retrospective,AP,4.0874,0.00616873,100000
AF_rr0.3,0.25,0.1,13,retrospective,SL,4.0874,0.00616873,100000
AF_rr0.3,0.25,0.15,1,prospective,AP,1,0,100000
AF_rr0.3,0.25,0.15,1,prospective,SL,1,0,100000
AF_rr0.3,0.25,0.15,1,retrospective,AP,1,0,100000
AF_rr0.3,0.25,0.15,1,retrospective,SL,1,0,100000
AF_rr0.3,0.25,0.15,3,prospective,AP,4.63353,0.00406082,100000
AF_rr0.3,0.25,0.15,3,prospective,SL,4.92034,0.00480963,100000
AF_rr0.3,0.25,0.15,3,retrospective,AP,3.40405,0.00402006,100000
AF_rr0.3,0.25,0.15,3,retrospective,SL,3.47445,0.004241,100000
AF_rr0.3,0.25,0.15,5,prospective,AP,8.84224,0.00686804,100000
AF_rr0.3,0.25,0.15,5,prospective,SL,9.5399,0.00857015,100000
AF_rr0.3,0.25,0.15,5,retrospective,AP,4.00789,0.00580055,100000
AF_rr0.3,0.25,0.15,5,retrospective,SL,4.02095,0.0058731,100000
AF_rr0.3,0.25,0.15,7,prospective,AP,13.2605,0.00934153,100000
AF_rr0.3,0.25,0.15,7,prospective,SL,14.3482,0.0118829,100000
AF_rr0.3,0.25,0.15,7,retrospective,AP,4.07169,0.00612611,100000
AF_rr0.3,0.25,0.15,7,retrospective,SL,4.07275,0.00613584,100000
AF_rr0.3,0.25,0.15,10,prospective,AP,20.0398,0.0123756,100000
AF_rr0.3,0.25,0.15,10,prospective,SL,21.5161,0.0142959,100000
AF_rr0.3,0.25,0.15,10,retrospective,AP,4.08076,0.0061653,100000
AF_rr0.3,0.25,0.15,10,retrospective,SL,4.08077,0.00616546,100000
AF_rr0.3,0.25,0.15,13,prospective,AP,26.1234,0.0113227,100000
AF_rr0.3,0.25,0.15,13,prospective,SL,27.113,0.0107776,100000
AF_rr0.3,0.25,0.15,13,retrospective,AP,4.06588,0.00613568,100000
AF_rr0.3,0.25,0.15,13,retrospective,SL,4.06588,0.00613568,100000
AF_rr0.3,0.25,0.2,1,prospective,AP,1,0,100000
AF_rr0.3,0.25,0.2,1,prospective,SL,1,0,100000
AF_rr0.3,0.25,0.2,1,retrospective,AP,1,0,100000
AF_rr0.3,0.25,0.2,1,retrospective,SL,1,0,100000
AF_rr0.3,0.25,0.2,3,prospective,AP,4.08755,0.00324835,100000
AF_rr0.3,0.25,0.2,3,prospective,SL,4.33002,0.00393228,100000
AF_rr0.3,0.25,0.2,3,retrospective,AP,3.22053,0.00353764,100000
AF_rr0.3,0.25,0.2,3,retrospective,SL,3.29913,0.0037831,100000
AF_rr0.3,0.25,0.2,5,prospective,AP,7.53924,0.00541591,100000
AF_rr0.3,0.25,0.2,5,prospective,SL,8.09173,0.00691947,100000
AF_rr0.3,0.25,0.2,5,retrospective,AP,3.96377,0.00552385,100000
AF_rr0.3,0.25,0.2,5,retrospective,SL,3.98253,0.00562258,100000
AF_rr0.3,0.25,0.2,7,prospective,AP,11.1122,0.00732394,100000
AF_rr0.3,0.25,0.2,7,prospective,SL,11.9913,0.00959004,100000
AF_rr0.3,0.25,0.2,7,retrospective,AP,4.06871,0.00605852,100000
AF_rr0.3,0.25,0.2,7,retrospective,SL,4.07193,0.00608639,100000
AF_rr0.3,0.25,0.2,10,prospective,AP,16.5659,0.00983125,100000
AF_rr0.3,0.25,0.2,10,prospective,SL,17.904,0.0126064,100000
AF_rr0.3,0.25,0.2,10,retrospective,AP,4.06489,0.0061331,100000
AF_rr0.3,0.25,0.2,10,retrospective,SL,4.06492,0.00613342,100000
AF_rr0.3,0.25,0.2,13,prospective,AP,22.0179,0.0115202,100000
AF_rr0.3,0.25,0.2,13,prospective,SL,23.4635,0.0129077,100000
AF_rr0.3,0.25,0.2,13,retrospective,AP,4.06291,0.00610379,100000
AF_rr0.3,0.25,0.2,13,retrospective,SL,4.06291,0.00610379,100000
AF_rr0.3,0.25,0.25,1,prospective,AP,1,0,100000
AF_rr0.3,0.25,0.25,1,prospective,SL,1,0,100000
AF_rr0.3,0.25,0.25,1,retrospective,AP,1,0,100000
AF_rr0.3,0.25,0.25,1,retrospective,SL,1,0,100000
AF_rr0.3,0.25,0.25,3,prospective,AP,3.73994,0.00267446,100000
AF_rr0.3,0.25,0.25,3,prospective,SL,3.94316,0.00328015,100000
AF_rr0.3,0.25,0.25,3,retrospective,AP,3.07915,0.0031534,100000
AF_rr0.3,0.25,0.25,3,retrospective,SL,3.15538,0.00339887,100000
AF_rr0.3,0.25,0.25,5,prospective,AP,6.72686,0.0043916,100000
AF_rr0.3,0.25,0.25,5,prospective,SL,7.17604,0.00569709,100000
AF_rr0.3,0.25,0.25,5,retrospective,AP,3.90274,0.00524445,100000
AF_rr0.3,0.25,0.25,5,retrospective,SL,3.92899,0.00537373,100000
AF_rr0.3,0.25,0.25,7,prospective,AP,9.78907,0.00589849,100000
AF_rr0.3,0.25,0.25,7,prospective,SL,10.5242,0.00795541,100000
AF_rr0.3,0.25,0.25,7,retrospective,AP,4.06063,0.00598636,100000
AF_rr0.3,0.25,0.25,7,retrospective,SL,4.06433,0.00601432,100000
AF_rr0.3,0.25,0.25,10,prospective,AP,14.4551,0.00793477,100000
AF_rr0.3,0.25,0.25,10,prospective,SL,15.5715,0.0107228,100000
AF_rr0.3,0.25,0.25,10,retrospective,AP,4.07762,0.00615782,100000
AF_rr0.3,0.25,0.25,10,retrospective,SL,4.07767,0.00615815,100000
AF_rr0.3,0.25,0.25,13,prospective,AP,19.12,0.00958267,100000
AF_rr0.3,0.25,0.25,13,prospective,SL,20.5465,0.0122617,100000
AF_rr0.3,0.25,0.25,13,retrospective,AP,4.0836,0.00617058,100000
AF_rr0.3,0.25,0.25,13,retrospective,SL,4.0836,0.00617058,100000
AF_rr0.3,0.3,0,1,prospective,AP,1,0,100000
AF_rr0.3,0.3,0,1,prospective,SL,1,0,100000
AF_rr0.3,0.3,0,1,retrospective,AP,1,0,100000
AF_rr0.3,0.3,0,1,retrospective,SL,1,0,100000
AF_rr0.3,0.3,0,3,prospective,AP,3,0,100000
AF_rr0.3,0.3,0,3,prospective,SL,3,0,100000
AF_rr0.3,0.3,0,3,retrospective,AP,2.70249,0.001886,100000
AF_rr0.3,0.3,0,3,retrospective,SL,2.70249,0.001886,100000
AF_rr0.3,0.3,0,5,prospective,AP,5,0,100000
AF_rr0.3,0.3,0,5,prospective,SL,5,0,100000
AF_rr0.3,0.3,0,5,retrospective,AP,3.65637,0.00415813,100000
AF_rr0.3,0.3,0,5,retrospective,SL,3.65637,0.00415813,100000
AF_rr0.3,0.3,0,7,prospective,AP,7,0,100000
AF_rr0.3,0.3,0,7,prospective,SL,7,0,100000
AF_rr0.3,0.3,0,7,retrospective,AP,3.98417,0.0055253,100000
AF_rr0.3,0.3,0,7,retrospective,SL,3.98417,0.0055253,100000
AF_rr0.3,0.3,0,10,prospective,AP,10,0,100000
AF_rr0.3,0.3,0,10,prospective,SL,10,0,100000
AF_rr0.3,0.3,0,10,retrospective,AP,4.06695,0.00610271,100000
AF_rr0.3,0.3,0,10,retrospective,SL,4.06695,0.00610271,100000
AF_rr0.3,0.3,0,13,prospective,AP,13,0,100000
AF_rr0.3,0.3,0,13,prospective,SL,13,0,100000
AF_rr0.3,0.3,0,13,retrospective,AP,4.06489,0.00613808,100000
AF_rr0.3,0.3,0,13,retrospective,SL,4.06489,0.00613808,100000
AF_rr0.3,0.3,0.1,1,prospective,AP,1,0,100000
AF_rr0.3,0.3,0.1,1,prospective,SL,1,0,100000
AF_rr0.3,0.3,0.1,1,retrospective,AP,1,0,100000
AF_rr0.3,0.3,0.1,1,retrospective,SL,1,0,100000
AF_rr0.3,0.3,0.1,3,prospective,AP,5.99251,0.00589545,100000
AF_rr0.3,0.3,0.1,3,prospective,SL,6.32134,0.00671733,100000
AF_rr0.3,0.3,0.1,3,retrospective,AP,3.71169,0.00488433,100000
AF_rr0.3,0.3,0.1,3,retrospective,SL,3.74681,0.00499809,100000
AF_rr0.3,0.3,0.1,5,prospective,AP,12.2404,0.0102358,100000
AF_rr0.3,0.3,0.1,5,prospective,SL,13.0442,0.0120727,100000
AF_rr0.3,0.3,0.1,5,retrospective,AP,4.05939,0.00605921,100000
AF_rr0.3,0.3,0.1,5,retrospective,SL,4.06268,0.00608089,100000
AF_rr0.3,0.3,0.1,7,prospective,AP,18.9783,0.0138802,100000
AF_rr0.3,0.3,0.1,7,prospective,SL,20.1449,0.0154943,100000
AF_rr0.3,0.3,0.1,7,retrospective,AP,4.07111,0.00611524,100000
AF_rr0.3,0.3,0.1,7,retrospective,SL,4.07112,0.00611539,100000
AF_rr0.3,0.3,0.1,10,prospective,AP,27.3662,0.0110443,100000
AF_rr0.3,0.3,0.1,10,prospective,SL,27.9199,0.0102993,100000
AF_rr0.3,0.3,0.1,10,retrospective,AP,4.07795,0.0061391,100000
AF_rr0.3,0.3,0.1,10,retrospective,SL,4.07796,0.00613922,100000
AF_rr0.3,0.3,0.1,13,prospective,AP,29.7877,0.00307569,100000
AF_rr0.3,0.3,0.1,13,prospective,SL,29.8428,0.00266916,100000
AF_rr0.3,0.3,0.1,13,retrospective,AP,4.05841,0.00611306,100000
AF_rr0.3,0.3,0.1,13,retrospective,SL,4.05841,0.00611306,100000
AF_rr0.3,0.3,0.15,1,prospective,AP,1,0,100000
AF_rr0.3,0.3,0.15,1,prospective,SL,1,0,100000
AF_rr0.3,0.3,0.15,1,retrospective,AP,1,0,100000
AF_rr0.3,0.3,0.15,1,retrospective,SL,1,0,100000
AF_rr0.3,0.3,0.15,3,prospective,AP,4.92274,0.00444159,100000
AF_rr0.3,0.3,0.15,3,prospective,SL,5.18396,0.00513076,100000
AF_rr0.3,0.3,0.15,3,retrospective,AP,3.48808,0.00426459,100000
AF_rr0.3,0.3,0.15,3,retrospective,SL,3.54068,0.00442602,100000
AF_rr0.3,0.3,0.15,5,prospective,AP,9.56975,0.0075817,100000
AF_rr0.3,0.3,0.15,5,prospective,SL,10.188,0.00909362,100000
AF_rr0.3,0.3,0.15,5,retrospective,AP,4.0362,0.00591848,100000
AF_rr0.3,0.3,0.15,5,retrospective,SL,4.04104,0.00594694,100000
AF_rr0.3,0.3,0.15,7,prospective,AP,14.4951,0.0102698,100000
AF_rr0.3,0.3,0.15,7,prospective,SL,15.4383,0.0124974,100000
AF_rr0.3,0.3,0.15,7,retrospective,AP,4.06883,0.00613664,100000
AF_rr0.3,0.3,0.15,7,retrospective,SL,4.0692,0.00614058,100000
AF_rr0.3,0.3,0.15,10,prospective,AP,21.9639,0.0131645,100000
AF_rr0.3,0.3,0.15,10,prospective,SL,23.1103,0.0142095,100000
AF_rr0.3,0.3,0.15,10,retrospective,AP,4.07346,0.00612126,100000
AF_rr0.3,0.3,0.15,10,retrospective,SL,4.07346,0.00612126,100000
AF_rr0.3,0.3,0.15,13,prospective,AP,27.7415,0.00953878,100000
AF_rr0.3,0.3,0.15,13,prospective,SL,28.2586,0.00878853,100000
AF_rr0.3,0.3,0.15,13,retrospective,AP,4.06831,0.00613702,100000
AF_rr0.3,0.3,0.15,13,retrospective,SL,4.06831,0.00613702,100000
AF_rr0.3,0.3,0.2,1,prospective,AP,1,0,100000
AF_rr0.3,0.3,0.2,1,prospective,SL,1,0,100000
AF_rr0.3,0.3,0.2,1,retrospective,AP,1,0,100000
AF_rr0.3,0.3,0.2,1,retrospective,SL,1,0,100000
AF_rr0.3,0.3,0.2,3,prospective,AP,4.3293,0.00358638,100000
AF_rr0.3,0.3,0.2,3,prospective,SL,4.54449,0.00419871,100000
AF_rr0.3,0.3,0.2,3,retrospective,AP,3.30425,0.00376305,100000
AF_rr0.3,0.3,0.2,3,retrospective,SL,3.36406,0.00394844,100000
AF_rr0.3,0.3,0.2,5,prospective,AP,8.11461,0.00600133,100000
AF_rr0.3,0.3,0.2,5,prospective,SL,8.6003,0.0073075,100000
AF_rr0.3,0.3,0.2,5,retrospective,AP,3.98112,0.00569022,100000
AF_rr0.3,0.3,0.2,5,retrospective,SL,3.9911,0.00574548,100000
AF_rr0.3,0.3,0.2,7,prospective,AP,12.0733,0.00815698,100000
AF_rr0.3,0.3,0.2,7,prospective,SL,12.8321,0.0100882,100000
AF_rr0.3,0.3,0.2,7,retrospective,AP,4.07101,0.00610448,100000
AF_rr0.3,0.3,0.2,7,retrospective,SL,4.07176,0.00611103,100000
AF_rr0.3,0.3,0.2,10,prospective,AP,18.1055,0.0108623,100000
AF_rr0.3,0.3,0.2,10,prospective,SL,19.2486,0.0130947,100000
AF_rr0.3,0.3,0.2,10,retrospective,AP,4.0699,0.00610861,100000
AF_rr0.3,0.3,0.2,10,retrospective,SL,4.06992,0.00610889,100000
AF_rr0.3,0.3,0.2,13,prospective,AP,24.0089,0.0118714,100000
AF_rr0.3,0.3,0.2,13,prospective,SL,25.0764,0.0123537,100000
AF_rr0.3,0.3,0.2,13,retrospective,AP,4.07569,0.00613773,100000
AF_rr0.3,0.3,0.2,13,retrospective,SL,4.07569,0.00613773,100000
AF_rr0.3,0.3,0.25,1,prospective,AP,1,0,100000
AF_rr0.3,0.3,0.25,1,prospective,SL,1,0,100000
AF_rr0.3,0.3,0.25,1,retrospective,AP,1,0,100000
AF_rr0.3,0.3,0.25,1,retrospective,SL,1,0,100000
AF_rr0.3,0.3,0.25,3,prospective,AP,3.94184,0.00301312,100000
AF_rr0.3,0.3,0.25,3,prospective,SL,4.12564,0.00355748,100000
AF_rr0.3,0.3,0.25,3,retrospective,AP,3.15851,0.00338478,100000
AF_rr0.3,0.3,0.25,3,retrospective,SL,3.22008,0.00359118,100000
AF_rr0.3,0.3,0.25,5,prospective,AP,7.20764,0.00495569,100000
AF_rr0.3,0.3,0.25,5,prospective,SL,7.61003,0.0061091,100000
AF_rr0.3,0.3,0.25,5,retrospective,AP,3.93792,0.00543615,100000
AF_rr0.3,0.3,0.25,5,retrospective,SL,3.95676,0.00553332,100000
AF_rr0.3,0.3,0.25,7,prospective,AP,10.5595,0.00666803,100000
AF_rr0.3,0.3,0.25,7,prospective,SL,11.2117,0.0084721,100000
AF_rr0.3,0.3,0.25,7,retrospective,AP,4.05772,0.00604343,100000
AF_rr0.3,0.3,0.25,7,retrospective,SL,4.06007,0.00606104,100000
AF_rr0.3,0.3,0.25,10,prospective,AP,15.6724,0.00890912,100000
AF_rr0.3,0.3,0.25,10,prospective,SL,16.6829,0.0113007,100000
AF_rr0.3,0.3,0.25,10,retrospective,AP,4.07491,0.006124,100000
AF_rr0.3,0.3,0.25,10,retrospective,SL,4.07492,0.00612415,100000
AF_rr0.3,0.3,0.25,13,prospective,AP,20.8349,0.0106876,100000
AF_rr0.3,0.3,0.25,13,prospective,SL,22.0176,0.0125368,100000
AF_rr0.3,0.3,0.25,13,retrospective,AP,4.06975,0.00615099,100000
AF_rr0.3,0.3,0.25,13,retrospective,SL,4.06975,0.00615099,100000
sinus,0.05,0,1,prospective,AP,1,0,100000
sinus,0.05,0,1,prospective,SL,1,0,100000
sinus,0.05,0,1,retrospective,AP,1,0,100000
sinus,0.05,0,1,retrospective,SL,1,0,100000
sinus,0.05,0,3,prospective,AP,3,0,100000
sinus,0.05,0,3,prospective,SL,3,0,100000
sinus,0.05,0,3,retrospective,AP,2.69934,0.00190296,100000
sinus,0.05,0,3,retrospective,SL,2.69934,0.00190296,100000
sinus,0.05,0,5,prospective,AP,5,0,100000
sinus,0.05,0,5,prospective,SL,5,0,100000
sinus,0.05,0,5,retrospective,AP,3.65631,0.00417649,100000
sinus,0.05,0,5,retrospective,SL,3.65631,0.00417649,100000
sinus,0.05,0,7,prospective,AP,7,0,100000
sinus,0.05,0,7,prospective,SL,7,0,100000
sinus,0.05,0,7,retrospective,AP,3.99009,0.00554907,100000
sinus,0.05,0,7,retrospective,SL,3.99009,0.00554907,100000
sinus,0.05,0,10,prospective,AP,10,0,100000
sinus,0.05,0,10,prospective,SL,10,0,100000
sinus,0.05,0,10,retrospective,AP,4.05404,0.00607964,100000
sinus,0.05,0,10,retrospective,SL,4.05404,0.00607964,100000
sinus,0.05,0,13,prospective,AP,13,0,100000
sinus,0.05,0,13,prospective,SL,13,0,100000
sinus,0.05,0,13,retrospective,AP,4.06944,0.00615,100000
sinus,0.05,0,13,retrospective,SL,4.06944,0.00615,100000
sinus,0.05,0.1,1,prospective,AP,1,0,100000
sinus,0.05,0.1,1,prospective,SL,1,0,100000
sinus,0.05,0.1,1,retrospective,AP,1,0,100000
sinus,0.05,0.1,1,retrospective,SL,1,0,100000
sinus,0.05,0.1,3,prospective,AP,3.88022,0.00339957,100000
sinus,0.05,0.1,3,prospective,SL,4.61965,0.00522369,100000
sinus,0.05,0.1,3,retrospective,AP,3.11429,0.00333193,100000
sinus,0.05,0.1,3,retrospective,SL,3.34428,0.00400922,100000
sinus,0.05,0.1,5,prospective,AP,7.06125,0.00635578,100000
sinus,0.05,0.1,5,prospective,SL,8.81761,0.0102448,100000
sinus,0.05,0.1,5,retrospective,AP,3.911,0.00529368,100000
sinus,0.05,0.1,5,retrospective,SL,3.99099,0.0056753,100000
sinus,0.05,0.1,7,prospective,AP,10.3574,0.00929824,100000
sinus,0.05,0.1,7,prospective,SL,13.2277,0.0147125,100000
sinus,0.05,0.1,7,retrospective,AP,4.05746,0.00599806,100000
sinus,0.05,0.1,7,retrospective,SL,4.06881,0.00608304,100000
sinus,0.05,0.1,10,prospective,AP,15.3229,0.0131504,100000
sinus,0.05,0.1,10,prospective,SL,19.4117,0.0179131,100000
sinus,0.05,0.1,10,retrospective,AP,4.08269,0.00615307,100000
sinus,0.05,0.1,10,retrospective,SL,4.08308,0.00615772,100000
sinus,0.05,0.1,13,prospective,AP,20.0233,0.0148608,100000
sinus,0.05,0.1,13,prospective,SL,24.2945,0.0161595,100000
sinus,0.05,0.1,13,retrospective,AP,4.0643,0.00613269,100000
sinus,0.05,0.1,13,retrospective,SL,4.06432,0.00613301,100000
sinus,0.05,0.15,1,prospective,AP,1,0,100000
sinus,0.05,0.15,1,prospective,SL,1,0,100000
sinus,0.05,0.15,1,retrospective,AP,1,0,100000
sinus,0.05,0.15,1,retrospective,SL,1,0,100000
sinus,0.05,0.15,3,prospective,AP,3.40026,0.0023088,100000
sinus,0.05,0.15,3,prospective,SL,3.91221,0.00384941,100000
sinus,0.05,0.15,3,retrospective,AP,2.90681,0.00268811,100000
sinus,0.05,0.15,3,retrospective,SL,3.1166,0.0033765,100000
sinus,0.05,0.15,5,prospective,AP,5.94685,0.00422275,100000
sinus,0.05,0.15,5,prospective,SL,7.15136,0.00744464,100000
sinus,0.05,0.15,5,retrospective,AP,3.7996,0.00480425,100000
sinus,0.05,0.15,5,retrospective,SL,3.89788,0.0052604,100000
sinus,0.05,0.15,7,prospective,AP,8.51978,0.00602193,100000
sinus,0.05,0.15,7,prospective,SL,10.4588,0.0108455,100000
sinus,0.05,0.15,7,retrospective,AP,4.02958,0.00582251,100000
sinus,0.05,0.15,7,retrospective,SL,4.05064,0.00596953,100000
sinus,0.05,0.15,10,prospective,AP,12.4322,0.00880084,100000
sinus,0.05,0.15,10,prospective,SL,15.3899,0.0148148,100000
sinus,0.05,0.15,10,retrospective,AP,4.06872,0.00613566,100000
sinus,0.05,0.15,10,retrospective,SL,4.06971,0.00614707,100000
sinus,0.05,0.15,13,prospective,AP,16.3208,0.0110411,100000
sinus,0.05,0.15,13,prospective,SL,20.0024,0.0162523,100000
sinus,0.05,0.15,13,retrospective,AP,4.07644,0.00613687,100000
sinus,0.05,0.15,13,retrospective,SL,4.07646,0.00613717,100000
sinus,0.05,0.2,1,prospective,AP,1,0,100000
sinus,0.05,0.2,1,prospective,SL,1,0,100000
sinus,0.05,0.2,1,retrospective,AP,1,0,100000
sinus,0.05,0.2,1,retrospective,SL,1,0,100000
sinus,0.05,0.2,3,prospective,AP,3.1896,0.00160398,100000
sinus,0.05,0.2,3,prospective,SL,3.55311,0.00297181,100000
sinus,0.05,0.2,3,retrospective,AP,2.80438,0.00232916,100000
sinus,0.05,0.2,3,retrospective,SL,2.97113,0.0029428,100000
sinus,0.05,0.2,5,prospective,AP,5.45596,0.00285673,100000
sinus,0.05,0.2,5,prospective,SL,6.29328,0.00567334,100000
sinus,0.05,0.2,5,retrospective,AP,3.73203,0.00451688,100000
sinus,0.05,0.2,5,retrospective,SL,3.82581,0.00495666,100000
sinus,0.05,0.2,7,prospective,AP,7.74106,0.00414445,100000
sinus,0.05,0.2,7,prospective,SL,9.08478,0.00833271,100000
sinus,0.05,0.2,7,retrospective,AP,4.0139,0.00570223,100000
sinus,0.05,0.2,7,retrospective,SL,4.03727,0.00586177,100000
sinus,0.05,0.2,10,prospective,AP,11.1881,0.00601352,100000
sinus,0.05,0.2,10,prospective,SL,13.27,0.0117124,100000
sinus,0.05,0.2,10,retrospective,AP,4.07695,0.00610345,100000
sinus,0.05,0.2,10,retrospective,SL,4.07813,0.00611677,100000
sinus,0.05,0.2,13,prospective,AP,14.6263,0.00762813,100000
sinus,0.05,0.2,13,prospective,SL,17.3587,0.0137882,100000
sinus,0.05,0.2,13,retrospective,AP,4.09072,0.00615216,100000
sinus,0.05,0.2,13,retrospective,SL,4.09075,0.00615264,100000
sinus,0.05,0.25,1,prospective,AP,1,0,100000
sinus,0.05,0.25,1,prospective,SL,1,0,100000
sinus,0.05,0.25,1,retrospective,AP,1,0,100000
sinus,0.05,0.25,1,retrospective,SL,1,0,100000
sinus,0.05,0.25,3,prospective,AP,3.09514,0.00112031,100000
sinus,0.05,0.25,3,prospective,SL,3.35508,0.00240342,100000
sinus,0.05,0.25,3,retrospective,AP,2.7555,0.0021227,100000
sinus,0.05,0.25,3,retrospective,SL,2.88061,0.00263713,100000
sinus,0.05,0.25,5,prospective,AP,5.2331,0.00198954,100000
sinus,0.05,0.25,5,prospective,SL,5.82331,0.00447682,100000
sinus,0.05,0.25,5,retrospective,AP,3.70548,0.00434202,100000
sinus,0.05,0.25,5,retrospective,SL,3.7827,0.00470392,100000
sinus,0.05,0.25,7,prospective,AP,7.38057,0.00286022,100000
sinus,0.05,0.25,7,prospective,SL,8.32168,0.00651056,100000
sinus,0.05,0.25,7,retrospective,AP,4.00351,0.00562577,100000
sinus,0.05,0.25,7,retrospective,SL,4.02447,0.00576767,100000
sinus,0.05,0.25,10,prospective,AP,10.6113,0.00416216,100000
sinus,0.05,0.25,10,prospective,SL,12.0757,0.0093045,100000
sinus,0.05,0.25,10,retrospective,AP,4.0706,0.00611543,100000
sinus,0.05,0.25,10,retrospective,SL,4.07189,0.00612947,100000
sinus,0.05,0.25,13,prospective,AP,13.8579,0.0054497,100000
sinus,0.05,0.25,13,prospective,SL,15.8084,0.0113538,100000
sinus,0.05,0.25,13,retrospective,AP,4.07923,0.00615273,100000
sinus,0.05,0.25,13,retrospective,SL,4.07931,0.00615399,100000
sinus,0.1,0,1,prospective,AP,1,0,100000
sinus,0.1,0,1,prospective,SL,1,0,100000
sinus,0.1,0,1,retrospective,AP,1,0,100000
sinus,0.1,0,1,retrospective,SL,1,0,100000
sinus,0.1,0,3,prospective,AP,3,0,100000
sinus,0.1,0,3,prospective,SL,3,0,100000
sinus,0.1,0,3,retrospective,AP,2.70255,0.00188965,100000
sinus,0.1,0,3,retrospective,SL,2.70255,0.00188965,100000
sinus,0.1,0,5,prospective,AP,5,0,100000
sinus,0.1,0,5,prospective,SL,5,0,100000
sinus,0.1,0,5,retrospective,AP,3.65805,0.00415918,100000
sinus,0.1,0,5,retrospective,SL,3.65805,0.00415918,100000
sinus,0.1,0,7,prospective,AP,7,0,100000
sinus,0.1,0,7,prospective,SL,7,0,100000
sinus,0.1,0,7,retrospective,AP,3.98948,0.00553899,100000
sinus,0.1,0,7,retrospective,SL,3.98948,0.00553899,100000
sinus,0.1,0,10,prospective,AP,10,0,100000
sinus,0.1,0,10,prospective,SL,10,0,100000
sinus,0.1,0,10,retrospective,AP,4.07564,0.00611531,100000
sinus,0.1,0,10,retrospective,SL,4.07564,0.00611531,100000
sinus,0.1,0,13,prospective,AP,13,0,100000
sinus,0.1,0,13,prospective,SL,13,0,100000
sinus,0.1,0,13,retrospective,AP,4.07711,0.00615347,100000
sinus,0.1,0,13,retrospective,SL,4.07711,0.00615347,100000
sinus,0.1,0.1,1,prospective,AP,1,0,100000
sinus,0.1,0.1,1,prospective,SL,1,0,100000
sinus,0.1,0.1,1,retrospective,AP,1,0,100000
sinus,0.1,0.1,1,retrospective,SL,1,0,100000
sinus,0.1,0.1,3,prospective,AP,4.22079,0.00373162,100000
sinus,0.1,0.1,3,prospective,SL,4.84918,0.00535463,100000
sinus,0.1,0.1,3,retrospective,AP,3.26108,0.00367027,100000
sinus,0.1,0.1,3,retrospective,SL,3.43457,0.00418098,100000
sinus,0.1,0.1,5,prospective,AP,7.85626,0.00667675,100000
sinus,0.1,0.1,5,prospective,SL,9.38847,0.0101254,100000
sinus,0.1,0.1,5,retrospective,AP,3.96525,0.00557569,100000
sinus,0.1,0.1,5,retrospective,SL,4.00681,0.00578861,100000
sinus,0.1,0.1,7,prospective,AP,11.6385,0.00950935,100000
sinus,0.1,0.1,7,prospective,SL,14.081,0.0143212,100000
sinus,0.1,0.1,7,retrospective,AP,4.0696,0.0060799,100000
sinus,0.1,0.1,7,retrospective,SL,4.07424,0.00611809,100000
sinus,0.1,0.1,10,prospective,AP,17.3593,0.0129247,100000
sinus,0.1,0.1,10,prospective,SL,20.7711,0.0168032,100000
sinus,0.1,0.1,10,retrospective,AP,4.06847,0.00615077,100000
sinus,0.1,0.1,10,retrospective,SL,4.06847,0.00615074,100000
sinus,0.1,0.1,13,prospective,AP,22.7752,0.0136241,100000
sinus,0.1,0.1,13,prospective,SL,25.8793,0.0135666,100000
sinus,0.1,0.1,13,retrospective,AP,4.06316,0.00612308,100000
sinus,0.1,0.1,13,retrospective,SL,4.06316,0.00612308,100000
sinus,0.1,0.15,1,prospective,AP,1,0,100000
sinus,0.1,0.15,1,prospective,SL,1,0,100000
sinus,0.1,0.15,1,retrospective,AP,1,0,100000
sinus,0.1,0.15,1,retrospective,SL,1,0,100000
sinus,0.1,0.15,3,prospective,AP,3.60697,0.00264806,100000
sinus,0.1,0.15,3,prospective,SL,4.0779,0.00394237,100000
sinus,0.1,0.15,3,retrospective,AP,3.01297,0.00299374,100000
sinus,0.1,0.15,3,retrospective,SL,3.19298,0.00355026,100000
sinus,0.1,0.15,5,prospective,AP,6.42575,0.00462371,100000
sinus,0.1,0.15,5,prospective,SL,7.51999,0.00754272,100000
sinus,0.1,0.15,5,retrospective,AP,3.8758,0.0051069,100000
sinus,0.1,0.15,5,retrospective,SL,3.94551,0.00543471,100000
sinus,0.1,0.15,7,prospective,AP,9.2988,0.0065231,100000
sinus,0.1,0.15,7,prospective,SL,11.0743,0.0109021,100000
sinus,0.1,0.15,7,retrospective,AP,4.05216,0.00594699,100000
sinus,0.1,0.15,7,retrospective,SL,4.06487,0.00604271,100000
sinus,0.1,0.15,10,prospective,AP,13.6687,0.00917828,100000
sinus,0.1,0.15,10,prospective,SL,16.3622,0.0144877,100000
sinus,0.1,0.15,10,retrospective,AP,4.07177,0.0061341,100000
sinus,0.1,0.15,10,retrospective,SL,4.07221,0.00613934,100000
sinus,0.1,0.15,13,prospective,AP,18.0069,0.0111734,100000
sinus,0.1,0.15,13,prospective,SL,21.2416,0.0153059,100000
sinus,0.1,0.15,13,retrospective,AP,4.08083,0.00613265,100000
sinus,0.1,0.15,13,retrospective,SL,4.08083,0.00613265,100000
sinus,0.1,0.2,1,prospective,AP,1,0,100000
sinus,0.1,0.2,1,prospective,SL,1,0,100000
sinus,0.1,0.2,1,retrospective,AP,1,0,100000
sinus,0.1,0.2,1,retrospective,SL,1,0,100000
sinus,0.1,0.2,3,prospective,AP,3.31453,0.00193914,100000
sinus,0.1,0.2,3,prospective,SL,3.67185,0.00314738,100000
sinus,0.1,0.2,3,retrospective,AP,2.86661,0.00254135,100000
sinus,0.1,0.2,3,retrospective,SL,3.02146,0.00307361,100000
sinus,0.1,0.2,5,prospective,AP,5.74193,0.00333368,100000
sinus,0.1,0.2,5,prospective,SL,6.55928,0.00588253,100000
sinus,0.1,0.2,5,retrospective,AP,3.79145,0.0047302,100000
sinus,0.1,0.2,5,retrospective,SL,3.86988,0.00509664,100000
sinus,0.1,0.2,7,prospective,AP,8.19968,0.004682,100000
sinus,0.1,0.2,7,prospective,SL,9.49306,0.00839905,100000
sinus,0.1,0.2,7,retrospective,AP,4.02901,0.00579291,100000
sinus,0.1,0.2,7,retrospective,SL,4.04607,0.00591299,100000
sinus,0.1,0.2,10,prospective,AP,11.8978,0.00649497,100000
sinus,0.1,0.2,10,prospective,SL,13.9375,0.0117218,100000
sinus,0.1,0.2,10,retrospective,AP,4.07271,0.00612338,100000
sinus,0.1,0.2,10,retrospective,SL,4.07361,0.00613388,100000
sinus,0.1,0.2,13,prospective,AP,15.6216,0.00825879,100000
sinus,0.1,0.2,13,prospective,SL,18.2264,0.0136513,100000
sinus,0.1,0.2,13,retrospective,AP,4.08065,0.00613135,100000
sinus,0.1,0.2,13,retrospective,SL,4.08065,0.00613135,100000
sinus,0.1,0.25,1,prospective,AP,1,0,100000
sinus,0.1,0.25,1,prospective,SL,1,0,100000
sinus,0.1,0.25,1,retrospective,AP,1,0,100000
sinus,0.1,0.25,1,retrospective,SL,1,0,100000
sinus,0.1,0.25,3,prospective,AP,3.15676,0.00138314,100000
sinus,0.1,0.25,3,prospective,SL,3.42759,0.00252528,100000
sinus,0.1,0.25,3,retrospective,AP,2.78759,0.0022465,100000
sinus,0.1,0.25,3,retrospective,SL,2.91549,0.00273696,100000
sinus,0.1,0.25,5,prospective,AP,5.39026,0.00240013,100000
sinus,0.1,0.25,5,prospective,SL,5.99352,0.00469674,100000
sinus,0.1,0.25,5,retrospective,AP,3.72405,0.00446762,100000
sinus,0.1,0.25,5,retrospective,SL,3.79982,0.00482679,100000
sinus,0.1,0.25,7,prospective,AP,7.64159,0.00344314,100000
sinus,0.1,0.25,7,prospective,SL,8.60305,0.00682405,100000
sinus,0.1,0.25,7,retrospective,AP,4.01501,0.00569779,100000
sinus,0.1,0.25,7,retrospective,SL,4.03409,0.0058292,100000
sinus,0.1,0.25,10,prospective,AP,11.0159,0.00474088,100000
sinus,0.1,0.25,10,prospective,SL,12.5153,0.0095142,100000
sinus,0.1,0.25,10,retrospective,AP,4.06886,0.00610239,100000
sinus,0.1,0.25,10,retrospective,SL,4.06999,0.00611501,100000
sinus,0.1,0.25,13,prospective,AP,14.4094,0.00609689,100000
sinus,0.1,0.25,13,prospective,SL,16.3999,0.0115051,100000
sinus,0.1,0.25,13,retrospective,AP,4.08424,0.00614223,100000
sinus,0.1,0.25,13,retrospective,SL,4.08426,0.00614257,100000
sinus,0.15,0,1,prospective,AP,1,0,100000
sinus,0.15,0,1,prospective,SL,1,0,100000
sinus,0.15,0,1,retrospective,AP,1,0,100000
sinus,0.15,0,1,retrospective,SL,1,0,100000
sinus,0.15,0,3,prospective,AP,3,0,100000
sinus,0.15,0,3,prospective,SL,3,0,100000
sinus,0.15,0,3,retrospective,AP,2.70097,0.0018944,100000
sinus,0.15,0,3,retrospective,SL,2.70097,0.0018944,100000
sinus,0.15,0,5,prospective,AP,5,0,100000
sinus,0.15,0,5,prospective,SL,5,0,100000
sinus,0.15,0,5,retrospective,AP,3.6545,0.00416159,100000
sinus,0.15,0,5,retrospective,SL,3.6545,0.00416159,100000
sinus,0.15,0,7,prospective,AP,7,0,100000
sinus,0.15,0,7,prospective,SL,7,0,100000
sinus,0.15,0,7,retrospective,AP,3.98709,0.00553132,100000
sinus,0.15,0,7,retrospective,SL,3.98709,0.00553132,100000
sinus,0.15,0,10,prospective,AP,10,0,100000
sinus,0.15,0,10,prospective,SL,10,0,100000
sinus,0.15,0,10,retrospective,AP,4.06333,0.00609048,100000
sinus,0.15,0,10,retrospective,SL,4.06333,0.00609048,100000
sinus,0.15,0,13,prospective,AP,13,0,100000
sinus,0.15,0,13,prospective,SL,13,0,100000
sinus,0.15,0,13,retrospective,AP,4.08388,0.00612773,100000
sinus,0.15,0,13,retrospective,SL,4.08388,0.00612773,100000
sinus,0.15,0.1,1,prospective,AP,1,0,100000
sinus,0.15,0.1,1,prospective,SL,1,0,100000
sinus,0.15,0.1,1,retrospective,AP,1,0,100000
sinus,0.15,0.1,1,retrospective,SL,1,0,100000
sinus,0.15,0.1,3,prospective,AP,4.63978,0.00419535,100000
sinus,0.15,0.1,3,prospective,SL,5.16245,0.00553916,100000
sinus,0.15,0.1,3,retrospective,AP,3.4055,0.00404617,100000
sinus,0.15,0.1,3,retrospective,SL,3.52503,0.00440229,100000
sinus,0.15,0.1,5,prospective,AP,8.8574,0.00732765,100000
sinus,0.15,0.1,5,prospective,SL,10.1454,0.010322,100000
sinus,0.15,0.1,5,retrospective,AP,4.01282,0.00579913,100000
sinus,0.15,0.1,5,retrospective,SL,4.03347,0.00591343,100000
sinus,0.15,0.1,7,prospective,AP,13.2901,0.0102061,100000
sinus,0.15,0.1,7,prospective,SL,15.3773,0.0142067,100000
sinus,0.15,0.1,7,retrospective,AP,4.08077,0.00610299,100000
sinus,0.15,0.1,7,retrospective,SL,4.08204,0.00611487,100000
sinus,0.15,0.1,10,prospective,AP,20.0413,0.0133007,100000
sinus,0.15,0.1,10,prospective,SL,22.6738,0.0155513,100000
sinus,0.15,0.1,10,retrospective,AP,4.07533,0.00614294,100000
sinus,0.15,0.1,10,retrospective,SL,4.07537,0.00614344,100000
sinus,0.15,0.1,13,prospective,AP,25.884,0.0119038,100000
sinus,0.15,0.1,13,prospective,SL,27.6463,0.0103794,100000
sinus,0.15,0.1,13,retrospective,AP,4.07104,0.00614985,100000
sinus,0.15,0.1,13,retrospective,SL,4.07104,0.00614985,100000
sinus,0.15,0.15,1,prospective,AP,1,0,100000
sinus,0.15,0.15,1,prospective,SL,1,0,100000
sinus,0.15,0.15,1,retrospective,AP,1,0,100000
sinus,0.15,0.15,1,retrospective,SL,1,0,100000
sinus,0.15,0.15,3,prospective,AP,3.9011,0.00306328,100000
sinus,0.15,0.15,3,prospective,SL,4.30469,0.004146,100000
sinus,0.15,0.15,3,retrospective,AP,3.14494,0.00334566,100000
sinus,0.15,0.15,3,retrospective,SL,3.27593,0.00374968,100000
sinus,0.15,0.15,5,prospective,AP,7.11719,0.00523212,100000
sinus,0.15,0.15,5,prospective,SL,8.05844,0.00766878,100000
sinus,0.15,0.15,5,retrospective,AP,3.93453,0.00538685,100000
sinus,0.15,0.15,5,retrospective,SL,3.97523,0.0055903,100000
sinus,0.15,0.15,7,prospective,AP,10.4176,0.00724853,100000
sinus,0.15,0.15,7,prospective,SL,11.9432,0.0109164,100000
sinus,0.15,0.15,7,retrospective,AP,4.05966,0.00604796,100000
sinus,0.15,0.15,7,retrospective,SL,4.06424,0.00608437,100000
sinus,0.15,0.15,10,prospective,AP,15.4544,0.00995994,100000
sinus,0.15,0.15,10,prospective,SL,17.7532,0.0142626,100000
sinus,0.15,0.15,10,retrospective,AP,4.08108,0.00616109,100000
sinus,0.15,0.15,10,retrospective,SL,4.08132,0.00616401,100000
sinus,0.15,0.15,13,prospective,AP,20.4539,0.0117066,100000
sinus,0.15,0.15,13,prospective,SL,23.0275,0.0141983,100000
sinus,0.15,0.15,13,retrospective,AP,4.07767,0.00613643,100000
sinus,0.15,0.15,13,retrospective,SL,4.07767,0.00613643,100000
sinus,0.15,0.2,1,prospective,AP,1,0,100000
sinus,0.15,0.2,1,prospective,SL,1,0,100000
sinus,0.15,0.2,1,retrospective,AP,1,0,100000
sinus,0.15,0.2,1,retrospective,SL,1,0,100000
sinus,0.15,0.2,3,prospective,AP,3.51768,0.00234195,100000
sinus,0.15,0.2,3,prospective,SL,3.83854,0.00333089,100000
sinus,0.15,0.2,3,retrospective,AP,2.96697,0.00285217,100000
sinus,0.15,0.2,3,retrospective,SL,3.09648,0.00328104,100000
sinus,0.15,0.2,5,prospective,AP,6.21547,0.00392035,100000
sinus,0.15,0.2,5,prospective,SL,6.95407,0.00607269,100000
sinus,0.15,0.2,5,retrospective,AP,3.84642,0.0050039,100000
sinus,0.15,0.2,5,retrospective,SL,3.90496,0.00527749,100000
sinus,0.15,0.2,7,prospective,AP,8.96062,0.00537408,100000
sinus,0.15,0.2,7,prospective,SL,10.1234,0.00862585,100000
sinus,0.15,0.2,7,retrospective,AP,4.03531,0.00591755,100000
sinus,0.15,0.2,7,retrospective,SL,4.04459,0.00598553,100000
sinus,0.15,0.2,10,prospective,AP,13.1195,0.00746635,100000
sinus,0.15,0.2,10,prospective,SL,14.9539,0.0118853,100000
sinus,0.15,0.2,10,retrospective,AP,4.07538,0.00617389,100000
sinus,0.15,0.2,10,retrospective,SL,4.07583,0.00617925,100000
sinus,0.15,0.2,13,prospective,AP,17.2834,0.00914677,100000
sinus,0.15,0.2,13,prospective,SL,19.6117,0.0134388,100000
sinus,0.15,0.2,13,retrospective,AP,4.0769,0.00612401,100000
sinus,0.15,0.2,13,retrospective,SL,4.0769,0.00612401,100000
sinus,0.15,0.25,1,prospective,AP,1,0,100000
sinus,0.15,0.25,1,prospective,SL,1,0,100000
sinus,0.15,0.25,1,retrospective,AP,1,0,100000
sinus,0.15,0.25,1,retrospective,SL,1,0,100000
sinus,0.15,0.25,3,prospective,AP,3.29557,0.00180624,100000
sinus,0.15,0.25,3,prospective,SL,3.55292,0.00273461,100000
sinus,0.15,0.25,3,retrospective,AP,2.86197,0.00249821,100000
sinus,0.15,0.25,3,retrospective,SL,2.97653,0.00290951,100000
sinus,0.15,0.25,5,prospective,AP,5.70198,0.00299121,100000
sinus,0.15,0.25,5,prospective,SL,6.28011,0.00493386,100000
sinus,0.15,0.25,5,retrospective,AP,3.78314,0.00470758,100000
sinus,0.15,0.25,5,retrospective,SL,3.84637,0.00500199,100000
sinus,0.15,0.25,7,prospective,AP,8.14116,0.0041072,100000
sinus,0.15,0.25,7,prospective,SL,9.06641,0.0070125,100000
sinus,0.15,0.25,7,retrospective,AP,4.03525,0.00582071,100000
sinus,0.15,0.25,7,retrospective,SL,4.05046,0.00592725,100000
sinus,0.15,0.25,10,prospective,AP,11.8327,0.00564541,100000
sinus,0.15,0.25,10,prospective,SL,13.2497,0.0097434,100000
sinus,0.15,0.25,10,retrospective,AP,4.06651,0.00611752,100000
sinus,0.15,0.25,10,retrospective,SL,4.06706,0.00612389,100000
sinus,0.15,0.25,13,prospective,AP,15.5202,0.00705558,100000
sinus,0.15,0.25,13,prospective,SL,17.4047,0.011685,100000
sinus,0.15,0.25,13,retrospective,AP,4.07561,0.00612687,100000
sinus,0.15,0.25,13,retrospective,SL,4.07561,0.00612687,100000
sinus,0.2,0,1,prospective,AP,1,0,100000
sinus,0.2,0,1,prospective,SL,1,0,100000
sinus,0.2,0,1,retrospective,AP,1,0,100000
sinus,0.2,0,1,retrospective,SL,1,0,100000
sinus,0.2,0,3,prospective,AP,3,0,100000
sinus,0.2,0,3,prospective,SL,3,0,100000
sinus,0.2,0,3,retrospective,AP,2.70074,0.00190012,100000
sinus,0.2,0,3,retrospective,SL,2.70074,0.00190012,100000
sinus,0.2,0,5,prospective,AP,5,0,100000
sinus,0.2,0,5,prospective,SL,5,0,100000
sinus,0.2,0,5,retrospective,AP,3.66107,0.00415718,100000
sinus,0.2,0,5,retrospective,SL,3.66107,0.00415718,100000
sinus,0.2,0,7,prospective,AP,7,0,100000
sinus,0.2,0,7,prospective,SL,7,0,100000
sinus,0.2,0,7,retrospective,AP,3.98156,0.00553161,100000
sinus,0.2,0,7,retrospective,SL,3.98156,0.00553161,100000
sinus,0.2,0,10,prospective,AP,10,0,100000
sinus,0.2,0,10,prospective,SL,10,0,100000
sinus,0.2,0,10,retrospective,AP,4.06544,0.00609279,100000
sinus,0.2,0,10,retrospective,SL,4.06544,0.00609279,100000
sinus,0.2,0,13,prospective,AP,13,0,100000
sinus,0.2,0,13,prospective,SL,13,0,100000
sinus,0.2,0,13,retrospective,AP,4.0732,0.00615907,100000
sinus,0.2,0,13,retrospective,SL,4.0732,0.00615907,100000
sinus,0.2,0.1,1,prospective,AP,1,0,100000
sinus,0.2,0.1,1,prospective,SL,1,0,100000
sinus,0.2,0.1,1,retrospective,AP,1,0,100000
sinus,0.2,0.1,1,retrospective,SL,1,0,100000
sinus,0.2,0.1,3,prospective,AP,5.0653,0.00470854,100000
sinus,0.2,0.1,3,prospective,SL,5.50718,0.00581577,100000
sinus,0.2,0.1,3,retrospective,AP,3.52248,0.00436304,100000
sinus,0.2,0.1,3,retrospective,SL,3.59851,0.00460901,100000
sinus,0.2,0.1,5,prospective,AP,9.92262,0.00814735,100000
sinus,0.2,0.1,5,prospective,SL,11.0261,0.0106926,100000
sinus,0.2,0.1,5,retrospective,AP,4.0389,0.00593237,100000
sinus,0.2,0.1,5,retrospective,SL,4.0479,0.00598309,100000
sinus,0.2,0.1,7,prospective,AP,15.0619,0.0112539,100000
sinus,0.2,0.1,7,prospective,SL,16.8251,0.0145102,100000
sinus,0.2,0.1,7,retrospective,AP,4.08173,0.00612226,100000
sinus,0.2,0.1,7,retrospective,SL,4.08198,0.00612501,100000
sinus,0.2,0.1,10,prospective,AP,22.7943,0.0136567,100000
sinus,0.2,0.1,10,prospective,SL,24.637,0.0143035,100000
sinus,0.2,0.1,10,retrospective,AP,4.0644,0.00613051,100000
sinus,0.2,0.1,10,retrospective,SL,4.06438,0.00613018,100000
sinus,0.2,0.1,13,prospective,AP,28.1882,0.00879756,100000
sinus,0.2,0.1,13,prospective,SL,28.8954,0.00726086,100000
sinus,0.2,0.1,13,retrospective,AP,4.06713,0.00615986,100000
sinus,0.2,0.1,13,retrospective,SL,4.06713,0.00615986,100000
sinus,0.2,0.15,1,prospective,AP,1,0,100000
sinus,0.2,0.15,1,prospective,SL,1,0,100000
sinus,0.2,0.15,1,retrospective,AP,1,0,100000
sinus,0.2,0.15,1,retrospective,SL,1,0,100000
sinus,0.2,0.15,3,prospective,AP,4.22935,0.00351463,100000
sinus,0.2,0.15,3,prospective,SL,4.58079,0.00444575,100000
sinus,0.2,0.15,3,retrospective,AP,3.27499,0.00368441,100000
sinus,0.2,0.15,3,retrospective,SL,3.36737,0.00396861,100000
sinus,0.2,0.15,5,prospective,AP,7.88751,0.00594879,100000
sinus,0.2,0.15,5,prospective,SL,8.68737,0.00803086,100000
sinus,0.2,0.15,5,retrospective,AP,3.98231,0.0056126,100000
sinus,0.2,0.15,5,retrospective,SL,4.00559,0.00573686,100000
sinus,0.2,0.15,7,prospective,AP,11.6696,0.0081113,100000
sinus,0.2,0.15,7,prospective,SL,12.9701,0.0111977,100000
sinus,0.2,0.15,7,retrospective,AP,4.06224,0.00607031,100000
sinus,0.2,0.15,7,retrospective,SL,4.06449,0.00608896,100000
sinus,0.2,0.15,10,prospective,AP,17.4698,0.0110308,100000
sinus,0.2,0.15,10,prospective,SL,19.41,0.014186,100000
sinus,0.2,0.15,10,retrospective,AP,4.06268,0.00611136,100000
sinus,0.2,0.15,10,retrospective,SL,4.06269,0.00611153,100000
sinus,0.2,0.15,13,prospective,AP,23.1198,0.0121186,100000
sinus,0.2,0.15,13,prospective,SL,24.9936,0.01292,100000
sinus,0.2,0.15,13,retrospective,AP,4.07402,0.00615207,100000
sinus,0.2,0.15,13,retrospective,SL,4.07402,0.00615207,100000
sinus,0.2,0.2,1,prospective,AP,1,0,100000
sinus,0.2,0.2,1,prospective,SL,1,0,100000
sinus,0.2,0.2,1,retrospective,AP,1,0,100000
sinus,0.2,0.2,1,retrospective,SL,1,0,100000
sinus,0.2,0.2,3,prospective,AP,3.76624,0.00275906,100000
sinus,0.2,0.2,3,prospective,SL,4.05324,0.00357835,100000
sinus,0.2,0.2,3,retrospective,AP,3.08157,0.00318023,100000
sinus,0.2,0.2,3,retrospective,SL,3.18412,0.00350601,100000
sinus,0.2,0.2,5,prospective,AP,6.79081,0.0046014,100000
sinus,0.2,0.2,5,prospective,SL,7.43628,0.00640256,100000
sinus,0.2,0.2,5,retrospective,AP,3.90536,0.00527997,100000
sinus,0.2,0.2,5,retrospective,SL,3.93899,0.00544562,100000
sinus,0.2,0.2,7,prospective,AP,9.89093,0.00621446,100000
sinus,0.2,0.2,7,prospective,SL,10.9189,0.0089685,100000
sinus,0.2,0.2,7,retrospective,AP,4.05109,0.00600355,100000
sinus,0.2,0.2,7,retrospective,SL,4.05676,0.00604838,100000
sinus,0.2,0.2,10,prospective,AP,14.6117,0.00851935,100000
sinus,0.2,0.2,10,prospective,SL,16.2025,0.0121271,100000
sinus,0.2,0.2,10,retrospective,AP,4.06704,0.00613096,100000
sinus,0.2,0.2,10,retrospective,SL,4.06712,0.00613194,100000
sinus,0.2,0.2,13,prospective,AP,19.3266,0.0102038,100000
sinus,0.2,0.2,13,prospective,SL,21.2773,0.0132295,100000
sinus,0.2,0.2,13,retrospective,AP,4.07693,0.00614518,100000
sinus,0.2,0.2,13,retrospective,SL,4.07693,0.00614518,100000
sinus,0.2,0.25,1,prospective,AP,1,0,100000
sinus,0.2,0.25,1,prospective,SL,1,0,100000
sinus,0.2,0.25,1,retrospective,AP,1,0,100000
sinus,0.2,0.25,1,retrospective,SL,1,0,100000
sinus,0.2,0.25,3,prospective,AP,3.48297,0.00223086,100000
sinus,0.2,0.25,3,prospective,SL,3.72258,0.00299921,100000
sinus,0.2,0.25,3,retrospective,AP,2.95558,0.00279924,100000
sinus,0.2,0.25,3,retrospective,SL,3.05205,0.00312488,100000
sinus,0.2,0.25,5,prospective,AP,6.13284,0.0036276,100000
sinus,0.2,0.25,5,prospective,SL,6.65877,0.00528437,100000
sinus,0.2,0.25,5,retrospective,AP,3.85204,0.0049808,100000
sinus,0.2,0.25,5,retrospective,SL,3.89668,0.00519364,100000
sinus,0.2,0.25,7,prospective,AP,8.822,0.00490702,100000
sinus,0.2,0.25,7,prospective,SL,9.66374,0.00740792,100000
sinus,0.2,0.25,7,retrospective,AP,4.05275,0.00591559,100000
sinus,0.2,0.25,7,retrospective,SL,4.06084,0.00597632,100000
sinus,0.2,0.25,10,prospective,AP,12.906,0.006633,100000
sinus,0.2,0.25,10,prospective,SL,14.207,0.0100897,100000
sinus,0.2,0.25,10,retrospective,AP,4.06695,0.00611062,100000
sinus,0.2,0.25,10,retrospective,SL,4.06722,0.00611405,100000
sinus,0.2,0.25,13,prospective,AP,16.9982,0.00812044,100000
sinus,0.2,0.25,13,prospective,SL,18.6977,0.0118768,100000
sinus,0.2,0.25,13,retrospective,AP,4.08408,0.00614598,100000
sinus,0.2,0.25,13,retrospective,SL,4.08409,0.00614615,100000
sinus,0.25,0,1,prospective,AP,1,0,100000
sinus,0.25,0,1,prospective,SL,1,0,100000
sinus,0.25,0,1,retrospective,AP,1,0,100000
sinus,0.25,0,1,retrospective,SL,1,0,100000
sinus,0.25,0,3,prospective,AP,3,0,100000
sinus,0.25,0,3,prospective,SL,3,0,100000
sinus,0.25,0,3,retrospective,AP,2.70105,0.00189484,100000
sinus,0.25,0,3,retrospective,SL,2.70105,0.00189484,100000
sinus,0.25,0,5,prospective,AP,5,0,100000
sinus,0.25,0,5,prospective,SL,5,0,100000
sinus,0.25,0,5,retrospective,AP,3.65943,0.00416058,100000
sinus,0.25,0,5,retrospective,SL,3.65943,0.00416058,100000
sinus,0.25,0,7,prospective,AP,7,0,100000
sinus,0.25,0,7,prospective,SL,7,0,100000
sinus,0.25,0,7,retrospective,AP,3.98953,0.00554942,100000
sinus,0.25,0,7,retrospective,SL,3.98953,0.00554942,100000
sinus,0.25,0,10,prospective,AP,10,0,100000
sinus,0.25,0,10,prospective,SL,10,0,100000
sinus,0.25,0,10,retrospective,AP,4.06401,0.00611394,100000
sinus,0.25,0,10,retrospective,SL,4.06401,0.00611394,100000
sinus,0.25,0,13,prospective,AP,13,0,100000
sinus,0.25,0,13,prospective,SL,13,0,100000
sinus,0.25,0,13,retrospective,AP,4.06987,0.00614284,100000
sinus,0.25,0,13,retrospective,SL,4.06987,0.00614284,100000
sinus,0.25,0.1,1,prospective,AP,1,0,100000
sinus,0.25,0.1,1,prospective,SL,1,0,100000
sinus,0.25,0.1,1,retrospective,AP,1,0,100000
sinus,0.25,0.1,1,retrospective,SL,1,0,100000
sinus,0.25,0.1,3,prospective,AP,5.49448,0.00523948,100000
sinus,0.25,0.1,3,prospective,SL,5.86959,0.0062181,100000
sinus,0.25,0.1,3,retrospective,AP,3.61127,0.00463853,100000
sinus,0.25,0.1,3,retrospective,SL,3.66648,0.00481903,100000
sinus,0.25,0.1,5,prospective,AP,10.983,0.00908021,100000
sinus,0.25,0.1,5,prospective,SL,11.9076,0.0112182,100000
sinus,0.25,0.1,5,retrospective,AP,4.04746,0.00598483,100000
sinus,0.25,0.1,5,retrospective,SL,4.05274,0.00601642,100000
sinus,0.25,0.1,7,prospective,AP,16.8825,0.0125312,100000
sinus,0.25,0.1,7,prospective,SL,18.3314,0.0150023,100000
sinus,0.25,0.1,7,retrospective,AP,4.07814,0.00615977,100000
sinus,0.25,0.1,7,retrospective,SL,4.07838,0.00616206,100000
sinus,0.25,0.1,10,prospective,AP,25.2736,0.0130881,100000
sinus,0.25,0.1,10,prospective,SL,26.3923,0.0126711,100000
sinus,0.25,0.1,10,retrospective,AP,4.06651,0.00612869,100000
sinus,0.25,0.1,10,retrospective,SL,4.06651,0.00612869,100000
sinus,0.25,0.1,13,prospective,AP,29.3036,0.005661,100000
sinus,0.25,0.1,13,prospective,SL,29.5414,0.00465232,100000
sinus,0.25,0.1,13,retrospective,AP,4.0669,0.00615048,100000
sinus,0.25,0.1,13,retrospective,SL,4.0669,0.00615048,100000
sinus,0.25,0.15,1,prospective,AP,1,0,100000
sinus,0.25,0.15,1,prospective,SL,1,0,100000
sinus,0.25,0.15,1,retrospective,AP,1,0,100000
sinus,0.25,0.15,1,retrospective,SL,1,0,100000
sinus,0.25,0.15,3,prospective,AP,4.54956,0.00393515,100000
sinus,0.25,0.15,3,prospective,SL,4.84382,0.00472649,100000
sinus,0.25,0.15,3,retrospective,AP,3.38652,0.00398926,100000
sinus,0.25,0.15,3,retrospective,SL,3.45686,0.00421435,100000
sinus,0.25,0.15,5,prospective,AP,8.65696,0.00666257,100000
sinus,0.25,0.15,5,prospective,SL,9.34044,0.00840127,100000
sinus,0.25,0.15,5,retrospective,AP,4.00393,0.00577099,100000
sinus,0.25,0.15,5,retrospective,SL,4.01633,0.0058427,100000
sinus,0.25,0.15,7,prospective,AP,12.9353,0.00907775,100000
sinus,0.25,0.15,7,prospective,SL,14.0625,0.0117473,100000
sinus,0.25,0.15,7,retrospective,AP,4.07087,0.00611471,100000
sinus,0.25,0.15,7,retrospective,SL,4.07188,0.00612243,100000
sinus,0.25,0.15,10,prospective,AP,19.5402,0.0120896,100000
sinus,0.25,0.15,10,prospective,SL,21.0911,0.014223,100000
sinus,0.25,0.15,10,retrospective,AP,4.07248,0.00613326,100000
sinus,0.25,0.15,10,retrospective,SL,4.0725,0.00613352,100000
sinus,0.25,0.15,13,prospective,AP,25.5799,0.0116416,100000
sinus,0.25,0.15,13,prospective,SL,26.7332,0.0112706,100000
sinus,0.25,0.15,13,retrospective,AP,4.07345,0.00613709,100000
sinus,0.25,0.15,13,retrospective,SL,4.07345,0.00613709,100000
sinus,0.25,0.2,1,prospective,AP,1,0,100000
sinus,0.25,0.2,1,prospective,SL,1,0,100000
sinus,0.25,0.2,1,retrospective,AP,1,0,100000
sinus,0.25,0.2,1,retrospective,SL,1,0,100000
sinus,0.25,0.2,3,prospective,AP,4.02494,0.00316245,100000
sinus,0.25,0.2,3,prospective,SL,4.26877,0.00384071,100000
sinus,0.25,0.2,3,retrospective,AP,3.19531,0.00346228,100000
sinus,0.25,0.2,3,retrospective,SL,3.27788,0.00372043,100000
sinus,0.25,0.2,5,prospective,AP,7.40043,0.00525733,100000
sinus,0.25,0.2,5,prospective,SL,7.96412,0.00681136,100000
sinus,0.25,0.2,5,retrospective,AP,3.95224,0.00548869,100000
sinus,0.25,0.2,5,retrospective,SL,3.97213,0.00559488,100000
sinus,0.25,0.2,7,prospective,AP,10.8737,0.00711881,100000
sinus,0.25,0.2,7,prospective,SL,11.7732,0.00944703,100000
sinus,0.25,0.2,7,retrospective,AP,4.06503,0.00605138,100000
sinus,0.25,0.2,7,retrospective,SL,4.06733,0.00607002,100000
sinus,0.25,0.2,10,prospective,AP,16.1709,0.00953907,100000
sinus,0.25,0.2,10,prospective,SL,17.5509,0.0124914,100000
sinus,0.25,0.2,10,retrospective,AP,4.06374,0.00613674,100000
sinus,0.25,0.2,10,retrospective,SL,4.06379,0.00613746,100000
sinus,0.25,0.2,13,prospective,AP,21.4903,0.0112406,100000
sinus,0.25,0.2,13,prospective,SL,23.0353,0.0130123,100000
sinus,0.25,0.2,13,retrospective,AP,4.07768,0.00614965,100000
sinus,0.25,0.2,13,retrospective,SL,4.07768,0.00614965,100000
sinus,0.25,0.25,1,prospective,AP,1,0,100000
sinus,0.25,0.25,1,prospective,SL,1,0,100000
sinus,0.25,0.25,1,retrospective,AP,1,0,100000
sinus,0.25,0.25,1,retrospective,SL,1,0,100000
sinus,0.25,0.25,3,prospective,AP,3.68334,0.00258227,100000
sinus,0.25,0.25,3,prospective,SL,3.90012,0.00324015,100000
sinus,0.25,0.25,3,retrospective,AP,3.05943,0.00307006,100000
sinus,0.25,0.25,3,retrospective,SL,3.13708,0.00332433,100000
sinus,0.25,0.25,5,prospective,AP,6.60934,0.00426606,100000
sinus,0.25,0.25,5,prospective,SL,7.07796,0.00563647,100000
sinus,0.25,0.25,5,retrospective,AP,3.89543,0.00520465,100000
sinus,0.25,0.25,5,retrospective,SL,3.92601,0.0053547,100000
sinus,0.25,0.25,7,prospective,AP,9.58415,0.00569318,100000
sinus,0.25,0.25,7,prospective,SL,10.3539,0.00783307,100000
sinus,0.25,0.25,7,retrospective,AP,4.05389,0.00596203,100000
sinus,0.25,0.25,7,retrospective,SL,4.05848,0.00599701,100000
sinus,0.25,0.25,10,prospective,AP,14.1317,0.00766434,100000
sinus,0.25,0.25,10,prospective,SL,15.2865,0.0106211,100000
sinus,0.25,0.25,10,retrospective,AP,4.08621,0.00614981,100000
sinus,0.25,0.25,10,retrospective,SL,4.08639,0.00615195,100000
sinus,0.25,0.25,13,prospective,AP,18.7033,0.00930392,100000
sinus,0.25,0.25,13,prospective,SL,20.1825,0.0121903,100000
sinus,0.25,0.25,13,retrospective,AP,4.07238,0.00615337,100000
sinus,0.25,0.25,13,retrospective,SL,4.07238,0.00615337,100000
sinus,0.3,0,1,prospective,AP,1,0,100000
sinus,0.3,0,1,prospective,SL,1,0,100000
sinus,0.3,0,1,retrospective,AP,1,0,100000
sinus,0.3,0,1,retrospective,SL,1,0,100000
sinus,0.3,0,3,prospective,AP,3,0,100000
sinus,0.3,0,3,prospective,SL,3,0,100000
sinus,0.3,0,3,retrospective,AP,2.70251,0.00188927,100000
sinus,0.3,0,3,retrospective,SL,2.70251,0.00188927,100000
sinus,0.3,0,5,prospective,AP,5,0,100000
sinus,0.3,0,5,prospective,SL,5,0,100000
sinus,0.3,0,5,retrospective,AP,3.6452,0.00417094,100000
sinus,0.3,0,5,retrospective,SL,3.6452,0.00417094,100000
sinus,0.3,0,7,prospective,AP,7,0,100000
sinus,0.3,0,7,prospective,SL,7,0,100000
sinus,0.3,0,7,retrospective,AP,3.9741,0.00553778,100000
sinus,0.3,0,7,retrospective,SL,3.9741,0.00553778,100000
sinus,0.3,0,10,prospective,AP,10,0,100000
sinus,0.3,0,10,prospective,SL,10,0,100000
sinus,0.3,0,10,retrospective,AP,4.07335,0.00608298,100000
sinus,0.3,0,10,retrospective,SL,4.07335,0.00608298,100000
sinus,0.3,0,13,prospective,AP,13,0,100000
sinus,0.3,0,13,prospective,SL,13,0,100000
sinus,0.3,0,13,retrospective,AP,4.07185,0.0061493,100000
sinus,0.3,0,13,retrospective,SL,4.07185,0.0061493,100000
sinus,0.3,0.1,1,prospective,AP,1,0,100000
sinus,0.3,0.1,1,prospective,SL,1,0,100000
sinus,0.3,0.1,1,retrospective,AP,1,0,100000
sinus,0.3,0.1,1,retrospective,SL,1,0,100000
sinus,0.3,0.1,3,prospective,AP,5.9055,0.0057583,100000
sinus,0.3,0.1,3,prospective,SL,6.23561,0.00660427,100000
sinus,0.3,0.1,3,retrospective,AP,3.68943,0.00485813,100000
sinus,0.3,0.1,3,retrospective,SL,3.72808,0.00498366,100000
sinus,0.3,0.1,5,prospective,AP,12.0504,0.010104,100000
sinus,0.3,0.1,5,prospective,SL,12.8609,0.0120065,100000
sinus,0.3,0.1,5,retrospective,AP,4.06489,0.00605679,100000
sinus,0.3,0.1,5,retrospective,SL,4.06738,0.00607519,100000
sinus,0.3,0.1,7,prospective,AP,18.5847,0.0136561,100000
sinus,0.3,0.1,7,prospective,SL,19.7832,0.0153386,100000
sinus,0.3,0.1,7,retrospective,AP,4.07843,0.00615928,100000
sinus,0.3,0.1,7,retrospective,SL,4.07839,0.00615903,100000
sinus,0.3,0.1,10,prospective,AP,27.0797,0.0114816,100000
sinus,0.3,0.1,10,prospective,SL,27.7015,0.010715,100000
sinus,0.3,0.1,10,retrospective,AP,4.07214,0.0061474,100000
sinus,0.3,0.1,10,retrospective,SL,4.07214,0.0061474,100000
sinus,0.3,0.1,13,prospective,AP,29.7404,0.00341666,100000
sinus,0.3,0.1,13,prospective,SL,29.8111,0.00296735,100000
sinus,0.3,0.1,13,retrospective,AP,4.07451,0.00616105,100000
sinus,0.3,0.1,13,retrospective,SL,4.07451,0.00616105,100000
sinus,0.3,0.15,1,prospective,AP,1,0,100000
sinus,0.3,0.15,1,prospective,SL,1,0,100000
sinus,0.3,0.15,1,retrospective,AP,1,0,100000
sinus,0.3,0.15,1,retrospective,SL,1,0,100000
sinus,0.3,0.15,3,prospective,AP,4.85491,0.00436541,100000
sinus,0.3,0.15,3,prospective,SL,5.12828,0.00505944,100000
sinus,0.3,0.15,3,retrospective,AP,3.46883,0.00422124,100000
sinus,0.3,0.15,3,retrospective,SL,3.51817,0.00437759,100000
sinus,0.3,0.15,5,prospective,AP,9.41769,0.00742613,100000
sinus,0.3,0.15,5,prospective,SL,10.04,0.00900203,100000
sinus,0.3,0.15,5,retrospective,AP,4.04053,0.00586759,100000
sinus,0.3,0.15,5,retrospective,SL,4.04957,0.00591931,100000
sinus,0.3,0.15,7,prospective,AP,14.2254,0.0100893,100000
sinus,0.3,0.15,7,prospective,SL,15.2094,0.0123234,100000
sinus,0.3,0.15,7,retrospective,AP,4.07196,0.00612475,100000
sinus,0.3,0.15,7,retrospective,SL,4.07209,0.00612522,100000
sinus,0.3,0.15,10,prospective,AP,21.5609,0.0129963,100000
sinus,0.3,0.15,10,prospective,SL,22.7674,0.0142286,100000
sinus,0.3,0.15,10,retrospective,AP,4.08178,0.006157,100000
sinus,0.3,0.15,10,retrospective,SL,4.08179,0.00615712,100000
sinus,0.3,0.15,13,prospective,AP,27.4342,0.0100067,100000
sinus,0.3,0.15,13,prospective,SL,28.0585,0.00918678,100000
sinus,0.3,0.15,13,retrospective,AP,4.06553,0.00614276,100000
sinus,0.3,0.15,13,retrospective,SL,4.06553,0.00614276,100000
sinus,0.3,0.2,1,prospective,AP,1,0,100000
sinus,0.3,0.2,1,prospective,SL,1,0,100000
sinus,0.3,0.2,1,retrospective,AP,1,0,100000
sinus,0.3,0.2,1,retrospective,SL,1,0,100000
sinus,0.3,0.2,3,prospective,AP,4.27524,0.00352136,100000
sinus,0.3,0.2,3,prospective,SL,4.49667,0.00412299,100000
sinus,0.3,0.2,3,retrospective,AP,3.29372,0.00372605,100000
sinus,0.3,0.2,3,retrospective,SL,3.35587,0.00392222,100000
sinus,0.3,0.2,5,prospective,AP,7.98796,0.00587763,100000
sinus,0.3,0.2,5,prospective,SL,8.49626,0.00719714,100000
sinus,0.3,0.2,5,retrospective,AP,3.97882,0.00564849,100000
sinus,0.3,0.2,5,retrospective,SL,3.99328,0.00572445,100000
sinus,0.3,0.2,7,prospective,AP,11.8562,0.00793842,100000
sinus,0.3,0.2,7,prospective,SL,12.6547,0.0100279,100000
sinus,0.3,0.2,7,retrospective,AP,4.06874,0.00608067,100000
sinus,0.3,0.2,7,retrospective,SL,4.07007,0.00609127,100000
sinus,0.3,0.2,10,prospective,AP,17.7716,0.0106478,100000
sinus,0.3,0.2,10,prospective,SL,18.9595,0.0129935,100000
sinus,0.3,0.2,10,retrospective,AP,4.08236,0.00615035,100000
sinus,0.3,0.2,10,retrospective,SL,4.08239,0.0061508,100000
sinus,0.3,0.2,13,prospective,AP,23.5978,0.0118602,100000
sinus,0.3,0.2,13,prospective,SL,24.751,0.0125582,100000
sinus,0.3,0.2,13,retrospective,AP,4.05974,0.00611599,100000
sinus,0.3,0.2,13,retrospective,SL,4.05974,0.00611599,100000
sinus,0.3,0.25,1,prospective,AP,1,0,100000
sinus,0.3,0.25,1,prospective,SL,1,0,100000
sinus,0.3,0.25,1,retrospective,AP,1,0,100000
sinus,0.3,0.25,1,retrospective,SL,1,0,100000
sinus,0.3,0.25,3,prospective,AP,3.89711,0.0029284,100000
sinus,0.3,0.25,3,prospective,SL,4.08985,0.00350395,100000
sinus,0.3,0.25,3,retrospective,AP,3.14811,0.00333743,100000
sinus,0.3,0.25,3,retrospective,SL,3.21482,0.00355393,100000
sinus,0.3,0.25,5,prospective,AP,7.10245,0.00485464,100000
sinus,0.3,0.25,5,prospective,SL,7.52152,0.00604418,100000
sinus,0.3,0.25,5,retrospective,AP,3.93946,0.00541133,100000
sinus,0.3,0.25,5,retrospective,SL,3.96071,0.00552163,100000
sinus,0.3,0.25,7,prospective,AP,10.3958,0.00652063,100000
sinus,0.3,0.25,7,prospective,SL,11.0634,0.0083565,100000
sinus,0.3,0.25,7,retrospective,AP,4.05629,0.00605227,100000
sinus,0.3,0.25,7,retrospective,SL,4.06016,0.00608345,100000
sinus,0.3,0.25,10,prospective,AP,15.4161,0.00877279,100000
sinus,0.3,0.25,10,prospective,SL,16.456,0.0111874,100000
sinus,0.3,0.25,10,retrospective,AP,4.07339,0.00614142,100000
sinus,0.3,0.25,10,retrospective,SL,4.07346,0.00614238,100000
sinus,0.3,0.25,13,prospective,AP,20.4521,0.0104846,100000
sinus,0.3,0.25,13,prospective,SL,21.6962,0.0124704,100000
sinus,0.3,0.25,13,retrospective,AP,4.07142,0.00614008,100000
sinus,0.3,0.25,13,retrospective,SL,4.07142,0.00614008,100000
