rhythm_state,p_beat_cv,axis,estimand,W,p_N_beats,rmse_win,smallest_nowin_N_as_good
AF_rr0.1,0.05,AP,T1,0.1,1,2.03782,1
AF_rr0.1,0.05,AP,T1,0.1,3,1.7746,3
AF_rr0.1,0.05,AP,T1,0.1,5,1.70775,5
AF_rr0.1,0.05,AP,T1,0.1,7,1.66178,7
AF_rr0.1,0.05,AP,T1,0.1,10,1.63631,7
AF_rr0.1,0.05,AP,T1,0.1,13,1.6243,10
AF_rr0.1,0.05,AP,T1,0.15,1,2.03147,1
AF_rr0.1,0.05,AP,T1,0.15,3,1.76568,3
AF_rr0.1,0.05,AP,T1,0.15,5,1.68677,5
AF_rr0.1,0.05,AP,T1,0.15,7,1.65035,7
AF_rr0.1,0.05,AP,T1,0.15,10,1.63011,10
AF_rr0.1,0.05,AP,T1,0.15,13,1.60423,13
AF_rr0.1,0.05,AP,T1,0.2,1,2.0455,1
AF_rr0.1,0.05,AP,T1,0.2,3,1.73938,3
AF_rr0.1,0.05,AP,T1,0.2,5,1.67322,5
AF_rr0.1,0.05,AP,T1,0.2,7,1.6404,7
AF_rr0.1,0.05,AP,T1,0.2,10,1.6121,13
AF_rr0.1,0.05,AP,T1,0.2,13,1.59795,
AF_rr0.1,0.05,AP,T1,0.25,1,2.03702,1
AF_rr0.1,0.05,AP,T1,0.25,3,1.72891,5
AF_rr0.1,0.05,AP,T1,0.25,5,1.66833,5
AF_rr0.1,0.05,AP,T1,0.25,7,1.63876,7
AF_rr0.1,0.05,AP,T1,0.25,10,1.6168,10
AF_rr0.1,0.05,AP,T1,0.25,13,1.60903,13
AF_rr0.1,0.05,AP,T2,0.1,1,1.88984,1
AF_rr0.1,0.05,AP,T2,0.1,3,1.62022,3
AF_rr0.1,0.05,AP,T2,0.1,5,1.54796,5
AF_rr0.1,0.05,AP,T2,0.1,7,1.50418,5
AF_rr0.1,0.05,AP,T2,0.1,10,1.46976,7
AF_rr0.1,0.05,AP,T2,0.1,13,1.46194,7
AF_rr0.1,0.05,AP,T2,0.15,1,1.88586,1
AF_rr0.1,0.05,AP,T2,0.15,3,1.60817,3
AF_rr0.1,0.05,AP,T2,0.15,5,1.51855,5
AF_rr0.1,0.05,AP,T2,0.15,7,1.48147,7
AF_rr0.1,0.05,AP,T2,0.15,10,1.45515,7
AF_rr0.1,0.05,AP,T2,0.15,13,1.43453,13
AF_rr0.1,0.05,AP,T2,0.2,1,1.89879,1
AF_rr0.1,0.05,AP,T2,0.2,3,1.57227,3
AF_rr0.1,0.05,AP,T2,0.2,5,1.50279,5
AF_rr0.1,0.05,AP,T2,0.2,7,1.4634,7
AF_rr0.1,0.05,AP,T2,0.2,10,1.43624,13
AF_rr0.1,0.05,AP,T2,0.2,13,1.42632,13
AF_rr0.1,0.05,AP,T2,0.25,1,1.89922,1
AF_rr0.1,0.05,AP,T2,0.25,3,1.56826,5
AF_rr0.1,0.05,AP,T2,0.25,5,1.48988,5
AF_rr0.1,0.05,AP,T2,0.25,7,1.45554,7
AF_rr0.1,0.05,AP,T2,0.25,10,1.43797,10
AF_rr0.1,0.05,AP,T2,0.25,13,1.41455,
AF_rr0.1,0.05,AP,Tv,0.1,1,1.50904,1
AF_rr0.1,0.05,AP,Tv,0.1,3,1.15175,3
AF_rr0.1,0.05,AP,Tv,0.1,5,1.0495,5
AF_rr0.1,0.05,AP,Tv,0.1,7,0.988711,5
AF_rr0.1,0.05,AP,Tv,0.1,10,0.943477,7
AF_rr0.1,0.05,AP,Tv,0.1,13,0.903901,7
AF_rr0.1,0.05,AP,Tv,0.15,1,1.50316,3
AF_rr0.1,0.05,AP,Tv,0.15,3,1.12202,3
AF_rr0.1,0.05,AP,Tv,0.15,5,1.00741,5
AF_rr0.1,0.05,AP,Tv,0.15,7,0.953205,5
AF_rr0.1,0.05,AP,Tv,0.15,10,0.905151,7
AF_rr0.1,0.05,AP,Tv,0.15,13,0.876675,10
AF_rr0.1,0.05,AP,Tv,0.2,1,1.51337,1
AF_rr0.1,0.05,AP,Tv,0.2,3,1.09223,3
AF_rr0.1,0.05,AP,Tv,0.2,5,0.982943,5
AF_rr0.1,0.05,AP,Tv,0.2,7,0.927435,7
AF_rr0.1,0.05,AP,Tv,0.2,10,0.880072,10
AF_rr0.1,0.05,AP,Tv,0.2,13,0.855832,13
AF_rr0.1,0.05,AP,Tv,0.25,1,1.50776,1
AF_rr0.1,0.05,AP,Tv,0.25,3,1.07871,3
AF_rr0.1,0.05,AP,Tv,0.25,5,0.966054,5
AF_rr0.1,0.05,AP,Tv,0.25,7,0.909358,7
AF_rr0.1,0.05,AP,Tv,0.25,10,0.869841,10
AF_rr0.1,0.05,AP,Tv,0.25,13,0.846633,13
AF_rr0.1,0.05,SL,T1,0.1,1,1.63054,3
AF_rr0.1,0.05,SL,T1,0.1,3,1.36486,3
AF_rr0.1,0.05,SL,T1,0.1,5,1.29932,5
AF_rr0.1,0.05,SL,T1,0.1,7,1.26843,7
AF_rr0.1,0.05,SL,T1,0.1,10,1.24118,7
AF_rr0.1,0.05,SL,T1,0.1,13,1.22789,10
AF_rr0.1,0.05,SL,T1,0.15,1,1.62248,3
AF_rr0.1,0.05,SL,T1,0.15,3,1.36178,3
AF_rr0.1,0.05,SL,T1,0.15,5,1.28851,5
AF_rr0.1,0.05,SL,T1,0.15,7,1.25258,7
AF_rr0.1,0.05,SL,T1,0.15,10,1.22593,10
AF_rr0.1,0.05,SL,T1,0.15,13,1.21069,13
AF_rr0.1,0.05,SL,T1,0.2,1,1.61839,3
AF_rr0.1,0.05,SL,T1,0.2,3,1.34612,3
AF_rr0.1,0.05,SL,T1,0.2,5,1.27642,5
AF_rr0.1,0.05,SL,T1,0.2,7,1.24092,7
AF_rr0.1,0.05,SL,T1,0.2,10,1.20954,13
AF_rr0.1,0.05,SL,T1,0.2,13,1.20895,13
AF_rr0.1,0.05,SL,T1,0.25,1,1.62524,3
AF_rr0.1,0.05,SL,T1,0.25,3,1.33124,5
AF_rr0.1,0.05,SL,T1,0.25,5,1.26732,7
AF_rr0.1,0.05,SL,T1,0.25,7,1.23339,10
AF_rr0.1,0.05,SL,T1,0.25,10,1.21247,13
AF_rr0.1,0.05,SL,T1,0.25,13,1.19434,
AF_rr0.1,0.05,SL,T2,0.1,1,1.55103,3
AF_rr0.1,0.05,SL,T2,0.1,3,1.29344,3
AF_rr0.1,0.05,SL,T2,0.1,5,1.23013,5
AF_rr0.1,0.05,SL,T2,0.1,7,1.19648,5
AF_rr0.1,0.05,SL,T2,0.1,10,1.16441,7
AF_rr0.1,0.05,SL,T2,0.1,13,1.14216,7
AF_rr0.1,0.05,SL,T2,0.15,1,1.54681,3
AF_rr0.1,0.05,SL,T2,0.15,3,1.29064,3
AF_rr0.1,0.05,SL,T2,0.15,5,1.21305,5
AF_rr0.1,0.05,SL,T2,0.15,7,1.17633,5
AF_rr0.1,0.05,SL,T2,0.15,10,1.14757,7
AF_rr0.1,0.05,SL,T2,0.15,13,1.13086,10
AF_rr0.1,0.05,SL,T2,0.2,1,1.54452,3
AF_rr0.1,0.05,SL,T2,0.2,3,1.26541,3
AF_rr0.1,0.05,SL,T2,0.2,5,1.19795,5
AF_rr0.1,0.05,SL,T2,0.2,7,1.15844,7
AF_rr0.1,0.05,SL,T2,0.2,10,1.1306,10
AF_rr0.1,0.05,SL,T2,0.2,13,1.11996,10
AF_rr0.1,0.05,SL,T2,0.25,1,1.55227,3
AF_rr0.1,0.05,SL,T2,0.25,3,1.25393,3
AF_rr0.1,0.05,SL,T2,0.25,5,1.18047,5
AF_rr0.1,0.05,SL,T2,0.25,7,1.14346,7
AF_rr0.1,0.05,SL,T2,0.25,10,1.12239,10
AF_rr0.1,0.05,SL,T2,0.25,13,1.10478,13
AF_rr0.1,0.05,SL,Tv,0.1,1,1.36242,3
AF_rr0.1,0.05,SL,Tv,0.1,3,1.06634,3
AF_rr0.1,0.05,SL,Tv,0.1,5,0.988319,5
AF_rr0.1,0.05,SL,Tv,0.1,7,0.945312,5
AF_rr0.1,0.05,SL,Tv,0.1,10,0.907509,7
AF_rr0.1,0.05,SL,Tv,0.1,13,0.86324,7
AF_rr0.1,0.05,SL,Tv,0.15,1,1.36237,3
AF_rr0.1,0.05,SL,Tv,0.15,3,1.05573,3
AF_rr0.1,0.05,SL,Tv,0.15,5,0.965144,5
AF_rr0.1,0.05,SL,Tv,0.15,7,0.920926,5
AF_rr0.1,0.05,SL,Tv,0.15,10,0.882877,7
AF_rr0.1,0.05,SL,Tv,0.15,13,0.860647,7
AF_rr0.1,0.05,SL,Tv,0.2,1,1.35971,3
AF_rr0.1,0.05,SL,Tv,0.2,3,1.03579,3
AF_rr0.1,0.05,SL,Tv,0.2,5,0.947453,5
AF_rr0.1,0.05,SL,Tv,0.2,7,0.900145,7
AF_rr0.1,0.05,SL,Tv,0.2,10,0.863011,7
AF_rr0.1,0.05,SL,Tv,0.2,13,0.843525,10
AF_rr0.1,0.05,SL,Tv,0.25,1,1.36054,3
AF_rr0.1,0.05,SL,Tv,0.25,3,1.01704,3
AF_rr0.1,0.05,SL,Tv,0.25,5,0.929118,5
AF_rr0.1,0.05,SL,Tv,0.25,7,0.881626,7
AF_rr0.1,0.05,SL,Tv,0.25,10,0.847131,10
AF_rr0.1,0.05,SL,Tv,0.25,13,0.829767,13
AF_rr0.1,0.1,AP,T1,0.1,1,2.26116,3
AF_rr0.1,0.1,AP,T1,0.1,3,1.89721,3
AF_rr0.1,0.1,AP,T1,0.1,5,1.80256,5
AF_rr0.1,0.1,AP,T1,0.1,7,1.74232,5
AF_rr0.1,0.1,AP,T1,0.1,10,1.70886,7
AF_rr0.1,0.1,AP,T1,0.1,13,1.67513,7
AF_rr0.1,0.1,AP,T1,0.15,1,2.25583,3
AF_rr0.1,0.1,AP,T1,0.15,3,1.88304,3
AF_rr0.1,0.1,AP,T1,0.15,5,1.77901,5
AF_rr0.1,0.1,AP,T1,0.15,7,1.72344,5
AF_rr0.1,0.1,AP,T1,0.15,10,1.68171,7
AF_rr0.1,0.1,AP,T1,0.15,13,1.65856,10
AF_rr0.1,0.1,AP,T1,0.2,1,2.26093,3
AF_rr0.1,0.1,AP,T1,0.2,3,1.86269,3
AF_rr0.1,0.1,AP,T1,0.2,5,1.74669,5
AF_rr0.1,0.1,AP,T1,0.2,7,1.70417,7
AF_rr0.1,0.1,AP,T1,0.2,10,1.65805,10
AF_rr0.1,0.1,AP,T1,0.2,13,1.64149,10
AF_rr0.1,0.1,AP,T1,0.25,1,2.26733,3
AF_rr0.1,0.1,AP,T1,0.25,3,1.83821,3
AF_rr0.1,0.1,AP,T1,0.25,5,1.74006,5
AF_rr0.1,0.1,AP,T1,0.25,7,1.68407,7
AF_rr0.1,0.1,AP,T1,0.25,10,1.64332,10
AF_rr0.1,0.1,AP,T1,0.25,13,1.62834,13
AF_rr0.1,0.1,AP,T2,0.1,1,2.13953,3
AF_rr0.1,0.1,AP,T2,0.1,3,1.76696,3
AF_rr0.1,0.1,AP,T2,0.1,5,1.66316,5
AF_rr0.1,0.1,AP,T2,0.1,7,1.60255,5
AF_rr0.1,0.1,AP,T2,0.1,10,1.55624,7
AF_rr0.1,0.1,AP,T2,0.1,13,1.51843,7
AF_rr0.1,0.1,AP,T2,0.15,1,2.13606,3
AF_rr0.1,0.1,AP,T2,0.15,3,1.74842,3
AF_rr0.1,0.1,AP,T2,0.15,5,1.63014,5
AF_rr0.1,0.1,AP,T2,0.15,7,1.57333,5
AF_rr0.1,0.1,AP,T2,0.15,10,1.53002,7
AF_rr0.1,0.1,AP,T2,0.15,13,1.50353,10
AF_rr0.1,0.1,AP,T2,0.2,1,2.14362,3
AF_rr0.1,0.1,AP,T2,0.2,3,1.72111,3
AF_rr0.1,0.1,AP,T2,0.2,5,1.59605,5
AF_rr0.1,0.1,AP,T2,0.2,7,1.54511,7
AF_rr0.1,0.1,AP,T2,0.2,10,1.49879,10
AF_rr0.1,0.1,AP,T2,0.2,13,1.47134,13
AF_rr0.1,0.1,AP,T2,0.25,1,2.14461,3
AF_rr0.1,0.1,AP,T2,0.25,3,1.69189,3
AF_rr0.1,0.1,AP,T2,0.25,5,1.58509,5
AF_rr0.1,0.1,AP,T2,0.25,7,1.52302,7
AF_rr0.1,0.1,AP,T2,0.25,10,1.47397,13
AF_rr0.1,0.1,AP,T2,0.25,13,1.45834,13
AF_rr0.1,0.1,AP,Tv,0.1,1,1.80808,3
AF_rr0.1,0.1,AP,Tv,0.1,3,1.34863,3
AF_rr0.1,0.1,AP,Tv,0.1,5,1.21064,3
AF_rr0.1,0.1,AP,Tv,0.1,7,1.12464,5
AF_rr0.1,0.1,AP,Tv,0.1,10,1.05475,5
AF_rr0.1,0.1,AP,Tv,0.1,13,1.00026,7
AF_rr0.1,0.1,AP,Tv,0.15,1,1.80534,3
AF_rr0.1,0.1,AP,Tv,0.15,3,1.31989,3
AF_rr0.1,0.1,AP,Tv,0.15,5,1.16558,5
AF_rr0.1,0.1,AP,Tv,0.15,7,1.0796,5
AF_rr0.1,0.1,AP,Tv,0.15,10,1.01358,7
AF_rr0.1,0.1,AP,Tv,0.15,13,0.963688,10
AF_rr0.1,0.1,AP,Tv,0.2,1,1.80549,3
AF_rr0.1,0.1,AP,Tv,0.2,3,1.28436,3
AF_rr0.1,0.1,AP,Tv,0.2,5,1.12288,5
AF_rr0.1,0.1,AP,Tv,0.2,7,1.04009,7
AF_rr0.1,0.1,AP,Tv,0.2,10,0.972899,10
AF_rr0.1,0.1,AP,Tv,0.2,13,0.928956,10
AF_rr0.1,0.1,AP,Tv,0.25,1,1.81291,1
AF_rr0.1,0.1,AP,Tv,0.25,3,1.24503,3
AF_rr0.1,0.1,AP,Tv,0.25,5,1.09446,5
AF_rr0.1,0.1,AP,Tv,0.25,7,1.01298,7
AF_rr0.1,0.1,AP,Tv,0.25,10,0.944974,10
AF_rr0.1,0.1,AP,Tv,0.25,13,0.90605,13
AF_rr0.1,0.1,SL,T1,0.1,1,1.75057,1
AF_rr0.1,0.1,SL,T1,0.1,3,1.43353,3
AF_rr0.1,0.1,SL,T1,0.1,5,1.35013,5
AF_rr0.1,0.1,SL,T1,0.1,7,1.3114,5
AF_rr0.1,0.1,SL,T1,0.1,10,1.28259,7
AF_rr0.1,0.1,SL,T1,0.1,13,1.25403,10
AF_rr0.1,0.1,SL,T1,0.15,1,1.75521,1
AF_rr0.1,0.1,SL,T1,0.15,3,1.42727,3
AF_rr0.1,0.1,SL,T1,0.15,5,1.34023,5
AF_rr0.1,0.1,SL,T1,0.15,7,1.29446,7
AF_rr0.1,0.1,SL,T1,0.15,10,1.25832,7
AF_rr0.1,0.1,SL,T1,0.15,13,1.25116,10
AF_rr0.1,0.1,SL,T1,0.2,1,1.74958,1
AF_rr0.1,0.1,SL,T1,0.2,3,1.41161,3
AF_rr0.1,0.1,SL,T1,0.2,5,1.31576,5
AF_rr0.1,0.1,SL,T1,0.2,7,1.27932,7
AF_rr0.1,0.1,SL,T1,0.2,10,1.24217,10
AF_rr0.1,0.1,SL,T1,0.2,13,1.22314,13
AF_rr0.1,0.1,SL,T1,0.25,1,1.74417,3
AF_rr0.1,0.1,SL,T1,0.25,3,1.39844,3
AF_rr0.1,0.1,SL,T1,0.25,5,1.30792,5
AF_rr0.1,0.1,SL,T1,0.25,7,1.26356,7
AF_rr0.1,0.1,SL,T1,0.25,10,1.22904,10
AF_rr0.1,0.1,SL,T1,0.25,13,1.20761,
AF_rr0.1,0.1,SL,T2,0.1,1,1.68844,1
AF_rr0.1,0.1,SL,T2,0.1,3,1.37726,3
AF_rr0.1,0.1,SL,T2,0.1,5,1.29177,5
AF_rr0.1,0.1,SL,T2,0.1,7,1.2505,5
AF_rr0.1,0.1,SL,T2,0.1,10,1.21679,5
AF_rr0.1,0.1,SL,T2,0.1,13,1.17228,7
AF_rr0.1,0.1,SL,T2,0.15,1,1.69016,1
AF_rr0.1,0.1,SL,T2,0.15,3,1.36354,3
AF_rr0.1,0.1,SL,T2,0.15,5,1.27223,5
AF_rr0.1,0.1,SL,T2,0.15,7,1.23177,5
AF_rr0.1,0.1,SL,T2,0.15,10,1.19331,7
AF_rr0.1,0.1,SL,T2,0.15,13,1.17542,7
AF_rr0.1,0.1,SL,T2,0.2,1,1.68408,3
AF_rr0.1,0.1,SL,T2,0.2,3,1.34467,3
AF_rr0.1,0.1,SL,T2,0.2,5,1.24753,5
AF_rr0.1,0.1,SL,T2,0.2,7,1.21092,5
AF_rr0.1,0.1,SL,T2,0.2,10,1.16575,10
AF_rr0.1,0.1,SL,T2,0.2,13,1.14593,10
AF_rr0.1,0.1,SL,T2,0.25,1,1.68224,3
AF_rr0.1,0.1,SL,T2,0.25,3,1.3296,3
AF_rr0.1,0.1,SL,T2,0.25,5,1.23722,5
AF_rr0.1,0.1,SL,T2,0.25,7,1.1859,7
AF_rr0.1,0.1,SL,T2,0.25,10,1.14604,10
AF_rr0.1,0.1,SL,T2,0.25,13,1.12832,13
AF_rr0.1,0.1,SL,Tv,0.1,1,1.51754,1
AF_rr0.1,0.1,SL,Tv,0.1,3,1.15877,3
AF_rr0.1,0.1,SL,Tv,0.1,5,1.05996,5
AF_rr0.1,0.1,SL,Tv,0.1,7,1.01087,5
AF_rr0.1,0.1,SL,Tv,0.1,10,0.961582,5
AF_rr0.1,0.1,SL,Tv,0.1,13,0.901793,7
AF_rr0.1,0.1,SL,Tv,0.15,1,1.51501,1
AF_rr0.1,0.1,SL,Tv,0.15,3,1.14713,3
AF_rr0.1,0.1,SL,Tv,0.15,5,1.03899,5
AF_rr0.1,0.1,SL,Tv,0.15,7,0.988663,5
AF_rr0.1,0.1,SL,Tv,0.15,10,0.93935,7
AF_rr0.1,0.1,SL,Tv,0.15,13,0.905353,7
AF_rr0.1,0.1,SL,Tv,0.2,1,1.51203,1
AF_rr0.1,0.1,SL,Tv,0.2,3,1.12459,3
AF_rr0.1,0.1,SL,Tv,0.2,5,1.01131,5
AF_rr0.1,0.1,SL,Tv,0.2,7,0.956918,5
AF_rr0.1,0.1,SL,Tv,0.2,10,0.90637,7
AF_rr0.1,0.1,SL,Tv,0.2,13,0.882307,10
AF_rr0.1,0.1,SL,Tv,0.25,1,1.50785,3
AF_rr0.1,0.1,SL,Tv,0.25,3,1.10545,3
AF_rr0.1,0.1,SL,Tv,0.25,5,0.993942,5
AF_rr0.1,0.1,SL,Tv,0.25,7,0.935443,7
AF_rr0.1,0.1,SL,Tv,0.25,10,0.88494,10
AF_rr0.1,0.1,SL,Tv,0.25,13,0.86072,10
AF_rr0.1,0.15,AP,T1,0.1,1,2.61113,1
AF_rr0.1,0.15,AP,T1,0.1,3,2.09344,3
AF_rr0.1,0.15,AP,T1,0.1,5,1.94056,5
AF_rr0.1,0.15,AP,T1,0.1,7,1.86781,5
AF_rr0.1,0.15,AP,T1,0.1,10,1.80387,7
AF_rr0.1,0.15,AP,T1,0.1,13,1.72357,10
AF_rr0.1,0.15,AP,T1,0.15,1,2.59937,3
AF_rr0.1,0.15,AP,T1,0.15,3,2.07831,3
AF_rr0.1,0.15,AP,T1,0.15,5,1.92345,5
AF_rr0.1,0.15,AP,T1,0.15,7,1.85052,5
AF_rr0.1,0.15,AP,T1,0.15,10,1.77698,7
AF_rr0.1,0.15,AP,T1,0.15,13,1.7282,10
AF_rr0.1,0.15,AP,T1,0.2,1,2.60288,3
AF_rr0.1,0.15,AP,T1,0.2,3,2.05915,3
AF_rr0.1,0.15,AP,T1,0.2,5,1.90114,5
AF_rr0.1,0.15,AP,T1,0.2,7,1.81494,5
AF_rr0.1,0.15,AP,T1,0.2,10,1.73909,10
AF_rr0.1,0.15,AP,T1,0.2,13,1.70814,10
AF_rr0.1,0.15,AP,T1,0.25,1,2.59952,3
AF_rr0.1,0.15,AP,T1,0.25,3,2.03661,3
AF_rr0.1,0.15,AP,T1,0.25,5,1.86189,5
AF_rr0.1,0.15,AP,T1,0.25,7,1.78231,7
AF_rr0.1,0.15,AP,T1,0.25,10,1.72657,10
AF_rr0.1,0.15,AP,T1,0.25,13,1.6891,10
AF_rr0.1,0.15,AP,T2,0.1,1,2.52128,1
AF_rr0.1,0.15,AP,T2,0.1,3,1.97845,3
AF_rr0.1,0.15,AP,T2,0.1,5,1.82414,5
AF_rr0.1,0.15,AP,T2,0.1,7,1.7503,5
AF_rr0.1,0.15,AP,T2,0.1,10,1.67209,7
AF_rr0.1,0.15,AP,T2,0.1,13,1.58194,10
AF_rr0.1,0.15,AP,T2,0.15,1,2.50937,3
AF_rr0.1,0.15,AP,T2,0.15,3,1.96571,3
AF_rr0.1,0.15,AP,T2,0.15,5,1.80074,5
AF_rr0.1,0.15,AP,T2,0.15,7,1.72308,5
AF_rr0.1,0.15,AP,T2,0.15,10,1.64255,7
AF_rr0.1,0.15,AP,T2,0.15,13,1.59326,10
AF_rr0.1,0.15,AP,T2,0.2,1,2.51538,3
AF_rr0.1,0.15,AP,T2,0.2,3,1.94557,3
AF_rr0.1,0.15,AP,T2,0.2,5,1.77926,5
AF_rr0.1,0.15,AP,T2,0.2,7,1.68157,5
AF_rr0.1,0.15,AP,T2,0.2,10,1.59986,7
AF_rr0.1,0.15,AP,T2,0.2,13,1.55869,10
AF_rr0.1,0.15,AP,T2,0.25,1,2.5097,3
AF_rr0.1,0.15,AP,T2,0.25,3,1.924,3
AF_rr0.1,0.15,AP,T2,0.25,5,1.73222,5
AF_rr0.1,0.15,AP,T2,0.25,7,1.64352,7
AF_rr0.1,0.15,AP,T2,0.25,10,1.57593,10
AF_rr0.1,0.15,AP,T2,0.25,13,1.52842,13
AF_rr0.1,0.15,AP,Tv,0.1,1,2.24155,1
AF_rr0.1,0.15,AP,Tv,0.1,3,1.61208,3
AF_rr0.1,0.15,AP,Tv,0.1,5,1.41903,5
AF_rr0.1,0.15,AP,Tv,0.1,7,1.32457,5
AF_rr0.1,0.15,AP,Tv,0.1,10,1.22166,5
AF_rr0.1,0.15,AP,Tv,0.1,13,1.09287,10
AF_rr0.1,0.15,AP,Tv,0.15,1,2.22335,3
AF_rr0.1,0.15,AP,Tv,0.15,3,1.60143,3
AF_rr0.1,0.15,AP,Tv,0.15,5,1.39339,5
AF_rr0.1,0.15,AP,Tv,0.15,7,1.28386,5
AF_rr0.1,0.15,AP,Tv,0.15,10,1.18027,7
AF_rr0.1,0.15,AP,Tv,0.15,13,1.11332,7
AF_rr0.1,0.15,AP,Tv,0.2,1,2.23354,3
AF_rr0.1,0.15,AP,Tv,0.2,3,1.56952,3
AF_rr0.1,0.15,AP,Tv,0.2,5,1.35419,5
AF_rr0.1,0.15,AP,Tv,0.2,7,1.23261,5
AF_rr0.1,0.15,AP,Tv,0.2,10,1.13285,7
AF_rr0.1,0.15,AP,Tv,0.2,13,1.06192,10
AF_rr0.1,0.15,AP,Tv,0.25,1,2.22358,3
AF_rr0.1,0.15,AP,Tv,0.25,3,1.53518,3
AF_rr0.1,0.15,AP,Tv,0.25,5,1.29997,5
AF_rr0.1,0.15,AP,Tv,0.25,7,1.18589,7
AF_rr0.1,0.15,AP,Tv,0.25,10,1.08266,10
AF_rr0.1,0.15,AP,Tv,0.25,13,1.02663,10
AF_rr0.1,0.15,SL,T1,0.1,1,1.94088,1
AF_rr0.1,0.15,SL,T1,0.1,3,1.53836,3
AF_rr0.1,0.15,SL,T1,0.1,5,1.42402,5
AF_rr0.1,0.15,SL,T1,0.1,7,1.36838,5
AF_rr0.1,0.15,SL,T1,0.1,10,1.32854,7
AF_rr0.1,0.15,SL,T1,0.1,13,1.26445,10
AF_rr0.1,0.15,SL,T1,0.15,1,1.94736,1
AF_rr0.1,0.15,SL,T1,0.15,3,1.54071,3
AF_rr0.1,0.15,SL,T1,0.15,5,1.42309,5
AF_rr0.1,0.15,SL,T1,0.15,7,1.3685,5
AF_rr0.1,0.15,SL,T1,0.15,10,1.31388,7
AF_rr0.1,0.15,SL,T1,0.15,13,1.29164,10
AF_rr0.1,0.15,SL,T1,0.2,1,1.93822,3
AF_rr0.1,0.15,SL,T1,0.2,3,1.525,3
AF_rr0.1,0.15,SL,T1,0.2,5,1.41187,5
AF_rr0.1,0.15,SL,T1,0.2,7,1.34594,7
AF_rr0.1,0.15,SL,T1,0.2,10,1.29297,10
AF_rr0.1,0.15,SL,T1,0.2,13,1.26668,10
AF_rr0.1,0.15,SL,T1,0.25,1,1.93652,3
AF_rr0.1,0.15,SL,T1,0.25,3,1.51375,3
AF_rr0.1,0.15,SL,T1,0.25,5,1.38872,5
AF_rr0.1,0.15,SL,T1,0.25,7,1.3241,7
AF_rr0.1,0.15,SL,T1,0.25,10,1.27959,10
AF_rr0.1,0.15,SL,T1,0.25,13,1.24772,13
AF_rr0.1,0.15,SL,T2,0.1,1,1.89056,1
AF_rr0.1,0.15,SL,T2,0.1,3,1.49364,3
AF_rr0.1,0.15,SL,T2,0.1,5,1.37783,5
AF_rr0.1,0.15,SL,T2,0.1,7,1.32068,5
AF_rr0.1,0.15,SL,T2,0.1,10,1.26977,7
AF_rr0.1,0.15,SL,T2,0.1,13,1.19193,10
AF_rr0.1,0.15,SL,T2,0.15,1,1.89358,1
AF_rr0.1,0.15,SL,T2,0.15,3,1.4849,3
AF_rr0.1,0.15,SL,T2,0.15,5,1.36653,5
AF_rr0.1,0.15,SL,T2,0.15,7,1.3158,5
AF_rr0.1,0.15,SL,T2,0.15,10,1.25991,7
AF_rr0.1,0.15,SL,T2,0.15,13,1.2268,7
AF_rr0.1,0.15,SL,T2,0.2,1,1.88558,3
AF_rr0.1,0.15,SL,T2,0.2,3,1.47274,3
AF_rr0.1,0.15,SL,T2,0.2,5,1.35736,5
AF_rr0.1,0.15,SL,T2,0.2,7,1.28941,5
AF_rr0.1,0.15,SL,T2,0.2,10,1.23065,7
AF_rr0.1,0.15,SL,T2,0.2,13,1.20131,10
AF_rr0.1,0.15,SL,T2,0.25,1,1.884,3
AF_rr0.1,0.15,SL,T2,0.25,3,1.46312,3
AF_rr0.1,0.15,SL,T2,0.25,5,1.32959,5
AF_rr0.1,0.15,SL,T2,0.25,7,1.26284,7
AF_rr0.1,0.15,SL,T2,0.25,10,1.20852,10
AF_rr0.1,0.15,SL,T2,0.25,13,1.1779,10
AF_rr0.1,0.15,SL,Tv,0.1,1,1.73309,1
AF_rr0.1,0.15,SL,Tv,0.1,3,1.29591,3
AF_rr0.1,0.15,SL,Tv,0.1,5,1.16668,5
AF_rr0.1,0.15,SL,Tv,0.1,7,1.09781,5
AF_rr0.1,0.15,SL,Tv,0.1,10,1.02753,7
AF_rr0.1,0.15,SL,Tv,0.1,13,0.92503,10
AF_rr0.1,0.15,SL,Tv,0.15,1,1.7355,1
AF_rr0.1,0.15,SL,Tv,0.15,3,1.28861,3
AF_rr0.1,0.15,SL,Tv,0.15,5,1.15157,5
AF_rr0.1,0.15,SL,Tv,0.15,7,1.0839,5
AF_rr0.1,0.15,SL,Tv,0.15,10,1.02008,7
AF_rr0.1,0.15,SL,Tv,0.15,13,0.974491,7
AF_rr0.1,0.15,SL,Tv,0.2,1,1.73385,1
AF_rr0.1,0.15,SL,Tv,0.2,3,1.27247,3
AF_rr0.1,0.15,SL,Tv,0.2,5,1.13479,5
AF_rr0.1,0.15,SL,Tv,0.2,7,1.05359,5
AF_rr0.1,0.15,SL,Tv,0.2,10,0.98969,7
AF_rr0.1,0.15,SL,Tv,0.2,13,0.946415,10
AF_rr0.1,0.15,SL,Tv,0.25,1,1.72594,3
AF_rr0.1,0.15,SL,Tv,0.25,3,1.25318,3
AF_rr0.1,0.15,SL,Tv,0.25,5,1.10245,5
AF_rr0.1,0.15,SL,Tv,0.25,7,1.02632,7
AF_rr0.1,0.15,SL,Tv,0.25,10,0.959758,7
AF_rr0.1,0.15,SL,Tv,0.25,13,0.919672,10
AF_rr0.1,0.2,AP,T1,0.1,1,3.0452,1
AF_rr0.1,0.2,AP,T1,0.1,3,2.32429,3
AF_rr0.1,0.2,AP,T1,0.1,5,2.13415,5
AF_rr0.1,0.2,AP,T1,0.1,7,2.03138,5
AF_rr0.1,0.2,AP,T1,0.1,10,1.9191,7
AF_rr0.1,0.2,AP,T1,0.1,13,1.72358,13
AF_rr0.1,0.2,AP,T1,0.15,1,3.05887,1
AF_rr0.1,0.2,AP,T1,0.15,3,2.33089,3
AF_rr0.1,0.2,AP,T1,0.15,5,2.12848,5
AF_rr0.1,0.2,AP,T1,0.15,7,2.01775,5
AF_rr0.1,0.2,AP,T1,0.15,10,1.9149,7
AF_rr0.1,0.2,AP,T1,0.15,13,1.83734,7
AF_rr0.1,0.2,AP,T1,0.2,1,3.05176,1
AF_rr0.1,0.2,AP,T1,0.2,3,2.32644,3
AF_rr0.1,0.2,AP,T1,0.2,5,2.09289,5
AF_rr0.1,0.2,AP,T1,0.2,7,1.97772,5
AF_rr0.1,0.2,AP,T1,0.2,10,1.88369,7
AF_rr0.1,0.2,AP,T1,0.2,13,1.81671,10
AF_rr0.1,0.2,AP,T1,0.25,1,3.03453,3
AF_rr0.1,0.2,AP,T1,0.25,3,2.29707,3
AF_rr0.1,0.2,AP,T1,0.25,5,2.05559,5
AF_rr0.1,0.2,AP,T1,0.25,7,1.93622,5
AF_rr0.1,0.2,AP,T1,0.25,10,1.85135,7
AF_rr0.1,0.2,AP,T1,0.25,13,1.78388,10
AF_rr0.1,0.2,AP,T2,0.1,1,2.98356,1
AF_rr0.1,0.2,AP,T2,0.1,3,2.24098,3
AF_rr0.1,0.2,AP,T2,0.1,5,2.03662,5
AF_rr0.1,0.2,AP,T2,0.1,7,1.93092,5
AF_rr0.1,0.2,AP,T2,0.1,10,1.81219,7
AF_rr0.1,0.2,AP,T2,0.1,13,1.59572,13
AF_rr0.1,0.2,AP,T2,0.15,1,2.99943,1
AF_rr0.1,0.2,AP,T2,0.15,3,2.24727,3
AF_rr0.1,0.2,AP,T2,0.15,5,2.03587,5
AF_rr0.1,0.2,AP,T2,0.15,7,1.9146,5
AF_rr0.1,0.2,AP,T2,0.15,10,1.80742,7
AF_rr0.1,0.2,AP,T2,0.15,13,1.71811,10
AF_rr0.1,0.2,AP,T2,0.2,1,2.98433,1
AF_rr0.1,0.2,AP,T2,0.2,3,2.23985,3
AF_rr0.1,0.2,AP,T2,0.2,5,1.99651,5
AF_rr0.1,0.2,AP,T2,0.2,7,1.87947,5
AF_rr0.1,0.2,AP,T2,0.2,10,1.75985,7
AF_rr0.1,0.2,AP,T2,0.2,13,1.68648,10
AF_rr0.1,0.2,AP,T2,0.25,1,2.96971,3
AF_rr0.1,0.2,AP,T2,0.25,3,2.20496,3
AF_rr0.1,0.2,AP,T2,0.25,5,1.94896,5
AF_rr0.1,0.2,AP,T2,0.25,7,1.82243,7
AF_rr0.1,0.2,AP,T2,0.25,10,1.72359,10
AF_rr0.1,0.2,AP,T2,0.25,13,1.64693,13
AF_rr0.1,0.2,AP,Tv,0.1,1,2.73927,1
AF_rr0.1,0.2,AP,Tv,0.1,3,1.916,3
AF_rr0.1,0.2,AP,Tv,0.1,5,1.68085,5
AF_rr0.1,0.2,AP,Tv,0.1,7,1.54796,5
AF_rr0.1,0.2,AP,Tv,0.1,10,1.39727,7
AF_rr0.1,0.2,AP,Tv,0.1,13,1.10174,13
AF_rr0.1,0.2,AP,Tv,0.15,1,2.75354,1
AF_rr0.1,0.2,AP,Tv,0.15,3,1.93159,3
AF_rr0.1,0.2,AP,Tv,0.15,5,1.67094,5
AF_rr0.1,0.2,AP,Tv,0.15,7,1.53022,5
AF_rr0.1,0.2,AP,Tv,0.15,10,1.39427,7
AF_rr0.1,0.2,AP,Tv,0.15,13,1.28194,7
AF_rr0.1,0.2,AP,Tv,0.2,1,2.73625,1
AF_rr0.1,0.2,AP,Tv,0.2,3,1.91146,3
AF_rr0.1,0.2,AP,Tv,0.2,5,1.63275,5
AF_rr0.1,0.2,AP,Tv,0.2,7,1.48293,5
AF_rr0.1,0.2,AP,Tv,0.2,10,1.3422,7
AF_rr0.1,0.2,AP,Tv,0.2,13,1.24387,10
AF_rr0.1,0.2,AP,Tv,0.25,1,2.73201,1
AF_rr0.1,0.2,AP,Tv,0.25,3,1.87234,3
AF_rr0.1,0.2,AP,Tv,0.25,5,1.5742,5
AF_rr0.1,0.2,AP,Tv,0.25,7,1.42535,5
AF_rr0.1,0.2,AP,Tv,0.25,10,1.28337,7
AF_rr0.1,0.2,AP,Tv,0.25,13,1.18921,10
AF_rr0.1,0.2,SL,T1,0.1,1,2.19275,3
AF_rr0.1,0.2,SL,T1,0.1,3,1.68155,3
AF_rr0.1,0.2,SL,T1,0.1,5,1.53068,5
AF_rr0.1,0.2,SL,T1,0.1,7,1.46834,5
AF_rr0.1,0.2,SL,T1,0.1,10,1.38365,7
AF_rr0.1,0.2,SL,T1,0.1,13,1.26274,
AF_rr0.1,0.2,SL,T1,0.15,1,2.18155,3
AF_rr0.1,0.2,SL,T1,0.15,3,1.67864,3
AF_rr0.1,0.2,SL,T1,0.15,5,1.53199,5
AF_rr0.1,0.2,SL,T1,0.15,7,1.46436,5
AF_rr0.1,0.2,SL,T1,0.15,10,1.39122,7
AF_rr0.1,0.2,SL,T1,0.15,13,1.34178,10
AF_rr0.1,0.2,SL,T1,0.2,1,2.17256,3
AF_rr0.1,0.2,SL,T1,0.2,3,1.66164,3
AF_rr0.1,0.2,SL,T1,0.2,5,1.51389,5
AF_rr0.1,0.2,SL,T1,0.2,7,1.44245,5
AF_rr0.1,0.2,SL,T1,0.2,10,1.36694,7
AF_rr0.1,0.2,SL,T1,0.2,13,1.3247,10
AF_rr0.1,0.2,SL,T1,0.25,1,2.18179,3
AF_rr0.1,0.2,SL,T1,0.25,3,1.65247,3
AF_rr0.1,0.2,SL,T1,0.25,5,1.4919,5
AF_rr0.1,0.2,SL,T1,0.25,7,1.40672,7
AF_rr0.1,0.2,SL,T1,0.25,10,1.35116,7
AF_rr0.1,0.2,SL,T1,0.25,13,1.30572,10
AF_rr0.1,0.2,SL,T2,0.1,1,2.15394,3
AF_rr0.1,0.2,SL,T2,0.1,3,1.64656,3
AF_rr0.1,0.2,SL,T2,0.1,5,1.49261,5
AF_rr0.1,0.2,SL,T2,0.1,7,1.42776,5
AF_rr0.1,0.2,SL,T2,0.1,10,1.3372,7
AF_rr0.1,0.2,SL,T2,0.1,13,1.19135,
AF_rr0.1,0.2,SL,T2,0.15,1,2.14628,3
AF_rr0.1,0.2,SL,T2,0.15,3,1.6458,3
AF_rr0.1,0.2,SL,T2,0.15,5,1.49303,5
AF_rr0.1,0.2,SL,T2,0.15,7,1.41969,5
AF_rr0.1,0.2,SL,T2,0.15,10,1.35008,7
AF_rr0.1,0.2,SL,T2,0.15,13,1.285,7
AF_rr0.1,0.2,SL,T2,0.2,1,2.13425,3
AF_rr0.1,0.2,SL,T2,0.2,3,1.62931,3
AF_rr0.1,0.2,SL,T2,0.2,5,1.47628,5
AF_rr0.1,0.2,SL,T2,0.2,7,1.39596,5
AF_rr0.1,0.2,SL,T2,0.2,10,1.31662,7
AF_rr0.1,0.2,SL,T2,0.2,13,1.27705,10
AF_rr0.1,0.2,SL,T2,0.25,1,2.14486,3
AF_rr0.1,0.2,SL,T2,0.25,3,1.61233,3
AF_rr0.1,0.2,SL,T2,0.25,5,1.4484,5
AF_rr0.1,0.2,SL,T2,0.25,7,1.35702,7
AF_rr0.1,0.2,SL,T2,0.25,10,1.29658,7
AF_rr0.1,0.2,SL,T2,0.25,13,1.24796,10
AF_rr0.1,0.2,SL,Tv,0.1,1,2.01075,3
AF_rr0.1,0.2,SL,Tv,0.1,3,1.46097,3
AF_rr0.1,0.2,SL,Tv,0.1,5,1.29605,5
AF_rr0.1,0.2,SL,Tv,0.1,7,1.22342,5
AF_rr0.1,0.2,SL,Tv,0.1,10,1.10745,7
AF_rr0.1,0.2,SL,Tv,0.1,13,0.923992,
AF_rr0.1,0.2,SL,Tv,0.15,1,2.00952,3
AF_rr0.1,0.2,SL,Tv,0.15,3,1.46393,3
AF_rr0.1,0.2,SL,Tv,0.15,5,1.29575,5
AF_rr0.1,0.2,SL,Tv,0.15,7,1.21218,5
AF_rr0.1,0.2,SL,Tv,0.15,10,1.12969,7
AF_rr0.1,0.2,SL,Tv,0.15,13,1.04341,7
AF_rr0.1,0.2,SL,Tv,0.2,1,1.9976,3
AF_rr0.1,0.2,SL,Tv,0.2,3,1.45025,3
AF_rr0.1,0.2,SL,Tv,0.2,5,1.27156,5
AF_rr0.1,0.2,SL,Tv,0.2,7,1.17615,5
AF_rr0.1,0.2,SL,Tv,0.2,10,1.09163,7
AF_rr0.1,0.2,SL,Tv,0.2,13,1.04085,7
AF_rr0.1,0.2,SL,Tv,0.25,1,2.00756,3
AF_rr0.1,0.2,SL,Tv,0.25,3,1.42591,3
AF_rr0.1,0.2,SL,Tv,0.25,5,1.24483,5
AF_rr0.1,0.2,SL,Tv,0.25,7,1.14055,5
AF_rr0.1,0.2,SL,Tv,0.25,10,1.06333,7
AF_rr0.1,0.2,SL,Tv,0.25,13,1.00749,10
AF_rr0.1,0.25,AP,T1,0.1,1,3.52173,3
AF_rr0.1,0.25,AP,T1,0.1,3,2.59308,3
AF_rr0.1,0.25,AP,T1,0.1,5,2.34058,5
AF_rr0.1,0.25,AP,T1,0.1,7,2.22492,5
AF_rr0.1,0.25,AP,T1,0.1,10,1.99887,7
AF_rr0.1,0.25,AP,T1,0.1,13,1.7201,
AF_rr0.1,0.25,AP,T1,0.15,1,3.53022,3
AF_rr0.1,0.25,AP,T1,0.15,3,2.61937,3
AF_rr0.1,0.25,AP,T1,0.15,5,2.35476,5
AF_rr0.1,0.25,AP,T1,0.15,7,2.2096,5
AF_rr0.1,0.25,AP,T1,0.15,10,2.08157,7
AF_rr0.1,0.25,AP,T1,0.15,13,1.93032,10
AF_rr0.1,0.25,AP,T1,0.2,1,3.53501,3
AF_rr0.1,0.25,AP,T1,0.2,3,2.6106,3
AF_rr0.1,0.25,AP,T1,0.2,5,2.32886,5
AF_rr0.1,0.25,AP,T1,0.2,7,2.17523,5
AF_rr0.1,0.25,AP,T1,0.2,10,2.04537,7
AF_rr0.1,0.25,AP,T1,0.2,13,1.96077,10
AF_rr0.1,0.25,AP,T1,0.25,1,3.54144,3
AF_rr0.1,0.25,AP,T1,0.25,3,2.60296,3
AF_rr0.1,0.25,AP,T1,0.25,5,2.29445,5
AF_rr0.1,0.25,AP,T1,0.25,7,2.13431,5
AF_rr0.1,0.25,AP,T1,0.25,10,2.02036,7
AF_rr0.1,0.25,AP,T1,0.25,13,1.91631,10
AF_rr0.1,0.25,AP,T2,0.1,1,3.47991,3
AF_rr0.1,0.25,AP,T2,0.1,3,2.53093,3
AF_rr0.1,0.25,AP,T2,0.1,5,2.26287,5
AF_rr0.1,0.25,AP,T2,0.1,7,2.14058,5
AF_rr0.1,0.25,AP,T2,0.1,10,1.90403,7
AF_rr0.1,0.25,AP,T2,0.1,13,1.62406,
AF_rr0.1,0.25,AP,T2,0.15,1,3.49233,3
AF_rr0.1,0.25,AP,T2,0.15,3,2.55358,3
AF_rr0.1,0.25,AP,T2,0.15,5,2.28449,5
AF_rr0.1,0.25,AP,T2,0.15,7,2.12515,5
AF_rr0.1,0.25,AP,T2,0.15,10,1.98508,7
AF_rr0.1,0.25,AP,T2,0.15,13,1.82802,10
AF_rr0.1,0.25,AP,T2,0.2,1,3.49316,3
AF_rr0.1,0.25,AP,T2,0.2,3,2.55347,3
AF_rr0.1,0.25,AP,T2,0.2,5,2.25345,5
AF_rr0.1,0.25,AP,T2,0.2,7,2.08749,5
AF_rr0.1,0.25,AP,T2,0.2,10,1.94616,7
AF_rr0.1,0.25,AP,T2,0.2,13,1.84965,10
AF_rr0.1,0.25,AP,T2,0.25,1,3.50176,3
AF_rr0.1,0.25,AP,T2,0.25,3,2.54442,3
AF_rr0.1,0.25,AP,T2,0.25,5,2.21979,5
AF_rr0.1,0.25,AP,T2,0.25,7,2.04847,5
AF_rr0.1,0.25,AP,T2,0.25,10,1.90718,7
AF_rr0.1,0.25,AP,T2,0.25,13,1.79997,10
AF_rr0.1,0.25,AP,Tv,0.1,1,3.27237,3
AF_rr0.1,0.25,AP,Tv,0.1,3,2.25289,3
AF_rr0.1,0.25,AP,Tv,0.1,5,1.9516,5
AF_rr0.1,0.25,AP,Tv,0.1,7,1.79483,5
AF_rr0.1,0.25,AP,Tv,0.1,10,1.50714,7
AF_rr0.1,0.25,AP,Tv,0.1,13,1.10795,
AF_rr0.1,0.25,AP,Tv,0.15,1,3.28636,3
AF_rr0.1,0.25,AP,Tv,0.15,3,2.27241,3
AF_rr0.1,0.25,AP,Tv,0.15,5,1.96006,5
AF_rr0.1,0.25,AP,Tv,0.15,7,1.78364,5
AF_rr0.1,0.25,AP,Tv,0.15,10,1.61977,7
AF_rr0.1,0.25,AP,Tv,0.15,13,1.40623,10
AF_rr0.1,0.25,AP,Tv,0.2,1,3.28075,3
AF_rr0.1,0.25,AP,Tv,0.2,3,2.27017,3
AF_rr0.1,0.25,AP,Tv,0.2,5,1.93299,5
AF_rr0.1,0.25,AP,Tv,0.2,7,1.74604,5
AF_rr0.1,0.25,AP,Tv,0.2,10,1.57576,7
AF_rr0.1,0.25,AP,Tv,0.2,13,1.45151,10
AF_rr0.1,0.25,AP,Tv,0.25,1,3.28735,3
AF_rr0.1,0.25,AP,Tv,0.25,3,2.24767,3
AF_rr0.1,0.25,AP,Tv,0.25,5,1.89311,5
AF_rr0.1,0.25,AP,Tv,0.25,7,1.69692,5
AF_rr0.1,0.25,AP,Tv,0.25,10,1.51738,7
AF_rr0.1,0.25,AP,Tv,0.25,13,1.39671,10
AF_rr0.1,0.25,SL,T1,0.1,1,2.47596,3
AF_rr0.1,0.25,SL,T1,0.1,3,1.84061,3
AF_rr0.1,0.25,SL,T1,0.1,5,1.65626,5
AF_rr0.1,0.25,SL,T1,0.1,7,1.57554,5
AF_rr0.1,0.25,SL,T1,0.1,10,1.4147,7
AF_rr0.1,0.25,SL,T1,0.1,13,1.25768,
AF_rr0.1,0.25,SL,T1,0.15,1,2.48923,1
AF_rr0.1,0.25,SL,T1,0.15,3,1.8458,3
AF_rr0.1,0.25,SL,T1,0.15,5,1.66187,5
AF_rr0.1,0.25,SL,T1,0.15,7,1.57129,5
AF_rr0.1,0.25,SL,T1,0.15,10,1.47905,7
AF_rr0.1,0.25,SL,T1,0.15,13,1.37215,10
AF_rr0.1,0.25,SL,T1,0.2,1,2.47056,3
AF_rr0.1,0.25,SL,T1,0.2,3,1.8435,3
AF_rr0.1,0.25,SL,T1,0.2,5,1.65064,5
AF_rr0.1,0.25,SL,T1,0.2,7,1.54942,5
AF_rr0.1,0.25,SL,T1,0.2,10,1.46132,7
AF_rr0.1,0.25,SL,T1,0.2,13,1.41219,10
AF_rr0.1,0.25,SL,T1,0.25,1,2.47669,3
AF_rr0.1,0.25,SL,T1,0.25,3,1.83361,3
AF_rr0.1,0.25,SL,T1,0.25,5,1.63548,5
AF_rr0.1,0.25,SL,T1,0.25,7,1.52766,5
AF_rr0.1,0.25,SL,T1,0.25,10,1.43412,7
AF_rr0.1,0.25,SL,T1,0.25,13,1.38511,10
AF_rr0.1,0.25,SL,T2,0.1,1,2.45749,3
AF_rr0.1,0.25,SL,T2,0.1,3,1.81782,3
AF_rr0.1,0.25,SL,T2,0.1,5,1.62945,5
AF_rr0.1,0.25,SL,T2,0.1,7,1.54024,5
AF_rr0.1,0.25,SL,T2,0.1,10,1.37201,10
AF_rr0.1,0.25,SL,T2,0.1,13,1.20522,
AF_rr0.1,0.25,SL,T2,0.15,1,2.46771,1
AF_rr0.1,0.25,SL,T2,0.15,3,1.81883,3
AF_rr0.1,0.25,SL,T2,0.15,5,1.63521,5
AF_rr0.1,0.25,SL,T2,0.15,7,1.54191,5
AF_rr0.1,0.25,SL,T2,0.15,10,1.44775,7
AF_rr0.1,0.25,SL,T2,0.15,13,1.32875,10
AF_rr0.1,0.25,SL,T2,0.2,1,2.44488,3
AF_rr0.1,0.25,SL,T2,0.2,3,1.82171,3
AF_rr0.1,0.25,SL,T2,0.2,5,1.6233,5
AF_rr0.1,0.25,SL,T2,0.2,7,1.52372,5
AF_rr0.1,0.25,SL,T2,0.2,10,1.4305,7
AF_rr0.1,0.25,SL,T2,0.2,13,1.36919,10
AF_rr0.1,0.25,SL,T2,0.25,1,2.45121,3
AF_rr0.1,0.25,SL,T2,0.25,3,1.80938,3
AF_rr0.1,0.25,SL,T2,0.25,5,1.60415,5
AF_rr0.1,0.25,SL,T2,0.25,7,1.4912,5
AF_rr0.1,0.25,SL,T2,0.25,10,1.39834,7
AF_rr0.1,0.25,SL,T2,0.25,13,1.33452,10
AF_rr0.1,0.25,SL,Tv,0.1,1,2.33811,1
AF_rr0.1,0.25,SL,Tv,0.1,3,1.65498,3
AF_rr0.1,0.25,SL,Tv,0.1,5,1.44848,5
AF_rr0.1,0.25,SL,Tv,0.1,7,1.34843,5
AF_rr0.1,0.25,SL,Tv,0.1,10,1.15083,7
AF_rr0.1,0.25,SL,Tv,0.1,13,0.925671,
AF_rr0.1,0.25,SL,Tv,0.15,1,2.34276,1
AF_rr0.1,0.25,SL,Tv,0.15,3,1.65656,3
AF_rr0.1,0.25,SL,Tv,0.15,5,1.45814,5
AF_rr0.1,0.25,SL,Tv,0.15,7,1.34948,5
AF_rr0.1,0.25,SL,Tv,0.15,10,1.24457,7
AF_rr0.1,0.25,SL,Tv,0.15,13,1.09238,10
AF_rr0.1,0.25,SL,Tv,0.2,1,2.31942,3
AF_rr0.1,0.25,SL,Tv,0.2,3,1.65623,3
AF_rr0.1,0.25,SL,Tv,0.2,5,1.43988,5
AF_rr0.1,0.25,SL,Tv,0.2,7,1.32933,5
AF_rr0.1,0.25,SL,Tv,0.2,10,1.22085,7
AF_rr0.1,0.25,SL,Tv,0.2,13,1.14694,7
AF_rr0.1,0.25,SL,Tv,0.25,1,2.32867,3
AF_rr0.1,0.25,SL,Tv,0.25,3,1.64413,3
AF_rr0.1,0.25,SL,Tv,0.25,5,1.42387,5
AF_rr0.1,0.25,SL,Tv,0.25,7,1.28765,5
AF_rr0.1,0.25,SL,Tv,0.25,10,1.18758,7
AF_rr0.1,0.25,SL,Tv,0.25,13,1.11095,10
AF_rr0.1,0.3,AP,T1,0.1,1,4.08553,1
AF_rr0.1,0.3,AP,T1,0.1,3,2.89299,3
AF_rr0.1,0.3,AP,T1,0.1,5,2.58514,5
AF_rr0.1,0.3,AP,T1,0.1,7,2.40778,5
AF_rr0.1,0.3,AP,T1,0.1,10,2.01,10
AF_rr0.1,0.3,AP,T1,0.1,13,1.75804,
AF_rr0.1,0.3,AP,T1,0.15,1,4.11481,1
AF_rr0.1,0.3,AP,T1,0.15,3,2.92642,3
AF_rr0.1,0.3,AP,T1,0.15,5,2.58564,5
AF_rr0.1,0.3,AP,T1,0.15,7,2.43144,5
AF_rr0.1,0.3,AP,T1,0.15,10,2.23317,7
AF_rr0.1,0.3,AP,T1,0.15,13,1.94003,13
AF_rr0.1,0.3,AP,T1,0.2,1,4.09698,1
AF_rr0.1,0.3,AP,T1,0.2,3,2.935,3
AF_rr0.1,0.3,AP,T1,0.2,5,2.58753,5
AF_rr0.1,0.3,AP,T1,0.2,7,2.40206,5
AF_rr0.1,0.3,AP,T1,0.2,10,2.23363,7
AF_rr0.1,0.3,AP,T1,0.2,13,2.10443,10
AF_rr0.1,0.3,AP,T1,0.25,1,4.0494,3
AF_rr0.1,0.3,AP,T1,0.25,3,2.91685,3
AF_rr0.1,0.3,AP,T1,0.25,5,2.55268,5
AF_rr0.1,0.3,AP,T1,0.25,7,2.36806,5
AF_rr0.1,0.3,AP,T1,0.25,10,2.17953,7
AF_rr0.1,0.3,AP,T1,0.25,13,2.0836,10
AF_rr0.1,0.3,AP,T2,0.1,1,4.0658,1
AF_rr0.1,0.3,AP,T2,0.1,3,2.84633,3
AF_rr0.1,0.3,AP,T2,0.1,5,2.52034,5
AF_rr0.1,0.3,AP,T2,0.1,7,2.33943,5
AF_rr0.1,0.3,AP,T2,0.1,10,1.93857,10
AF_rr0.1,0.3,AP,T2,0.1,13,1.70242,
AF_rr0.1,0.3,AP,T2,0.15,1,4.09472,1
AF_rr0.1,0.3,AP,T2,0.15,3,2.88857,3
AF_rr0.1,0.3,AP,T2,0.15,5,2.53316,5
AF_rr0.1,0.3,AP,T2,0.15,7,2.36079,5
AF_rr0.1,0.3,AP,T2,0.15,10,2.15923,7
AF_rr0.1,0.3,AP,T2,0.15,13,1.86128,13
AF_rr0.1,0.3,AP,T2,0.2,1,4.06954,1
AF_rr0.1,0.3,AP,T2,0.2,3,2.89009,3
AF_rr0.1,0.3,AP,T2,0.2,5,2.52831,5
AF_rr0.1,0.3,AP,T2,0.2,7,2.33649,5
AF_rr0.1,0.3,AP,T2,0.2,10,2.16048,7
AF_rr0.1,0.3,AP,T2,0.2,13,2.00656,10
AF_rr0.1,0.3,AP,T2,0.25,1,4.02722,3
AF_rr0.1,0.3,AP,T2,0.25,3,2.88083,3
AF_rr0.1,0.3,AP,T2,0.25,5,2.4948,5
AF_rr0.1,0.3,AP,T2,0.25,7,2.297,5
AF_rr0.1,0.3,AP,T2,0.25,10,2.10037,7
AF_rr0.1,0.3,AP,T2,0.25,13,1.98523,10
AF_rr0.1,0.3,AP,Tv,0.1,1,3.87669,1
AF_rr0.1,0.3,AP,Tv,0.1,3,2.59023,3
AF_rr0.1,0.3,AP,Tv,0.1,5,2.23469,5
AF_rr0.1,0.3,AP,Tv,0.1,7,2.02978,5
AF_rr0.1,0.3,AP,Tv,0.1,10,1.55043,10
AF_rr0.1,0.3,AP,Tv,0.1,13,1.18275,
AF_rr0.1,0.3,AP,Tv,0.15,1,3.91079,1
AF_rr0.1,0.3,AP,Tv,0.15,3,2.64062,3
AF_rr0.1,0.3,AP,Tv,0.15,5,2.2556,5
AF_rr0.1,0.3,AP,Tv,0.15,7,2.05941,5
AF_rr0.1,0.3,AP,Tv,0.15,10,1.82786,7
AF_rr0.1,0.3,AP,Tv,0.15,13,1.44219,13
AF_rr0.1,0.3,AP,Tv,0.2,1,3.87821,1
AF_rr0.1,0.3,AP,Tv,0.2,3,2.64608,3
AF_rr0.1,0.3,AP,Tv,0.2,5,2.24631,5
AF_rr0.1,0.3,AP,Tv,0.2,7,2.02796,5
AF_rr0.1,0.3,AP,Tv,0.2,10,1.82522,7
AF_rr0.1,0.3,AP,Tv,0.2,13,1.64487,10
AF_rr0.1,0.3,AP,Tv,0.25,1,3.84663,3
AF_rr0.1,0.3,AP,Tv,0.25,3,2.63269,3
AF_rr0.1,0.3,AP,Tv,0.25,5,2.20868,5
AF_rr0.1,0.3,AP,Tv,0.25,7,1.97494,5
AF_rr0.1,0.3,AP,Tv,0.25,10,1.75808,7
AF_rr0.1,0.3,AP,Tv,0.25,13,1.62523,10
AF_rr0.1,0.3,SL,T1,0.1,1,2.81474,1
AF_rr0.1,0.3,SL,T1,0.1,3,1.99958,3
AF_rr0.1,0.3,SL,T1,0.1,5,1.79604,5
AF_rr0.1,0.3,SL,T1,0.1,7,1.68234,5
AF_rr0.1,0.3,SL,T1,0.1,10,1.41918,10
AF_rr0.1,0.3,SL,T1,0.1,13,1.27274,
AF_rr0.1,0.3,SL,T1,0.15,1,2.78966,3
AF_rr0.1,0.3,SL,T1,0.15,3,2.03003,3
AF_rr0.1,0.3,SL,T1,0.15,5,1.79414,5
AF_rr0.1,0.3,SL,T1,0.15,7,1.69391,5
AF_rr0.1,0.3,SL,T1,0.15,10,1.56738,7
AF_rr0.1,0.3,SL,T1,0.15,13,1.37282,13
AF_rr0.1,0.3,SL,T1,0.2,1,2.80992,1
AF_rr0.1,0.3,SL,T1,0.2,3,2.03261,3
AF_rr0.1,0.3,SL,T1,0.2,5,1.80218,5
AF_rr0.1,0.3,SL,T1,0.2,7,1.68122,5
AF_rr0.1,0.3,SL,T1,0.2,10,1.57717,7
AF_rr0.1,0.3,SL,T1,0.2,13,1.47813,10
AF_rr0.1,0.3,SL,T1,0.25,1,2.79724,3
AF_rr0.1,0.3,SL,T1,0.25,3,2.03193,3
AF_rr0.1,0.3,SL,T1,0.25,5,1.79002,5
AF_rr0.1,0.3,SL,T1,0.25,7,1.6646,5
AF_rr0.1,0.3,SL,T1,0.25,10,1.55688,7
AF_rr0.1,0.3,SL,T1,0.25,13,1.47479,10
AF_rr0.1,0.3,SL,T2,0.1,1,2.80385,1
AF_rr0.1,0.3,SL,T2,0.1,3,1.98523,3
AF_rr0.1,0.3,SL,T2,0.1,5,1.77805,5
AF_rr0.1,0.3,SL,T2,0.1,7,1.66195,5
AF_rr0.1,0.3,SL,T2,0.1,10,1.39249,13
AF_rr0.1,0.3,SL,T2,0.1,13,1.24737,
AF_rr0.1,0.3,SL,T2,0.15,1,2.77361,3
AF_rr0.1,0.3,SL,T2,0.15,3,2.01349,3
AF_rr0.1,0.3,SL,T2,0.15,5,1.77847,5
AF_rr0.1,0.3,SL,T2,0.15,7,1.67399,5
AF_rr0.1,0.3,SL,T2,0.15,10,1.5432,7
AF_rr0.1,0.3,SL,T2,0.15,13,1.34436,13
AF_rr0.1,0.3,SL,T2,0.2,1,2.79507,1
AF_rr0.1,0.3,SL,T2,0.2,3,2.02371,3
AF_rr0.1,0.3,SL,T2,0.2,5,1.78252,5
AF_rr0.1,0.3,SL,T2,0.2,7,1.66273,5
AF_rr0.1,0.3,SL,T2,0.2,10,1.5535,7
AF_rr0.1,0.3,SL,T2,0.2,13,1.4389,10
AF_rr0.1,0.3,SL,T2,0.25,1,2.78582,1
AF_rr0.1,0.3,SL,T2,0.25,3,2.01699,3
AF_rr0.1,0.3,SL,T2,0.25,5,1.77125,5
AF_rr0.1,0.3,SL,T2,0.25,7,1.6381,5
AF_rr0.1,0.3,SL,T2,0.25,10,1.52381,7
AF_rr0.1,0.3,SL,T2,0.25,13,1.43856,10
AF_rr0.1,0.3,SL,Tv,0.1,1,2.68949,1
AF_rr0.1,0.3,SL,Tv,0.1,3,1.83555,3
AF_rr0.1,0.3,SL,Tv,0.1,5,1.61033,5
AF_rr0.1,0.3,SL,Tv,0.1,7,1.48041,5
AF_rr0.1,0.3,SL,Tv,0.1,10,1.16259,10
AF_rr0.1,0.3,SL,Tv,0.1,13,0.966731,
AF_rr0.1,0.3,SL,Tv,0.15,1,2.65928,3
AF_rr0.1,0.3,SL,Tv,0.15,3,1.86557,3
AF_rr0.1,0.3,SL,Tv,0.15,5,1.61576,5
AF_rr0.1,0.3,SL,Tv,0.15,7,1.49798,5
AF_rr0.1,0.3,SL,Tv,0.15,10,1.35367,7
AF_rr0.1,0.3,SL,Tv,0.15,13,1.10563,13
AF_rr0.1,0.3,SL,Tv,0.2,1,2.68184,1
AF_rr0.1,0.3,SL,Tv,0.2,3,1.8715,3
AF_rr0.1,0.3,SL,Tv,0.2,5,1.61859,5
AF_rr0.1,0.3,SL,Tv,0.2,7,1.48037,5
AF_rr0.1,0.3,SL,Tv,0.2,10,1.36153,7
AF_rr0.1,0.3,SL,Tv,0.2,13,1.23151,10
AF_rr0.1,0.3,SL,Tv,0.25,1,2.67537,1
AF_rr0.1,0.3,SL,Tv,0.25,3,1.86679,3
AF_rr0.1,0.3,SL,Tv,0.25,5,1.5981,5
AF_rr0.1,0.3,SL,Tv,0.25,7,1.45477,5
AF_rr0.1,0.3,SL,Tv,0.25,10,1.32617,7
AF_rr0.1,0.3,SL,Tv,0.25,13,1.23426,10
AF_rr0.2,0.05,AP,T1,0.1,1,2.07743,1
AF_rr0.2,0.05,AP,T1,0.1,3,1.80512,3
AF_rr0.2,0.05,AP,T1,0.1,5,1.71725,5
AF_rr0.2,0.05,AP,T1,0.1,7,1.68088,5
AF_rr0.2,0.05,AP,T1,0.1,10,1.64588,10
AF_rr0.2,0.05,AP,T1,0.1,13,1.6276,10
AF_rr0.2,0.05,AP,T1,0.15,1,2.07491,1
AF_rr0.2,0.05,AP,T1,0.15,3,1.77399,3
AF_rr0.2,0.05,AP,T1,0.15,5,1.70033,5
AF_rr0.2,0.05,AP,T1,0.15,7,1.66026,7
AF_rr0.2,0.05,AP,T1,0.15,10,1.62894,10
AF_rr0.2,0.05,AP,T1,0.15,13,1.61863,13
AF_rr0.2,0.05,AP,T1,0.2,1,2.07423,1
AF_rr0.2,0.05,AP,T1,0.2,3,1.75717,3
AF_rr0.2,0.05,AP,T1,0.2,5,1.69245,5
AF_rr0.2,0.05,AP,T1,0.2,7,1.65089,7
AF_rr0.2,0.05,AP,T1,0.2,10,1.6269,10
AF_rr0.2,0.05,AP,T1,0.2,13,1.59977,
AF_rr0.2,0.05,AP,T1,0.25,1,2.07007,1
AF_rr0.2,0.05,AP,T1,0.25,3,1.74591,5
AF_rr0.2,0.05,AP,T1,0.25,5,1.67306,7
AF_rr0.2,0.05,AP,T1,0.25,7,1.64975,7
AF_rr0.2,0.05,AP,T1,0.25,10,1.61333,13
AF_rr0.2,0.05,AP,T1,0.25,13,1.60023,
AF_rr0.2,0.05,AP,T2,0.1,1,1.93149,1
AF_rr0.2,0.05,AP,T2,0.1,3,1.65171,3
AF_rr0.2,0.05,AP,T2,0.1,5,1.56699,5
AF_rr0.2,0.05,AP,T2,0.1,7,1.52317,5
AF_rr0.2,0.05,AP,T2,0.1,10,1.48803,7
AF_rr0.2,0.05,AP,T2,0.1,13,1.46177,10
AF_rr0.2,0.05,AP,T2,0.15,1,1.93251,1
AF_rr0.2,0.05,AP,T2,0.15,3,1.6173,3
AF_rr0.2,0.05,AP,T2,0.15,5,1.53335,5
AF_rr0.2,0.05,AP,T2,0.15,7,1.49477,7
AF_rr0.2,0.05,AP,T2,0.15,10,1.46238,10
AF_rr0.2,0.05,AP,T2,0.15,13,1.44322,10
AF_rr0.2,0.05,AP,T2,0.2,1,1.92977,1
AF_rr0.2,0.05,AP,T2,0.2,3,1.59334,3
AF_rr0.2,0.05,AP,T2,0.2,5,1.52809,5
AF_rr0.2,0.05,AP,T2,0.2,7,1.47868,7
AF_rr0.2,0.05,AP,T2,0.2,10,1.4489,10
AF_rr0.2,0.05,AP,T2,0.2,13,1.42372,13
AF_rr0.2,0.05,AP,T2,0.25,1,1.93102,1
AF_rr0.2,0.05,AP,T2,0.25,3,1.58748,3
AF_rr0.2,0.05,AP,T2,0.25,5,1.50207,5
AF_rr0.2,0.05,AP,T2,0.25,7,1.47339,7
AF_rr0.2,0.05,AP,T2,0.25,10,1.43773,10
AF_rr0.2,0.05,AP,T2,0.25,13,1.4234,13
AF_rr0.2,0.05,AP,Tv,0.1,1,1.55576,1
AF_rr0.2,0.05,AP,Tv,0.1,3,1.19215,3
AF_rr0.2,0.05,AP,Tv,0.1,5,1.07421,5
AF_rr0.2,0.05,AP,Tv,0.1,7,1.01201,5
AF_rr0.2,0.05,AP,Tv,0.1,10,0.958989,7
AF_rr0.2,0.05,AP,Tv,0.1,13,0.916867,7
AF_rr0.2,0.05,AP,Tv,0.15,1,1.56019,1
AF_rr0.2,0.05,AP,Tv,0.15,3,1.15398,3
AF_rr0.2,0.05,AP,Tv,0.15,5,1.03311,5
AF_rr0.2,0.05,AP,Tv,0.15,7,0.973246,5
AF_rr0.2,0.05,AP,Tv,0.15,10,0.918684,7
AF_rr0.2,0.05,AP,Tv,0.15,13,0.888624,10
AF_rr0.2,0.05,AP,Tv,0.2,1,1.56256,1
AF_rr0.2,0.05,AP,Tv,0.2,3,1.11878,3
AF_rr0.2,0.05,AP,Tv,0.2,5,1.00267,5
AF_rr0.2,0.05,AP,Tv,0.2,7,0.943458,7
AF_rr0.2,0.05,AP,Tv,0.2,10,0.897508,10
AF_rr0.2,0.05,AP,Tv,0.2,13,0.865117,13
AF_rr0.2,0.05,AP,Tv,0.25,1,1.55805,1
AF_rr0.2,0.05,AP,Tv,0.25,3,1.10325,3
AF_rr0.2,0.05,AP,Tv,0.25,5,0.987317,5
AF_rr0.2,0.05,AP,Tv,0.25,7,0.93063,7
AF_rr0.2,0.05,AP,Tv,0.25,10,0.875937,10
AF_rr0.2,0.05,AP,Tv,0.25,13,0.851688,13
AF_rr0.2,0.05,SL,T1,0.1,1,1.64134,1
AF_rr0.2,0.05,SL,T1,0.1,3,1.38099,3
AF_rr0.2,0.05,SL,T1,0.1,5,1.30785,5
AF_rr0.2,0.05,SL,T1,0.1,7,1.27089,7
AF_rr0.2,0.05,SL,T1,0.1,10,1.25209,7
AF_rr0.2,0.05,SL,T1,0.1,13,1.23068,10
AF_rr0.2,0.05,SL,T1,0.15,1,1.64924,1
AF_rr0.2,0.05,SL,T1,0.15,3,1.3652,3
AF_rr0.2,0.05,SL,T1,0.15,5,1.29128,5
AF_rr0.2,0.05,SL,T1,0.15,7,1.2591,7
AF_rr0.2,0.05,SL,T1,0.15,10,1.23563,10
AF_rr0.2,0.05,SL,T1,0.15,13,1.21957,10
AF_rr0.2,0.05,SL,T1,0.2,1,1.64071,1
AF_rr0.2,0.05,SL,T1,0.2,3,1.35274,3
AF_rr0.2,0.05,SL,T1,0.2,5,1.28258,5
AF_rr0.2,0.05,SL,T1,0.2,7,1.24372,7
AF_rr0.2,0.05,SL,T1,0.2,10,1.22163,10
AF_rr0.2,0.05,SL,T1,0.2,13,1.20304,
AF_rr0.2,0.05,SL,T1,0.25,1,1.64038,1
AF_rr0.2,0.05,SL,T1,0.25,3,1.34769,3
AF_rr0.2,0.05,SL,T1,0.25,5,1.27199,7
AF_rr0.2,0.05,SL,T1,0.25,7,1.23965,7
AF_rr0.2,0.05,SL,T1,0.25,10,1.21225,13
AF_rr0.2,0.05,SL,T1,0.25,13,1.19859,
AF_rr0.2,0.05,SL,T2,0.1,1,1.56919,1
AF_rr0.2,0.05,SL,T2,0.1,3,1.31355,3
AF_rr0.2,0.05,SL,T2,0.1,5,1.23924,5
AF_rr0.2,0.05,SL,T2,0.1,7,1.20339,5
AF_rr0.2,0.05,SL,T2,0.1,10,1.17791,7
AF_rr0.2,0.05,SL,T2,0.1,13,1.14531,7
AF_rr0.2,0.05,SL,T2,0.15,1,1.57298,1
AF_rr0.2,0.05,SL,T2,0.15,3,1.29768,3
AF_rr0.2,0.05,SL,T2,0.15,5,1.2181,5
AF_rr0.2,0.05,SL,T2,0.15,7,1.18583,5
AF_rr0.2,0.05,SL,T2,0.15,10,1.15671,7
AF_rr0.2,0.05,SL,T2,0.15,13,1.13938,10
AF_rr0.2,0.05,SL,T2,0.2,1,1.56673,3
AF_rr0.2,0.05,SL,T2,0.2,3,1.27849,3
AF_rr0.2,0.05,SL,T2,0.2,5,1.20697,5
AF_rr0.2,0.05,SL,T2,0.2,7,1.167,7
AF_rr0.2,0.05,SL,T2,0.2,10,1.13792,10
AF_rr0.2,0.05,SL,T2,0.2,13,1.12027,10
AF_rr0.2,0.05,SL,T2,0.25,1,1.56901,1
AF_rr0.2,0.05,SL,T2,0.25,3,1.26692,3
AF_rr0.2,0.05,SL,T2,0.25,5,1.19071,5
AF_rr0.2,0.05,SL,T2,0.25,7,1.15449,7
AF_rr0.2,0.05,SL,T2,0.25,10,1.1226,10
AF_rr0.2,0.05,SL,T2,0.25,13,1.10962,13
AF_rr0.2,0.05,SL,Tv,0.1,1,1.38472,3
AF_rr0.2,0.05,SL,Tv,0.1,3,1.08715,3
AF_rr0.2,0.05,SL,Tv,0.1,5,0.996711,5
AF_rr0.2,0.05,SL,Tv,0.1,7,0.956565,5
AF_rr0.2,0.05,SL,Tv,0.1,10,0.916508,5
AF_rr0.2,0.05,SL,Tv,0.1,13,0.872389,7
AF_rr0.2,0.05,SL,Tv,0.15,1,1.38803,1
AF_rr0.2,0.05,SL,Tv,0.15,3,1.0687,3
AF_rr0.2,0.05,SL,Tv,0.15,5,0.97427,5
AF_rr0.2,0.05,SL,Tv,0.15,7,0.931573,5
AF_rr0.2,0.05,SL,Tv,0.15,10,0.893936,7
AF_rr0.2,0.05,SL,Tv,0.15,13,0.867189,10
AF_rr0.2,0.05,SL,Tv,0.2,1,1.38299,3
AF_rr0.2,0.05,SL,Tv,0.2,3,1.0442,3
AF_rr0.2,0.05,SL,Tv,0.2,5,0.955276,5
AF_rr0.2,0.05,SL,Tv,0.2,7,0.906926,7
AF_rr0.2,0.05,SL,Tv,0.2,10,0.872082,7
AF_rr0.2,0.05,SL,Tv,0.2,13,0.848631,10
AF_rr0.2,0.05,SL,Tv,0.25,1,1.38646,1
AF_rr0.2,0.05,SL,Tv,0.25,3,1.03235,3
AF_rr0.2,0.05,SL,Tv,0.25,5,0.938317,5
AF_rr0.2,0.05,SL,Tv,0.25,7,0.891231,7
AF_rr0.2,0.05,SL,Tv,0.25,10,0.850749,10
AF_rr0.2,0.05,SL,Tv,0.25,13,0.832277,13
AF_rr0.2,0.1,AP,T1,0.1,1,2.30117,1
AF_rr0.2,0.1,AP,T1,0.1,3,1.9147,3
AF_rr0.2,0.1,AP,T1,0.1,5,1.81584,5
AF_rr0.2,0.1,AP,T1,0.1,7,1.75778,5
AF_rr0.2,0.1,AP,T1,0.1,10,1.71403,7
AF_rr0.2,0.1,AP,T1,0.1,13,1.67844,10
AF_rr0.2,0.1,AP,T1,0.15,1,2.29803,1
AF_rr0.2,0.1,AP,T1,0.15,3,1.90185,3
AF_rr0.2,0.1,AP,T1,0.15,5,1.79808,5
AF_rr0.2,0.1,AP,T1,0.15,7,1.72673,5
AF_rr0.2,0.1,AP,T1,0.15,10,1.68492,10
AF_rr0.2,0.1,AP,T1,0.15,13,1.65905,10
AF_rr0.2,0.1,AP,T1,0.2,1,2.29674,3
AF_rr0.2,0.1,AP,T1,0.2,3,1.87717,3
AF_rr0.2,0.1,AP,T1,0.2,5,1.76693,5
AF_rr0.2,0.1,AP,T1,0.2,7,1.72055,5
AF_rr0.2,0.1,AP,T1,0.2,10,1.66821,10
AF_rr0.2,0.1,AP,T1,0.2,13,1.64269,10
AF_rr0.2,0.1,AP,T1,0.25,1,2.30377,1
AF_rr0.2,0.1,AP,T1,0.25,3,1.8532,3
AF_rr0.2,0.1,AP,T1,0.25,5,1.74949,5
AF_rr0.2,0.1,AP,T1,0.25,7,1.68299,10
AF_rr0.2,0.1,AP,T1,0.25,10,1.64605,10
AF_rr0.2,0.1,AP,T1,0.25,13,1.62321,13
AF_rr0.2,0.1,AP,T2,0.1,1,2.18293,1
AF_rr0.2,0.1,AP,T2,0.1,3,1.78301,3
AF_rr0.2,0.1,AP,T2,0.1,5,1.68202,5
AF_rr0.2,0.1,AP,T2,0.1,7,1.61902,5
AF_rr0.2,0.1,AP,T2,0.1,10,1.56559,7
AF_rr0.2,0.1,AP,T2,0.1,13,1.52276,7
AF_rr0.2,0.1,AP,T2,0.15,1,2.18412,1
AF_rr0.2,0.1,AP,T2,0.15,3,1.76802,3
AF_rr0.2,0.1,AP,T2,0.15,5,1.65613,5
AF_rr0.2,0.1,AP,T2,0.15,7,1.58173,5
AF_rr0.2,0.1,AP,T2,0.15,10,1.53564,7
AF_rr0.2,0.1,AP,T2,0.15,13,1.50329,10
AF_rr0.2,0.1,AP,T2,0.2,1,2.18075,3
AF_rr0.2,0.1,AP,T2,0.2,3,1.73901,3
AF_rr0.2,0.1,AP,T2,0.2,5,1.62264,5
AF_rr0.2,0.1,AP,T2,0.2,7,1.5598,7
AF_rr0.2,0.1,AP,T2,0.2,10,1.50917,10
AF_rr0.2,0.1,AP,T2,0.2,13,1.47776,10
AF_rr0.2,0.1,AP,T2,0.25,1,2.18958,1
AF_rr0.2,0.1,AP,T2,0.25,3,1.71622,3
AF_rr0.2,0.1,AP,T2,0.25,5,1.59585,5
AF_rr0.2,0.1,AP,T2,0.25,7,1.52467,7
AF_rr0.2,0.1,AP,T2,0.25,10,1.48011,10
AF_rr0.2,0.1,AP,T2,0.25,13,1.45775,13
AF_rr0.2,0.1,AP,Tv,0.1,1,1.8509,1
AF_rr0.2,0.1,AP,Tv,0.1,3,1.37413,3
AF_rr0.2,0.1,AP,Tv,0.1,5,1.22943,5
AF_rr0.2,0.1,AP,Tv,0.1,7,1.14656,5
AF_rr0.2,0.1,AP,Tv,0.1,10,1.07281,5
AF_rr0.2,0.1,AP,Tv,0.1,13,1.01108,7
AF_rr0.2,0.1,AP,Tv,0.15,1,1.84821,3
AF_rr0.2,0.1,AP,Tv,0.15,3,1.3475,3
AF_rr0.2,0.1,AP,Tv,0.15,5,1.19285,5
AF_rr0.2,0.1,AP,Tv,0.15,7,1.09998,5
AF_rr0.2,0.1,AP,Tv,0.15,10,1.02664,7
AF_rr0.2,0.1,AP,Tv,0.15,13,0.98338,10
AF_rr0.2,0.1,AP,Tv,0.2,1,1.8449,3
AF_rr0.2,0.1,AP,Tv,0.2,3,1.30821,3
AF_rr0.2,0.1,AP,Tv,0.2,5,1.14583,5
AF_rr0.2,0.1,AP,Tv,0.2,7,1.06376,5
AF_rr0.2,0.1,AP,Tv,0.2,10,0.987759,10
AF_rr0.2,0.1,AP,Tv,0.2,13,0.942746,10
AF_rr0.2,0.1,AP,Tv,0.25,1,1.85647,1
AF_rr0.2,0.1,AP,Tv,0.25,3,1.27732,3
AF_rr0.2,0.1,AP,Tv,0.25,5,1.11267,5
AF_rr0.2,0.1,AP,Tv,0.25,7,1.0251,7
AF_rr0.2,0.1,AP,Tv,0.25,10,0.959041,10
AF_rr0.2,0.1,AP,Tv,0.25,13,0.919476,13
AF_rr0.2,0.1,SL,T1,0.1,1,1.76636,1
AF_rr0.2,0.1,SL,T1,0.1,3,1.43958,3
AF_rr0.2,0.1,SL,T1,0.1,5,1.35558,5
AF_rr0.2,0.1,SL,T1,0.1,7,1.31437,5
AF_rr0.2,0.1,SL,T1,0.1,10,1.2864,7
AF_rr0.2,0.1,SL,T1,0.1,13,1.24386,10
AF_rr0.2,0.1,SL,T1,0.15,1,1.76633,1
AF_rr0.2,0.1,SL,T1,0.15,3,1.4322,3
AF_rr0.2,0.1,SL,T1,0.15,5,1.34665,5
AF_rr0.2,0.1,SL,T1,0.15,7,1.29844,7
AF_rr0.2,0.1,SL,T1,0.15,10,1.26314,10
AF_rr0.2,0.1,SL,T1,0.15,13,1.24812,10
AF_rr0.2,0.1,SL,T1,0.2,1,1.76793,1
AF_rr0.2,0.1,SL,T1,0.2,3,1.42332,3
AF_rr0.2,0.1,SL,T1,0.2,5,1.33431,5
AF_rr0.2,0.1,SL,T1,0.2,7,1.28397,7
AF_rr0.2,0.1,SL,T1,0.2,10,1.24802,10
AF_rr0.2,0.1,SL,T1,0.2,13,1.23532,10
AF_rr0.2,0.1,SL,T1,0.25,1,1.75927,3
AF_rr0.2,0.1,SL,T1,0.25,3,1.40741,3
AF_rr0.2,0.1,SL,T1,0.25,5,1.31103,5
AF_rr0.2,0.1,SL,T1,0.25,7,1.26143,10
AF_rr0.2,0.1,SL,T1,0.25,10,1.22874,13
AF_rr0.2,0.1,SL,T1,0.25,13,1.21706,13
AF_rr0.2,0.1,SL,T2,0.1,1,1.70767,1
AF_rr0.2,0.1,SL,T2,0.1,3,1.38437,3
AF_rr0.2,0.1,SL,T2,0.1,5,1.30191,5
AF_rr0.2,0.1,SL,T2,0.1,7,1.25518,5
AF_rr0.2,0.1,SL,T2,0.1,10,1.21977,5
AF_rr0.2,0.1,SL,T2,0.1,13,1.17,10
AF_rr0.2,0.1,SL,T2,0.15,1,1.70351,1
AF_rr0.2,0.1,SL,T2,0.15,3,1.37047,3
AF_rr0.2,0.1,SL,T2,0.15,5,1.28896,5
AF_rr0.2,0.1,SL,T2,0.15,7,1.23612,5
AF_rr0.2,0.1,SL,T2,0.15,10,1.19896,7
AF_rr0.2,0.1,SL,T2,0.15,13,1.17482,7
AF_rr0.2,0.1,SL,T2,0.2,1,1.70641,1
AF_rr0.2,0.1,SL,T2,0.2,3,1.35559,3
AF_rr0.2,0.1,SL,T2,0.2,5,1.26877,5
AF_rr0.2,0.1,SL,T2,0.2,7,1.21267,7
AF_rr0.2,0.1,SL,T2,0.2,10,1.17445,7
AF_rr0.2,0.1,SL,T2,0.2,13,1.15963,10
AF_rr0.2,0.1,SL,T2,0.25,1,1.69783,3
AF_rr0.2,0.1,SL,T2,0.25,3,1.34237,3
AF_rr0.2,0.1,SL,T2,0.25,5,1.24294,5
AF_rr0.2,0.1,SL,T2,0.25,7,1.18579,7
AF_rr0.2,0.1,SL,T2,0.25,10,1.15036,10
AF_rr0.2,0.1,SL,T2,0.25,13,1.13555,13
AF_rr0.2,0.1,SL,Tv,0.1,1,1.53583,1
AF_rr0.2,0.1,SL,Tv,0.1,3,1.17292,3
AF_rr0.2,0.1,SL,Tv,0.1,5,1.0689,5
AF_rr0.2,0.1,SL,Tv,0.1,7,1.01631,5
AF_rr0.2,0.1,SL,Tv,0.1,10,0.967465,5
AF_rr0.2,0.1,SL,Tv,0.1,13,0.904142,10
AF_rr0.2,0.1,SL,Tv,0.15,1,1.53096,1
AF_rr0.2,0.1,SL,Tv,0.15,3,1.162,3
AF_rr0.2,0.1,SL,Tv,0.15,5,1.05299,5
AF_rr0.2,0.1,SL,Tv,0.15,7,0.99321,5
AF_rr0.2,0.1,SL,Tv,0.15,10,0.943192,7
AF_rr0.2,0.1,SL,Tv,0.15,13,0.913644,7
AF_rr0.2,0.1,SL,Tv,0.2,1,1.53145,1
AF_rr0.2,0.1,SL,Tv,0.2,3,1.13789,3
AF_rr0.2,0.1,SL,Tv,0.2,5,1.02809,5
AF_rr0.2,0.1,SL,Tv,0.2,7,0.96334,5
AF_rr0.2,0.1,SL,Tv,0.2,10,0.915796,7
AF_rr0.2,0.1,SL,Tv,0.2,13,0.891665,10
AF_rr0.2,0.1,SL,Tv,0.25,1,1.529,3
AF_rr0.2,0.1,SL,Tv,0.25,3,1.11892,3
AF_rr0.2,0.1,SL,Tv,0.25,5,1.00158,5
AF_rr0.2,0.1,SL,Tv,0.25,7,0.938368,7
AF_rr0.2,0.1,SL,Tv,0.25,10,0.890767,10
AF_rr0.2,0.1,SL,Tv,0.25,13,0.86773,10
AF_rr0.2,0.15,AP,T1,0.1,1,2.64169,1
AF_rr0.2,0.15,AP,T1,0.1,3,2.10799,3
AF_rr0.2,0.15,AP,T1,0.1,5,1.95449,5
AF_rr0.2,0.15,AP,T1,0.1,7,1.8922,5
AF_rr0.2,0.15,AP,T1,0.1,10,1.8181,7
AF_rr0.2,0.15,AP,T1,0.1,13,1.73636,10
AF_rr0.2,0.15,AP,T1,0.15,1,2.63638,3
AF_rr0.2,0.15,AP,T1,0.15,3,2.10391,3
AF_rr0.2,0.15,AP,T1,0.15,5,1.94166,5
AF_rr0.2,0.15,AP,T1,0.15,7,1.86565,5
AF_rr0.2,0.15,AP,T1,0.15,10,1.78556,7
AF_rr0.2,0.15,AP,T1,0.15,13,1.74111,10
AF_rr0.2,0.15,AP,T1,0.2,1,2.63816,3
AF_rr0.2,0.15,AP,T1,0.2,3,2.07624,3
AF_rr0.2,0.15,AP,T1,0.2,5,1.90554,5
AF_rr0.2,0.15,AP,T1,0.2,7,1.82106,5
AF_rr0.2,0.15,AP,T1,0.2,10,1.76352,7
AF_rr0.2,0.15,AP,T1,0.2,13,1.71615,10
AF_rr0.2,0.15,AP,T1,0.25,1,2.64522,1
AF_rr0.2,0.15,AP,T1,0.25,3,2.04109,3
AF_rr0.2,0.15,AP,T1,0.25,5,1.87558,5
AF_rr0.2,0.15,AP,T1,0.25,7,1.79289,7
AF_rr0.2,0.15,AP,T1,0.25,10,1.73349,10
AF_rr0.2,0.15,AP,T1,0.25,13,1.69691,13
AF_rr0.2,0.15,AP,T2,0.1,1,2.55252,1
AF_rr0.2,0.15,AP,T2,0.1,3,1.99515,3
AF_rr0.2,0.15,AP,T2,0.1,5,1.84017,5
AF_rr0.2,0.15,AP,T2,0.1,7,1.76506,5
AF_rr0.2,0.15,AP,T2,0.1,10,1.68922,5
AF_rr0.2,0.15,AP,T2,0.1,13,1.59225,10
AF_rr0.2,0.15,AP,T2,0.15,1,2.54509,3
AF_rr0.2,0.15,AP,T2,0.15,3,1.9959,3
AF_rr0.2,0.15,AP,T2,0.15,5,1.82447,5
AF_rr0.2,0.15,AP,T2,0.15,7,1.74009,5
AF_rr0.2,0.15,AP,T2,0.15,10,1.65269,7
AF_rr0.2,0.15,AP,T2,0.15,13,1.60618,7
AF_rr0.2,0.15,AP,T2,0.2,1,2.55044,1
AF_rr0.2,0.15,AP,T2,0.2,3,1.96266,3
AF_rr0.2,0.15,AP,T2,0.2,5,1.78757,5
AF_rr0.2,0.15,AP,T2,0.2,7,1.69412,5
AF_rr0.2,0.15,AP,T2,0.2,10,1.61775,7
AF_rr0.2,0.15,AP,T2,0.2,13,1.56827,10
AF_rr0.2,0.15,AP,T2,0.25,1,2.55775,1
AF_rr0.2,0.15,AP,T2,0.25,3,1.92788,3
AF_rr0.2,0.15,AP,T2,0.25,5,1.74814,5
AF_rr0.2,0.15,AP,T2,0.25,7,1.65339,7
AF_rr0.2,0.15,AP,T2,0.25,10,1.58604,10
AF_rr0.2,0.15,AP,T2,0.25,13,1.54015,13
AF_rr0.2,0.15,AP,Tv,0.1,1,2.26563,3
AF_rr0.2,0.15,AP,Tv,0.1,3,1.63499,3
AF_rr0.2,0.15,AP,Tv,0.1,5,1.44369,5
AF_rr0.2,0.15,AP,Tv,0.1,7,1.34373,5
AF_rr0.2,0.15,AP,Tv,0.1,10,1.24035,5
AF_rr0.2,0.15,AP,Tv,0.1,13,1.09376,10
AF_rr0.2,0.15,AP,Tv,0.15,1,2.26662,3
AF_rr0.2,0.15,AP,Tv,0.15,3,1.62846,3
AF_rr0.2,0.15,AP,Tv,0.15,5,1.41981,5
AF_rr0.2,0.15,AP,Tv,0.15,7,1.30454,5
AF_rr0.2,0.15,AP,Tv,0.15,10,1.19737,7
AF_rr0.2,0.15,AP,Tv,0.15,13,1.13205,7
AF_rr0.2,0.15,AP,Tv,0.2,1,2.26736,1
AF_rr0.2,0.15,AP,Tv,0.2,3,1.59163,3
AF_rr0.2,0.15,AP,Tv,0.2,5,1.37652,5
AF_rr0.2,0.15,AP,Tv,0.2,7,1.25169,5
AF_rr0.2,0.15,AP,Tv,0.2,10,1.14508,7
AF_rr0.2,0.15,AP,Tv,0.2,13,1.08168,10
AF_rr0.2,0.15,AP,Tv,0.25,1,2.27093,1
AF_rr0.2,0.15,AP,Tv,0.25,3,1.54589,3
AF_rr0.2,0.15,AP,Tv,0.25,5,1.32464,5
AF_rr0.2,0.15,AP,Tv,0.25,7,1.20067,7
AF_rr0.2,0.15,AP,Tv,0.25,10,1.10424,10
AF_rr0.2,0.15,AP,Tv,0.25,13,1.03249,10
AF_rr0.2,0.15,SL,T1,0.1,1,1.97082,1
AF_rr0.2,0.15,SL,T1,0.1,3,1.54777,3
AF_rr0.2,0.15,SL,T1,0.1,5,1.44002,5
AF_rr0.2,0.15,SL,T1,0.1,7,1.3848,5
AF_rr0.2,0.15,SL,T1,0.1,10,1.33303,7
AF_rr0.2,0.15,SL,T1,0.1,13,1.26308,13
AF_rr0.2,0.15,SL,T1,0.15,1,1.96028,1
AF_rr0.2,0.15,SL,T1,0.15,3,1.54863,3
AF_rr0.2,0.15,SL,T1,0.15,5,1.43019,5
AF_rr0.2,0.15,SL,T1,0.15,7,1.37257,5
AF_rr0.2,0.15,SL,T1,0.15,10,1.32241,7
AF_rr0.2,0.15,SL,T1,0.15,13,1.29806,10
AF_rr0.2,0.15,SL,T1,0.2,1,1.96274,1
AF_rr0.2,0.15,SL,T1,0.2,3,1.54347,3
AF_rr0.2,0.15,SL,T1,0.2,5,1.41497,5
AF_rr0.2,0.15,SL,T1,0.2,7,1.34752,7
AF_rr0.2,0.15,SL,T1,0.2,10,1.2984,10
AF_rr0.2,0.15,SL,T1,0.2,13,1.26727,10
AF_rr0.2,0.15,SL,T1,0.25,1,1.94163,3
AF_rr0.2,0.15,SL,T1,0.25,3,1.5143,3
AF_rr0.2,0.15,SL,T1,0.25,5,1.39049,5
AF_rr0.2,0.15,SL,T1,0.25,7,1.32756,7
AF_rr0.2,0.15,SL,T1,0.25,10,1.2863,10
AF_rr0.2,0.15,SL,T1,0.25,13,1.25281,13
AF_rr0.2,0.15,SL,T2,0.1,1,1.92014,1
AF_rr0.2,0.15,SL,T2,0.1,3,1.49856,3
AF_rr0.2,0.15,SL,T2,0.1,5,1.39063,5
AF_rr0.2,0.15,SL,T2,0.1,7,1.33501,5
AF_rr0.2,0.15,SL,T2,0.1,10,1.27898,7
AF_rr0.2,0.15,SL,T2,0.1,13,1.18793,10
AF_rr0.2,0.15,SL,T2,0.15,1,1.90478,3
AF_rr0.2,0.15,SL,T2,0.15,3,1.50192,3
AF_rr0.2,0.15,SL,T2,0.15,5,1.38216,5
AF_rr0.2,0.15,SL,T2,0.15,7,1.32094,5
AF_rr0.2,0.15,SL,T2,0.15,10,1.26892,7
AF_rr0.2,0.15,SL,T2,0.15,13,1.2317,7
AF_rr0.2,0.15,SL,T2,0.2,1,1.90909,3
AF_rr0.2,0.15,SL,T2,0.2,3,1.49241,3
AF_rr0.2,0.15,SL,T2,0.2,5,1.36184,5
AF_rr0.2,0.15,SL,T2,0.2,7,1.29034,5
AF_rr0.2,0.15,SL,T2,0.2,10,1.23877,7
AF_rr0.2,0.15,SL,T2,0.2,13,1.2068,10
AF_rr0.2,0.15,SL,T2,0.25,1,1.89482,3
AF_rr0.2,0.15,SL,T2,0.25,3,1.462,3
AF_rr0.2,0.15,SL,T2,0.25,5,1.33541,5
AF_rr0.2,0.15,SL,T2,0.25,7,1.26859,7
AF_rr0.2,0.15,SL,T2,0.25,10,1.21566,10
AF_rr0.2,0.15,SL,T2,0.25,13,1.17839,10
AF_rr0.2,0.15,SL,Tv,0.1,1,1.76127,1
AF_rr0.2,0.15,SL,Tv,0.1,3,1.30451,3
AF_rr0.2,0.15,SL,Tv,0.1,5,1.1763,5
AF_rr0.2,0.15,SL,Tv,0.1,7,1.1109,5
AF_rr0.2,0.15,SL,Tv,0.1,10,1.04207,5
AF_rr0.2,0.15,SL,Tv,0.1,13,0.920207,10
AF_rr0.2,0.15,SL,Tv,0.15,1,1.7531,1
AF_rr0.2,0.15,SL,Tv,0.15,3,1.30259,3
AF_rr0.2,0.15,SL,Tv,0.15,5,1.16895,5
AF_rr0.2,0.15,SL,Tv,0.15,7,1.09468,5
AF_rr0.2,0.15,SL,Tv,0.15,10,1.03234,7
AF_rr0.2,0.15,SL,Tv,0.15,13,0.984105,7
AF_rr0.2,0.15,SL,Tv,0.2,1,1.75306,1
AF_rr0.2,0.15,SL,Tv,0.2,3,1.28951,3
AF_rr0.2,0.15,SL,Tv,0.2,5,1.13936,5
AF_rr0.2,0.15,SL,Tv,0.2,7,1.06233,5
AF_rr0.2,0.15,SL,Tv,0.2,10,0.997437,7
AF_rr0.2,0.15,SL,Tv,0.2,13,0.956117,10
AF_rr0.2,0.15,SL,Tv,0.25,1,1.7412,3
AF_rr0.2,0.15,SL,Tv,0.25,3,1.26182,3
AF_rr0.2,0.15,SL,Tv,0.25,5,1.11108,5
AF_rr0.2,0.15,SL,Tv,0.25,7,1.03117,7
AF_rr0.2,0.15,SL,Tv,0.25,10,0.967055,10
AF_rr0.2,0.15,SL,Tv,0.25,13,0.921113,10
AF_rr0.2,0.2,AP,T1,0.1,1,3.06935,3
AF_rr0.2,0.2,AP,T1,0.1,3,2.33522,3
AF_rr0.2,0.2,AP,T1,0.1,5,2.13916,5
AF_rr0.2,0.2,AP,T1,0.1,7,2.02786,5
AF_rr0.2,0.2,AP,T1,0.1,10,1.92412,7
AF_rr0.2,0.2,AP,T1,0.1,13,1.70547,
AF_rr0.2,0.2,AP,T1,0.15,1,3.0576,3
AF_rr0.2,0.2,AP,T1,0.15,3,2.34025,3
AF_rr0.2,0.2,AP,T1,0.15,5,2.13962,5
AF_rr0.2,0.2,AP,T1,0.15,7,2.02422,5
AF_rr0.2,0.2,AP,T1,0.15,10,1.9258,7
AF_rr0.2,0.2,AP,T1,0.15,13,1.86177,7
AF_rr0.2,0.2,AP,T1,0.2,1,3.06983,3
AF_rr0.2,0.2,AP,T1,0.2,3,2.33402,3
AF_rr0.2,0.2,AP,T1,0.2,5,2.10628,5
AF_rr0.2,0.2,AP,T1,0.2,7,1.9918,5
AF_rr0.2,0.2,AP,T1,0.2,10,1.87939,7
AF_rr0.2,0.2,AP,T1,0.2,13,1.82195,10
AF_rr0.2,0.2,AP,T1,0.25,1,3.06724,3
AF_rr0.2,0.2,AP,T1,0.25,3,2.31065,3
AF_rr0.2,0.2,AP,T1,0.25,5,2.06926,5
AF_rr0.2,0.2,AP,T1,0.25,7,1.94736,5
AF_rr0.2,0.2,AP,T1,0.25,10,1.85513,7
AF_rr0.2,0.2,AP,T1,0.25,13,1.79577,10
AF_rr0.2,0.2,AP,T2,0.1,1,2.999,3
AF_rr0.2,0.2,AP,T2,0.1,3,2.24998,3
AF_rr0.2,0.2,AP,T2,0.1,5,2.05272,5
AF_rr0.2,0.2,AP,T2,0.1,7,1.93239,5
AF_rr0.2,0.2,AP,T2,0.1,10,1.81563,7
AF_rr0.2,0.2,AP,T2,0.1,13,1.58912,
AF_rr0.2,0.2,AP,T2,0.15,1,2.9951,3
AF_rr0.2,0.2,AP,T2,0.15,3,2.25727,3
AF_rr0.2,0.2,AP,T2,0.15,5,2.04525,5
AF_rr0.2,0.2,AP,T2,0.15,7,1.91618,5
AF_rr0.2,0.2,AP,T2,0.15,10,1.80669,7
AF_rr0.2,0.2,AP,T2,0.15,13,1.74356,7
AF_rr0.2,0.2,AP,T2,0.2,1,3.00977,3
AF_rr0.2,0.2,AP,T2,0.2,3,2.2508,3
AF_rr0.2,0.2,AP,T2,0.2,5,2.00604,5
AF_rr0.2,0.2,AP,T2,0.2,7,1.88513,5
AF_rr0.2,0.2,AP,T2,0.2,10,1.75807,7
AF_rr0.2,0.2,AP,T2,0.2,13,1.69722,10
AF_rr0.2,0.2,AP,T2,0.25,1,3.00474,3
AF_rr0.2,0.2,AP,T2,0.25,3,2.22751,3
AF_rr0.2,0.2,AP,T2,0.25,5,1.96755,5
AF_rr0.2,0.2,AP,T2,0.25,7,1.83127,7
AF_rr0.2,0.2,AP,T2,0.25,10,1.72816,10
AF_rr0.2,0.2,AP,T2,0.25,13,1.65601,10
AF_rr0.2,0.2,AP,Tv,0.1,1,2.76544,3
AF_rr0.2,0.2,AP,Tv,0.1,3,1.9408,3
AF_rr0.2,0.2,AP,Tv,0.1,5,1.70297,5
AF_rr0.2,0.2,AP,Tv,0.1,7,1.56425,5
AF_rr0.2,0.2,AP,Tv,0.1,10,1.40548,7
AF_rr0.2,0.2,AP,Tv,0.1,13,1.09001,13
AF_rr0.2,0.2,AP,Tv,0.15,1,2.75792,3
AF_rr0.2,0.2,AP,Tv,0.15,3,1.93993,3
AF_rr0.2,0.2,AP,Tv,0.15,5,1.68895,5
AF_rr0.2,0.2,AP,Tv,0.15,7,1.53933,5
AF_rr0.2,0.2,AP,Tv,0.15,10,1.40539,7
AF_rr0.2,0.2,AP,Tv,0.15,13,1.29812,7
AF_rr0.2,0.2,AP,Tv,0.2,1,2.76815,3
AF_rr0.2,0.2,AP,Tv,0.2,3,1.92906,3
AF_rr0.2,0.2,AP,Tv,0.2,5,1.64049,5
AF_rr0.2,0.2,AP,Tv,0.2,7,1.48784,5
AF_rr0.2,0.2,AP,Tv,0.2,10,1.35143,7
AF_rr0.2,0.2,AP,Tv,0.2,13,1.26077,10
AF_rr0.2,0.2,AP,Tv,0.25,1,2.7671,3
AF_rr0.2,0.2,AP,Tv,0.25,3,1.89659,3
AF_rr0.2,0.2,AP,Tv,0.25,5,1.59988,5
AF_rr0.2,0.2,AP,Tv,0.25,7,1.43369,5
AF_rr0.2,0.2,AP,Tv,0.25,10,1.29143,7
AF_rr0.2,0.2,AP,Tv,0.25,13,1.20433,10
AF_rr0.2,0.2,SL,T1,0.1,1,2.19967,1
AF_rr0.2,0.2,SL,T1,0.1,3,1.67892,3
AF_rr0.2,0.2,SL,T1,0.1,5,1.54205,5
AF_rr0.2,0.2,SL,T1,0.1,7,1.47432,5
AF_rr0.2,0.2,SL,T1,0.1,10,1.39558,7
AF_rr0.2,0.2,SL,T1,0.1,13,1.25465,
AF_rr0.2,0.2,SL,T1,0.15,1,2.19605,1
AF_rr0.2,0.2,SL,T1,0.15,3,1.68098,3
AF_rr0.2,0.2,SL,T1,0.15,5,1.54626,5
AF_rr0.2,0.2,SL,T1,0.15,7,1.46603,5
AF_rr0.2,0.2,SL,T1,0.15,10,1.39968,7
AF_rr0.2,0.2,SL,T1,0.15,13,1.34961,10
AF_rr0.2,0.2,SL,T1,0.2,1,2.20274,1
AF_rr0.2,0.2,SL,T1,0.2,3,1.68611,3
AF_rr0.2,0.2,SL,T1,0.2,5,1.51999,5
AF_rr0.2,0.2,SL,T1,0.2,7,1.44513,5
AF_rr0.2,0.2,SL,T1,0.2,10,1.37366,7
AF_rr0.2,0.2,SL,T1,0.2,13,1.33189,10
AF_rr0.2,0.2,SL,T1,0.25,1,2.21212,1
AF_rr0.2,0.2,SL,T1,0.25,3,1.65602,3
AF_rr0.2,0.2,SL,T1,0.25,5,1.5046,5
AF_rr0.2,0.2,SL,T1,0.25,7,1.41352,7
AF_rr0.2,0.2,SL,T1,0.25,10,1.34361,10
AF_rr0.2,0.2,SL,T1,0.25,13,1.30743,10
AF_rr0.2,0.2,SL,T2,0.1,1,2.16398,1
AF_rr0.2,0.2,SL,T2,0.1,3,1.64229,3
AF_rr0.2,0.2,SL,T2,0.1,5,1.5089,5
AF_rr0.2,0.2,SL,T2,0.1,7,1.43264,5
AF_rr0.2,0.2,SL,T2,0.1,10,1.34257,7
AF_rr0.2,0.2,SL,T2,0.1,13,1.18982,
AF_rr0.2,0.2,SL,T2,0.15,1,2.15682,1
AF_rr0.2,0.2,SL,T2,0.15,3,1.64477,3
AF_rr0.2,0.2,SL,T2,0.15,5,1.5093,5
AF_rr0.2,0.2,SL,T2,0.15,7,1.42495,5
AF_rr0.2,0.2,SL,T2,0.15,10,1.3604,5
AF_rr0.2,0.2,SL,T2,0.15,13,1.29486,7
AF_rr0.2,0.2,SL,T2,0.2,1,2.16556,1
AF_rr0.2,0.2,SL,T2,0.2,3,1.64834,3
AF_rr0.2,0.2,SL,T2,0.2,5,1.4823,5
AF_rr0.2,0.2,SL,T2,0.2,7,1.4061,5
AF_rr0.2,0.2,SL,T2,0.2,10,1.32273,7
AF_rr0.2,0.2,SL,T2,0.2,13,1.28203,10
AF_rr0.2,0.2,SL,T2,0.25,1,2.17412,1
AF_rr0.2,0.2,SL,T2,0.25,3,1.61844,3
AF_rr0.2,0.2,SL,T2,0.25,5,1.4597,5
AF_rr0.2,0.2,SL,T2,0.25,7,1.36333,5
AF_rr0.2,0.2,SL,T2,0.25,10,1.29086,10
AF_rr0.2,0.2,SL,T2,0.25,13,1.24835,10
AF_rr0.2,0.2,SL,Tv,0.1,1,2.02663,1
AF_rr0.2,0.2,SL,Tv,0.1,3,1.46482,3
AF_rr0.2,0.2,SL,Tv,0.1,5,1.31162,5
AF_rr0.2,0.2,SL,Tv,0.1,7,1.22746,5
AF_rr0.2,0.2,SL,Tv,0.1,10,1.11011,7
AF_rr0.2,0.2,SL,Tv,0.1,13,0.919226,
AF_rr0.2,0.2,SL,Tv,0.15,1,2.0233,1
AF_rr0.2,0.2,SL,Tv,0.15,3,1.46833,3
AF_rr0.2,0.2,SL,Tv,0.15,5,1.3087,5
AF_rr0.2,0.2,SL,Tv,0.15,7,1.21453,5
AF_rr0.2,0.2,SL,Tv,0.15,10,1.13897,5
AF_rr0.2,0.2,SL,Tv,0.15,13,1.05478,7
AF_rr0.2,0.2,SL,Tv,0.2,1,2.03094,1
AF_rr0.2,0.2,SL,Tv,0.2,3,1.46669,3
AF_rr0.2,0.2,SL,Tv,0.2,5,1.28658,5
AF_rr0.2,0.2,SL,Tv,0.2,7,1.18769,5
AF_rr0.2,0.2,SL,Tv,0.2,10,1.10148,7
AF_rr0.2,0.2,SL,Tv,0.2,13,1.04705,7
AF_rr0.2,0.2,SL,Tv,0.25,1,2.03227,1
AF_rr0.2,0.2,SL,Tv,0.25,3,1.43586,3
AF_rr0.2,0.2,SL,Tv,0.25,5,1.25346,5
AF_rr0.2,0.2,SL,Tv,0.25,7,1.15126,5
AF_rr0.2,0.2,SL,Tv,0.25,10,1.06038,7
AF_rr0.2,0.2,SL,Tv,0.25,13,1.00955,10
AF_rr0.2,0.25,AP,T1,0.1,1,3.58074,1
AF_rr0.2,0.25,AP,T1,0.1,3,2.626,3
AF_rr0.2,0.25,AP,T1,0.1,5,2.35746,5
AF_rr0.2,0.25,AP,T1,0.1,7,2.22283,5
AF_rr0.2,0.25,AP,T1,0.1,10,1.98809,7
AF_rr0.2,0.25,AP,T1,0.1,13,1.70181,
AF_rr0.2,0.25,AP,T1,0.15,1,3.54096,3
AF_rr0.2,0.25,AP,T1,0.15,3,2.63567,3
AF_rr0.2,0.25,AP,T1,0.15,5,2.36812,5
AF_rr0.2,0.25,AP,T1,0.15,7,2.22389,5
AF_rr0.2,0.25,AP,T1,0.15,10,2.08373,7
AF_rr0.2,0.25,AP,T1,0.15,13,1.92559,10
AF_rr0.2,0.25,AP,T1,0.2,1,3.5395,3
AF_rr0.2,0.25,AP,T1,0.2,3,2.63472,3
AF_rr0.2,0.25,AP,T1,0.2,5,2.35055,5
AF_rr0.2,0.25,AP,T1,0.2,7,2.18535,5
AF_rr0.2,0.25,AP,T1,0.2,10,2.05914,7
AF_rr0.2,0.25,AP,T1,0.2,13,1.96001,10
AF_rr0.2,0.25,AP,T1,0.25,1,3.5459,3
AF_rr0.2,0.25,AP,T1,0.25,3,2.60083,3
AF_rr0.2,0.25,AP,T1,0.25,5,2.31634,5
AF_rr0.2,0.25,AP,T1,0.25,7,2.15303,5
AF_rr0.2,0.25,AP,T1,0.25,10,2.01655,7
AF_rr0.2,0.25,AP,T1,0.25,13,1.93105,10
AF_rr0.2,0.25,AP,T2,0.1,1,3.53796,1
AF_rr0.2,0.25,AP,T2,0.1,3,2.56465,3
AF_rr0.2,0.25,AP,T2,0.1,5,2.28448,5
AF_rr0.2,0.25,AP,T2,0.1,7,2.13732,5
AF_rr0.2,0.25,AP,T2,0.1,10,1.89413,7
AF_rr0.2,0.25,AP,T2,0.1,13,1.61406,
AF_rr0.2,0.25,AP,T2,0.15,1,3.49991,3
AF_rr0.2,0.25,AP,T2,0.15,3,2.57285,3
AF_rr0.2,0.25,AP,T2,0.15,5,2.29375,5
AF_rr0.2,0.25,AP,T2,0.15,7,2.14367,5
AF_rr0.2,0.25,AP,T2,0.15,10,1.9945,7
AF_rr0.2,0.25,AP,T2,0.15,13,1.82668,10
AF_rr0.2,0.25,AP,T2,0.2,1,3.49248,3
AF_rr0.2,0.25,AP,T2,0.2,3,2.57031,3
AF_rr0.2,0.25,AP,T2,0.2,5,2.28255,5
AF_rr0.2,0.25,AP,T2,0.2,7,2.10066,5
AF_rr0.2,0.25,AP,T2,0.2,10,1.96277,7
AF_rr0.2,0.25,AP,T2,0.2,13,1.85838,10
AF_rr0.2,0.25,AP,T2,0.25,1,3.50826,3
AF_rr0.2,0.25,AP,T2,0.25,3,2.54039,3
AF_rr0.2,0.25,AP,T2,0.25,5,2.23975,5
AF_rr0.2,0.25,AP,T2,0.25,7,2.07192,5
AF_rr0.2,0.25,AP,T2,0.25,10,1.91694,7
AF_rr0.2,0.25,AP,T2,0.25,13,1.80657,10
AF_rr0.2,0.25,AP,Tv,0.1,1,3.32885,1
AF_rr0.2,0.25,AP,Tv,0.1,3,2.2851,3
AF_rr0.2,0.25,AP,Tv,0.1,5,1.97148,5
AF_rr0.2,0.25,AP,Tv,0.1,7,1.80409,5
AF_rr0.2,0.25,AP,Tv,0.1,10,1.50642,7
AF_rr0.2,0.25,AP,Tv,0.1,13,1.10097,
AF_rr0.2,0.25,AP,Tv,0.15,1,3.28621,3
AF_rr0.2,0.25,AP,Tv,0.15,3,2.2903,3
AF_rr0.2,0.25,AP,Tv,0.15,5,1.97872,5
AF_rr0.2,0.25,AP,Tv,0.15,7,1.80541,5
AF_rr0.2,0.25,AP,Tv,0.15,10,1.6307,7
AF_rr0.2,0.25,AP,Tv,0.15,13,1.41317,10
AF_rr0.2,0.25,AP,Tv,0.2,1,3.29145,3
AF_rr0.2,0.25,AP,Tv,0.2,3,2.28863,3
AF_rr0.2,0.25,AP,Tv,0.2,5,1.96286,5
AF_rr0.2,0.25,AP,Tv,0.2,7,1.75233,5
AF_rr0.2,0.25,AP,Tv,0.2,10,1.59198,7
AF_rr0.2,0.25,AP,Tv,0.2,13,1.47085,7
AF_rr0.2,0.25,AP,Tv,0.25,1,3.31223,1
AF_rr0.2,0.25,AP,Tv,0.25,3,2.2593,3
AF_rr0.2,0.25,AP,Tv,0.25,5,1.90586,5
AF_rr0.2,0.25,AP,Tv,0.25,7,1.71601,5
AF_rr0.2,0.25,AP,Tv,0.25,10,1.53024,7
AF_rr0.2,0.25,AP,Tv,0.25,13,1.40549,10
AF_rr0.2,0.25,SL,T1,0.1,1,2.50032,1
AF_rr0.2,0.25,SL,T1,0.1,3,1.84203,3
AF_rr0.2,0.25,SL,T1,0.1,5,1.67116,5
AF_rr0.2,0.25,SL,T1,0.1,7,1.57284,5
AF_rr0.2,0.25,SL,T1,0.1,10,1.41445,10
AF_rr0.2,0.25,SL,T1,0.1,13,1.25406,
AF_rr0.2,0.25,SL,T1,0.15,1,2.48769,3
AF_rr0.2,0.25,SL,T1,0.15,3,1.86218,3
AF_rr0.2,0.25,SL,T1,0.15,5,1.66834,5
AF_rr0.2,0.25,SL,T1,0.15,7,1.5767,5
AF_rr0.2,0.25,SL,T1,0.15,10,1.49083,7
AF_rr0.2,0.25,SL,T1,0.15,13,1.37188,10
AF_rr0.2,0.25,SL,T1,0.2,1,2.50806,1
AF_rr0.2,0.25,SL,T1,0.2,3,1.85513,3
AF_rr0.2,0.25,SL,T1,0.2,5,1.65794,5
AF_rr0.2,0.25,SL,T1,0.2,7,1.56104,5
AF_rr0.2,0.25,SL,T1,0.2,10,1.47009,7
AF_rr0.2,0.25,SL,T1,0.2,13,1.40551,10
AF_rr0.2,0.25,SL,T1,0.25,1,2.48253,3
AF_rr0.2,0.25,SL,T1,0.25,3,1.84807,3
AF_rr0.2,0.25,SL,T1,0.25,5,1.64013,5
AF_rr0.2,0.25,SL,T1,0.25,7,1.53303,5
AF_rr0.2,0.25,SL,T1,0.25,10,1.44255,7
AF_rr0.2,0.25,SL,T1,0.25,13,1.38684,10
AF_rr0.2,0.25,SL,T2,0.1,1,2.47304,1
AF_rr0.2,0.25,SL,T2,0.1,3,1.81698,3
AF_rr0.2,0.25,SL,T2,0.1,5,1.64475,5
AF_rr0.2,0.25,SL,T2,0.1,7,1.54151,5
AF_rr0.2,0.25,SL,T2,0.1,10,1.37417,10
AF_rr0.2,0.25,SL,T2,0.1,13,1.20583,
AF_rr0.2,0.25,SL,T2,0.15,1,2.46234,3
AF_rr0.2,0.25,SL,T2,0.15,3,1.83453,3
AF_rr0.2,0.25,SL,T2,0.15,5,1.63874,5
AF_rr0.2,0.25,SL,T2,0.15,7,1.54683,5
AF_rr0.2,0.25,SL,T2,0.15,10,1.45503,7
AF_rr0.2,0.25,SL,T2,0.15,13,1.32239,10
AF_rr0.2,0.25,SL,T2,0.2,1,2.48153,1
AF_rr0.2,0.25,SL,T2,0.2,3,1.83243,3
AF_rr0.2,0.25,SL,T2,0.2,5,1.62967,5
AF_rr0.2,0.25,SL,T2,0.2,7,1.52851,5
AF_rr0.2,0.25,SL,T2,0.2,10,1.43629,7
AF_rr0.2,0.25,SL,T2,0.2,13,1.36448,10
AF_rr0.2,0.25,SL,T2,0.25,1,2.4609,3
AF_rr0.2,0.25,SL,T2,0.25,3,1.82028,3
AF_rr0.2,0.25,SL,T2,0.25,5,1.61309,5
AF_rr0.2,0.25,SL,T2,0.25,7,1.49974,5
AF_rr0.2,0.25,SL,T2,0.25,10,1.40414,7
AF_rr0.2,0.25,SL,T2,0.25,13,1.34057,10
AF_rr0.2,0.25,SL,Tv,0.1,1,2.3477,3
AF_rr0.2,0.25,SL,Tv,0.1,3,1.65401,3
AF_rr0.2,0.25,SL,Tv,0.1,5,1.46051,5
AF_rr0.2,0.25,SL,Tv,0.1,7,1.35181,5
AF_rr0.2,0.25,SL,Tv,0.1,10,1.15139,7
AF_rr0.2,0.25,SL,Tv,0.1,13,0.925781,
AF_rr0.2,0.25,SL,Tv,0.15,1,2.34368,3
AF_rr0.2,0.25,SL,Tv,0.15,3,1.66781,3
AF_rr0.2,0.25,SL,Tv,0.15,5,1.46103,5
AF_rr0.2,0.25,SL,Tv,0.15,7,1.35603,5
AF_rr0.2,0.25,SL,Tv,0.15,10,1.25624,7
AF_rr0.2,0.25,SL,Tv,0.15,13,1.09162,10
AF_rr0.2,0.25,SL,Tv,0.2,1,2.35818,1
AF_rr0.2,0.25,SL,Tv,0.2,3,1.66509,3
AF_rr0.2,0.25,SL,Tv,0.2,5,1.44931,5
AF_rr0.2,0.25,SL,Tv,0.2,7,1.33181,5
AF_rr0.2,0.25,SL,Tv,0.2,10,1.22861,7
AF_rr0.2,0.25,SL,Tv,0.2,13,1.14789,7
AF_rr0.2,0.25,SL,Tv,0.25,1,2.34057,3
AF_rr0.2,0.25,SL,Tv,0.25,3,1.65397,3
AF_rr0.2,0.25,SL,Tv,0.25,5,1.42515,5
AF_rr0.2,0.25,SL,Tv,0.25,7,1.30075,5
AF_rr0.2,0.25,SL,Tv,0.25,10,1.19037,7
AF_rr0.2,0.25,SL,Tv,0.25,13,1.12025,10
AF_rr0.2,0.3,AP,T1,0.1,1,4.07603,3
AF_rr0.2,0.3,AP,T1,0.1,3,2.92267,3
AF_rr0.2,0.3,AP,T1,0.1,5,2.589,5
AF_rr0.2,0.3,AP,T1,0.1,7,2.41939,5
AF_rr0.2,0.3,AP,T1,0.1,10,2.02056,10
AF_rr0.2,0.3,AP,T1,0.1,13,1.73372,
AF_rr0.2,0.3,AP,T1,0.15,1,4.13847,3
AF_rr0.2,0.3,AP,T1,0.15,3,2.95222,3
AF_rr0.2,0.3,AP,T1,0.15,5,2.60613,5
AF_rr0.2,0.3,AP,T1,0.15,7,2.43055,5
AF_rr0.2,0.3,AP,T1,0.15,10,2.25971,7
AF_rr0.2,0.3,AP,T1,0.15,13,1.94278,13
AF_rr0.2,0.3,AP,T1,0.2,1,4.10533,3
AF_rr0.2,0.3,AP,T1,0.2,3,2.94393,3
AF_rr0.2,0.3,AP,T1,0.2,5,2.58796,5
AF_rr0.2,0.3,AP,T1,0.2,7,2.41305,5
AF_rr0.2,0.3,AP,T1,0.2,10,2.23387,7
AF_rr0.2,0.3,AP,T1,0.2,13,2.09929,10
AF_rr0.2,0.3,AP,T1,0.25,1,4.13593,3
AF_rr0.2,0.3,AP,T1,0.25,3,2.94038,3
AF_rr0.2,0.3,AP,T1,0.25,5,2.55944,5
AF_rr0.2,0.3,AP,T1,0.25,7,2.37168,5
AF_rr0.2,0.3,AP,T1,0.25,10,2.20992,7
AF_rr0.2,0.3,AP,T1,0.25,13,2.0857,10
AF_rr0.2,0.3,AP,T2,0.1,1,4.06296,3
AF_rr0.2,0.3,AP,T2,0.1,3,2.87521,3
AF_rr0.2,0.3,AP,T2,0.1,5,2.52499,5
AF_rr0.2,0.3,AP,T2,0.1,7,2.35477,5
AF_rr0.2,0.3,AP,T2,0.1,10,1.94707,10
AF_rr0.2,0.3,AP,T2,0.1,13,1.68895,
AF_rr0.2,0.3,AP,T2,0.15,1,4.11402,3
AF_rr0.2,0.3,AP,T2,0.15,3,2.91168,3
AF_rr0.2,0.3,AP,T2,0.15,5,2.54438,5
AF_rr0.2,0.3,AP,T2,0.15,7,2.36951,5
AF_rr0.2,0.3,AP,T2,0.15,10,2.18353,7
AF_rr0.2,0.3,AP,T2,0.15,13,1.87086,13
AF_rr0.2,0.3,AP,T2,0.2,1,4.08664,3
AF_rr0.2,0.3,AP,T2,0.2,3,2.90375,3
AF_rr0.2,0.3,AP,T2,0.2,5,2.53435,5
AF_rr0.2,0.3,AP,T2,0.2,7,2.34405,5
AF_rr0.2,0.3,AP,T2,0.2,10,2.15858,7
AF_rr0.2,0.3,AP,T2,0.2,13,2.00722,10
AF_rr0.2,0.3,AP,T2,0.25,1,4.11527,3
AF_rr0.2,0.3,AP,T2,0.25,3,2.89771,3
AF_rr0.2,0.3,AP,T2,0.25,5,2.51179,5
AF_rr0.2,0.3,AP,T2,0.25,7,2.30756,5
AF_rr0.2,0.3,AP,T2,0.25,10,2.12032,7
AF_rr0.2,0.3,AP,T2,0.25,13,1.98353,10
AF_rr0.2,0.3,AP,Tv,0.1,1,3.87598,3
AF_rr0.2,0.3,AP,Tv,0.1,3,2.61976,3
AF_rr0.2,0.3,AP,Tv,0.1,5,2.24933,5
AF_rr0.2,0.3,AP,Tv,0.1,7,2.0463,5
AF_rr0.2,0.3,AP,Tv,0.1,10,1.55152,10
AF_rr0.2,0.3,AP,Tv,0.1,13,1.18195,
AF_rr0.2,0.3,AP,Tv,0.15,1,3.92801,3
AF_rr0.2,0.3,AP,Tv,0.15,3,2.65964,3
AF_rr0.2,0.3,AP,Tv,0.15,5,2.26251,5
AF_rr0.2,0.3,AP,Tv,0.15,7,2.07147,5
AF_rr0.2,0.3,AP,Tv,0.15,10,1.85861,7
AF_rr0.2,0.3,AP,Tv,0.15,13,1.4508,13
AF_rr0.2,0.3,AP,Tv,0.2,1,3.90956,3
AF_rr0.2,0.3,AP,Tv,0.2,3,2.65905,3
AF_rr0.2,0.3,AP,Tv,0.2,5,2.24911,5
AF_rr0.2,0.3,AP,Tv,0.2,7,2.04176,5
AF_rr0.2,0.3,AP,Tv,0.2,10,1.82759,7
AF_rr0.2,0.3,AP,Tv,0.2,13,1.65012,10
AF_rr0.2,0.3,AP,Tv,0.25,1,3.933,3
AF_rr0.2,0.3,AP,Tv,0.25,3,2.64577,3
AF_rr0.2,0.3,AP,Tv,0.25,5,2.22213,5
AF_rr0.2,0.3,AP,Tv,0.25,7,1.98798,5
AF_rr0.2,0.3,AP,Tv,0.25,10,1.7759,7
AF_rr0.2,0.3,AP,Tv,0.25,13,1.62697,10
AF_rr0.2,0.3,SL,T1,0.1,1,2.80946,3
AF_rr0.2,0.3,SL,T1,0.1,3,2.01637,3
AF_rr0.2,0.3,SL,T1,0.1,5,1.79801,5
AF_rr0.2,0.3,SL,T1,0.1,7,1.6864,5
AF_rr0.2,0.3,SL,T1,0.1,10,1.42472,10
AF_rr0.2,0.3,SL,T1,0.1,13,1.27219,
AF_rr0.2,0.3,SL,T1,0.15,1,2.83428,1
AF_rr0.2,0.3,SL,T1,0.15,3,2.04499,3
AF_rr0.2,0.3,SL,T1,0.15,5,1.82111,5
AF_rr0.2,0.3,SL,T1,0.15,7,1.69862,5
AF_rr0.2,0.3,SL,T1,0.15,10,1.58498,7
AF_rr0.2,0.3,SL,T1,0.15,13,1.37297,13
AF_rr0.2,0.3,SL,T1,0.2,1,2.83365,1
AF_rr0.2,0.3,SL,T1,0.2,3,2.03927,3
AF_rr0.2,0.3,SL,T1,0.2,5,1.81124,5
AF_rr0.2,0.3,SL,T1,0.2,7,1.69193,5
AF_rr0.2,0.3,SL,T1,0.2,10,1.58218,7
AF_rr0.2,0.3,SL,T1,0.2,13,1.47642,10
AF_rr0.2,0.3,SL,T1,0.25,1,2.82142,1
AF_rr0.2,0.3,SL,T1,0.25,3,2.04075,3
AF_rr0.2,0.3,SL,T1,0.25,5,1.80028,5
AF_rr0.2,0.3,SL,T1,0.25,7,1.67232,5
AF_rr0.2,0.3,SL,T1,0.25,10,1.55787,7
AF_rr0.2,0.3,SL,T1,0.25,13,1.47606,10
AF_rr0.2,0.3,SL,T2,0.1,1,2.79973,3
AF_rr0.2,0.3,SL,T2,0.1,3,2.00051,3
AF_rr0.2,0.3,SL,T2,0.1,5,1.78166,5
AF_rr0.2,0.3,SL,T2,0.1,7,1.66653,5
AF_rr0.2,0.3,SL,T2,0.1,10,1.39481,10
AF_rr0.2,0.3,SL,T2,0.1,13,1.2435,
AF_rr0.2,0.3,SL,T2,0.15,1,2.82024,1
AF_rr0.2,0.3,SL,T2,0.15,3,2.03355,3
AF_rr0.2,0.3,SL,T2,0.15,5,1.804,5
AF_rr0.2,0.3,SL,T2,0.15,7,1.67861,5
AF_rr0.2,0.3,SL,T2,0.15,10,1.555,7
AF_rr0.2,0.3,SL,T2,0.15,13,1.34278,
AF_rr0.2,0.3,SL,T2,0.2,1,2.82962,1
AF_rr0.2,0.3,SL,T2,0.2,3,2.02948,3
AF_rr0.2,0.3,SL,T2,0.2,5,1.79568,5
AF_rr0.2,0.3,SL,T2,0.2,7,1.67185,5
AF_rr0.2,0.3,SL,T2,0.2,10,1.556,7
AF_rr0.2,0.3,SL,T2,0.2,13,1.43966,10
AF_rr0.2,0.3,SL,T2,0.25,1,2.80828,1
AF_rr0.2,0.3,SL,T2,0.25,3,2.02541,3
AF_rr0.2,0.3,SL,T2,0.25,5,1.78154,5
AF_rr0.2,0.3,SL,T2,0.25,7,1.6483,5
AF_rr0.2,0.3,SL,T2,0.25,10,1.52964,7
AF_rr0.2,0.3,SL,T2,0.25,13,1.43741,10
AF_rr0.2,0.3,SL,Tv,0.1,1,2.68932,3
AF_rr0.2,0.3,SL,Tv,0.1,3,1.85476,3
AF_rr0.2,0.3,SL,Tv,0.1,5,1.61975,5
AF_rr0.2,0.3,SL,Tv,0.1,7,1.48673,5
AF_rr0.2,0.3,SL,Tv,0.1,10,1.16559,10
AF_rr0.2,0.3,SL,Tv,0.1,13,0.96969,
AF_rr0.2,0.3,SL,Tv,0.15,1,2.70774,1
AF_rr0.2,0.3,SL,Tv,0.15,3,1.88046,3
AF_rr0.2,0.3,SL,Tv,0.15,5,1.63488,5
AF_rr0.2,0.3,SL,Tv,0.15,7,1.50617,5
AF_rr0.2,0.3,SL,Tv,0.15,10,1.36255,7
AF_rr0.2,0.3,SL,Tv,0.15,13,1.10664,13
AF_rr0.2,0.3,SL,Tv,0.2,1,2.71322,1
AF_rr0.2,0.3,SL,Tv,0.2,3,1.8808,3
AF_rr0.2,0.3,SL,Tv,0.2,5,1.63193,5
AF_rr0.2,0.3,SL,Tv,0.2,7,1.49682,5
AF_rr0.2,0.3,SL,Tv,0.2,10,1.36396,7
AF_rr0.2,0.3,SL,Tv,0.2,13,1.23049,10
AF_rr0.2,0.3,SL,Tv,0.25,1,2.7024,1
AF_rr0.2,0.3,SL,Tv,0.25,3,1.87533,3
AF_rr0.2,0.3,SL,Tv,0.25,5,1.61059,5
AF_rr0.2,0.3,SL,Tv,0.25,7,1.4676,5
AF_rr0.2,0.3,SL,Tv,0.25,10,1.33019,7
AF_rr0.2,0.3,SL,Tv,0.25,13,1.23419,10
AF_rr0.3,0.05,AP,T1,0.1,1,2.13314,1
AF_rr0.3,0.05,AP,T1,0.1,3,1.83324,3
AF_rr0.3,0.05,AP,T1,0.1,5,1.74481,5
AF_rr0.3,0.05,AP,T1,0.1,7,1.69247,5
AF_rr0.3,0.05,AP,T1,0.1,10,1.66122,7
AF_rr0.3,0.05,AP,T1,0.1,13,1.64598,10
AF_rr0.3,0.05,AP,T1,0.15,1,2.13354,1
AF_rr0.3,0.05,AP,T1,0.15,3,1.80486,3
AF_rr0.3,0.05,AP,T1,0.15,5,1.72062,5
AF_rr0.3,0.05,AP,T1,0.15,7,1.67833,7
AF_rr0.3,0.05,AP,T1,0.15,10,1.64663,10
AF_rr0.3,0.05,AP,T1,0.15,13,1.62127,13
AF_rr0.3,0.05,AP,T1,0.2,1,2.12885,1
AF_rr0.3,0.05,AP,T1,0.2,3,1.78875,3
AF_rr0.3,0.05,AP,T1,0.2,5,1.70182,5
AF_rr0.3,0.05,AP,T1,0.2,7,1.65547,7
AF_rr0.3,0.05,AP,T1,0.2,10,1.63856,10
AF_rr0.3,0.05,AP,T1,0.2,13,1.61363,
AF_rr0.3,0.05,AP,T1,0.25,1,2.13231,1
AF_rr0.3,0.05,AP,T1,0.25,3,1.76891,5
AF_rr0.3,0.05,AP,T1,0.25,5,1.69508,5
AF_rr0.3,0.05,AP,T1,0.25,7,1.6655,7
AF_rr0.3,0.05,AP,T1,0.25,10,1.62711,10
AF_rr0.3,0.05,AP,T1,0.25,13,1.61979,13
AF_rr0.3,0.05,AP,T2,0.1,1,2.00335,1
AF_rr0.3,0.05,AP,T2,0.1,3,1.69145,3
AF_rr0.3,0.05,AP,T2,0.1,5,1.5998,5
AF_rr0.3,0.05,AP,T2,0.1,7,1.54294,5
AF_rr0.3,0.05,AP,T2,0.1,10,1.50904,7
AF_rr0.3,0.05,AP,T2,0.1,13,1.48441,7
AF_rr0.3,0.05,AP,T2,0.15,1,2.00133,1
AF_rr0.3,0.05,AP,T2,0.15,3,1.65543,3
AF_rr0.3,0.05,AP,T2,0.15,5,1.56813,5
AF_rr0.3,0.05,AP,T2,0.15,7,1.51577,7
AF_rr0.3,0.05,AP,T2,0.15,10,1.47838,7
AF_rr0.3,0.05,AP,T2,0.15,13,1.44894,10
AF_rr0.3,0.05,AP,T2,0.2,1,2.0041,1
AF_rr0.3,0.05,AP,T2,0.2,3,1.63528,3
AF_rr0.3,0.05,AP,T2,0.2,5,1.53956,5
AF_rr0.3,0.05,AP,T2,0.2,7,1.49331,7
AF_rr0.3,0.05,AP,T2,0.2,10,1.46457,10
AF_rr0.3,0.05,AP,T2,0.2,13,1.4392,13
AF_rr0.3,0.05,AP,T2,0.25,1,1.99634,1
AF_rr0.3,0.05,AP,T2,0.25,3,1.61167,3
AF_rr0.3,0.05,AP,T2,0.25,5,1.52765,5
AF_rr0.3,0.05,AP,T2,0.25,7,1.48789,7
AF_rr0.3,0.05,AP,T2,0.25,10,1.44916,10
AF_rr0.3,0.05,AP,T2,0.25,13,1.4365,13
AF_rr0.3,0.05,AP,Tv,0.1,1,1.63639,1
AF_rr0.3,0.05,AP,Tv,0.1,3,1.24455,3
AF_rr0.3,0.05,AP,Tv,0.1,5,1.11763,5
AF_rr0.3,0.05,AP,Tv,0.1,7,1.04775,5
AF_rr0.3,0.05,AP,Tv,0.1,10,0.989917,7
AF_rr0.3,0.05,AP,Tv,0.1,13,0.944218,7
AF_rr0.3,0.05,AP,Tv,0.15,1,1.63873,1
AF_rr0.3,0.05,AP,Tv,0.15,3,1.2064,3
AF_rr0.3,0.05,AP,Tv,0.15,5,1.07705,5
AF_rr0.3,0.05,AP,Tv,0.15,7,1.00808,5
AF_rr0.3,0.05,AP,Tv,0.15,10,0.946955,7
AF_rr0.3,0.05,AP,Tv,0.15,13,0.910873,10
AF_rr0.3,0.05,AP,Tv,0.2,1,1.64305,1
AF_rr0.3,0.05,AP,Tv,0.2,3,1.16837,3
AF_rr0.3,0.05,AP,Tv,0.2,5,1.03837,5
AF_rr0.3,0.05,AP,Tv,0.2,7,0.969798,7
AF_rr0.3,0.05,AP,Tv,0.2,10,0.916528,10
AF_rr0.3,0.05,AP,Tv,0.2,13,0.884105,10
AF_rr0.3,0.05,AP,Tv,0.25,1,1.63548,1
AF_rr0.3,0.05,AP,Tv,0.25,3,1.14714,3
AF_rr0.3,0.05,AP,Tv,0.25,5,1.01576,5
AF_rr0.3,0.05,AP,Tv,0.25,7,0.954896,7
AF_rr0.3,0.05,AP,Tv,0.25,10,0.898726,10
AF_rr0.3,0.05,AP,Tv,0.25,13,0.87067,13
AF_rr0.3,0.05,SL,T1,0.1,1,1.6771,1
AF_rr0.3,0.05,SL,T1,0.1,3,1.39097,3
AF_rr0.3,0.05,SL,T1,0.1,5,1.31995,5
AF_rr0.3,0.05,SL,T1,0.1,7,1.27979,5
AF_rr0.3,0.05,SL,T1,0.1,10,1.26155,7
AF_rr0.3,0.05,SL,T1,0.1,13,1.23211,10
AF_rr0.3,0.05,SL,T1,0.15,1,1.67561,1
AF_rr0.3,0.05,SL,T1,0.15,3,1.38433,3
AF_rr0.3,0.05,SL,T1,0.15,5,1.31219,5
AF_rr0.3,0.05,SL,T1,0.15,7,1.26456,7
AF_rr0.3,0.05,SL,T1,0.15,10,1.24373,10
AF_rr0.3,0.05,SL,T1,0.15,13,1.22131,13
AF_rr0.3,0.05,SL,T1,0.2,1,1.67736,1
AF_rr0.3,0.05,SL,T1,0.2,3,1.37519,3
AF_rr0.3,0.05,SL,T1,0.2,5,1.2899,5
AF_rr0.3,0.05,SL,T1,0.2,7,1.25369,7
AF_rr0.3,0.05,SL,T1,0.2,10,1.22418,13
AF_rr0.3,0.05,SL,T1,0.2,13,1.21312,13
AF_rr0.3,0.05,SL,T1,0.25,1,1.67287,1
AF_rr0.3,0.05,SL,T1,0.25,3,1.35833,3
AF_rr0.3,0.05,SL,T1,0.25,5,1.28573,5
AF_rr0.3,0.05,SL,T1,0.25,7,1.25524,7
AF_rr0.3,0.05,SL,T1,0.25,10,1.21685,13
AF_rr0.3,0.05,SL,T1,0.25,13,1.20723,
AF_rr0.3,0.05,SL,T2,0.1,1,1.60811,1
AF_rr0.3,0.05,SL,T2,0.1,3,1.32555,3
AF_rr0.3,0.05,SL,T2,0.1,5,1.25733,5
AF_rr0.3,0.05,SL,T2,0.1,7,1.21272,5
AF_rr0.3,0.05,SL,T2,0.1,10,1.1909,5
AF_rr0.3,0.05,SL,T2,0.1,13,1.15238,7
AF_rr0.3,0.05,SL,T2,0.15,1,1.60473,1
AF_rr0.3,0.05,SL,T2,0.15,3,1.31805,3
AF_rr0.3,0.05,SL,T2,0.15,5,1.24007,5
AF_rr0.3,0.05,SL,T2,0.15,7,1.19746,5
AF_rr0.3,0.05,SL,T2,0.15,10,1.16885,7
AF_rr0.3,0.05,SL,T2,0.15,13,1.14436,10
AF_rr0.3,0.05,SL,T2,0.2,1,1.60605,1
AF_rr0.3,0.05,SL,T2,0.2,3,1.30255,3
AF_rr0.3,0.05,SL,T2,0.2,5,1.21571,5
AF_rr0.3,0.05,SL,T2,0.2,7,1.17907,7
AF_rr0.3,0.05,SL,T2,0.2,10,1.14599,10
AF_rr0.3,0.05,SL,T2,0.2,13,1.12955,10
AF_rr0.3,0.05,SL,T2,0.25,1,1.60245,1
AF_rr0.3,0.05,SL,T2,0.25,3,1.28342,3
AF_rr0.3,0.05,SL,T2,0.25,5,1.20311,5
AF_rr0.3,0.05,SL,T2,0.25,7,1.16849,7
AF_rr0.3,0.05,SL,T2,0.25,10,1.13106,10
AF_rr0.3,0.05,SL,T2,0.25,13,1.12056,13
AF_rr0.3,0.05,SL,Tv,0.1,1,1.42606,1
AF_rr0.3,0.05,SL,Tv,0.1,3,1.10633,3
AF_rr0.3,0.05,SL,Tv,0.1,5,1.0171,5
AF_rr0.3,0.05,SL,Tv,0.1,7,0.968821,5
AF_rr0.3,0.05,SL,Tv,0.1,10,0.932031,5
AF_rr0.3,0.05,SL,Tv,0.1,13,0.879098,7
AF_rr0.3,0.05,SL,Tv,0.15,1,1.42451,1
AF_rr0.3,0.05,SL,Tv,0.15,3,1.098,3
AF_rr0.3,0.05,SL,Tv,0.15,5,0.99851,5
AF_rr0.3,0.05,SL,Tv,0.15,7,0.949183,5
AF_rr0.3,0.05,SL,Tv,0.15,10,0.906374,7
AF_rr0.3,0.05,SL,Tv,0.15,13,0.880005,7
AF_rr0.3,0.05,SL,Tv,0.2,1,1.42481,1
AF_rr0.3,0.05,SL,Tv,0.2,3,1.0727,3
AF_rr0.3,0.05,SL,Tv,0.2,5,0.969838,5
AF_rr0.3,0.05,SL,Tv,0.2,7,0.921733,7
AF_rr0.3,0.05,SL,Tv,0.2,10,0.877335,7
AF_rr0.3,0.05,SL,Tv,0.2,13,0.859189,10
AF_rr0.3,0.05,SL,Tv,0.25,1,1.42303,3
AF_rr0.3,0.05,SL,Tv,0.25,3,1.05446,3
AF_rr0.3,0.05,SL,Tv,0.25,5,0.953744,5
AF_rr0.3,0.05,SL,Tv,0.25,7,0.907018,7
AF_rr0.3,0.05,SL,Tv,0.25,10,0.862694,10
AF_rr0.3,0.05,SL,Tv,0.25,13,0.845578,10
AF_rr0.3,0.1,AP,T1,0.1,1,2.34957,3
AF_rr0.3,0.1,AP,T1,0.1,3,1.94968,3
AF_rr0.3,0.1,AP,T1,0.1,5,1.83959,5
AF_rr0.3,0.1,AP,T1,0.1,7,1.76837,5
AF_rr0.3,0.1,AP,T1,0.1,10,1.74296,7
AF_rr0.3,0.1,AP,T1,0.1,13,1.6865,10
AF_rr0.3,0.1,AP,T1,0.15,1,2.35277,3
AF_rr0.3,0.1,AP,T1,0.15,3,1.92091,3
AF_rr0.3,0.1,AP,T1,0.15,5,1.81873,5
AF_rr0.3,0.1,AP,T1,0.15,7,1.75124,5
AF_rr0.3,0.1,AP,T1,0.15,10,1.6972,7
AF_rr0.3,0.1,AP,T1,0.15,13,1.6672,10
AF_rr0.3,0.1,AP,T1,0.2,1,2.34821,3
AF_rr0.3,0.1,AP,T1,0.2,3,1.91014,3
AF_rr0.3,0.1,AP,T1,0.2,5,1.79138,5
AF_rr0.3,0.1,AP,T1,0.2,7,1.72233,7
AF_rr0.3,0.1,AP,T1,0.2,10,1.68704,10
AF_rr0.3,0.1,AP,T1,0.2,13,1.64135,13
AF_rr0.3,0.1,AP,T1,0.25,1,2.35424,3
AF_rr0.3,0.1,AP,T1,0.25,3,1.87384,3
AF_rr0.3,0.1,AP,T1,0.25,5,1.77326,5
AF_rr0.3,0.1,AP,T1,0.25,7,1.72377,7
AF_rr0.3,0.1,AP,T1,0.25,10,1.66463,10
AF_rr0.3,0.1,AP,T1,0.25,13,1.65084,13
AF_rr0.3,0.1,AP,T2,0.1,1,2.23383,3
AF_rr0.3,0.1,AP,T2,0.1,3,1.8309,3
AF_rr0.3,0.1,AP,T2,0.1,5,1.70719,3
AF_rr0.3,0.1,AP,T2,0.1,7,1.63487,5
AF_rr0.3,0.1,AP,T2,0.1,10,1.59318,5
AF_rr0.3,0.1,AP,T2,0.1,13,1.54134,7
AF_rr0.3,0.1,AP,T2,0.15,1,2.23891,3
AF_rr0.3,0.1,AP,T2,0.15,3,1.79919,3
AF_rr0.3,0.1,AP,T2,0.15,5,1.683,5
AF_rr0.3,0.1,AP,T2,0.15,7,1.6134,5
AF_rr0.3,0.1,AP,T2,0.15,10,1.55092,7
AF_rr0.3,0.1,AP,T2,0.15,13,1.51502,10
AF_rr0.3,0.1,AP,T2,0.2,1,2.23876,3
AF_rr0.3,0.1,AP,T2,0.2,3,1.77931,3
AF_rr0.3,0.1,AP,T2,0.2,5,1.64417,5
AF_rr0.3,0.1,AP,T2,0.2,7,1.5751,7
AF_rr0.3,0.1,AP,T2,0.2,10,1.52606,10
AF_rr0.3,0.1,AP,T2,0.2,13,1.48392,13
AF_rr0.3,0.1,AP,T2,0.25,1,2.24174,3
AF_rr0.3,0.1,AP,T2,0.25,3,1.74299,3
AF_rr0.3,0.1,AP,T2,0.25,5,1.62326,5
AF_rr0.3,0.1,AP,T2,0.25,7,1.56366,7
AF_rr0.3,0.1,AP,T2,0.25,10,1.51128,10
AF_rr0.3,0.1,AP,T2,0.25,13,1.48282,13
AF_rr0.3,0.1,AP,Tv,0.1,1,1.91912,3
AF_rr0.3,0.1,AP,Tv,0.1,3,1.42361,3
AF_rr0.3,0.1,AP,Tv,0.1,5,1.26452,5
AF_rr0.3,0.1,AP,Tv,0.1,7,1.17883,5
AF_rr0.3,0.1,AP,Tv,0.1,10,1.1027,5
AF_rr0.3,0.1,AP,Tv,0.1,13,1.03098,7
AF_rr0.3,0.1,AP,Tv,0.15,1,1.92155,3
AF_rr0.3,0.1,AP,Tv,0.15,3,1.39426,3
AF_rr0.3,0.1,AP,Tv,0.15,5,1.22702,5
AF_rr0.3,0.1,AP,Tv,0.15,7,1.13515,5
AF_rr0.3,0.1,AP,Tv,0.15,10,1.05146,7
AF_rr0.3,0.1,AP,Tv,0.15,13,1.0023,10
AF_rr0.3,0.1,AP,Tv,0.2,1,1.91564,3
AF_rr0.3,0.1,AP,Tv,0.2,3,1.35756,3
AF_rr0.3,0.1,AP,Tv,0.2,5,1.1848,5
AF_rr0.3,0.1,AP,Tv,0.2,7,1.08893,7
AF_rr0.3,0.1,AP,Tv,0.2,10,1.01278,7
AF_rr0.3,0.1,AP,Tv,0.2,13,0.961427,10
AF_rr0.3,0.1,AP,Tv,0.25,1,1.92214,3
AF_rr0.3,0.1,AP,Tv,0.25,3,1.31829,3
AF_rr0.3,0.1,AP,Tv,0.25,5,1.14742,5
AF_rr0.3,0.1,AP,Tv,0.25,7,1.05372,7
AF_rr0.3,0.1,AP,Tv,0.25,10,0.977328,10
AF_rr0.3,0.1,AP,Tv,0.25,13,0.935549,13
AF_rr0.3,0.1,SL,T1,0.1,1,1.79072,3
AF_rr0.3,0.1,SL,T1,0.1,3,1.45871,3
AF_rr0.3,0.1,SL,T1,0.1,5,1.37608,5
AF_rr0.3,0.1,SL,T1,0.1,7,1.3222,5
AF_rr0.3,0.1,SL,T1,0.1,10,1.29866,7
AF_rr0.3,0.1,SL,T1,0.1,13,1.25923,10
AF_rr0.3,0.1,SL,T1,0.15,1,1.80214,1
AF_rr0.3,0.1,SL,T1,0.15,3,1.46088,3
AF_rr0.3,0.1,SL,T1,0.15,5,1.36387,5
AF_rr0.3,0.1,SL,T1,0.15,7,1.31082,7
AF_rr0.3,0.1,SL,T1,0.15,10,1.27242,7
AF_rr0.3,0.1,SL,T1,0.15,13,1.25116,10
AF_rr0.3,0.1,SL,T1,0.2,1,1.78965,3
AF_rr0.3,0.1,SL,T1,0.2,3,1.44414,3
AF_rr0.3,0.1,SL,T1,0.2,5,1.34112,5
AF_rr0.3,0.1,SL,T1,0.2,7,1.29045,7
AF_rr0.3,0.1,SL,T1,0.2,10,1.25562,10
AF_rr0.3,0.1,SL,T1,0.2,13,1.23018,13
AF_rr0.3,0.1,SL,T1,0.25,1,1.79811,1
AF_rr0.3,0.1,SL,T1,0.25,3,1.42521,3
AF_rr0.3,0.1,SL,T1,0.25,5,1.3306,5
AF_rr0.3,0.1,SL,T1,0.25,7,1.27876,7
AF_rr0.3,0.1,SL,T1,0.25,10,1.24498,10
AF_rr0.3,0.1,SL,T1,0.25,13,1.22728,13
AF_rr0.3,0.1,SL,T2,0.1,1,1.73268,3
AF_rr0.3,0.1,SL,T2,0.1,3,1.40228,3
AF_rr0.3,0.1,SL,T2,0.1,5,1.31611,5
AF_rr0.3,0.1,SL,T2,0.1,7,1.26515,5
AF_rr0.3,0.1,SL,T2,0.1,10,1.23153,5
AF_rr0.3,0.1,SL,T2,0.1,13,1.18343,7
AF_rr0.3,0.1,SL,T2,0.15,1,1.73845,1
AF_rr0.3,0.1,SL,T2,0.15,3,1.39738,3
AF_rr0.3,0.1,SL,T2,0.15,5,1.30382,5
AF_rr0.3,0.1,SL,T2,0.15,7,1.24935,5
AF_rr0.3,0.1,SL,T2,0.15,10,1.20871,7
AF_rr0.3,0.1,SL,T2,0.15,13,1.18196,7
AF_rr0.3,0.1,SL,T2,0.2,1,1.72915,3
AF_rr0.3,0.1,SL,T2,0.2,3,1.37877,3
AF_rr0.3,0.1,SL,T2,0.2,5,1.27699,5
AF_rr0.3,0.1,SL,T2,0.2,7,1.22134,7
AF_rr0.3,0.1,SL,T2,0.2,10,1.18378,7
AF_rr0.3,0.1,SL,T2,0.2,13,1.15774,10
AF_rr0.3,0.1,SL,T2,0.25,1,1.73419,3
AF_rr0.3,0.1,SL,T2,0.25,3,1.35824,3
AF_rr0.3,0.1,SL,T2,0.25,5,1.25819,5
AF_rr0.3,0.1,SL,T2,0.25,7,1.20622,7
AF_rr0.3,0.1,SL,T2,0.25,10,1.16651,10
AF_rr0.3,0.1,SL,T2,0.25,13,1.14813,10
AF_rr0.3,0.1,SL,Tv,0.1,1,1.56633,3
AF_rr0.3,0.1,SL,Tv,0.1,3,1.19184,3
AF_rr0.3,0.1,SL,Tv,0.1,5,1.08444,5
AF_rr0.3,0.1,SL,Tv,0.1,7,1.03219,5
AF_rr0.3,0.1,SL,Tv,0.1,10,0.980614,5
AF_rr0.3,0.1,SL,Tv,0.1,13,0.911735,10
AF_rr0.3,0.1,SL,Tv,0.15,1,1.56604,3
AF_rr0.3,0.1,SL,Tv,0.15,3,1.18722,3
AF_rr0.3,0.1,SL,Tv,0.15,5,1.07164,5
AF_rr0.3,0.1,SL,Tv,0.15,7,1.00564,5
AF_rr0.3,0.1,SL,Tv,0.15,10,0.958101,7
AF_rr0.3,0.1,SL,Tv,0.15,13,0.922687,7
AF_rr0.3,0.1,SL,Tv,0.2,1,1.56263,3
AF_rr0.3,0.1,SL,Tv,0.2,3,1.16458,3
AF_rr0.3,0.1,SL,Tv,0.2,5,1.04262,5
AF_rr0.3,0.1,SL,Tv,0.2,7,0.977802,5
AF_rr0.3,0.1,SL,Tv,0.2,10,0.92823,7
AF_rr0.3,0.1,SL,Tv,0.2,13,0.894212,10
AF_rr0.3,0.1,SL,Tv,0.25,1,1.56622,3
AF_rr0.3,0.1,SL,Tv,0.25,3,1.13731,3
AF_rr0.3,0.1,SL,Tv,0.25,5,1.01911,5
AF_rr0.3,0.1,SL,Tv,0.25,7,0.953881,7
AF_rr0.3,0.1,SL,Tv,0.25,10,0.903233,10
AF_rr0.3,0.1,SL,Tv,0.25,13,0.874912,10
AF_rr0.3,0.15,AP,T1,0.1,1,2.68081,3
AF_rr0.3,0.15,AP,T1,0.1,3,2.13388,3
AF_rr0.3,0.15,AP,T1,0.1,5,1.9781,5
AF_rr0.3,0.15,AP,T1,0.1,7,1.89786,5
AF_rr0.3,0.15,AP,T1,0.1,10,1.823,7
AF_rr0.3,0.15,AP,T1,0.1,13,1.72503,10
AF_rr0.3,0.15,AP,T1,0.15,1,2.69982,1
AF_rr0.3,0.15,AP,T1,0.15,3,2.13317,3
AF_rr0.3,0.15,AP,T1,0.15,5,1.97255,5
AF_rr0.3,0.15,AP,T1,0.15,7,1.87447,5
AF_rr0.3,0.15,AP,T1,0.15,10,1.80403,7
AF_rr0.3,0.15,AP,T1,0.15,13,1.76912,7
AF_rr0.3,0.15,AP,T1,0.2,1,2.68971,1
AF_rr0.3,0.15,AP,T1,0.2,3,2.10859,3
AF_rr0.3,0.15,AP,T1,0.2,5,1.94051,5
AF_rr0.3,0.15,AP,T1,0.2,7,1.85365,5
AF_rr0.3,0.15,AP,T1,0.2,10,1.75892,7
AF_rr0.3,0.15,AP,T1,0.2,13,1.72613,10
AF_rr0.3,0.15,AP,T1,0.25,1,2.69318,1
AF_rr0.3,0.15,AP,T1,0.25,3,2.06989,3
AF_rr0.3,0.15,AP,T1,0.25,5,1.9009,5
AF_rr0.3,0.15,AP,T1,0.25,7,1.80903,7
AF_rr0.3,0.15,AP,T1,0.25,10,1.74614,10
AF_rr0.3,0.15,AP,T1,0.25,13,1.71522,10
AF_rr0.3,0.15,AP,T2,0.1,1,2.59609,3
AF_rr0.3,0.15,AP,T2,0.1,3,2.02996,3
AF_rr0.3,0.15,AP,T2,0.1,5,1.8695,5
AF_rr0.3,0.15,AP,T2,0.1,7,1.78311,5
AF_rr0.3,0.15,AP,T2,0.1,10,1.69836,7
AF_rr0.3,0.15,AP,T2,0.1,13,1.59318,10
AF_rr0.3,0.15,AP,T2,0.15,1,2.61489,1
AF_rr0.3,0.15,AP,T2,0.15,3,2.02731,3
AF_rr0.3,0.15,AP,T2,0.15,5,1.86224,5
AF_rr0.3,0.15,AP,T2,0.15,7,1.76064,5
AF_rr0.3,0.15,AP,T2,0.15,10,1.66973,7
AF_rr0.3,0.15,AP,T2,0.15,13,1.63486,7
AF_rr0.3,0.15,AP,T2,0.2,1,2.60378,3
AF_rr0.3,0.15,AP,T2,0.2,3,2.00058,3
AF_rr0.3,0.15,AP,T2,0.2,5,1.8204,5
AF_rr0.3,0.15,AP,T2,0.2,7,1.72111,5
AF_rr0.3,0.15,AP,T2,0.2,10,1.62553,10
AF_rr0.3,0.15,AP,T2,0.2,13,1.57842,10
AF_rr0.3,0.15,AP,T2,0.25,1,2.61099,1
AF_rr0.3,0.15,AP,T2,0.25,3,1.95929,3
AF_rr0.3,0.15,AP,T2,0.25,5,1.77852,5
AF_rr0.3,0.15,AP,T2,0.25,7,1.68096,7
AF_rr0.3,0.15,AP,T2,0.25,10,1.60159,10
AF_rr0.3,0.15,AP,T2,0.25,13,1.55348,13
AF_rr0.3,0.15,AP,Tv,0.1,1,2.3183,3
AF_rr0.3,0.15,AP,Tv,0.1,3,1.67105,3
AF_rr0.3,0.15,AP,Tv,0.1,5,1.47817,5
AF_rr0.3,0.15,AP,Tv,0.1,7,1.36592,5
AF_rr0.3,0.15,AP,Tv,0.1,10,1.26352,5
AF_rr0.3,0.15,AP,Tv,0.1,13,1.09936,10
AF_rr0.3,0.15,AP,Tv,0.15,1,2.33283,1
AF_rr0.3,0.15,AP,Tv,0.15,3,1.6662,3
AF_rr0.3,0.15,AP,Tv,0.15,5,1.45686,5
AF_rr0.3,0.15,AP,Tv,0.15,7,1.33485,5
AF_rr0.3,0.15,AP,Tv,0.15,10,1.22929,7
AF_rr0.3,0.15,AP,Tv,0.15,13,1.15593,7
AF_rr0.3,0.15,AP,Tv,0.2,1,2.32425,3
AF_rr0.3,0.15,AP,Tv,0.2,3,1.6348,3
AF_rr0.3,0.15,AP,Tv,0.2,5,1.4051,5
AF_rr0.3,0.15,AP,Tv,0.2,7,1.27478,5
AF_rr0.3,0.15,AP,Tv,0.2,10,1.16258,7
AF_rr0.3,0.15,AP,Tv,0.2,13,1.09345,10
AF_rr0.3,0.15,AP,Tv,0.25,1,2.33656,1
AF_rr0.3,0.15,AP,Tv,0.25,3,1.58707,3
AF_rr0.3,0.15,AP,Tv,0.25,5,1.3547,5
AF_rr0.3,0.15,AP,Tv,0.25,7,1.23005,7
AF_rr0.3,0.15,AP,Tv,0.25,10,1.11995,10
AF_rr0.3,0.15,AP,Tv,0.25,13,1.05644,10
AF_rr0.3,0.15,SL,T1,0.1,1,1.9867,1
AF_rr0.3,0.15,SL,T1,0.1,3,1.55477,3
AF_rr0.3,0.15,SL,T1,0.1,5,1.44519,5
AF_rr0.3,0.15,SL,T1,0.1,7,1.39792,5
AF_rr0.3,0.15,SL,T1,0.1,10,1.34509,7
AF_rr0.3,0.15,SL,T1,0.1,13,1.25973,13
AF_rr0.3,0.15,SL,T1,0.15,1,1.99418,1
AF_rr0.3,0.15,SL,T1,0.15,3,1.55797,3
AF_rr0.3,0.15,SL,T1,0.15,5,1.44537,5
AF_rr0.3,0.15,SL,T1,0.15,7,1.38488,5
AF_rr0.3,0.15,SL,T1,0.15,10,1.3319,7
AF_rr0.3,0.15,SL,T1,0.15,13,1.30919,7
AF_rr0.3,0.15,SL,T1,0.2,1,1.98923,1
AF_rr0.3,0.15,SL,T1,0.2,3,1.54787,3
AF_rr0.3,0.15,SL,T1,0.2,5,1.42898,5
AF_rr0.3,0.15,SL,T1,0.2,7,1.36641,7
AF_rr0.3,0.15,SL,T1,0.2,10,1.30149,10
AF_rr0.3,0.15,SL,T1,0.2,13,1.27473,10
AF_rr0.3,0.15,SL,T1,0.25,1,1.97728,3
AF_rr0.3,0.15,SL,T1,0.25,3,1.53469,3
AF_rr0.3,0.15,SL,T1,0.25,5,1.39687,5
AF_rr0.3,0.15,SL,T1,0.25,7,1.34044,7
AF_rr0.3,0.15,SL,T1,0.25,10,1.2878,10
AF_rr0.3,0.15,SL,T1,0.25,13,1.25764,13
AF_rr0.3,0.15,SL,T2,0.1,1,1.93662,3
AF_rr0.3,0.15,SL,T2,0.1,3,1.51129,3
AF_rr0.3,0.15,SL,T2,0.1,5,1.3979,5
AF_rr0.3,0.15,SL,T2,0.1,7,1.3484,5
AF_rr0.3,0.15,SL,T2,0.1,10,1.28966,5
AF_rr0.3,0.15,SL,T2,0.1,13,1.18895,10
AF_rr0.3,0.15,SL,T2,0.15,1,1.94654,1
AF_rr0.3,0.15,SL,T2,0.15,3,1.51206,3
AF_rr0.3,0.15,SL,T2,0.15,5,1.39928,5
AF_rr0.3,0.15,SL,T2,0.15,7,1.33474,5
AF_rr0.3,0.15,SL,T2,0.15,10,1.27734,7
AF_rr0.3,0.15,SL,T2,0.15,13,1.24937,7
AF_rr0.3,0.15,SL,T2,0.2,1,1.93781,3
AF_rr0.3,0.15,SL,T2,0.2,3,1.49722,3
AF_rr0.3,0.15,SL,T2,0.2,5,1.37738,5
AF_rr0.3,0.15,SL,T2,0.2,7,1.30928,5
AF_rr0.3,0.15,SL,T2,0.2,10,1.2414,7
AF_rr0.3,0.15,SL,T2,0.2,13,1.21331,10
AF_rr0.3,0.15,SL,T2,0.25,1,1.9254,3
AF_rr0.3,0.15,SL,T2,0.25,3,1.48256,3
AF_rr0.3,0.15,SL,T2,0.25,5,1.34586,5
AF_rr0.3,0.15,SL,T2,0.25,7,1.28353,7
AF_rr0.3,0.15,SL,T2,0.25,10,1.22639,10
AF_rr0.3,0.15,SL,T2,0.25,13,1.19332,10
AF_rr0.3,0.15,SL,Tv,0.1,1,1.78109,3
AF_rr0.3,0.15,SL,Tv,0.1,3,1.32022,3
AF_rr0.3,0.15,SL,Tv,0.1,5,1.18888,5
AF_rr0.3,0.15,SL,Tv,0.1,7,1.12479,5
AF_rr0.3,0.15,SL,Tv,0.1,10,1.05248,5
AF_rr0.3,0.15,SL,Tv,0.1,13,0.923741,10
AF_rr0.3,0.15,SL,Tv,0.15,1,1.78685,1
AF_rr0.3,0.15,SL,Tv,0.15,3,1.31921,3
AF_rr0.3,0.15,SL,Tv,0.15,5,1.18497,5
AF_rr0.3,0.15,SL,Tv,0.15,7,1.11164,5
AF_rr0.3,0.15,SL,Tv,0.15,10,1.04367,7
AF_rr0.3,0.15,SL,Tv,0.15,13,0.993133,7
AF_rr0.3,0.15,SL,Tv,0.2,1,1.78396,3
AF_rr0.3,0.15,SL,Tv,0.2,3,1.30181,3
AF_rr0.3,0.15,SL,Tv,0.2,5,1.1577,5
AF_rr0.3,0.15,SL,Tv,0.2,7,1.07793,5
AF_rr0.3,0.15,SL,Tv,0.2,10,1.00281,7
AF_rr0.3,0.15,SL,Tv,0.2,13,0.962965,10
AF_rr0.3,0.15,SL,Tv,0.25,1,1.77875,3
AF_rr0.3,0.15,SL,Tv,0.25,3,1.28478,3
AF_rr0.3,0.15,SL,Tv,0.25,5,1.12516,5
AF_rr0.3,0.15,SL,Tv,0.25,7,1.0491,5
AF_rr0.3,0.15,SL,Tv,0.25,10,0.979603,7
AF_rr0.3,0.15,SL,Tv,0.25,13,0.935094,10
AF_rr0.3,0.2,AP,T1,0.1,1,3.12488,1
AF_rr0.3,0.2,AP,T1,0.1,3,2.37518,3
AF_rr0.3,0.2,AP,T1,0.1,5,2.15487,5
AF_rr0.3,0.2,AP,T1,0.1,7,2.05271,5
AF_rr0.3,0.2,AP,T1,0.1,10,1.93407,7
AF_rr0.3,0.2,AP,T1,0.1,13,1.72264,13
AF_rr0.3,0.2,AP,T1,0.15,1,3.10883,3
AF_rr0.3,0.2,AP,T1,0.15,3,2.36364,3
AF_rr0.3,0.2,AP,T1,0.15,5,2.16665,5
AF_rr0.3,0.2,AP,T1,0.15,7,2.05488,5
AF_rr0.3,0.2,AP,T1,0.15,10,1.94672,7
AF_rr0.3,0.2,AP,T1,0.15,13,1.8577,7
AF_rr0.3,0.2,AP,T1,0.2,1,3.09519,3
AF_rr0.3,0.2,AP,T1,0.2,3,2.3617,3
AF_rr0.3,0.2,AP,T1,0.2,5,2.13302,5
AF_rr0.3,0.2,AP,T1,0.2,7,2.01615,5
AF_rr0.3,0.2,AP,T1,0.2,10,1.90638,7
AF_rr0.3,0.2,AP,T1,0.2,13,1.8473,7
AF_rr0.3,0.2,AP,T1,0.25,1,3.103,3
AF_rr0.3,0.2,AP,T1,0.25,3,2.32525,3
AF_rr0.3,0.2,AP,T1,0.25,5,2.08165,5
AF_rr0.3,0.2,AP,T1,0.25,7,1.96464,5
AF_rr0.3,0.2,AP,T1,0.25,10,1.86185,7
AF_rr0.3,0.2,AP,T1,0.25,13,1.79352,10
AF_rr0.3,0.2,AP,T2,0.1,1,3.06429,1
AF_rr0.3,0.2,AP,T2,0.1,3,2.29453,3
AF_rr0.3,0.2,AP,T2,0.1,5,2.06136,5
AF_rr0.3,0.2,AP,T2,0.1,7,1.95429,5
AF_rr0.3,0.2,AP,T2,0.1,10,1.82757,7
AF_rr0.3,0.2,AP,T2,0.1,13,1.60253,13
AF_rr0.3,0.2,AP,T2,0.15,1,3.05097,1
AF_rr0.3,0.2,AP,T2,0.15,3,2.28178,3
AF_rr0.3,0.2,AP,T2,0.15,5,2.08048,5
AF_rr0.3,0.2,AP,T2,0.15,7,1.95834,5
AF_rr0.3,0.2,AP,T2,0.15,10,1.83195,7
AF_rr0.3,0.2,AP,T2,0.15,13,1.74028,7
AF_rr0.3,0.2,AP,T2,0.2,1,3.03456,3
AF_rr0.3,0.2,AP,T2,0.2,3,2.28332,3
AF_rr0.3,0.2,AP,T2,0.2,5,2.03961,5
AF_rr0.3,0.2,AP,T2,0.2,7,1.90629,5
AF_rr0.3,0.2,AP,T2,0.2,10,1.78754,7
AF_rr0.3,0.2,AP,T2,0.2,13,1.72191,10
AF_rr0.3,0.2,AP,T2,0.25,1,3.0484,1
AF_rr0.3,0.2,AP,T2,0.25,3,2.24461,3
AF_rr0.3,0.2,AP,T2,0.25,5,1.98473,5
AF_rr0.3,0.2,AP,T2,0.25,7,1.85776,7
AF_rr0.3,0.2,AP,T2,0.25,10,1.73546,10
AF_rr0.3,0.2,AP,T2,0.25,13,1.66361,10
AF_rr0.3,0.2,AP,Tv,0.1,1,2.82565,1
AF_rr0.3,0.2,AP,Tv,0.1,3,1.97514,3
AF_rr0.3,0.2,AP,Tv,0.1,5,1.70428,5
AF_rr0.3,0.2,AP,Tv,0.1,7,1.58638,5
AF_rr0.3,0.2,AP,Tv,0.1,10,1.42438,7
AF_rr0.3,0.2,AP,Tv,0.1,13,1.09777,13
AF_rr0.3,0.2,AP,Tv,0.15,1,2.80654,3
AF_rr0.3,0.2,AP,Tv,0.15,3,1.97615,3
AF_rr0.3,0.2,AP,Tv,0.15,5,1.72239,5
AF_rr0.3,0.2,AP,Tv,0.15,7,1.57894,5
AF_rr0.3,0.2,AP,Tv,0.15,10,1.43099,7
AF_rr0.3,0.2,AP,Tv,0.15,13,1.30606,7
AF_rr0.3,0.2,AP,Tv,0.2,1,2.80089,3
AF_rr0.3,0.2,AP,Tv,0.2,3,1.96323,3
AF_rr0.3,0.2,AP,Tv,0.2,5,1.68057,5
AF_rr0.3,0.2,AP,Tv,0.2,7,1.52336,5
AF_rr0.3,0.2,AP,Tv,0.2,10,1.37581,7
AF_rr0.3,0.2,AP,Tv,0.2,13,1.28602,7
AF_rr0.3,0.2,AP,Tv,0.25,1,2.81222,1
AF_rr0.3,0.2,AP,Tv,0.25,3,1.91968,3
AF_rr0.3,0.2,AP,Tv,0.25,5,1.6142,5
AF_rr0.3,0.2,AP,Tv,0.25,7,1.46385,5
AF_rr0.3,0.2,AP,Tv,0.25,10,1.31225,7
AF_rr0.3,0.2,AP,Tv,0.25,13,1.22511,10
AF_rr0.3,0.2,SL,T1,0.1,1,2.21925,3
AF_rr0.3,0.2,SL,T1,0.1,3,1.69367,3
AF_rr0.3,0.2,SL,T1,0.1,5,1.5482,5
AF_rr0.3,0.2,SL,T1,0.1,7,1.48096,5
AF_rr0.3,0.2,SL,T1,0.1,10,1.39368,7
AF_rr0.3,0.2,SL,T1,0.1,13,1.2517,
AF_rr0.3,0.2,SL,T1,0.15,1,2.22769,1
AF_rr0.3,0.2,SL,T1,0.15,3,1.69603,3
AF_rr0.3,0.2,SL,T1,0.15,5,1.5538,5
AF_rr0.3,0.2,SL,T1,0.15,7,1.4804,5
AF_rr0.3,0.2,SL,T1,0.15,10,1.40996,7
AF_rr0.3,0.2,SL,T1,0.15,13,1.34128,10
AF_rr0.3,0.2,SL,T1,0.2,1,2.23552,1
AF_rr0.3,0.2,SL,T1,0.2,3,1.69382,3
AF_rr0.3,0.2,SL,T1,0.2,5,1.5376,5
AF_rr0.3,0.2,SL,T1,0.2,7,1.45201,5
AF_rr0.3,0.2,SL,T1,0.2,10,1.38954,7
AF_rr0.3,0.2,SL,T1,0.2,13,1.34287,10
AF_rr0.3,0.2,SL,T1,0.25,1,2.22457,3
AF_rr0.3,0.2,SL,T1,0.25,3,1.67609,3
AF_rr0.3,0.2,SL,T1,0.25,5,1.51144,5
AF_rr0.3,0.2,SL,T1,0.25,7,1.42618,7
AF_rr0.3,0.2,SL,T1,0.25,10,1.35541,7
AF_rr0.3,0.2,SL,T1,0.25,13,1.31299,10
AF_rr0.3,0.2,SL,T2,0.1,1,2.18477,3
AF_rr0.3,0.2,SL,T2,0.1,3,1.65866,3
AF_rr0.3,0.2,SL,T2,0.1,5,1.51134,5
AF_rr0.3,0.2,SL,T2,0.1,7,1.44424,5
AF_rr0.3,0.2,SL,T2,0.1,10,1.34492,7
AF_rr0.3,0.2,SL,T2,0.1,13,1.19145,
AF_rr0.3,0.2,SL,T2,0.15,1,2.1931,1
AF_rr0.3,0.2,SL,T2,0.15,3,1.66128,3
AF_rr0.3,0.2,SL,T2,0.15,5,1.51759,5
AF_rr0.3,0.2,SL,T2,0.15,7,1.44234,5
AF_rr0.3,0.2,SL,T2,0.15,10,1.36688,7
AF_rr0.3,0.2,SL,T2,0.15,13,1.2888,10
AF_rr0.3,0.2,SL,T2,0.2,1,2.20068,1
AF_rr0.3,0.2,SL,T2,0.2,3,1.66154,3
AF_rr0.3,0.2,SL,T2,0.2,5,1.49628,5
AF_rr0.3,0.2,SL,T2,0.2,7,1.4105,5
AF_rr0.3,0.2,SL,T2,0.2,10,1.3392,7
AF_rr0.3,0.2,SL,T2,0.2,13,1.2928,10
AF_rr0.3,0.2,SL,T2,0.25,1,2.18916,3
AF_rr0.3,0.2,SL,T2,0.25,3,1.64042,3
AF_rr0.3,0.2,SL,T2,0.25,5,1.46817,5
AF_rr0.3,0.2,SL,T2,0.25,7,1.38159,5
AF_rr0.3,0.2,SL,T2,0.25,10,1.30205,7
AF_rr0.3,0.2,SL,T2,0.25,13,1.25378,10
AF_rr0.3,0.2,SL,Tv,0.1,1,2.04964,3
AF_rr0.3,0.2,SL,Tv,0.1,3,1.48262,3
AF_rr0.3,0.2,SL,Tv,0.1,5,1.3178,5
AF_rr0.3,0.2,SL,Tv,0.1,7,1.23982,5
AF_rr0.3,0.2,SL,Tv,0.1,10,1.1144,7
AF_rr0.3,0.2,SL,Tv,0.1,13,0.916109,
AF_rr0.3,0.2,SL,Tv,0.15,1,2.05367,3
AF_rr0.3,0.2,SL,Tv,0.15,3,1.48411,3
AF_rr0.3,0.2,SL,Tv,0.15,5,1.31969,5
AF_rr0.3,0.2,SL,Tv,0.15,7,1.23078,5
AF_rr0.3,0.2,SL,Tv,0.15,10,1.14865,5
AF_rr0.3,0.2,SL,Tv,0.15,13,1.05225,7
AF_rr0.3,0.2,SL,Tv,0.2,1,2.0608,1
AF_rr0.3,0.2,SL,Tv,0.2,3,1.48282,3
AF_rr0.3,0.2,SL,Tv,0.2,5,1.29591,5
AF_rr0.3,0.2,SL,Tv,0.2,7,1.20156,5
AF_rr0.3,0.2,SL,Tv,0.2,10,1.11732,7
AF_rr0.3,0.2,SL,Tv,0.2,13,1.05449,7
AF_rr0.3,0.2,SL,Tv,0.25,1,2.05228,3
AF_rr0.3,0.2,SL,Tv,0.25,3,1.46182,3
AF_rr0.3,0.2,SL,Tv,0.25,5,1.26642,5
AF_rr0.3,0.2,SL,Tv,0.25,7,1.16988,5
AF_rr0.3,0.2,SL,Tv,0.25,10,1.0733,7
AF_rr0.3,0.2,SL,Tv,0.25,13,1.02152,10
AF_rr0.3,0.25,AP,T1,0.1,1,3.61588,1
AF_rr0.3,0.25,AP,T1,0.1,3,2.6268,3
AF_rr0.3,0.25,AP,T1,0.1,5,2.37276,5
AF_rr0.3,0.25,AP,T1,0.1,7,2.23349,5
AF_rr0.3,0.25,AP,T1,0.1,10,2.00755,7
AF_rr0.3,0.25,AP,T1,0.1,13,1.70492,
AF_rr0.3,0.25,AP,T1,0.15,1,3.60059,3
AF_rr0.3,0.25,AP,T1,0.15,3,2.65173,3
AF_rr0.3,0.25,AP,T1,0.15,5,2.37643,5
AF_rr0.3,0.25,AP,T1,0.15,7,2.24359,5
AF_rr0.3,0.25,AP,T1,0.15,10,2.08949,7
AF_rr0.3,0.25,AP,T1,0.15,13,1.92268,10
AF_rr0.3,0.25,AP,T1,0.2,1,3.58999,3
AF_rr0.3,0.25,AP,T1,0.2,3,2.66381,3
AF_rr0.3,0.25,AP,T1,0.2,5,2.36708,5
AF_rr0.3,0.25,AP,T1,0.2,7,2.20683,5
AF_rr0.3,0.25,AP,T1,0.2,10,2.07335,7
AF_rr0.3,0.25,AP,T1,0.2,13,1.98506,7
AF_rr0.3,0.25,AP,T1,0.25,1,3.58539,3
AF_rr0.3,0.25,AP,T1,0.25,3,2.64174,3
AF_rr0.3,0.25,AP,T1,0.25,5,2.32705,5
AF_rr0.3,0.25,AP,T1,0.25,7,2.16332,5
AF_rr0.3,0.25,AP,T1,0.25,10,2.02787,7
AF_rr0.3,0.25,AP,T1,0.25,13,1.95312,10
AF_rr0.3,0.25,AP,T2,0.1,1,3.57219,1
AF_rr0.3,0.25,AP,T2,0.1,3,2.56131,3
AF_rr0.3,0.25,AP,T2,0.1,5,2.30159,5
AF_rr0.3,0.25,AP,T2,0.1,7,2.14813,5
AF_rr0.3,0.25,AP,T2,0.1,10,1.91352,7
AF_rr0.3,0.25,AP,T2,0.1,13,1.61983,
AF_rr0.3,0.25,AP,T2,0.15,1,3.56273,1
AF_rr0.3,0.25,AP,T2,0.15,3,2.58952,3
AF_rr0.3,0.25,AP,T2,0.15,5,2.30539,5
AF_rr0.3,0.25,AP,T2,0.15,7,2.16137,5
AF_rr0.3,0.25,AP,T2,0.15,10,2.00211,7
AF_rr0.3,0.25,AP,T2,0.15,13,1.83113,10
AF_rr0.3,0.25,AP,T2,0.2,1,3.55185,3
AF_rr0.3,0.25,AP,T2,0.2,3,2.6067,3
AF_rr0.3,0.25,AP,T2,0.2,5,2.29704,5
AF_rr0.3,0.25,AP,T2,0.2,7,2.12649,5
AF_rr0.3,0.25,AP,T2,0.2,10,1.97586,7
AF_rr0.3,0.25,AP,T2,0.2,13,1.87943,10
AF_rr0.3,0.25,AP,T2,0.25,1,3.55321,3
AF_rr0.3,0.25,AP,T2,0.25,3,2.58172,3
AF_rr0.3,0.25,AP,T2,0.25,5,2.25521,5
AF_rr0.3,0.25,AP,T2,0.25,7,2.0787,5
AF_rr0.3,0.25,AP,T2,0.25,10,1.92981,7
AF_rr0.3,0.25,AP,T2,0.25,13,1.83918,10
AF_rr0.3,0.25,AP,Tv,0.1,1,3.36878,1
AF_rr0.3,0.25,AP,Tv,0.1,3,2.2867,3
AF_rr0.3,0.25,AP,Tv,0.1,5,1.98933,5
AF_rr0.3,0.25,AP,Tv,0.1,7,1.81259,5
AF_rr0.3,0.25,AP,Tv,0.1,10,1.51901,7
AF_rr0.3,0.25,AP,Tv,0.1,13,1.11343,
AF_rr0.3,0.25,AP,Tv,0.15,1,3.35314,1
AF_rr0.3,0.25,AP,Tv,0.15,3,2.30301,3
AF_rr0.3,0.25,AP,Tv,0.15,5,1.99363,5
AF_rr0.3,0.25,AP,Tv,0.15,7,1.81961,5
AF_rr0.3,0.25,AP,Tv,0.15,10,1.64435,7
AF_rr0.3,0.25,AP,Tv,0.15,13,1.41622,10
AF_rr0.3,0.25,AP,Tv,0.2,1,3.34592,3
AF_rr0.3,0.25,AP,Tv,0.2,3,2.32786,3
AF_rr0.3,0.25,AP,Tv,0.2,5,1.98397,5
AF_rr0.3,0.25,AP,Tv,0.2,7,1.78468,5
AF_rr0.3,0.25,AP,Tv,0.2,10,1.60475,7
AF_rr0.3,0.25,AP,Tv,0.2,13,1.48489,10
AF_rr0.3,0.25,AP,Tv,0.25,1,3.35142,1
AF_rr0.3,0.25,AP,Tv,0.25,3,2.29414,3
AF_rr0.3,0.25,AP,Tv,0.25,5,1.93406,5
AF_rr0.3,0.25,AP,Tv,0.25,7,1.7312,5
AF_rr0.3,0.25,AP,Tv,0.25,10,1.54635,7
AF_rr0.3,0.25,AP,Tv,0.25,13,1.42994,10
AF_rr0.3,0.25,SL,T1,0.1,1,2.52124,3
AF_rr0.3,0.25,SL,T1,0.1,3,1.84464,3
AF_rr0.3,0.25,SL,T1,0.1,5,1.67916,5
AF_rr0.3,0.25,SL,T1,0.1,7,1.58308,5
AF_rr0.3,0.25,SL,T1,0.1,10,1.41768,10
AF_rr0.3,0.25,SL,T1,0.1,13,1.25099,
AF_rr0.3,0.25,SL,T1,0.15,1,2.51941,3
AF_rr0.3,0.25,SL,T1,0.15,3,1.85975,3
AF_rr0.3,0.25,SL,T1,0.15,5,1.6938,5
AF_rr0.3,0.25,SL,T1,0.15,7,1.58285,5
AF_rr0.3,0.25,SL,T1,0.15,10,1.49734,7
AF_rr0.3,0.25,SL,T1,0.15,13,1.37612,10
AF_rr0.3,0.25,SL,T1,0.2,1,2.52266,3
AF_rr0.3,0.25,SL,T1,0.2,3,1.87193,3
AF_rr0.3,0.25,SL,T1,0.2,5,1.67014,5
AF_rr0.3,0.25,SL,T1,0.2,7,1.57533,5
AF_rr0.3,0.25,SL,T1,0.2,10,1.47936,7
AF_rr0.3,0.25,SL,T1,0.2,13,1.42631,10
AF_rr0.3,0.25,SL,T1,0.25,1,2.52025,3
AF_rr0.3,0.25,SL,T1,0.25,3,1.86183,3
AF_rr0.3,0.25,SL,T1,0.25,5,1.65453,5
AF_rr0.3,0.25,SL,T1,0.25,7,1.54717,5
AF_rr0.3,0.25,SL,T1,0.25,10,1.44851,7
AF_rr0.3,0.25,SL,T1,0.25,13,1.39086,10
AF_rr0.3,0.25,SL,T2,0.1,1,2.49555,3
AF_rr0.3,0.25,SL,T2,0.1,3,1.82354,3
AF_rr0.3,0.25,SL,T2,0.1,5,1.65085,5
AF_rr0.3,0.25,SL,T2,0.1,7,1.55644,5
AF_rr0.3,0.25,SL,T2,0.1,10,1.37685,10
AF_rr0.3,0.25,SL,T2,0.1,13,1.20321,
AF_rr0.3,0.25,SL,T2,0.15,1,2.49933,3
AF_rr0.3,0.25,SL,T2,0.15,3,1.83869,3
AF_rr0.3,0.25,SL,T2,0.15,5,1.66668,5
AF_rr0.3,0.25,SL,T2,0.15,7,1.55401,5
AF_rr0.3,0.25,SL,T2,0.15,10,1.46336,7
AF_rr0.3,0.25,SL,T2,0.15,13,1.33368,10
AF_rr0.3,0.25,SL,T2,0.2,1,2.49929,3
AF_rr0.3,0.25,SL,T2,0.2,3,1.85411,3
AF_rr0.3,0.25,SL,T2,0.2,5,1.64071,5
AF_rr0.3,0.25,SL,T2,0.2,7,1.54193,5
AF_rr0.3,0.25,SL,T2,0.2,10,1.44512,7
AF_rr0.3,0.25,SL,T2,0.2,13,1.38011,10
AF_rr0.3,0.25,SL,T2,0.25,1,2.49482,3
AF_rr0.3,0.25,SL,T2,0.25,3,1.84147,3
AF_rr0.3,0.25,SL,T2,0.25,5,1.62635,5
AF_rr0.3,0.25,SL,T2,0.25,7,1.50908,5
AF_rr0.3,0.25,SL,T2,0.25,10,1.40843,7
AF_rr0.3,0.25,SL,T2,0.25,13,1.34733,10
AF_rr0.3,0.25,SL,Tv,0.1,1,2.37986,3
AF_rr0.3,0.25,SL,Tv,0.1,3,1.66385,3
AF_rr0.3,0.25,SL,Tv,0.1,5,1.47444,5
AF_rr0.3,0.25,SL,Tv,0.1,7,1.37014,5
AF_rr0.3,0.25,SL,Tv,0.1,10,1.15094,10
AF_rr0.3,0.25,SL,Tv,0.1,13,0.927524,
AF_rr0.3,0.25,SL,Tv,0.15,1,2.37581,3
AF_rr0.3,0.25,SL,Tv,0.15,3,1.67458,3
AF_rr0.3,0.25,SL,Tv,0.15,5,1.48285,5
AF_rr0.3,0.25,SL,Tv,0.15,7,1.36373,5
AF_rr0.3,0.25,SL,Tv,0.15,10,1.26257,7
AF_rr0.3,0.25,SL,Tv,0.15,13,1.09954,10
AF_rr0.3,0.25,SL,Tv,0.2,1,2.37517,3
AF_rr0.3,0.25,SL,Tv,0.2,3,1.68736,3
AF_rr0.3,0.25,SL,Tv,0.2,5,1.46372,5
AF_rr0.3,0.25,SL,Tv,0.2,7,1.34638,5
AF_rr0.3,0.25,SL,Tv,0.2,10,1.23979,7
AF_rr0.3,0.25,SL,Tv,0.2,13,1.16026,10
AF_rr0.3,0.25,SL,Tv,0.25,1,2.37302,3
AF_rr0.3,0.25,SL,Tv,0.25,3,1.67765,3
AF_rr0.3,0.25,SL,Tv,0.25,5,1.44306,5
AF_rr0.3,0.25,SL,Tv,0.25,7,1.31296,5
AF_rr0.3,0.25,SL,Tv,0.25,10,1.19671,7
AF_rr0.3,0.25,SL,Tv,0.25,13,1.12593,10
AF_rr0.3,0.3,AP,T1,0.1,1,4.14048,3
AF_rr0.3,0.3,AP,T1,0.1,3,2.93296,3
AF_rr0.3,0.3,AP,T1,0.1,5,2.59405,5
AF_rr0.3,0.3,AP,T1,0.1,7,2.4164,5
AF_rr0.3,0.3,AP,T1,0.1,10,2.02238,10
AF_rr0.3,0.3,AP,T1,0.1,13,1.75024,
AF_rr0.3,0.3,AP,T1,0.15,1,4.14714,3
AF_rr0.3,0.3,AP,T1,0.15,3,2.96039,3
AF_rr0.3,0.3,AP,T1,0.15,5,2.62754,5
AF_rr0.3,0.3,AP,T1,0.15,7,2.45588,5
AF_rr0.3,0.3,AP,T1,0.15,10,2.25625,7
AF_rr0.3,0.3,AP,T1,0.15,13,1.94988,13
AF_rr0.3,0.3,AP,T1,0.2,1,4.16744,1
AF_rr0.3,0.3,AP,T1,0.2,3,2.99383,3
AF_rr0.3,0.3,AP,T1,0.2,5,2.62434,5
AF_rr0.3,0.3,AP,T1,0.2,7,2.42415,5
AF_rr0.3,0.3,AP,T1,0.2,10,2.25352,7
AF_rr0.3,0.3,AP,T1,0.2,13,2.11401,10
AF_rr0.3,0.3,AP,T1,0.25,1,4.14632,3
AF_rr0.3,0.3,AP,T1,0.25,3,2.95757,3
AF_rr0.3,0.3,AP,T1,0.25,5,2.58515,5
AF_rr0.3,0.3,AP,T1,0.25,7,2.40591,5
AF_rr0.3,0.3,AP,T1,0.25,10,2.21609,7
AF_rr0.3,0.3,AP,T1,0.25,13,2.10141,10
AF_rr0.3,0.3,AP,T2,0.1,1,4.11859,3
AF_rr0.3,0.3,AP,T2,0.1,3,2.88547,3
AF_rr0.3,0.3,AP,T2,0.1,5,2.54091,5
AF_rr0.3,0.3,AP,T2,0.1,7,2.34963,5
AF_rr0.3,0.3,AP,T2,0.1,10,1.95568,13
AF_rr0.3,0.3,AP,T2,0.1,13,1.70113,
AF_rr0.3,0.3,AP,T2,0.15,1,4.13127,3
AF_rr0.3,0.3,AP,T2,0.15,3,2.91429,3
AF_rr0.3,0.3,AP,T2,0.15,5,2.56972,5
AF_rr0.3,0.3,AP,T2,0.15,7,2.39085,5
AF_rr0.3,0.3,AP,T2,0.15,10,2.1858,7
AF_rr0.3,0.3,AP,T2,0.15,13,1.88345,13
AF_rr0.3,0.3,AP,T2,0.2,1,4.14417,1
AF_rr0.3,0.3,AP,T2,0.2,3,2.95861,3
AF_rr0.3,0.3,AP,T2,0.2,5,2.562,5
AF_rr0.3,0.3,AP,T2,0.2,7,2.35598,5
AF_rr0.3,0.3,AP,T2,0.2,10,2.18093,7
AF_rr0.3,0.3,AP,T2,0.2,13,2.03069,10
AF_rr0.3,0.3,AP,T2,0.25,1,4.13186,3
AF_rr0.3,0.3,AP,T2,0.25,3,2.91799,3
AF_rr0.3,0.3,AP,T2,0.25,5,2.52709,5
AF_rr0.3,0.3,AP,T2,0.25,7,2.33349,5
AF_rr0.3,0.3,AP,T2,0.25,10,2.13287,7
AF_rr0.3,0.3,AP,T2,0.25,13,2.00404,10
AF_rr0.3,0.3,AP,Tv,0.1,1,3.93973,3
AF_rr0.3,0.3,AP,Tv,0.1,3,2.62995,3
AF_rr0.3,0.3,AP,Tv,0.1,5,2.25835,5
AF_rr0.3,0.3,AP,Tv,0.1,7,2.04612,5
AF_rr0.3,0.3,AP,Tv,0.1,10,1.546,10
AF_rr0.3,0.3,AP,Tv,0.1,13,1.1931,
AF_rr0.3,0.3,AP,Tv,0.15,1,3.94155,3
AF_rr0.3,0.3,AP,Tv,0.15,3,2.66597,3
AF_rr0.3,0.3,AP,Tv,0.15,5,2.28795,5
AF_rr0.3,0.3,AP,Tv,0.15,7,2.08857,5
AF_rr0.3,0.3,AP,Tv,0.15,10,1.85522,7
AF_rr0.3,0.3,AP,Tv,0.15,13,1.45068,13
AF_rr0.3,0.3,AP,Tv,0.2,1,3.96582,1
AF_rr0.3,0.3,AP,Tv,0.2,3,2.70356,3
AF_rr0.3,0.3,AP,Tv,0.2,5,2.2835,5
AF_rr0.3,0.3,AP,Tv,0.2,7,2.05082,5
AF_rr0.3,0.3,AP,Tv,0.2,10,1.85067,7
AF_rr0.3,0.3,AP,Tv,0.2,13,1.66717,10
AF_rr0.3,0.3,AP,Tv,0.25,1,3.94903,3
AF_rr0.3,0.3,AP,Tv,0.25,3,2.6744,3
AF_rr0.3,0.3,AP,Tv,0.25,5,2.24567,5
AF_rr0.3,0.3,AP,Tv,0.25,7,2.0232,5
AF_rr0.3,0.3,AP,Tv,0.25,10,1.79824,7
AF_rr0.3,0.3,AP,Tv,0.25,13,1.64417,10
AF_rr0.3,0.3,SL,T1,0.1,1,2.85335,1
AF_rr0.3,0.3,SL,T1,0.1,3,2.02636,3
AF_rr0.3,0.3,SL,T1,0.1,5,1.80764,5
AF_rr0.3,0.3,SL,T1,0.1,7,1.69715,5
AF_rr0.3,0.3,SL,T1,0.1,10,1.42645,13
AF_rr0.3,0.3,SL,T1,0.1,13,1.27642,
AF_rr0.3,0.3,SL,T1,0.15,1,2.85941,1
AF_rr0.3,0.3,SL,T1,0.15,3,2.04543,3
AF_rr0.3,0.3,SL,T1,0.15,5,1.82146,5
AF_rr0.3,0.3,SL,T1,0.15,7,1.71973,5
AF_rr0.3,0.3,SL,T1,0.15,10,1.5892,7
AF_rr0.3,0.3,SL,T1,0.15,13,1.38066,
AF_rr0.3,0.3,SL,T1,0.2,1,2.86734,1
AF_rr0.3,0.3,SL,T1,0.2,3,2.04768,3
AF_rr0.3,0.3,SL,T1,0.2,5,1.8285,5
AF_rr0.3,0.3,SL,T1,0.2,7,1.6989,5
AF_rr0.3,0.3,SL,T1,0.2,10,1.59292,7
AF_rr0.3,0.3,SL,T1,0.2,13,1.48249,10
AF_rr0.3,0.3,SL,T1,0.25,1,2.82693,3
AF_rr0.3,0.3,SL,T1,0.25,3,2.05445,3
AF_rr0.3,0.3,SL,T1,0.25,5,1.80597,5
AF_rr0.3,0.3,SL,T1,0.25,7,1.67656,5
AF_rr0.3,0.3,SL,T1,0.25,10,1.55902,7
AF_rr0.3,0.3,SL,T1,0.25,13,1.48849,10
AF_rr0.3,0.3,SL,T2,0.1,1,2.84618,1
AF_rr0.3,0.3,SL,T2,0.1,3,2.01134,3
AF_rr0.3,0.3,SL,T2,0.1,5,1.79162,5
AF_rr0.3,0.3,SL,T2,0.1,7,1.67285,5
AF_rr0.3,0.3,SL,T2,0.1,10,1.39799,13
AF_rr0.3,0.3,SL,T2,0.1,13,1.24773,
AF_rr0.3,0.3,SL,T2,0.15,1,2.84774,1
AF_rr0.3,0.3,SL,T2,0.15,3,2.0299,3
AF_rr0.3,0.3,SL,T2,0.15,5,1.80324,5
AF_rr0.3,0.3,SL,T2,0.15,7,1.69684,5
AF_rr0.3,0.3,SL,T2,0.15,10,1.56379,7
AF_rr0.3,0.3,SL,T2,0.15,13,1.35266,
AF_rr0.3,0.3,SL,T2,0.2,1,2.85665,1
AF_rr0.3,0.3,SL,T2,0.2,3,2.03621,3
AF_rr0.3,0.3,SL,T2,0.2,5,1.81009,5
AF_rr0.3,0.3,SL,T2,0.2,7,1.67941,5
AF_rr0.3,0.3,SL,T2,0.2,10,1.56523,7
AF_rr0.3,0.3,SL,T2,0.2,13,1.45152,10
AF_rr0.3,0.3,SL,T2,0.25,1,2.81783,3
AF_rr0.3,0.3,SL,T2,0.25,3,2.04186,3
AF_rr0.3,0.3,SL,T2,0.25,5,1.78708,5
AF_rr0.3,0.3,SL,T2,0.25,7,1.65385,5
AF_rr0.3,0.3,SL,T2,0.25,10,1.53029,7
AF_rr0.3,0.3,SL,T2,0.25,13,1.44944,10
AF_rr0.3,0.3,SL,Tv,0.1,1,2.72897,1
AF_rr0.3,0.3,SL,Tv,0.1,3,1.86235,3
AF_rr0.3,0.3,SL,Tv,0.1,5,1.62718,5
AF_rr0.3,0.3,SL,Tv,0.1,7,1.49716,5
AF_rr0.3,0.3,SL,Tv,0.1,10,1.16415,13
AF_rr0.3,0.3,SL,Tv,0.1,13,0.969832,
AF_rr0.3,0.3,SL,Tv,0.15,1,2.73227,1
AF_rr0.3,0.3,SL,Tv,0.15,3,1.88256,3
AF_rr0.3,0.3,SL,Tv,0.15,5,1.63685,5
AF_rr0.3,0.3,SL,Tv,0.15,7,1.51592,5
AF_rr0.3,0.3,SL,Tv,0.15,10,1.37025,7
AF_rr0.3,0.3,SL,Tv,0.15,13,1.10865,13
AF_rr0.3,0.3,SL,Tv,0.2,1,2.74325,1
AF_rr0.3,0.3,SL,Tv,0.2,3,1.88823,3
AF_rr0.3,0.3,SL,Tv,0.2,5,1.64253,5
AF_rr0.3,0.3,SL,Tv,0.2,7,1.49907,5
AF_rr0.3,0.3,SL,Tv,0.2,10,1.37603,7
AF_rr0.3,0.3,SL,Tv,0.2,13,1.24216,10
AF_rr0.3,0.3,SL,Tv,0.25,1,2.70648,3
AF_rr0.3,0.3,SL,Tv,0.25,3,1.89024,3
AF_rr0.3,0.3,SL,Tv,0.25,5,1.621,5
AF_rr0.3,0.3,SL,Tv,0.25,7,1.47346,5
AF_rr0.3,0.3,SL,Tv,0.25,10,1.34008,7
AF_rr0.3,0.3,SL,Tv,0.25,13,1.24831,10
sinus,0.05,AP,T1,0.1,1,1.94256,1
sinus,0.05,AP,T1,0.1,3,1.72031,3
sinus,0.05,AP,T1,0.1,5,1.67099,5
sinus,0.05,AP,T1,0.1,7,1.6358,7
sinus,0.05,AP,T1,0.1,10,1.61757,10
sinus,0.05,AP,T1,0.1,13,1.60131,13
sinus,0.05,AP,T1,0.15,1,1.93894,1
sinus,0.05,AP,T1,0.15,3,1.70915,3
sinus,0.05,AP,T1,0.15,5,1.65182,5
sinus,0.05,AP,T1,0.15,7,1.62693,10
sinus,0.05,AP,T1,0.15,10,1.61281,10
sinus,0.05,AP,T1,0.15,13,1.60306,10
sinus,0.05,AP,T1,0.2,1,1.93695,1
sinus,0.05,AP,T1,0.2,3,1.69502,5
sinus,0.05,AP,T1,0.2,5,1.6531,5
sinus,0.05,AP,T1,0.2,7,1.62688,10
sinus,0.05,AP,T1,0.2,10,1.60708,10
sinus,0.05,AP,T1,0.2,13,1.59381,
sinus,0.05,AP,T1,0.25,1,1.9476,1
sinus,0.05,AP,T1,0.25,3,1.69874,5
sinus,0.05,AP,T1,0.25,5,1.64554,7
sinus,0.05,AP,T1,0.25,7,1.62246,10
sinus,0.05,AP,T1,0.25,10,1.60658,10
sinus,0.05,AP,T1,0.25,13,1.59778,
sinus,0.05,AP,T2,0.1,1,1.78954,1
sinus,0.05,AP,T2,0.1,3,1.55957,3
sinus,0.05,AP,T2,0.1,5,1.49406,5
sinus,0.05,AP,T2,0.1,7,1.46078,5
sinus,0.05,AP,T2,0.1,10,1.44579,7
sinus,0.05,AP,T2,0.1,13,1.42754,10
sinus,0.05,AP,T2,0.15,1,1.78101,3
sinus,0.05,AP,T2,0.15,3,1.54363,3
sinus,0.05,AP,T2,0.15,5,1.47882,5
sinus,0.05,AP,T2,0.15,7,1.45095,7
sinus,0.05,AP,T2,0.15,10,1.43479,7
sinus,0.05,AP,T2,0.15,13,1.42235,10
sinus,0.05,AP,T2,0.2,1,1.7804,3
sinus,0.05,AP,T2,0.2,3,1.51673,5
sinus,0.05,AP,T2,0.2,5,1.47002,5
sinus,0.05,AP,T2,0.2,7,1.44786,7
sinus,0.05,AP,T2,0.2,10,1.42129,10
sinus,0.05,AP,T2,0.2,13,1.41192,10
sinus,0.05,AP,T2,0.25,1,1.79055,1
sinus,0.05,AP,T2,0.25,3,1.52035,5
sinus,0.05,AP,T2,0.25,5,1.45899,7
sinus,0.05,AP,T2,0.25,7,1.4378,7
sinus,0.05,AP,T2,0.25,10,1.41765,10
sinus,0.05,AP,T2,0.25,13,1.40239,
sinus,0.05,AP,Tv,0.1,1,1.37757,1
sinus,0.05,AP,Tv,0.1,3,1.06787,3
sinus,0.05,AP,Tv,0.1,5,0.979625,5
sinus,0.05,AP,Tv,0.1,7,0.934481,5
sinus,0.05,AP,Tv,0.1,10,0.893803,7
sinus,0.05,AP,Tv,0.1,13,0.865918,10
sinus,0.05,AP,Tv,0.15,1,1.36898,3
sinus,0.05,AP,Tv,0.15,3,1.04671,3
sinus,0.05,AP,Tv,0.15,5,0.950865,5
sinus,0.05,AP,Tv,0.15,7,0.904258,7
sinus,0.05,AP,Tv,0.15,10,0.867803,10
sinus,0.05,AP,Tv,0.15,13,0.844157,10
sinus,0.05,AP,Tv,0.2,1,1.37262,3
sinus,0.05,AP,Tv,0.2,3,1.02223,3
sinus,0.05,AP,Tv,0.2,5,0.929397,5
sinus,0.05,AP,Tv,0.2,7,0.886544,7
sinus,0.05,AP,Tv,0.2,10,0.854949,10
sinus,0.05,AP,Tv,0.2,13,0.82616,13
sinus,0.05,AP,Tv,0.25,1,1.38032,1
sinus,0.05,AP,Tv,0.25,3,1.00961,3
sinus,0.05,AP,Tv,0.25,5,0.919277,5
sinus,0.05,AP,Tv,0.25,7,0.876425,7
sinus,0.05,AP,Tv,0.25,10,0.836304,10
sinus,0.05,AP,Tv,0.25,13,0.823132,13
sinus,0.05,SL,T1,0.1,1,1.57284,1
sinus,0.05,SL,T1,0.1,3,1.33868,3
sinus,0.05,SL,T1,0.1,5,1.27054,5
sinus,0.05,SL,T1,0.1,7,1.24427,7
sinus,0.05,SL,T1,0.1,10,1.23119,7
sinus,0.05,SL,T1,0.1,13,1.21342,10
sinus,0.05,SL,T1,0.15,1,1.58054,1
sinus,0.05,SL,T1,0.15,3,1.32892,3
sinus,0.05,SL,T1,0.15,5,1.27241,5
sinus,0.05,SL,T1,0.15,7,1.23511,7
sinus,0.05,SL,T1,0.15,10,1.22349,10
sinus,0.05,SL,T1,0.15,13,1.2073,10
sinus,0.05,SL,T1,0.2,1,1.57765,1
sinus,0.05,SL,T1,0.2,3,1.32116,3
sinus,0.05,SL,T1,0.2,5,1.26088,5
sinus,0.05,SL,T1,0.2,7,1.24,7
sinus,0.05,SL,T1,0.2,10,1.20732,10
sinus,0.05,SL,T1,0.2,13,1.19632,
sinus,0.05,SL,T1,0.25,1,1.58329,1
sinus,0.05,SL,T1,0.25,3,1.31286,5
sinus,0.05,SL,T1,0.25,5,1.24852,7
sinus,0.05,SL,T1,0.25,7,1.22233,10
sinus,0.05,SL,T1,0.25,10,1.20277,
sinus,0.05,SL,T1,0.25,13,1.1877,
sinus,0.05,SL,T2,0.1,1,1.49448,1
sinus,0.05,SL,T2,0.1,3,1.26489,3
sinus,0.05,SL,T2,0.1,5,1.19695,5
sinus,0.05,SL,T2,0.1,7,1.16817,5
sinus,0.05,SL,T2,0.1,10,1.15159,7
sinus,0.05,SL,T2,0.1,13,1.12777,7
sinus,0.05,SL,T2,0.15,1,1.5019,1
sinus,0.05,SL,T2,0.15,3,1.25249,3
sinus,0.05,SL,T2,0.15,5,1.1932,5
sinus,0.05,SL,T2,0.15,7,1.15446,7
sinus,0.05,SL,T2,0.15,10,1.13821,7
sinus,0.05,SL,T2,0.15,13,1.12214,10
sinus,0.05,SL,T2,0.2,1,1.4982,1
sinus,0.05,SL,T2,0.2,3,1.23545,3
sinus,0.05,SL,T2,0.2,5,1.17455,5
sinus,0.05,SL,T2,0.2,7,1.14999,7
sinus,0.05,SL,T2,0.2,10,1.11834,10
sinus,0.05,SL,T2,0.2,13,1.10831,10
sinus,0.05,SL,T2,0.25,1,1.50352,1
sinus,0.05,SL,T2,0.25,3,1.2266,3
sinus,0.05,SL,T2,0.25,5,1.16114,5
sinus,0.05,SL,T2,0.25,7,1.13372,7
sinus,0.05,SL,T2,0.25,10,1.11191,10
sinus,0.05,SL,T2,0.25,13,1.09478,
sinus,0.05,SL,Tv,0.1,1,1.30183,3
sinus,0.05,SL,Tv,0.1,3,1.03017,3
sinus,0.05,SL,Tv,0.1,5,0.951134,5
sinus,0.05,SL,Tv,0.1,7,0.920108,5
sinus,0.05,SL,Tv,0.1,10,0.884261,7
sinus,0.05,SL,Tv,0.1,13,0.850103,10
sinus,0.05,SL,Tv,0.15,1,1.30695,1
sinus,0.05,SL,Tv,0.15,3,1.01784,3
sinus,0.05,SL,Tv,0.15,5,0.941497,5
sinus,0.05,SL,Tv,0.15,7,0.898471,5
sinus,0.05,SL,Tv,0.15,10,0.865248,7
sinus,0.05,SL,Tv,0.15,13,0.844954,10
sinus,0.05,SL,Tv,0.2,1,1.30308,3
sinus,0.05,SL,Tv,0.2,3,1.00421,3
sinus,0.05,SL,Tv,0.2,5,0.916733,5
sinus,0.05,SL,Tv,0.2,7,0.879511,7
sinus,0.05,SL,Tv,0.2,10,0.849506,10
sinus,0.05,SL,Tv,0.2,13,0.827497,10
sinus,0.05,SL,Tv,0.25,1,1.30657,1
sinus,0.05,SL,Tv,0.25,3,0.986384,3
sinus,0.05,SL,Tv,0.25,5,0.904514,5
sinus,0.05,SL,Tv,0.25,7,0.863979,7
sinus,0.05,SL,Tv,0.25,10,0.83447,10
sinus,0.05,SL,Tv,0.25,13,0.816658,13
sinus,0.1,AP,T1,0.1,1,2.18137,3
sinus,0.1,AP,T1,0.1,3,1.85547,3
sinus,0.1,AP,T1,0.1,5,1.76079,5
sinus,0.1,AP,T1,0.1,7,1.71674,5
sinus,0.1,AP,T1,0.1,10,1.6909,5
sinus,0.1,AP,T1,0.1,13,1.64625,10
sinus,0.1,AP,T1,0.15,1,2.18626,3
sinus,0.1,AP,T1,0.15,3,1.84515,3
sinus,0.1,AP,T1,0.15,5,1.74917,5
sinus,0.1,AP,T1,0.15,7,1.69261,5
sinus,0.1,AP,T1,0.15,10,1.65262,10
sinus,0.1,AP,T1,0.15,13,1.63511,10
sinus,0.1,AP,T1,0.2,1,2.17529,3
sinus,0.1,AP,T1,0.2,3,1.81289,3
sinus,0.1,AP,T1,0.2,5,1.72537,5
sinus,0.1,AP,T1,0.2,7,1.67808,7
sinus,0.1,AP,T1,0.2,10,1.64381,10
sinus,0.1,AP,T1,0.2,13,1.62343,13
sinus,0.1,AP,T1,0.25,1,2.1673,3
sinus,0.1,AP,T1,0.25,3,1.78844,3
sinus,0.1,AP,T1,0.25,5,1.70973,5
sinus,0.1,AP,T1,0.25,7,1.66537,7
sinus,0.1,AP,T1,0.25,10,1.63704,10
sinus,0.1,AP,T1,0.25,13,1.61916,13
sinus,0.1,AP,T2,0.1,1,2.04651,3
sinus,0.1,AP,T2,0.1,3,1.71178,3
sinus,0.1,AP,T2,0.1,5,1.60931,5
sinus,0.1,AP,T2,0.1,7,1.57514,5
sinus,0.1,AP,T2,0.1,10,1.53239,5
sinus,0.1,AP,T2,0.1,13,1.49286,7
sinus,0.1,AP,T2,0.15,1,2.05546,3
sinus,0.1,AP,T2,0.15,3,1.70106,3
sinus,0.1,AP,T2,0.15,5,1.59996,5
sinus,0.1,AP,T2,0.15,7,1.5385,5
sinus,0.1,AP,T2,0.15,10,1.49656,7
sinus,0.1,AP,T2,0.15,13,1.47486,10
sinus,0.1,AP,T2,0.2,1,2.04949,3
sinus,0.1,AP,T2,0.2,3,1.66158,3
sinus,0.1,AP,T2,0.2,5,1.56932,5
sinus,0.1,AP,T2,0.2,7,1.5179,7
sinus,0.1,AP,T2,0.2,10,1.47716,10
sinus,0.1,AP,T2,0.2,13,1.45039,10
sinus,0.1,AP,T2,0.25,1,2.0399,3
sinus,0.1,AP,T2,0.25,3,1.63854,3
sinus,0.1,AP,T2,0.25,5,1.54475,5
sinus,0.1,AP,T2,0.25,7,1.5008,7
sinus,0.1,AP,T2,0.25,10,1.46281,10
sinus,0.1,AP,T2,0.25,13,1.44556,13
sinus,0.1,AP,Tv,0.1,1,1.69642,3
sinus,0.1,AP,Tv,0.1,3,1.27731,3
sinus,0.1,AP,Tv,0.1,5,1.13954,5
sinus,0.1,AP,Tv,0.1,7,1.07956,5
sinus,0.1,AP,Tv,0.1,10,1.01665,5
sinus,0.1,AP,Tv,0.1,13,0.967598,7
sinus,0.1,AP,Tv,0.15,1,1.70416,1
sinus,0.1,AP,Tv,0.15,3,1.24345,3
sinus,0.1,AP,Tv,0.15,5,1.11288,5
sinus,0.1,AP,Tv,0.15,7,1.03298,5
sinus,0.1,AP,Tv,0.15,10,0.971032,7
sinus,0.1,AP,Tv,0.15,13,0.932827,10
sinus,0.1,AP,Tv,0.2,1,1.70285,3
sinus,0.1,AP,Tv,0.2,3,1.21124,3
sinus,0.1,AP,Tv,0.2,5,1.07295,5
sinus,0.1,AP,Tv,0.2,7,0.997732,7
sinus,0.1,AP,Tv,0.2,10,0.933624,10
sinus,0.1,AP,Tv,0.2,13,0.901093,10
sinus,0.1,AP,Tv,0.25,1,1.68953,3
sinus,0.1,AP,Tv,0.25,3,1.17343,3
sinus,0.1,AP,Tv,0.25,5,1.04255,5
sinus,0.1,AP,Tv,0.25,7,0.974264,7
sinus,0.1,AP,Tv,0.25,10,0.915285,10
sinus,0.1,AP,Tv,0.25,13,0.881373,13
sinus,0.1,SL,T1,0.1,1,1.7062,1
sinus,0.1,SL,T1,0.1,3,1.4077,3
sinus,0.1,SL,T1,0.1,5,1.33217,5
sinus,0.1,SL,T1,0.1,7,1.30352,5
sinus,0.1,SL,T1,0.1,10,1.26834,7
sinus,0.1,SL,T1,0.1,13,1.23947,10
sinus,0.1,SL,T1,0.15,1,1.7048,1
sinus,0.1,SL,T1,0.15,3,1.40616,3
sinus,0.1,SL,T1,0.15,5,1.31904,5
sinus,0.1,SL,T1,0.15,7,1.27134,7
sinus,0.1,SL,T1,0.15,10,1.2432,10
sinus,0.1,SL,T1,0.15,13,1.23219,10
sinus,0.1,SL,T1,0.2,1,1.6963,3
sinus,0.1,SL,T1,0.2,3,1.38772,3
sinus,0.1,SL,T1,0.2,5,1.31004,5
sinus,0.1,SL,T1,0.2,7,1.25818,7
sinus,0.1,SL,T1,0.2,10,1.235,10
sinus,0.1,SL,T1,0.2,13,1.21412,13
sinus,0.1,SL,T1,0.25,1,1.70217,3
sinus,0.1,SL,T1,0.25,3,1.36791,3
sinus,0.1,SL,T1,0.25,5,1.29213,5
sinus,0.1,SL,T1,0.25,7,1.26014,7
sinus,0.1,SL,T1,0.25,10,1.22199,13
sinus,0.1,SL,T1,0.25,13,1.20908,
sinus,0.1,SL,T2,0.1,1,1.63792,1
sinus,0.1,SL,T2,0.1,3,1.34531,3
sinus,0.1,SL,T2,0.1,5,1.26809,5
sinus,0.1,SL,T2,0.1,7,1.23563,5
sinus,0.1,SL,T2,0.1,10,1.19995,5
sinus,0.1,SL,T2,0.1,13,1.16321,7
sinus,0.1,SL,T2,0.15,1,1.63957,1
sinus,0.1,SL,T2,0.15,3,1.34064,3
sinus,0.1,SL,T2,0.15,5,1.25402,5
sinus,0.1,SL,T2,0.15,7,1.20773,5
sinus,0.1,SL,T2,0.15,10,1.17232,7
sinus,0.1,SL,T2,0.15,13,1.15595,7
sinus,0.1,SL,T2,0.2,1,1.63286,3
sinus,0.1,SL,T2,0.2,3,1.32061,3
sinus,0.1,SL,T2,0.2,5,1.23801,5
sinus,0.1,SL,T2,0.2,7,1.18667,7
sinus,0.1,SL,T2,0.2,10,1.1552,10
sinus,0.1,SL,T2,0.2,13,1.1336,10
sinus,0.1,SL,T2,0.25,1,1.63221,3
sinus,0.1,SL,T2,0.25,3,1.29536,3
sinus,0.1,SL,T2,0.25,5,1.21335,5
sinus,0.1,SL,T2,0.25,7,1.17949,7
sinus,0.1,SL,T2,0.25,10,1.14083,10
sinus,0.1,SL,T2,0.25,13,1.12743,10
sinus,0.1,SL,Tv,0.1,1,1.45474,3
sinus,0.1,SL,Tv,0.1,3,1.12207,3
sinus,0.1,SL,Tv,0.1,5,1.03275,5
sinus,0.1,SL,Tv,0.1,7,0.986984,5
sinus,0.1,SL,Tv,0.1,10,0.942799,5
sinus,0.1,SL,Tv,0.1,13,0.890668,7
sinus,0.1,SL,Tv,0.15,1,1.45861,1
sinus,0.1,SL,Tv,0.15,3,1.11395,3
sinus,0.1,SL,Tv,0.15,5,1.01464,5
sinus,0.1,SL,Tv,0.15,7,0.958615,5
sinus,0.1,SL,Tv,0.15,10,0.917599,7
sinus,0.1,SL,Tv,0.15,13,0.890673,7
sinus,0.1,SL,Tv,0.2,1,1.44898,3
sinus,0.1,SL,Tv,0.2,3,1.09295,3
sinus,0.1,SL,Tv,0.2,5,0.992089,5
sinus,0.1,SL,Tv,0.2,7,0.933094,5
sinus,0.1,SL,Tv,0.2,10,0.889279,7
sinus,0.1,SL,Tv,0.2,13,0.865863,10
sinus,0.1,SL,Tv,0.25,1,1.45698,1
sinus,0.1,SL,Tv,0.25,3,1.06946,3
sinus,0.1,SL,Tv,0.25,5,0.96673,5
sinus,0.1,SL,Tv,0.25,7,0.918025,7
sinus,0.1,SL,Tv,0.25,10,0.870769,10
sinus,0.1,SL,Tv,0.25,13,0.84751,10
sinus,0.15,AP,T1,0.1,1,2.5312,1
sinus,0.15,AP,T1,0.1,3,2.04857,3
sinus,0.15,AP,T1,0.1,5,1.9217,5
sinus,0.15,AP,T1,0.1,7,1.84202,5
sinus,0.15,AP,T1,0.1,10,1.78385,7
sinus,0.15,AP,T1,0.1,13,1.70881,10
sinus,0.15,AP,T1,0.15,1,2.54177,1
sinus,0.15,AP,T1,0.15,3,2.04082,3
sinus,0.15,AP,T1,0.15,5,1.89188,5
sinus,0.15,AP,T1,0.15,7,1.81743,5
sinus,0.15,AP,T1,0.15,10,1.75247,7
sinus,0.15,AP,T1,0.15,13,1.70764,10
sinus,0.15,AP,T1,0.2,1,2.52684,1
sinus,0.15,AP,T1,0.2,3,2.01557,3
sinus,0.15,AP,T1,0.2,5,1.86491,5
sinus,0.15,AP,T1,0.2,7,1.79453,7
sinus,0.15,AP,T1,0.2,10,1.71943,7
sinus,0.15,AP,T1,0.2,13,1.69064,10
sinus,0.15,AP,T1,0.25,1,2.52724,1
sinus,0.15,AP,T1,0.25,3,1.98974,3
sinus,0.15,AP,T1,0.25,5,1.82958,5
sinus,0.15,AP,T1,0.25,7,1.76627,7
sinus,0.15,AP,T1,0.25,10,1.72223,7
sinus,0.15,AP,T1,0.25,13,1.68385,13
sinus,0.15,AP,T2,0.1,1,2.43492,1
sinus,0.15,AP,T2,0.1,3,1.94029,3
sinus,0.15,AP,T2,0.1,5,1.79756,5
sinus,0.15,AP,T2,0.1,7,1.71177,5
sinus,0.15,AP,T2,0.1,10,1.64983,7
sinus,0.15,AP,T2,0.1,13,1.57191,7
sinus,0.15,AP,T2,0.15,1,2.43875,1
sinus,0.15,AP,T2,0.15,3,1.92323,3
sinus,0.15,AP,T2,0.15,5,1.76482,5
sinus,0.15,AP,T2,0.15,7,1.68412,5
sinus,0.15,AP,T2,0.15,10,1.61775,7
sinus,0.15,AP,T2,0.15,13,1.56919,7
sinus,0.15,AP,T2,0.2,1,2.43538,1
sinus,0.15,AP,T2,0.2,3,1.90267,3
sinus,0.15,AP,T2,0.2,5,1.73571,5
sinus,0.15,AP,T2,0.2,7,1.65772,5
sinus,0.15,AP,T2,0.2,10,1.57079,7
sinus,0.15,AP,T2,0.2,13,1.53565,13
sinus,0.15,AP,T2,0.25,1,2.43633,1
sinus,0.15,AP,T2,0.25,3,1.86002,3
sinus,0.15,AP,T2,0.25,5,1.69637,5
sinus,0.15,AP,T2,0.25,7,1.61352,7
sinus,0.15,AP,T2,0.25,10,1.5669,7
sinus,0.15,AP,T2,0.25,13,1.52101,13
sinus,0.15,AP,Tv,0.1,1,2.14536,1
sinus,0.15,AP,Tv,0.1,3,1.55984,3
sinus,0.15,AP,Tv,0.1,5,1.38018,5
sinus,0.15,AP,Tv,0.1,7,1.27704,5
sinus,0.15,AP,Tv,0.1,10,1.18583,5
sinus,0.15,AP,Tv,0.1,13,1.07965,7
sinus,0.15,AP,Tv,0.15,1,2.14953,1
sinus,0.15,AP,Tv,0.15,3,1.54263,3
sinus,0.15,AP,Tv,0.15,5,1.34525,5
sinus,0.15,AP,Tv,0.15,7,1.24623,5
sinus,0.15,AP,Tv,0.15,10,1.14243,7
sinus,0.15,AP,Tv,0.15,13,1.07902,7
sinus,0.15,AP,Tv,0.2,1,2.13711,1
sinus,0.15,AP,Tv,0.2,3,1.51164,3
sinus,0.15,AP,Tv,0.2,5,1.29861,5
sinus,0.15,AP,Tv,0.2,7,1.19258,5
sinus,0.15,AP,Tv,0.2,10,1.09168,7
sinus,0.15,AP,Tv,0.2,13,1.03148,10
sinus,0.15,AP,Tv,0.25,1,2.13717,1
sinus,0.15,AP,Tv,0.25,3,1.45841,3
sinus,0.15,AP,Tv,0.25,5,1.25697,5
sinus,0.15,AP,Tv,0.25,7,1.14525,7
sinus,0.15,AP,Tv,0.25,10,1.05699,10
sinus,0.15,AP,Tv,0.25,13,0.99722,10
sinus,0.15,SL,T1,0.1,1,1.89296,3
sinus,0.15,SL,T1,0.1,3,1.52128,3
sinus,0.15,SL,T1,0.1,5,1.40898,5
sinus,0.15,SL,T1,0.1,7,1.35604,5
sinus,0.15,SL,T1,0.1,10,1.32709,7
sinus,0.15,SL,T1,0.1,13,1.25685,10
sinus,0.15,SL,T1,0.15,1,1.88099,3
sinus,0.15,SL,T1,0.15,3,1.50579,3
sinus,0.15,SL,T1,0.15,5,1.40648,5
sinus,0.15,SL,T1,0.15,7,1.34575,5
sinus,0.15,SL,T1,0.15,10,1.30232,7
sinus,0.15,SL,T1,0.15,13,1.27399,10
sinus,0.15,SL,T1,0.2,1,1.88882,3
sinus,0.15,SL,T1,0.2,3,1.49267,3
sinus,0.15,SL,T1,0.2,5,1.38963,5
sinus,0.15,SL,T1,0.2,7,1.33397,7
sinus,0.15,SL,T1,0.2,10,1.2754,10
sinus,0.15,SL,T1,0.2,13,1.25904,10
sinus,0.15,SL,T1,0.25,1,1.89108,3
sinus,0.15,SL,T1,0.25,3,1.47431,3
sinus,0.15,SL,T1,0.25,5,1.36609,5
sinus,0.15,SL,T1,0.25,7,1.30862,7
sinus,0.15,SL,T1,0.25,10,1.26786,10
sinus,0.15,SL,T1,0.25,13,1.24132,13
sinus,0.15,SL,T2,0.1,1,1.83341,3
sinus,0.15,SL,T2,0.1,3,1.46871,3
sinus,0.15,SL,T2,0.1,5,1.35632,5
sinus,0.15,SL,T2,0.1,7,1.3059,5
sinus,0.15,SL,T2,0.1,10,1.26926,5
sinus,0.15,SL,T2,0.1,13,1.1846,10
sinus,0.15,SL,T2,0.15,1,1.82547,3
sinus,0.15,SL,T2,0.15,3,1.45797,3
sinus,0.15,SL,T2,0.15,5,1.35572,5
sinus,0.15,SL,T2,0.15,7,1.29529,5
sinus,0.15,SL,T2,0.15,10,1.24176,7
sinus,0.15,SL,T2,0.15,13,1.20751,7
sinus,0.15,SL,T2,0.2,1,1.83399,3
sinus,0.15,SL,T2,0.2,3,1.44068,3
sinus,0.15,SL,T2,0.2,5,1.33036,5
sinus,0.15,SL,T2,0.2,7,1.27197,5
sinus,0.15,SL,T2,0.2,10,1.20959,7
sinus,0.15,SL,T2,0.2,13,1.18994,10
sinus,0.15,SL,T2,0.25,1,1.83848,3
sinus,0.15,SL,T2,0.25,3,1.41609,3
sinus,0.15,SL,T2,0.25,5,1.30475,5
sinus,0.15,SL,T2,0.25,7,1.24148,7
sinus,0.15,SL,T2,0.25,10,1.19679,10
sinus,0.15,SL,T2,0.25,13,1.17074,10
sinus,0.15,SL,Tv,0.1,1,1.67678,3
sinus,0.15,SL,Tv,0.1,3,1.26651,3
sinus,0.15,SL,Tv,0.1,5,1.13922,5
sinus,0.15,SL,Tv,0.1,7,1.0815,5
sinus,0.15,SL,Tv,0.1,10,1.01973,5
sinus,0.15,SL,Tv,0.1,13,0.920872,10
sinus,0.15,SL,Tv,0.15,1,1.66857,3
sinus,0.15,SL,Tv,0.15,3,1.25768,3
sinus,0.15,SL,Tv,0.15,5,1.13043,5
sinus,0.15,SL,Tv,0.15,7,1.06624,5
sinus,0.15,SL,Tv,0.15,10,0.999339,7
sinus,0.15,SL,Tv,0.15,13,0.956895,7
sinus,0.15,SL,Tv,0.2,1,1.67565,3
sinus,0.15,SL,Tv,0.2,3,1.23863,3
sinus,0.15,SL,Tv,0.2,5,1.10212,5
sinus,0.15,SL,Tv,0.2,7,1.03237,5
sinus,0.15,SL,Tv,0.2,10,0.967617,7
sinus,0.15,SL,Tv,0.2,13,0.931812,10
sinus,0.15,SL,Tv,0.25,1,1.67832,3
sinus,0.15,SL,Tv,0.25,3,1.2076,3
sinus,0.15,SL,Tv,0.25,5,1.07474,5
sinus,0.15,SL,Tv,0.25,7,1.00083,7
sinus,0.15,SL,Tv,0.25,10,0.940481,10
sinus,0.15,SL,Tv,0.25,13,0.907327,10
sinus,0.2,AP,T1,0.1,1,2.95938,3
sinus,0.2,AP,T1,0.1,3,2.29194,3
sinus,0.2,AP,T1,0.1,5,2.10428,5
sinus,0.2,AP,T1,0.1,7,2.00688,5
sinus,0.2,AP,T1,0.1,10,1.90334,7
sinus,0.2,AP,T1,0.1,13,1.72572,13
sinus,0.2,AP,T1,0.15,1,2.96043,3
sinus,0.2,AP,T1,0.15,3,2.30415,3
sinus,0.2,AP,T1,0.15,5,2.0918,5
sinus,0.2,AP,T1,0.15,7,1.98469,5
sinus,0.2,AP,T1,0.15,10,1.89404,7
sinus,0.2,AP,T1,0.15,13,1.82853,7
sinus,0.2,AP,T1,0.2,1,2.95874,3
sinus,0.2,AP,T1,0.2,3,2.2625,3
sinus,0.2,AP,T1,0.2,5,2.07091,5
sinus,0.2,AP,T1,0.2,7,1.94299,5
sinus,0.2,AP,T1,0.2,10,1.84983,7
sinus,0.2,AP,T1,0.2,13,1.80848,10
sinus,0.2,AP,T1,0.25,1,2.96555,3
sinus,0.2,AP,T1,0.25,3,2.24041,3
sinus,0.2,AP,T1,0.25,5,2.03562,5
sinus,0.2,AP,T1,0.25,7,1.90797,7
sinus,0.2,AP,T1,0.25,10,1.82515,7
sinus,0.2,AP,T1,0.25,13,1.77161,10
sinus,0.2,AP,T2,0.1,1,2.88842,3
sinus,0.2,AP,T2,0.1,3,2.20216,3
sinus,0.2,AP,T2,0.1,5,2.00509,5
sinus,0.2,AP,T2,0.1,7,1.90295,5
sinus,0.2,AP,T2,0.1,10,1.79106,7
sinus,0.2,AP,T2,0.1,13,1.59932,13
sinus,0.2,AP,T2,0.15,1,2.89226,3
sinus,0.2,AP,T2,0.15,3,2.21533,3
sinus,0.2,AP,T2,0.15,5,1.9875,5
sinus,0.2,AP,T2,0.15,7,1.8776,5
sinus,0.2,AP,T2,0.15,10,1.78145,7
sinus,0.2,AP,T2,0.15,13,1.70293,10
sinus,0.2,AP,T2,0.2,1,2.90221,3
sinus,0.2,AP,T2,0.2,3,2.17281,3
sinus,0.2,AP,T2,0.2,5,1.96531,5
sinus,0.2,AP,T2,0.2,7,1.82954,5
sinus,0.2,AP,T2,0.2,10,1.72301,7
sinus,0.2,AP,T2,0.2,13,1.67249,10
sinus,0.2,AP,T2,0.25,1,2.90048,3
sinus,0.2,AP,T2,0.25,3,2.15357,3
sinus,0.2,AP,T2,0.25,5,1.92152,5
sinus,0.2,AP,T2,0.25,7,1.79156,7
sinus,0.2,AP,T2,0.25,10,1.69701,10
sinus,0.2,AP,T2,0.25,13,1.62926,10
sinus,0.2,AP,Tv,0.1,1,2.64094,3
sinus,0.2,AP,Tv,0.1,3,1.87589,3
sinus,0.2,AP,Tv,0.1,5,1.64127,5
sinus,0.2,AP,Tv,0.1,7,1.51145,5
sinus,0.2,AP,Tv,0.1,10,1.37879,7
sinus,0.2,AP,Tv,0.1,13,1.10284,13
sinus,0.2,AP,Tv,0.15,1,2.65023,1
sinus,0.2,AP,Tv,0.15,3,1.88434,3
sinus,0.2,AP,Tv,0.15,5,1.62645,5
sinus,0.2,AP,Tv,0.15,7,1.48957,5
sinus,0.2,AP,Tv,0.15,10,1.35962,7
sinus,0.2,AP,Tv,0.15,13,1.26476,7
sinus,0.2,AP,Tv,0.2,1,2.65079,1
sinus,0.2,AP,Tv,0.2,3,1.84366,3
sinus,0.2,AP,Tv,0.2,5,1.59012,5
sinus,0.2,AP,Tv,0.2,7,1.43458,5
sinus,0.2,AP,Tv,0.2,10,1.30087,7
sinus,0.2,AP,Tv,0.2,13,1.21952,10
sinus,0.2,AP,Tv,0.25,1,2.64875,3
sinus,0.2,AP,Tv,0.25,3,1.81125,3
sinus,0.2,AP,Tv,0.25,5,1.54223,5
sinus,0.2,AP,Tv,0.25,7,1.38433,7
sinus,0.2,AP,Tv,0.25,10,1.25377,7
sinus,0.2,AP,Tv,0.25,13,1.16247,10
sinus,0.2,SL,T1,0.1,1,2.14497,3
sinus,0.2,SL,T1,0.1,3,1.64982,3
sinus,0.2,SL,T1,0.1,5,1.52162,5
sinus,0.2,SL,T1,0.1,7,1.44885,5
sinus,0.2,SL,T1,0.1,10,1.37979,7
sinus,0.2,SL,T1,0.1,13,1.25818,13
sinus,0.2,SL,T1,0.15,1,2.13325,3
sinus,0.2,SL,T1,0.15,3,1.65695,3
sinus,0.2,SL,T1,0.15,5,1.51713,5
sinus,0.2,SL,T1,0.15,7,1.44917,5
sinus,0.2,SL,T1,0.15,10,1.39055,7
sinus,0.2,SL,T1,0.15,13,1.33173,10
sinus,0.2,SL,T1,0.2,1,2.14049,3
sinus,0.2,SL,T1,0.2,3,1.64625,3
sinus,0.2,SL,T1,0.2,5,1.49324,5
sinus,0.2,SL,T1,0.2,7,1.42337,5
sinus,0.2,SL,T1,0.2,10,1.34875,7
sinus,0.2,SL,T1,0.2,13,1.32394,10
sinus,0.2,SL,T1,0.25,1,2.14642,3
sinus,0.2,SL,T1,0.25,3,1.62617,3
sinus,0.2,SL,T1,0.25,5,1.47216,5
sinus,0.2,SL,T1,0.25,7,1.39158,7
sinus,0.2,SL,T1,0.25,10,1.32991,10
sinus,0.2,SL,T1,0.25,13,1.29687,10
sinus,0.2,SL,T2,0.1,1,2.1067,3
sinus,0.2,SL,T2,0.1,3,1.61247,3
sinus,0.2,SL,T2,0.1,5,1.48213,5
sinus,0.2,SL,T2,0.1,7,1.41125,5
sinus,0.2,SL,T2,0.1,10,1.32924,7
sinus,0.2,SL,T2,0.1,13,1.19248,13
sinus,0.2,SL,T2,0.15,1,2.09695,3
sinus,0.2,SL,T2,0.15,3,1.61953,3
sinus,0.2,SL,T2,0.15,5,1.47478,5
sinus,0.2,SL,T2,0.15,7,1.40172,5
sinus,0.2,SL,T2,0.15,10,1.34402,5
sinus,0.2,SL,T2,0.15,13,1.27606,7
sinus,0.2,SL,T2,0.2,1,2.10297,3
sinus,0.2,SL,T2,0.2,3,1.60918,3
sinus,0.2,SL,T2,0.2,5,1.45314,5
sinus,0.2,SL,T2,0.2,7,1.37298,5
sinus,0.2,SL,T2,0.2,10,1.30041,7
sinus,0.2,SL,T2,0.2,13,1.26599,10
sinus,0.2,SL,T2,0.25,1,2.10708,3
sinus,0.2,SL,T2,0.25,3,1.58576,3
sinus,0.2,SL,T2,0.25,5,1.42781,5
sinus,0.2,SL,T2,0.25,7,1.34032,5
sinus,0.2,SL,T2,0.25,10,1.27636,7
sinus,0.2,SL,T2,0.25,13,1.23442,10
sinus,0.2,SL,Tv,0.1,1,1.96014,3
sinus,0.2,SL,Tv,0.1,3,1.4283,3
sinus,0.2,SL,Tv,0.1,5,1.28038,5
sinus,0.2,SL,Tv,0.1,7,1.19837,5
sinus,0.2,SL,Tv,0.1,10,1.10087,7
sinus,0.2,SL,Tv,0.1,13,0.922468,13
sinus,0.2,SL,Tv,0.15,1,1.95524,3
sinus,0.2,SL,Tv,0.15,3,1.43471,3
sinus,0.2,SL,Tv,0.15,5,1.27348,5
sinus,0.2,SL,Tv,0.15,7,1.18946,5
sinus,0.2,SL,Tv,0.15,10,1.11305,5
sinus,0.2,SL,Tv,0.15,13,1.04181,7
sinus,0.2,SL,Tv,0.2,1,1.95891,3
sinus,0.2,SL,Tv,0.2,3,1.42304,3
sinus,0.2,SL,Tv,0.2,5,1.25397,5
sinus,0.2,SL,Tv,0.2,7,1.15943,5
sinus,0.2,SL,Tv,0.2,10,1.07787,7
sinus,0.2,SL,Tv,0.2,13,1.02486,10
sinus,0.2,SL,Tv,0.25,1,1.9657,1
sinus,0.2,SL,Tv,0.25,3,1.39676,3
sinus,0.2,SL,Tv,0.25,5,1.22,5
sinus,0.2,SL,Tv,0.25,7,1.12236,5
sinus,0.2,SL,Tv,0.25,10,1.04072,7
sinus,0.2,SL,Tv,0.25,13,0.988132,10
sinus,0.25,AP,T1,0.1,1,3.4765,1
sinus,0.25,AP,T1,0.1,3,2.55374,3
sinus,0.25,AP,T1,0.1,5,2.31136,5
sinus,0.25,AP,T1,0.1,7,2.18333,5
sinus,0.25,AP,T1,0.1,10,1.99064,7
sinus,0.25,AP,T1,0.1,13,1.70684,
sinus,0.25,AP,T1,0.15,1,3.47205,1
sinus,0.25,AP,T1,0.15,3,2.59141,3
sinus,0.25,AP,T1,0.15,5,2.32386,5
sinus,0.25,AP,T1,0.15,7,2.18835,5
sinus,0.25,AP,T1,0.15,10,2.06156,7
sinus,0.25,AP,T1,0.15,13,1.9311,10
sinus,0.25,AP,T1,0.2,1,3.50379,1
sinus,0.25,AP,T1,0.2,3,2.57741,3
sinus,0.25,AP,T1,0.2,5,2.31334,5
sinus,0.25,AP,T1,0.2,7,2.16083,5
sinus,0.25,AP,T1,0.2,10,2.02495,7
sinus,0.25,AP,T1,0.2,13,1.94671,10
sinus,0.25,AP,T1,0.25,1,3.46747,1
sinus,0.25,AP,T1,0.25,3,2.5437,3
sinus,0.25,AP,T1,0.25,5,2.26115,5
sinus,0.25,AP,T1,0.25,7,2.11763,5
sinus,0.25,AP,T1,0.25,10,1.98708,7
sinus,0.25,AP,T1,0.25,13,1.89828,10
sinus,0.25,AP,T2,0.1,1,3.42838,1
sinus,0.25,AP,T2,0.1,3,2.48979,3
sinus,0.25,AP,T2,0.1,5,2.23426,5
sinus,0.25,AP,T2,0.1,7,2.09604,5
sinus,0.25,AP,T2,0.1,10,1.89097,7
sinus,0.25,AP,T2,0.1,13,1.61576,
sinus,0.25,AP,T2,0.15,1,3.43074,1
sinus,0.25,AP,T2,0.15,3,2.52341,3
sinus,0.25,AP,T2,0.15,5,2.25056,5
sinus,0.25,AP,T2,0.15,7,2.10066,5
sinus,0.25,AP,T2,0.15,10,1.96594,7
sinus,0.25,AP,T2,0.15,13,1.81878,10
sinus,0.25,AP,T2,0.2,1,3.45608,1
sinus,0.25,AP,T2,0.2,3,2.5118,3
sinus,0.25,AP,T2,0.2,5,2.23365,5
sinus,0.25,AP,T2,0.2,7,2.07721,5
sinus,0.25,AP,T2,0.2,10,1.92347,7
sinus,0.25,AP,T2,0.2,13,1.82892,10
sinus,0.25,AP,T2,0.25,1,3.42982,1
sinus,0.25,AP,T2,0.25,3,2.47748,3
sinus,0.25,AP,T2,0.25,5,2.17539,5
sinus,0.25,AP,T2,0.25,7,2.02274,5
sinus,0.25,AP,T2,0.25,10,1.87487,10
sinus,0.25,AP,T2,0.25,13,1.77926,10
sinus,0.25,AP,Tv,0.1,1,3.20968,1
sinus,0.25,AP,Tv,0.1,3,2.2046,3
sinus,0.25,AP,Tv,0.1,5,1.91244,5
sinus,0.25,AP,Tv,0.1,7,1.7568,5
sinus,0.25,AP,Tv,0.1,10,1.50419,7
sinus,0.25,AP,Tv,0.1,13,1.09861,
sinus,0.25,AP,Tv,0.15,1,3.21595,1
sinus,0.25,AP,Tv,0.15,3,2.23231,3
sinus,0.25,AP,Tv,0.15,5,1.92867,5
sinus,0.25,AP,Tv,0.15,7,1.75497,5
sinus,0.25,AP,Tv,0.15,10,1.59309,7
sinus,0.25,AP,Tv,0.15,13,1.39947,10
sinus,0.25,AP,Tv,0.2,1,3.23764,1
sinus,0.25,AP,Tv,0.2,3,2.21238,3
sinus,0.25,AP,Tv,0.2,5,1.90017,5
sinus,0.25,AP,Tv,0.2,7,1.72442,5
sinus,0.25,AP,Tv,0.2,10,1.54381,7
sinus,0.25,AP,Tv,0.2,13,1.43166,10
sinus,0.25,AP,Tv,0.25,1,3.22798,1
sinus,0.25,AP,Tv,0.25,3,2.19311,3
sinus,0.25,AP,Tv,0.25,5,1.84686,5
sinus,0.25,AP,Tv,0.25,7,1.65167,5
sinus,0.25,AP,Tv,0.25,10,1.48011,7
sinus,0.25,AP,Tv,0.25,13,1.36848,10
sinus,0.25,SL,T1,0.1,1,2.43796,1
sinus,0.25,SL,T1,0.1,3,1.8167,3
sinus,0.25,SL,T1,0.1,5,1.64369,5
sinus,0.25,SL,T1,0.1,7,1.55229,5
sinus,0.25,SL,T1,0.1,10,1.41464,7
sinus,0.25,SL,T1,0.1,13,1.25277,
sinus,0.25,SL,T1,0.15,1,2.43387,3
sinus,0.25,SL,T1,0.15,3,1.83038,3
sinus,0.25,SL,T1,0.15,5,1.64419,5
sinus,0.25,SL,T1,0.15,7,1.55312,5
sinus,0.25,SL,T1,0.15,10,1.48308,7
sinus,0.25,SL,T1,0.15,13,1.36466,10
sinus,0.25,SL,T1,0.2,1,2.45084,1
sinus,0.25,SL,T1,0.2,3,1.81975,3
sinus,0.25,SL,T1,0.2,5,1.64702,5
sinus,0.25,SL,T1,0.2,7,1.5398,5
sinus,0.25,SL,T1,0.2,10,1.44964,7
sinus,0.25,SL,T1,0.2,13,1.40066,10
sinus,0.25,SL,T1,0.25,1,2.44031,1
sinus,0.25,SL,T1,0.25,3,1.7982,3
sinus,0.25,SL,T1,0.25,5,1.61003,5
sinus,0.25,SL,T1,0.25,7,1.51543,5
sinus,0.25,SL,T1,0.25,10,1.42663,7
sinus,0.25,SL,T1,0.25,13,1.36337,10
sinus,0.25,SL,T2,0.1,1,2.4146,1
sinus,0.25,SL,T2,0.1,3,1.79183,3
sinus,0.25,SL,T2,0.1,5,1.61508,5
sinus,0.25,SL,T2,0.1,7,1.52339,5
sinus,0.25,SL,T2,0.1,10,1.37237,7
sinus,0.25,SL,T2,0.1,13,1.20283,
sinus,0.25,SL,T2,0.15,1,2.41018,1
sinus,0.25,SL,T2,0.15,3,1.80055,3
sinus,0.25,SL,T2,0.15,5,1.61546,5
sinus,0.25,SL,T2,0.15,7,1.52393,5
sinus,0.25,SL,T2,0.15,10,1.44574,7
sinus,0.25,SL,T2,0.15,13,1.32272,10
sinus,0.25,SL,T2,0.2,1,2.42166,1
sinus,0.25,SL,T2,0.2,3,1.79078,3
sinus,0.25,SL,T2,0.2,5,1.60861,5
sinus,0.25,SL,T2,0.2,7,1.50568,5
sinus,0.25,SL,T2,0.2,10,1.41156,7
sinus,0.25,SL,T2,0.2,13,1.35531,10
sinus,0.25,SL,T2,0.25,1,2.41868,1
sinus,0.25,SL,T2,0.25,3,1.77121,3
sinus,0.25,SL,T2,0.25,5,1.57888,5
sinus,0.25,SL,T2,0.25,7,1.47877,5
sinus,0.25,SL,T2,0.25,10,1.37944,7
sinus,0.25,SL,T2,0.25,13,1.31966,10
sinus,0.25,SL,Tv,0.1,1,2.29144,1
sinus,0.25,SL,Tv,0.1,3,1.62489,3
sinus,0.25,SL,Tv,0.1,5,1.4316,5
sinus,0.25,SL,Tv,0.1,7,1.33154,5
sinus,0.25,SL,Tv,0.1,10,1.14803,7
sinus,0.25,SL,Tv,0.1,13,0.924546,
sinus,0.25,SL,Tv,0.15,1,2.28952,1
sinus,0.25,SL,Tv,0.15,3,1.63332,3
sinus,0.25,SL,Tv,0.15,5,1.43514,5
sinus,0.25,SL,Tv,0.15,7,1.33178,5
sinus,0.25,SL,Tv,0.15,10,1.23352,7
sinus,0.25,SL,Tv,0.15,13,1.089,10
sinus,0.25,SL,Tv,0.2,1,2.2951,1
sinus,0.25,SL,Tv,0.2,3,1.62337,3
sinus,0.25,SL,Tv,0.2,5,1.42161,5
sinus,0.25,SL,Tv,0.2,7,1.31101,5
sinus,0.25,SL,Tv,0.2,10,1.20437,7
sinus,0.25,SL,Tv,0.2,13,1.13119,7
sinus,0.25,SL,Tv,0.25,1,2.29157,1
sinus,0.25,SL,Tv,0.25,3,1.61195,3
sinus,0.25,SL,Tv,0.25,5,1.39482,5
sinus,0.25,SL,Tv,0.25,7,1.27586,5
sinus,0.25,SL,Tv,0.25,10,1.16465,7
sinus,0.25,SL,Tv,0.25,13,1.10088,10
sinus,0.3,AP,T1,0.1,1,4.03553,1
sinus,0.3,AP,T1,0.1,3,2.88066,3
sinus,0.3,AP,T1,0.1,5,2.56039,5
sinus,0.3,AP,T1,0.1,7,2.39924,5
sinus,0.3,AP,T1,0.1,10,2.01239,10
sinus,0.3,AP,T1,0.1,13,1.72428,
sinus,0.3,AP,T1,0.15,1,4.03276,1
sinus,0.3,AP,T1,0.15,3,2.88084,3
sinus,0.3,AP,T1,0.15,5,2.56515,5
sinus,0.3,AP,T1,0.15,7,2.3941,5
sinus,0.3,AP,T1,0.15,10,2.23018,7
sinus,0.3,AP,T1,0.15,13,1.93396,13
sinus,0.3,AP,T1,0.2,1,4.04719,1
sinus,0.3,AP,T1,0.2,3,2.90767,3
sinus,0.3,AP,T1,0.2,5,2.55878,5
sinus,0.3,AP,T1,0.2,7,2.37163,5
sinus,0.3,AP,T1,0.2,10,2.21511,7
sinus,0.3,AP,T1,0.2,13,2.07,10
sinus,0.3,AP,T1,0.25,1,4.02098,1
sinus,0.3,AP,T1,0.25,3,2.87509,3
sinus,0.3,AP,T1,0.25,5,2.53748,5
sinus,0.3,AP,T1,0.25,7,2.32723,5
sinus,0.3,AP,T1,0.25,10,2.17053,7
sinus,0.3,AP,T1,0.25,13,2.07411,10
sinus,0.3,AP,T2,0.1,1,4.01415,1
sinus,0.3,AP,T2,0.1,3,2.82568,3
sinus,0.3,AP,T2,0.1,5,2.49472,5
sinus,0.3,AP,T2,0.1,7,2.32349,5
sinus,0.3,AP,T2,0.1,10,1.93642,10
sinus,0.3,AP,T2,0.1,13,1.67117,
sinus,0.3,AP,T2,0.15,1,4.01714,1
sinus,0.3,AP,T2,0.15,3,2.83081,3
sinus,0.3,AP,T2,0.15,5,2.51183,5
sinus,0.3,AP,T2,0.15,7,2.32669,5
sinus,0.3,AP,T2,0.15,10,2.14957,7
sinus,0.3,AP,T2,0.15,13,1.85453,13
sinus,0.3,AP,T2,0.2,1,4.02603,1
sinus,0.3,AP,T2,0.2,3,2.86206,3
sinus,0.3,AP,T2,0.2,5,2.50273,5
sinus,0.3,AP,T2,0.2,7,2.30342,5
sinus,0.3,AP,T2,0.2,10,2.13506,7
sinus,0.3,AP,T2,0.2,13,1.97612,10
sinus,0.3,AP,T2,0.25,1,3.99399,3
sinus,0.3,AP,T2,0.25,3,2.83566,3
sinus,0.3,AP,T2,0.25,5,2.47974,5
sinus,0.3,AP,T2,0.25,7,2.26098,5
sinus,0.3,AP,T2,0.25,10,2.08044,7
sinus,0.3,AP,T2,0.25,13,1.97525,10
sinus,0.3,AP,Tv,0.1,1,3.82648,1
sinus,0.3,AP,Tv,0.1,3,2.56539,3
sinus,0.3,AP,Tv,0.1,5,2.19729,5
sinus,0.3,AP,Tv,0.1,7,2.01182,5
sinus,0.3,AP,Tv,0.1,10,1.54292,10
sinus,0.3,AP,Tv,0.1,13,1.16127,
sinus,0.3,AP,Tv,0.15,1,3.8287,1
sinus,0.3,AP,Tv,0.15,3,2.5771,3
sinus,0.3,AP,Tv,0.15,5,2.22031,5
sinus,0.3,AP,Tv,0.15,7,2.02417,5
sinus,0.3,AP,Tv,0.15,10,1.82052,7
sinus,0.3,AP,Tv,0.15,13,1.44143,13
sinus,0.3,AP,Tv,0.2,1,3.82549,1
sinus,0.3,AP,Tv,0.2,3,2.60398,3
sinus,0.3,AP,Tv,0.2,5,2.21402,5
sinus,0.3,AP,Tv,0.2,7,1.99285,5
sinus,0.3,AP,Tv,0.2,10,1.79689,7
sinus,0.3,AP,Tv,0.2,13,1.62222,10
sinus,0.3,AP,Tv,0.25,1,3.8102,3
sinus,0.3,AP,Tv,0.25,3,2.57595,3
sinus,0.3,AP,Tv,0.25,5,2.18637,5
sinus,0.3,AP,Tv,0.25,7,1.94219,5
sinus,0.3,AP,Tv,0.25,10,1.7355,7
sinus,0.3,AP,Tv,0.25,13,1.60558,10
sinus,0.3,SL,T1,0.1,1,2.76604,1
sinus,0.3,SL,T1,0.1,3,1.98957,3
sinus,0.3,SL,T1,0.1,5,1.78123,5
sinus,0.3,SL,T1,0.1,7,1.66976,5
sinus,0.3,SL,T1,0.1,10,1.42358,10
sinus,0.3,SL,T1,0.1,13,1.26477,
sinus,0.3,SL,T1,0.15,1,2.778,1
sinus,0.3,SL,T1,0.15,3,2.00026,3
sinus,0.3,SL,T1,0.15,5,1.79071,5
sinus,0.3,SL,T1,0.15,7,1.68468,5
sinus,0.3,SL,T1,0.15,10,1.56408,7
sinus,0.3,SL,T1,0.15,13,1.37506,13
sinus,0.3,SL,T1,0.2,1,2.79737,1
sinus,0.3,SL,T1,0.2,3,2.00765,3
sinus,0.3,SL,T1,0.2,5,1.78981,5
sinus,0.3,SL,T1,0.2,7,1.68038,5
sinus,0.3,SL,T1,0.2,10,1.56377,7
sinus,0.3,SL,T1,0.2,13,1.46275,10
sinus,0.3,SL,T1,0.25,1,2.76784,1
sinus,0.3,SL,T1,0.25,3,2.01319,3
sinus,0.3,SL,T1,0.25,5,1.77762,5
sinus,0.3,SL,T1,0.25,7,1.6541,5
sinus,0.3,SL,T1,0.25,10,1.53237,7
sinus,0.3,SL,T1,0.25,13,1.46735,10
sinus,0.3,SL,T2,0.1,1,2.74934,1
sinus,0.3,SL,T2,0.1,3,1.97142,3
sinus,0.3,SL,T2,0.1,5,1.766,5
sinus,0.3,SL,T2,0.1,7,1.64735,5
sinus,0.3,SL,T2,0.1,10,1.38926,10
sinus,0.3,SL,T2,0.1,13,1.23108,
sinus,0.3,SL,T2,0.15,1,2.76535,1
sinus,0.3,SL,T2,0.15,3,1.98208,3
sinus,0.3,SL,T2,0.15,5,1.77676,5
sinus,0.3,SL,T2,0.15,7,1.66235,5
sinus,0.3,SL,T2,0.15,10,1.53624,7
sinus,0.3,SL,T2,0.15,13,1.33943,13
sinus,0.3,SL,T2,0.2,1,2.78162,1
sinus,0.3,SL,T2,0.2,3,1.9948,3
sinus,0.3,SL,T2,0.2,5,1.7708,5
sinus,0.3,SL,T2,0.2,7,1.66007,5
sinus,0.3,SL,T2,0.2,10,1.53538,7
sinus,0.3,SL,T2,0.2,13,1.42915,10
sinus,0.3,SL,T2,0.25,1,2.75471,1
sinus,0.3,SL,T2,0.25,3,1.99698,3
sinus,0.3,SL,T2,0.25,5,1.76083,5
sinus,0.3,SL,T2,0.25,7,1.62993,5
sinus,0.3,SL,T2,0.25,10,1.5059,7
sinus,0.3,SL,T2,0.25,13,1.42857,10
sinus,0.3,SL,Tv,0.1,1,2.638,1
sinus,0.3,SL,Tv,0.1,3,1.82568,3
sinus,0.3,SL,Tv,0.1,5,1.59163,5
sinus,0.3,SL,Tv,0.1,7,1.46772,5
sinus,0.3,SL,Tv,0.1,10,1.16185,10
sinus,0.3,SL,Tv,0.1,13,0.956322,
sinus,0.3,SL,Tv,0.15,1,2.65416,1
sinus,0.3,SL,Tv,0.15,3,1.83343,3
sinus,0.3,SL,Tv,0.15,5,1.60805,5
sinus,0.3,SL,Tv,0.15,7,1.4816,5
sinus,0.3,SL,Tv,0.15,10,1.34267,7
sinus,0.3,SL,Tv,0.15,13,1.10708,13
sinus,0.3,SL,Tv,0.2,1,2.66647,1
sinus,0.3,SL,Tv,0.2,3,1.846,3
sinus,0.3,SL,Tv,0.2,5,1.60183,5
sinus,0.3,SL,Tv,0.2,7,1.47821,5
sinus,0.3,SL,Tv,0.2,10,1.34516,7
sinus,0.3,SL,Tv,0.2,13,1.21894,10
sinus,0.3,SL,Tv,0.25,1,2.63823,1
sinus,0.3,SL,Tv,0.25,3,1.84087,3
sinus,0.3,SL,Tv,0.25,5,1.5858,5
sinus,0.3,SL,Tv,0.25,7,1.44083,5
sinus,0.3,SL,Tv,0.25,10,1.30974,7
sinus,0.3,SL,Tv,0.25,13,1.22014,10
