rhythm_state,p_beat_cv,W,p_N_beats,p_data_mode,axis,value,mcse,n
AF_rr0.1,0.05,0,1,prospective,AP,0,0,100000
AF_rr0.1,0.05,0,1,prospective,SL,0,0,100000
AF_rr0.1,0.05,0,1,retrospective,AP,0,0,100000
AF_rr0.1,0.05,0,1,retrospective,SL,0,0,100000
AF_rr0.1,0.05,0,3,prospective,AP,0,0,100000
AF_rr0.1,0.05,0,3,prospective,SL,0,0,100000
AF_rr0.1,0.05,0,3,retrospective,AP,0.22236,0.00131498,100000
AF_rr0.1,0.05,0,3,retrospective,SL,0.22236,0.00131498,100000
AF_rr0.1,0.05,0,5,prospective,AP,0,0,100000
AF_rr0.1,0.05,0,5,prospective,SL,0,0,100000
AF_rr0.1,0.05,0,5,retrospective,AP,0.62209,0.00153328,100000
AF_rr0.1,0.05,0,5,retrospective,SL,0.62209,0.00153328,100000
AF_rr0.1,0.05,0,7,prospective,AP,0,0,100000
AF_rr0.1,0.05,0,7,prospective,SL,0,0,100000
AF_rr0.1,0.05,0,7,retrospective,AP,0.88794,0.00099751,100000
AF_rr0.1,0.05,0,7,retrospective,SL,0.88794,0.00099751,100000
AF_rr0.1,0.05,0,10,prospective,AP,0,0,100000
AF_rr0.1,0.05,0,10,prospective,SL,0,0,100000
AF_rr0.1,0.05,0,10,retrospective,AP,0.99165,0.000287755,100000
AF_rr0.1,0.05,0,10,retrospective,SL,0.99165,0.000287755,100000
AF_rr0.1,0.05,0,13,prospective,AP,0,0,100000
AF_rr0.1,0.05,0,13,prospective,SL,0,0,100000
AF_rr0.1,0.05,0,13,retrospective,AP,0.9997,5.4764e-05,100000
AF_rr0.1,0.05,0,13,retrospective,SL,0.9997,5.4764e-05,100000
AF_rr0.1,0.05,0.1,1,prospective,AP,0,0,100000
AF_rr0.1,0.05,0.1,1,prospective,SL,0,0,100000
AF_rr0.1,0.05,0.1,1,retrospective,AP,0,0,100000
AF_rr0.1,0.05,0.1,1,retrospective,SL,0,0,100000
AF_rr0.1,0.05,0.1,3,prospective,AP,0,0,100000
AF_rr0.1,0.05,0.1,3,prospective,SL,0,0,100000
AF_rr0.1,0.05,0.1,3,retrospective,AP,0.41568,0.00155849,100000
AF_rr0.1,0.05,0.1,3,retrospective,SL,0.52114,0.00157972,100000
AF_rr0.1,0.05,0.1,5,prospective,AP,3e-05,1.73202e-05,100000
AF_rr0.1,0.05,0.1,5,prospective,SL,0.00115,0.000107176,100000
AF_rr0.1,0.05,0.1,5,retrospective,AP,0.85544,0.00111204,100000
AF_rr0.1,0.05,0.1,5,retrospective,SL,0.91505,0.000881666,100000
AF_rr0.1,0.05,0.1,7,prospective,AP,0.00055,7.41416e-05,100000
AF_rr0.1,0.05,0.1,7,prospective,SL,0.01119,0.000332638,100000
AF_rr0.1,0.05,0.1,7,retrospective,AP,0.97987,0.000444126,100000
AF_rr0.1,0.05,0.1,7,retrospective,SL,0.99141,0.000291825,100000
AF_rr0.1,0.05,0.1,10,prospective,AP,0.01117,0.000332344,100000
AF_rr0.1,0.05,0.1,10,prospective,SL,0.0896,0.000903171,100000
AF_rr0.1,0.05,0.1,10,retrospective,AP,0.99945,7.41416e-05,100000
AF_rr0.1,0.05,0.1,10,retrospective,SL,0.99984,3.99968e-05,100000
AF_rr0.1,0.05,0.1,13,prospective,AP,0.07414,0.000828512,100000
AF_rr0.1,0.05,0.1,13,prospective,SL,0.29835,0.00144685,100000
AF_rr0.1,0.05,0.1,13,retrospective,AP,1,0,100000
AF_rr0.1,0.05,0.1,13,retrospective,SL,1,0,100000
AF_rr0.1,0.05,0.15,1,prospective,AP,0,0,100000
AF_rr0.1,0.05,0.15,1,prospective,SL,0,0,100000
AF_rr0.1,0.05,0.15,1,retrospective,AP,0,0,100000
AF_rr0.1,0.05,0.15,1,retrospective,SL,0,0,100000
AF_rr0.1,0.05,0.15,3,prospective,AP,0,0,100000
AF_rr0.1,0.05,0.15,3,prospective,SL,0,0,100000
AF_rr0.1,0.05,0.15,3,retrospective,AP,0.31917,0.00147411,100000
AF_rr0.1,0.05,0.15,3,retrospective,SL,0.40657,0.00155329,100000
AF_rr0.1,0.05,0.15,5,prospective,AP,0,0,100000
AF_rr0.1,0.05,0.15,5,prospective,SL,0.00019,4.35848e-05,100000
AF_rr0.1,0.05,0.15,5,retrospective,AP,0.757,0.00135629,100000
AF_rr0.1,0.05,0.15,5,retrospective,SL,0.83483,0.00117426,100000
AF_rr0.1,0.05,0.15,7,prospective,AP,6e-05,2.44942e-05,100000
AF_rr0.1,0.05,0.15,7,prospective,SL,0.0023,0.000151483,100000
AF_rr0.1,0.05,0.15,7,retrospective,AP,0.95108,0.000682106,100000
AF_rr0.1,0.05,0.15,7,retrospective,SL,0.97435,0.000499921,100000
AF_rr0.1,0.05,0.15,10,prospective,AP,0.00133,0.000115249,100000
AF_rr0.1,0.05,0.15,10,prospective,SL,0.02016,0.00044445,100000
AF_rr0.1,0.05,0.15,10,retrospective,AP,0.9982,0.000134043,100000
AF_rr0.1,0.05,0.15,10,retrospective,SL,0.99918,9.05167e-05,100000
AF_rr0.1,0.05,0.15,13,prospective,AP,0.0102,0.000317741,100000
AF_rr0.1,0.05,0.15,13,prospective,SL,0.08683,0.000890452,100000
AF_rr0.1,0.05,0.15,13,retrospective,AP,0.99994,2.44942e-05,100000
AF_rr0.1,0.05,0.15,13,retrospective,SL,0.99999,9.99995e-06,100000
AF_rr0.1,0.05,0.2,1,prospective,AP,0,0,100000
AF_rr0.1,0.05,0.2,1,prospective,SL,0,0,100000
AF_rr0.1,0.05,0.2,1,retrospective,AP,0,0,100000
AF_rr0.1,0.05,0.2,1,retrospective,SL,0,0,100000
AF_rr0.1,0.05,0.2,3,prospective,AP,0,0,100000
AF_rr0.1,0.05,0.2,3,prospective,SL,0,0,100000
AF_rr0.1,0.05,0.2,3,retrospective,AP,0.27158,0.0014065,100000
AF_rr0.1,0.05,0.2,3,retrospective,SL,0.33722,0.001495,100000
AF_rr0.1,0.05,0.2,5,prospective,AP,0,0,100000
AF_rr0.1,0.05,0.2,5,prospective,SL,5e-05,2.23601e-05,100000
AF_rr0.1,0.05,0.2,5,retrospective,AP,0.69372,0.00145764,100000
AF_rr0.1,0.05,0.2,5,retrospective,SL,0.76995,0.00133089,100000
AF_rr0.1,0.05,0.2,7,prospective,AP,4e-05,1.99996e-05,100000
AF_rr0.1,0.05,0.2,7,prospective,SL,0.0009,9.48256e-05,100000
AF_rr0.1,0.05,0.2,7,retrospective,AP,0.92559,0.000829898,100000
AF_rr0.1,0.05,0.2,7,retrospective,SL,0.95288,0.000670072,100000
AF_rr0.1,0.05,0.2,10,prospective,AP,0.00037,6.08164e-05,100000
AF_rr0.1,0.05,0.2,10,prospective,SL,0.00667,0.000257401,100000
AF_rr0.1,0.05,0.2,10,retrospective,AP,0.99587,0.000202804,100000
AF_rr0.1,0.05,0.2,10,retrospective,SL,0.99777,0.000149165,100000
AF_rr0.1,0.05,0.2,13,prospective,AP,0.00201,0.000141632,100000
AF_rr0.1,0.05,0.2,13,prospective,SL,0.03141,0.000551574,100000
AF_rr0.1,0.05,0.2,13,retrospective,AP,0.99983,4.12276e-05,100000
AF_rr0.1,0.05,0.2,13,retrospective,SL,0.9999,3.16212e-05,100000
AF_rr0.1,0.05,0.25,1,prospective,AP,0,0,100000
AF_rr0.1,0.05,0.25,1,prospective,SL,0,0,100000
AF_rr0.1,0.05,0.25,1,retrospective,AP,0,0,100000
AF_rr0.1,0.05,0.25,1,retrospective,SL,0,0,100000
AF_rr0.1,0.05,0.25,3,prospective,AP,0,0,100000
AF_rr0.1,0.05,0.25,3,prospective,SL,0,0,100000
AF_rr0.1,0.05,0.25,3,retrospective,AP,0.24669,0.00136321,100000
AF_rr0.1,0.05,0.25,3,retrospective,SL,0.29632,0.001444,100000
AF_rr0.1,0.05,0.25,5,prospective,AP,0,0,100000
AF_rr0.1,0.05,0.25,5,prospective,SL,1e-05,9.99995e-06,100000
AF_rr0.1,0.05,0.25,5,retrospective,AP,0.66206,0.00149578,100000
AF_rr0.1,0.05,0.25,5,retrospective,SL,0.72324,0.00141479,100000
AF_rr0.1,0.05,0.25,7,prospective,AP,1e-05,9.99995e-06,100000
AF_rr0.1,0.05,0.25,7,prospective,SL,0.00033,5.74361e-05,100000
AF_rr0.1,0.05,0.25,7,retrospective,AP,0.90859,0.000911341,100000
AF_rr0.1,0.05,0.25,7,retrospective,SL,0.9344,0.000782922,100000
AF_rr0.1,0.05,0.25,10,prospective,AP,0.0002,4.47169e-05,100000
AF_rr0.1,0.05,0.25,10,prospective,SL,0.00334,0.000182451,100000
AF_rr0.1,0.05,0.25,10,retrospective,AP,0.99411,0.000241977,100000
AF_rr0.1,0.05,0.25,10,retrospective,SL,0.99656,0.000185153,100000
AF_rr0.1,0.05,0.25,13,prospective,AP,0.00078,8.82832e-05,100000
AF_rr0.1,0.05,0.25,13,prospective,SL,0.01345,0.000364268,100000
AF_rr0.1,0.05,0.25,13,retrospective,AP,0.99988,3.46389e-05,100000
AF_rr0.1,0.05,0.25,13,retrospective,SL,0.99993,2.64566e-05,100000
AF_rr0.1,0.1,0,1,prospective,AP,0,0,100000
AF_rr0.1,0.1,0,1,prospective,SL,0,0,100000
AF_rr0.1,0.1,0,1,retrospective,AP,0,0,100000
AF_rr0.1,0.1,0,1,retrospective,SL,0,0,100000
AF_rr0.1,0.1,0,3,prospective,AP,0,0,100000
AF_rr0.1,0.1,0,3,prospective,SL,0,0,100000
AF_rr0.1,0.1,0,3,retrospective,AP,0.22384,0.00131809,100000
AF_rr0.1,0.1,0,3,retrospective,SL,0.22384,0.00131809,100000
AF_rr0.1,0.1,0,5,prospective,AP,0,0,100000
AF_rr0.1,0.1,0,5,prospective,SL,0,0,100000
AF_rr0.1,0.1,0,5,retrospective,AP,0.62173,0.00153356,100000
AF_rr0.1,0.1,0,5,retrospective,SL,0.62173,0.00153356,100000
AF_rr0.1,0.1,0,7,prospective,AP,0,0,100000
AF_rr0.1,0.1,0,7,prospective,SL,0,0,100000
AF_rr0.1,0.1,0,7,retrospective,AP,0.88971,0.000990586,100000
AF_rr0.1,0.1,0,7,retrospective,SL,0.88971,0.000990586,100000
AF_rr0.1,0.1,0,10,prospective,AP,0,0,100000
AF_rr0.1,0.1,0,10,prospective,SL,0,0,100000
AF_rr0.1,0.1,0,10,retrospective,AP,0.99145,0.000291151,100000
AF_rr0.1,0.1,0,10,retrospective,SL,0.99145,0.000291151,100000
AF_rr0.1,0.1,0,13,prospective,AP,0,0,100000
AF_rr0.1,0.1,0,13,prospective,SL,0,0,100000
AF_rr0.1,0.1,0,13,retrospective,AP,0.99972,5.29076e-05,100000
AF_rr0.1,0.1,0,13,retrospective,SL,0.99972,5.29076e-05,100000
AF_rr0.1,0.1,0.1,1,prospective,AP,0,0,100000
AF_rr0.1,0.1,0.1,1,prospective,SL,0,0,100000
AF_rr0.1,0.1,0.1,1,retrospective,AP,0,0,100000
AF_rr0.1,0.1,0.1,1,retrospective,SL,0,0,100000
AF_rr0.1,0.1,0.1,3,prospective,AP,0,0,100000
AF_rr0.1,0.1,0.1,3,prospective,SL,1e-05,9.99995e-06,100000
AF_rr0.1,0.1,0.1,3,retrospective,AP,0.47452,0.00157908,100000
AF_rr0.1,0.1,0.1,3,retrospective,SL,0.56104,0.00156931,100000
AF_rr0.1,0.1,0.1,5,prospective,AP,5e-05,2.23601e-05,100000
AF_rr0.1,0.1,0.1,5,prospective,SL,0.00103,0.000101437,100000
AF_rr0.1,0.1,0.1,5,retrospective,AP,0.9004,0.000946994,100000
AF_rr0.1,0.1,0.1,5,retrospective,SL,0.93715,0.000767463,100000
AF_rr0.1,0.1,0.1,7,prospective,AP,0.00065,8.05964e-05,100000
AF_rr0.1,0.1,0.1,7,prospective,SL,0.01134,0.000334834,100000
AF_rr0.1,0.1,0.1,7,retrospective,AP,0.99007,0.000313551,100000
AF_rr0.1,0.1,0.1,7,retrospective,SL,0.99504,0.000222158,100000
AF_rr0.1,0.1,0.1,10,prospective,AP,0.01606,0.000397518,100000
AF_rr0.1,0.1,0.1,10,prospective,SL,0.10734,0.000978867,100000
AF_rr0.1,0.1,0.1,10,retrospective,AP,0.99995,2.23601e-05,100000
AF_rr0.1,0.1,0.1,10,retrospective,SL,0.99996,1.99996e-05,100000
AF_rr0.1,0.1,0.1,13,prospective,AP,0.12508,0.00104611,100000
AF_rr0.1,0.1,0.1,13,prospective,SL,0.37044,0.00152714,100000
AF_rr0.1,0.1,0.1,13,retrospective,AP,1,0,100000
AF_rr0.1,0.1,0.1,13,retrospective,SL,1,0,100000
AF_rr0.1,0.1,0.15,1,prospective,AP,0,0,100000
AF_rr0.1,0.1,0.15,1,prospective,SL,0,0,100000
AF_rr0.1,0.1,0.15,1,retrospective,AP,0,0,100000
AF_rr0.1,0.1,0.15,1,retrospective,SL,0,0,100000
AF_rr0.1,0.1,0.15,3,prospective,AP,0,0,100000
AF_rr0.1,0.1,0.15,3,prospective,SL,0,0,100000
AF_rr0.1,0.1,0.15,3,retrospective,AP,0.35822,0.00151624,100000
AF_rr0.1,0.1,0.15,3,retrospective,SL,0.43311,0.00156693,100000
AF_rr0.1,0.1,0.15,5,prospective,AP,1e-05,9.99995e-06,100000
AF_rr0.1,0.1,0.15,5,prospective,SL,0.00029,5.38438e-05,100000
AF_rr0.1,0.1,0.15,5,retrospective,AP,0.80614,0.00125011,100000
AF_rr0.1,0.1,0.15,5,retrospective,SL,0.86505,0.00108046,100000
AF_rr0.1,0.1,0.15,7,prospective,AP,8e-05,2.82831e-05,100000
AF_rr0.1,0.1,0.15,7,prospective,SL,0.00255,0.000159483,100000
AF_rr0.1,0.1,0.15,7,retrospective,AP,0.96799,0.000556645,100000
AF_rr0.1,0.1,0.15,7,retrospective,SL,0.98187,0.000421916,100000
AF_rr0.1,0.1,0.15,10,prospective,AP,0.00163,0.000127567,100000
AF_rr0.1,0.1,0.15,10,prospective,SL,0.0233,0.000477044,100000
AF_rr0.1,0.1,0.15,10,retrospective,AP,0.9992,8.94069e-05,100000
AF_rr0.1,0.1,0.15,10,retrospective,SL,0.99959,6.40181e-05,100000
AF_rr0.1,0.1,0.15,13,prospective,AP,0.01442,0.000376989,100000
AF_rr0.1,0.1,0.15,13,prospective,SL,0.10504,0.00096957,100000
AF_rr0.1,0.1,0.15,13,retrospective,AP,1,0,100000
AF_rr0.1,0.1,0.15,13,retrospective,SL,0.99998,1.4142e-05,100000
AF_rr0.1,0.1,0.2,1,prospective,AP,0,0,100000
AF_rr0.1,0.1,0.2,1,prospective,SL,0,0,100000
AF_rr0.1,0.1,0.2,1,retrospective,AP,0,0,100000
AF_rr0.1,0.1,0.2,1,retrospective,SL,0,0,100000
AF_rr0.1,0.1,0.2,3,prospective,AP,0,0,100000
AF_rr0.1,0.1,0.2,3,prospective,SL,0,0,100000
AF_rr0.1,0.1,0.2,3,retrospective,AP,0.29365,0.00144021,100000
AF_rr0.1,0.1,0.2,3,retrospective,SL,0.35822,0.00151624,100000
AF_rr0.1,0.1,0.2,5,prospective,AP,0,0,100000
AF_rr0.1,0.1,0.2,5,prospective,SL,7e-05,2.64566e-05,100000
AF_rr0.1,0.1,0.2,5,retrospective,AP,0.73191,0.00140078,100000
AF_rr0.1,0.1,0.2,5,retrospective,SL,0.79569,0.00127502,100000
AF_rr0.1,0.1,0.2,7,prospective,AP,1e-05,9.99995e-06,100000
AF_rr0.1,0.1,0.2,7,prospective,SL,0.00085,9.21563e-05,100000
AF_rr0.1,0.1,0.2,7,retrospective,AP,0.94215,0.000738264,100000
AF_rr0.1,0.1,0.2,7,retrospective,SL,0.96345,0.000593415,100000
AF_rr0.1,0.1,0.2,10,prospective,AP,0.00049,6.99828e-05,100000
AF_rr0.1,0.1,0.2,10,prospective,SL,0.00784,0.0002789,100000
AF_rr0.1,0.1,0.2,10,retrospective,AP,0.99755,0.000156333,100000
AF_rr0.1,0.1,0.2,10,retrospective,SL,0.99884,0.000107641,100000
AF_rr0.1,0.1,0.2,13,prospective,AP,0.00285,0.000168579,100000
AF_rr0.1,0.1,0.2,13,prospective,SL,0.03641,0.00059232,100000
AF_rr0.1,0.1,0.2,13,retrospective,AP,0.99994,2.44942e-05,100000
AF_rr0.1,0.1,0.2,13,retrospective,SL,0.99995,2.23601e-05,100000
AF_rr0.1,0.1,0.25,1,prospective,AP,0,0,100000
AF_rr0.1,0.1,0.25,1,prospective,SL,0,0,100000
AF_rr0.1,0.1,0.25,1,retrospective,AP,0,0,100000
AF_rr0.1,0.1,0.25,1,retrospective,SL,0,0,100000
AF_rr0.1,0.1,0.25,3,prospective,AP,0,0,100000
AF_rr0.1,0.1,0.25,3,prospective,SL,0,0,100000
AF_rr0.1,0.1,0.25,3,retrospective,AP,0.26106,0.00138891,100000
AF_rr0.1,0.1,0.25,3,retrospective,SL,0.31233,0.00146554,100000
AF_rr0.1,0.1,0.25,5,prospective,AP,0,0,100000
AF_rr0.1,0.1,0.25,5,prospective,SL,1e-05,9.99995e-06,100000
AF_rr0.1,0.1,0.25,5,retrospective,AP,0.68505,0.00146887,100000
AF_rr0.1,0.1,0.25,5,retrospective,SL,0.74468,0.00137888,100000
AF_rr0.1,0.1,0.25,7,prospective,AP,0,0,100000
AF_rr0.1,0.1,0.25,7,prospective,SL,0.00033,5.74361e-05,100000
AF_rr0.1,0.1,0.25,7,retrospective,AP,0.92171,0.000849474,100000
AF_rr0.1,0.1,0.25,7,retrospective,SL,0.94463,0.000723216,100000
AF_rr0.1,0.1,0.25,10,prospective,AP,0.0001,3.16212e-05,100000
AF_rr0.1,0.1,0.25,10,prospective,SL,0.00323,0.000179432,100000
AF_rr0.1,0.1,0.25,10,retrospective,AP,0.99562,0.000208826,100000
AF_rr0.1,0.1,0.25,10,retrospective,SL,0.99754,0.000156651,100000
AF_rr0.1,0.1,0.25,13,prospective,AP,0.00086,9.26963e-05,100000
AF_rr0.1,0.1,0.25,13,prospective,SL,0.01462,0.000379556,100000
AF_rr0.1,0.1,0.25,13,retrospective,AP,0.99992,2.82831e-05,100000
AF_rr0.1,0.1,0.25,13,retrospective,SL,0.99995,2.23601e-05,100000
AF_rr0.1,0.15,0,1,prospective,AP,0,0,100000
AF_rr0.1,0.15,0,1,prospective,SL,0,0,100000
AF_rr0.1,0.15,0,1,retrospective,AP,0,0,100000
AF_rr0.1,0.15,0,1,retrospective,SL,0,0,100000
AF_rr0.1,0.15,0,3,prospective,AP,0,0,100000
AF_rr0.1,0.15,0,3,prospective,SL,0,0,100000
AF_rr0.1,0.15,0,3,retrospective,AP,0.22472,0.00131993,100000
AF_rr0.1,0.15,0,3,retrospective,SL,0.22472,0.00131993,100000
AF_rr0.1,0.15,0,5,prospective,AP,0,0,100000
AF_rr0.1,0.15,0,5,prospective,SL,0,0,100000
AF_rr0.1,0.15,0,5,retrospective,AP,0.62004,0.0015349,100000
AF_rr0.1,0.15,0,5,retrospective,SL,0.62004,0.0015349,100000
AF_rr0.1,0.15,0,7,prospective,AP,0,0,100000
AF_rr0.1,0.15,0,7,prospective,SL,0,0,100000
AF_rr0.1,0.15,0,7,retrospective,AP,0.88762,0.000998753,100000
AF_rr0.1,0.15,0,7,retrospective,SL,0.88762,0.000998753,100000
AF_rr0.1,0.15,0,10,prospective,AP,0,0,100000
AF_rr0.1,0.15,0,10,prospective,SL,0,0,100000
AF_rr0.1,0.15,0,10,retrospective,AP,0.99102,0.000298318,100000
AF_rr0.1,0.15,0,10,retrospective,SL,0.99102,0.000298318,100000
AF_rr0.1,0.15,0,13,prospective,AP,0,0,100000
AF_rr0.1,0.15,0,13,prospective,SL,0,0,100000
AF_rr0.1,0.15,0,13,retrospective,AP,0.99975,4.99937e-05,100000
AF_rr0.1,0.15,0,13,retrospective,SL,0.99975,4.99937e-05,100000
AF_rr0.1,0.15,0.1,1,prospective,AP,0,0,100000
AF_rr0.1,0.15,0.1,1,prospective,SL,0,0,100000
AF_rr0.1,0.15,0.1,1,retrospective,AP,0,0,100000
AF_rr0.1,0.15,0.1,1,retrospective,SL,0,0,100000
AF_rr0.1,0.15,0.1,3,prospective,AP,0,0,100000
AF_rr0.1,0.15,0.1,3,prospective,SL,0,0,100000
AF_rr0.1,0.15,0.1,3,retrospective,AP,0.53838,0.00157647,100000
AF_rr0.1,0.15,0.1,3,retrospective,SL,0.60316,0.00154712,100000
AF_rr0.1,0.15,0.1,5,prospective,AP,5e-05,2.23601e-05,100000
AF_rr0.1,0.15,0.1,5,prospective,SL,0.00117,0.000108103,100000
AF_rr0.1,0.15,0.1,5,retrospective,AP,0.93574,0.00077544,100000
AF_rr0.1,0.15,0.1,5,retrospective,SL,0.95575,0.000650323,100000
AF_rr0.1,0.15,0.1,7,prospective,AP,0.00091,9.53505e-05,100000
AF_rr0.1,0.15,0.1,7,prospective,SL,0.01375,0.000368252,100000
AF_rr0.1,0.15,0.1,7,retrospective,AP,0.99609,0.00019735,100000
AF_rr0.1,0.15,0.1,7,retrospective,SL,0.99763,0.000153766,100000
AF_rr0.1,0.15,0.1,10,prospective,AP,0.03149,0.000552253,100000
AF_rr0.1,0.15,0.1,10,prospective,SL,0.14854,0.00112461,100000
AF_rr0.1,0.15,0.1,10,retrospective,AP,0.99997,1.73202e-05,100000
AF_rr0.1,0.15,0.1,10,retrospective,SL,0.99999,9.99995e-06,100000
AF_rr0.1,0.15,0.1,13,prospective,AP,0.2806,0.00142079,100000
AF_rr0.1,0.15,0.1,13,prospective,SL,0.51947,0.00157994,100000
AF_rr0.1,0.15,0.1,13,retrospective,AP,1,0,100000
AF_rr0.1,0.15,0.1,13,retrospective,SL,1,0,100000
AF_rr0.1,0.15,0.15,1,prospective,AP,0,0,100000
AF_rr0.1,0.15,0.15,1,prospective,SL,0,0,100000
AF_rr0.1,0.15,0.15,1,retrospective,AP,0,0,100000
AF_rr0.1,0.15,0.15,1,retrospective,SL,0,0,100000
AF_rr0.1,0.15,0.15,3,prospective,AP,0,0,100000
AF_rr0.1,0.15,0.15,3,prospective,SL,0,0,100000
AF_rr0.1,0.15,0.15,3,retrospective,AP,0.41193,0.00155642,100000
AF_rr0.1,0.15,0.15,3,retrospective,SL,0.47301,0.00157883,100000
AF_rr0.1,0.15,0.15,5,prospective,AP,0,0,100000
AF_rr0.1,0.15,0.15,5,prospective,SL,0.00018,4.24226e-05,100000
AF_rr0.1,0.15,0.15,5,retrospective,AP,0.85664,0.00110819,100000
AF_rr0.1,0.15,0.15,5,retrospective,SL,0.89466,0.000970791,100000
AF_rr0.1,0.15,0.15,7,prospective,AP,6e-05,2.44942e-05,100000
AF_rr0.1,0.15,0.15,7,prospective,SL,0.00288,0.000169461,100000
AF_rr0.1,0.15,0.15,7,retrospective,AP,0.98212,0.00041905,100000
AF_rr0.1,0.15,0.15,7,retrospective,SL,0.98888,0.000331607,100000
AF_rr0.1,0.15,0.15,10,prospective,AP,0.00272,0.0001647,100000
AF_rr0.1,0.15,0.15,10,prospective,SL,0.02871,0.000528069,100000
AF_rr0.1,0.15,0.15,10,retrospective,AP,0.99961,6.24378e-05,100000
AF_rr0.1,0.15,0.15,10,retrospective,SL,0.99977,4.79528e-05,100000
AF_rr0.1,0.15,0.15,13,prospective,AP,0.02828,0.000524216,100000
AF_rr0.1,0.15,0.15,13,prospective,SL,0.14274,0.00110619,100000
AF_rr0.1,0.15,0.15,13,retrospective,AP,1,0,100000
AF_rr0.1,0.15,0.15,13,retrospective,SL,1,0,100000
AF_rr0.1,0.15,0.2,1,prospective,AP,0,0,100000
AF_rr0.1,0.15,0.2,1,prospective,SL,0,0,100000
AF_rr0.1,0.15,0.2,1,retrospective,AP,0,0,100000
AF_rr0.1,0.15,0.2,1,retrospective,SL,0,0,100000
AF_rr0.1,0.15,0.2,3,prospective,AP,0,0,100000
AF_rr0.1,0.15,0.2,3,prospective,SL,0,0,100000
AF_rr0.1,0.15,0.2,3,retrospective,AP,0.33779,0.00149562,100000
AF_rr0.1,0.15,0.2,3,retrospective,SL,0.3943,0.0015454,100000
AF_rr0.1,0.15,0.2,5,prospective,AP,1e-05,9.99995e-06,100000
AF_rr0.1,0.15,0.2,5,prospective,SL,5e-05,2.23601e-05,100000
AF_rr0.1,0.15,0.2,5,retrospective,AP,0.78395,0.00130143,100000
AF_rr0.1,0.15,0.2,5,retrospective,SL,0.83198,0.00118233,100000
AF_rr0.1,0.15,0.2,7,prospective,AP,2e-05,1.4142e-05,100000
AF_rr0.1,0.15,0.2,7,prospective,SL,0.00097,9.84408e-05,100000
AF_rr0.1,0.15,0.2,7,retrospective,AP,0.9611,0.000611447,100000
AF_rr0.1,0.15,0.2,7,retrospective,SL,0.97432,0.000500205,100000
AF_rr0.1,0.15,0.2,10,prospective,AP,0.00055,7.41416e-05,100000
AF_rr0.1,0.15,0.2,10,prospective,SL,0.00905,0.000299468,100000
AF_rr0.1,0.15,0.2,10,retrospective,AP,0.99897,0.000101437,100000
AF_rr0.1,0.15,0.2,10,retrospective,SL,0.99934,8.12136e-05,100000
AF_rr0.1,0.15,0.2,13,prospective,AP,0.00463,0.000214676,100000
AF_rr0.1,0.15,0.2,13,prospective,SL,0.04445,0.000651722,100000
AF_rr0.1,0.15,0.2,13,retrospective,AP,0.99997,1.73202e-05,100000
AF_rr0.1,0.15,0.2,13,retrospective,SL,0.99999,9.99995e-06,100000
AF_rr0.1,0.15,0.25,1,prospective,AP,0,0,100000
AF_rr0.1,0.15,0.25,1,prospective,SL,0,0,100000
AF_rr0.1,0.15,0.25,1,retrospective,AP,0,0,100000
AF_rr0.1,0.15,0.25,1,retrospective,SL,0,0,100000
AF_rr0.1,0.15,0.25,3,prospective,AP,0,0,100000
AF_rr0.1,0.15,0.25,3,prospective,SL,0,0,100000
AF_rr0.1,0.15,0.25,3,retrospective,AP,0.28793,0.00143187,100000
AF_rr0.1,0.15,0.25,3,retrospective,SL,0.3352,0.00149279,100000
AF_rr0.1,0.15,0.25,5,prospective,AP,0,0,100000
AF_rr0.1,0.15,0.25,5,prospective,SL,0,0,100000
AF_rr0.1,0.15,0.25,5,retrospective,AP,0.72551,0.00141119,100000
AF_rr0.1,0.15,0.25,5,retrospective,SL,0.77821,0.00131377,100000
AF_rr0.1,0.15,0.25,7,prospective,AP,1e-05,9.99995e-06,100000
AF_rr0.1,0.15,0.25,7,prospective,SL,0.00046,6.78077e-05,100000
AF_rr0.1,0.15,0.25,7,retrospective,AP,0.94033,0.000749063,100000
AF_rr0.1,0.15,0.25,7,retrospective,SL,0.95674,0.00064334,100000
AF_rr0.1,0.15,0.25,10,prospective,AP,0.00012,3.46389e-05,100000
AF_rr0.1,0.15,0.25,10,prospective,SL,0.0035,0.000186755,100000
AF_rr0.1,0.15,0.25,10,retrospective,AP,0.99711,0.000169754,100000
AF_rr0.1,0.15,0.25,10,retrospective,SL,0.99831,0.00012989,100000
AF_rr0.1,0.15,0.25,13,prospective,AP,0.00136,0.00011654,100000
AF_rr0.1,0.15,0.25,13,prospective,SL,0.0182,0.000422715,100000
AF_rr0.1,0.15,0.25,13,retrospective,AP,0.99989,3.31644e-05,100000
AF_rr0.1,0.15,0.25,13,retrospective,SL,0.99998,1.4142e-05,100000
AF_rr0.1,0.2,0,1,prospective,AP,0,0,100000
AF_rr0.1,0.2,0,1,prospective,SL,0,0,100000
AF_rr0.1,0.2,0,1,retrospective,AP,0,0,100000
AF_rr0.1,0.2,0,1,retrospective,SL,0,0,100000
AF_rr0.1,0.2,0,3,prospective,AP,0,0,100000
AF_rr0.1,0.2,0,3,prospective,SL,0,0,100000
AF_rr0.1,0.2,0,3,retrospective,AP,0.22543,0.00132141,100000
AF_rr0.1,0.2,0,3,retrospective,SL,0.22543,0.00132141,100000
AF_rr0.1,0.2,0,5,prospective,AP,0,0,100000
AF_rr0.1,0.2,0,5,prospective,SL,0,0,100000
AF_rr0.1,0.2,0,5,retrospective,AP,0.62054,0.0015345,100000
AF_rr0.1,0.2,0,5,retrospective,SL,0.62054,0.0015345,100000
AF_rr0.1,0.2,0,7,prospective,AP,0,0,100000
AF_rr0.1,0.2,0,7,prospective,SL,0,0,100000
AF_rr0.1,0.2,0,7,retrospective,AP,0.8855,0.00100692,100000
AF_rr0.1,0.2,0,7,retrospective,SL,0.8855,0.00100692,100000
AF_rr0.1,0.2,0,10,prospective,AP,0,0,100000
AF_rr0.1,0.2,0,10,prospective,SL,0,0,100000
AF_rr0.1,0.2,0,10,retrospective,AP,0.99167,0.000287413,100000
AF_rr0.1,0.2,0,10,retrospective,SL,0.99167,0.000287413,100000
AF_rr0.1,0.2,0,13,prospective,AP,0,0,100000
AF_rr0.1,0.2,0,13,prospective,SL,0,0,100000
AF_rr0.1,0.2,0,13,retrospective,AP,0.99976,4.89839e-05,100000
AF_rr0.1,0.2,0,13,retrospective,SL,0.99976,4.89839e-05,100000
AF_rr0.1,0.2,0.1,1,prospective,AP,0,0,100000
AF_rr0.1,0.2,0.1,1,prospective,SL,0,0,100000
AF_rr0.1,0.2,0.1,1,retrospective,AP,0,0,100000
AF_rr0.1,0.2,0.1,1,retrospective,SL,0,0,100000
AF_rr0.1,0.2,0.1,3,prospective,AP,0,0,100000
AF_rr0.1,0.2,0.1,3,prospective,SL,1e-05,9.99995e-06,100000
AF_rr0.1,0.2,0.1,3,retrospective,AP,0.60165,0.00154812,100000
AF_rr0.1,0.2,0.1,3,retrospective,SL,0.6483,0.00150999,100000
AF_rr0.1,0.2,0.1,5,prospective,AP,6e-05,2.44942e-05,100000
AF_rr0.1,0.2,0.1,5,prospective,SL,0.00114,0.00010671,100000
AF_rr0.1,0.2,0.1,5,retrospective,AP,0.95966,0.000622195,100000
AF_rr0.1,0.2,0.1,5,retrospective,SL,0.97055,0.000534628,100000
AF_rr0.1,0.2,0.1,7,prospective,AP,0.00168,0.000129506,100000
AF_rr0.1,0.2,0.1,7,prospective,SL,0.0178,0.000418129,100000
AF_rr0.1,0.2,0.1,7,retrospective,AP,0.99787,0.00014579,100000
AF_rr0.1,0.2,0.1,7,retrospective,SL,0.99872,0.000113065,100000
AF_rr0.1,0.2,0.1,10,prospective,AP,0.08397,0.000877035,100000
AF_rr0.1,0.2,0.1,10,prospective,SL,0.22442,0.0013193,100000
AF_rr0.1,0.2,0.1,10,retrospective,AP,1,0,100000
AF_rr0.1,0.2,0.1,10,retrospective,SL,1,0,100000
AF_rr0.1,0.2,0.1,13,prospective,AP,0.55757,0.00157062,100000
AF_rr0.1,0.2,0.1,13,prospective,SL,0.70473,0.00144252,100000
AF_rr0.1,0.2,0.1,13,retrospective,AP,1,0,100000
AF_rr0.1,0.2,0.1,13,retrospective,SL,1,0,100000
AF_rr0.1,0.2,0.15,1,prospective,AP,0,0,100000
AF_rr0.1,0.2,0.15,1,prospective,SL,0,0,100000
AF_rr0.1,0.2,0.15,1,retrospective,AP,0,0,100000
AF_rr0.1,0.2,0.15,1,retrospective,SL,0,0,100000
AF_rr0.1,0.2,0.15,3,prospective,AP,0,0,100000
AF_rr0.1,0.2,0.15,3,prospective,SL,0,0,100000
AF_rr0.1,0.2,0.15,3,retrospective,AP,0.46672,0.00157763,100000
AF_rr0.1,0.2,0.15,3,retrospective,SL,0.51861,0.00158004,100000
AF_rr0.1,0.2,0.15,5,prospective,AP,1e-05,9.99995e-06,100000
AF_rr0.1,0.2,0.15,5,prospective,SL,0.00021,4.58209e-05,100000
AF_rr0.1,0.2,0.15,5,retrospective,AP,0.89926,0.000951795,100000
AF_rr0.1,0.2,0.15,5,retrospective,SL,0.92069,0.000854517,100000
AF_rr0.1,0.2,0.15,7,prospective,AP,0.00016,3.99968e-05,100000
AF_rr0.1,0.2,0.15,7,prospective,SL,0.00302,0.000173519,100000
AF_rr0.1,0.2,0.15,7,retrospective,AP,0.99093,0.000299796,100000
AF_rr0.1,0.2,0.15,7,retrospective,SL,0.99388,0.000246628,100000
AF_rr0.1,0.2,0.15,10,prospective,AP,0.00487,0.000220143,100000
AF_rr0.1,0.2,0.15,10,prospective,SL,0.0394,0.000615204,100000
AF_rr0.1,0.2,0.15,10,retrospective,AP,0.99992,2.82831e-05,100000
AF_rr0.1,0.2,0.15,10,retrospective,SL,0.99989,3.31644e-05,100000
AF_rr0.1,0.2,0.15,13,prospective,AP,0.07338,0.000824593,100000
AF_rr0.1,0.2,0.15,13,prospective,SL,0.21941,0.0013087,100000
AF_rr0.1,0.2,0.15,13,retrospective,AP,1,0,100000
AF_rr0.1,0.2,0.15,13,retrospective,SL,1,0,100000
AF_rr0.1,0.2,0.2,1,prospective,AP,0,0,100000
AF_rr0.1,0.2,0.2,1,prospective,SL,0,0,100000
AF_rr0.1,0.2,0.2,1,retrospective,AP,0,0,100000
AF_rr0.1,0.2,0.2,1,retrospective,SL,0,0,100000
AF_rr0.1,0.2,0.2,3,prospective,AP,0,0,100000
AF_rr0.1,0.2,0.2,3,prospective,SL,0,0,100000
AF_rr0.1,0.2,0.2,3,retrospective,AP,0.38197,0.00153645,100000
AF_rr0.1,0.2,0.2,3,retrospective,SL,0.4296,0.00156539,100000
AF_rr0.1,0.2,0.2,5,prospective,AP,0,0,100000
AF_rr0.1,0.2,0.2,5,prospective,SL,4e-05,1.99996e-05,100000
AF_rr0.1,0.2,0.2,5,retrospective,AP,0.83258,0.00118064,100000
AF_rr0.1,0.2,0.2,5,retrospective,SL,0.86476,0.00108143,100000
AF_rr0.1,0.2,0.2,7,prospective,AP,2e-05,1.4142e-05,100000
AF_rr0.1,0.2,0.2,7,prospective,SL,0.00114,0.00010671,100000
AF_rr0.1,0.2,0.2,7,retrospective,AP,0.97576,0.000486338,100000
AF_rr0.1,0.2,0.2,7,retrospective,SL,0.98311,0.000407489,100000
AF_rr0.1,0.2,0.2,10,prospective,AP,0.00069,8.30376e-05,100000
AF_rr0.1,0.2,0.2,10,prospective,SL,0.01067,0.000324902,100000
AF_rr0.1,0.2,0.2,10,retrospective,AP,0.99948,7.20923e-05,100000
AF_rr0.1,0.2,0.2,10,retrospective,SL,0.99965,5.91504e-05,100000
AF_rr0.1,0.2,0.2,13,prospective,AP,0.00892,0.000297329,100000
AF_rr0.1,0.2,0.2,13,prospective,SL,0.06155,0.000760011,100000
AF_rr0.1,0.2,0.2,13,retrospective,AP,1,0,100000
AF_rr0.1,0.2,0.2,13,retrospective,SL,1,0,100000
AF_rr0.1,0.2,0.25,1,prospective,AP,0,0,100000
AF_rr0.1,0.2,0.25,1,prospective,SL,0,0,100000
AF_rr0.1,0.2,0.25,1,retrospective,AP,0,0,100000
AF_rr0.1,0.2,0.25,1,retrospective,SL,0,0,100000
AF_rr0.1,0.2,0.25,3,prospective,AP,0,0,100000
AF_rr0.1,0.2,0.25,3,prospective,SL,0,0,100000
AF_rr0.1,0.2,0.25,3,retrospective,AP,0.32435,0.00148036,100000
AF_rr0.1,0.2,0.25,3,retrospective,SL,0.36735,0.00152448,100000
AF_rr0.1,0.2,0.25,5,prospective,AP,0,0,100000
AF_rr0.1,0.2,0.25,5,prospective,SL,3e-05,1.73202e-05,100000
AF_rr0.1,0.2,0.25,5,retrospective,AP,0.77544,0.00131959,100000
AF_rr0.1,0.2,0.25,5,retrospective,SL,0.81418,0.00123,100000
AF_rr0.1,0.2,0.25,7,prospective,AP,2e-05,1.4142e-05,100000
AF_rr0.1,0.2,0.25,7,prospective,SL,0.00038,6.16324e-05,100000
AF_rr0.1,0.2,0.25,7,retrospective,AP,0.95915,0.000625949,100000
AF_rr0.1,0.2,0.25,7,retrospective,SL,0.96899,0.000548164,100000
AF_rr0.1,0.2,0.25,10,prospective,AP,0.00013,3.60532e-05,100000
AF_rr0.1,0.2,0.25,10,prospective,SL,0.00399,0.000199351,100000
AF_rr0.1,0.2,0.25,10,retrospective,AP,0.99851,0.000121975,100000
AF_rr0.1,0.2,0.25,10,retrospective,SL,0.99903,9.84408e-05,100000
AF_rr0.1,0.2,0.25,13,prospective,AP,0.00195,0.000139506,100000
AF_rr0.1,0.2,0.25,13,prospective,SL,0.0225,0.000468975,100000
AF_rr0.1,0.2,0.25,13,retrospective,AP,0.99999,9.99995e-06,100000
AF_rr0.1,0.2,0.25,13,retrospective,SL,1,0,100000
AF_rr0.1,0.25,0,1,prospective,AP,0,0,100000
AF_rr0.1,0.25,0,1,prospective,SL,0,0,100000
AF_rr0.1,0.25,0,1,retrospective,AP,0,0,100000
AF_rr0.1,0.25,0,1,retrospective,SL,0,0,100000
AF_rr0.1,0.25,0,3,prospective,AP,0,0,100000
AF_rr0.1,0.25,0,3,prospective,SL,0,0,100000
AF_rr0.1,0.25,0,3,retrospective,AP,0.22267,0.00131563,100000
AF_rr0.1,0.25,0,3,retrospective,SL,0.22267,0.00131563,100000
AF_rr0.1,0.25,0,5,prospective,AP,0,0,100000
AF_rr0.1,0.25,0,5,prospective,SL,0,0,100000
AF_rr0.1,0.25,0,5,retrospective,AP,0.62208,0.00153329,100000
AF_rr0.1,0.25,0,5,retrospective,SL,0.62208,0.00153329,100000
AF_rr0.1,0.25,0,7,prospective,AP,0,0,100000
AF_rr0.1,0.25,0,7,prospective,SL,0,0,100000
AF_rr0.1,0.25,0,7,retrospective,AP,0.88721,0.00100034,100000
AF_rr0.1,0.25,0,7,retrospective,SL,0.88721,0.00100034,100000
AF_rr0.1,0.25,0,10,prospective,AP,0,0,100000
AF_rr0.1,0.25,0,10,prospective,SL,0,0,100000
AF_rr0.1,0.25,0,10,retrospective,AP,0.99171,0.000286728,100000
AF_rr0.1,0.25,0,10,retrospective,SL,0.99171,0.000286728,100000
AF_rr0.1,0.25,0,13,prospective,AP,0,0,100000
AF_rr0.1,0.25,0,13,prospective,SL,0,0,100000
AF_rr0.1,0.25,0,13,retrospective,AP,0.99966,5.82996e-05,100000
AF_rr0.1,0.25,0,13,retrospective,SL,0.99966,5.82996e-05,100000
AF_rr0.1,0.25,0.1,1,prospective,AP,0,0,100000
AF_rr0.1,0.25,0.1,1,prospective,SL,0,0,100000
AF_rr0.1,0.25,0.1,1,retrospective,AP,0,0,100000
AF_rr0.1,0.25,0.1,1,retrospective,SL,0,0,100000
AF_rr0.1,0.25,0.1,3,prospective,AP,0,0,100000
AF_rr0.1,0.25,0.1,3,prospective,SL,1e-05,9.99995e-06,100000
AF_rr0.1,0.25,0.1,3,retrospective,AP,0.65585,0.00150237,100000
AF_rr0.1,0.25,0.1,3,retrospective,SL,0.6923,0.00145952,100000
AF_rr0.1,0.25,0.1,5,prospective,AP,9e-05,2.99986e-05,100000
AF_rr0.1,0.25,0.1,5,prospective,SL,0.00172,0.000131036,100000
AF_rr0.1,0.25,0.1,5,retrospective,AP,0.97336,0.000509218,100000
AF_rr0.1,0.25,0.1,5,retrospective,SL,0.98007,0.000441959,100000
AF_rr0.1,0.25,0.1,7,prospective,AP,0.00365,0.000190701,100000
AF_rr0.1,0.25,0.1,7,prospective,SL,0.02588,0.000502098,100000
AF_rr0.1,0.25,0.1,7,retrospective,AP,0.9991,9.48256e-05,100000
AF_rr0.1,0.25,0.1,7,retrospective,SL,0.99941,7.67888e-05,100000
AF_rr0.1,0.25,0.1,10,prospective,AP,0.21505,0.00129924,100000
AF_rr0.1,0.25,0.1,10,prospective,SL,0.35536,0.00151354,100000
AF_rr0.1,0.25,0.1,10,retrospective,AP,0.99999,9.99995e-06,100000
AF_rr0.1,0.25,0.1,10,retrospective,SL,1,0,100000
AF_rr0.1,0.25,0.1,13,prospective,AP,0.78148,0.00130679,100000
AF_rr0.1,0.25,0.1,13,prospective,SL,0.85027,0.00112832,100000
AF_rr0.1,0.25,0.1,13,retrospective,AP,1,0,100000
AF_rr0.1,0.25,0.1,13,retrospective,SL,1,0,100000
AF_rr0.1,0.25,0.15,1,prospective,AP,0,0,100000
AF_rr0.1,0.25,0.15,1,prospective,SL,0,0,100000
AF_rr0.1,0.25,0.15,1,retrospective,AP,0,0,100000
AF_rr0.1,0.25,0.15,1,retrospective,SL,0,0,100000
AF_rr0.1,0.25,0.15,3,prospective,AP,0,0,100000
AF_rr0.1,0.25,0.15,3,prospective,SL,0,0,100000
AF_rr0.1,0.25,0.15,3,retrospective,AP,0.51892,0.00158001,100000
AF_rr0.1,0.25,0.15,3,retrospective,SL,0.55704,0.00157082,100000
AF_rr0.1,0.25,0.15,5,prospective,AP,1e-05,9.99995e-06,100000
AF_rr0.1,0.25,0.15,5,prospective,SL,0.00032,5.65595e-05,100000
AF_rr0.1,0.25,0.15,5,retrospective,AP,0.92893,0.000812521,100000
AF_rr0.1,0.25,0.15,5,retrospective,SL,0.94308,0.000732667,100000
AF_rr0.1,0.25,0.15,7,prospective,AP,0.00013,3.60532e-05,100000
AF_rr0.1,0.25,0.15,7,prospective,SL,0.00341,0.000184347,100000
AF_rr0.1,0.25,0.15,7,retrospective,AP,0.99514,0.000219918,100000
AF_rr0.1,0.25,0.15,7,retrospective,SL,0.99653,0.000185956,100000
AF_rr0.1,0.25,0.15,10,prospective,AP,0.01165,0.000339327,100000
AF_rr0.1,0.25,0.15,10,prospective,SL,0.05983,0.000750002,100000
AF_rr0.1,0.25,0.15,10,retrospective,AP,1,0,100000
AF_rr0.1,0.25,0.15,10,retrospective,SL,0.99997,1.73202e-05,100000
AF_rr0.1,0.25,0.15,13,prospective,AP,0.202,0.00126963,100000
AF_rr0.1,0.25,0.15,13,prospective,SL,0.35252,0.00151079,100000
AF_rr0.1,0.25,0.15,13,retrospective,AP,1,0,100000
AF_rr0.1,0.25,0.15,13,retrospective,SL,1,0,100000
AF_rr0.1,0.25,0.2,1,prospective,AP,0,0,100000
AF_rr0.1,0.25,0.2,1,prospective,SL,0,0,100000
AF_rr0.1,0.25,0.2,1,retrospective,AP,0,0,100000
AF_rr0.1,0.25,0.2,1,retrospective,SL,0,0,100000
AF_rr0.1,0.25,0.2,3,prospective,AP,0,0,100000
AF_rr0.1,0.25,0.2,3,prospective,SL,0,0,100000
AF_rr0.1,0.25,0.2,3,retrospective,AP,0.42579,0.00156363,100000
AF_rr0.1,0.25,0.2,3,retrospective,SL,0.46518,0.0015773,100000
AF_rr0.1,0.25,0.2,5,prospective,AP,0,0,100000
AF_rr0.1,0.25,0.2,5,prospective,SL,1e-05,9.99995e-06,100000
AF_rr0.1,0.25,0.2,5,retrospective,AP,0.87233,0.00105532,100000
AF_rr0.1,0.25,0.2,5,retrospective,SL,0.89699,0.000961244,100000
AF_rr0.1,0.25,0.2,7,prospective,AP,7e-05,2.64566e-05,100000
AF_rr0.1,0.25,0.2,7,prospective,SL,0.00125,0.000111733,100000
AF_rr0.1,0.25,0.2,7,retrospective,AP,0.98598,0.000371799,100000
AF_rr0.1,0.25,0.2,7,retrospective,SL,0.9896,0.000320809,100000
AF_rr0.1,0.25,0.2,10,prospective,AP,0.00121,0.000109933,100000
AF_rr0.1,0.25,0.2,10,prospective,SL,0.01438,0.000376473,100000
AF_rr0.1,0.25,0.2,10,retrospective,AP,0.99987,3.60532e-05,100000
AF_rr0.1,0.25,0.2,10,retrospective,SL,0.9999,3.16212e-05,100000
AF_rr0.1,0.25,0.2,13,prospective,AP,0.02428,0.000486729,100000
AF_rr0.1,0.25,0.2,13,prospective,SL,0.0987,0.000943177,100000
AF_rr0.1,0.25,0.2,13,retrospective,AP,1,0,100000
AF_rr0.1,0.25,0.2,13,retrospective,SL,1,0,100000
AF_rr0.1,0.25,0.25,1,prospective,AP,0,0,100000
AF_rr0.1,0.25,0.25,1,prospective,SL,0,0,100000
AF_rr0.1,0.25,0.25,1,retrospective,AP,0,0,100000
AF_rr0.1,0.25,0.25,1,retrospective,SL,0,0,100000
AF_rr0.1,0.25,0.25,3,prospective,AP,0,0,100000
AF_rr0.1,0.25,0.25,3,prospective,SL,0,0,100000
AF_rr0.1,0.25,0.25,3,retrospective,AP,0.36226,0.00151996,100000
AF_rr0.1,0.25,0.25,3,retrospective,SL,0.39858,0.00154827,100000
AF_rr0.1,0.25,0.25,5,prospective,AP,0,0,100000
AF_rr0.1,0.25,0.25,5,prospective,SL,0,0,100000
AF_rr0.1,0.25,0.25,5,retrospective,AP,0.81939,0.00121651,100000
AF_rr0.1,0.25,0.25,5,retrospective,SL,0.84607,0.00114121,100000
AF_rr0.1,0.25,0.25,7,prospective,AP,1e-05,9.99995e-06,100000
AF_rr0.1,0.25,0.25,7,prospective,SL,0.00044,6.63179e-05,100000
AF_rr0.1,0.25,0.25,7,retrospective,AP,0.97275,0.000514854,100000
AF_rr0.1,0.25,0.25,7,retrospective,SL,0.97884,0.000455107,100000
AF_rr0.1,0.25,0.25,10,prospective,AP,0.00029,5.38438e-05,100000
AF_rr0.1,0.25,0.25,10,prospective,SL,0.00525,0.000228527,100000
AF_rr0.1,0.25,0.25,10,retrospective,AP,0.99934,8.12136e-05,100000
AF_rr0.1,0.25,0.25,10,retrospective,SL,0.99951,6.99828e-05,100000
AF_rr0.1,0.25,0.25,13,prospective,AP,0.00373,0.000192772,100000
AF_rr0.1,0.25,0.25,13,prospective,SL,0.03213,0.000557653,100000
AF_rr0.1,0.25,0.25,13,retrospective,AP,0.99998,1.4142e-05,100000
AF_rr0.1,0.25,0.25,13,retrospective,SL,0.99999,9.99995e-06,100000
AF_rr0.1,0.3,0,1,prospective,AP,0,0,100000
AF_rr0.1,0.3,0,1,prospective,SL,0,0,100000
AF_rr0.1,0.3,0,1,retrospective,AP,0,0,100000
AF_rr0.1,0.3,0,1,retrospective,SL,0,0,100000
AF_rr0.1,0.3,0,3,prospective,AP,0,0,100000
AF_rr0.1,0.3,0,3,prospective,SL,0,0,100000
AF_rr0.1,0.3,0,3,retrospective,AP,0.22436,0.00131918,100000
AF_rr0.1,0.3,0,3,retrospective,SL,0.22436,0.00131918,100000
AF_rr0.1,0.3,0,5,prospective,AP,0,0,100000
AF_rr0.1,0.3,0,5,prospective,SL,0,0,100000
AF_rr0.1,0.3,0,5,retrospective,AP,0.62169,0.0015336,100000
AF_rr0.1,0.3,0,5,retrospective,SL,0.62169,0.0015336,100000
AF_rr0.1,0.3,0,7,prospective,AP,0,0,100000
AF_rr0.1,0.3,0,7,prospective,SL,0,0,100000
AF_rr0.1,0.3,0,7,retrospective,AP,0.88687,0.00100166,100000
AF_rr0.1,0.3,0,7,retrospective,SL,0.88687,0.00100166,100000
AF_rr0.1,0.3,0,10,prospective,AP,0,0,100000
AF_rr0.1,0.3,0,10,prospective,SL,0,0,100000
AF_rr0.1,0.3,0,10,retrospective,AP,0.99184,0.000284489,100000
AF_rr0.1,0.3,0,10,retrospective,SL,0.99184,0.000284489,100000
AF_rr0.1,0.3,0,13,prospective,AP,0,0,100000
AF_rr0.1,0.3,0,13,prospective,SL,0,0,100000
AF_rr0.1,0.3,0,13,retrospective,AP,0.9997,5.4764e-05,100000
AF_rr0.1,0.3,0,13,retrospective,SL,0.9997,5.4764e-05,100000
AF_rr0.1,0.3,0.1,1,prospective,AP,0,0,100000
AF_rr0.1,0.3,0.1,1,prospective,SL,0,0,100000
AF_rr0.1,0.3,0.1,1,retrospective,AP,0,0,100000
AF_rr0.1,0.3,0.1,1,retrospective,SL,0,0,100000
AF_rr0.1,0.3,0.1,3,prospective,AP,0,0,100000
AF_rr0.1,0.3,0.1,3,prospective,SL,0,0,100000
AF_rr0.1,0.3,0.1,3,retrospective,AP,0.7024,0.0014458,100000
AF_rr0.1,0.3,0.1,3,retrospective,SL,0.72873,0.001406,100000
AF_rr0.1,0.3,0.1,5,prospective,AP,0.00011,3.31644e-05,100000
AF_rr0.1,0.3,0.1,5,prospective,SL,0.00175,0.000132172,100000
AF_rr0.1,0.3,0.1,5,retrospective,AP,0.98326,0.000405706,100000
AF_rr0.1,0.3,0.1,5,retrospective,SL,0.98621,0.00036878,100000
AF_rr0.1,0.3,0.1,7,prospective,AP,0.00903,0.00029914,100000
AF_rr0.1,0.3,0.1,7,prospective,SL,0.04022,0.000621308,100000
AF_rr0.1,0.3,0.1,7,retrospective,AP,0.99953,6.85404e-05,100000
AF_rr0.1,0.3,0.1,7,retrospective,SL,0.99957,6.55603e-05,100000
AF_rr0.1,0.3,0.1,10,prospective,AP,0.40156,0.00155019,100000
AF_rr0.1,0.3,0.1,10,prospective,SL,0.50784,0.00158094,100000
AF_rr0.1,0.3,0.1,10,retrospective,AP,1,0,100000
AF_rr0.1,0.3,0.1,10,retrospective,SL,1,0,100000
AF_rr0.1,0.3,0.1,13,prospective,AP,0.90223,0.000939207,100000
AF_rr0.1,0.3,0.1,13,prospective,SL,0.92919,0.000811147,100000
AF_rr0.1,0.3,0.1,13,retrospective,AP,1,0,100000
AF_rr0.1,0.3,0.1,13,retrospective,SL,1,0,100000
AF_rr0.1,0.3,0.15,1,prospective,AP,0,0,100000
AF_rr0.1,0.3,0.15,1,prospective,SL,0,0,100000
AF_rr0.1,0.3,0.15,1,retrospective,AP,0,0,100000
AF_rr0.1,0.3,0.15,1,retrospective,SL,0,0,100000
AF_rr0.1,0.3,0.15,3,prospective,AP,0,0,100000
AF_rr0.1,0.3,0.15,3,prospective,SL,0,0,100000
AF_rr0.1,0.3,0.15,3,retrospective,AP,0.56789,0.0015665,100000
AF_rr0.1,0.3,0.15,3,retrospective,SL,0.60011,0.00154912,100000
AF_rr0.1,0.3,0.15,5,prospective,AP,1e-05,9.99995e-06,100000
AF_rr0.1,0.3,0.15,5,prospective,SL,0.00036,5.99892e-05,100000
AF_rr0.1,0.3,0.15,5,retrospective,AP,0.94859,0.000698334,100000
AF_rr0.1,0.3,0.15,5,retrospective,SL,0.95784,0.000635473,100000
AF_rr0.1,0.3,0.15,7,prospective,AP,0.00032,5.65595e-05,100000
AF_rr0.1,0.3,0.15,7,prospective,SL,0.00474,0.000217199,100000
AF_rr0.1,0.3,0.15,7,retrospective,AP,0.9974,0.000161035,100000
AF_rr0.1,0.3,0.15,7,retrospective,SL,0.9978,0.000148161,100000
AF_rr0.1,0.3,0.15,10,prospective,AP,0.03261,0.000561663,100000
AF_rr0.1,0.3,0.15,10,prospective,SL,0.09901,0.000944495,100000
AF_rr0.1,0.3,0.15,10,retrospective,AP,0.99998,1.4142e-05,100000
AF_rr0.1,0.3,0.15,10,retrospective,SL,0.99998,1.4142e-05,100000
AF_rr0.1,0.3,0.15,13,prospective,AP,0.40388,0.00155165,100000
AF_rr0.1,0.3,0.15,13,prospective,SL,0.52255,0.00157953,100000
AF_rr0.1,0.3,0.15,13,retrospective,AP,1,0,100000
AF_rr0.1,0.3,0.15,13,retrospective,SL,1,0,100000
AF_rr0.1,0.3,0.2,1,prospective,AP,0,0,100000
AF_rr0.1,0.3,0.2,1,prospective,SL,0,0,100000
AF_rr0.1,0.3,0.2,1,retrospective,AP,0,0,100000
AF_rr0.1,0.3,0.2,1,retrospective,SL,0,0,100000
AF_rr0.1,0.3,0.2,3,prospective,AP,0,0,100000
AF_rr0.1,0.3,0.2,3,prospective,SL,0,0,100000
AF_rr0.1,0.3,0.2,3,retrospective,AP,0.47199,0.00157866,100000
AF_rr0.1,0.3,0.2,3,retrospective,SL,0.50629,0.00158101,100000
AF_rr0.1,0.3,0.2,5,prospective,AP,0,0,100000
AF_rr0.1,0.3,0.2,5,prospective,SL,8e-05,2.82831e-05,100000
AF_rr0.1,0.3,0.2,5,retrospective,AP,0.9019,0.000940619,100000
AF_rr0.1,0.3,0.2,5,retrospective,SL,0.91823,0.000866508,100000
AF_rr0.1,0.3,0.2,7,prospective,AP,5e-05,2.23601e-05,100000
AF_rr0.1,0.3,0.2,7,prospective,SL,0.00151,0.000122789,100000
AF_rr0.1,0.3,0.2,7,retrospective,AP,0.99198,0.000282058,100000
AF_rr0.1,0.3,0.2,7,retrospective,SL,0.9933,0.000257975,100000
AF_rr0.1,0.3,0.2,10,prospective,AP,0.00288,0.000169461,100000
AF_rr0.1,0.3,0.2,10,prospective,SL,0.02131,0.000456682,100000
AF_rr0.1,0.3,0.2,10,retrospective,AP,0.99989,3.31644e-05,100000
AF_rr0.1,0.3,0.2,10,retrospective,SL,0.99996,1.99996e-05,100000
AF_rr0.1,0.3,0.2,13,prospective,AP,0.07224,0.000818666,100000
AF_rr0.1,0.3,0.2,13,prospective,SL,0.16652,0.0011781,100000
AF_rr0.1,0.3,0.2,13,retrospective,AP,1,0,100000
AF_rr0.1,0.3,0.2,13,retrospective,SL,1,0,100000
AF_rr0.1,0.3,0.25,1,prospective,AP,0,0,100000
AF_rr0.1,0.3,0.25,1,prospective,SL,0,0,100000
AF_rr0.1,0.3,0.25,1,retrospective,AP,0,0,100000
AF_rr0.1,0.3,0.25,1,retrospective,SL,0,0,100000
AF_rr0.1,0.3,0.25,3,prospective,AP,0,0,100000
AF_rr0.1,0.3,0.25,3,prospective,SL,0,0,100000
AF_rr0.1,0.3,0.25,3,retrospective,AP,0.4012,0.00154996,100000
AF_rr0.1,0.3,0.25,3,retrospective,SL,0.43286,0.00156682,100000
AF_rr0.1,0.3,0.25,5,prospective,AP,0,0,100000
AF_rr0.1,0.3,0.25,5,prospective,SL,2e-05,1.4142e-05,100000
AF_rr0.1,0.3,0.25,5,retrospective,AP,0.85409,0.00111633,100000
AF_rr0.1,0.3,0.25,5,retrospective,SL,0.87315,0.00105242,100000
AF_rr0.1,0.3,0.25,7,prospective,AP,2e-05,1.4142e-05,100000
AF_rr0.1,0.3,0.25,7,prospective,SL,0.0005,7.0693e-05,100000
AF_rr0.1,0.3,0.25,7,retrospective,AP,0.98155,0.000425554,100000
AF_rr0.1,0.3,0.25,7,retrospective,SL,0.98567,0.000375828,100000
AF_rr0.1,0.3,0.25,10,prospective,AP,0.00043,6.55603e-05,100000
AF_rr0.1,0.3,0.25,10,prospective,SL,0.00713,0.000266067,100000
AF_rr0.1,0.3,0.25,10,retrospective,AP,0.99971,5.38438e-05,100000
AF_rr0.1,0.3,0.25,10,retrospective,SL,0.99979,4.58209e-05,100000
AF_rr0.1,0.3,0.25,13,prospective,AP,0.00969,0.000309776,100000
AF_rr0.1,0.3,0.25,13,prospective,SL,0.05116,0.000696726,100000
AF_rr0.1,0.3,0.25,13,retrospective,AP,1,0,100000
AF_rr0.1,0.3,0.25,13,retrospective,SL,1,0,100000
AF_rr0.2,0.05,0,1,prospective,AP,0,0,100000
AF_rr0.2,0.05,0,1,prospective,SL,0,0,100000
AF_rr0.2,0.05,0,1,retrospective,AP,0,0,100000
AF_rr0.2,0.05,0,1,retrospective,SL,0,0,100000
AF_rr0.2,0.05,0,3,prospective,AP,0,0,100000
AF_rr0.2,0.05,0,3,prospective,SL,0,0,100000
AF_rr0.2,0.05,0,3,retrospective,AP,0.22275,0.0013158,100000
AF_rr0.2,0.05,0,3,retrospective,SL,0.22275,0.0013158,100000
AF_rr0.2,0.05,0,5,prospective,AP,0,0,100000
AF_rr0.2,0.05,0,5,prospective,SL,0,0,100000
AF_rr0.2,0.05,0,5,retrospective,AP,0.62063,0.00153443,100000
AF_rr0.2,0.05,0,5,retrospective,SL,0.62063,0.00153443,100000
AF_rr0.2,0.05,0,7,prospective,AP,0,0,100000
AF_rr0.2,0.05,0,7,prospective,SL,0,0,100000
AF_rr0.2,0.05,0,7,retrospective,AP,0.88834,0.000995952,100000
AF_rr0.2,0.05,0,7,retrospective,SL,0.88834,0.000995952,100000
AF_rr0.2,0.05,0,10,prospective,AP,0,0,100000
AF_rr0.2,0.05,0,10,prospective,SL,0,0,100000
AF_rr0.2,0.05,0,10,retrospective,AP,0.9921,0.000279957,100000
AF_rr0.2,0.05,0,10,retrospective,SL,0.9921,0.000279957,100000
AF_rr0.2,0.05,0,13,prospective,AP,0,0,100000
AF_rr0.2,0.05,0,13,prospective,SL,0,0,100000
AF_rr0.2,0.05,0,13,retrospective,AP,0.99973,5.19545e-05,100000
AF_rr0.2,0.05,0,13,retrospective,SL,0.99973,5.19545e-05,100000
AF_rr0.2,0.05,0.1,1,prospective,AP,0,0,100000
AF_rr0.2,0.05,0.1,1,prospective,SL,0,0,100000
AF_rr0.2,0.05,0.1,1,retrospective,AP,0,0,100000
AF_rr0.2,0.05,0.1,1,retrospective,SL,0,0,100000
AF_rr0.2,0.05,0.1,3,prospective,AP,0,0,100000
AF_rr0.2,0.05,0.1,3,prospective,SL,1e-05,9.99995e-06,100000
AF_rr0.2,0.05,0.1,3,retrospective,AP,0.42833,0.00156481,100000
AF_rr0.2,0.05,0.1,3,retrospective,SL,0.53187,0.00157792,100000
AF_rr0.2,0.05,0.1,5,prospective,AP,5e-05,2.23601e-05,100000
AF_rr0.2,0.05,0.1,5,prospective,SL,0.00086,9.26963e-05,100000
AF_rr0.2,0.05,0.1,5,retrospective,AP,0.86297,0.00108744,100000
AF_rr0.2,0.05,0.1,5,retrospective,SL,0.91939,0.000860883,100000
AF_rr0.2,0.05,0.1,7,prospective,AP,0.00044,6.63179e-05,100000
AF_rr0.2,0.05,0.1,7,prospective,SL,0.01039,0.000320656,100000
AF_rr0.2,0.05,0.1,7,retrospective,AP,0.98294,0.000409499,100000
AF_rr0.2,0.05,0.1,7,retrospective,SL,0.99195,0.000282581,100000
AF_rr0.2,0.05,0.1,10,prospective,AP,0.01226,0.00034799,100000
AF_rr0.2,0.05,0.1,10,prospective,SL,0.09275,0.000917319,100000
AF_rr0.2,0.05,0.1,10,retrospective,AP,0.99957,6.55603e-05,100000
AF_rr0.2,0.05,0.1,10,retrospective,SL,0.99984,3.99968e-05,100000
AF_rr0.2,0.05,0.1,13,prospective,AP,0.07998,0.000857807,100000
AF_rr0.2,0.05,0.1,13,prospective,SL,0.30786,0.00145973,100000
AF_rr0.2,0.05,0.1,13,retrospective,AP,1,0,100000
AF_rr0.2,0.05,0.1,13,retrospective,SL,1,0,100000
AF_rr0.2,0.05,0.15,1,prospective,AP,0,0,100000
AF_rr0.2,0.05,0.15,1,prospective,SL,0,0,100000
AF_rr0.2,0.05,0.15,1,retrospective,AP,0,0,100000
AF_rr0.2,0.05,0.15,1,retrospective,SL,0,0,100000
AF_rr0.2,0.05,0.15,3,prospective,AP,0,0,100000
AF_rr0.2,0.05,0.15,3,prospective,SL,0,0,100000
AF_rr0.2,0.05,0.15,3,retrospective,AP,0.32282,0.00147854,100000
AF_rr0.2,0.05,0.15,3,retrospective,SL,0.4096,0.00155508,100000
AF_rr0.2,0.05,0.15,5,prospective,AP,2e-05,1.4142e-05,100000
AF_rr0.2,0.05,0.15,5,prospective,SL,0.00019,4.35848e-05,100000
AF_rr0.2,0.05,0.15,5,retrospective,AP,0.76406,0.00134266,100000
AF_rr0.2,0.05,0.15,5,retrospective,SL,0.84084,0.00115684,100000
AF_rr0.2,0.05,0.15,7,prospective,AP,0.00012,3.46389e-05,100000
AF_rr0.2,0.05,0.15,7,prospective,SL,0.00279,0.0001668,100000
AF_rr0.2,0.05,0.15,7,retrospective,AP,0.95308,0.000668719,100000
AF_rr0.2,0.05,0.15,7,retrospective,SL,0.97459,0.000497638,100000
AF_rr0.2,0.05,0.15,10,prospective,AP,0.00122,0.000110386,100000
AF_rr0.2,0.05,0.15,10,prospective,SL,0.02193,0.000463131,100000
AF_rr0.2,0.05,0.15,10,retrospective,AP,0.99801,0.000140927,100000
AF_rr0.2,0.05,0.15,10,retrospective,SL,0.99918,9.05167e-05,100000
AF_rr0.2,0.05,0.15,13,prospective,AP,0.01108,0.000331017,100000
AF_rr0.2,0.05,0.15,13,prospective,SL,0.09033,0.000906479,100000
AF_rr0.2,0.05,0.15,13,retrospective,AP,0.99996,1.99996e-05,100000
AF_rr0.2,0.05,0.15,13,retrospective,SL,1,0,100000
AF_rr0.2,0.05,0.2,1,prospective,AP,0,0,100000
AF_rr0.2,0.05,0.2,1,prospective,SL,0,0,100000
AF_rr0.2,0.05,0.2,1,retrospective,AP,0,0,100000
AF_rr0.2,0.05,0.2,1,retrospective,SL,0,0,100000
AF_rr0.2,0.05,0.2,3,prospective,AP,0,0,100000
AF_rr0.2,0.05,0.2,3,prospective,SL,0,0,100000
AF_rr0.2,0.05,0.2,3,retrospective,AP,0.27213,0.00140739,100000
AF_rr0.2,0.05,0.2,3,retrospective,SL,0.33819,0.00149605,100000
AF_rr0.2,0.05,0.2,5,prospective,AP,0,0,100000
AF_rr0.2,0.05,0.2,5,prospective,SL,7e-05,2.64566e-05,100000
AF_rr0.2,0.05,0.2,5,retrospective,AP,0.7037,0.00144397,100000
AF_rr0.2,0.05,0.2,5,retrospective,SL,0.77816,0.00131388,100000
AF_rr0.2,0.05,0.2,7,prospective,AP,2e-05,1.4142e-05,100000
AF_rr0.2,0.05,0.2,7,prospective,SL,0.001,9.995e-05,100000
AF_rr0.2,0.05,0.2,7,retrospective,AP,0.9281,0.000816887,100000
AF_rr0.2,0.05,0.2,7,retrospective,SL,0.95458,0.000658461,100000
AF_rr0.2,0.05,0.2,10,prospective,AP,0.00033,5.74361e-05,100000
AF_rr0.2,0.05,0.2,10,prospective,SL,0.00759,0.000274452,100000
AF_rr0.2,0.05,0.2,10,retrospective,AP,0.99598,0.000200096,100000
AF_rr0.2,0.05,0.2,10,retrospective,SL,0.99786,0.000146131,100000
AF_rr0.2,0.05,0.2,13,prospective,AP,0.00234,0.000152792,100000
AF_rr0.2,0.05,0.2,13,prospective,SL,0.03265,0.000561996,100000
AF_rr0.2,0.05,0.2,13,retrospective,AP,0.99989,3.31644e-05,100000
AF_rr0.2,0.05,0.2,13,retrospective,SL,0.99997,1.73202e-05,100000
AF_rr0.2,0.05,0.25,1,prospective,AP,0,0,100000
AF_rr0.2,0.05,0.25,1,prospective,SL,0,0,100000
AF_rr0.2,0.05,0.25,1,retrospective,AP,0,0,100000
AF_rr0.2,0.05,0.25,1,retrospective,SL,0,0,100000
AF_rr0.2,0.05,0.25,3,prospective,AP,0,0,100000
AF_rr0.2,0.05,0.25,3,prospective,SL,0,0,100000
AF_rr0.2,0.05,0.25,3,retrospective,AP,0.2503,0.00136985,100000
AF_rr0.2,0.05,0.25,3,retrospective,SL,0.29956,0.00144853,100000
AF_rr0.2,0.05,0.25,5,prospective,AP,0,0,100000
AF_rr0.2,0.05,0.25,5,prospective,SL,0,0,100000
AF_rr0.2,0.05,0.25,5,retrospective,AP,0.66467,0.00149293,100000
AF_rr0.2,0.05,0.25,5,retrospective,SL,0.72726,0.00140838,100000
AF_rr0.2,0.05,0.25,7,prospective,AP,1e-05,9.99995e-06,100000
AF_rr0.2,0.05,0.25,7,prospective,SL,0.00047,6.85404e-05,100000
AF_rr0.2,0.05,0.25,7,retrospective,AP,0.90907,0.000909185,100000
AF_rr0.2,0.05,0.25,7,retrospective,SL,0.93508,0.000779137,100000
AF_rr0.2,0.05,0.25,10,prospective,AP,0.00012,3.46389e-05,100000
AF_rr0.2,0.05,0.25,10,prospective,SL,0.00312,0.000176359,100000
AF_rr0.2,0.05,0.25,10,retrospective,AP,0.99427,0.000238687,100000
AF_rr0.2,0.05,0.25,10,retrospective,SL,0.99651,0.000186489,100000
AF_rr0.2,0.05,0.25,13,prospective,AP,0.00074,8.59914e-05,100000
AF_rr0.2,0.05,0.25,13,prospective,SL,0.01327,0.000361855,100000
AF_rr0.2,0.05,0.25,13,retrospective,AP,0.99981,4.35848e-05,100000
AF_rr0.2,0.05,0.25,13,retrospective,SL,0.99991,2.99986e-05,100000
AF_rr0.2,0.1,0,1,prospective,AP,0,0,100000
AF_rr0.2,0.1,0,1,prospective,SL,0,0,100000
AF_rr0.2,0.1,0,1,retrospective,AP,0,0,100000
AF_rr0.2,0.1,0,1,retrospective,SL,0,0,100000
AF_rr0.2,0.1,0,3,prospective,AP,0,0,100000
AF_rr0.2,0.1,0,3,prospective,SL,0,0,100000
AF_rr0.2,0.1,0,3,retrospective,AP,0.2253,0.00132114,100000
AF_rr0.2,0.1,0,3,retrospective,SL,0.2253,0.00132114,100000
AF_rr0.2,0.1,0,5,prospective,AP,0,0,100000
AF_rr0.2,0.1,0,5,prospective,SL,0,0,100000
AF_rr0.2,0.1,0,5,retrospective,AP,0.62335,0.00153227,100000
AF_rr0.2,0.1,0,5,retrospective,SL,0.62335,0.00153227,100000
AF_rr0.2,0.1,0,7,prospective,AP,0,0,100000
AF_rr0.2,0.1,0,7,prospective,SL,0,0,100000
AF_rr0.2,0.1,0,7,retrospective,AP,0.88623,0.00100412,100000
AF_rr0.2,0.1,0,7,retrospective,SL,0.88623,0.00100412,100000
AF_rr0.2,0.1,0,10,prospective,AP,0,0,100000
AF_rr0.2,0.1,0,10,prospective,SL,0,0,100000
AF_rr0.2,0.1,0,10,retrospective,AP,0.99181,0.000285007,100000
AF_rr0.2,0.1,0,10,retrospective,SL,0.99181,0.000285007,100000
AF_rr0.2,0.1,0,13,prospective,AP,0,0,100000
AF_rr0.2,0.1,0,13,prospective,SL,0,0,100000
AF_rr0.2,0.1,0,13,retrospective,AP,0.99971,5.38438e-05,100000
AF_rr0.2,0.1,0,13,retrospective,SL,0.99971,5.38438e-05,100000
AF_rr0.2,0.1,0.1,1,prospective,AP,0,0,100000
AF_rr0.2,0.1,0.1,1,prospective,SL,0,0,100000
AF_rr0.2,0.1,0.1,1,retrospective,AP,0,0,100000
AF_rr0.2,0.1,0.1,1,retrospective,SL,0,0,100000
AF_rr0.2,0.1,0.1,3,prospective,AP,0,0,100000
AF_rr0.2,0.1,0.1,3,prospective,SL,0,0,100000
AF_rr0.2,0.1,0.1,3,retrospective,AP,0.48117,0.00158002,100000
AF_rr0.2,0.1,0.1,3,retrospective,SL,0.56368,0.00156826,100000
AF_rr0.2,0.1,0.1,5,prospective,AP,1e-05,9.99995e-06,100000
AF_rr0.2,0.1,0.1,5,prospective,SL,0.00103,0.000101437,100000
AF_rr0.2,0.1,0.1,5,retrospective,AP,0.90405,0.000931362,100000
AF_rr0.2,0.1,0.1,5,retrospective,SL,0.93944,0.000754271,100000
AF_rr0.2,0.1,0.1,7,prospective,AP,0.00081,8.99635e-05,100000
AF_rr0.2,0.1,0.1,7,prospective,SL,0.01163,0.000339039,100000
AF_rr0.2,0.1,0.1,7,retrospective,AP,0.99098,0.000298976,100000
AF_rr0.2,0.1,0.1,7,retrospective,SL,0.99579,0.00020475,100000
AF_rr0.2,0.1,0.1,10,prospective,AP,0.01748,0.000414421,100000
AF_rr0.2,0.1,0.1,10,prospective,SL,0.11044,0.000991176,100000
AF_rr0.2,0.1,0.1,10,retrospective,AP,0.99987,3.60532e-05,100000
AF_rr0.2,0.1,0.1,10,retrospective,SL,0.99996,1.99996e-05,100000
AF_rr0.2,0.1,0.1,13,prospective,AP,0.13453,0.00107904,100000
AF_rr0.2,0.1,0.1,13,prospective,SL,0.3831,0.00153732,100000
AF_rr0.2,0.1,0.1,13,retrospective,AP,1,0,100000
AF_rr0.2,0.1,0.1,13,retrospective,SL,1,0,100000
AF_rr0.2,0.1,0.15,1,prospective,AP,0,0,100000
AF_rr0.2,0.1,0.15,1,prospective,SL,0,0,100000
AF_rr0.2,0.1,0.15,1,retrospective,AP,0,0,100000
AF_rr0.2,0.1,0.15,1,retrospective,SL,0,0,100000
AF_rr0.2,0.1,0.15,3,prospective,AP,0,0,100000
AF_rr0.2,0.1,0.15,3,prospective,SL,0,0,100000
AF_rr0.2,0.1,0.15,3,retrospective,AP,0.36414,0.00152165,100000
AF_rr0.2,0.1,0.15,3,retrospective,SL,0.43917,0.00156939,100000
AF_rr0.2,0.1,0.15,5,prospective,AP,0,0,100000
AF_rr0.2,0.1,0.15,5,prospective,SL,0.00028,5.29076e-05,100000
AF_rr0.2,0.1,0.15,5,retrospective,AP,0.81091,0.00123828,100000
AF_rr0.2,0.1,0.15,5,retrospective,SL,0.86534,0.00107948,100000
AF_rr0.2,0.1,0.15,7,prospective,AP,0.0001,3.16212e-05,100000
AF_rr0.2,0.1,0.15,7,prospective,SL,0.00267,0.000163183,100000
AF_rr0.2,0.1,0.15,7,retrospective,AP,0.96981,0.000541097,100000
AF_rr0.2,0.1,0.15,7,retrospective,SL,0.98215,0.000418705,100000
AF_rr0.2,0.1,0.15,10,prospective,AP,0.0016,0.00012639,100000
AF_rr0.2,0.1,0.15,10,prospective,SL,0.02364,0.000480428,100000
AF_rr0.2,0.1,0.15,10,retrospective,AP,0.99911,9.42978e-05,100000
AF_rr0.2,0.1,0.15,10,retrospective,SL,0.9996,6.32329e-05,100000
AF_rr0.2,0.1,0.15,13,prospective,AP,0.01602,0.000397031,100000
AF_rr0.2,0.1,0.15,13,prospective,SL,0.10801,0.000981549,100000
AF_rr0.2,0.1,0.15,13,retrospective,AP,1,0,100000
AF_rr0.2,0.1,0.15,13,retrospective,SL,1,0,100000
AF_rr0.2,0.1,0.2,1,prospective,AP,0,0,100000
AF_rr0.2,0.1,0.2,1,prospective,SL,0,0,100000
AF_rr0.2,0.1,0.2,1,retrospective,AP,0,0,100000
AF_rr0.2,0.1,0.2,1,retrospective,SL,0,0,100000
AF_rr0.2,0.1,0.2,3,prospective,AP,0,0,100000
AF_rr0.2,0.1,0.2,3,prospective,SL,0,0,100000
AF_rr0.2,0.1,0.2,3,retrospective,AP,0.29726,0.00144533,100000
AF_rr0.2,0.1,0.2,3,retrospective,SL,0.36023,0.00151811,100000
AF_rr0.2,0.1,0.2,5,prospective,AP,0,0,100000
AF_rr0.2,0.1,0.2,5,prospective,SL,6e-05,2.44942e-05,100000
AF_rr0.2,0.1,0.2,5,retrospective,AP,0.7379,0.0013907,100000
AF_rr0.2,0.1,0.2,5,retrospective,SL,0.80159,0.00126112,100000
AF_rr0.2,0.1,0.2,7,prospective,AP,2e-05,1.4142e-05,100000
AF_rr0.2,0.1,0.2,7,prospective,SL,0.00092,9.58725e-05,100000
AF_rr0.2,0.1,0.2,7,retrospective,AP,0.94432,0.000725119,100000
AF_rr0.2,0.1,0.2,7,retrospective,SL,0.96522,0.000579399,100000
AF_rr0.2,0.1,0.2,10,prospective,AP,0.00037,6.08164e-05,100000
AF_rr0.2,0.1,0.2,10,prospective,SL,0.00816,0.000284489,100000
AF_rr0.2,0.1,0.2,10,retrospective,AP,0.99782,0.000147487,100000
AF_rr0.2,0.1,0.2,10,retrospective,SL,0.99889,0.000105298,100000
AF_rr0.2,0.1,0.2,13,prospective,AP,0.00304,0.000174091,100000
AF_rr0.2,0.1,0.2,13,prospective,SL,0.03609,0.000589809,100000
AF_rr0.2,0.1,0.2,13,retrospective,AP,0.99998,1.4142e-05,100000
AF_rr0.2,0.1,0.2,13,retrospective,SL,0.99999,9.99995e-06,100000
AF_rr0.2,0.1,0.25,1,prospective,AP,0,0,100000
AF_rr0.2,0.1,0.25,1,prospective,SL,0,0,100000
AF_rr0.2,0.1,0.25,1,retrospective,AP,0,0,100000
AF_rr0.2,0.1,0.25,1,retrospective,SL,0,0,100000
AF_rr0.2,0.1,0.25,3,prospective,AP,0,0,100000
AF_rr0.2,0.1,0.25,3,prospective,SL,0,0,100000
AF_rr0.2,0.1,0.25,3,retrospective,AP,0.26245,0.00139129,100000
AF_rr0.2,0.1,0.25,3,retrospective,SL,0.31269,0.001466,100000
AF_rr0.2,0.1,0.25,5,prospective,AP,0,0,100000
AF_rr0.2,0.1,0.25,5,prospective,SL,1e-05,9.99995e-06,100000
AF_rr0.2,0.1,0.25,5,retrospective,AP,0.69033,0.0014621,100000
AF_rr0.2,0.1,0.25,5,retrospective,SL,0.74811,0.00137274,100000
AF_rr0.2,0.1,0.25,7,prospective,AP,1e-05,9.99995e-06,100000
AF_rr0.2,0.1,0.25,7,prospective,SL,0.00033,5.74361e-05,100000
AF_rr0.2,0.1,0.25,7,retrospective,AP,0.92196,0.000848232,100000
AF_rr0.2,0.1,0.25,7,retrospective,SL,0.94488,0.000721677,100000
AF_rr0.2,0.1,0.25,10,prospective,AP,0.00012,3.46389e-05,100000
AF_rr0.2,0.1,0.25,10,prospective,SL,0.00315,0.000177203,100000
AF_rr0.2,0.1,0.25,10,retrospective,AP,0.99583,0.00020378,100000
AF_rr0.2,0.1,0.25,10,retrospective,SL,0.99757,0.000155695,100000
AF_rr0.2,0.1,0.25,13,prospective,AP,0.00091,9.53505e-05,100000
AF_rr0.2,0.1,0.25,13,prospective,SL,0.01553,0.000391009,100000
AF_rr0.2,0.1,0.25,13,retrospective,AP,0.99993,2.64566e-05,100000
AF_rr0.2,0.1,0.25,13,retrospective,SL,0.99993,2.64566e-05,100000
AF_rr0.2,0.15,0,1,prospective,AP,0,0,100000
AF_rr0.2,0.15,0,1,prospective,SL,0,0,100000
AF_rr0.2,0.15,0,1,retrospective,AP,0,0,100000
AF_rr0.2,0.15,0,1,retrospective,SL,0,0,100000
AF_rr0.2,0.15,0,3,prospective,AP,0,0,100000
AF_rr0.2,0.15,0,3,prospective,SL,0,0,100000
AF_rr0.2,0.15,0,3,retrospective,AP,0.22442,0.0013193,100000
AF_rr0.2,0.15,0,3,retrospective,SL,0.22442,0.0013193,100000
AF_rr0.2,0.15,0,5,prospective,AP,0,0,100000
AF_rr0.2,0.15,0,5,prospective,SL,0,0,100000
AF_rr0.2,0.15,0,5,retrospective,AP,0.62459,0.00153127,100000
AF_rr0.2,0.15,0,5,retrospective,SL,0.62459,0.00153127,100000
AF_rr0.2,0.15,0,7,prospective,AP,0,0,100000
AF_rr0.2,0.15,0,7,prospective,SL,0,0,100000
AF_rr0.2,0.15,0,7,retrospective,AP,0.88692,0.00100146,100000
AF_rr0.2,0.15,0,7,retrospective,SL,0.88692,0.00100146,100000
AF_rr0.2,0.15,0,10,prospective,AP,0,0,100000
AF_rr0.2,0.15,0,10,prospective,SL,0,0,100000
AF_rr0.2,0.15,0,10,retrospective,AP,0.99153,0.000289797,100000
AF_rr0.2,0.15,0,10,retrospective,SL,0.99153,0.000289797,100000
AF_rr0.2,0.15,0,13,prospective,AP,0,0,100000
AF_rr0.2,0.15,0,13,prospective,SL,0,0,100000
AF_rr0.2,0.15,0,13,retrospective,AP,0.99977,4.79528e-05,100000
AF_rr0.2,0.15,0,13,retrospective,SL,0.99977,4.79528e-05,100000
AF_rr0.2,0.15,0.1,1,prospective,AP,0,0,100000
AF_rr0.2,0.15,0.1,1,prospective,SL,0,0,100000
AF_rr0.2,0.15,0.1,1,retrospective,AP,0,0,100000
AF_rr0.2,0.15,0.1,1,retrospective,SL,0,0,100000
AF_rr0.2,0.15,0.1,3,prospective,AP,0,0,100000
AF_rr0.2,0.15,0.1,3,prospective,SL,0,0,100000
AF_rr0.2,0.15,0.1,3,retrospective,AP,0.54265,0.00157538,100000
AF_rr0.2,0.15,0.1,3,retrospective,SL,0.60789,0.00154389,100000
AF_rr0.2,0.15,0.1,5,prospective,AP,5e-05,2.23601e-05,100000
AF_rr0.2,0.15,0.1,5,prospective,SL,0.00134,0.000115681,100000
AF_rr0.2,0.15,0.1,5,retrospective,AP,0.93797,0.000762773,100000
AF_rr0.2,0.15,0.1,5,retrospective,SL,0.95661,0.000644262,100000
AF_rr0.2,0.15,0.1,7,prospective,AP,0.00113,0.000106241,100000
AF_rr0.2,0.15,0.1,7,prospective,SL,0.01459,0.000379172,100000
AF_rr0.2,0.15,0.1,7,retrospective,AP,0.99639,0.000189657,100000
AF_rr0.2,0.15,0.1,7,retrospective,SL,0.99799,0.000141632,100000
AF_rr0.2,0.15,0.1,10,prospective,AP,0.03301,0.000564981,100000
AF_rr0.2,0.15,0.1,10,prospective,SL,0.15092,0.001132,100000
AF_rr0.2,0.15,0.1,10,retrospective,AP,0.99996,1.99996e-05,100000
AF_rr0.2,0.15,0.1,10,retrospective,SL,0.99996,1.99996e-05,100000
AF_rr0.2,0.15,0.1,13,prospective,AP,0.30294,0.00145316,100000
AF_rr0.2,0.15,0.1,13,prospective,SL,0.53332,0.00157762,100000
AF_rr0.2,0.15,0.1,13,retrospective,AP,1,0,100000
AF_rr0.2,0.15,0.1,13,retrospective,SL,1,0,100000
AF_rr0.2,0.15,0.15,1,prospective,AP,0,0,100000
AF_rr0.2,0.15,0.15,1,prospective,SL,0,0,100000
AF_rr0.2,0.15,0.15,1,retrospective,AP,0,0,100000
AF_rr0.2,0.15,0.15,1,retrospective,SL,0,0,100000
AF_rr0.2,0.15,0.15,3,prospective,AP,0,0,100000
AF_rr0.2,0.15,0.15,3,prospective,SL,0,0,100000
AF_rr0.2,0.15,0.15,3,retrospective,AP,0.41822,0.00155985,100000
AF_rr0.2,0.15,0.15,3,retrospective,SL,0.47954,0.00157981,100000
AF_rr0.2,0.15,0.15,5,prospective,AP,0,0,100000
AF_rr0.2,0.15,0.15,5,prospective,SL,0.00022,4.6899e-05,100000
AF_rr0.2,0.15,0.15,5,retrospective,AP,0.86067,0.00109507,100000
AF_rr0.2,0.15,0.15,5,retrospective,SL,0.89654,0.000963099,100000
AF_rr0.2,0.15,0.15,7,prospective,AP,0.00011,3.31644e-05,100000
AF_rr0.2,0.15,0.15,7,prospective,SL,0.00277,0.000166202,100000
AF_rr0.2,0.15,0.15,7,retrospective,AP,0.98316,0.000406896,100000
AF_rr0.2,0.15,0.15,7,retrospective,SL,0.98904,0.00032924,100000
AF_rr0.2,0.15,0.15,10,prospective,AP,0.00234,0.000152792,100000
AF_rr0.2,0.15,0.15,10,prospective,SL,0.02847,0.000525923,100000
AF_rr0.2,0.15,0.15,10,retrospective,AP,0.99957,6.55603e-05,100000
AF_rr0.2,0.15,0.15,10,retrospective,SL,0.99984,3.99968e-05,100000
AF_rr0.2,0.15,0.15,13,prospective,AP,0.02934,0.000533659,100000
AF_rr0.2,0.15,0.15,13,prospective,SL,0.14446,0.00111172,100000
AF_rr0.2,0.15,0.15,13,retrospective,AP,1,0,100000
AF_rr0.2,0.15,0.15,13,retrospective,SL,1,0,100000
AF_rr0.2,0.15,0.2,1,prospective,AP,0,0,100000
AF_rr0.2,0.15,0.2,1,prospective,SL,0,0,100000
AF_rr0.2,0.15,0.2,1,retrospective,AP,0,0,100000
AF_rr0.2,0.15,0.2,1,retrospective,SL,0,0,100000
AF_rr0.2,0.15,0.2,3,prospective,AP,0,0,100000
AF_rr0.2,0.15,0.2,3,prospective,SL,0,0,100000
AF_rr0.2,0.15,0.2,3,retrospective,AP,0.33953,0.0014975,100000
AF_rr0.2,0.15,0.2,3,retrospective,SL,0.39571,0.00154636,100000
AF_rr0.2,0.15,0.2,5,prospective,AP,0,0,100000
AF_rr0.2,0.15,0.2,5,prospective,SL,9e-05,2.99986e-05,100000
AF_rr0.2,0.15,0.2,5,retrospective,AP,0.78946,0.00128924,100000
AF_rr0.2,0.15,0.2,5,retrospective,SL,0.83648,0.00116953,100000
AF_rr0.2,0.15,0.2,7,prospective,AP,2e-05,1.4142e-05,100000
AF_rr0.2,0.15,0.2,7,prospective,SL,0.0009,9.48256e-05,100000
AF_rr0.2,0.15,0.2,7,retrospective,AP,0.96276,0.000598775,100000
AF_rr0.2,0.15,0.2,7,retrospective,SL,0.97416,0.00050172,100000
AF_rr0.2,0.15,0.2,10,prospective,AP,0.00056,7.48122e-05,100000
AF_rr0.2,0.15,0.2,10,prospective,SL,0.00852,0.000290644,100000
AF_rr0.2,0.15,0.2,10,retrospective,AP,0.9989,0.000104823,100000
AF_rr0.2,0.15,0.2,10,retrospective,SL,0.99932,8.24341e-05,100000
AF_rr0.2,0.15,0.2,13,prospective,AP,0.00471,0.000216514,100000
AF_rr0.2,0.15,0.2,13,prospective,SL,0.0457,0.00066039,100000
AF_rr0.2,0.15,0.2,13,retrospective,AP,0.99998,1.4142e-05,100000
AF_rr0.2,0.15,0.2,13,retrospective,SL,1,0,100000
AF_rr0.2,0.15,0.25,1,prospective,AP,0,0,100000
AF_rr0.2,0.15,0.25,1,prospective,SL,0,0,100000
AF_rr0.2,0.15,0.25,1,retrospective,AP,0,0,100000
AF_rr0.2,0.15,0.25,1,retrospective,SL,0,0,100000
AF_rr0.2,0.15,0.25,3,prospective,AP,0,0,100000
AF_rr0.2,0.15,0.25,3,prospective,SL,0,0,100000
AF_rr0.2,0.15,0.25,3,retrospective,AP,0.292,0.00143783,100000
AF_rr0.2,0.15,0.25,3,retrospective,SL,0.33854,0.00149643,100000
AF_rr0.2,0.15,0.25,5,prospective,AP,0,0,100000
AF_rr0.2,0.15,0.25,5,prospective,SL,2e-05,1.4142e-05,100000
AF_rr0.2,0.15,0.25,5,retrospective,AP,0.72777,0.00140755,100000
AF_rr0.2,0.15,0.25,5,retrospective,SL,0.77998,0.00131,100000
AF_rr0.2,0.15,0.25,7,prospective,AP,1e-05,9.99995e-06,100000
AF_rr0.2,0.15,0.25,7,prospective,SL,0.0004,6.32329e-05,100000
AF_rr0.2,0.15,0.25,7,retrospective,AP,0.94237,0.000736945,100000
AF_rr0.2,0.15,0.25,7,retrospective,SL,0.95822,0.000632728,100000
AF_rr0.2,0.15,0.25,10,prospective,AP,0.00016,3.99968e-05,100000
AF_rr0.2,0.15,0.25,10,prospective,SL,0.00347,0.000185956,100000
AF_rr0.2,0.15,0.25,10,retrospective,AP,0.99778,0.000148831,100000
AF_rr0.2,0.15,0.25,10,retrospective,SL,0.99858,0.000119079,100000
AF_rr0.2,0.15,0.25,13,prospective,AP,0.00114,0.00010671,100000
AF_rr0.2,0.15,0.25,13,prospective,SL,0.0182,0.000422715,100000
AF_rr0.2,0.15,0.25,13,retrospective,AP,0.99994,2.44942e-05,100000
AF_rr0.2,0.15,0.25,13,retrospective,SL,0.99996,1.99996e-05,100000
AF_rr0.2,0.2,0,1,prospective,AP,0,0,100000
AF_rr0.2,0.2,0,1,prospective,SL,0,0,100000
AF_rr0.2,0.2,0,1,retrospective,AP,0,0,100000
AF_rr0.2,0.2,0,1,retrospective,SL,0,0,100000
AF_rr0.2,0.2,0,3,prospective,AP,0,0,100000
AF_rr0.2,0.2,0,3,prospective,SL,0,0,100000
AF_rr0.2,0.2,0,3,retrospective,AP,0.22737,0.00132542,100000
AF_rr0.2,0.2,0,3,retrospective,SL,0.22737,0.00132542,100000
AF_rr0.2,0.2,0,5,prospective,AP,0,0,100000
AF_rr0.2,0.2,0,5,prospective,SL,0,0,100000
AF_rr0.2,0.2,0,5,retrospective,AP,0.6196,0.00153524,100000
AF_rr0.2,0.2,0,5,retrospective,SL,0.6196,0.00153524,100000
AF_rr0.2,0.2,0,7,prospective,AP,0,0,100000
AF_rr0.2,0.2,0,7,prospective,SL,0,0,100000
AF_rr0.2,0.2,0,7,retrospective,AP,0.88775,0.000998248,100000
AF_rr0.2,0.2,0,7,retrospective,SL,0.88775,0.000998248,100000
AF_rr0.2,0.2,0,10,prospective,AP,0,0,100000
AF_rr0.2,0.2,0,10,prospective,SL,0,0,100000
AF_rr0.2,0.2,0,10,retrospective,AP,0.99144,0.00029132,100000
AF_rr0.2,0.2,0,10,retrospective,SL,0.99144,0.00029132,100000
AF_rr0.2,0.2,0,13,prospective,AP,0,0,100000
AF_rr0.2,0.2,0,13,prospective,SL,0,0,100000
AF_rr0.2,0.2,0,13,retrospective,AP,0.99978,4.6899e-05,100000
AF_rr0.2,0.2,0,13,retrospective,SL,0.99978,4.6899e-05,100000
AF_rr0.2,0.2,0.1,1,prospective,AP,0,0,100000
AF_rr0.2,0.2,0.1,1,prospective,SL,0,0,100000
AF_rr0.2,0.2,0.1,1,retrospective,AP,0,0,100000
AF_rr0.2,0.2,0.1,1,retrospective,SL,0,0,100000
AF_rr0.2,0.2,0.1,3,prospective,AP,0,0,100000
AF_rr0.2,0.2,0.1,3,prospective,SL,0,0,100000
AF_rr0.2,0.2,0.1,3,retrospective,AP,0.60435,0.00154632,100000
AF_rr0.2,0.2,0.1,3,retrospective,SL,0.65536,0.00150287,100000
AF_rr0.2,0.2,0.1,5,prospective,AP,7e-05,2.64566e-05,100000
AF_rr0.2,0.2,0.1,5,prospective,SL,0.00133,0.000115249,100000
AF_rr0.2,0.2,0.1,5,retrospective,AP,0.96134,0.000609634,100000
AF_rr0.2,0.2,0.1,5,retrospective,SL,0.97079,0.000532511,100000
AF_rr0.2,0.2,0.1,7,prospective,AP,0.00166,0.000128734,100000
AF_rr0.2,0.2,0.1,7,prospective,SL,0.01817,0.000422372,100000
AF_rr0.2,0.2,0.1,7,retrospective,AP,0.9981,0.000137709,100000
AF_rr0.2,0.2,0.1,7,retrospective,SL,0.99871,0.000113505,100000
AF_rr0.2,0.2,0.1,10,prospective,AP,0.0902,0.000905892,100000
AF_rr0.2,0.2,0.1,10,prospective,SL,0.23315,0.00133713,100000
AF_rr0.2,0.2,0.1,10,retrospective,AP,1,0,100000
AF_rr0.2,0.2,0.1,10,retrospective,SL,1,0,100000
AF_rr0.2,0.2,0.1,13,prospective,AP,0.57248,0.00156444,100000
AF_rr0.2,0.2,0.1,13,prospective,SL,0.71769,0.00142342,100000
AF_rr0.2,0.2,0.1,13,retrospective,AP,1,0,100000
AF_rr0.2,0.2,0.1,13,retrospective,SL,1,0,100000
AF_rr0.2,0.2,0.15,1,prospective,AP,0,0,100000
AF_rr0.2,0.2,0.15,1,prospective,SL,0,0,100000
AF_rr0.2,0.2,0.15,1,retrospective,AP,0,0,100000
AF_rr0.2,0.2,0.15,1,retrospective,SL,0,0,100000
AF_rr0.2,0.2,0.15,3,prospective,AP,0,0,100000
AF_rr0.2,0.2,0.15,3,prospective,SL,0,0,100000
AF_rr0.2,0.2,0.15,3,retrospective,AP,0.4709,0.00157846,100000
AF_rr0.2,0.2,0.15,3,retrospective,SL,0.52043,0.00157982,100000
AF_rr0.2,0.2,0.15,5,prospective,AP,0,0,100000
AF_rr0.2,0.2,0.15,5,prospective,SL,0.00021,4.58209e-05,100000
AF_rr0.2,0.2,0.15,5,retrospective,AP,0.89996,0.000948852,100000
AF_rr0.2,0.2,0.15,5,retrospective,SL,0.92281,0.000843989,100000
AF_rr0.2,0.2,0.15,7,prospective,AP,0.00015,3.87269e-05,100000
AF_rr0.2,0.2,0.15,7,prospective,SL,0.0033,0.000181359,100000
AF_rr0.2,0.2,0.15,7,retrospective,AP,0.99097,0.00029914,100000
AF_rr0.2,0.2,0.15,7,retrospective,SL,0.99403,0.000243605,100000
AF_rr0.2,0.2,0.15,10,prospective,AP,0.00488,0.000220368,100000
AF_rr0.2,0.2,0.15,10,prospective,SL,0.03964,0.000616998,100000
AF_rr0.2,0.2,0.15,10,retrospective,AP,0.99992,2.82831e-05,100000
AF_rr0.2,0.2,0.15,10,retrospective,SL,0.99997,1.73202e-05,100000
AF_rr0.2,0.2,0.15,13,prospective,AP,0.0805,0.000860347,100000
AF_rr0.2,0.2,0.15,13,prospective,SL,0.22684,0.00132432,100000
AF_rr0.2,0.2,0.15,13,retrospective,AP,1,0,100000
AF_rr0.2,0.2,0.15,13,retrospective,SL,1,0,100000
AF_rr0.2,0.2,0.2,1,prospective,AP,0,0,100000
AF_rr0.2,0.2,0.2,1,prospective,SL,0,0,100000
AF_rr0.2,0.2,0.2,1,retrospective,AP,0,0,100000
AF_rr0.2,0.2,0.2,1,retrospective,SL,0,0,100000
AF_rr0.2,0.2,0.2,3,prospective,AP,0,0,100000
AF_rr0.2,0.2,0.2,3,prospective,SL,0,0,100000
AF_rr0.2,0.2,0.2,3,retrospective,AP,0.38438,0.00153828,100000
AF_rr0.2,0.2,0.2,3,retrospective,SL,0.42947,0.00156533,100000
AF_rr0.2,0.2,0.2,5,prospective,AP,0,0,100000
AF_rr0.2,0.2,0.2,5,prospective,SL,7e-05,2.64566e-05,100000
AF_rr0.2,0.2,0.2,5,retrospective,AP,0.83314,0.00117906,100000
AF_rr0.2,0.2,0.2,5,retrospective,SL,0.86637,0.00107598,100000
AF_rr0.2,0.2,0.2,7,prospective,AP,5e-05,2.23601e-05,100000
AF_rr0.2,0.2,0.2,7,prospective,SL,0.00126,0.000112179,100000
AF_rr0.2,0.2,0.2,7,retrospective,AP,0.97778,0.000466114,100000
AF_rr0.2,0.2,0.2,7,retrospective,SL,0.98396,0.000397275,100000
AF_rr0.2,0.2,0.2,10,prospective,AP,0.00073,8.54088e-05,100000
AF_rr0.2,0.2,0.2,10,prospective,SL,0.01119,0.000332638,100000
AF_rr0.2,0.2,0.2,10,retrospective,AP,0.99956,6.63179e-05,100000
AF_rr0.2,0.2,0.2,10,retrospective,SL,0.99972,5.29076e-05,100000
AF_rr0.2,0.2,0.2,13,prospective,AP,0.00911,0.00030045,100000
AF_rr0.2,0.2,0.2,13,prospective,SL,0.06329,0.000769963,100000
AF_rr0.2,0.2,0.2,13,retrospective,AP,1,0,100000
AF_rr0.2,0.2,0.2,13,retrospective,SL,0.99998,1.4142e-05,100000
AF_rr0.2,0.2,0.25,1,prospective,AP,0,0,100000
AF_rr0.2,0.2,0.25,1,prospective,SL,0,0,100000
AF_rr0.2,0.2,0.25,1,retrospective,AP,0,0,100000
AF_rr0.2,0.2,0.25,1,retrospective,SL,0,0,100000
AF_rr0.2,0.2,0.25,3,prospective,AP,0,0,100000
AF_rr0.2,0.2,0.25,3,prospective,SL,0,0,100000
AF_rr0.2,0.2,0.25,3,retrospective,AP,0.32941,0.00148627,100000
AF_rr0.2,0.2,0.25,3,retrospective,SL,0.37031,0.00152702,100000
AF_rr0.2,0.2,0.25,5,prospective,AP,0,0,100000
AF_rr0.2,0.2,0.25,5,prospective,SL,1e-05,9.99995e-06,100000
AF_rr0.2,0.2,0.25,5,retrospective,AP,0.77648,0.00131742,100000
AF_rr0.2,0.2,0.25,5,retrospective,SL,0.8142,0.00122995,100000
AF_rr0.2,0.2,0.25,7,prospective,AP,1e-05,9.99995e-06,100000
AF_rr0.2,0.2,0.25,7,prospective,SL,0.00051,7.13961e-05,100000
AF_rr0.2,0.2,0.25,7,retrospective,AP,0.96026,0.000617744,100000
AF_rr0.2,0.2,0.25,7,retrospective,SL,0.96973,0.000541791,100000
AF_rr0.2,0.2,0.25,10,prospective,AP,0.00019,4.35848e-05,100000
AF_rr0.2,0.2,0.25,10,prospective,SL,0.00399,0.000199351,100000
AF_rr0.2,0.2,0.25,10,retrospective,AP,0.99872,0.000113065,100000
AF_rr0.2,0.2,0.25,10,retrospective,SL,0.99899,0.000100448,100000
AF_rr0.2,0.2,0.25,13,prospective,AP,0.00203,0.000142333,100000
AF_rr0.2,0.2,0.25,13,prospective,SL,0.0229,0.000473028,100000
AF_rr0.2,0.2,0.25,13,retrospective,AP,0.99998,1.4142e-05,100000
AF_rr0.2,0.2,0.25,13,retrospective,SL,0.99997,1.73202e-05,100000
AF_rr0.2,0.25,0,1,prospective,AP,0,0,100000
AF_rr0.2,0.25,0,1,prospective,SL,0,0,100000
AF_rr0.2,0.25,0,1,retrospective,AP,0,0,100000
AF_rr0.2,0.25,0,1,retrospective,SL,0,0,100000
AF_rr0.2,0.25,0,3,prospective,AP,0,0,100000
AF_rr0.2,0.25,0,3,prospective,SL,0,0,100000
AF_rr0.2,0.25,0,3,retrospective,AP,0.22461,0.0013197,100000
AF_rr0.2,0.25,0,3,retrospective,SL,0.22461,0.0013197,100000
AF_rr0.2,0.25,0,5,prospective,AP,0,0,100000
AF_rr0.2,0.25,0,5,prospective,SL,0,0,100000
AF_rr0.2,0.25,0,5,retrospective,AP,0.62204,0.00153332,100000
AF_rr0.2,0.25,0,5,retrospective,SL,0.62204,0.00153332,100000
AF_rr0.2,0.25,0,7,prospective,AP,0,0,100000
AF_rr0.2,0.25,0,7,prospective,SL,0,0,100000
AF_rr0.2,0.25,0,7,retrospective,AP,0.88647,0.0010032,100000
AF_rr0.2,0.25,0,7,retrospective,SL,0.88647,0.0010032,100000
AF_rr0.2,0.25,0,10,prospective,AP,0,0,100000
AF_rr0.2,0.25,0,10,prospective,SL,0,0,100000
AF_rr0.2,0.25,0,10,retrospective,AP,0.99167,0.000287413,100000
AF_rr0.2,0.25,0,10,retrospective,SL,0.99167,0.000287413,100000
AF_rr0.2,0.25,0,13,prospective,AP,0,0,100000
AF_rr0.2,0.25,0,13,prospective,SL,0,0,100000
AF_rr0.2,0.25,0,13,retrospective,AP,0.99978,4.6899e-05,100000
AF_rr0.2,0.25,0,13,retrospective,SL,0.99978,4.6899e-05,100000
AF_rr0.2,0.25,0.1,1,prospective,AP,0,0,100000
AF_rr0.2,0.25,0.1,1,prospective,SL,0,0,100000
AF_rr0.2,0.25,0.1,1,retrospective,AP,0,0,100000
AF_rr0.2,0.25,0.1,1,retrospective,SL,0,0,100000
AF_rr0.2,0.25,0.1,3,prospective,AP,0,0,100000
AF_rr0.2,0.25,0.1,3,prospective,SL,0,0,100000
AF_rr0.2,0.25,0.1,3,retrospective,AP,0.65874,0.00149934,100000
AF_rr0.2,0.25,0.1,3,retrospective,SL,0.69294,0.00145868,100000
AF_rr0.2,0.25,0.1,5,prospective,AP,4e-05,1.99996e-05,100000
AF_rr0.2,0.25,0.1,5,prospective,SL,0.00149,0.000121975,100000
AF_rr0.2,0.25,0.1,5,retrospective,AP,0.97499,0.000493807,100000
AF_rr0.2,0.25,0.1,5,retrospective,SL,0.9805,0.000437261,100000
AF_rr0.2,0.25,0.1,7,prospective,AP,0.00367,0.000191221,100000
AF_rr0.2,0.25,0.1,7,prospective,SL,0.02608,0.000503982,100000
AF_rr0.2,0.25,0.1,7,retrospective,AP,0.99928,8.48223e-05,100000
AF_rr0.2,0.25,0.1,7,retrospective,SL,0.99953,6.85404e-05,100000
AF_rr0.2,0.25,0.1,10,prospective,AP,0.22435,0.00131916,100000
AF_rr0.2,0.25,0.1,10,prospective,SL,0.36187,0.00151961,100000
AF_rr0.2,0.25,0.1,10,retrospective,AP,1,0,100000
AF_rr0.2,0.25,0.1,10,retrospective,SL,1,0,100000
AF_rr0.2,0.25,0.1,13,prospective,AP,0.79006,0.00128789,100000
AF_rr0.2,0.25,0.1,13,prospective,SL,0.85676,0.0011078,100000
AF_rr0.2,0.25,0.1,13,retrospective,AP,1,0,100000
AF_rr0.2,0.25,0.1,13,retrospective,SL,1,0,100000
AF_rr0.2,0.25,0.15,1,prospective,AP,0,0,100000
AF_rr0.2,0.25,0.15,1,prospective,SL,0,0,100000
AF_rr0.2,0.25,0.15,1,retrospective,AP,0,0,100000
AF_rr0.2,0.25,0.15,1,retrospective,SL,0,0,100000
AF_rr0.2,0.25,0.15,3,prospective,AP,0,0,100000
AF_rr0.2,0.25,0.15,3,prospective,SL,0,0,100000
AF_rr0.2,0.25,0.15,3,retrospective,AP,0.52364,0.00157937,100000
AF_rr0.2,0.25,0.15,3,retrospective,SL,0.56414,0.00156808,100000
AF_rr0.2,0.25,0.15,5,prospective,AP,1e-05,9.99995e-06,100000
AF_rr0.2,0.25,0.15,5,prospective,SL,0.0003,5.4764e-05,100000
AF_rr0.2,0.25,0.15,5,retrospective,AP,0.93091,0.000801976,100000
AF_rr0.2,0.25,0.15,5,retrospective,SL,0.94351,0.000730061,100000
AF_rr0.2,0.25,0.15,7,prospective,AP,0.00016,3.99968e-05,100000
AF_rr0.2,0.25,0.15,7,prospective,SL,0.0039,0.000197099,100000
AF_rr0.2,0.25,0.15,7,retrospective,AP,0.99536,0.000214906,100000
AF_rr0.2,0.25,0.15,7,retrospective,SL,0.99647,0.000187551,100000
AF_rr0.2,0.25,0.15,10,prospective,AP,0.01212,0.000346022,100000
AF_rr0.2,0.25,0.15,10,prospective,SL,0.062,0.000762601,100000
AF_rr0.2,0.25,0.15,10,retrospective,AP,0.99996,1.99996e-05,100000
AF_rr0.2,0.25,0.15,10,retrospective,SL,0.99997,1.73202e-05,100000
AF_rr0.2,0.25,0.15,13,prospective,AP,0.2122,0.00129295,100000
AF_rr0.2,0.25,0.15,13,prospective,SL,0.35977,0.00151768,100000
AF_rr0.2,0.25,0.15,13,retrospective,AP,1,0,100000
AF_rr0.2,0.25,0.15,13,retrospective,SL,1,0,100000
AF_rr0.2,0.25,0.2,1,prospective,AP,0,0,100000
AF_rr0.2,0.25,0.2,1,prospective,SL,0,0,100000
AF_rr0.2,0.25,0.2,1,retrospective,AP,0,0,100000
AF_rr0.2,0.25,0.2,1,retrospective,SL,0,0,100000
AF_rr0.2,0.25,0.2,3,prospective,AP,0,0,100000
AF_rr0.2,0.25,0.2,3,prospective,SL,0,0,100000
AF_rr0.2,0.25,0.2,3,retrospective,AP,0.42999,0.00156556,100000
AF_rr0.2,0.25,0.2,3,retrospective,SL,0.46931,0.00157816,100000
AF_rr0.2,0.25,0.2,5,prospective,AP,0,0,100000
AF_rr0.2,0.25,0.2,5,prospective,SL,4e-05,1.99996e-05,100000
AF_rr0.2,0.25,0.2,5,retrospective,AP,0.87569,0.00104335,100000
AF_rr0.2,0.25,0.2,5,retrospective,SL,0.89581,0.000966098,100000
AF_rr0.2,0.25,0.2,7,prospective,AP,4e-05,1.99996e-05,100000
AF_rr0.2,0.25,0.2,7,prospective,SL,0.00121,0.000109933,100000
AF_rr0.2,0.25,0.2,7,retrospective,AP,0.98581,0.000374014,100000
AF_rr0.2,0.25,0.2,7,retrospective,SL,0.98972,0.000318972,100000
AF_rr0.2,0.25,0.2,10,prospective,AP,0.00124,0.000111286,100000
AF_rr0.2,0.25,0.2,10,prospective,SL,0.01475,0.000381214,100000
AF_rr0.2,0.25,0.2,10,retrospective,AP,0.9998,4.47169e-05,100000
AF_rr0.2,0.25,0.2,10,retrospective,SL,0.9999,3.16212e-05,100000
AF_rr0.2,0.25,0.2,13,prospective,AP,0.02511,0.000494767,100000
AF_rr0.2,0.25,0.2,13,prospective,SL,0.10016,0.000949358,100000
AF_rr0.2,0.25,0.2,13,retrospective,AP,1,0,100000
AF_rr0.2,0.25,0.2,13,retrospective,SL,1,0,100000
AF_rr0.2,0.25,0.25,1,prospective,AP,0,0,100000
AF_rr0.2,0.25,0.25,1,prospective,SL,0,0,100000
AF_rr0.2,0.25,0.25,1,retrospective,AP,0,0,100000
AF_rr0.2,0.25,0.25,1,retrospective,SL,0,0,100000
AF_rr0.2,0.25,0.25,3,prospective,AP,0,0,100000
AF_rr0.2,0.25,0.25,3,prospective,SL,0,0,100000
AF_rr0.2,0.25,0.25,3,retrospective,AP,0.36505,0.00152246,100000
AF_rr0.2,0.25,0.25,3,retrospective,SL,0.40116,0.00154994,100000
AF_rr0.2,0.25,0.25,5,prospective,AP,0,0,100000
AF_rr0.2,0.25,0.25,5,prospective,SL,0,0,100000
AF_rr0.2,0.25,0.25,5,retrospective,AP,0.82004,0.0012148,100000
AF_rr0.2,0.25,0.25,5,retrospective,SL,0.84618,0.00114087,100000
AF_rr0.2,0.25,0.25,7,prospective,AP,5e-05,2.23601e-05,100000
AF_rr0.2,0.25,0.25,7,prospective,SL,0.00049,6.99828e-05,100000
AF_rr0.2,0.25,0.25,7,retrospective,AP,0.97281,0.000514302,100000
AF_rr0.2,0.25,0.25,7,retrospective,SL,0.97867,0.000456892,100000
AF_rr0.2,0.25,0.25,10,prospective,AP,0.00042,6.47938e-05,100000
AF_rr0.2,0.25,0.25,10,prospective,SL,0.00552,0.000234297,100000
AF_rr0.2,0.25,0.25,10,retrospective,AP,0.99941,7.67888e-05,100000
AF_rr0.2,0.25,0.25,10,retrospective,SL,0.99968,5.65595e-05,100000
AF_rr0.2,0.25,0.25,13,prospective,AP,0.00408,0.000201578,100000
AF_rr0.2,0.25,0.25,13,prospective,SL,0.03311,0.000565807,100000
AF_rr0.2,0.25,0.25,13,retrospective,AP,0.99999,9.99995e-06,100000
AF_rr0.2,0.25,0.25,13,retrospective,SL,0.99999,9.99995e-06,100000
AF_rr0.2,0.3,0,1,prospective,AP,0,0,100000
AF_rr0.2,0.3,0,1,prospective,SL,0,0,100000
AF_rr0.2,0.3,0,1,retrospective,AP,0,0,100000
AF_rr0.2,0.3,0,1,retrospective,SL,0,0,100000
AF_rr0.2,0.3,0,3,prospective,AP,0,0,100000
AF_rr0.2,0.3,0,3,prospective,SL,0,0,100000
AF_rr0.2,0.3,0,3,retrospective,AP,0.22353,0.00131744,100000
AF_rr0.2,0.3,0,3,retrospective,SL,0.22353,0.00131744,100000
AF_rr0.2,0.3,0,5,prospective,AP,0,0,100000
AF_rr0.2,0.3,0,5,prospective,SL,0,0,100000
AF_rr0.2,0.3,0,5,retrospective,AP,0.62311,0.00153246,100000
AF_rr0.2,0.3,0,5,retrospective,SL,0.62311,0.00153246,100000
AF_rr0.2,0.3,0,7,prospective,AP,0,0,100000
AF_rr0.2,0.3,0,7,prospective,SL,0,0,100000
AF_rr0.2,0.3,0,7,retrospective,AP,0.88678,0.001002,100000
AF_rr0.2,0.3,0,7,retrospective,SL,0.88678,0.001002,100000
AF_rr0.2,0.3,0,10,prospective,AP,0,0,100000
AF_rr0.2,0.3,0,10,prospective,SL,0,0,100000
AF_rr0.2,0.3,0,10,retrospective,AP,0.99084,0.000301266,100000
AF_rr0.2,0.3,0,10,retrospective,SL,0.99084,0.000301266,100000
AF_rr0.2,0.3,0,13,prospective,AP,0,0,100000
AF_rr0.2,0.3,0,13,prospective,SL,0,0,100000
AF_rr0.2,0.3,0,13,retrospective,AP,0.99969,5.5669e-05,100000
AF_rr0.2,0.3,0,13,retrospective,SL,0.99969,5.5669e-05,100000
AF_rr0.2,0.3,0.1,1,prospective,AP,0,0,100000
AF_rr0.2,0.3,0.1,1,prospective,SL,0,0,100000
AF_rr0.2,0.3,0.1,1,retrospective,AP,0,0,100000
AF_rr0.2,0.3,0.1,1,retrospective,SL,0,0,100000
AF_rr0.2,0.3,0.1,3,prospective,AP,0,0,100000
AF_rr0.2,0.3,0.1,3,prospective,SL,0,0,100000
AF_rr0.2,0.3,0.1,3,retrospective,AP,0.703,0.00144496,100000
AF_rr0.2,0.3,0.1,3,retrospective,SL,0.73109,0.00140213,100000
AF_rr0.2,0.3,0.1,5,prospective,AP,9e-05,2.99986e-05,100000
AF_rr0.2,0.3,0.1,5,prospective,SL,0.00188,0.000136984,100000
AF_rr0.2,0.3,0.1,5,retrospective,AP,0.984,0.000396787,100000
AF_rr0.2,0.3,0.1,5,retrospective,SL,0.98647,0.000365335,100000
AF_rr0.2,0.3,0.1,7,prospective,AP,0.00936,0.000304506,100000
AF_rr0.2,0.3,0.1,7,prospective,SL,0.04109,0.000627707,100000
AF_rr0.2,0.3,0.1,7,retrospective,AP,0.99955,6.70669e-05,100000
AF_rr0.2,0.3,0.1,7,retrospective,SL,0.99965,5.91504e-05,100000
AF_rr0.2,0.3,0.1,10,prospective,AP,0.40818,0.00155425,100000
AF_rr0.2,0.3,0.1,10,prospective,SL,0.51747,0.00158017,100000
AF_rr0.2,0.3,0.1,10,retrospective,AP,1,0,100000
AF_rr0.2,0.3,0.1,10,retrospective,SL,1,0,100000
AF_rr0.2,0.3,0.1,13,prospective,AP,0.90676,0.000919491,100000
AF_rr0.2,0.3,0.1,13,prospective,SL,0.92942,0.000809929,100000
AF_rr0.2,0.3,0.1,13,retrospective,AP,1,0,100000
AF_rr0.2,0.3,0.1,13,retrospective,SL,1,0,100000
AF_rr0.2,0.3,0.15,1,prospective,AP,0,0,100000
AF_rr0.2,0.3,0.15,1,prospective,SL,0,0,100000
AF_rr0.2,0.3,0.15,1,retrospective,AP,0,0,100000
AF_rr0.2,0.3,0.15,1,retrospective,SL,0,0,100000
AF_rr0.2,0.3,0.15,3,prospective,AP,0,0,100000
AF_rr0.2,0.3,0.15,3,prospective,SL,0,0,100000
AF_rr0.2,0.3,0.15,3,retrospective,AP,0.57034,0.00156541,100000
AF_rr0.2,0.3,0.15,3,retrospective,SL,0.60013,0.00154911,100000
AF_rr0.2,0.3,0.15,5,prospective,AP,1e-05,9.99995e-06,100000
AF_rr0.2,0.3,0.15,5,prospective,SL,0.00033,5.74361e-05,100000
AF_rr0.2,0.3,0.15,5,retrospective,AP,0.94929,0.000693819,100000
AF_rr0.2,0.3,0.15,5,retrospective,SL,0.95883,0.000628292,100000
AF_rr0.2,0.3,0.15,7,prospective,AP,0.00045,6.70669e-05,100000
AF_rr0.2,0.3,0.15,7,prospective,SL,0.0052,0.000227441,100000
AF_rr0.2,0.3,0.15,7,retrospective,AP,0.99751,0.000157601,100000
AF_rr0.2,0.3,0.15,7,retrospective,SL,0.99776,0.000149499,100000
AF_rr0.2,0.3,0.15,10,prospective,AP,0.03459,0.000577871,100000
AF_rr0.2,0.3,0.15,10,prospective,SL,0.10076,0.000951879,100000
AF_rr0.2,0.3,0.15,10,retrospective,AP,0.99998,1.4142e-05,100000
AF_rr0.2,0.3,0.15,10,retrospective,SL,0.99999,9.99995e-06,100000
AF_rr0.2,0.3,0.15,13,prospective,AP,0.41174,0.00155631,100000
AF_rr0.2,0.3,0.15,13,prospective,SL,0.52914,0.00157845,100000
AF_rr0.2,0.3,0.15,13,retrospective,AP,1,0,100000
AF_rr0.2,0.3,0.15,13,retrospective,SL,1,0,100000
AF_rr0.2,0.3,0.2,1,prospective,AP,0,0,100000
AF_rr0.2,0.3,0.2,1,prospective,SL,0,0,100000
AF_rr0.2,0.3,0.2,1,retrospective,AP,0,0,100000
AF_rr0.2,0.3,0.2,1,retrospective,SL,0,0,100000
AF_rr0.2,0.3,0.2,3,prospective,AP,0,0,100000
AF_rr0.2,0.3,0.2,3,prospective,SL,0,0,100000
AF_rr0.2,0.3,0.2,3,retrospective,AP,0.47418,0.00157903,100000
AF_rr0.2,0.3,0.2,3,retrospective,SL,0.50799,0.00158094,100000
AF_rr0.2,0.3,0.2,5,prospective,AP,0,0,100000
AF_rr0.2,0.3,0.2,5,prospective,SL,7e-05,2.64566e-05,100000
AF_rr0.2,0.3,0.2,5,retrospective,AP,0.90543,0.000925346,100000
AF_rr0.2,0.3,0.2,5,retrospective,SL,0.91723,0.000871316,100000
AF_rr0.2,0.3,0.2,7,prospective,AP,6e-05,2.44942e-05,100000
AF_rr0.2,0.3,0.2,7,prospective,SL,0.00129,0.000113505,100000
AF_rr0.2,0.3,0.2,7,retrospective,AP,0.99179,0.000285352,100000
AF_rr0.2,0.3,0.2,7,retrospective,SL,0.99347,0.000254703,100000
AF_rr0.2,0.3,0.2,10,prospective,AP,0.00274,0.000165303,100000
AF_rr0.2,0.3,0.2,10,prospective,SL,0.02171,0.000460854,100000
AF_rr0.2,0.3,0.2,10,retrospective,AP,0.99991,2.99986e-05,100000
AF_rr0.2,0.3,0.2,10,retrospective,SL,0.99996,1.99996e-05,100000
AF_rr0.2,0.3,0.2,13,prospective,AP,0.07542,0.000835056,100000
AF_rr0.2,0.3,0.2,13,prospective,SL,0.1721,0.00119366,100000
AF_rr0.2,0.3,0.2,13,retrospective,AP,1,0,100000
AF_rr0.2,0.3,0.2,13,retrospective,SL,1,0,100000
AF_rr0.2,0.3,0.25,1,prospective,AP,0,0,100000
AF_rr0.2,0.3,0.25,1,prospective,SL,0,0,100000
AF_rr0.2,0.3,0.25,1,retrospective,AP,0,0,100000
AF_rr0.2,0.3,0.25,1,retrospective,SL,0,0,100000
AF_rr0.2,0.3,0.25,3,prospective,AP,0,0,100000
AF_rr0.2,0.3,0.25,3,prospective,SL,0,0,100000
AF_rr0.2,0.3,0.25,3,retrospective,AP,0.40469,0.00155215,100000
AF_rr0.2,0.3,0.25,3,retrospective,SL,0.4361,0.00156817,100000
AF_rr0.2,0.3,0.25,5,prospective,AP,0,0,100000
AF_rr0.2,0.3,0.25,5,prospective,SL,2e-05,1.4142e-05,100000
AF_rr0.2,0.3,0.25,5,retrospective,AP,0.85511,0.00111309,100000
AF_rr0.2,0.3,0.25,5,retrospective,SL,0.87269,0.00105405,100000
AF_rr0.2,0.3,0.25,7,prospective,AP,3e-05,1.73202e-05,100000
AF_rr0.2,0.3,0.25,7,prospective,SL,0.00059,7.67888e-05,100000
AF_rr0.2,0.3,0.25,7,retrospective,AP,0.98265,0.000412904,100000
AF_rr0.2,0.3,0.25,7,retrospective,SL,0.98547,0.000378403,100000
AF_rr0.2,0.3,0.25,10,prospective,AP,0.00053,7.27818e-05,100000
AF_rr0.2,0.3,0.25,10,prospective,SL,0.00677,0.00025931,100000
AF_rr0.2,0.3,0.25,10,retrospective,AP,0.99964,5.99892e-05,100000
AF_rr0.2,0.3,0.25,10,retrospective,SL,0.99977,4.79528e-05,100000
AF_rr0.2,0.3,0.25,13,prospective,AP,0.0106,0.000323846,100000
AF_rr0.2,0.3,0.25,13,prospective,SL,0.05207,0.000702558,100000
AF_rr0.2,0.3,0.25,13,retrospective,AP,1,0,100000
AF_rr0.2,0.3,0.25,13,retrospective,SL,0.99999,9.99995e-06,100000
AF_rr0.3,0.05,0,1,prospective,AP,0,0,100000
AF_rr0.3,0.05,0,1,prospective,SL,0,0,100000
AF_rr0.3,0.05,0,1,retrospective,AP,0,0,100000
AF_rr0.3,0.05,0,1,retrospective,SL,0,0,100000
AF_rr0.3,0.05,0,3,prospective,AP,0,0,100000
AF_rr0.3,0.05,0,3,prospective,SL,0,0,100000
AF_rr0.3,0.05,0,3,retrospective,AP,0.2242,0.00131884,100000
AF_rr0.3,0.05,0,3,retrospective,SL,0.2242,0.00131884,100000
AF_rr0.3,0.05,0,5,prospective,AP,0,0,100000
AF_rr0.3,0.05,0,5,prospective,SL,0,0,100000
AF_rr0.3,0.05,0,5,retrospective,AP,0.62076,0.00153433,100000
AF_rr0.3,0.05,0,5,retrospective,SL,0.62076,0.00153433,100000
AF_rr0.3,0.05,0,7,prospective,AP,0,0,100000
AF_rr0.3,0.05,0,7,prospective,SL,0,0,100000
AF_rr0.3,0.05,0,7,retrospective,AP,0.88851,0.000995289,100000
AF_rr0.3,0.05,0,7,retrospective,SL,0.88851,0.000995289,100000
AF_rr0.3,0.05,0,10,prospective,AP,0,0,100000
AF_rr0.3,0.05,0,10,prospective,SL,0,0,100000
AF_rr0.3,0.05,0,10,retrospective,AP,0.99219,0.00027837,100000
AF_rr0.3,0.05,0,10,retrospective,SL,0.99219,0.00027837,100000
AF_rr0.3,0.05,0,13,prospective,AP,0,0,100000
AF_rr0.3,0.05,0,13,prospective,SL,0,0,100000
AF_rr0.3,0.05,0,13,retrospective,AP,0.99976,4.89839e-05,100000
AF_rr0.3,0.05,0,13,retrospective,SL,0.99976,4.89839e-05,100000
AF_rr0.3,0.05,0.1,1,prospective,AP,0,0,100000
AF_rr0.3,0.05,0.1,1,prospective,SL,0,0,100000
AF_rr0.3,0.05,0.1,1,retrospective,AP,0,0,100000
AF_rr0.3,0.05,0.1,1,retrospective,SL,0,0,100000
AF_rr0.3,0.05,0.1,3,prospective,AP,0,0,100000
AF_rr0.3,0.05,0.1,3,prospective,SL,0,0,100000
AF_rr0.3,0.05,0.1,3,retrospective,AP,0.44345,0.00157099,100000
AF_rr0.3,0.05,0.1,3,retrospective,SL,0.53743,0.0015767,100000
AF_rr0.3,0.05,0.1,5,prospective,AP,2e-05,1.4142e-05,100000
AF_rr0.3,0.05,0.1,5,prospective,SL,0.00122,0.000110386,100000
AF_rr0.3,0.05,0.1,5,retrospective,AP,0.87607,0.00104198,100000
AF_rr0.3,0.05,0.1,5,retrospective,SL,0.92583,0.000828666,100000
AF_rr0.3,0.05,0.1,7,prospective,AP,0.00058,7.61356e-05,100000
AF_rr0.3,0.05,0.1,7,prospective,SL,0.01148,0.000336871,100000
AF_rr0.3,0.05,0.1,7,retrospective,AP,0.98498,0.000384635,100000
AF_rr0.3,0.05,0.1,7,retrospective,SL,0.99329,0.000258166,100000
AF_rr0.3,0.05,0.1,10,prospective,AP,0.01277,0.000355062,100000
AF_rr0.3,0.05,0.1,10,prospective,SL,0.09338,0.00092011,100000
AF_rr0.3,0.05,0.1,10,retrospective,AP,0.99974,5.09836e-05,100000
AF_rr0.3,0.05,0.1,10,retrospective,SL,0.99992,2.82831e-05,100000
AF_rr0.3,0.05,0.1,13,prospective,AP,0.08856,0.000898427,100000
AF_rr0.3,0.05,0.1,13,prospective,SL,0.32193,0.00147747,100000
AF_rr0.3,0.05,0.1,13,retrospective,AP,1,0,100000
AF_rr0.3,0.05,0.1,13,retrospective,SL,1,0,100000
AF_rr0.3,0.05,0.15,1,prospective,AP,0,0,100000
AF_rr0.3,0.05,0.15,1,prospective,SL,0,0,100000
AF_rr0.3,0.05,0.15,1,retrospective,AP,0,0,100000
AF_rr0.3,0.05,0.15,1,retrospective,SL,0,0,100000
AF_rr0.3,0.05,0.15,3,prospective,AP,0,0,100000
AF_rr0.3,0.05,0.15,3,prospective,SL,0,0,100000
AF_rr0.3,0.05,0.15,3,retrospective,AP,0.33437,0.00149187,100000
AF_rr0.3,0.05,0.15,3,retrospective,SL,0.41873,0.00156011,100000
AF_rr0.3,0.05,0.15,5,prospective,AP,1e-05,9.99995e-06,100000
AF_rr0.3,0.05,0.15,5,prospective,SL,0.00022,4.6899e-05,100000
AF_rr0.3,0.05,0.15,5,retrospective,AP,0.77876,0.0013126,100000
AF_rr0.3,0.05,0.15,5,retrospective,SL,0.84797,0.00113542,100000
AF_rr0.3,0.05,0.15,7,prospective,AP,7e-05,2.64566e-05,100000
AF_rr0.3,0.05,0.15,7,prospective,SL,0.0028,0.000167098,100000
AF_rr0.3,0.05,0.15,7,retrospective,AP,0.9581,0.000633596,100000
AF_rr0.3,0.05,0.15,7,retrospective,SL,0.97686,0.000475442,100000
AF_rr0.3,0.05,0.15,10,prospective,AP,0.00144,0.000119914,100000
AF_rr0.3,0.05,0.15,10,prospective,SL,0.02144,0.000458043,100000
AF_rr0.3,0.05,0.15,10,retrospective,AP,0.99852,0.000121565,100000
AF_rr0.3,0.05,0.15,10,retrospective,SL,0.99929,8.42316e-05,100000
AF_rr0.3,0.05,0.15,13,prospective,AP,0.01209,0.000345598,100000
AF_rr0.3,0.05,0.15,13,prospective,SL,0.09587,0.000931015,100000
AF_rr0.3,0.05,0.15,13,retrospective,AP,0.99996,1.99996e-05,100000
AF_rr0.3,0.05,0.15,13,retrospective,SL,0.99999,9.99995e-06,100000
AF_rr0.3,0.05,0.2,1,prospective,AP,0,0,100000
AF_rr0.3,0.05,0.2,1,prospective,SL,0,0,100000
AF_rr0.3,0.05,0.2,1,retrospective,AP,0,0,100000
AF_rr0.3,0.05,0.2,1,retrospective,SL,0,0,100000
AF_rr0.3,0.05,0.2,3,prospective,AP,0,0,100000
AF_rr0.3,0.05,0.2,3,prospective,SL,0,0,100000
AF_rr0.3,0.05,0.2,3,retrospective,AP,0.27768,0.00141624,100000
AF_rr0.3,0.05,0.2,3,retrospective,SL,0.34385,0.00150206,100000
AF_rr0.3,0.05,0.2,5,prospective,AP,0,0,100000
AF_rr0.3,0.05,0.2,5,prospective,SL,5e-05,2.23601e-05,100000
AF_rr0.3,0.05,0.2,5,retrospective,AP,0.70865,0.00143689,100000
AF_rr0.3,0.05,0.2,5,retrospective,SL,0.77895,0.0013122,100000
AF_rr0.3,0.05,0.2,7,prospective,AP,1e-05,9.99995e-06,100000
AF_rr0.3,0.05,0.2,7,prospective,SL,0.00079,8.88468e-05,100000
AF_rr0.3,0.05,0.2,7,retrospective,AP,0.93088,0.000802137,100000
AF_rr0.3,0.05,0.2,7,retrospective,SL,0.95714,0.000640492,100000
AF_rr0.3,0.05,0.2,10,prospective,AP,0.00026,5.09836e-05,100000
AF_rr0.3,0.05,0.2,10,prospective,SL,0.007,0.000263647,100000
AF_rr0.3,0.05,0.2,10,retrospective,AP,0.99632,0.00019148,100000
AF_rr0.3,0.05,0.2,10,retrospective,SL,0.99812,0.000136984,100000
AF_rr0.3,0.05,0.2,13,prospective,AP,0.00236,0.000153442,100000
AF_rr0.3,0.05,0.2,13,prospective,SL,0.03302,0.000565064,100000
AF_rr0.3,0.05,0.2,13,retrospective,AP,0.99993,2.64566e-05,100000
AF_rr0.3,0.05,0.2,13,retrospective,SL,0.99998,1.4142e-05,100000
AF_rr0.3,0.05,0.25,1,prospective,AP,0,0,100000
AF_rr0.3,0.05,0.25,1,prospective,SL,0,0,100000
AF_rr0.3,0.05,0.25,1,retrospective,AP,0,0,100000
AF_rr0.3,0.05,0.25,1,retrospective,SL,0,0,100000
AF_rr0.3,0.05,0.25,3,prospective,AP,0,0,100000
AF_rr0.3,0.05,0.25,3,prospective,SL,0,0,100000
AF_rr0.3,0.05,0.25,3,retrospective,AP,0.25222,0.00137334,100000
AF_rr0.3,0.05,0.25,3,retrospective,SL,0.30351,0.00145393,100000
AF_rr0.3,0.05,0.25,5,prospective,AP,0,0,100000
AF_rr0.3,0.05,0.25,5,prospective,SL,1e-05,9.99995e-06,100000
AF_rr0.3,0.05,0.25,5,retrospective,AP,0.66818,0.00148901,100000
AF_rr0.3,0.05,0.25,5,retrospective,SL,0.73103,0.00140223,100000
AF_rr0.3,0.05,0.25,7,prospective,AP,0,0,100000
AF_rr0.3,0.05,0.25,7,prospective,SL,0.00044,6.63179e-05,100000
AF_rr0.3,0.05,0.25,7,retrospective,AP,0.91313,0.000890638,100000
AF_rr0.3,0.05,0.25,7,retrospective,SL,0.93889,0.000757467,100000
AF_rr0.3,0.05,0.25,10,prospective,AP,0.00012,3.46389e-05,100000
AF_rr0.3,0.05,0.25,10,prospective,SL,0.00326,0.00018026,100000
AF_rr0.3,0.05,0.25,10,retrospective,AP,0.99474,0.000228743,100000
AF_rr0.3,0.05,0.25,10,retrospective,SL,0.99699,0.000173232,100000
AF_rr0.3,0.05,0.25,13,prospective,AP,0.00062,7.87157e-05,100000
AF_rr0.3,0.05,0.25,13,prospective,SL,0.01413,0.000373234,100000
AF_rr0.3,0.05,0.25,13,retrospective,AP,0.9999,3.16212e-05,100000
AF_rr0.3,0.05,0.25,13,retrospective,SL,0.99993,2.64566e-05,100000
AF_rr0.3,0.1,0,1,prospective,AP,0,0,100000
AF_rr0.3,0.1,0,1,prospective,SL,0,0,100000
AF_rr0.3,0.1,0,1,retrospective,AP,0,0,100000
AF_rr0.3,0.1,0,1,retrospective,SL,0,0,100000
AF_rr0.3,0.1,0,3,prospective,AP,0,0,100000
AF_rr0.3,0.1,0,3,prospective,SL,0,0,100000
AF_rr0.3,0.1,0,3,retrospective,AP,0.22453,0.00131953,100000
AF_rr0.3,0.1,0,3,retrospective,SL,0.22453,0.00131953,100000
AF_rr0.3,0.1,0,5,prospective,AP,0,0,100000
AF_rr0.3,0.1,0,5,prospective,SL,0,0,100000
AF_rr0.3,0.1,0,5,retrospective,AP,0.62429,0.00153151,100000
AF_rr0.3,0.1,0,5,retrospective,SL,0.62429,0.00153151,100000
AF_rr0.3,0.1,0,7,prospective,AP,0,0,100000
AF_rr0.3,0.1,0,7,prospective,SL,0,0,100000
AF_rr0.3,0.1,0,7,retrospective,AP,0.88673,0.0010022,100000
AF_rr0.3,0.1,0,7,retrospective,SL,0.88673,0.0010022,100000
AF_rr0.3,0.1,0,10,prospective,AP,0,0,100000
AF_rr0.3,0.1,0,10,prospective,SL,0,0,100000
AF_rr0.3,0.1,0,10,retrospective,AP,0.99184,0.000284489,100000
AF_rr0.3,0.1,0,10,retrospective,SL,0.99184,0.000284489,100000
AF_rr0.3,0.1,0,13,prospective,AP,0,0,100000
AF_rr0.3,0.1,0,13,prospective,SL,0,0,100000
AF_rr0.3,0.1,0,13,retrospective,AP,0.9997,5.4764e-05,100000
AF_rr0.3,0.1,0,13,retrospective,SL,0.9997,5.4764e-05,100000
AF_rr0.3,0.1,0.1,1,prospective,AP,0,0,100000
AF_rr0.3,0.1,0.1,1,prospective,SL,0,0,100000
AF_rr0.3,0.1,0.1,1,retrospective,AP,0,0,100000
AF_rr0.3,0.1,0.1,1,retrospective,SL,0,0,100000
AF_rr0.3,0.1,0.1,3,prospective,AP,0,0,100000
AF_rr0.3,0.1,0.1,3,prospective,SL,0,0,100000
AF_rr0.3,0.1,0.1,3,retrospective,AP,0.49118,0.00158089,100000
AF_rr0.3,0.1,0.1,3,retrospective,SL,0.57065,0.00156527,100000
AF_rr0.3,0.1,0.1,5,prospective,AP,2e-05,1.4142e-05,100000
AF_rr0.3,0.1,0.1,5,prospective,SL,0.00113,0.000106241,100000
AF_rr0.3,0.1,0.1,5,retrospective,AP,0.91107,0.000900119,100000
AF_rr0.3,0.1,0.1,5,retrospective,SL,0.94085,0.000745998,100000
AF_rr0.3,0.1,0.1,7,prospective,AP,0.00072,8.48223e-05,100000
AF_rr0.3,0.1,0.1,7,prospective,SL,0.01203,0.00034475,100000
AF_rr0.3,0.1,0.1,7,retrospective,AP,0.99229,0.000276596,100000
AF_rr0.3,0.1,0.1,7,retrospective,SL,0.9957,0.000206918,100000
AF_rr0.3,0.1,0.1,10,prospective,AP,0.01808,0.000421344,100000
AF_rr0.3,0.1,0.1,10,prospective,SL,0.11352,0.00100316,100000
AF_rr0.3,0.1,0.1,10,retrospective,AP,0.99993,2.64566e-05,100000
AF_rr0.3,0.1,0.1,10,retrospective,SL,0.99992,2.82831e-05,100000
AF_rr0.3,0.1,0.1,13,prospective,AP,0.15206,0.00113551,100000
AF_rr0.3,0.1,0.1,13,prospective,SL,0.40635,0.00155316,100000
AF_rr0.3,0.1,0.1,13,retrospective,AP,0.99999,9.99995e-06,100000
AF_rr0.3,0.1,0.1,13,retrospective,SL,1,0,100000
AF_rr0.3,0.1,0.15,1,prospective,AP,0,0,100000
AF_rr0.3,0.1,0.15,1,prospective,SL,0,0,100000
AF_rr0.3,0.1,0.15,1,retrospective,AP,0,0,100000
AF_rr0.3,0.1,0.15,1,retrospective,SL,0,0,100000
AF_rr0.3,0.1,0.15,3,prospective,AP,0,0,100000
AF_rr0.3,0.1,0.15,3,prospective,SL,0,0,100000
AF_rr0.3,0.1,0.15,3,retrospective,AP,0.37057,0.00152725,100000
AF_rr0.3,0.1,0.15,3,retrospective,SL,0.44444,0.00157135,100000
AF_rr0.3,0.1,0.15,5,prospective,AP,1e-05,9.99995e-06,100000
AF_rr0.3,0.1,0.15,5,prospective,SL,0.00024,4.89839e-05,100000
AF_rr0.3,0.1,0.15,5,retrospective,AP,0.82097,0.00121235,100000
AF_rr0.3,0.1,0.15,5,retrospective,SL,0.87208,0.0010562,100000
AF_rr0.3,0.1,0.15,7,prospective,AP,0.00011,3.31644e-05,100000
AF_rr0.3,0.1,0.15,7,prospective,SL,0.0025,0.000157916,100000
AF_rr0.3,0.1,0.15,7,retrospective,AP,0.97332,0.00050959,100000
AF_rr0.3,0.1,0.15,7,retrospective,SL,0.98427,0.000393479,100000
AF_rr0.3,0.1,0.15,10,prospective,AP,0.00173,0.000131416,100000
AF_rr0.3,0.1,0.15,10,prospective,SL,0.02484,0.000492168,100000
AF_rr0.3,0.1,0.15,10,retrospective,AP,0.99926,8.59914e-05,100000
AF_rr0.3,0.1,0.15,10,retrospective,SL,0.99976,4.89839e-05,100000
AF_rr0.3,0.1,0.15,13,prospective,AP,0.01688,0.00040737,100000
AF_rr0.3,0.1,0.15,13,prospective,SL,0.112,0.000997276,100000
AF_rr0.3,0.1,0.15,13,retrospective,AP,1,0,100000
AF_rr0.3,0.1,0.15,13,retrospective,SL,1,0,100000
AF_rr0.3,0.1,0.2,1,prospective,AP,0,0,100000
AF_rr0.3,0.1,0.2,1,prospective,SL,0,0,100000
AF_rr0.3,0.1,0.2,1,retrospective,AP,0,0,100000
AF_rr0.3,0.1,0.2,1,retrospective,SL,0,0,100000
AF_rr0.3,0.1,0.2,3,prospective,AP,0,0,100000
AF_rr0.3,0.1,0.2,3,prospective,SL,0,0,100000
AF_rr0.3,0.1,0.2,3,retrospective,AP,0.30381,0.00145434,100000
AF_rr0.3,0.1,0.2,3,retrospective,SL,0.36628,0.00152355,100000
AF_rr0.3,0.1,0.2,5,prospective,AP,0,0,100000
AF_rr0.3,0.1,0.2,5,prospective,SL,6e-05,2.44942e-05,100000
AF_rr0.3,0.1,0.2,5,retrospective,AP,0.74932,0.00137055,100000
AF_rr0.3,0.1,0.2,5,retrospective,SL,0.80591,0.00125068,100000
AF_rr0.3,0.1,0.2,7,prospective,AP,5e-05,2.23601e-05,100000
AF_rr0.3,0.1,0.2,7,prospective,SL,0.00082,9.05167e-05,100000
AF_rr0.3,0.1,0.2,7,retrospective,AP,0.94772,0.000703895,100000
AF_rr0.3,0.1,0.2,7,retrospective,SL,0.96675,0.000566961,100000
AF_rr0.3,0.1,0.2,10,prospective,AP,0.00038,6.16324e-05,100000
AF_rr0.3,0.1,0.2,10,prospective,SL,0.00758,0.000274273,100000
AF_rr0.3,0.1,0.2,10,retrospective,AP,0.99789,0.000145105,100000
AF_rr0.3,0.1,0.2,10,retrospective,SL,0.99886,0.00010671,100000
AF_rr0.3,0.1,0.2,13,prospective,AP,0.00309,0.000175512,100000
AF_rr0.3,0.1,0.2,13,prospective,SL,0.03664,0.000594117,100000
AF_rr0.3,0.1,0.2,13,retrospective,AP,0.99995,2.23601e-05,100000
AF_rr0.3,0.1,0.2,13,retrospective,SL,1,0,100000
AF_rr0.3,0.1,0.25,1,prospective,AP,0,0,100000
AF_rr0.3,0.1,0.25,1,prospective,SL,0,0,100000
AF_rr0.3,0.1,0.25,1,retrospective,AP,0,0,100000
AF_rr0.3,0.1,0.25,1,retrospective,SL,0,0,100000
AF_rr0.3,0.1,0.25,3,prospective,AP,0,0,100000
AF_rr0.3,0.1,0.25,3,prospective,SL,0,0,100000
AF_rr0.3,0.1,0.25,3,retrospective,AP,0.2687,0.00140179,100000
AF_rr0.3,0.1,0.25,3,retrospective,SL,0.31998,0.0014751,100000
AF_rr0.3,0.1,0.25,5,prospective,AP,0,0,100000
AF_rr0.3,0.1,0.25,5,prospective,SL,0,0,100000
AF_rr0.3,0.1,0.25,5,retrospective,AP,0.69663,0.00145374,100000
AF_rr0.3,0.1,0.25,5,retrospective,SL,0.75367,0.00136254,100000
AF_rr0.3,0.1,0.25,7,prospective,AP,0,0,100000
AF_rr0.3,0.1,0.25,7,prospective,SL,0.00041,6.40181e-05,100000
AF_rr0.3,0.1,0.25,7,retrospective,AP,0.92675,0.00082392,100000
AF_rr0.3,0.1,0.25,7,retrospective,SL,0.94792,0.000702621,100000
AF_rr0.3,0.1,0.25,10,prospective,AP,0.00013,3.60532e-05,100000
AF_rr0.3,0.1,0.25,10,prospective,SL,0.00325,0.000179984,100000
AF_rr0.3,0.1,0.25,10,retrospective,AP,0.99583,0.00020378,100000
AF_rr0.3,0.1,0.25,10,retrospective,SL,0.99748,0.000158545,100000
AF_rr0.3,0.1,0.25,13,prospective,AP,0.00093,9.63917e-05,100000
AF_rr0.3,0.1,0.25,13,prospective,SL,0.0158,0.000394339,100000
AF_rr0.3,0.1,0.25,13,retrospective,AP,0.99987,3.60532e-05,100000
AF_rr0.3,0.1,0.25,13,retrospective,SL,0.99994,2.44942e-05,100000
AF_rr0.3,0.15,0,1,prospective,AP,0,0,100000
AF_rr0.3,0.15,0,1,prospective,SL,0,0,100000
AF_rr0.3,0.15,0,1,retrospective,AP,0,0,100000
AF_rr0.3,0.15,0,1,retrospective,SL,0,0,100000
AF_rr0.3,0.15,0,3,prospective,AP,0,0,100000
AF_rr0.3,0.15,0,3,prospective,SL,0,0,100000
AF_rr0.3,0.15,0,3,retrospective,AP,0.2246,0.00131968,100000
AF_rr0.3,0.15,0,3,retrospective,SL,0.2246,0.00131968,100000
AF_rr0.3,0.15,0,5,prospective,AP,0,0,100000
AF_rr0.3,0.15,0,5,prospective,SL,0,0,100000
AF_rr0.3,0.15,0,5,retrospective,AP,0.62661,0.00152961,100000
AF_rr0.3,0.15,0,5,retrospective,SL,0.62661,0.00152961,100000
AF_rr0.3,0.15,0,7,prospective,AP,0,0,100000
AF_rr0.3,0.15,0,7,prospective,SL,0,0,100000
AF_rr0.3,0.15,0,7,retrospective,AP,0.88496,0.00100899,100000
AF_rr0.3,0.15,0,7,retrospective,SL,0.88496,0.00100899,100000
AF_rr0.3,0.15,0,10,prospective,AP,0,0,100000
AF_rr0.3,0.15,0,10,prospective,SL,0,0,100000
AF_rr0.3,0.15,0,10,retrospective,AP,0.99171,0.000286728,100000
AF_rr0.3,0.15,0,10,retrospective,SL,0.99171,0.000286728,100000
AF_rr0.3,0.15,0,13,prospective,AP,0,0,100000
AF_rr0.3,0.15,0,13,prospective,SL,0,0,100000
AF_rr0.3,0.15,0,13,retrospective,AP,0.99973,5.19545e-05,100000
AF_rr0.3,0.15,0,13,retrospective,SL,0.99973,5.19545e-05,100000
AF_rr0.3,0.15,0.1,1,prospective,AP,0,0,100000
AF_rr0.3,0.15,0.1,1,prospective,SL,0,0,100000
AF_rr0.3,0.15,0.1,1,retrospective,AP,0,0,100000
AF_rr0.3,0.15,0.1,1,retrospective,SL,0,0,100000
AF_rr0.3,0.15,0.1,3,prospective,AP,0,0,100000
AF_rr0.3,0.15,0.1,3,prospective,SL,1e-05,9.99995e-06,100000
AF_rr0.3,0.15,0.1,3,retrospective,AP,0.54861,0.00157365,100000
AF_rr0.3,0.15,0.1,3,retrospective,SL,0.61006,0.00154236,100000
AF_rr0.3,0.15,0.1,5,prospective,AP,8e-05,2.82831e-05,100000
AF_rr0.3,0.15,0.1,5,prospective,SL,0.00125,0.000111733,100000
AF_rr0.3,0.15,0.1,5,retrospective,AP,0.94226,0.000737605,100000
AF_rr0.3,0.15,0.1,5,retrospective,SL,0.95936,0.000624407,100000
AF_rr0.3,0.15,0.1,7,prospective,AP,0.00111,0.000105298,100000
AF_rr0.3,0.15,0.1,7,prospective,SL,0.01438,0.000376473,100000
AF_rr0.3,0.15,0.1,7,retrospective,AP,0.99615,0.000195836,100000
AF_rr0.3,0.15,0.1,7,retrospective,SL,0.99789,0.000145105,100000
AF_rr0.3,0.15,0.1,10,prospective,AP,0.03822,0.000606294,100000
AF_rr0.3,0.15,0.1,10,prospective,SL,0.15874,0.0011556,100000
AF_rr0.3,0.15,0.1,10,retrospective,AP,0.99998,1.4142e-05,100000
AF_rr0.3,0.15,0.1,10,retrospective,SL,0.99998,1.4142e-05,100000
AF_rr0.3,0.15,0.1,13,prospective,AP,0.33103,0.00148812,100000
AF_rr0.3,0.15,0.1,13,prospective,SL,0.55493,0.00157157,100000
AF_rr0.3,0.15,0.1,13,retrospective,AP,1,0,100000
AF_rr0.3,0.15,0.1,13,retrospective,SL,1,0,100000
AF_rr0.3,0.15,0.15,1,prospective,AP,0,0,100000
AF_rr0.3,0.15,0.15,1,prospective,SL,0,0,100000
AF_rr0.3,0.15,0.15,1,retrospective,AP,0,0,100000
AF_rr0.3,0.15,0.15,1,retrospective,SL,0,0,100000
AF_rr0.3,0.15,0.15,3,prospective,AP,0,0,100000
AF_rr0.3,0.15,0.15,3,prospective,SL,0,0,100000
AF_rr0.3,0.15,0.15,3,retrospective,AP,0.42719,0.00156428,100000
AF_rr0.3,0.15,0.15,3,retrospective,SL,0.48458,0.00158039,100000
AF_rr0.3,0.15,0.15,5,prospective,AP,0,0,100000
AF_rr0.3,0.15,0.15,5,prospective,SL,0.00024,4.89839e-05,100000
AF_rr0.3,0.15,0.15,5,retrospective,AP,0.86603,0.00107714,100000
AF_rr0.3,0.15,0.15,5,retrospective,SL,0.90266,0.000937363,100000
AF_rr0.3,0.15,0.15,7,prospective,AP,0.0001,3.16212e-05,100000
AF_rr0.3,0.15,0.15,7,prospective,SL,0.00299,0.000172657,100000
AF_rr0.3,0.15,0.15,7,retrospective,AP,0.9843,0.00039311,100000
AF_rr0.3,0.15,0.15,7,retrospective,SL,0.98972,0.000318972,100000
AF_rr0.3,0.15,0.15,10,prospective,AP,0.00275,0.000165603,100000
AF_rr0.3,0.15,0.15,10,prospective,SL,0.03014,0.000540662,100000
AF_rr0.3,0.15,0.15,10,retrospective,AP,0.99978,4.6899e-05,100000
AF_rr0.3,0.15,0.15,10,retrospective,SL,0.99989,3.31644e-05,100000
AF_rr0.3,0.15,0.15,13,prospective,AP,0.03286,0.000563739,100000
AF_rr0.3,0.15,0.15,13,prospective,SL,0.15211,0.00113566,100000
AF_rr0.3,0.15,0.15,13,retrospective,AP,1,0,100000
AF_rr0.3,0.15,0.15,13,retrospective,SL,1,0,100000
AF_rr0.3,0.15,0.2,1,prospective,AP,0,0,100000
AF_rr0.3,0.15,0.2,1,prospective,SL,0,0,100000
AF_rr0.3,0.15,0.2,1,retrospective,AP,0,0,100000
AF_rr0.3,0.15,0.2,1,retrospective,SL,0,0,100000
AF_rr0.3,0.15,0.2,3,prospective,AP,0,0,100000
AF_rr0.3,0.15,0.2,3,prospective,SL,0,0,100000
AF_rr0.3,0.15,0.2,3,retrospective,AP,0.34712,0.00150542,100000
AF_rr0.3,0.15,0.2,3,retrospective,SL,0.39911,0.00154862,100000
AF_rr0.3,0.15,0.2,5,prospective,AP,0,0,100000
AF_rr0.3,0.15,0.2,5,prospective,SL,5e-05,2.23601e-05,100000
AF_rr0.3,0.15,0.2,5,retrospective,AP,0.79329,0.00128055,100000
AF_rr0.3,0.15,0.2,5,retrospective,SL,0.83821,0.00116453,100000
AF_rr0.3,0.15,0.2,7,prospective,AP,2e-05,1.4142e-05,100000
AF_rr0.3,0.15,0.2,7,prospective,SL,0.00097,9.84408e-05,100000
AF_rr0.3,0.15,0.2,7,retrospective,AP,0.96688,0.000565889,100000
AF_rr0.3,0.15,0.2,7,retrospective,SL,0.9772,0.000472019,100000
AF_rr0.3,0.15,0.2,10,prospective,AP,0.00051,7.13961e-05,100000
AF_rr0.3,0.15,0.2,10,prospective,SL,0.00908,0.000299959,100000
AF_rr0.3,0.15,0.2,10,retrospective,AP,0.99888,0.000105771,100000
AF_rr0.3,0.15,0.2,10,retrospective,SL,0.99946,7.34648e-05,100000
AF_rr0.3,0.15,0.2,13,prospective,AP,0.00513,0.000225913,100000
AF_rr0.3,0.15,0.2,13,prospective,SL,0.04842,0.000678789,100000
AF_rr0.3,0.15,0.2,13,retrospective,AP,1,0,100000
AF_rr0.3,0.15,0.2,13,retrospective,SL,1,0,100000
AF_rr0.3,0.15,0.25,1,prospective,AP,0,0,100000
AF_rr0.3,0.15,0.25,1,prospective,SL,0,0,100000
AF_rr0.3,0.15,0.25,1,retrospective,AP,0,0,100000
AF_rr0.3,0.15,0.25,1,retrospective,SL,0,0,100000
AF_rr0.3,0.15,0.25,3,prospective,AP,0,0,100000
AF_rr0.3,0.15,0.25,3,prospective,SL,0,0,100000
AF_rr0.3,0.15,0.25,3,retrospective,AP,0.29578,0.00144324,100000
AF_rr0.3,0.15,0.25,3,retrospective,SL,0.34239,0.00150053,100000
AF_rr0.3,0.15,0.25,5,prospective,AP,0,0,100000
AF_rr0.3,0.15,0.25,5,prospective,SL,0,0,100000
AF_rr0.3,0.15,0.25,5,retrospective,AP,0.73643,0.0013932,100000
AF_rr0.3,0.15,0.25,5,retrospective,SL,0.78428,0.00130071,100000
AF_rr0.3,0.15,0.25,7,prospective,AP,0,0,100000
AF_rr0.3,0.15,0.25,7,prospective,SL,0.00032,5.65595e-05,100000
AF_rr0.3,0.15,0.25,7,retrospective,AP,0.94444,0.000724383,100000
AF_rr0.3,0.15,0.25,7,retrospective,SL,0.95964,0.000622343,100000
AF_rr0.3,0.15,0.25,10,prospective,AP,0.00017,4.12276e-05,100000
AF_rr0.3,0.15,0.25,10,prospective,SL,0.00389,0.000196847,100000
AF_rr0.3,0.15,0.25,10,retrospective,AP,0.99782,0.000147487,100000
AF_rr0.3,0.15,0.25,10,retrospective,SL,0.99862,0.000117392,100000
AF_rr0.3,0.15,0.25,13,prospective,AP,0.00119,0.000109022,100000
AF_rr0.3,0.15,0.25,13,prospective,SL,0.01783,0.000418475,100000
AF_rr0.3,0.15,0.25,13,retrospective,AP,0.99997,1.73202e-05,100000
AF_rr0.3,0.15,0.25,13,retrospective,SL,0.99997,1.73202e-05,100000
AF_rr0.3,0.2,0,1,prospective,AP,0,0,100000
AF_rr0.3,0.2,0,1,prospective,SL,0,0,100000
AF_rr0.3,0.2,0,1,retrospective,AP,0,0,100000
AF_rr0.3,0.2,0,1,retrospective,SL,0,0,100000
AF_rr0.3,0.2,0,3,prospective,AP,0,0,100000
AF_rr0.3,0.2,0,3,prospective,SL,0,0,100000
AF_rr0.3,0.2,0,3,retrospective,AP,0.22498,0.00132047,100000
AF_rr0.3,0.2,0,3,retrospective,SL,0.22498,0.00132047,100000
AF_rr0.3,0.2,0,5,prospective,AP,0,0,100000
AF_rr0.3,0.2,0,5,prospective,SL,0,0,100000
AF_rr0.3,0.2,0,5,retrospective,AP,0.62371,0.00153198,100000
AF_rr0.3,0.2,0,5,retrospective,SL,0.62371,0.00153198,100000
AF_rr0.3,0.2,0,7,prospective,AP,0,0,100000
AF_rr0.3,0.2,0,7,prospective,SL,0,0,100000
AF_rr0.3,0.2,0,7,retrospective,AP,0.88801,0.000997237,100000
AF_rr0.3,0.2,0,7,retrospective,SL,0.88801,0.000997237,100000
AF_rr0.3,0.2,0,10,prospective,AP,0,0,100000
AF_rr0.3,0.2,0,10,prospective,SL,0,0,100000
AF_rr0.3,0.2,0,10,retrospective,AP,0.99149,0.000290475,100000
AF_rr0.3,0.2,0,10,retrospective,SL,0.99149,0.000290475,100000
AF_rr0.3,0.2,0,13,prospective,AP,0,0,100000
AF_rr0.3,0.2,0,13,prospective,SL,0,0,100000
AF_rr0.3,0.2,0,13,retrospective,AP,0.99968,5.65595e-05,100000
AF_rr0.3,0.2,0,13,retrospective,SL,0.99968,5.65595e-05,100000
AF_rr0.3,0.2,0.1,1,prospective,AP,0,0,100000
AF_rr0.3,0.2,0.1,1,prospective,SL,0,0,100000
AF_rr0.3,0.2,0.1,1,retrospective,AP,0,0,100000
AF_rr0.3,0.2,0.1,1,retrospective,SL,0,0,100000
AF_rr0.3,0.2,0.1,3,prospective,AP,0,0,100000
AF_rr0.3,0.2,0.1,3,prospective,SL,0,0,100000
AF_rr0.3,0.2,0.1,3,retrospective,AP,0.61133,0.00154145,100000
AF_rr0.3,0.2,0.1,3,retrospective,SL,0.65688,0.00150129,100000
AF_rr0.3,0.2,0.1,5,prospective,AP,6e-05,2.44942e-05,100000
AF_rr0.3,0.2,0.1,5,prospective,SL,0.00137,0.000116967,100000
AF_rr0.3,0.2,0.1,5,retrospective,AP,0.96222,0.000602932,100000
AF_rr0.3,0.2,0.1,5,retrospective,SL,0.973,0.000512552,100000
AF_rr0.3,0.2,0.1,7,prospective,AP,0.00172,0.000131036,100000
AF_rr0.3,0.2,0.1,7,prospective,SL,0.01888,0.00043039,100000
AF_rr0.3,0.2,0.1,7,retrospective,AP,0.99835,0.000128346,100000
AF_rr0.3,0.2,0.1,7,retrospective,SL,0.99901,9.94495e-05,100000
AF_rr0.3,0.2,0.1,10,prospective,AP,0.09849,0.000942283,100000
AF_rr0.3,0.2,0.1,10,prospective,SL,0.24207,0.00135452,100000
AF_rr0.3,0.2,0.1,10,retrospective,AP,1,0,100000
AF_rr0.3,0.2,0.1,10,retrospective,SL,1,0,100000
AF_rr0.3,0.2,0.1,13,prospective,AP,0.596,0.00155172,100000
AF_rr0.3,0.2,0.1,13,prospective,SL,0.73453,0.00139641,100000
AF_rr0.3,0.2,0.1,13,retrospective,AP,1,0,100000
AF_rr0.3,0.2,0.1,13,retrospective,SL,1,0,100000
AF_rr0.3,0.2,0.15,1,prospective,AP,0,0,100000
AF_rr0.3,0.2,0.15,1,prospective,SL,0,0,100000
AF_rr0.3,0.2,0.15,1,retrospective,AP,0,0,100000
AF_rr0.3,0.2,0.15,1,retrospective,SL,0,0,100000
AF_rr0.3,0.2,0.15,3,prospective,AP,0,0,100000
AF_rr0.3,0.2,0.15,3,prospective,SL,0,0,100000
AF_rr0.3,0.2,0.15,3,retrospective,AP,0.4745,0.00157908,100000
AF_rr0.3,0.2,0.15,3,retrospective,SL,0.52277,0.0015795,100000
AF_rr0.3,0.2,0.15,5,prospective,AP,1e-05,9.99995e-06,100000
AF_rr0.3,0.2,0.15,5,prospective,SL,0.00022,4.6899e-05,100000
AF_rr0.3,0.2,0.15,5,retrospective,AP,0.90475,0.000928318,100000
AF_rr0.3,0.2,0.15,5,retrospective,SL,0.92586,0.000828512,100000
AF_rr0.3,0.2,0.15,7,prospective,AP,0.00013,3.60532e-05,100000
AF_rr0.3,0.2,0.15,7,prospective,SL,0.00356,0.000188343,100000
AF_rr0.3,0.2,0.15,7,retrospective,AP,0.99171,0.000286728,100000
AF_rr0.3,0.2,0.15,7,retrospective,SL,0.99403,0.000243605,100000
AF_rr0.3,0.2,0.15,10,prospective,AP,0.00542,0.000232177,100000
AF_rr0.3,0.2,0.15,10,prospective,SL,0.04166,0.000631858,100000
AF_rr0.3,0.2,0.15,10,retrospective,AP,0.99986,3.7414e-05,100000
AF_rr0.3,0.2,0.15,10,retrospective,SL,0.99997,1.73202e-05,100000
AF_rr0.3,0.2,0.15,13,prospective,AP,0.08687,0.000890638,100000
AF_rr0.3,0.2,0.15,13,prospective,SL,0.23647,0.0013437,100000
AF_rr0.3,0.2,0.15,13,retrospective,AP,1,0,100000
AF_rr0.3,0.2,0.15,13,retrospective,SL,1,0,100000
AF_rr0.3,0.2,0.2,1,prospective,AP,0,0,100000
AF_rr0.3,0.2,0.2,1,prospective,SL,0,0,100000
AF_rr0.3,0.2,0.2,1,retrospective,AP,0,0,100000
AF_rr0.3,0.2,0.2,1,retrospective,SL,0,0,100000
AF_rr0.3,0.2,0.2,3,prospective,AP,0,0,100000
AF_rr0.3,0.2,0.2,3,prospective,SL,0,0,100000
AF_rr0.3,0.2,0.2,3,retrospective,AP,0.38976,0.00154223,100000
AF_rr0.3,0.2,0.2,3,retrospective,SL,0.43568,0.001568,100000
AF_rr0.3,0.2,0.2,5,prospective,AP,0,0,100000
AF_rr0.3,0.2,0.2,5,prospective,SL,0.0001,3.16212e-05,100000
AF_rr0.3,0.2,0.2,5,retrospective,AP,0.83982,0.00115984,100000
AF_rr0.3,0.2,0.2,5,retrospective,SL,0.87034,0.0010623,100000
AF_rr0.3,0.2,0.2,7,prospective,AP,4e-05,1.99996e-05,100000
AF_rr0.3,0.2,0.2,7,prospective,SL,0.00115,0.000107176,100000
AF_rr0.3,0.2,0.2,7,retrospective,AP,0.97827,0.000461062,100000
AF_rr0.3,0.2,0.2,7,retrospective,SL,0.98398,0.000397031,100000
AF_rr0.3,0.2,0.2,10,prospective,AP,0.00082,9.05167e-05,100000
AF_rr0.3,0.2,0.2,10,prospective,SL,0.01137,0.000335272,100000
AF_rr0.3,0.2,0.2,10,retrospective,AP,0.99965,5.91504e-05,100000
AF_rr0.3,0.2,0.2,10,retrospective,SL,0.99973,5.19545e-05,100000
AF_rr0.3,0.2,0.2,13,prospective,AP,0.00998,0.000314331,100000
AF_rr0.3,0.2,0.2,13,prospective,SL,0.06684,0.000789762,100000
AF_rr0.3,0.2,0.2,13,retrospective,AP,1,0,100000
AF_rr0.3,0.2,0.2,13,retrospective,SL,1,0,100000
AF_rr0.3,0.2,0.25,1,prospective,AP,0,0,100000
AF_rr0.3,0.2,0.25,1,prospective,SL,0,0,100000
AF_rr0.3,0.2,0.25,1,retrospective,AP,0,0,100000
AF_rr0.3,0.2,0.25,1,retrospective,SL,0,0,100000
AF_rr0.3,0.2,0.25,3,prospective,AP,0,0,100000
AF_rr0.3,0.2,0.25,3,prospective,SL,0,0,100000
AF_rr0.3,0.2,0.25,3,retrospective,AP,0.33204,0.00148926,100000
AF_rr0.3,0.2,0.25,3,retrospective,SL,0.37475,0.00153073,100000
AF_rr0.3,0.2,0.25,5,prospective,AP,0,0,100000
AF_rr0.3,0.2,0.25,5,prospective,SL,1e-05,9.99995e-06,100000
AF_rr0.3,0.2,0.25,5,retrospective,AP,0.78002,0.00130992,100000
AF_rr0.3,0.2,0.25,5,retrospective,SL,0.81791,0.00122038,100000
AF_rr0.3,0.2,0.25,7,prospective,AP,0,0,100000
AF_rr0.3,0.2,0.25,7,prospective,SL,0.00044,6.63179e-05,100000
AF_rr0.3,0.2,0.25,7,retrospective,AP,0.9621,0.000603851,100000
AF_rr0.3,0.2,0.25,7,retrospective,SL,0.97152,0.000526012,100000
AF_rr0.3,0.2,0.25,10,prospective,AP,0.00017,4.12276e-05,100000
AF_rr0.3,0.2,0.25,10,prospective,SL,0.0044,0.0002093,100000
AF_rr0.3,0.2,0.25,10,retrospective,AP,0.9988,0.000109479,100000
AF_rr0.3,0.2,0.25,10,retrospective,SL,0.99926,8.59914e-05,100000
AF_rr0.3,0.2,0.25,13,prospective,AP,0.0024,0.000154733,100000
AF_rr0.3,0.2,0.25,13,prospective,SL,0.02447,0.000488582,100000
AF_rr0.3,0.2,0.25,13,retrospective,AP,0.99999,9.99995e-06,100000
AF_rr0.3,0.2,0.25,13,retrospective,SL,1,0,100000
AF_rr0.3,0.25,0,1,prospective,AP,0,0,100000
AF_rr0.3,0.25,0,1,prospective,SL,0,0,100000
AF_rr0.3,0.25,0,1,retrospective,AP,0,0,100000
AF_rr0.3,0.25,0,1,retrospective,SL,0,0,100000
AF_rr0.3,0.25,0,3,prospective,AP,0,0,100000
AF_rr0.3,0.25,0,3,prospective,SL,0,0,100000
AF_rr0.3,0.25,0,3,retrospective,AP,0.2235,0.00131738,100000
AF_rr0.3,0.25,0,3,retrospective,SL,0.2235,0.00131738,100000
AF_rr0.3,0.25,0,5,prospective,AP,0,0,100000
AF_rr0.3,0.25,0,5,prospective,SL,0,0,100000
AF_rr0.3,0.25,0,5,retrospective,AP,0.62057,0.00153448,100000
AF_rr0.3,0.25,0,5,retrospective,SL,0.62057,0.00153448,100000
AF_rr0.3,0.25,0,7,prospective,AP,0,0,100000
AF_rr0.3,0.25,0,7,prospective,SL,0,0,100000
AF_rr0.3,0.25,0,7,retrospective,AP,0.88815,0.000996692,100000
AF_rr0.3,0.25,0,7,retrospective,SL,0.88815,0.000996692,100000
AF_rr0.3,0.25,0,10,prospective,AP,0,0,100000
AF_rr0.3,0.25,0,10,prospective,SL,0,0,100000
AF_rr0.3,0.25,0,10,retrospective,AP,0.99211,0.000279781,100000
AF_rr0.3,0.25,0,10,retrospective,SL,0.99211,0.000279781,100000
AF_rr0.3,0.25,0,13,prospective,AP,0,0,100000
AF_rr0.3,0.25,0,13,prospective,SL,0,0,100000
AF_rr0.3,0.25,0,13,retrospective,AP,0.99975,4.99937e-05,100000
AF_rr0.3,0.25,0,13,retrospective,SL,0.99975,4.99937e-05,100000
AF_rr0.3,0.25,0.1,1,prospective,AP,0,0,100000
AF_rr0.3,0.25,0.1,1,prospective,SL,0,0,100000
AF_rr0.3,0.25,0.1,1,retrospective,AP,0,0,100000
AF_rr0.3,0.25,0.1,1,retrospective,SL,0,0,100000
AF_rr0.3,0.25,0.1,3,prospective,AP,0,0,100000
AF_rr0.3,0.25,0.1,3,prospective,SL,0,0,100000
AF_rr0.3,0.25,0.1,3,retrospective,AP,0.66205,0.00149579,100000
AF_rr0.3,0.25,0.1,3,retrospective,SL,0.69792,0.00145199,100000
AF_rr0.3,0.25,0.1,5,prospective,AP,7e-05,2.64566e-05,100000
AF_rr0.3,0.25,0.1,5,prospective,SL,0.00144,0.000119914,100000
AF_rr0.3,0.25,0.1,5,retrospective,AP,0.97536,0.000490233,100000
AF_rr0.3,0.25,0.1,5,retrospective,SL,0.98028,0.000439672,100000
AF_rr0.3,0.25,0.1,7,prospective,AP,0.00354,0.000187816,100000
AF_rr0.3,0.25,0.1,7,prospective,SL,0.02664,0.000509218,100000
AF_rr0.3,0.25,0.1,7,retrospective,AP,0.9991,9.48256e-05,100000
AF_rr0.3,0.25,0.1,7,retrospective,SL,0.99932,8.24341e-05,100000
AF_rr0.3,0.25,0.1,10,prospective,AP,0.23725,0.00134522,100000
AF_rr0.3,0.25,0.1,10,prospective,SL,0.37323,0.00152947,100000
AF_rr0.3,0.25,0.1,10,retrospective,AP,1,0,100000
AF_rr0.3,0.25,0.1,10,retrospective,SL,1,0,100000
AF_rr0.3,0.25,0.1,13,prospective,AP,0.80348,0.00125658,100000
AF_rr0.3,0.25,0.1,13,prospective,SL,0.86343,0.0010859,100000
AF_rr0.3,0.25,0.1,13,retrospective,AP,1,0,100000
AF_rr0.3,0.25,0.1,13,retrospective,SL,1,0,100000
AF_rr0.3,0.25,0.15,1,prospective,AP,0,0,100000
AF_rr0.3,0.25,0.15,1,prospective,SL,0,0,100000
AF_rr0.3,0.25,0.15,1,retrospective,AP,0,0,100000
AF_rr0.3,0.25,0.15,1,retrospective,SL,0,0,100000
AF_rr0.3,0.25,0.15,3,prospective,AP,0,0,100000
AF_rr0.3,0.25,0.15,3,prospective,SL,0,0,100000
AF_rr0.3,0.25,0.15,3,retrospective,AP,0.52841,0.00157858,100000
AF_rr0.3,0.25,0.15,3,retrospective,SL,0.56602,0.00156729,100000
AF_rr0.3,0.25,0.15,5,prospective,AP,0,0,100000
AF_rr0.3,0.25,0.15,5,prospective,SL,0.00029,5.38438e-05,100000
AF_rr0.3,0.25,0.15,5,retrospective,AP,0.93249,0.000793425,100000
AF_rr0.3,0.25,0.15,5,retrospective,SL,0.94445,0.000724322,100000
AF_rr0.3,0.25,0.15,7,prospective,AP,0.00029,5.38438e-05,100000
AF_rr0.3,0.25,0.15,7,prospective,SL,0.00415,0.000203292,100000
AF_rr0.3,0.25,0.15,7,retrospective,AP,0.99497,0.000223712,100000
AF_rr0.3,0.25,0.15,7,retrospective,SL,0.99628,0.000192514,100000
AF_rr0.3,0.25,0.15,10,prospective,AP,0.01315,0.000360237,100000
AF_rr0.3,0.25,0.15,10,prospective,SL,0.06331,0.000770077,100000
AF_rr0.3,0.25,0.15,10,retrospective,AP,0.99996,1.99996e-05,100000
AF_rr0.3,0.25,0.15,10,retrospective,SL,0.99999,9.99995e-06,100000
AF_rr0.3,0.25,0.15,13,prospective,AP,0.22611,0.00132282,100000
AF_rr0.3,0.25,0.15,13,prospective,SL,0.37293,0.00152923,100000
AF_rr0.3,0.25,0.15,13,retrospective,AP,1,0,100000
AF_rr0.3,0.25,0.15,13,retrospective,SL,1,0,100000
AF_rr0.3,0.25,0.2,1,prospective,AP,0,0,100000
AF_rr0.3,0.25,0.2,1,prospective,SL,0,0,100000
AF_rr0.3,0.25,0.2,1,retrospective,AP,0,0,100000
AF_rr0.3,0.25,0.2,1,retrospective,SL,0,0,100000
AF_rr0.3,0.25,0.2,3,prospective,AP,0,0,100000
AF_rr0.3,0.25,0.2,3,prospective,SL,0,0,100000
AF_rr0.3,0.25,0.2,3,retrospective,AP,0.4344,0.00156747,100000
AF_rr0.3,0.25,0.2,3,retrospective,SL,0.47399,0.001579,100000
AF_rr0.3,0.25,0.2,5,prospective,AP,0,0,100000
AF_rr0.3,0.25,0.2,5,prospective,SL,6e-05,2.44942e-05,100000
AF_rr0.3,0.25,0.2,5,retrospective,AP,0.87722,0.00103781,100000
AF_rr0.3,0.25,0.2,5,retrospective,SL,0.898,0.000957058,100000
AF_rr0.3,0.25,0.2,7,prospective,AP,4e-05,1.99996e-05,100000
AF_rr0.3,0.25,0.2,7,prospective,SL,0.00123,0.000110837,100000
AF_rr0.3,0.25,0.2,7,retrospective,AP,0.98712,0.000356568,100000
AF_rr0.3,0.25,0.2,7,retrospective,SL,0.98977,0.000318204,100000
AF_rr0.3,0.25,0.2,10,prospective,AP,0.00147,0.000121154,100000
AF_rr0.3,0.25,0.2,10,prospective,SL,0.01538,0.000389146,100000
AF_rr0.3,0.25,0.2,10,retrospective,AP,0.99984,3.99968e-05,100000
AF_rr0.3,0.25,0.2,10,retrospective,SL,0.99996,1.99996e-05,100000
AF_rr0.3,0.25,0.2,13,prospective,AP,0.02837,0.000525025,100000
AF_rr0.3,0.25,0.2,13,prospective,SL,0.1043,0.000966548,100000
AF_rr0.3,0.25,0.2,13,retrospective,AP,1,0,100000
AF_rr0.3,0.25,0.2,13,retrospective,SL,1,0,100000
AF_rr0.3,0.25,0.25,1,prospective,AP,0,0,100000
AF_rr0.3,0.25,0.25,1,prospective,SL,0,0,100000
AF_rr0.3,0.25,0.25,1,retrospective,AP,0,0,100000
AF_rr0.3,0.25,0.25,1,retrospective,SL,0,0,100000
AF_rr0.3,0.25,0.25,3,prospective,AP,0,0,100000
AF_rr0.3,0.25,0.25,3,prospective,SL,0,0,100000
AF_rr0.3,0.25,0.25,3,retrospective,AP,0.36987,0.00152665,100000
AF_rr0.3,0.25,0.25,3,retrospective,SL,0.40557,0.00155268,100000
AF_rr0.3,0.25,0.25,5,prospective,AP,0,0,100000
AF_rr0.3,0.25,0.25,5,prospective,SL,1e-05,9.99995e-06,100000
AF_rr0.3,0.25,0.25,5,retrospective,AP,0.82341,0.00120584,100000
AF_rr0.3,0.25,0.25,5,retrospective,SL,0.84954,0.00113058,100000
AF_rr0.3,0.25,0.25,7,prospective,AP,0,0,100000
AF_rr0.3,0.25,0.25,7,prospective,SL,0.00046,6.78077e-05,100000
AF_rr0.3,0.25,0.25,7,retrospective,AP,0.97402,0.000503041,100000
AF_rr0.3,0.25,0.25,7,retrospective,SL,0.97943,0.000448853,100000
AF_rr0.3,0.25,0.25,10,prospective,AP,0.00033,5.74361e-05,100000
AF_rr0.3,0.25,0.25,10,prospective,SL,0.00573,0.000238687,100000
AF_rr0.3,0.25,0.25,10,retrospective,AP,0.99927,8.54088e-05,100000
AF_rr0.3,0.25,0.25,10,retrospective,SL,0.9996,6.32329e-05,100000
AF_rr0.3,0.25,0.25,13,prospective,AP,0.00411,0.000202314,100000
AF_rr0.3,0.25,0.25,13,prospective,SL,0.0343,0.00057553,100000
AF_rr0.3,0.25,0.25,13,retrospective,AP,1,0,100000
AF_rr0.3,0.25,0.25,13,retrospective,SL,1,0,100000
AF_rr0.3,0.3,0,1,prospective,AP,0,0,100000
AF_rr0.3,0.3,0,1,prospective,SL,0,0,100000
AF_rr0.3,0.3,0,1,retrospective,AP,0,0,100000
AF_rr0.3,0.3,0,1,retrospective,SL,0,0,100000
AF_rr0.3,0.3,0,3,prospective,AP,0,0,100000
AF_rr0.3,0.3,0,3,prospective,SL,0,0,100000
AF_rr0.3,0.3,0,3,retrospective,AP,0.22416,0.00131876,100000
AF_rr0.3,0.3,0,3,retrospective,SL,0.22416,0.00131876,100000
AF_rr0.3,0.3,0,5,prospective,AP,0,0,100000
AF_rr0.3,0.3,0,5,prospective,SL,0,0,100000
AF_rr0.3,0.3,0,5,retrospective,AP,0.62215,0.00153323,100000
AF_rr0.3,0.3,0,5,retrospective,SL,0.62215,0.00153323,100000
AF_rr0.3,0.3,0,7,prospective,AP,0,0,100000
AF_rr0.3,0.3,0,7,prospective,SL,0,0,100000
AF_rr0.3,0.3,0,7,retrospective,AP,0.88642,0.00100339,100000
AF_rr0.3,0.3,0,7,retrospective,SL,0.88642,0.00100339,100000
AF_rr0.3,0.3,0,10,prospective,AP,0,0,100000
AF_rr0.3,0.3,0,10,prospective,SL,0,0,100000
AF_rr0.3,0.3,0,10,retrospective,AP,0.9919,0.00028345,100000
AF_rr0.3,0.3,0,10,retrospective,SL,0.9919,0.00028345,100000
AF_rr0.3,0.3,0,13,prospective,AP,0,0,100000
AF_rr0.3,0.3,0,13,prospective,SL,0,0,100000
AF_rr0.3,0.3,0,13,retrospective,AP,0.99972,5.29076e-05,100000
AF_rr0.3,0.3,0,13,retrospective,SL,0.99972,5.29076e-05,100000
AF_rr0.3,0.3,0.1,1,prospective,AP,0,0,100000
AF_rr0.3,0.3,0.1,1,prospective,SL,0,0,100000
AF_rr0.3,0.3,0.1,1,retrospective,AP,0,0,100000
AF_rr0.3,0.3,0.1,1,retrospective,SL,0,0,100000
AF_rr0.3,0.3,0.1,3,prospective,AP,0,0,100000
AF_rr0.3,0.3,0.1,3,prospective,SL,0,0,100000
AF_rr0.3,0.3,0.1,3,retrospective,AP,0.70541,0.00144155,100000
AF_rr0.3,0.3,0.1,3,retrospective,SL,0.73212,0.00140043,100000
AF_rr0.3,0.3,0.1,5,prospective,AP,0.00011,3.31644e-05,100000
AF_rr0.3,0.3,0.1,5,prospective,SL,0.00189,0.000137347,100000
AF_rr0.3,0.3,0.1,5,retrospective,AP,0.98382,0.000398976,100000
AF_rr0.3,0.3,0.1,5,retrospective,SL,0.9867,0.000362258,100000
AF_rr0.3,0.3,0.1,7,prospective,AP,0.01029,0.000319126,100000
AF_rr0.3,0.3,0.1,7,prospective,SL,0.04334,0.000643907,100000
AF_rr0.3,0.3,0.1,7,retrospective,AP,0.99958,6.47938e-05,100000
AF_rr0.3,0.3,0.1,7,retrospective,SL,0.99973,5.19545e-05,100000
AF_rr0.3,0.3,0.1,10,prospective,AP,0.42356,0.00156255,100000
AF_rr0.3,0.3,0.1,10,prospective,SL,0.52734,0.00157877,100000
AF_rr0.3,0.3,0.1,10,retrospective,AP,0.99999,9.99995e-06,100000
AF_rr0.3,0.3,0.1,10,retrospective,SL,1,0,100000
AF_rr0.3,0.3,0.1,13,prospective,AP,0.91255,0.000893322,100000
AF_rr0.3,0.3,0.1,13,prospective,SL,0.93421,0.000783975,100000
AF_rr0.3,0.3,0.1,13,retrospective,AP,1,0,100000
AF_rr0.3,0.3,0.1,13,retrospective,SL,1,0,100000
AF_rr0.3,0.3,0.15,1,prospective,AP,0,0,100000
AF_rr0.3,0.3,0.15,1,prospective,SL,0,0,100000
AF_rr0.3,0.3,0.15,1,retrospective,AP,0,0,100000
AF_rr0.3,0.3,0.15,1,retrospective,SL,0,0,100000
AF_rr0.3,0.3,0.15,3,prospective,AP,0,0,100000
AF_rr0.3,0.3,0.15,3,prospective,SL,0,0,100000
AF_rr0.3,0.3,0.15,3,retrospective,AP,0.57274,0.00156432,100000
AF_rr0.3,0.3,0.15,3,retrospective,SL,0.60542,0.0015456,100000
AF_rr0.3,0.3,0.15,5,prospective,AP,1e-05,9.99995e-06,100000
AF_rr0.3,0.3,0.15,5,prospective,SL,0.00026,5.09836e-05,100000
AF_rr0.3,0.3,0.15,5,retrospective,AP,0.95084,0.000683691,100000
AF_rr0.3,0.3,0.15,5,retrospective,SL,0.95802,0.000634174,100000
AF_rr0.3,0.3,0.15,7,prospective,AP,0.00049,6.99828e-05,100000
AF_rr0.3,0.3,0.15,7,prospective,SL,0.00538,0.000231323,100000
AF_rr0.3,0.3,0.15,7,retrospective,AP,0.99742,0.000160416,100000
AF_rr0.3,0.3,0.15,7,retrospective,SL,0.99774,0.000150163,100000
AF_rr0.3,0.3,0.15,10,prospective,AP,0.0377,0.000602318,100000
AF_rr0.3,0.3,0.15,10,prospective,SL,0.10459,0.000967734,100000
AF_rr0.3,0.3,0.15,10,retrospective,AP,1,0,100000
AF_rr0.3,0.3,0.15,10,retrospective,SL,1,0,100000
AF_rr0.3,0.3,0.15,13,prospective,AP,0.42869,0.00156498,100000
AF_rr0.3,0.3,0.15,13,prospective,SL,0.53957,0.00157618,100000
AF_rr0.3,0.3,0.15,13,retrospective,AP,1,0,100000
AF_rr0.3,0.3,0.15,13,retrospective,SL,1,0,100000
AF_rr0.3,0.3,0.2,1,prospective,AP,0,0,100000
AF_rr0.3,0.3,0.2,1,prospective,SL,0,0,100000
AF_rr0.3,0.3,0.2,1,retrospective,AP,0,0,100000
AF_rr0.3,0.3,0.2,1,retrospective,SL,0,0,100000
AF_rr0.3,0.3,0.2,3,prospective,AP,0,0,100000
AF_rr0.3,0.3,0.2,3,prospective,SL,0,0,100000
AF_rr0.3,0.3,0.2,3,retrospective,AP,0.47745,0.00157953,100000
AF_rr0.3,0.3,0.2,3,retrospective,SL,0.51066,0.00158078,100000
AF_rr0.3,0.3,0.2,5,prospective,AP,0,0,100000
AF_rr0.3,0.3,0.2,5,prospective,SL,5e-05,2.23601e-05,100000
AF_rr0.3,0.3,0.2,5,retrospective,AP,0.90806,0.000913712,100000
AF_rr0.3,0.3,0.2,5,retrospective,SL,0.9201,0.000857415,100000
AF_rr0.3,0.3,0.2,7,prospective,AP,4e-05,1.99996e-05,100000
AF_rr0.3,0.3,0.2,7,prospective,SL,0.00127,0.000112623,100000
AF_rr0.3,0.3,0.2,7,retrospective,AP,0.99219,0.00027837,100000
AF_rr0.3,0.3,0.2,7,retrospective,SL,0.99366,0.000250994,100000
AF_rr0.3,0.3,0.2,10,prospective,AP,0.00311,0.000176077,100000
AF_rr0.3,0.3,0.2,10,prospective,SL,0.02202,0.000464059,100000
AF_rr0.3,0.3,0.2,10,retrospective,AP,0.99991,2.99986e-05,100000
AF_rr0.3,0.3,0.2,10,retrospective,SL,0.99992,2.82831e-05,100000
AF_rr0.3,0.3,0.2,13,prospective,AP,0.07905,0.000853236,100000
AF_rr0.3,0.3,0.2,13,prospective,SL,0.17395,0.00119871,100000
AF_rr0.3,0.3,0.2,13,retrospective,AP,1,0,100000
AF_rr0.3,0.3,0.2,13,retrospective,SL,1,0,100000
AF_rr0.3,0.3,0.25,1,prospective,AP,0,0,100000
AF_rr0.3,0.3,0.25,1,prospective,SL,0,0,100000
AF_rr0.3,0.3,0.25,1,retrospective,AP,0,0,100000
AF_rr0.3,0.3,0.25,1,retrospective,SL,0,0,100000
AF_rr0.3,0.3,0.25,3,prospective,AP,0,0,100000
AF_rr0.3,0.3,0.25,3,prospective,SL,0,0,100000
AF_rr0.3,0.3,0.25,3,retrospective,AP,0.40781,0.00155403,100000
AF_rr0.3,0.3,0.25,3,retrospective,SL,0.43901,0.00156933,100000
AF_rr0.3,0.3,0.25,5,prospective,AP,0,0,100000
AF_rr0.3,0.3,0.25,5,prospective,SL,1e-05,9.99995e-06,100000
AF_rr0.3,0.3,0.25,5,retrospective,AP,0.85851,0.00110214,100000
AF_rr0.3,0.3,0.25,5,retrospective,SL,0.87686,0.00103912,100000
AF_rr0.3,0.3,0.25,7,prospective,AP,1e-05,9.99995e-06,100000
AF_rr0.3,0.3,0.25,7,prospective,SL,0.00048,6.92654e-05,100000
AF_rr0.3,0.3,0.25,7,retrospective,AP,0.98339,0.000404155,100000
AF_rr0.3,0.3,0.25,7,retrospective,SL,0.98651,0.000364802,100000
AF_rr0.3,0.3,0.25,10,prospective,AP,0.00054,7.34648e-05,100000
AF_rr0.3,0.3,0.25,10,prospective,SL,0.00655,0.00025509,100000
AF_rr0.3,0.3,0.25,10,retrospective,AP,0.99981,4.35848e-05,100000
AF_rr0.3,0.3,0.25,10,retrospective,SL,0.99981,4.35848e-05,100000
AF_rr0.3,0.3,0.25,13,prospective,AP,0.01161,0.000338751,100000
AF_rr0.3,0.3,0.25,13,prospective,SL,0.0531,0.000709087,100000
AF_rr0.3,0.3,0.25,13,retrospective,AP,1,0,100000
AF_rr0.3,0.3,0.25,13,retrospective,SL,1,0,100000
sinus,0.05,0,1,prospective,AP,0,0,100000
sinus,0.05,0,1,prospective,SL,0,0,100000
sinus,0.05,0,1,retrospective,AP,0,0,100000
sinus,0.05,0,1,retrospective,SL,0,0,100000
sinus,0.05,0,3,prospective,AP,0,0,100000
sinus,0.05,0,3,prospective,SL,0,0,100000
sinus,0.05,0,3,retrospective,AP,0.22473,0.00131995,100000
sinus,0.05,0,3,retrospective,SL,0.22473,0.00131995,100000
sinus,0.05,0,5,prospective,AP,0,0,100000
sinus,0.05,0,5,prospective,SL,0,0,100000
sinus,0.05,0,5,retrospective,AP,0.61955,0.00153528,100000
sinus,0.05,0,5,retrospective,SL,0.61955,0.00153528,100000
sinus,0.05,0,7,prospective,AP,0,0,100000
sinus,0.05,0,7,prospective,SL,0,0,100000
sinus,0.05,0,7,retrospective,AP,0.8867,0.00100231,100000
sinus,0.05,0,7,retrospective,SL,0.8867,0.00100231,100000
sinus,0.05,0,10,prospective,AP,0,0,100000
sinus,0.05,0,10,prospective,SL,0,0,100000
sinus,0.05,0,10,retrospective,AP,0.99231,0.00027624,100000
sinus,0.05,0,10,retrospective,SL,0.99231,0.00027624,100000
sinus,0.05,0,13,prospective,AP,0,0,100000
sinus,0.05,0,13,prospective,SL,0,0,100000
sinus,0.05,0,13,retrospective,AP,0.99971,5.38438e-05,100000
sinus,0.05,0,13,retrospective,SL,0.99971,5.38438e-05,100000
sinus,0.05,0.1,1,prospective,AP,0,0,100000
sinus,0.05,0.1,1,prospective,SL,0,0,100000
sinus,0.05,0.1,1,retrospective,AP,0,0,100000
sinus,0.05,0.1,1,retrospective,SL,0,0,100000
sinus,0.05,0.1,3,prospective,AP,0,0,100000
sinus,0.05,0.1,3,prospective,SL,0,0,100000
sinus,0.05,0.1,3,retrospective,AP,0.39004,0.00154243,100000
sinus,0.05,0.1,3,retrospective,SL,0.50548,0.00158104,100000
sinus,0.05,0.1,5,prospective,AP,4e-05,1.99996e-05,100000
sinus,0.05,0.1,5,prospective,SL,0.00107,0.000103385,100000
sinus,0.05,0.1,5,retrospective,AP,0.82549,0.00120023,100000
sinus,0.05,0.1,5,retrospective,SL,0.90253,0.000937921,100000
sinus,0.05,0.1,7,prospective,AP,0.00053,7.27818e-05,100000
sinus,0.05,0.1,7,prospective,SL,0.01041,0.000320962,100000
sinus,0.05,0.1,7,retrospective,AP,0.97232,0.000518785,100000
sinus,0.05,0.1,7,retrospective,SL,0.98867,0.000334688,100000
sinus,0.05,0.1,10,prospective,AP,0.01025,0.000318511,100000
sinus,0.05,0.1,10,prospective,SL,0.0854,0.000883781,100000
sinus,0.05,0.1,10,retrospective,AP,0.99912,9.3767e-05,100000
sinus,0.05,0.1,10,retrospective,SL,0.99978,4.6899e-05,100000
sinus,0.05,0.1,13,prospective,AP,0.05976,0.000749592,100000
sinus,0.05,0.1,13,prospective,SL,0.27232,0.0014077,100000
sinus,0.05,0.1,13,retrospective,AP,0.99997,1.73202e-05,100000
sinus,0.05,0.1,13,retrospective,SL,0.99999,9.99995e-06,100000
sinus,0.05,0.15,1,prospective,AP,0,0,100000
sinus,0.05,0.15,1,prospective,SL,0,0,100000
sinus,0.05,0.15,1,retrospective,AP,0,0,100000
sinus,0.05,0.15,1,retrospective,SL,0,0,100000
sinus,0.05,0.15,3,prospective,AP,0,0,100000
sinus,0.05,0.15,3,prospective,SL,0,0,100000
sinus,0.05,0.15,3,retrospective,AP,0.30039,0.00144968,100000
sinus,0.05,0.15,3,retrospective,SL,0.39227,0.001544,100000
sinus,0.05,0.15,5,prospective,AP,0,0,100000
sinus,0.05,0.15,5,prospective,SL,0.00019,4.35848e-05,100000
sinus,0.05,0.15,5,retrospective,AP,0.73689,0.00139242,100000
sinus,0.05,0.15,5,retrospective,SL,0.82257,0.00120809,100000
sinus,0.05,0.15,7,prospective,AP,7e-05,2.64566e-05,100000
sinus,0.05,0.15,7,prospective,SL,0.00241,0.000155055,100000
sinus,0.05,0.15,7,retrospective,AP,0.94021,0.000749768,100000
sinus,0.05,0.15,7,retrospective,SL,0.96881,0.000549702,100000
sinus,0.05,0.15,10,prospective,AP,0.00122,0.000110386,100000
sinus,0.05,0.15,10,prospective,SL,0.02024,0.000445313,100000
sinus,0.05,0.15,10,retrospective,AP,0.997,0.000172945,100000
sinus,0.05,0.15,10,retrospective,SL,0.99876,0.000111286,100000
sinus,0.05,0.15,13,prospective,AP,0.00931,0.000303699,100000
sinus,0.05,0.15,13,prospective,SL,0.08343,0.000874468,100000
sinus,0.05,0.15,13,retrospective,AP,0.99994,2.44942e-05,100000
sinus,0.05,0.15,13,retrospective,SL,0.99998,1.4142e-05,100000
sinus,0.05,0.2,1,prospective,AP,0,0,100000
sinus,0.05,0.2,1,prospective,SL,0,0,100000
sinus,0.05,0.2,1,retrospective,AP,0,0,100000
sinus,0.05,0.2,1,retrospective,SL,0,0,100000
sinus,0.05,0.2,3,prospective,AP,0,0,100000
sinus,0.05,0.2,3,prospective,SL,0,0,100000
sinus,0.05,0.2,3,retrospective,AP,0.25925,0.00138578,100000
sinus,0.05,0.2,3,retrospective,SL,0.32896,0.00148575,100000
sinus,0.05,0.2,5,prospective,AP,0,0,100000
sinus,0.05,0.2,5,prospective,SL,4e-05,1.99996e-05,100000
sinus,0.05,0.2,5,retrospective,AP,0.68325,0.00147112,100000
sinus,0.05,0.2,5,retrospective,SL,0.76259,0.00134554,100000
sinus,0.05,0.2,7,prospective,AP,1e-05,9.99995e-06,100000
sinus,0.05,0.2,7,prospective,SL,0.00084,9.1613e-05,100000
sinus,0.05,0.2,7,retrospective,AP,0.91732,0.000870885,100000
sinus,0.05,0.2,7,retrospective,SL,0.9477,0.000704022,100000
sinus,0.05,0.2,10,prospective,AP,0.00038,6.16324e-05,100000
sinus,0.05,0.2,10,prospective,SL,0.0069,0.000261771,100000
sinus,0.05,0.2,10,retrospective,AP,0.99522,0.000218109,100000
sinus,0.05,0.2,10,retrospective,SL,0.99749,0.000158231,100000
sinus,0.05,0.2,13,prospective,AP,0.00213,0.00014579,100000
sinus,0.05,0.2,13,prospective,SL,0.02937,0.000533923,100000
sinus,0.05,0.2,13,retrospective,AP,0.9998,4.47169e-05,100000
sinus,0.05,0.2,13,retrospective,SL,0.99994,2.44942e-05,100000
sinus,0.05,0.25,1,prospective,AP,0,0,100000
sinus,0.05,0.25,1,prospective,SL,0,0,100000
sinus,0.05,0.25,1,retrospective,AP,0,0,100000
sinus,0.05,0.25,1,retrospective,SL,0,0,100000
sinus,0.05,0.25,3,prospective,AP,0,0,100000
sinus,0.05,0.25,3,prospective,SL,0,0,100000
sinus,0.05,0.25,3,retrospective,AP,0.24353,0.00135729,100000
sinus,0.05,0.25,3,retrospective,SL,0.2917,0.0014374,100000
sinus,0.05,0.25,5,prospective,AP,0,0,100000
sinus,0.05,0.25,5,prospective,SL,0,0,100000
sinus,0.05,0.25,5,retrospective,AP,0.65236,0.00150594,100000
sinus,0.05,0.25,5,retrospective,SL,0.71535,0.00142697,100000
sinus,0.05,0.25,7,prospective,AP,1e-05,9.99995e-06,100000
sinus,0.05,0.25,7,prospective,SL,0.00036,5.99892e-05,100000
sinus,0.05,0.25,7,retrospective,AP,0.90515,0.000926572,100000
sinus,0.05,0.25,7,retrospective,SL,0.93213,0.000795385,100000
sinus,0.05,0.25,10,prospective,AP,5e-05,2.23601e-05,100000
sinus,0.05,0.25,10,prospective,SL,0.00294,0.000171212,100000
sinus,0.05,0.25,10,retrospective,AP,0.99357,0.000252758,100000
sinus,0.05,0.25,10,retrospective,SL,0.996,0.0001996,100000
sinus,0.05,0.25,13,prospective,AP,0.00073,8.54088e-05,100000
sinus,0.05,0.25,13,prospective,SL,0.01354,0.000365468,100000
sinus,0.05,0.25,13,retrospective,AP,0.99979,4.58209e-05,100000
sinus,0.05,0.25,13,retrospective,SL,0.99988,3.46389e-05,100000
sinus,0.1,0,1,prospective,AP,0,0,100000
sinus,0.1,0,1,prospective,SL,0,0,100000
sinus,0.1,0,1,retrospective,AP,0,0,100000
sinus,0.1,0,1,retrospective,SL,0,0,100000
sinus,0.1,0,3,prospective,AP,0,0,100000
sinus,0.1,0,3,prospective,SL,0,0,100000
sinus,0.1,0,3,retrospective,AP,0.2234,0.00131717,100000
sinus,0.1,0,3,retrospective,SL,0.2234,0.00131717,100000
sinus,0.1,0,5,prospective,AP,0,0,100000
sinus,0.1,0,5,prospective,SL,0,0,100000
sinus,0.1,0,5,retrospective,AP,0.62137,0.00153385,100000
sinus,0.1,0,5,retrospective,SL,0.62137,0.00153385,100000
sinus,0.1,0,7,prospective,AP,0,0,100000
sinus,0.1,0,7,prospective,SL,0,0,100000
sinus,0.1,0,7,retrospective,AP,0.8861,0.00100462,100000
sinus,0.1,0,7,retrospective,SL,0.8861,0.00100462,100000
sinus,0.1,0,10,prospective,AP,0,0,100000
sinus,0.1,0,10,prospective,SL,0,0,100000
sinus,0.1,0,10,retrospective,AP,0.99094,0.000299632,100000
sinus,0.1,0,10,retrospective,SL,0.99094,0.000299632,100000
sinus,0.1,0,13,prospective,AP,0,0,100000
sinus,0.1,0,13,prospective,SL,0,0,100000
sinus,0.1,0,13,retrospective,AP,0.99967,5.74361e-05,100000
sinus,0.1,0,13,retrospective,SL,0.99967,5.74361e-05,100000
sinus,0.1,0.1,1,prospective,AP,0,0,100000
sinus,0.1,0.1,1,prospective,SL,0,0,100000
sinus,0.1,0.1,1,retrospective,AP,0,0,100000
sinus,0.1,0.1,1,retrospective,SL,0,0,100000
sinus,0.1,0.1,3,prospective,AP,0,0,100000
sinus,0.1,0.1,3,prospective,SL,1e-05,9.99995e-06,100000
sinus,0.1,0.1,3,retrospective,AP,0.4516,0.00157371,100000
sinus,0.1,0.1,3,retrospective,SL,0.54605,0.00157442,100000
sinus,0.1,0.1,5,prospective,AP,6e-05,2.44942e-05,100000
sinus,0.1,0.1,5,prospective,SL,0.0011,0.000104823,100000
sinus,0.1,0.1,5,retrospective,AP,0.88549,0.00100696,100000
sinus,0.1,0.1,5,retrospective,SL,0.92994,0.000807165,100000
sinus,0.1,0.1,7,prospective,AP,0.00068,8.24341e-05,100000
sinus,0.1,0.1,7,prospective,SL,0.01112,0.000331607,100000
sinus,0.1,0.1,7,retrospective,AP,0.98687,0.000359967,100000
sinus,0.1,0.1,7,retrospective,SL,0.99371,0.000250009,100000
sinus,0.1,0.1,10,prospective,AP,0.01359,0.000366133,100000
sinus,0.1,0.1,10,prospective,SL,0.10004,0.000948852,100000
sinus,0.1,0.1,10,retrospective,AP,0.99983,4.12276e-05,100000
sinus,0.1,0.1,10,retrospective,SL,0.99994,2.44942e-05,100000
sinus,0.1,0.1,13,prospective,AP,0.09987,0.000948135,100000
sinus,0.1,0.1,13,prospective,SL,0.34165,0.00149975,100000
sinus,0.1,0.1,13,retrospective,AP,1,0,100000
sinus,0.1,0.1,13,retrospective,SL,1,0,100000
sinus,0.1,0.15,1,prospective,AP,0,0,100000
sinus,0.1,0.15,1,prospective,SL,0,0,100000
sinus,0.1,0.15,1,retrospective,AP,0,0,100000
sinus,0.1,0.15,1,retrospective,SL,0,0,100000
sinus,0.1,0.15,3,prospective,AP,0,0,100000
sinus,0.1,0.15,3,prospective,SL,0,0,100000
sinus,0.1,0.15,3,retrospective,AP,0.34265,0.0015008,100000
sinus,0.1,0.15,3,retrospective,SL,0.42198,0.00156177,100000
sinus,0.1,0.15,5,prospective,AP,1e-05,9.99995e-06,100000
sinus,0.1,0.15,5,prospective,SL,0.00031,5.5669e-05,100000
sinus,0.1,0.15,5,retrospective,AP,0.78701,0.0012947,100000
sinus,0.1,0.15,5,retrospective,SL,0.85223,0.0011222,100000
sinus,0.1,0.15,7,prospective,AP,8e-05,2.82831e-05,100000
sinus,0.1,0.15,7,prospective,SL,0.00281,0.000167395,100000
sinus,0.1,0.15,7,retrospective,AP,0.96155,0.000608043,100000
sinus,0.1,0.15,7,retrospective,SL,0.97884,0.000455107,100000
sinus,0.1,0.15,10,prospective,AP,0.00149,0.000121975,100000
sinus,0.1,0.15,10,prospective,SL,0.02281,0.00047212,100000
sinus,0.1,0.15,10,retrospective,AP,0.99873,0.000112623,100000
sinus,0.1,0.15,10,retrospective,SL,0.99945,7.41416e-05,100000
sinus,0.1,0.15,13,prospective,AP,0.01227,0.00034813,100000
sinus,0.1,0.15,13,prospective,SL,0.09693,0.000935599,100000
sinus,0.1,0.15,13,retrospective,AP,0.99999,9.99995e-06,100000
sinus,0.1,0.15,13,retrospective,SL,0.99999,9.99995e-06,100000
sinus,0.1,0.2,1,prospective,AP,0,0,100000
sinus,0.1,0.2,1,prospective,SL,0,0,100000
sinus,0.1,0.2,1,retrospective,AP,0,0,100000
sinus,0.1,0.2,1,retrospective,SL,0,0,100000
sinus,0.1,0.2,3,prospective,AP,0,0,100000
sinus,0.1,0.2,3,prospective,SL,0,0,100000
sinus,0.1,0.2,3,retrospective,AP,0.28536,0.00142804,100000
sinus,0.1,0.2,3,retrospective,SL,0.3505,0.00150881,100000
sinus,0.1,0.2,5,prospective,AP,0,0,100000
sinus,0.1,0.2,5,prospective,SL,5e-05,2.23601e-05,100000
sinus,0.1,0.2,5,retrospective,AP,0.71664,0.00142502,100000
sinus,0.1,0.2,5,retrospective,SL,0.78326,0.00130293,100000
sinus,0.1,0.2,7,prospective,AP,3e-05,1.73202e-05,100000
sinus,0.1,0.2,7,prospective,SL,0.00086,9.26963e-05,100000
sinus,0.1,0.2,7,retrospective,AP,0.93622,0.000772736,100000
sinus,0.1,0.2,7,retrospective,SL,0.95891,0.000627707,100000
sinus,0.1,0.2,10,prospective,AP,0.00031,5.5669e-05,100000
sinus,0.1,0.2,10,prospective,SL,0.00688,0.000261394,100000
sinus,0.1,0.2,10,retrospective,AP,0.99694,0.000174661,100000
sinus,0.1,0.2,10,retrospective,SL,0.99831,0.00012989,100000
sinus,0.1,0.2,13,prospective,AP,0.0025,0.000157916,100000
sinus,0.1,0.2,13,prospective,SL,0.03343,0.00056844,100000
sinus,0.1,0.2,13,retrospective,AP,0.99994,2.44942e-05,100000
sinus,0.1,0.2,13,retrospective,SL,0.99999,9.99995e-06,100000
sinus,0.1,0.25,1,prospective,AP,0,0,100000
sinus,0.1,0.25,1,prospective,SL,0,0,100000
sinus,0.1,0.25,1,retrospective,AP,0,0,100000
sinus,0.1,0.25,1,retrospective,SL,0,0,100000
sinus,0.1,0.25,3,prospective,AP,0,0,100000
sinus,0.1,0.25,3,prospective,SL,0,0,100000
sinus,0.1,0.25,3,retrospective,AP,0.25315,0.00137501,100000
sinus,0.1,0.25,3,retrospective,SL,0.30369,0.00145417,100000
sinus,0.1,0.25,5,prospective,AP,0,0,100000
sinus,0.1,0.25,5,prospective,SL,4e-05,1.99996e-05,100000
sinus,0.1,0.25,5,retrospective,AP,0.67772,0.00147789,100000
sinus,0.1,0.25,5,retrospective,SL,0.73741,0.00139153,100000
sinus,0.1,0.25,7,prospective,AP,2e-05,1.4142e-05,100000
sinus,0.1,0.25,7,prospective,SL,0.00046,6.78077e-05,100000
sinus,0.1,0.25,7,retrospective,AP,0.91633,0.00087561,100000
sinus,0.1,0.25,7,retrospective,SL,0.94061,0.000747414,100000
sinus,0.1,0.25,10,prospective,AP,0.00011,3.31644e-05,100000
sinus,0.1,0.25,10,prospective,SL,0.00329,0.000181085,100000
sinus,0.1,0.25,10,retrospective,AP,0.99527,0.000216971,100000
sinus,0.1,0.25,10,retrospective,SL,0.99717,0.000167988,100000
sinus,0.1,0.25,13,prospective,AP,0.00094,9.6908e-05,100000
sinus,0.1,0.25,13,prospective,SL,0.01445,0.000377375,100000
sinus,0.1,0.25,13,retrospective,AP,0.99985,3.87269e-05,100000
sinus,0.1,0.25,13,retrospective,SL,0.99991,2.99986e-05,100000
sinus,0.15,0,1,prospective,AP,0,0,100000
sinus,0.15,0,1,prospective,SL,0,0,100000
sinus,0.15,0,1,retrospective,AP,0,0,100000
sinus,0.15,0,1,retrospective,SL,0,0,100000
sinus,0.15,0,3,prospective,AP,0,0,100000
sinus,0.15,0,3,prospective,SL,0,0,100000
sinus,0.15,0,3,retrospective,AP,0.2244,0.00131926,100000
sinus,0.15,0,3,retrospective,SL,0.2244,0.00131926,100000
sinus,0.15,0,5,prospective,AP,0,0,100000
sinus,0.15,0,5,prospective,SL,0,0,100000
sinus,0.15,0,5,retrospective,AP,0.62278,0.00153273,100000
sinus,0.15,0,5,retrospective,SL,0.62278,0.00153273,100000
sinus,0.15,0,7,prospective,AP,0,0,100000
sinus,0.15,0,7,prospective,SL,0,0,100000
sinus,0.15,0,7,retrospective,AP,0.88848,0.000995406,100000
sinus,0.15,0,7,retrospective,SL,0.88848,0.000995406,100000
sinus,0.15,0,10,prospective,AP,0,0,100000
sinus,0.15,0,10,prospective,SL,0,0,100000
sinus,0.15,0,10,retrospective,AP,0.99156,0.000289288,100000
sinus,0.15,0,10,retrospective,SL,0.99156,0.000289288,100000
sinus,0.15,0,13,prospective,AP,0,0,100000
sinus,0.15,0,13,prospective,SL,0,0,100000
sinus,0.15,0,13,retrospective,AP,0.9998,4.47169e-05,100000
sinus,0.15,0,13,retrospective,SL,0.9998,4.47169e-05,100000
sinus,0.15,0.1,1,prospective,AP,0,0,100000
sinus,0.15,0.1,1,prospective,SL,0,0,100000
sinus,0.15,0.1,1,retrospective,AP,0,0,100000
sinus,0.15,0.1,1,retrospective,SL,0,0,100000
sinus,0.15,0.1,3,prospective,AP,0,0,100000
sinus,0.15,0.1,3,prospective,SL,0,0,100000
sinus,0.15,0.1,3,retrospective,AP,0.5246,0.00157922,100000
sinus,0.15,0.1,3,retrospective,SL,0.59498,0.00155235,100000
sinus,0.15,0.1,5,prospective,AP,5e-05,2.23601e-05,100000
sinus,0.15,0.1,5,prospective,SL,0.0012,0.000109479,100000
sinus,0.15,0.1,5,retrospective,AP,0.9289,0.000812679,100000
sinus,0.15,0.1,5,retrospective,SL,0.95243,0.000673105,100000
sinus,0.15,0.1,7,prospective,AP,0.00088,9.3767e-05,100000
sinus,0.15,0.1,7,prospective,SL,0.01286,0.000356295,100000
sinus,0.15,0.1,7,retrospective,AP,0.99501,0.000222825,100000
sinus,0.15,0.1,7,retrospective,SL,0.99728,0.0001647,100000
sinus,0.15,0.1,10,prospective,AP,0.02654,0.000508288,100000
sinus,0.15,0.1,10,prospective,SL,0.13565,0.00108282,100000
sinus,0.15,0.1,10,retrospective,AP,0.99996,1.99996e-05,100000
sinus,0.15,0.1,10,retrospective,SL,0.99998,1.4142e-05,100000
sinus,0.15,0.1,13,prospective,AP,0.23665,0.00134405,100000
sinus,0.15,0.1,13,prospective,SL,0.48179,0.00158009,100000
sinus,0.15,0.1,13,retrospective,AP,1,0,100000
sinus,0.15,0.1,13,retrospective,SL,1,0,100000
sinus,0.15,0.15,1,prospective,AP,0,0,100000
sinus,0.15,0.15,1,prospective,SL,0,0,100000
sinus,0.15,0.15,1,retrospective,AP,0,0,100000
sinus,0.15,0.15,1,retrospective,SL,0,0,100000
sinus,0.15,0.15,3,prospective,AP,0,0,100000
sinus,0.15,0.15,3,prospective,SL,0,0,100000
sinus,0.15,0.15,3,retrospective,AP,0.40168,0.00155027,100000
sinus,0.15,0.15,3,retrospective,SL,0.4661,0.0015775,100000
sinus,0.15,0.15,5,prospective,AP,0,0,100000
sinus,0.15,0.15,5,prospective,SL,0.00017,4.12276e-05,100000
sinus,0.15,0.15,5,retrospective,AP,0.84709,0.00113811,100000
sinus,0.15,0.15,5,retrospective,SL,0.88876,0.000994312,100000
sinus,0.15,0.15,7,prospective,AP,0.00017,4.12276e-05,100000
sinus,0.15,0.15,7,prospective,SL,0.00273,0.000165001,100000
sinus,0.15,0.15,7,retrospective,AP,0.97942,0.00044896,100000
sinus,0.15,0.15,7,retrospective,SL,0.98742,0.000352445,100000
sinus,0.15,0.15,10,prospective,AP,0.00232,0.000152139,100000
sinus,0.15,0.15,10,prospective,SL,0.02733,0.000515588,100000
sinus,0.15,0.15,10,retrospective,AP,0.9995,7.0693e-05,100000
sinus,0.15,0.15,10,retrospective,SL,0.99977,4.79528e-05,100000
sinus,0.15,0.15,13,prospective,AP,0.0242,0.000485946,100000
sinus,0.15,0.15,13,prospective,SL,0.13203,0.0010705,100000
sinus,0.15,0.15,13,retrospective,AP,1,0,100000
sinus,0.15,0.15,13,retrospective,SL,1,0,100000
sinus,0.15,0.2,1,prospective,AP,0,0,100000
sinus,0.15,0.2,1,prospective,SL,0,0,100000
sinus,0.15,0.2,1,retrospective,AP,0,0,100000
sinus,0.15,0.2,1,retrospective,SL,0,0,100000
sinus,0.15,0.2,3,prospective,AP,0,0,100000
sinus,0.15,0.2,3,prospective,SL,0,0,100000
sinus,0.15,0.2,3,retrospective,AP,0.32762,0.0014842,100000
sinus,0.15,0.2,3,retrospective,SL,0.38599,0.00153949,100000
sinus,0.15,0.2,5,prospective,AP,0,0,100000
sinus,0.15,0.2,5,prospective,SL,6e-05,2.44942e-05,100000
sinus,0.15,0.2,5,retrospective,AP,0.77387,0.00132286,100000
sinus,0.15,0.2,5,retrospective,SL,0.82555,0.00120007,100000
sinus,0.15,0.2,7,prospective,AP,4e-05,1.99996e-05,100000
sinus,0.15,0.2,7,prospective,SL,0.00096,9.79325e-05,100000
sinus,0.15,0.2,7,retrospective,AP,0.95905,0.000626683,100000
sinus,0.15,0.2,7,retrospective,SL,0.97283,0.000514119,100000
sinus,0.15,0.2,10,prospective,AP,0.00053,7.27818e-05,100000
sinus,0.15,0.2,10,prospective,SL,0.00893,0.000297494,100000
sinus,0.15,0.2,10,retrospective,AP,0.9984,0.00012639,100000
sinus,0.15,0.2,10,retrospective,SL,0.99919,8.99635e-05,100000
sinus,0.15,0.2,13,prospective,AP,0.00383,0.000195329,100000
sinus,0.15,0.2,13,prospective,SL,0.04122,0.000628657,100000
sinus,0.15,0.2,13,retrospective,AP,0.99997,1.73202e-05,100000
sinus,0.15,0.2,13,retrospective,SL,1,0,100000
sinus,0.15,0.25,1,prospective,AP,0,0,100000
sinus,0.15,0.25,1,prospective,SL,0,0,100000
sinus,0.15,0.25,1,retrospective,AP,0,0,100000
sinus,0.15,0.25,1,retrospective,SL,0,0,100000
sinus,0.15,0.25,3,prospective,AP,0,0,100000
sinus,0.15,0.25,3,prospective,SL,0,0,100000
sinus,0.15,0.25,3,retrospective,AP,0.28046,0.00142057,100000
sinus,0.15,0.25,3,retrospective,SL,0.32832,0.00148501,100000
sinus,0.15,0.25,5,prospective,AP,0,0,100000
sinus,0.15,0.25,5,prospective,SL,0,0,100000
sinus,0.15,0.25,5,retrospective,AP,0.71597,0.00142603,100000
sinus,0.15,0.25,5,retrospective,SL,0.76847,0.00133388,100000
sinus,0.15,0.25,7,prospective,AP,3e-05,1.73202e-05,100000
sinus,0.15,0.25,7,prospective,SL,0.00036,5.99892e-05,100000
sinus,0.15,0.25,7,retrospective,AP,0.93526,0.000778131,100000
sinus,0.15,0.25,7,retrospective,SL,0.95359,0.000665253,100000
sinus,0.15,0.25,10,prospective,AP,0.00011,3.31644e-05,100000
sinus,0.15,0.25,10,prospective,SL,0.0034,0.000184077,100000
sinus,0.15,0.25,10,retrospective,AP,0.99693,0.000174945,100000
sinus,0.15,0.25,10,retrospective,SL,0.99824,0.000132548,100000
sinus,0.15,0.25,13,prospective,AP,0.00103,0.000101437,100000
sinus,0.15,0.25,13,prospective,SL,0.01731,0.000412436,100000
sinus,0.15,0.25,13,retrospective,AP,0.99991,2.99986e-05,100000
sinus,0.15,0.25,13,retrospective,SL,0.99999,9.99995e-06,100000
sinus,0.2,0,1,prospective,AP,0,0,100000
sinus,0.2,0,1,prospective,SL,0,0,100000
sinus,0.2,0,1,retrospective,AP,0,0,100000
sinus,0.2,0,1,retrospective,SL,0,0,100000
sinus,0.2,0,3,prospective,AP,0,0,100000
sinus,0.2,0,3,prospective,SL,0,0,100000
sinus,0.2,0,3,retrospective,AP,0.22359,0.00131756,100000
sinus,0.2,0,3,retrospective,SL,0.22359,0.00131756,100000
sinus,0.2,0,5,prospective,AP,0,0,100000
sinus,0.2,0,5,prospective,SL,0,0,100000
sinus,0.2,0,5,retrospective,AP,0.62046,0.00153457,100000
sinus,0.2,0,5,retrospective,SL,0.62046,0.00153457,100000
sinus,0.2,0,7,prospective,AP,0,0,100000
sinus,0.2,0,7,prospective,SL,0,0,100000
sinus,0.2,0,7,retrospective,AP,0.88829,0.000996147,100000
sinus,0.2,0,7,retrospective,SL,0.88829,0.000996147,100000
sinus,0.2,0,10,prospective,AP,0,0,100000
sinus,0.2,0,10,prospective,SL,0,0,100000
sinus,0.2,0,10,retrospective,AP,0.99152,0.000289967,100000
sinus,0.2,0,10,retrospective,SL,0.99152,0.000289967,100000
sinus,0.2,0,13,prospective,AP,0,0,100000
sinus,0.2,0,13,prospective,SL,0,0,100000
sinus,0.2,0,13,retrospective,AP,0.99973,5.19545e-05,100000
sinus,0.2,0,13,retrospective,SL,0.99973,5.19545e-05,100000
sinus,0.2,0.1,1,prospective,AP,0,0,100000
sinus,0.2,0.1,1,prospective,SL,0,0,100000
sinus,0.2,0.1,1,retrospective,AP,0,0,100000
sinus,0.2,0.1,1,retrospective,SL,0,0,100000
sinus,0.2,0.1,3,prospective,AP,0,0,100000
sinus,0.2,0.1,3,prospective,SL,1e-05,9.99995e-06,100000
sinus,0.2,0.1,3,retrospective,AP,0.59179,0.00155427,100000
sinus,0.2,0.1,3,retrospective,SL,0.64158,0.00151643,100000
sinus,0.2,0.1,5,prospective,AP,4e-05,1.99996e-05,100000
sinus,0.2,0.1,5,prospective,SL,0.00126,0.000112179,100000
sinus,0.2,0.1,5,retrospective,AP,0.95668,0.000643765,100000
sinus,0.2,0.1,5,retrospective,SL,0.9686,0.000551489,100000
sinus,0.2,0.1,7,prospective,AP,0.00121,0.000109933,100000
sinus,0.2,0.1,7,prospective,SL,0.01722,0.000411381,100000
sinus,0.2,0.1,7,retrospective,AP,0.99806,0.000139149,100000
sinus,0.2,0.1,7,retrospective,SL,0.9986,0.000118239,100000
sinus,0.2,0.1,10,prospective,AP,0.07224,0.000818666,100000
sinus,0.2,0.1,10,prospective,SL,0.20833,0.00128425,100000
sinus,0.2,0.1,10,retrospective,AP,1,0,100000
sinus,0.2,0.1,10,retrospective,SL,0.99999,9.99995e-06,100000
sinus,0.2,0.1,13,prospective,AP,0.51509,0.00158042,100000
sinus,0.2,0.1,13,prospective,SL,0.67808,0.00147746,100000
sinus,0.2,0.1,13,retrospective,AP,1,0,100000
sinus,0.2,0.1,13,retrospective,SL,1,0,100000
sinus,0.2,0.15,1,prospective,AP,0,0,100000
sinus,0.2,0.15,1,prospective,SL,0,0,100000
sinus,0.2,0.15,1,retrospective,AP,0,0,100000
sinus,0.2,0.15,1,retrospective,SL,0,0,100000
sinus,0.2,0.15,3,prospective,AP,0,0,100000
sinus,0.2,0.15,3,prospective,SL,0,0,100000
sinus,0.2,0.15,3,retrospective,AP,0.45767,0.00157546,100000
sinus,0.2,0.15,3,retrospective,SL,0.51099,0.00158076,100000
sinus,0.2,0.15,5,prospective,AP,1e-05,9.99995e-06,100000
sinus,0.2,0.15,5,prospective,SL,0.00034,5.82996e-05,100000
sinus,0.2,0.15,5,retrospective,AP,0.89347,0.000975609,100000
sinus,0.2,0.15,5,retrospective,SL,0.91805,0.000867376,100000
sinus,0.2,0.15,7,prospective,AP,0.00016,3.99968e-05,100000
sinus,0.2,0.15,7,prospective,SL,0.00301,0.000173232,100000
sinus,0.2,0.15,7,retrospective,AP,0.98984,0.000317124,100000
sinus,0.2,0.15,7,retrospective,SL,0.99317,0.000260449,100000
sinus,0.2,0.15,10,prospective,AP,0.00421,0.00020475,100000
sinus,0.2,0.15,10,prospective,SL,0.03712,0.000597847,100000
sinus,0.2,0.15,10,retrospective,AP,0.99988,3.46389e-05,100000
sinus,0.2,0.15,10,retrospective,SL,0.99995,2.23601e-05,100000
sinus,0.2,0.15,13,prospective,AP,0.06234,0.00076455,100000
sinus,0.2,0.15,13,prospective,SL,0.20336,0.00127281,100000
sinus,0.2,0.15,13,retrospective,AP,1,0,100000
sinus,0.2,0.15,13,retrospective,SL,1,0,100000
sinus,0.2,0.2,1,prospective,AP,0,0,100000
sinus,0.2,0.2,1,prospective,SL,0,0,100000
sinus,0.2,0.2,1,retrospective,AP,0,0,100000
sinus,0.2,0.2,1,retrospective,SL,0,0,100000
sinus,0.2,0.2,3,prospective,AP,0,0,100000
sinus,0.2,0.2,3,prospective,SL,0,0,100000
sinus,0.2,0.2,3,retrospective,AP,0.37689,0.00153246,100000
sinus,0.2,0.2,3,retrospective,SL,0.42666,0.00156404,100000
sinus,0.2,0.2,5,prospective,AP,0,0,100000
sinus,0.2,0.2,5,prospective,SL,6e-05,2.44942e-05,100000
sinus,0.2,0.2,5,retrospective,AP,0.82769,0.00119423,100000
sinus,0.2,0.2,5,retrospective,SL,0.86278,0.00108807,100000
sinus,0.2,0.2,7,prospective,AP,2e-05,1.4142e-05,100000
sinus,0.2,0.2,7,prospective,SL,0.00089,9.42978e-05,100000
sinus,0.2,0.2,7,retrospective,AP,0.97481,0.000495535,100000
sinus,0.2,0.2,7,retrospective,SL,0.982,0.000420428,100000
sinus,0.2,0.2,10,prospective,AP,0.00079,8.88468e-05,100000
sinus,0.2,0.2,10,prospective,SL,0.01069,0.000325203,100000
sinus,0.2,0.2,10,retrospective,AP,0.9994,7.74364e-05,100000
sinus,0.2,0.2,10,retrospective,SL,0.99976,4.89839e-05,100000
sinus,0.2,0.2,13,prospective,AP,0.00805,0.000282581,100000
sinus,0.2,0.2,13,prospective,SL,0.05853,0.000742322,100000
sinus,0.2,0.2,13,retrospective,AP,1,0,100000
sinus,0.2,0.2,13,retrospective,SL,1,0,100000
sinus,0.2,0.25,1,prospective,AP,0,0,100000
sinus,0.2,0.25,1,prospective,SL,0,0,100000
sinus,0.2,0.25,1,retrospective,AP,0,0,100000
sinus,0.2,0.25,1,retrospective,SL,0,0,100000
sinus,0.2,0.25,3,prospective,AP,0,0,100000
sinus,0.2,0.25,3,prospective,SL,0,0,100000
sinus,0.2,0.25,3,retrospective,AP,0.3178,0.00147242,100000
sinus,0.2,0.25,3,retrospective,SL,0.36172,0.00151947,100000
sinus,0.2,0.25,5,prospective,AP,0,0,100000
sinus,0.2,0.25,5,prospective,SL,4e-05,1.99996e-05,100000
sinus,0.2,0.25,5,retrospective,AP,0.76636,0.0013381,100000
sinus,0.2,0.25,5,retrospective,SL,0.80497,0.00125297,100000
sinus,0.2,0.25,7,prospective,AP,1e-05,9.99995e-06,100000
sinus,0.2,0.25,7,prospective,SL,0.00039,6.24378e-05,100000
sinus,0.2,0.25,7,retrospective,AP,0.9554,0.00065277,100000
sinus,0.2,0.25,7,retrospective,SL,0.96728,0.000562578,100000
sinus,0.2,0.25,10,prospective,AP,0.00017,4.12276e-05,100000
sinus,0.2,0.25,10,prospective,SL,0.00405,0.000200838,100000
sinus,0.2,0.25,10,retrospective,AP,0.99859,0.00011866,100000
sinus,0.2,0.25,10,retrospective,SL,0.99895,0.000102416,100000
sinus,0.2,0.25,13,prospective,AP,0.00195,0.000139506,100000
sinus,0.2,0.25,13,prospective,SL,0.02193,0.000463131,100000
sinus,0.2,0.25,13,retrospective,AP,0.99996,1.99996e-05,100000
sinus,0.2,0.25,13,retrospective,SL,1,0,100000
sinus,0.25,0,1,prospective,AP,0,0,100000
sinus,0.25,0,1,prospective,SL,0,0,100000
sinus,0.25,0,1,retrospective,AP,0,0,100000
sinus,0.25,0,1,retrospective,SL,0,0,100000
sinus,0.25,0,3,prospective,AP,0,0,100000
sinus,0.25,0,3,prospective,SL,0,0,100000
sinus,0.25,0,3,retrospective,AP,0.22422,0.00131888,100000
sinus,0.25,0,3,retrospective,SL,0.22422,0.00131888,100000
sinus,0.25,0,5,prospective,AP,0,0,100000
sinus,0.25,0,5,prospective,SL,0,0,100000
sinus,0.25,0,5,retrospective,AP,0.62001,0.00153492,100000
sinus,0.25,0,5,retrospective,SL,0.62001,0.00153492,100000
sinus,0.25,0,7,prospective,AP,0,0,100000
sinus,0.25,0,7,prospective,SL,0,0,100000
sinus,0.25,0,7,retrospective,AP,0.88701,0.00100112,100000
sinus,0.25,0,7,retrospective,SL,0.88701,0.00100112,100000
sinus,0.25,0,10,prospective,AP,0,0,100000
sinus,0.25,0,10,prospective,SL,0,0,100000
sinus,0.25,0,10,retrospective,AP,0.99143,0.000291489,100000
sinus,0.25,0,10,retrospective,SL,0.99143,0.000291489,100000
sinus,0.25,0,13,prospective,AP,0,0,100000
sinus,0.25,0,13,prospective,SL,0,0,100000
sinus,0.25,0,13,retrospective,AP,0.9997,5.4764e-05,100000
sinus,0.25,0,13,retrospective,SL,0.9997,5.4764e-05,100000
sinus,0.25,0.1,1,prospective,AP,0,0,100000
sinus,0.25,0.1,1,prospective,SL,0,0,100000
sinus,0.25,0.1,1,retrospective,AP,0,0,100000
sinus,0.25,0.1,1,retrospective,SL,0,0,100000
sinus,0.25,0.1,3,prospective,AP,0,0,100000
sinus,0.25,0.1,3,prospective,SL,0,0,100000
sinus,0.25,0.1,3,retrospective,AP,0.64927,0.00150903,100000
sinus,0.25,0.1,3,retrospective,SL,0.68645,0.00146709,100000
sinus,0.25,0.1,5,prospective,AP,3e-05,1.73202e-05,100000
sinus,0.25,0.1,5,prospective,SL,0.0012,0.000109479,100000
sinus,0.25,0.1,5,retrospective,AP,0.97319,0.000510796,100000
sinus,0.25,0.1,5,retrospective,SL,0.98035,0.000438906,100000
sinus,0.25,0.1,7,prospective,AP,0.00328,0.00018081,100000
sinus,0.25,0.1,7,prospective,SL,0.02516,0.000495247,100000
sinus,0.25,0.1,7,retrospective,AP,0.99897,0.000101437,100000
sinus,0.25,0.1,7,retrospective,SL,0.99929,8.42316e-05,100000
sinus,0.25,0.1,10,prospective,AP,0.19745,0.00125882,100000
sinus,0.25,0.1,10,prospective,SL,0.33652,0.00149424,100000
sinus,0.25,0.1,10,retrospective,AP,1,0,100000
sinus,0.25,0.1,10,retrospective,SL,1,0,100000
sinus,0.25,0.1,13,prospective,AP,0.76028,0.00135002,100000
sinus,0.25,0.1,13,prospective,SL,0.83649,0.00116951,100000
sinus,0.25,0.1,13,retrospective,AP,1,0,100000
sinus,0.25,0.1,13,retrospective,SL,1,0,100000
sinus,0.25,0.15,1,prospective,AP,0,0,100000
sinus,0.25,0.15,1,prospective,SL,0,0,100000
sinus,0.25,0.15,1,retrospective,AP,0,0,100000
sinus,0.25,0.15,1,retrospective,SL,0,0,100000
sinus,0.25,0.15,3,prospective,AP,0,0,100000
sinus,0.25,0.15,3,prospective,SL,0,0,100000
sinus,0.25,0.15,3,retrospective,AP,0.51269,0.00158063,100000
sinus,0.25,0.15,3,retrospective,SL,0.55432,0.00157178,100000
sinus,0.25,0.15,5,prospective,AP,0,0,100000
sinus,0.25,0.15,5,prospective,SL,0.00024,4.89839e-05,100000
sinus,0.25,0.15,5,retrospective,AP,0.92585,0.000828564,100000
sinus,0.25,0.15,5,retrospective,SL,0.94035,0.000748945,100000
sinus,0.25,0.15,7,prospective,AP,0.00015,3.87269e-05,100000
sinus,0.25,0.15,7,prospective,SL,0.00392,0.000197601,100000
sinus,0.25,0.15,7,retrospective,AP,0.99459,0.000231964,100000
sinus,0.25,0.15,7,retrospective,SL,0.99615,0.000195836,100000
sinus,0.25,0.15,10,prospective,AP,0.0107,0.000325354,100000
sinus,0.25,0.15,10,prospective,SL,0.05557,0.000724444,100000
sinus,0.25,0.15,10,retrospective,AP,0.99997,1.73202e-05,100000
sinus,0.25,0.15,10,retrospective,SL,0.99996,1.99996e-05,100000
sinus,0.25,0.15,13,prospective,AP,0.18055,0.00121635,100000
sinus,0.25,0.15,13,prospective,SL,0.33151,0.00148866,100000
sinus,0.25,0.15,13,retrospective,AP,1,0,100000
sinus,0.25,0.15,13,retrospective,SL,1,0,100000
sinus,0.25,0.2,1,prospective,AP,0,0,100000
sinus,0.25,0.2,1,prospective,SL,0,0,100000
sinus,0.25,0.2,1,retrospective,AP,0,0,100000
sinus,0.25,0.2,1,retrospective,SL,0,0,100000
sinus,0.25,0.2,3,prospective,AP,0,0,100000
sinus,0.25,0.2,3,prospective,SL,0,0,100000
sinus,0.25,0.2,3,retrospective,AP,0.42224,0.0015619,100000
sinus,0.25,0.2,3,retrospective,SL,0.46294,0.00157679,100000
sinus,0.25,0.2,5,prospective,AP,0,0,100000
sinus,0.25,0.2,5,prospective,SL,6e-05,2.44942e-05,100000
sinus,0.25,0.2,5,retrospective,AP,0.86967,0.00106463,100000
sinus,0.25,0.2,5,retrospective,SL,0.89274,0.000978546,100000
sinus,0.25,0.2,7,prospective,AP,3e-05,1.73202e-05,100000
sinus,0.25,0.2,7,prospective,SL,0.001,9.995e-05,100000
sinus,0.25,0.2,7,retrospective,AP,0.9851,0.000383119,100000
sinus,0.25,0.2,7,retrospective,SL,0.98922,0.000326555,100000
sinus,0.25,0.2,10,prospective,AP,0.00119,0.000109022,100000
sinus,0.25,0.2,10,prospective,SL,0.01394,0.000370752,100000
sinus,0.25,0.2,10,retrospective,AP,0.99984,3.99968e-05,100000
sinus,0.25,0.2,10,retrospective,SL,0.99989,3.31644e-05,100000
sinus,0.25,0.2,13,prospective,AP,0.022,0.000463853,100000
sinus,0.25,0.2,13,prospective,SL,0.09353,0.000920772,100000
sinus,0.25,0.2,13,retrospective,AP,1,0,100000
sinus,0.25,0.2,13,retrospective,SL,1,0,100000
sinus,0.25,0.25,1,prospective,AP,0,0,100000
sinus,0.25,0.25,1,prospective,SL,0,0,100000
sinus,0.25,0.25,1,retrospective,AP,0,0,100000
sinus,0.25,0.25,1,retrospective,SL,0,0,100000
sinus,0.25,0.25,3,prospective,AP,0,0,100000
sinus,0.25,0.25,3,prospective,SL,0,0,100000
sinus,0.25,0.25,3,retrospective,AP,0.35874,0.00151673,100000
sinus,0.25,0.25,3,retrospective,SL,0.3959,0.00154649,100000
sinus,0.25,0.25,5,prospective,AP,0,0,100000
sinus,0.25,0.25,5,prospective,SL,2e-05,1.4142e-05,100000
sinus,0.25,0.25,5,retrospective,AP,0.8114,0.00123705,100000
sinus,0.25,0.25,5,retrospective,SL,0.84141,0.00115516,100000
sinus,0.25,0.25,7,prospective,AP,0,0,100000
sinus,0.25,0.25,7,prospective,SL,0.0006,7.74364e-05,100000
sinus,0.25,0.25,7,retrospective,AP,0.97181,0.000523405,100000
sinus,0.25,0.25,7,retrospective,SL,0.97766,0.000467343,100000
sinus,0.25,0.25,10,prospective,AP,0.00019,4.35848e-05,100000
sinus,0.25,0.25,10,prospective,SL,0.00517,0.000226788,100000
sinus,0.25,0.25,10,retrospective,AP,0.99916,9.1613e-05,100000
sinus,0.25,0.25,10,retrospective,SL,0.99952,6.92654e-05,100000
sinus,0.25,0.25,13,prospective,AP,0.0037,0.000191998,100000
sinus,0.25,0.25,13,prospective,SL,0.03096,0.000547736,100000
sinus,0.25,0.25,13,retrospective,AP,1,0,100000
sinus,0.25,0.25,13,retrospective,SL,1,0,100000
sinus,0.3,0,1,prospective,AP,0,0,100000
sinus,0.3,0,1,prospective,SL,0,0,100000
sinus,0.3,0,1,retrospective,AP,0,0,100000
sinus,0.3,0,1,retrospective,SL,0,0,100000
sinus,0.3,0,3,prospective,AP,0,0,100000
sinus,0.3,0,3,prospective,SL,0,0,100000
sinus,0.3,0,3,retrospective,AP,0.22352,0.00131742,100000
sinus,0.3,0,3,retrospective,SL,0.22352,0.00131742,100000
sinus,0.3,0,5,prospective,AP,0,0,100000
sinus,0.3,0,5,prospective,SL,0,0,100000
sinus,0.3,0,5,retrospective,AP,0.62528,0.0015307,100000
sinus,0.3,0,5,retrospective,SL,0.62528,0.0015307,100000
sinus,0.3,0,7,prospective,AP,0,0,100000
sinus,0.3,0,7,prospective,SL,0,0,100000
sinus,0.3,0,7,retrospective,AP,0.888,0.000997276,100000
sinus,0.3,0,7,retrospective,SL,0.888,0.000997276,100000
sinus,0.3,0,10,prospective,AP,0,0,100000
sinus,0.3,0,10,prospective,SL,0,0,100000
sinus,0.3,0,10,retrospective,AP,0.99196,0.000282407,100000
sinus,0.3,0,10,retrospective,SL,0.99196,0.000282407,100000
sinus,0.3,0,13,prospective,AP,0,0,100000
sinus,0.3,0,13,prospective,SL,0,0,100000
sinus,0.3,0,13,retrospective,AP,0.99974,5.09836e-05,100000
sinus,0.3,0,13,retrospective,SL,0.99974,5.09836e-05,100000
sinus,0.3,0.1,1,prospective,AP,0,0,100000
sinus,0.3,0.1,1,prospective,SL,0,0,100000
sinus,0.3,0.1,1,retrospective,AP,0,0,100000
sinus,0.3,0.1,1,retrospective,SL,0,0,100000
sinus,0.3,0.1,3,prospective,AP,0,0,100000
sinus,0.3,0.1,3,prospective,SL,0,0,100000
sinus,0.3,0.1,3,retrospective,AP,0.69734,0.00145278,100000
sinus,0.3,0.1,3,retrospective,SL,0.72671,0.00140926,100000
sinus,0.3,0.1,5,prospective,AP,0.00019,4.35848e-05,100000
sinus,0.3,0.1,5,prospective,SL,0.00204,0.000142683,100000
sinus,0.3,0.1,5,retrospective,AP,0.98244,0.000415351,100000
sinus,0.3,0.1,5,retrospective,SL,0.98525,0.000381214,100000
sinus,0.3,0.1,7,prospective,AP,0.00843,0.000289118,100000
sinus,0.3,0.1,7,prospective,SL,0.03748,0.000600627,100000
sinus,0.3,0.1,7,retrospective,AP,0.99958,6.47938e-05,100000
sinus,0.3,0.1,7,retrospective,SL,0.99966,5.82996e-05,100000
sinus,0.3,0.1,10,prospective,AP,0.38554,0.00153915,100000
sinus,0.3,0.1,10,prospective,SL,0.49608,0.00158109,100000
sinus,0.3,0.1,10,retrospective,AP,1,0,100000
sinus,0.3,0.1,10,retrospective,SL,1,0,100000
sinus,0.3,0.1,13,prospective,AP,0.89395,0.00097367,100000
sinus,0.3,0.1,13,prospective,SL,0.92327,0.00084168,100000
sinus,0.3,0.1,13,retrospective,AP,1,0,100000
sinus,0.3,0.1,13,retrospective,SL,1,0,100000
sinus,0.3,0.15,1,prospective,AP,0,0,100000
sinus,0.3,0.15,1,prospective,SL,0,0,100000
sinus,0.3,0.15,1,retrospective,AP,0,0,100000
sinus,0.3,0.15,1,retrospective,SL,0,0,100000
sinus,0.3,0.15,3,prospective,AP,0,0,100000
sinus,0.3,0.15,3,prospective,SL,0,0,100000
sinus,0.3,0.15,3,retrospective,AP,0.56385,0.00156819,100000
sinus,0.3,0.15,3,retrospective,SL,0.5948,0.00155246,100000
sinus,0.3,0.15,5,prospective,AP,2e-05,1.4142e-05,100000
sinus,0.3,0.15,5,prospective,SL,0.00031,5.5669e-05,100000
sinus,0.3,0.15,5,retrospective,AP,0.94749,0.000705356,100000
sinus,0.3,0.15,5,retrospective,SL,0.95527,0.000653676,100000
sinus,0.3,0.15,7,prospective,AP,0.00035,5.91504e-05,100000
sinus,0.3,0.15,7,prospective,SL,0.00522,0.000227876,100000
sinus,0.3,0.15,7,retrospective,AP,0.99754,0.000156651,100000
sinus,0.3,0.15,7,retrospective,SL,0.99797,0.000142333,100000
sinus,0.3,0.15,10,prospective,AP,0.02883,0.000529139,100000
sinus,0.3,0.15,10,prospective,SL,0.09301,0.000918472,100000
sinus,0.3,0.15,10,retrospective,AP,0.99996,1.99996e-05,100000
sinus,0.3,0.15,10,retrospective,SL,1,0,100000
sinus,0.3,0.15,13,prospective,AP,0.38266,0.00153698,100000
sinus,0.3,0.15,13,prospective,SL,0.50417,0.00158108,100000
sinus,0.3,0.15,13,retrospective,AP,1,0,100000
sinus,0.3,0.15,13,retrospective,SL,1,0,100000
sinus,0.3,0.2,1,prospective,AP,0,0,100000
sinus,0.3,0.2,1,prospective,SL,0,0,100000
sinus,0.3,0.2,1,retrospective,AP,0,0,100000
sinus,0.3,0.2,1,retrospective,SL,0,0,100000
sinus,0.3,0.2,3,prospective,AP,0,0,100000
sinus,0.3,0.2,3,prospective,SL,0,0,100000
sinus,0.3,0.2,3,retrospective,AP,0.46803,0.0015779,100000
sinus,0.3,0.2,3,retrospective,SL,0.50079,0.00158114,100000
sinus,0.3,0.2,5,prospective,AP,0,0,100000
sinus,0.3,0.2,5,prospective,SL,8e-05,2.82831e-05,100000
sinus,0.3,0.2,5,retrospective,AP,0.90039,0.000947037,100000
sinus,0.3,0.2,5,retrospective,SL,0.91517,0.000881101,100000
sinus,0.3,0.2,7,prospective,AP,5e-05,2.23601e-05,100000
sinus,0.3,0.2,7,prospective,SL,0.00137,0.000116967,100000
sinus,0.3,0.2,7,retrospective,AP,0.99117,0.000295838,100000
sinus,0.3,0.2,7,retrospective,SL,0.99245,0.000273733,100000
sinus,0.3,0.2,10,prospective,AP,0.00244,0.000156014,100000
sinus,0.3,0.2,10,prospective,SL,0.02015,0.000444342,100000
sinus,0.3,0.2,10,retrospective,AP,0.99987,3.60532e-05,100000
sinus,0.3,0.2,10,retrospective,SL,0.99993,2.64566e-05,100000
sinus,0.3,0.2,13,prospective,AP,0.06426,0.00077544,100000
sinus,0.3,0.2,13,prospective,SL,0.16009,0.00115957,100000
sinus,0.3,0.2,13,retrospective,AP,1,0,100000
sinus,0.3,0.2,13,retrospective,SL,1,0,100000
sinus,0.3,0.25,1,prospective,AP,0,0,100000
sinus,0.3,0.25,1,prospective,SL,0,0,100000
sinus,0.3,0.25,1,retrospective,AP,0,0,100000
sinus,0.3,0.25,1,retrospective,SL,0,0,100000
sinus,0.3,0.25,3,prospective,AP,0,0,100000
sinus,0.3,0.25,3,prospective,SL,0,0,100000
sinus,0.3,0.25,3,retrospective,AP,0.39838,0.00154814,100000
sinus,0.3,0.25,3,retrospective,SL,0.43161,0.00156628,100000
sinus,0.3,0.25,5,prospective,AP,0,0,100000
sinus,0.3,0.25,5,prospective,SL,0,0,100000
sinus,0.3,0.25,5,retrospective,AP,0.85018,0.0011286,100000
sinus,0.3,0.25,5,retrospective,SL,0.86989,0.00106387,100000
sinus,0.3,0.25,7,prospective,AP,1e-05,9.99995e-06,100000
sinus,0.3,0.25,7,prospective,SL,0.00036,5.99892e-05,100000
sinus,0.3,0.25,7,retrospective,AP,0.98078,0.000434173,100000
sinus,0.3,0.25,7,retrospective,SL,0.98458,0.000389644,100000
sinus,0.3,0.25,10,prospective,AP,0.00064,7.99744e-05,100000
sinus,0.3,0.25,10,prospective,SL,0.00682,0.000260259,100000
sinus,0.3,0.25,10,retrospective,AP,0.99972,5.29076e-05,100000
sinus,0.3,0.25,10,retrospective,SL,0.99976,4.89839e-05,100000
sinus,0.3,0.25,13,prospective,AP,0.00927,0.000303052,100000
sinus,0.3,0.25,13,prospective,SL,0.04824,0.000677591,100000
sinus,0.3,0.25,13,retrospective,AP,1,0,100000
sinus,0.3,0.25,13,retrospective,SL,1,0,100000
