cohort,rep,seed,scope,tau_mm,truth,tp,fp,fn,tn,tp_matched,n_patients
new,0,"(20261005, (74, 1, 0))",AP,2.0,any_pair:D0_published,6620,11838,8744,72798,5893,100000
new,0,"(20261005, (74, 1, 0))",AP,2.0,any_pair:D0a_other_over,6229,12229,7999,73543,5464,100000
new,0,"(20261005, (74, 1, 0))",AP,2.0,any_pair:D0b_anchor_under,678,17780,926,80616,678,100000
new,0,"(20261005, (74, 1, 0))",AP,2.0,any_pair:D1_plus_other_under,15026,3432,62854,18688,7000,100000
new,0,"(20261005, (74, 1, 0))",AP,2.0,any_pair:D2_net_either_view,13707,4751,59678,21864,4264,100000
new,0,"(20261005, (74, 1, 0))",AP,2.0,any_pair:D3_total_either_view,14200,4258,60785,20757,6718,100000
new,0,"(20261005, (74, 1, 0))",AP,2.0,any_pair:D4_expected_excess,4186,14272,1772,79770,4053,100000
new,0,"(20261005, (74, 1, 0))",AP,2.0,any_pair:D5_shared_total,2779,15679,7298,74244,1717,100000
new,0,"(20261005, (74, 1, 0))",AP,2.0,any_pair:D5n_shared_net,660,17798,946,80596,237,100000
new,0,"(20261005, (74, 1, 0))",AP,2.0,any_pair:H_shared_total_agree,2300,16158,6147,75395,1506,100000
new,0,"(20261005, (74, 1, 0))",AP,2.0,any_pair:Hn_shared_net_agree,415,18043,587,80955,202,100000
new,0,"(20261005, (74, 1, 0))",AP,2.0,any_pair:X_expected_excess_ge_tau,4186,14272,1772,79770,4053,100000
new,0,"(20261005, (74, 1, 0))",AP,2.0,reported_wrong:A1_anchor,7528,10930,21036,60506,-1,100000
new,0,"(20261005, (74, 1, 0))",AP,2.0,reported_wrong:A3_largest,9025,9433,20051,61491,-1,100000
new,0,"(20261005, (74, 1, 0))",AP,2.0,reported_wrong:A4_reviewed,7220,11238,20051,61491,-1,100000
new,0,"(20261005, (74, 1, 0))",AP,3.0,any_pair:D0_published,4519,4707,10845,79929,4097,100000
new,0,"(20261005, (74, 1, 0))",AP,3.0,any_pair:D0a_other_over,4245,4981,9983,80791,3795,100000
new,0,"(20261005, (74, 1, 0))",AP,3.0,any_pair:D0b_anchor_under,511,8715,1093,89681,511,100000
new,0,"(20261005, (74, 1, 0))",AP,3.0,any_pair:D1_plus_other_under,8098,1128,69782,20992,4509,100000
new,0,"(20261005, (74, 1, 0))",AP,3.0,any_pair:D2_net_either_view,7417,1809,65968,24806,2883,100000
new,0,"(20261005, (74, 1, 0))",AP,3.0,any_pair:D3_total_either_view,7579,1647,67406,23368,4217,100000
new,0,"(20261005, (74, 1, 0))",AP,3.0,any_pair:D4_expected_excess,3203,6023,2755,88019,3096,100000
new,0,"(20261005, (74, 1, 0))",AP,3.0,any_pair:D5_shared_total,1716,7510,8361,82413,942,100000
new,0,"(20261005, (74, 1, 0))",AP,3.0,any_pair:D5n_shared_net,489,8737,1117,89657,140,100000
new,0,"(20261005, (74, 1, 0))",AP,3.0,any_pair:H_shared_total_agree,1536,7690,7768,83006,852,100000
new,0,"(20261005, (74, 1, 0))",AP,3.0,any_pair:Hn_shared_net_agree,354,8872,861,89913,129,100000
new,0,"(20261005, (74, 1, 0))",AP,3.0,any_pair:X_expected_excess_ge_tau,1781,7445,842,89932,1742,100000
new,0,"(20261005, (74, 1, 0))",AP,3.0,reported_wrong:A1_anchor,4316,4910,24248,66526,-1,100000
new,0,"(20261005, (74, 1, 0))",AP,3.0,reported_wrong:A3_largest,5853,3373,23223,67551,-1,100000
new,0,"(20261005, (74, 1, 0))",AP,3.0,reported_wrong:A4_reviewed,4048,5178,23223,67551,-1,100000
new,0,"(20261005, (74, 1, 0))",AP,4.0,any_pair:D0_published,2926,1717,12438,82919,2701,100000
new,0,"(20261005, (74, 1, 0))",AP,4.0,any_pair:D0a_other_over,2733,1910,11495,83862,2488,100000
new,0,"(20261005, (74, 1, 0))",AP,4.0,any_pair:D0b_anchor_under,385,4258,1219,94138,385,100000
new,0,"(20261005, (74, 1, 0))",AP,4.0,any_pair:D1_plus_other_under,4312,331,73568,21789,2841,100000
new,0,"(20261005, (74, 1, 0))",AP,4.0,any_pair:D2_net_either_view,4026,617,69359,25998,1992,100000
new,0,"(20261005, (74, 1, 0))",AP,4.0,any_pair:D3_total_either_view,4088,555,70897,24460,2674,100000
new,0,"(20261005, (74, 1, 0))",AP,4.0,any_pair:D4_expected_excess,2263,2380,3695,91662,2186,100000
new,0,"(20261005, (74, 1, 0))",AP,4.0,any_pair:D5_shared_total,1042,3601,9035,86322,528,100000
new,0,"(20261005, (74, 1, 0))",AP,4.0,any_pair:D5n_shared_net,370,4273,1236,94121,87,100000
new,0,"(20261005, (74, 1, 0))",AP,4.0,any_pair:H_shared_total_agree,960,3683,8712,86645,474,100000
new,0,"(20261005, (74, 1, 0))",AP,4.0,any_pair:Hn_shared_net_agree,292,4351,1065,94292,85,100000
new,0,"(20261005, (74, 1, 0))",AP,4.0,any_pair:X_expected_excess_ge_tau,833,3810,388,94969,812,100000
new,0,"(20261005, (74, 1, 0))",AP,4.0,reported_wrong:A1_anchor,2309,2334,26255,69102,-1,100000
new,0,"(20261005, (74, 1, 0))",AP,4.0,reported_wrong:A3_largest,3588,1055,25488,69869,-1,100000
new,0,"(20261005, (74, 1, 0))",AP,4.0,reported_wrong:A4_reviewed,2365,2278,24906,70451,-1,100000
new,0,"(20261005, (74, 1, 0))",AP,5.0,any_pair:D0_published,1827,655,13537,83981,1718,100000
new,0,"(20261005, (74, 1, 0))",AP,5.0,any_pair:D0a_other_over,1716,766,12512,85006,1595,100000
new,0,"(20261005, (74, 1, 0))",AP,5.0,any_pair:D0b_anchor_under,257,2225,1347,96171,257,100000
new,0,"(20261005, (74, 1, 0))",AP,5.0,any_pair:D1_plus_other_under,2371,111,75509,22009,1781,100000
new,0,"(20261005, (74, 1, 0))",AP,5.0,any_pair:D2_net_either_view,2253,229,71132,26386,1341,100000
new,0,"(20261005, (74, 1, 0))",AP,5.0,any_pair:D3_total_either_view,2276,206,72709,24809,1689,100000
new,0,"(20261005, (74, 1, 0))",AP,5.0,any_pair:D4_expected_excess,1526,956,4432,93086,1474,100000
new,0,"(20261005, (74, 1, 0))",AP,5.0,any_pair:D5_shared_total,623,1859,9454,88064,299,100000
new,0,"(20261005, (74, 1, 0))",AP,5.0,any_pair:D5n_shared_net,243,2239,1363,96155,44,100000
new,0,"(20261005, (74, 1, 0))",AP,5.0,any_pair:H_shared_total_agree,588,1894,9281,88237,269,100000
new,0,"(20261005, (74, 1, 0))",AP,5.0,any_pair:Hn_shared_net_agree,210,2272,1244,96274,43,100000
new,0,"(20261005, (74, 1, 0))",AP,5.0,any_pair:X_expected_excess_ge_tau,434,2048,196,97322,425,100000
new,0,"(20261005, (74, 1, 0))",AP,5.0,reported_wrong:A1_anchor,1319,1163,27245,70273,-1,100000
new,0,"(20261005, (74, 1, 0))",AP,5.0,reported_wrong:A3_largest,2132,350,26944,70574,-1,100000
new,0,"(20261005, (74, 1, 0))",AP,5.0,reported_wrong:A4_reviewed,1395,1087,25876,71642,-1,100000
new,0,"(20261005, (74, 1, 0))",AP,6.0,any_pair:D0_published,1082,243,14282,84393,1041,100000
new,0,"(20261005, (74, 1, 0))",AP,6.0,any_pair:D0a_other_over,1013,312,13215,85460,965,100000
new,0,"(20261005, (74, 1, 0))",AP,6.0,any_pair:D0b_anchor_under,181,1144,1423,97252,181,100000
new,0,"(20261005, (74, 1, 0))",AP,6.0,any_pair:D1_plus_other_under,1290,35,76590,22085,1067,100000
new,0,"(20261005, (74, 1, 0))",AP,6.0,any_pair:D2_net_either_view,1246,79,72139,26536,864,100000
new,0,"(20261005, (74, 1, 0))",AP,6.0,any_pair:D3_total_either_view,1253,72,73732,24943,1037,100000
new,0,"(20261005, (74, 1, 0))",AP,6.0,any_pair:D4_expected_excess,940,385,5018,93657,913,100000
new,0,"(20261005, (74, 1, 0))",AP,6.0,any_pair:D5_shared_total,364,961,9713,88962,159,100000
new,0,"(20261005, (74, 1, 0))",AP,6.0,any_pair:D5n_shared_net,171,1154,1435,97240,32,100000
new,0,"(20261005, (74, 1, 0))",AP,6.0,any_pair:H_shared_total_agree,343,982,9618,89057,142,100000
new,0,"(20261005, (74, 1, 0))",AP,6.0,any_pair:Hn_shared_net_agree,153,1172,1360,97315,31,100000
new,0,"(20261005, (74, 1, 0))",AP,6.0,any_pair:X_expected_excess_ge_tau,214,1111,101,98574,211,100000
new,0,"(20261005, (74, 1, 0))",AP,6.0,reported_wrong:A1_anchor,736,589,27828,70847,-1,100000
new,0,"(20261005, (74, 1, 0))",AP,6.0,reported_wrong:A3_largest,1227,98,27849,70826,-1,100000
new,0,"(20261005, (74, 1, 0))",AP,6.0,reported_wrong:A4_reviewed,797,528,26474,72201,-1,100000
new,0,"(20261005, (74, 1, 0))",SL,2.0,any_pair:D0_published,2484,9093,3585,84838,2205,100000
new,0,"(20261005, (74, 1, 0))",SL,2.0,any_pair:D0a_other_over,2428,9149,3467,84956,2142,100000
new,0,"(20261005, (74, 1, 0))",SL,2.0,any_pair:D0b_anchor_under,94,11483,146,88277,94,100000
new,0,"(20261005, (74, 1, 0))",SL,2.0,any_pair:D1_plus_other_under,7114,4463,45051,43372,2544,100000
new,0,"(20261005, (74, 1, 0))",SL,2.0,any_pair:D2_net_either_view,6195,5382,41658,46765,1326,100000
new,0,"(20261005, (74, 1, 0))",SL,2.0,any_pair:D3_total_either_view,6525,5052,43296,45127,2227,100000
new,0,"(20261005, (74, 1, 0))",SL,2.0,any_pair:D4_expected_excess,1651,9926,794,87629,1595,100000
new,0,"(20261005, (74, 1, 0))",SL,2.0,any_pair:D5_shared_total,594,10983,2099,86324,348,100000
new,0,"(20261005, (74, 1, 0))",SL,2.0,any_pair:D5n_shared_net,85,11492,172,88251,28,100000
new,0,"(20261005, (74, 1, 0))",SL,2.0,any_pair:H_shared_total_agree,519,11058,1856,86567,309,100000
new,0,"(20261005, (74, 1, 0))",SL,2.0,any_pair:Hn_shared_net_agree,57,11520,119,88304,24,100000
new,0,"(20261005, (74, 1, 0))",SL,2.0,any_pair:X_expected_excess_ge_tau,1651,9926,794,87629,1595,100000
new,0,"(20261005, (74, 1, 0))",SL,2.0,reported_wrong:A1_anchor,3458,8119,13161,75262,-1,100000
new,0,"(20261005, (74, 1, 0))",SL,2.0,reported_wrong:A3_largest,4932,6645,13468,74955,-1,100000
new,0,"(20261005, (74, 1, 0))",SL,2.0,reported_wrong:A4_reviewed,3893,7684,13468,74955,-1,100000
new,0,"(20261005, (74, 1, 0))",SL,3.0,any_pair:D0_published,1574,2570,4495,91361,1415,100000
new,0,"(20261005, (74, 1, 0))",SL,3.0,any_pair:D0a_other_over,1538,2606,4357,91499,1372,100000
new,0,"(20261005, (74, 1, 0))",SL,3.0,any_pair:D0b_anchor_under,71,4073,169,95687,71,100000
new,0,"(20261005, (74, 1, 0))",SL,3.0,any_pair:D1_plus_other_under,3151,993,49014,46842,1510,100000
new,0,"(20261005, (74, 1, 0))",SL,3.0,any_pair:D2_net_either_view,2760,1384,45093,50763,893,100000
new,0,"(20261005, (74, 1, 0))",SL,3.0,any_pair:D3_total_either_view,2886,1258,46935,48921,1350,100000
new,0,"(20261005, (74, 1, 0))",SL,3.0,any_pair:D4_expected_excess,1165,2979,1280,94576,1126,100000
new,0,"(20261005, (74, 1, 0))",SL,3.0,any_pair:D5_shared_total,329,3815,2364,93492,165,100000
new,0,"(20261005, (74, 1, 0))",SL,3.0,any_pair:D5n_shared_net,63,4081,194,95662,17,100000
new,0,"(20261005, (74, 1, 0))",SL,3.0,any_pair:H_shared_total_agree,304,3840,2255,93601,151,100000
new,0,"(20261005, (74, 1, 0))",SL,3.0,any_pair:Hn_shared_net_agree,49,4095,156,95700,16,100000
new,0,"(20261005, (74, 1, 0))",SL,3.0,any_pair:X_expected_excess_ge_tau,552,3592,256,95600,535,100000
new,0,"(20261005, (74, 1, 0))",SL,3.0,reported_wrong:A1_anchor,1546,2598,15073,80783,-1,100000
new,0,"(20261005, (74, 1, 0))",SL,3.0,reported_wrong:A3_largest,2616,1528,15784,80072,-1,100000
new,0,"(20261005, (74, 1, 0))",SL,3.0,reported_wrong:A4_reviewed,1577,2567,15784,80072,-1,100000
new,0,"(20261005, (74, 1, 0))",SL,4.0,any_pair:D0_published,906,655,5163,93276,825,100000
new,0,"(20261005, (74, 1, 0))",SL,4.0,any_pair:D0a_other_over,883,678,5012,93427,798,100000
new,0,"(20261005, (74, 1, 0))",SL,4.0,any_pair:D0b_anchor_under,48,1513,192,98247,48,100000
new,0,"(20261005, (74, 1, 0))",SL,4.0,any_pair:D1_plus_other_under,1340,221,50825,47614,852,100000
new,0,"(20261005, (74, 1, 0))",SL,4.0,any_pair:D2_net_either_view,1190,371,46663,51776,561,100000
new,0,"(20261005, (74, 1, 0))",SL,4.0,any_pair:D3_total_either_view,1246,315,48575,49864,762,100000
new,0,"(20261005, (74, 1, 0))",SL,4.0,any_pair:D4_expected_excess,728,833,1717,96722,709,100000
new,0,"(20261005, (74, 1, 0))",SL,4.0,any_pair:D5_shared_total,172,1389,2521,95918,83,100000
new,0,"(20261005, (74, 1, 0))",SL,4.0,any_pair:D5n_shared_net,44,1517,213,98226,7,100000
new,0,"(20261005, (74, 1, 0))",SL,4.0,any_pair:H_shared_total_agree,164,1397,2478,95961,74,100000
new,0,"(20261005, (74, 1, 0))",SL,4.0,any_pair:Hn_shared_net_agree,39,1522,187,98252,7,100000
new,0,"(20261005, (74, 1, 0))",SL,4.0,any_pair:X_expected_excess_ge_tau,192,1369,107,98332,185,100000
new,0,"(20261005, (74, 1, 0))",SL,4.0,reported_wrong:A1_anchor,682,879,15937,82502,-1,100000
new,0,"(20261005, (74, 1, 0))",SL,4.0,reported_wrong:A3_largest,1244,317,17156,81283,-1,100000
new,0,"(20261005, (74, 1, 0))",SL,4.0,reported_wrong:A4_reviewed,734,827,16627,81812,-1,100000
new,0,"(20261005, (74, 1, 0))",SL,5.0,any_pair:D0_published,481,166,5588,93765,450,100000
new,0,"(20261005, (74, 1, 0))",SL,5.0,any_pair:D0a_other_over,469,178,5426,93927,437,100000
new,0,"(20261005, (74, 1, 0))",SL,5.0,any_pair:D0b_anchor_under,30,617,210,99143,30,100000
new,0,"(20261005, (74, 1, 0))",SL,5.0,any_pair:D1_plus_other_under,606,41,51559,47794,463,100000
new,0,"(20261005, (74, 1, 0))",SL,5.0,any_pair:D2_net_either_view,558,89,47295,52058,346,100000
new,0,"(20261005, (74, 1, 0))",SL,5.0,any_pair:D3_total_either_view,572,75,49249,50104,416,100000
new,0,"(20261005, (74, 1, 0))",SL,5.0,any_pair:D4_expected_excess,413,234,2032,97321,403,100000
new,0,"(20261005, (74, 1, 0))",SL,5.0,any_pair:D5_shared_total,83,564,2610,96743,45,100000
new,0,"(20261005, (74, 1, 0))",SL,5.0,any_pair:D5n_shared_net,28,619,229,99124,2,100000
new,0,"(20261005, (74, 1, 0))",SL,5.0,any_pair:H_shared_total_agree,81,566,2590,96763,39,100000
new,0,"(20261005, (74, 1, 0))",SL,5.0,any_pair:Hn_shared_net_agree,25,622,212,99141,2,100000
new,0,"(20261005, (74, 1, 0))",SL,5.0,any_pair:X_expected_excess_ge_tau,91,556,45,99308,91,100000
new,0,"(20261005, (74, 1, 0))",SL,5.0,reported_wrong:A1_anchor,308,339,16311,83042,-1,100000
new,0,"(20261005, (74, 1, 0))",SL,5.0,reported_wrong:A3_largest,590,57,17810,81543,-1,100000
new,0,"(20261005, (74, 1, 0))",SL,5.0,reported_wrong:A4_reviewed,352,295,17009,82344,-1,100000
new,0,"(20261005, (74, 1, 0))",SL,6.0,any_pair:D0_published,257,58,5812,93873,239,100000
new,0,"(20261005, (74, 1, 0))",SL,6.0,any_pair:D0a_other_over,249,66,5646,94039,230,100000
new,0,"(20261005, (74, 1, 0))",SL,6.0,any_pair:D0b_anchor_under,23,292,217,99468,23,100000
new,0,"(20261005, (74, 1, 0))",SL,6.0,any_pair:D1_plus_other_under,306,9,51859,47826,246,100000
new,0,"(20261005, (74, 1, 0))",SL,6.0,any_pair:D2_net_either_view,294,21,47559,52126,209,100000
new,0,"(20261005, (74, 1, 0))",SL,6.0,any_pair:D3_total_either_view,291,24,49530,50155,229,100000
new,0,"(20261005, (74, 1, 0))",SL,6.0,any_pair:D4_expected_excess,235,80,2210,97475,227,100000
new,0,"(20261005, (74, 1, 0))",SL,6.0,any_pair:D5_shared_total,42,273,2651,97034,25,100000
new,0,"(20261005, (74, 1, 0))",SL,6.0,any_pair:D5n_shared_net,20,295,237,99448,0,100000
new,0,"(20261005, (74, 1, 0))",SL,6.0,any_pair:H_shared_total_agree,42,273,2640,97045,22,100000
new,0,"(20261005, (74, 1, 0))",SL,6.0,any_pair:Hn_shared_net_agree,17,298,225,99460,0,100000
new,0,"(20261005, (74, 1, 0))",SL,6.0,any_pair:X_expected_excess_ge_tau,52,263,22,99663,51,100000
new,0,"(20261005, (74, 1, 0))",SL,6.0,reported_wrong:A1_anchor,174,141,16445,83240,-1,100000
new,0,"(20261005, (74, 1, 0))",SL,6.0,reported_wrong:A3_largest,298,17,18102,81583,-1,100000
new,0,"(20261005, (74, 1, 0))",SL,6.0,reported_wrong:A4_reviewed,180,135,17181,82504,-1,100000
new,0,"(20261005, (74, 1, 0))",either,2.0,any_pair:D0_published,10244,17289,9505,62962,7877,100000
new,0,"(20261005, (74, 1, 0))",either,2.0,any_pair:D0a_other_over,9782,17751,8947,63520,7431,100000
new,0,"(20261005, (74, 1, 0))",either,2.0,any_pair:D0b_anchor_under,993,26540,810,71657,764,100000
new,0,"(20261005, (74, 1, 0))",either,2.0,any_pair:D1_plus_other_under,24676,2857,59855,12612,9208,100000
new,0,"(20261005, (74, 1, 0))",either,2.0,any_pair:D2_net_either_view,23644,3889,57639,14828,5435,100000
new,0,"(20261005, (74, 1, 0))",either,2.0,any_pair:D3_total_either_view,23779,3754,58225,14242,8582,100000
new,0,"(20261005, (74, 1, 0))",either,2.0,any_pair:D4_expected_excess,6104,21429,2046,70421,5549,100000
new,0,"(20261005, (74, 1, 0))",either,2.0,any_pair:D5_shared_total,4124,23409,6507,65960,1996,100000
new,0,"(20261005, (74, 1, 0))",either,2.0,any_pair:D5n_shared_net,987,26546,842,71625,264,100000
new,0,"(20261005, (74, 1, 0))",either,2.0,any_pair:H_shared_total_agree,3500,24033,5710,66757,1762,100000
new,0,"(20261005, (74, 1, 0))",either,2.0,any_pair:Hn_shared_net_agree,622,26911,544,71923,226,100000
new,0,"(20261005, (74, 1, 0))",either,2.0,any_pair:X_expected_excess_ge_tau,6104,21429,2046,70421,5549,100000
new,0,"(20261005, (74, 1, 0))",either,2.0,reported_wrong:A1_anchor,13639,13894,23749,48718,-1,100000
new,0,"(20261005, (74, 1, 0))",either,2.0,reported_wrong:A3_largest,15301,12232,22551,49916,-1,100000
new,0,"(20261005, (74, 1, 0))",either,2.0,reported_wrong:A4_reviewed,13205,14328,22551,49916,-1,100000
new,0,"(20261005, (74, 1, 0))",either,3.0,any_pair:D0_published,6641,6123,13108,74128,5396,100000
new,0,"(20261005, (74, 1, 0))",either,3.0,any_pair:D0a_other_over,6337,6427,12392,74844,5077,100000
new,0,"(20261005, (74, 1, 0))",either,3.0,any_pair:D0b_anchor_under,722,12042,1081,86155,575,100000
new,0,"(20261005, (74, 1, 0))",either,3.0,any_pair:D1_plus_other_under,12071,693,72460,14776,5866,100000
new,0,"(20261005, (74, 1, 0))",either,3.0,any_pair:D2_net_either_view,11632,1132,69651,17585,3695,100000
new,0,"(20261005, (74, 1, 0))",either,3.0,any_pair:D3_total_either_view,11658,1106,70346,16890,5412,100000
new,0,"(20261005, (74, 1, 0))",either,3.0,any_pair:D4_expected_excess,4532,8232,3618,83618,4155,100000
new,0,"(20261005, (74, 1, 0))",either,3.0,any_pair:D5_shared_total,2423,10341,8208,79028,1085,100000
new,0,"(20261005, (74, 1, 0))",either,3.0,any_pair:D5n_shared_net,707,12057,1122,86114,156,100000
new,0,"(20261005, (74, 1, 0))",either,3.0,any_pair:H_shared_total_agree,2206,10558,7772,79464,984,100000
new,0,"(20261005, (74, 1, 0))",either,3.0,any_pair:Hn_shared_net_agree,521,12243,881,86355,145,100000
new,0,"(20261005, (74, 1, 0))",either,3.0,any_pair:X_expected_excess_ge_tau,2401,10363,973,86263,2255,100000
new,0,"(20261005, (74, 1, 0))",either,3.0,reported_wrong:A1_anchor,7266,5498,30122,57114,-1,100000
new,0,"(20261005, (74, 1, 0))",either,3.0,reported_wrong:A3_largest,8945,3819,28907,58329,-1,100000
new,0,"(20261005, (74, 1, 0))",either,3.0,reported_wrong:A4_reviewed,6849,5915,28907,58329,-1,100000
new,0,"(20261005, (74, 1, 0))",either,4.0,any_pair:D0_published,4051,1994,15698,78257,3471,100000
new,0,"(20261005, (74, 1, 0))",either,4.0,any_pair:D0a_other_over,3849,2196,14880,79075,3243,100000
new,0,"(20261005, (74, 1, 0))",either,4.0,any_pair:D0b_anchor_under,520,5525,1283,92672,430,100000
new,0,"(20261005, (74, 1, 0))",either,4.0,any_pair:D1_plus_other_under,5889,156,78642,15313,3624,100000
new,0,"(20261005, (74, 1, 0))",either,4.0,any_pair:D2_net_either_view,5739,306,75544,18411,2513,100000
new,0,"(20261005, (74, 1, 0))",either,4.0,any_pair:D3_total_either_view,5764,281,76240,17715,3372,100000
new,0,"(20261005, (74, 1, 0))",either,4.0,any_pair:D4_expected_excess,3083,2962,5067,88888,2865,100000
new,0,"(20261005, (74, 1, 0))",either,4.0,any_pair:D5_shared_total,1390,4655,9241,84714,603,100000
new,0,"(20261005, (74, 1, 0))",either,4.0,any_pair:D5n_shared_net,511,5534,1318,92637,94,100000
new,0,"(20261005, (74, 1, 0))",either,4.0,any_pair:H_shared_total_agree,1306,4739,8992,84963,541,100000
new,0,"(20261005, (74, 1, 0))",either,4.0,any_pair:Hn_shared_net_agree,411,5634,1148,92807,92,100000
new,0,"(20261005, (74, 1, 0))",either,4.0,any_pair:X_expected_excess_ge_tau,1042,5003,463,93492,992,100000
new,0,"(20261005, (74, 1, 0))",either,4.0,reported_wrong:A1_anchor,3699,2346,33689,60266,-1,100000
new,0,"(20261005, (74, 1, 0))",either,4.0,reported_wrong:A3_largest,4990,1055,32862,61093,-1,100000
new,0,"(20261005, (74, 1, 0))",either,4.0,reported_wrong:A4_reviewed,3718,2327,32038,61917,-1,100000
new,0,"(20261005, (74, 1, 0))",either,5.0,any_pair:D0_published,2408,677,17341,79574,2146,100000
new,0,"(20261005, (74, 1, 0))",either,5.0,any_pair:D0a_other_over,2291,794,16438,80477,2012,100000
new,0,"(20261005, (74, 1, 0))",either,5.0,any_pair:D0b_anchor_under,343,2742,1460,95455,286,100000
new,0,"(20261005, (74, 1, 0))",either,5.0,any_pair:D1_plus_other_under,3050,35,81481,15434,2217,100000
new,0,"(20261005, (74, 1, 0))",either,5.0,any_pair:D2_net_either_view,3009,76,78274,18641,1674,100000
new,0,"(20261005, (74, 1, 0))",either,5.0,any_pair:D3_total_either_view,3014,71,78990,17925,2080,100000
new,0,"(20261005, (74, 1, 0))",either,5.0,any_pair:D4_expected_excess,1990,1095,6160,90755,1863,100000
new,0,"(20261005, (74, 1, 0))",either,5.0,any_pair:D5_shared_total,801,2284,9830,87085,340,100000
new,0,"(20261005, (74, 1, 0))",either,5.0,any_pair:D5n_shared_net,330,2755,1499,95416,46,100000
new,0,"(20261005, (74, 1, 0))",either,5.0,any_pair:H_shared_total_agree,770,2315,9697,87218,304,100000
new,0,"(20261005, (74, 1, 0))",either,5.0,any_pair:Hn_shared_net_agree,287,2798,1378,95537,45,100000
new,0,"(20261005, (74, 1, 0))",either,5.0,any_pair:X_expected_excess_ge_tau,532,2553,228,96687,514,100000
new,0,"(20261005, (74, 1, 0))",either,5.0,reported_wrong:A1_anchor,2023,1062,35365,61550,-1,100000
new,0,"(20261005, (74, 1, 0))",either,5.0,reported_wrong:A3_largest,2774,311,35078,61837,-1,100000
new,0,"(20261005, (74, 1, 0))",either,5.0,reported_wrong:A4_reviewed,2083,1002,33673,63242,-1,100000
new,0,"(20261005, (74, 1, 0))",either,6.0,any_pair:D0_published,1378,240,18371,80011,1266,100000
new,0,"(20261005, (74, 1, 0))",either,6.0,any_pair:D0a_other_over,1305,313,17424,80958,1183,100000
new,0,"(20261005, (74, 1, 0))",either,6.0,any_pair:D0b_anchor_under,238,1380,1565,96817,203,100000
new,0,"(20261005, (74, 1, 0))",either,6.0,any_pair:D1_plus_other_under,1615,3,82916,15466,1298,100000
new,0,"(20261005, (74, 1, 0))",either,6.0,any_pair:D2_net_either_view,1601,17,79682,18700,1065,100000
new,0,"(20261005, (74, 1, 0))",either,6.0,any_pair:D3_total_either_view,1607,11,80397,17985,1252,100000
new,0,"(20261005, (74, 1, 0))",either,6.0,any_pair:D4_expected_excess,1193,425,6957,91425,1131,100000
new,0,"(20261005, (74, 1, 0))",either,6.0,any_pair:D5_shared_total,458,1160,10173,88209,182,100000
new,0,"(20261005, (74, 1, 0))",either,6.0,any_pair:D5n_shared_net,225,1393,1604,96778,32,100000
new,0,"(20261005, (74, 1, 0))",either,6.0,any_pair:H_shared_total_agree,440,1178,10104,88278,162,100000
new,0,"(20261005, (74, 1, 0))",either,6.0,any_pair:Hn_shared_net_agree,200,1418,1528,96854,31,100000
new,0,"(20261005, (74, 1, 0))",either,6.0,any_pair:X_expected_excess_ge_tau,268,1350,118,98264,260,100000
new,0,"(20261005, (74, 1, 0))",either,6.0,reported_wrong:A1_anchor,1122,496,36266,62116,-1,100000
new,0,"(20261005, (74, 1, 0))",either,6.0,reported_wrong:A3_largest,1538,80,36314,62068,-1,100000
new,0,"(20261005, (74, 1, 0))",either,6.0,reported_wrong:A4_reviewed,1167,451,34589,63793,-1,100000
new,1,"(20261005, (74, 1, 1))",AP,2.0,any_pair:D0_published,6758,11818,8773,72651,5993,100000
new,1,"(20261005, (74, 1, 1))",AP,2.0,any_pair:D0a_other_over,6366,12210,8044,73380,5561,100000
new,1,"(20261005, (74, 1, 1))",AP,2.0,any_pair:D0b_anchor_under,678,17898,934,80490,678,100000
new,1,"(20261005, (74, 1, 1))",AP,2.0,any_pair:D1_plus_other_under,15207,3369,63019,18405,7222,100000
new,1,"(20261005, (74, 1, 1))",AP,2.0,any_pair:D2_net_either_view,13879,4697,59815,21609,4433,100000
new,1,"(20261005, (74, 1, 1))",AP,2.0,any_pair:D3_total_either_view,14350,4226,60610,20814,6908,100000
new,1,"(20261005, (74, 1, 1))",AP,2.0,any_pair:D4_expected_excess,4327,14249,1760,79664,4179,100000
new,1,"(20261005, (74, 1, 1))",AP,2.0,any_pair:D5_shared_total,2811,15765,7420,74004,1778,100000
new,1,"(20261005, (74, 1, 1))",AP,2.0,any_pair:D5n_shared_net,641,17935,953,80471,213,100000
new,1,"(20261005, (74, 1, 1))",AP,2.0,any_pair:H_shared_total_agree,2317,16259,6245,75179,1532,100000
new,1,"(20261005, (74, 1, 1))",AP,2.0,any_pair:Hn_shared_net_agree,384,18192,599,80825,178,100000
new,1,"(20261005, (74, 1, 1))",AP,2.0,any_pair:X_expected_excess_ge_tau,4327,14249,1760,79664,4179,100000
new,1,"(20261005, (74, 1, 1))",AP,2.0,reported_wrong:A1_anchor,7633,10943,20779,60645,-1,100000
new,1,"(20261005, (74, 1, 1))",AP,2.0,reported_wrong:A3_largest,9245,9331,19981,61443,-1,100000
new,1,"(20261005, (74, 1, 1))",AP,2.0,reported_wrong:A4_reviewed,7321,11255,19981,61443,-1,100000
new,1,"(20261005, (74, 1, 1))",AP,3.0,any_pair:D0_published,4649,4696,10882,79773,4187,100000
new,1,"(20261005, (74, 1, 1))",AP,3.0,any_pair:D0a_other_over,4370,4975,10040,80615,3872,100000
new,1,"(20261005, (74, 1, 1))",AP,3.0,any_pair:D0b_anchor_under,507,8838,1105,89550,507,100000
new,1,"(20261005, (74, 1, 1))",AP,3.0,any_pair:D1_plus_other_under,8234,1111,69992,20663,4655,100000
new,1,"(20261005, (74, 1, 1))",AP,3.0,any_pair:D2_net_either_view,7548,1797,66146,24509,3033,100000
new,1,"(20261005, (74, 1, 1))",AP,3.0,any_pair:D3_total_either_view,7733,1612,67227,23428,4318,100000
new,1,"(20261005, (74, 1, 1))",AP,3.0,any_pair:D4_expected_excess,3295,6050,2792,87863,3182,100000
new,1,"(20261005, (74, 1, 1))",AP,3.0,any_pair:D5_shared_total,1721,7624,8510,82145,990,100000
new,1,"(20261005, (74, 1, 1))",AP,3.0,any_pair:D5n_shared_net,471,8874,1123,89532,130,100000
new,1,"(20261005, (74, 1, 1))",AP,3.0,any_pair:H_shared_total_agree,1504,7841,7900,82755,870,100000
new,1,"(20261005, (74, 1, 1))",AP,3.0,any_pair:Hn_shared_net_agree,343,9002,855,89800,118,100000
new,1,"(20261005, (74, 1, 1))",AP,3.0,any_pair:X_expected_excess_ge_tau,1887,7458,881,89774,1831,100000
new,1,"(20261005, (74, 1, 1))",AP,3.0,reported_wrong:A1_anchor,4339,5006,24073,66582,-1,100000
new,1,"(20261005, (74, 1, 1))",AP,3.0,reported_wrong:A3_largest,6038,3307,23188,67467,-1,100000
new,1,"(20261005, (74, 1, 1))",AP,3.0,reported_wrong:A4_reviewed,4114,5231,23188,67467,-1,100000
new,1,"(20261005, (74, 1, 1))",AP,4.0,any_pair:D0_published,2958,1750,12573,82719,2715,100000
new,1,"(20261005, (74, 1, 1))",AP,4.0,any_pair:D0a_other_over,2769,1939,11641,83651,2507,100000
new,1,"(20261005, (74, 1, 1))",AP,4.0,any_pair:D0b_anchor_under,368,4340,1244,94048,368,100000
new,1,"(20261005, (74, 1, 1))",AP,4.0,any_pair:D1_plus_other_under,4367,341,73859,21433,2908,100000
new,1,"(20261005, (74, 1, 1))",AP,4.0,any_pair:D2_net_either_view,4077,631,69617,25675,2068,100000
new,1,"(20261005, (74, 1, 1))",AP,4.0,any_pair:D3_total_either_view,4166,542,70794,24498,2680,100000
new,1,"(20261005, (74, 1, 1))",AP,4.0,any_pair:D4_expected_excess,2304,2404,3783,91509,2226,100000
new,1,"(20261005, (74, 1, 1))",AP,4.0,any_pair:D5_shared_total,1051,3657,9180,86112,560,100000
new,1,"(20261005, (74, 1, 1))",AP,4.0,any_pair:D5n_shared_net,341,4367,1253,94039,81,100000
new,1,"(20261005, (74, 1, 1))",AP,4.0,any_pair:H_shared_total_agree,954,3754,8872,86420,504,100000
new,1,"(20261005, (74, 1, 1))",AP,4.0,any_pair:Hn_shared_net_agree,270,4438,1067,94225,78,100000
new,1,"(20261005, (74, 1, 1))",AP,4.0,any_pair:X_expected_excess_ge_tau,843,3865,430,94862,825,100000
new,1,"(20261005, (74, 1, 1))",AP,4.0,reported_wrong:A1_anchor,2395,2313,26017,69275,-1,100000
new,1,"(20261005, (74, 1, 1))",AP,4.0,reported_wrong:A3_largest,3649,1059,25577,69715,-1,100000
new,1,"(20261005, (74, 1, 1))",AP,4.0,reported_wrong:A4_reviewed,2390,2318,24912,70380,-1,100000
new,1,"(20261005, (74, 1, 1))",AP,5.0,any_pair:D0_published,1805,651,13726,83818,1700,100000
new,1,"(20261005, (74, 1, 1))",AP,5.0,any_pair:D0a_other_over,1693,763,12717,84827,1577,100000
new,1,"(20261005, (74, 1, 1))",AP,5.0,any_pair:D0b_anchor_under,251,2205,1361,96183,251,100000
new,1,"(20261005, (74, 1, 1))",AP,5.0,any_pair:D1_plus_other_under,2361,95,75865,21679,1771,100000
new,1,"(20261005, (74, 1, 1))",AP,5.0,any_pair:D2_net_either_view,2239,217,71455,26089,1364,100000
new,1,"(20261005, (74, 1, 1))",AP,5.0,any_pair:D3_total_either_view,2293,163,72667,24877,1693,100000
new,1,"(20261005, (74, 1, 1))",AP,5.0,any_pair:D4_expected_excess,1511,945,4576,92968,1470,100000
new,1,"(20261005, (74, 1, 1))",AP,5.0,any_pair:D5_shared_total,649,1807,9582,87962,323,100000
new,1,"(20261005, (74, 1, 1))",AP,5.0,any_pair:D5n_shared_net,229,2227,1365,96179,41,100000
new,1,"(20261005, (74, 1, 1))",AP,5.0,any_pair:H_shared_total_agree,599,1857,9411,88133,294,100000
new,1,"(20261005, (74, 1, 1))",AP,5.0,any_pair:Hn_shared_net_agree,186,2270,1240,96304,39,100000
new,1,"(20261005, (74, 1, 1))",AP,5.0,any_pair:X_expected_excess_ge_tau,420,2036,192,97352,412,100000
new,1,"(20261005, (74, 1, 1))",AP,5.0,reported_wrong:A1_anchor,1344,1112,27068,70476,-1,100000
new,1,"(20261005, (74, 1, 1))",AP,5.0,reported_wrong:A3_largest,2110,346,27116,70428,-1,100000
new,1,"(20261005, (74, 1, 1))",AP,5.0,reported_wrong:A4_reviewed,1336,1120,25966,71578,-1,100000
new,1,"(20261005, (74, 1, 1))",AP,6.0,any_pair:D0_published,1097,257,14434,84212,1048,100000
new,1,"(20261005, (74, 1, 1))",AP,6.0,any_pair:D0a_other_over,1026,328,13384,85262,970,100000
new,1,"(20261005, (74, 1, 1))",AP,6.0,any_pair:D0b_anchor_under,177,1177,1435,97211,177,100000
new,1,"(20261005, (74, 1, 1))",AP,6.0,any_pair:D1_plus_other_under,1331,23,76895,21751,1078,100000
new,1,"(20261005, (74, 1, 1))",AP,6.0,any_pair:D2_net_either_view,1276,78,72418,26228,880,100000
new,1,"(20261005, (74, 1, 1))",AP,6.0,any_pair:D3_total_either_view,1298,56,73662,24984,1040,100000
new,1,"(20261005, (74, 1, 1))",AP,6.0,any_pair:D4_expected_excess,950,404,5137,93509,925,100000
new,1,"(20261005, (74, 1, 1))",AP,6.0,any_pair:D5_shared_total,400,954,9831,88815,188,100000
new,1,"(20261005, (74, 1, 1))",AP,6.0,any_pair:D5n_shared_net,159,1195,1435,97211,29,100000
new,1,"(20261005, (74, 1, 1))",AP,6.0,any_pair:H_shared_total_agree,374,980,9739,88907,165,100000
new,1,"(20261005, (74, 1, 1))",AP,6.0,any_pair:Hn_shared_net_agree,136,1218,1351,97295,26,100000
new,1,"(20261005, (74, 1, 1))",AP,6.0,any_pair:X_expected_excess_ge_tau,221,1133,109,98537,218,100000
new,1,"(20261005, (74, 1, 1))",AP,6.0,reported_wrong:A1_anchor,780,574,27632,71014,-1,100000
new,1,"(20261005, (74, 1, 1))",AP,6.0,reported_wrong:A3_largest,1236,118,27990,70656,-1,100000
new,1,"(20261005, (74, 1, 1))",AP,6.0,reported_wrong:A4_reviewed,790,564,26512,72134,-1,100000
new,1,"(20261005, (74, 1, 1))",SL,2.0,any_pair:D0_published,2697,9191,3615,84497,2428,100000
new,1,"(20261005, (74, 1, 1))",SL,2.0,any_pair:D0a_other_over,2631,9257,3500,84612,2356,100000
new,1,"(20261005, (74, 1, 1))",SL,2.0,any_pair:D0b_anchor_under,109,11779,138,87974,109,100000
new,1,"(20261005, (74, 1, 1))",SL,2.0,any_pair:D1_plus_other_under,7329,4559,44977,43135,2793,100000
new,1,"(20261005, (74, 1, 1))",SL,2.0,any_pair:D2_net_either_view,6365,5523,41678,46434,1393,100000
new,1,"(20261005, (74, 1, 1))",SL,2.0,any_pair:D3_total_either_view,6684,5204,43048,45064,2445,100000
new,1,"(20261005, (74, 1, 1))",SL,2.0,any_pair:D4_expected_excess,1744,10144,803,87309,1683,100000
new,1,"(20261005, (74, 1, 1))",SL,2.0,any_pair:D5_shared_total,666,11222,2109,86003,395,100000
new,1,"(20261005, (74, 1, 1))",SL,2.0,any_pair:D5n_shared_net,108,11780,152,87960,36,100000
new,1,"(20261005, (74, 1, 1))",SL,2.0,any_pair:H_shared_total_agree,556,11332,1882,86230,352,100000
new,1,"(20261005, (74, 1, 1))",SL,2.0,any_pair:Hn_shared_net_agree,69,11819,101,88011,35,100000
new,1,"(20261005, (74, 1, 1))",SL,2.0,any_pair:X_expected_excess_ge_tau,1744,10144,803,87309,1683,100000
new,1,"(20261005, (74, 1, 1))",SL,2.0,reported_wrong:A1_anchor,3423,8465,13338,74774,-1,100000
new,1,"(20261005, (74, 1, 1))",SL,2.0,reported_wrong:A3_largest,5197,6691,13514,74598,-1,100000
new,1,"(20261005, (74, 1, 1))",SL,2.0,reported_wrong:A4_reviewed,4075,7813,13514,74598,-1,100000
new,1,"(20261005, (74, 1, 1))",SL,3.0,any_pair:D0_published,1683,2612,4629,91076,1529,100000
new,1,"(20261005, (74, 1, 1))",SL,3.0,any_pair:D0a_other_over,1638,2657,4493,91212,1479,100000
new,1,"(20261005, (74, 1, 1))",SL,3.0,any_pair:D0b_anchor_under,83,4212,164,95541,83,100000
new,1,"(20261005, (74, 1, 1))",SL,3.0,any_pair:D1_plus_other_under,3215,1080,49091,46614,1639,100000
new,1,"(20261005, (74, 1, 1))",SL,3.0,any_pair:D2_net_either_view,2805,1490,45238,50467,935,100000
new,1,"(20261005, (74, 1, 1))",SL,3.0,any_pair:D3_total_either_view,2952,1343,46780,48925,1446,100000
new,1,"(20261005, (74, 1, 1))",SL,3.0,any_pair:D4_expected_excess,1248,3047,1299,94406,1206,100000
new,1,"(20261005, (74, 1, 1))",SL,3.0,any_pair:D5_shared_total,374,3921,2401,93304,201,100000
new,1,"(20261005, (74, 1, 1))",SL,3.0,any_pair:D5n_shared_net,78,4217,182,95523,17,100000
new,1,"(20261005, (74, 1, 1))",SL,3.0,any_pair:H_shared_total_agree,323,3972,2294,93411,177,100000
new,1,"(20261005, (74, 1, 1))",SL,3.0,any_pair:Hn_shared_net_agree,55,4240,145,95560,17,100000
new,1,"(20261005, (74, 1, 1))",SL,3.0,any_pair:X_expected_excess_ge_tau,577,3718,254,95451,570,100000
new,1,"(20261005, (74, 1, 1))",SL,3.0,reported_wrong:A1_anchor,1560,2735,15201,80504,-1,100000
new,1,"(20261005, (74, 1, 1))",SL,3.0,reported_wrong:A3_largest,2752,1543,15959,79746,-1,100000
new,1,"(20261005, (74, 1, 1))",SL,3.0,reported_wrong:A4_reviewed,1630,2665,15959,79746,-1,100000
new,1,"(20261005, (74, 1, 1))",SL,4.0,any_pair:D0_published,921,712,5391,92976,861,100000
new,1,"(20261005, (74, 1, 1))",SL,4.0,any_pair:D0a_other_over,904,729,5227,93140,839,100000
new,1,"(20261005, (74, 1, 1))",SL,4.0,any_pair:D0b_anchor_under,44,1589,203,98164,44,100000
new,1,"(20261005, (74, 1, 1))",SL,4.0,any_pair:D1_plus_other_under,1389,244,50917,47450,894,100000
new,1,"(20261005, (74, 1, 1))",SL,4.0,any_pair:D2_net_either_view,1244,389,46799,51568,577,100000
new,1,"(20261005, (74, 1, 1))",SL,4.0,any_pair:D3_total_either_view,1297,336,48435,49932,806,100000
new,1,"(20261005, (74, 1, 1))",SL,4.0,any_pair:D4_expected_excess,747,886,1800,96567,723,100000
new,1,"(20261005, (74, 1, 1))",SL,4.0,any_pair:D5_shared_total,191,1442,2584,95783,99,100000
new,1,"(20261005, (74, 1, 1))",SL,4.0,any_pair:D5n_shared_net,39,1594,221,98146,7,100000
new,1,"(20261005, (74, 1, 1))",SL,4.0,any_pair:H_shared_total_agree,173,1460,2537,95830,89,100000
new,1,"(20261005, (74, 1, 1))",SL,4.0,any_pair:Hn_shared_net_agree,32,1601,194,98173,7,100000
new,1,"(20261005, (74, 1, 1))",SL,4.0,any_pair:X_expected_excess_ge_tau,222,1411,105,98262,217,100000
new,1,"(20261005, (74, 1, 1))",SL,4.0,reported_wrong:A1_anchor,676,957,16085,82282,-1,100000
new,1,"(20261005, (74, 1, 1))",SL,4.0,reported_wrong:A3_largest,1312,321,17399,80968,-1,100000
new,1,"(20261005, (74, 1, 1))",SL,4.0,reported_wrong:A4_reviewed,729,904,16860,81507,-1,100000
new,1,"(20261005, (74, 1, 1))",SL,5.0,any_pair:D0_published,494,195,5818,93493,474,100000
new,1,"(20261005, (74, 1, 1))",SL,5.0,any_pair:D0a_other_over,481,208,5650,93661,458,100000
new,1,"(20261005, (74, 1, 1))",SL,5.0,any_pair:D0b_anchor_under,34,655,213,99098,34,100000
new,1,"(20261005, (74, 1, 1))",SL,5.0,any_pair:D1_plus_other_under,640,49,51666,47645,487,100000
new,1,"(20261005, (74, 1, 1))",SL,5.0,any_pair:D2_net_either_view,588,101,47455,51856,345,100000
new,1,"(20261005, (74, 1, 1))",SL,5.0,any_pair:D3_total_either_view,607,82,49125,50186,454,100000
new,1,"(20261005, (74, 1, 1))",SL,5.0,any_pair:D4_expected_excess,430,259,2117,97194,419,100000
new,1,"(20261005, (74, 1, 1))",SL,5.0,any_pair:D5_shared_total,101,588,2674,96637,51,100000
new,1,"(20261005, (74, 1, 1))",SL,5.0,any_pair:D5n_shared_net,29,660,231,99080,2,100000
new,1,"(20261005, (74, 1, 1))",SL,5.0,any_pair:H_shared_total_agree,92,597,2649,96662,46,100000
new,1,"(20261005, (74, 1, 1))",SL,5.0,any_pair:Hn_shared_net_agree,23,666,214,99097,2,100000
new,1,"(20261005, (74, 1, 1))",SL,5.0,any_pair:X_expected_excess_ge_tau,86,603,55,99256,83,100000
new,1,"(20261005, (74, 1, 1))",SL,5.0,reported_wrong:A1_anchor,304,385,16457,82854,-1,100000
new,1,"(20261005, (74, 1, 1))",SL,5.0,reported_wrong:A3_largest,617,72,18094,81217,-1,100000
new,1,"(20261005, (74, 1, 1))",SL,5.0,reported_wrong:A4_reviewed,342,347,17247,82064,-1,100000
new,1,"(20261005, (74, 1, 1))",SL,6.0,any_pair:D0_published,272,55,6040,93633,264,100000
new,1,"(20261005, (74, 1, 1))",SL,6.0,any_pair:D0a_other_over,268,59,5863,93810,258,100000
new,1,"(20261005, (74, 1, 1))",SL,6.0,any_pair:D0b_anchor_under,20,307,227,99446,20,100000
new,1,"(20261005, (74, 1, 1))",SL,6.0,any_pair:D1_plus_other_under,314,13,51992,47681,267,100000
new,1,"(20261005, (74, 1, 1))",SL,6.0,any_pair:D2_net_either_view,301,26,47742,51931,213,100000
new,1,"(20261005, (74, 1, 1))",SL,6.0,any_pair:D3_total_either_view,307,20,49425,50248,261,100000
new,1,"(20261005, (74, 1, 1))",SL,6.0,any_pair:D4_expected_excess,244,83,2303,97370,240,100000
new,1,"(20261005, (74, 1, 1))",SL,6.0,any_pair:D5_shared_total,67,260,2708,96965,33,100000
new,1,"(20261005, (74, 1, 1))",SL,6.0,any_pair:D5n_shared_net,18,309,242,99431,0,100000
new,1,"(20261005, (74, 1, 1))",SL,6.0,any_pair:H_shared_total_agree,62,265,2695,96978,30,100000
new,1,"(20261005, (74, 1, 1))",SL,6.0,any_pair:Hn_shared_net_agree,14,313,230,99443,0,100000
new,1,"(20261005, (74, 1, 1))",SL,6.0,any_pair:X_expected_excess_ge_tau,43,284,26,99647,43,100000
new,1,"(20261005, (74, 1, 1))",SL,6.0,reported_wrong:A1_anchor,152,175,16609,83064,-1,100000
new,1,"(20261005, (74, 1, 1))",SL,6.0,reported_wrong:A3_largest,308,19,18403,81270,-1,100000
new,1,"(20261005, (74, 1, 1))",SL,6.0,reported_wrong:A4_reviewed,164,163,17425,82248,-1,100000
new,1,"(20261005, (74, 1, 1))",either,2.0,any_pair:D0_published,10546,17264,9512,62678,8138,100000
new,1,"(20261005, (74, 1, 1))",either,2.0,any_pair:D0a_other_over,10076,17734,8976,63214,7670,100000
new,1,"(20261005, (74, 1, 1))",either,2.0,any_pair:D0b_anchor_under,1025,26785,792,71398,785,100000
new,1,"(20261005, (74, 1, 1))",either,2.0,any_pair:D1_plus_other_under,24936,2874,59916,12274,9619,100000
new,1,"(20261005, (74, 1, 1))",either,2.0,any_pair:D2_net_either_view,23883,3927,57741,14449,5666,100000
new,1,"(20261005, (74, 1, 1))",either,2.0,any_pair:D3_total_either_view,23990,3820,57999,14191,8945,100000
new,1,"(20261005, (74, 1, 1))",either,2.0,any_pair:D4_expected_excess,6333,21477,2016,70174,5733,100000
new,1,"(20261005, (74, 1, 1))",either,2.0,any_pair:D5_shared_total,4196,23614,6577,65613,2107,100000
new,1,"(20261005, (74, 1, 1))",either,2.0,any_pair:D5n_shared_net,995,26815,816,71374,249,100000
new,1,"(20261005, (74, 1, 1))",either,2.0,any_pair:H_shared_total_agree,3558,24252,5768,66422,1837,100000
new,1,"(20261005, (74, 1, 1))",either,2.0,any_pair:Hn_shared_net_agree,602,27208,538,71652,213,100000
new,1,"(20261005, (74, 1, 1))",either,2.0,any_pair:X_expected_excess_ge_tau,6333,21477,2016,70174,5733,100000
new,1,"(20261005, (74, 1, 1))",either,2.0,reported_wrong:A1_anchor,13720,14090,23668,48522,-1,100000
new,1,"(20261005, (74, 1, 1))",either,2.0,reported_wrong:A3_largest,15606,12204,22482,49708,-1,100000
new,1,"(20261005, (74, 1, 1))",either,2.0,reported_wrong:A4_reviewed,13391,14419,22482,49708,-1,100000
new,1,"(20261005, (74, 1, 1))",either,3.0,any_pair:D0_published,6902,6111,13156,73831,5570,100000
new,1,"(20261005, (74, 1, 1))",either,3.0,any_pair:D0a_other_over,6598,6415,12454,74533,5226,100000
new,1,"(20261005, (74, 1, 1))",either,3.0,any_pair:D0b_anchor_under,744,12269,1073,85914,588,100000
new,1,"(20261005, (74, 1, 1))",either,3.0,any_pair:D1_plus_other_under,12284,729,72568,14419,6120,100000
new,1,"(20261005, (74, 1, 1))",either,3.0,any_pair:D2_net_either_view,11853,1160,69771,17216,3883,100000
new,1,"(20261005, (74, 1, 1))",either,3.0,any_pair:D3_total_either_view,11869,1144,70120,16867,5592,100000
new,1,"(20261005, (74, 1, 1))",either,3.0,any_pair:D4_expected_excess,4708,8305,3641,83346,4304,100000
new,1,"(20261005, (74, 1, 1))",either,3.0,any_pair:D5_shared_total,2474,10539,8299,78688,1168,100000
new,1,"(20261005, (74, 1, 1))",either,3.0,any_pair:D5n_shared_net,712,12301,1099,85888,147,100000
new,1,"(20261005, (74, 1, 1))",either,3.0,any_pair:H_shared_total_agree,2210,10803,7865,79122,1031,100000
new,1,"(20261005, (74, 1, 1))",either,3.0,any_pair:Hn_shared_net_agree,517,12496,860,86127,135,100000
new,1,"(20261005, (74, 1, 1))",either,3.0,any_pair:X_expected_excess_ge_tau,2528,10485,1011,85976,2378,100000
new,1,"(20261005, (74, 1, 1))",either,3.0,reported_wrong:A1_anchor,7362,5651,30026,56961,-1,100000
new,1,"(20261005, (74, 1, 1))",either,3.0,reported_wrong:A3_largest,9277,3736,28811,58176,-1,100000
new,1,"(20261005, (74, 1, 1))",either,3.0,reported_wrong:A4_reviewed,7062,5951,28811,58176,-1,100000
new,1,"(20261005, (74, 1, 1))",either,4.0,any_pair:D0_published,4111,2041,15947,77901,3503,100000
new,1,"(20261005, (74, 1, 1))",either,4.0,any_pair:D0a_other_over,3926,2226,15126,78722,3281,100000
new,1,"(20261005, (74, 1, 1))",either,4.0,any_pair:D0b_anchor_under,510,5642,1307,92541,412,100000
new,1,"(20261005, (74, 1, 1))",either,4.0,any_pair:D1_plus_other_under,5976,176,78876,14972,3725,100000
new,1,"(20261005, (74, 1, 1))",either,4.0,any_pair:D2_net_either_view,5830,322,75794,18054,2608,100000
new,1,"(20261005, (74, 1, 1))",either,4.0,any_pair:D3_total_either_view,5850,302,76139,17709,3401,100000
new,1,"(20261005, (74, 1, 1))",either,4.0,any_pair:D4_expected_excess,3130,3022,5219,88629,2901,100000
new,1,"(20261005, (74, 1, 1))",either,4.0,any_pair:D5_shared_total,1439,4713,9334,84514,648,100000
new,1,"(20261005, (74, 1, 1))",either,4.0,any_pair:D5n_shared_net,479,5673,1332,92516,88,100000
new,1,"(20261005, (74, 1, 1))",either,4.0,any_pair:H_shared_total_agree,1342,4810,9107,84741,584,100000
new,1,"(20261005, (74, 1, 1))",either,4.0,any_pair:Hn_shared_net_agree,381,5771,1153,92695,85,100000
new,1,"(20261005, (74, 1, 1))",either,4.0,any_pair:X_expected_excess_ge_tau,1083,5069,502,93346,1035,100000
new,1,"(20261005, (74, 1, 1))",either,4.0,reported_wrong:A1_anchor,3806,2346,33582,60266,-1,100000
new,1,"(20261005, (74, 1, 1))",either,4.0,reported_wrong:A3_largest,5116,1036,32972,60876,-1,100000
new,1,"(20261005, (74, 1, 1))",either,4.0,reported_wrong:A4_reviewed,3745,2407,32128,61720,-1,100000
new,1,"(20261005, (74, 1, 1))",either,5.0,any_pair:D0_published,2390,692,17668,79250,2145,100000
new,1,"(20261005, (74, 1, 1))",either,5.0,any_pair:D0a_other_over,2280,802,16772,80146,2010,100000
new,1,"(20261005, (74, 1, 1))",either,5.0,any_pair:D0b_anchor_under,354,2728,1463,95455,285,100000
new,1,"(20261005, (74, 1, 1))",either,5.0,any_pair:D1_plus_other_under,3043,39,81809,15109,2227,100000
new,1,"(20261005, (74, 1, 1))",either,5.0,any_pair:D2_net_either_view,2997,85,78627,18291,1692,100000
new,1,"(20261005, (74, 1, 1))",either,5.0,any_pair:D3_total_either_view,3019,63,78970,17948,2109,100000
new,1,"(20261005, (74, 1, 1))",either,5.0,any_pair:D4_expected_excess,1982,1100,6367,90551,1869,100000
new,1,"(20261005, (74, 1, 1))",either,5.0,any_pair:D5_shared_total,868,2214,9905,87013,368,100000
new,1,"(20261005, (74, 1, 1))",either,5.0,any_pair:D5n_shared_net,325,2757,1486,95432,43,100000
new,1,"(20261005, (74, 1, 1))",either,5.0,any_pair:H_shared_total_agree,816,2266,9773,87145,335,100000
new,1,"(20261005, (74, 1, 1))",either,5.0,any_pair:Hn_shared_net_agree,268,2814,1362,95556,41,100000
new,1,"(20261005, (74, 1, 1))",either,5.0,any_pair:X_expected_excess_ge_tau,508,2574,241,96677,493,100000
new,1,"(20261005, (74, 1, 1))",either,5.0,reported_wrong:A1_anchor,2029,1053,35359,61559,-1,100000
new,1,"(20261005, (74, 1, 1))",either,5.0,reported_wrong:A3_largest,2777,305,35311,61607,-1,100000
new,1,"(20261005, (74, 1, 1))",either,5.0,reported_wrong:A4_reviewed,2001,1081,33872,63046,-1,100000
new,1,"(20261005, (74, 1, 1))",either,6.0,any_pair:D0_published,1422,241,18636,79701,1305,100000
new,1,"(20261005, (74, 1, 1))",either,6.0,any_pair:D0a_other_over,1359,304,17693,80644,1222,100000
new,1,"(20261005, (74, 1, 1))",either,6.0,any_pair:D0b_anchor_under,244,1419,1573,96764,197,100000
new,1,"(20261005, (74, 1, 1))",either,6.0,any_pair:D1_plus_other_under,1655,8,83197,15140,1337,100000
new,1,"(20261005, (74, 1, 1))",either,6.0,any_pair:D2_net_either_view,1634,29,79990,18347,1087,100000
new,1,"(20261005, (74, 1, 1))",either,6.0,any_pair:D3_total_either_view,1643,20,80346,17991,1287,100000
new,1,"(20261005, (74, 1, 1))",either,6.0,any_pair:D4_expected_excess,1221,442,7128,91209,1160,100000
new,1,"(20261005, (74, 1, 1))",either,6.0,any_pair:D5_shared_total,533,1130,10240,88097,219,100000
new,1,"(20261005, (74, 1, 1))",either,6.0,any_pair:D5n_shared_net,221,1442,1590,96747,29,100000
new,1,"(20261005, (74, 1, 1))",either,6.0,any_pair:H_shared_total_agree,508,1155,10168,88169,193,100000
new,1,"(20261005, (74, 1, 1))",either,6.0,any_pair:Hn_shared_net_agree,191,1472,1503,96834,26,100000
new,1,"(20261005, (74, 1, 1))",either,6.0,any_pair:X_expected_excess_ge_tau,264,1399,135,98202,261,100000
new,1,"(20261005, (74, 1, 1))",either,6.0,reported_wrong:A1_anchor,1133,530,36255,62082,-1,100000
new,1,"(20261005, (74, 1, 1))",either,6.0,reported_wrong:A3_largest,1570,93,36518,61819,-1,100000
new,1,"(20261005, (74, 1, 1))",either,6.0,reported_wrong:A4_reviewed,1131,532,34742,63595,-1,100000
new,2,"(20261005, (74, 1, 2))",AP,2.0,any_pair:D0_published,6542,11689,8801,72968,5799,100000
new,2,"(20261005, (74, 1, 2))",AP,2.0,any_pair:D0a_other_over,6127,12104,8100,73669,5338,100000
new,2,"(20261005, (74, 1, 2))",AP,2.0,any_pair:D0b_anchor_under,719,17512,897,80872,719,100000
new,2,"(20261005, (74, 1, 2))",AP,2.0,any_pair:D1_plus_other_under,14905,3326,63267,18502,6989,100000
new,2,"(20261005, (74, 1, 2))",AP,2.0,any_pair:D2_net_either_view,13536,4695,60043,21726,4272,100000
new,2,"(20261005, (74, 1, 2))",AP,2.0,any_pair:D3_total_either_view,14035,4196,61078,20691,6686,100000
new,2,"(20261005, (74, 1, 2))",AP,2.0,any_pair:D4_expected_excess,4190,14041,1758,80011,4054,100000
new,2,"(20261005, (74, 1, 2))",AP,2.0,any_pair:D5_shared_total,2726,15505,7403,74366,1740,100000
new,2,"(20261005, (74, 1, 2))",AP,2.0,any_pair:D5n_shared_net,669,17562,938,80831,244,100000
new,2,"(20261005, (74, 1, 2))",AP,2.0,any_pair:H_shared_total_agree,2285,15946,6293,75476,1502,100000
new,2,"(20261005, (74, 1, 2))",AP,2.0,any_pair:Hn_shared_net_agree,437,17794,611,81158,217,100000
new,2,"(20261005, (74, 1, 2))",AP,2.0,any_pair:X_expected_excess_ge_tau,4190,14041,1758,80011,4054,100000
new,2,"(20261005, (74, 1, 2))",AP,2.0,reported_wrong:A1_anchor,7451,10780,21247,60522,-1,100000
new,2,"(20261005, (74, 1, 2))",AP,2.0,reported_wrong:A3_largest,9018,9213,20236,61533,-1,100000
new,2,"(20261005, (74, 1, 2))",AP,2.0,reported_wrong:A4_reviewed,7125,11106,20236,61533,-1,100000
new,2,"(20261005, (74, 1, 2))",AP,3.0,any_pair:D0_published,4517,4670,10826,79987,4084,100000
new,2,"(20261005, (74, 1, 2))",AP,3.0,any_pair:D0a_other_over,4221,4966,10006,80807,3746,100000
new,2,"(20261005, (74, 1, 2))",AP,3.0,any_pair:D0b_anchor_under,553,8634,1063,89750,553,100000
new,2,"(20261005, (74, 1, 2))",AP,3.0,any_pair:D1_plus_other_under,8089,1098,70083,20730,4506,100000
new,2,"(20261005, (74, 1, 2))",AP,3.0,any_pair:D2_net_either_view,7396,1791,66183,24630,2955,100000
new,2,"(20261005, (74, 1, 2))",AP,3.0,any_pair:D3_total_either_view,7623,1564,67490,23323,4321,100000
new,2,"(20261005, (74, 1, 2))",AP,3.0,any_pair:D4_expected_excess,3250,5937,2698,88115,3133,100000
new,2,"(20261005, (74, 1, 2))",AP,3.0,any_pair:D5_shared_total,1677,7510,8452,82361,977,100000
new,2,"(20261005, (74, 1, 2))",AP,3.0,any_pair:D5n_shared_net,508,8679,1099,89714,158,100000
new,2,"(20261005, (74, 1, 2))",AP,3.0,any_pair:H_shared_total_agree,1481,7706,7885,82928,860,100000
new,2,"(20261005, (74, 1, 2))",AP,3.0,any_pair:Hn_shared_net_agree,386,8801,853,89960,149,100000
new,2,"(20261005, (74, 1, 2))",AP,3.0,any_pair:X_expected_excess_ge_tau,1848,7339,772,90041,1799,100000
new,2,"(20261005, (74, 1, 2))",AP,3.0,reported_wrong:A1_anchor,4221,4966,24477,66336,-1,100000
new,2,"(20261005, (74, 1, 2))",AP,3.0,reported_wrong:A3_largest,5931,3256,23323,67490,-1,100000
new,2,"(20261005, (74, 1, 2))",AP,3.0,reported_wrong:A4_reviewed,4038,5149,23323,67490,-1,100000
new,2,"(20261005, (74, 1, 2))",AP,4.0,any_pair:D0_published,2866,1739,12477,82918,2672,100000
new,2,"(20261005, (74, 1, 2))",AP,4.0,any_pair:D0a_other_over,2676,1929,11551,83844,2455,100000
new,2,"(20261005, (74, 1, 2))",AP,4.0,any_pair:D0b_anchor_under,395,4210,1221,94174,395,100000
new,2,"(20261005, (74, 1, 2))",AP,4.0,any_pair:D1_plus_other_under,4263,342,73909,21486,2836,100000
new,2,"(20261005, (74, 1, 2))",AP,4.0,any_pair:D2_net_either_view,3966,639,69613,25782,2036,100000
new,2,"(20261005, (74, 1, 2))",AP,4.0,any_pair:D3_total_either_view,4093,512,71020,24375,2722,100000
new,2,"(20261005, (74, 1, 2))",AP,4.0,any_pair:D4_expected_excess,2261,2344,3687,91708,2187,100000
new,2,"(20261005, (74, 1, 2))",AP,4.0,any_pair:D5_shared_total,996,3609,9133,86262,532,100000
new,2,"(20261005, (74, 1, 2))",AP,4.0,any_pair:D5n_shared_net,356,4249,1251,94144,97,100000
new,2,"(20261005, (74, 1, 2))",AP,4.0,any_pair:H_shared_total_agree,905,3700,8840,86555,461,100000
new,2,"(20261005, (74, 1, 2))",AP,4.0,any_pair:Hn_shared_net_agree,295,4310,1073,94322,95,100000
new,2,"(20261005, (74, 1, 2))",AP,4.0,any_pair:X_expected_excess_ge_tau,868,3737,378,95017,854,100000
new,2,"(20261005, (74, 1, 2))",AP,4.0,reported_wrong:A1_anchor,2308,2297,26390,69005,-1,100000
new,2,"(20261005, (74, 1, 2))",AP,4.0,reported_wrong:A3_largest,3559,1046,25695,69700,-1,100000
new,2,"(20261005, (74, 1, 2))",AP,4.0,reported_wrong:A4_reviewed,2309,2296,25052,70343,-1,100000
new,2,"(20261005, (74, 1, 2))",AP,5.0,any_pair:D0_published,1812,665,13531,83992,1733,100000
new,2,"(20261005, (74, 1, 2))",AP,5.0,any_pair:D0a_other_over,1692,785,12535,84988,1592,100000
new,2,"(20261005, (74, 1, 2))",AP,5.0,any_pair:D0b_anchor_under,274,2203,1342,96181,274,100000
new,2,"(20261005, (74, 1, 2))",AP,5.0,any_pair:D1_plus_other_under,2382,95,75790,21733,1813,100000
new,2,"(20261005, (74, 1, 2))",AP,5.0,any_pair:D2_net_either_view,2254,223,71325,26198,1396,100000
new,2,"(20261005, (74, 1, 2))",AP,5.0,any_pair:D3_total_either_view,2309,168,72804,24719,1711,100000
new,2,"(20261005, (74, 1, 2))",AP,5.0,any_pair:D4_expected_excess,1514,963,4434,93089,1465,100000
new,2,"(20261005, (74, 1, 2))",AP,5.0,any_pair:D5_shared_total,605,1872,9524,87999,305,100000
new,2,"(20261005, (74, 1, 2))",AP,5.0,any_pair:D5n_shared_net,249,2228,1358,96165,55,100000
new,2,"(20261005, (74, 1, 2))",AP,5.0,any_pair:H_shared_total_agree,562,1915,9373,88150,260,100000
new,2,"(20261005, (74, 1, 2))",AP,5.0,any_pair:Hn_shared_net_agree,217,2260,1239,96284,55,100000
new,2,"(20261005, (74, 1, 2))",AP,5.0,any_pair:X_expected_excess_ge_tau,405,2072,176,97347,398,100000
new,2,"(20261005, (74, 1, 2))",AP,5.0,reported_wrong:A1_anchor,1310,1167,27388,70135,-1,100000
new,2,"(20261005, (74, 1, 2))",AP,5.0,reported_wrong:A3_largest,2141,336,27113,70410,-1,100000
new,2,"(20261005, (74, 1, 2))",AP,5.0,reported_wrong:A4_reviewed,1376,1101,25985,71538,-1,100000
new,2,"(20261005, (74, 1, 2))",AP,6.0,any_pair:D0_published,1089,238,14254,84419,1056,100000
new,2,"(20261005, (74, 1, 2))",AP,6.0,any_pair:D0a_other_over,1023,304,13204,85469,975,100000
new,2,"(20261005, (74, 1, 2))",AP,6.0,any_pair:D0b_anchor_under,181,1146,1435,97238,181,100000
new,2,"(20261005, (74, 1, 2))",AP,6.0,any_pair:D1_plus_other_under,1306,21,76866,21807,1089,100000
new,2,"(20261005, (74, 1, 2))",AP,6.0,any_pair:D2_net_either_view,1265,62,72314,26359,908,100000
new,2,"(20261005, (74, 1, 2))",AP,6.0,any_pair:D3_total_either_view,1277,50,73836,24837,1036,100000
new,2,"(20261005, (74, 1, 2))",AP,6.0,any_pair:D4_expected_excess,956,371,4992,93681,934,100000
new,2,"(20261005, (74, 1, 2))",AP,6.0,any_pair:D5_shared_total,362,965,9767,88906,169,100000
new,2,"(20261005, (74, 1, 2))",AP,6.0,any_pair:D5n_shared_net,164,1163,1443,97230,28,100000
new,2,"(20261005, (74, 1, 2))",AP,6.0,any_pair:H_shared_total_agree,342,985,9689,88984,147,100000
new,2,"(20261005, (74, 1, 2))",AP,6.0,any_pair:Hn_shared_net_agree,151,1176,1363,97310,28,100000
new,2,"(20261005, (74, 1, 2))",AP,6.0,any_pair:X_expected_excess_ge_tau,187,1140,80,98593,186,100000
new,2,"(20261005, (74, 1, 2))",AP,6.0,reported_wrong:A1_anchor,739,588,27959,70714,-1,100000
new,2,"(20261005, (74, 1, 2))",AP,6.0,reported_wrong:A3_largest,1208,119,28046,70627,-1,100000
new,2,"(20261005, (74, 1, 2))",AP,6.0,reported_wrong:A4_reviewed,761,566,26600,72073,-1,100000
new,2,"(20261005, (74, 1, 2))",SL,2.0,any_pair:D0_published,2640,9155,3547,84658,2340,100000
new,2,"(20261005, (74, 1, 2))",SL,2.0,any_pair:D0a_other_over,2579,9216,3416,84789,2275,100000
new,2,"(20261005, (74, 1, 2))",SL,2.0,any_pair:D0b_anchor_under,91,11704,156,88049,91,100000
new,2,"(20261005, (74, 1, 2))",SL,2.0,any_pair:D1_plus_other_under,7217,4578,45091,43114,2706,100000
new,2,"(20261005, (74, 1, 2))",SL,2.0,any_pair:D2_net_either_view,6232,5563,41731,46474,1386,100000
new,2,"(20261005, (74, 1, 2))",SL,2.0,any_pair:D3_total_either_view,6547,5248,43395,44810,2356,100000
new,2,"(20261005, (74, 1, 2))",SL,2.0,any_pair:D4_expected_excess,1664,10131,774,87431,1625,100000
new,2,"(20261005, (74, 1, 2))",SL,2.0,any_pair:D5_shared_total,633,11162,2078,86127,397,100000
new,2,"(20261005, (74, 1, 2))",SL,2.0,any_pair:D5n_shared_net,90,11705,169,88036,28,100000
new,2,"(20261005, (74, 1, 2))",SL,2.0,any_pair:H_shared_total_agree,561,11234,1858,86347,357,100000
new,2,"(20261005, (74, 1, 2))",SL,2.0,any_pair:Hn_shared_net_agree,64,11731,115,88090,25,100000
new,2,"(20261005, (74, 1, 2))",SL,2.0,any_pair:X_expected_excess_ge_tau,1664,10131,774,87431,1625,100000
new,2,"(20261005, (74, 1, 2))",SL,2.0,reported_wrong:A1_anchor,3456,8339,13369,74836,-1,100000
new,2,"(20261005, (74, 1, 2))",SL,2.0,reported_wrong:A3_largest,5068,6727,13673,74532,-1,100000
new,2,"(20261005, (74, 1, 2))",SL,2.0,reported_wrong:A4_reviewed,3925,7870,13673,74532,-1,100000
new,2,"(20261005, (74, 1, 2))",SL,3.0,any_pair:D0_published,1619,2626,4568,91187,1463,100000
new,2,"(20261005, (74, 1, 2))",SL,3.0,any_pair:D0a_other_over,1571,2674,4424,91331,1411,100000
new,2,"(20261005, (74, 1, 2))",SL,3.0,any_pair:D0b_anchor_under,75,4170,172,95583,75,100000
new,2,"(20261005, (74, 1, 2))",SL,3.0,any_pair:D1_plus_other_under,3148,1097,49160,46595,1566,100000
new,2,"(20261005, (74, 1, 2))",SL,3.0,any_pair:D2_net_either_view,2744,1501,45219,50536,936,100000
new,2,"(20261005, (74, 1, 2))",SL,3.0,any_pair:D3_total_either_view,2853,1392,47089,48666,1383,100000
new,2,"(20261005, (74, 1, 2))",SL,3.0,any_pair:D4_expected_excess,1188,3057,1250,94505,1158,100000
new,2,"(20261005, (74, 1, 2))",SL,3.0,any_pair:D5_shared_total,348,3897,2363,93392,199,100000
new,2,"(20261005, (74, 1, 2))",SL,3.0,any_pair:D5n_shared_net,73,4172,186,95569,17,100000
new,2,"(20261005, (74, 1, 2))",SL,3.0,any_pair:H_shared_total_agree,323,3922,2268,93487,179,100000
new,2,"(20261005, (74, 1, 2))",SL,3.0,any_pair:Hn_shared_net_agree,64,4181,148,95607,17,100000
new,2,"(20261005, (74, 1, 2))",SL,3.0,any_pair:X_expected_excess_ge_tau,565,3680,246,95509,560,100000
new,2,"(20261005, (74, 1, 2))",SL,3.0,reported_wrong:A1_anchor,1528,2717,15297,80458,-1,100000
new,2,"(20261005, (74, 1, 2))",SL,3.0,reported_wrong:A3_largest,2676,1569,16065,79690,-1,100000
new,2,"(20261005, (74, 1, 2))",SL,3.0,reported_wrong:A4_reviewed,1533,2712,16065,79690,-1,100000
new,2,"(20261005, (74, 1, 2))",SL,4.0,any_pair:D0_published,860,684,5327,93129,804,100000
new,2,"(20261005, (74, 1, 2))",SL,4.0,any_pair:D0a_other_over,832,712,5163,93293,772,100000
new,2,"(20261005, (74, 1, 2))",SL,4.0,any_pair:D0b_anchor_under,45,1499,202,98254,45,100000
new,2,"(20261005, (74, 1, 2))",SL,4.0,any_pair:D1_plus_other_under,1322,222,50986,47470,836,100000
new,2,"(20261005, (74, 1, 2))",SL,4.0,any_pair:D2_net_either_view,1179,365,46784,51672,570,100000
new,2,"(20261005, (74, 1, 2))",SL,4.0,any_pair:D3_total_either_view,1229,315,48713,49743,754,100000
new,2,"(20261005, (74, 1, 2))",SL,4.0,any_pair:D4_expected_excess,728,816,1710,96746,711,100000
new,2,"(20261005, (74, 1, 2))",SL,4.0,any_pair:D5_shared_total,172,1372,2539,95917,95,100000
new,2,"(20261005, (74, 1, 2))",SL,4.0,any_pair:D5n_shared_net,43,1501,216,98240,11,100000
new,2,"(20261005, (74, 1, 2))",SL,4.0,any_pair:H_shared_total_agree,168,1376,2493,95963,90,100000
new,2,"(20261005, (74, 1, 2))",SL,4.0,any_pair:Hn_shared_net_agree,40,1504,189,98267,11,100000
new,2,"(20261005, (74, 1, 2))",SL,4.0,any_pair:X_expected_excess_ge_tau,217,1327,115,98341,215,100000
new,2,"(20261005, (74, 1, 2))",SL,4.0,reported_wrong:A1_anchor,610,934,16215,82241,-1,100000
new,2,"(20261005, (74, 1, 2))",SL,4.0,reported_wrong:A3_largest,1237,307,17504,80952,-1,100000
new,2,"(20261005, (74, 1, 2))",SL,4.0,reported_wrong:A4_reviewed,673,871,16925,81531,-1,100000
new,2,"(20261005, (74, 1, 2))",SL,5.0,any_pair:D0_published,457,184,5730,93629,430,100000
new,2,"(20261005, (74, 1, 2))",SL,5.0,any_pair:D0a_other_over,447,194,5548,93811,417,100000
new,2,"(20261005, (74, 1, 2))",SL,5.0,any_pair:D0b_anchor_under,23,618,224,99135,23,100000
new,2,"(20261005, (74, 1, 2))",SL,5.0,any_pair:D1_plus_other_under,591,50,51717,47642,441,100000
new,2,"(20261005, (74, 1, 2))",SL,5.0,any_pair:D2_net_either_view,545,96,47418,51941,338,100000
new,2,"(20261005, (74, 1, 2))",SL,5.0,any_pair:D3_total_either_view,565,76,49377,49982,411,100000
new,2,"(20261005, (74, 1, 2))",SL,5.0,any_pair:D4_expected_excess,405,236,2033,97326,395,100000
new,2,"(20261005, (74, 1, 2))",SL,5.0,any_pair:D5_shared_total,86,555,2625,96734,48,100000
new,2,"(20261005, (74, 1, 2))",SL,5.0,any_pair:D5n_shared_net,22,619,237,99122,4,100000
new,2,"(20261005, (74, 1, 2))",SL,5.0,any_pair:H_shared_total_agree,83,558,2605,96754,45,100000
new,2,"(20261005, (74, 1, 2))",SL,5.0,any_pair:Hn_shared_net_agree,22,619,225,99134,4,100000
new,2,"(20261005, (74, 1, 2))",SL,5.0,any_pair:X_expected_excess_ge_tau,90,551,44,99315,88,100000
new,2,"(20261005, (74, 1, 2))",SL,5.0,reported_wrong:A1_anchor,268,373,16557,82802,-1,100000
new,2,"(20261005, (74, 1, 2))",SL,5.0,reported_wrong:A3_largest,578,63,18163,81196,-1,100000
new,2,"(20261005, (74, 1, 2))",SL,5.0,reported_wrong:A4_reviewed,318,323,17280,82079,-1,100000
new,2,"(20261005, (74, 1, 2))",SL,6.0,any_pair:D0_published,239,51,5948,93762,231,100000
new,2,"(20261005, (74, 1, 2))",SL,6.0,any_pair:D0a_other_over,232,58,5763,93947,223,100000
new,2,"(20261005, (74, 1, 2))",SL,6.0,any_pair:D0b_anchor_under,17,273,230,99480,17,100000
new,2,"(20261005, (74, 1, 2))",SL,6.0,any_pair:D1_plus_other_under,280,10,52028,47682,233,100000
new,2,"(20261005, (74, 1, 2))",SL,6.0,any_pair:D2_net_either_view,264,26,47699,52011,192,100000
new,2,"(20261005, (74, 1, 2))",SL,6.0,any_pair:D3_total_either_view,271,19,49671,50039,217,100000
new,2,"(20261005, (74, 1, 2))",SL,6.0,any_pair:D4_expected_excess,217,73,2221,97489,212,100000
new,2,"(20261005, (74, 1, 2))",SL,6.0,any_pair:D5_shared_total,47,243,2664,97046,26,100000
new,2,"(20261005, (74, 1, 2))",SL,6.0,any_pair:D5n_shared_net,15,275,244,99466,3,100000
new,2,"(20261005, (74, 1, 2))",SL,6.0,any_pair:H_shared_total_agree,46,244,2655,97055,25,100000
new,2,"(20261005, (74, 1, 2))",SL,6.0,any_pair:Hn_shared_net_agree,15,275,236,99474,3,100000
new,2,"(20261005, (74, 1, 2))",SL,6.0,any_pair:X_expected_excess_ge_tau,37,253,20,99690,37,100000
new,2,"(20261005, (74, 1, 2))",SL,6.0,reported_wrong:A1_anchor,129,161,16696,83014,-1,100000
new,2,"(20261005, (74, 1, 2))",SL,6.0,reported_wrong:A3_largest,274,16,18467,81243,-1,100000
new,2,"(20261005, (74, 1, 2))",SL,6.0,reported_wrong:A4_reviewed,148,142,17450,82260,-1,100000
new,2,"(20261005, (74, 1, 2))",either,2.0,any_pair:D0_published,10286,17240,9547,62927,7874,100000
new,2,"(20261005, (74, 1, 2))",either,2.0,any_pair:D0a_other_over,9813,17713,9016,63458,7397,100000
new,2,"(20261005, (74, 1, 2))",either,2.0,any_pair:D0b_anchor_under,1031,26495,791,71683,800,100000
new,2,"(20261005, (74, 1, 2))",either,2.0,any_pair:D1_plus_other_under,24632,2894,60136,12338,9325,100000
new,2,"(20261005, (74, 1, 2))",either,2.0,any_pair:D2_net_either_view,23550,3976,57895,14579,5523,100000
new,2,"(20261005, (74, 1, 2))",either,2.0,any_pair:D3_total_either_view,23759,3767,58419,14055,8650,100000
new,2,"(20261005, (74, 1, 2))",either,2.0,any_pair:D4_expected_excess,6088,21438,2069,70405,5571,100000
new,2,"(20261005, (74, 1, 2))",either,2.0,any_pair:D5_shared_total,4065,23461,6585,65889,2064,100000
new,2,"(20261005, (74, 1, 2))",either,2.0,any_pair:D5n_shared_net,991,26535,833,71641,270,100000
new,2,"(20261005, (74, 1, 2))",either,2.0,any_pair:H_shared_total_agree,3526,24000,5810,66664,1806,100000
new,2,"(20261005, (74, 1, 2))",either,2.0,any_pair:Hn_shared_net_agree,642,26884,571,71903,240,100000
new,2,"(20261005, (74, 1, 2))",either,2.0,any_pair:X_expected_excess_ge_tau,6088,21438,2069,70405,5571,100000
new,2,"(20261005, (74, 1, 2))",either,2.0,reported_wrong:A1_anchor,13589,13937,24054,48420,-1,100000
new,2,"(20261005, (74, 1, 2))",either,2.0,reported_wrong:A3_largest,15341,12185,22813,49661,-1,100000
new,2,"(20261005, (74, 1, 2))",either,2.0,reported_wrong:A4_reviewed,13151,14375,22813,49661,-1,100000
new,2,"(20261005, (74, 1, 2))",either,3.0,any_pair:D0_published,6695,6132,13138,74035,5418,100000
new,2,"(20261005, (74, 1, 2))",either,3.0,any_pair:D0a_other_over,6371,6456,12458,74715,5054,100000
new,2,"(20261005, (74, 1, 2))",either,3.0,any_pair:D0b_anchor_under,785,12042,1037,86136,623,100000
new,2,"(20261005, (74, 1, 2))",either,3.0,any_pair:D1_plus_other_under,12086,741,72682,14491,5919,100000
new,2,"(20261005, (74, 1, 2))",either,3.0,any_pair:D2_net_either_view,11633,1194,69812,17361,3821,100000
new,2,"(20261005, (74, 1, 2))",either,3.0,any_pair:D3_total_either_view,11693,1134,70485,16688,5534,100000
new,2,"(20261005, (74, 1, 2))",either,3.0,any_pair:D4_expected_excess,4588,8239,3569,83604,4222,100000
new,2,"(20261005, (74, 1, 2))",either,3.0,any_pair:D5_shared_total,2386,10441,8264,78909,1146,100000
new,2,"(20261005, (74, 1, 2))",either,3.0,any_pair:D5n_shared_net,738,12089,1086,86087,173,100000
new,2,"(20261005, (74, 1, 2))",either,3.0,any_pair:H_shared_total_agree,2176,10651,7851,79322,1017,100000
new,2,"(20261005, (74, 1, 2))",either,3.0,any_pair:Hn_shared_net_agree,564,12263,864,86309,164,100000
new,2,"(20261005, (74, 1, 2))",either,3.0,any_pair:X_expected_excess_ge_tau,2476,10351,902,86271,2331,100000
new,2,"(20261005, (74, 1, 2))",either,3.0,reported_wrong:A1_anchor,7149,5678,30494,56679,-1,100000
new,2,"(20261005, (74, 1, 2))",either,3.0,reported_wrong:A3_largest,9090,3737,29064,58109,-1,100000
new,2,"(20261005, (74, 1, 2))",either,3.0,reported_wrong:A4_reviewed,6900,5927,29064,58109,-1,100000
new,2,"(20261005, (74, 1, 2))",either,4.0,any_pair:D0_published,3985,1990,15848,78177,3422,100000
new,2,"(20261005, (74, 1, 2))",either,4.0,any_pair:D0a_other_over,3785,2190,15044,78981,3182,100000
new,2,"(20261005, (74, 1, 2))",either,4.0,any_pair:D0b_anchor_under,537,5438,1285,92740,438,100000
new,2,"(20261005, (74, 1, 2))",either,4.0,any_pair:D1_plus_other_under,5802,173,78966,15059,3608,100000
new,2,"(20261005, (74, 1, 2))",either,4.0,any_pair:D2_net_either_view,5645,330,75800,18225,2573,100000
new,2,"(20261005, (74, 1, 2))",either,4.0,any_pair:D3_total_either_view,5699,276,76479,17546,3408,100000
new,2,"(20261005, (74, 1, 2))",either,4.0,any_pair:D4_expected_excess,3086,2889,5071,88954,2864,100000
new,2,"(20261005, (74, 1, 2))",either,4.0,any_pair:D5_shared_total,1337,4638,9313,84712,618,100000
new,2,"(20261005, (74, 1, 2))",either,4.0,any_pair:D5n_shared_net,496,5479,1328,92697,108,100000
new,2,"(20261005, (74, 1, 2))",either,4.0,any_pair:H_shared_total_agree,1252,4723,9089,84936,545,100000
new,2,"(20261005, (74, 1, 2))",either,4.0,any_pair:Hn_shared_net_agree,414,5561,1154,92871,106,100000
new,2,"(20261005, (74, 1, 2))",either,4.0,any_pair:X_expected_excess_ge_tau,1109,4866,448,93577,1063,100000
new,2,"(20261005, (74, 1, 2))",either,4.0,reported_wrong:A1_anchor,3617,2358,34026,59999,-1,100000
new,2,"(20261005, (74, 1, 2))",either,4.0,reported_wrong:A3_largest,4962,1013,33192,60833,-1,100000
new,2,"(20261005, (74, 1, 2))",either,4.0,reported_wrong:A4_reviewed,3635,2340,32329,61696,-1,100000
new,2,"(20261005, (74, 1, 2))",either,5.0,any_pair:D0_published,2398,661,17435,79506,2135,100000
new,2,"(20261005, (74, 1, 2))",either,5.0,any_pair:D0a_other_over,2279,780,16550,80391,1987,100000
new,2,"(20261005, (74, 1, 2))",either,5.0,any_pair:D0b_anchor_under,359,2700,1463,95478,295,100000
new,2,"(20261005, (74, 1, 2))",either,5.0,any_pair:D1_plus_other_under,3025,34,81743,15198,2224,100000
new,2,"(20261005, (74, 1, 2))",either,5.0,any_pair:D2_net_either_view,2972,87,78473,18468,1718,100000
new,2,"(20261005, (74, 1, 2))",either,5.0,any_pair:D3_total_either_view,2988,71,79190,17751,2095,100000
new,2,"(20261005, (74, 1, 2))",either,5.0,any_pair:D4_expected_excess,1967,1092,6190,90751,1843,100000
new,2,"(20261005, (74, 1, 2))",either,5.0,any_pair:D5_shared_total,782,2277,9868,87073,350,100000
new,2,"(20261005, (74, 1, 2))",either,5.0,any_pair:D5n_shared_net,332,2727,1492,95449,59,100000
new,2,"(20261005, (74, 1, 2))",either,5.0,any_pair:H_shared_total_agree,745,2314,9753,87188,303,100000
new,2,"(20261005, (74, 1, 2))",either,5.0,any_pair:Hn_shared_net_agree,292,2767,1377,95564,59,100000
new,2,"(20261005, (74, 1, 2))",either,5.0,any_pair:X_expected_excess_ge_tau,502,2557,211,96730,485,100000
new,2,"(20261005, (74, 1, 2))",either,5.0,reported_wrong:A1_anchor,1976,1083,35667,61274,-1,100000
new,2,"(20261005, (74, 1, 2))",either,5.0,reported_wrong:A3_largest,2777,282,35377,61564,-1,100000
new,2,"(20261005, (74, 1, 2))",either,5.0,reported_wrong:A4_reviewed,2055,1004,33909,63032,-1,100000
new,2,"(20261005, (74, 1, 2))",either,6.0,any_pair:D0_published,1382,216,18451,79951,1274,100000
new,2,"(20261005, (74, 1, 2))",either,6.0,any_pair:D0a_other_over,1315,283,17514,80888,1188,100000
new,2,"(20261005, (74, 1, 2))",either,6.0,any_pair:D0b_anchor_under,237,1361,1585,96817,197,100000
new,2,"(20261005, (74, 1, 2))",either,6.0,any_pair:D1_plus_other_under,1593,5,83175,15227,1309,100000
new,2,"(20261005, (74, 1, 2))",either,6.0,any_pair:D2_net_either_view,1580,18,79865,18537,1092,100000
new,2,"(20261005, (74, 1, 2))",either,6.0,any_pair:D3_total_either_view,1582,16,80596,17806,1244,100000
new,2,"(20261005, (74, 1, 2))",either,6.0,any_pair:D4_expected_excess,1188,410,6969,91433,1138,100000
new,2,"(20261005, (74, 1, 2))",either,6.0,any_pair:D5_shared_total,460,1138,10190,88212,195,100000
new,2,"(20261005, (74, 1, 2))",either,6.0,any_pair:D5n_shared_net,218,1380,1606,96796,31,100000
new,2,"(20261005, (74, 1, 2))",either,6.0,any_pair:H_shared_total_agree,443,1155,10136,88266,172,100000
new,2,"(20261005, (74, 1, 2))",either,6.0,any_pair:Hn_shared_net_agree,202,1396,1527,96875,31,100000
new,2,"(20261005, (74, 1, 2))",either,6.0,any_pair:X_expected_excess_ge_tau,227,1371,97,98305,223,100000
new,2,"(20261005, (74, 1, 2))",either,6.0,reported_wrong:A1_anchor,1085,513,36558,61844,-1,100000
new,2,"(20261005, (74, 1, 2))",either,6.0,reported_wrong:A3_largest,1513,85,36641,61761,-1,100000
new,2,"(20261005, (74, 1, 2))",either,6.0,reported_wrong:A4_reviewed,1111,487,34853,63549,-1,100000
new,3,"(20261005, (74, 1, 3))",AP,2.0,any_pair:D0_published,6650,11799,8840,72711,5862,100000
new,3,"(20261005, (74, 1, 3))",AP,2.0,any_pair:D0a_other_over,6214,12235,8085,73466,5384,100000
new,3,"(20261005, (74, 1, 3))",AP,2.0,any_pair:D0b_anchor_under,690,17759,946,80605,690,100000
new,3,"(20261005, (74, 1, 3))",AP,2.0,any_pair:D1_plus_other_under,15056,3393,63060,18491,7005,100000
new,3,"(20261005, (74, 1, 3))",AP,2.0,any_pair:D2_net_either_view,13701,4748,59950,21601,4203,100000
new,3,"(20261005, (74, 1, 3))",AP,2.0,any_pair:D3_total_either_view,14171,4278,61008,20543,6742,100000
new,3,"(20261005, (74, 1, 3))",AP,2.0,any_pair:D4_expected_excess,4152,14297,1798,79753,3996,100000
new,3,"(20261005, (74, 1, 3))",AP,2.0,any_pair:D5_shared_total,2873,15576,7318,74233,1765,100000
new,3,"(20261005, (74, 1, 3))",AP,2.0,any_pair:D5n_shared_net,667,17782,978,80573,234,100000
new,3,"(20261005, (74, 1, 3))",AP,2.0,any_pair:H_shared_total_agree,2372,16077,6178,75373,1518,100000
new,3,"(20261005, (74, 1, 3))",AP,2.0,any_pair:Hn_shared_net_agree,423,18026,637,80914,197,100000
new,3,"(20261005, (74, 1, 3))",AP,2.0,any_pair:X_expected_excess_ge_tau,4152,14297,1798,79753,3996,100000
new,3,"(20261005, (74, 1, 3))",AP,2.0,reported_wrong:A1_anchor,7503,10946,21020,60531,-1,100000
new,3,"(20261005, (74, 1, 3))",AP,2.0,reported_wrong:A3_largest,9196,9253,20109,61442,-1,100000
new,3,"(20261005, (74, 1, 3))",AP,2.0,reported_wrong:A4_reviewed,7422,11027,20109,61442,-1,100000
new,3,"(20261005, (74, 1, 3))",AP,3.0,any_pair:D0_published,4585,4760,10905,79750,4101,100000
new,3,"(20261005, (74, 1, 3))",AP,3.0,any_pair:D0a_other_over,4270,5075,10029,80626,3753,100000
new,3,"(20261005, (74, 1, 3))",AP,3.0,any_pair:D0b_anchor_under,529,8816,1107,89548,529,100000
new,3,"(20261005, (74, 1, 3))",AP,3.0,any_pair:D1_plus_other_under,8197,1148,69919,20736,4556,100000
new,3,"(20261005, (74, 1, 3))",AP,3.0,any_pair:D2_net_either_view,7480,1865,66171,24484,2953,100000
new,3,"(20261005, (74, 1, 3))",AP,3.0,any_pair:D3_total_either_view,7740,1605,67439,23216,4318,100000
new,3,"(20261005, (74, 1, 3))",AP,3.0,any_pair:D4_expected_excess,3209,6136,2741,87914,3076,100000
new,3,"(20261005, (74, 1, 3))",AP,3.0,any_pair:D5_shared_total,1773,7572,8418,82237,994,100000
new,3,"(20261005, (74, 1, 3))",AP,3.0,any_pair:D5n_shared_net,507,8838,1138,89517,145,100000
new,3,"(20261005, (74, 1, 3))",AP,3.0,any_pair:H_shared_total_agree,1548,7797,7824,82831,874,100000
new,3,"(20261005, (74, 1, 3))",AP,3.0,any_pair:Hn_shared_net_agree,364,8981,901,89754,132,100000
new,3,"(20261005, (74, 1, 3))",AP,3.0,any_pair:X_expected_excess_ge_tau,1785,7560,775,89880,1732,100000
new,3,"(20261005, (74, 1, 3))",AP,3.0,reported_wrong:A1_anchor,4346,4999,24177,66478,-1,100000
new,3,"(20261005, (74, 1, 3))",AP,3.0,reported_wrong:A3_largest,5973,3372,23332,67323,-1,100000
new,3,"(20261005, (74, 1, 3))",AP,3.0,reported_wrong:A4_reviewed,4199,5146,23332,67323,-1,100000
new,3,"(20261005, (74, 1, 3))",AP,4.0,any_pair:D0_published,2956,1756,12534,82754,2704,100000
new,3,"(20261005, (74, 1, 3))",AP,4.0,any_pair:D0a_other_over,2754,1958,11545,83743,2482,100000
new,3,"(20261005, (74, 1, 3))",AP,4.0,any_pair:D0b_anchor_under,372,4340,1264,94024,372,100000
new,3,"(20261005, (74, 1, 3))",AP,4.0,any_pair:D1_plus_other_under,4354,358,73762,21526,2873,100000
new,3,"(20261005, (74, 1, 3))",AP,4.0,any_pair:D2_net_either_view,4000,712,69651,25637,1987,100000
new,3,"(20261005, (74, 1, 3))",AP,4.0,any_pair:D3_total_either_view,4158,554,71021,24267,2708,100000
new,3,"(20261005, (74, 1, 3))",AP,4.0,any_pair:D4_expected_excess,2261,2451,3689,91599,2163,100000
new,3,"(20261005, (74, 1, 3))",AP,4.0,any_pair:D5_shared_total,1075,3637,9116,86172,550,100000
new,3,"(20261005, (74, 1, 3))",AP,4.0,any_pair:D5n_shared_net,348,4364,1297,93991,81,100000
new,3,"(20261005, (74, 1, 3))",AP,4.0,any_pair:H_shared_total_agree,966,3746,8795,86493,489,100000
new,3,"(20261005, (74, 1, 3))",AP,4.0,any_pair:Hn_shared_net_agree,276,4436,1109,94179,73,100000
new,3,"(20261005, (74, 1, 3))",AP,4.0,any_pair:X_expected_excess_ge_tau,803,3909,402,94886,784,100000
new,3,"(20261005, (74, 1, 3))",AP,4.0,reported_wrong:A1_anchor,2397,2315,26126,69162,-1,100000
new,3,"(20261005, (74, 1, 3))",AP,4.0,reported_wrong:A3_largest,3594,1118,25711,69577,-1,100000
new,3,"(20261005, (74, 1, 3))",AP,4.0,reported_wrong:A4_reviewed,2452,2260,25079,70209,-1,100000
new,3,"(20261005, (74, 1, 3))",AP,5.0,any_pair:D0_published,1780,664,13710,83846,1654,100000
new,3,"(20261005, (74, 1, 3))",AP,5.0,any_pair:D0a_other_over,1656,788,12643,84913,1517,100000
new,3,"(20261005, (74, 1, 3))",AP,5.0,any_pair:D0b_anchor_under,254,2190,1382,96174,254,100000
new,3,"(20261005, (74, 1, 3))",AP,5.0,any_pair:D1_plus_other_under,2337,107,75779,21777,1725,100000
new,3,"(20261005, (74, 1, 3))",AP,5.0,any_pair:D2_net_either_view,2199,245,71452,26104,1317,100000
new,3,"(20261005, (74, 1, 3))",AP,5.0,any_pair:D3_total_either_view,2249,195,72930,24626,1620,100000
new,3,"(20261005, (74, 1, 3))",AP,5.0,any_pair:D4_expected_excess,1448,996,4502,93054,1405,100000
new,3,"(20261005, (74, 1, 3))",AP,5.0,any_pair:D5_shared_total,588,1856,9603,87953,278,100000
new,3,"(20261005, (74, 1, 3))",AP,5.0,any_pair:D5n_shared_net,235,2209,1410,96146,43,100000
new,3,"(20261005, (74, 1, 3))",AP,5.0,any_pair:H_shared_total_agree,530,1914,9414,88142,241,100000
new,3,"(20261005, (74, 1, 3))",AP,5.0,any_pair:Hn_shared_net_agree,195,2249,1281,96275,41,100000
new,3,"(20261005, (74, 1, 3))",AP,5.0,any_pair:X_expected_excess_ge_tau,394,2050,185,97371,387,100000
new,3,"(20261005, (74, 1, 3))",AP,5.0,reported_wrong:A1_anchor,1304,1140,27219,70337,-1,100000
new,3,"(20261005, (74, 1, 3))",AP,5.0,reported_wrong:A3_largest,2103,341,27202,70354,-1,100000
new,3,"(20261005, (74, 1, 3))",AP,5.0,reported_wrong:A4_reviewed,1378,1066,26153,71403,-1,100000
new,3,"(20261005, (74, 1, 3))",AP,6.0,any_pair:D0_published,1053,220,14437,84290,1011,100000
new,3,"(20261005, (74, 1, 3))",AP,6.0,any_pair:D0a_other_over,983,290,13316,85411,933,100000
new,3,"(20261005, (74, 1, 3))",AP,6.0,any_pair:D0b_anchor_under,173,1100,1463,97264,173,100000
new,3,"(20261005, (74, 1, 3))",AP,6.0,any_pair:D1_plus_other_under,1244,29,76872,21855,1037,100000
new,3,"(20261005, (74, 1, 3))",AP,6.0,any_pair:D2_net_either_view,1181,92,72470,26257,852,100000
new,3,"(20261005, (74, 1, 3))",AP,6.0,any_pair:D3_total_either_view,1210,63,73969,24758,979,100000
new,3,"(20261005, (74, 1, 3))",AP,6.0,any_pair:D4_expected_excess,905,368,5045,93682,883,100000
new,3,"(20261005, (74, 1, 3))",AP,6.0,any_pair:D5_shared_total,345,928,9846,88881,162,100000
new,3,"(20261005, (74, 1, 3))",AP,6.0,any_pair:D5n_shared_net,160,1113,1485,97242,29,100000
new,3,"(20261005, (74, 1, 3))",AP,6.0,any_pair:H_shared_total_agree,319,954,9726,89001,139,100000
new,3,"(20261005, (74, 1, 3))",AP,6.0,any_pair:Hn_shared_net_agree,136,1137,1402,97325,27,100000
new,3,"(20261005, (74, 1, 3))",AP,6.0,any_pair:X_expected_excess_ge_tau,209,1064,94,98633,205,100000
new,3,"(20261005, (74, 1, 3))",AP,6.0,reported_wrong:A1_anchor,698,575,27825,70902,-1,100000
new,3,"(20261005, (74, 1, 3))",AP,6.0,reported_wrong:A3_largest,1181,92,28124,70603,-1,100000
new,3,"(20261005, (74, 1, 3))",AP,6.0,reported_wrong:A4_reviewed,765,508,26766,71961,-1,100000
new,3,"(20261005, (74, 1, 3))",SL,2.0,any_pair:D0_published,2561,8973,3564,84902,2301,100000
new,3,"(20261005, (74, 1, 3))",SL,2.0,any_pair:D0a_other_over,2496,9038,3441,85025,2232,100000
new,3,"(20261005, (74, 1, 3))",SL,2.0,any_pair:D0b_anchor_under,106,11428,148,88318,106,100000
new,3,"(20261005, (74, 1, 3))",SL,2.0,any_pair:D1_plus_other_under,7126,4408,45651,42815,2639,100000
new,3,"(20261005, (74, 1, 3))",SL,2.0,any_pair:D2_net_either_view,6186,5348,42311,46155,1366,100000
new,3,"(20261005, (74, 1, 3))",SL,2.0,any_pair:D3_total_either_view,6535,4999,43812,44654,2286,100000
new,3,"(20261005, (74, 1, 3))",SL,2.0,any_pair:D4_expected_excess,1663,9871,805,87661,1617,100000
new,3,"(20261005, (74, 1, 3))",SL,2.0,any_pair:D5_shared_total,616,10918,2140,86326,380,100000
new,3,"(20261005, (74, 1, 3))",SL,2.0,any_pair:D5n_shared_net,93,11441,172,88294,30,100000
new,3,"(20261005, (74, 1, 3))",SL,2.0,any_pair:H_shared_total_agree,528,11006,1912,86554,331,100000
new,3,"(20261005, (74, 1, 3))",SL,2.0,any_pair:Hn_shared_net_agree,61,11473,120,88346,26,100000
new,3,"(20261005, (74, 1, 3))",SL,2.0,any_pair:X_expected_excess_ge_tau,1663,9871,805,87661,1617,100000
new,3,"(20261005, (74, 1, 3))",SL,2.0,reported_wrong:A1_anchor,3295,8239,13459,75007,-1,100000
new,3,"(20261005, (74, 1, 3))",SL,2.0,reported_wrong:A3_largest,5056,6478,13590,74876,-1,100000
new,3,"(20261005, (74, 1, 3))",SL,2.0,reported_wrong:A4_reviewed,3853,7681,13590,74876,-1,100000
new,3,"(20261005, (74, 1, 3))",SL,3.0,any_pair:D0_published,1596,2568,4529,91307,1479,100000
new,3,"(20261005, (74, 1, 3))",SL,3.0,any_pair:D0a_other_over,1556,2608,4381,91455,1436,100000
new,3,"(20261005, (74, 1, 3))",SL,3.0,any_pair:D0b_anchor_under,73,4091,181,95655,73,100000
new,3,"(20261005, (74, 1, 3))",SL,3.0,any_pair:D1_plus_other_under,3082,1082,49695,46141,1565,100000
new,3,"(20261005, (74, 1, 3))",SL,3.0,any_pair:D2_net_either_view,2682,1482,45815,50021,921,100000
new,3,"(20261005, (74, 1, 3))",SL,3.0,any_pair:D3_total_either_view,2815,1349,47532,48304,1332,100000
new,3,"(20261005, (74, 1, 3))",SL,3.0,any_pair:D4_expected_excess,1194,2970,1274,94562,1166,100000
new,3,"(20261005, (74, 1, 3))",SL,3.0,any_pair:D5_shared_total,307,3857,2449,93387,168,100000
new,3,"(20261005, (74, 1, 3))",SL,3.0,any_pair:D5n_shared_net,62,4102,203,95633,18,100000
new,3,"(20261005, (74, 1, 3))",SL,3.0,any_pair:H_shared_total_agree,273,3891,2344,93492,147,100000
new,3,"(20261005, (74, 1, 3))",SL,3.0,any_pair:Hn_shared_net_agree,53,4111,163,95673,18,100000
new,3,"(20261005, (74, 1, 3))",SL,3.0,any_pair:X_expected_excess_ge_tau,542,3622,259,95577,535,100000
new,3,"(20261005, (74, 1, 3))",SL,3.0,reported_wrong:A1_anchor,1469,2695,15285,80551,-1,100000
new,3,"(20261005, (74, 1, 3))",SL,3.0,reported_wrong:A3_largest,2700,1464,15946,79890,-1,100000
new,3,"(20261005, (74, 1, 3))",SL,3.0,reported_wrong:A4_reviewed,1497,2667,15946,79890,-1,100000
new,3,"(20261005, (74, 1, 3))",SL,4.0,any_pair:D0_published,891,673,5234,93202,849,100000
new,3,"(20261005, (74, 1, 3))",SL,4.0,any_pair:D0a_other_over,868,696,5069,93367,821,100000
new,3,"(20261005, (74, 1, 3))",SL,4.0,any_pair:D0b_anchor_under,50,1514,204,98232,50,100000
new,3,"(20261005, (74, 1, 3))",SL,4.0,any_pair:D1_plus_other_under,1347,217,51430,47006,879,100000
new,3,"(20261005, (74, 1, 3))",SL,4.0,any_pair:D2_net_either_view,1202,362,47295,51141,585,100000
new,3,"(20261005, (74, 1, 3))",SL,4.0,any_pair:D3_total_either_view,1251,313,49096,49340,765,100000
new,3,"(20261005, (74, 1, 3))",SL,4.0,any_pair:D4_expected_excess,745,819,1723,96713,725,100000
new,3,"(20261005, (74, 1, 3))",SL,4.0,any_pair:D5_shared_total,166,1398,2590,95846,77,100000
new,3,"(20261005, (74, 1, 3))",SL,4.0,any_pair:D5n_shared_net,44,1520,221,98215,11,100000
new,3,"(20261005, (74, 1, 3))",SL,4.0,any_pair:H_shared_total_agree,150,1414,2540,95896,62,100000
new,3,"(20261005, (74, 1, 3))",SL,4.0,any_pair:Hn_shared_net_agree,38,1526,200,98236,11,100000
new,3,"(20261005, (74, 1, 3))",SL,4.0,any_pair:X_expected_excess_ge_tau,222,1342,97,98339,219,100000
new,3,"(20261005, (74, 1, 3))",SL,4.0,reported_wrong:A1_anchor,641,923,16113,82323,-1,100000
new,3,"(20261005, (74, 1, 3))",SL,4.0,reported_wrong:A3_largest,1247,317,17399,81037,-1,100000
new,3,"(20261005, (74, 1, 3))",SL,4.0,reported_wrong:A4_reviewed,665,899,16778,81658,-1,100000
new,3,"(20261005, (74, 1, 3))",SL,5.0,any_pair:D0_published,493,169,5632,93706,469,100000
new,3,"(20261005, (74, 1, 3))",SL,5.0,any_pair:D0a_other_over,478,184,5459,93879,450,100000
new,3,"(20261005, (74, 1, 3))",SL,5.0,any_pair:D0b_anchor_under,37,625,217,99121,37,100000
new,3,"(20261005, (74, 1, 3))",SL,5.0,any_pair:D1_plus_other_under,619,43,52158,47180,475,100000
new,3,"(20261005, (74, 1, 3))",SL,5.0,any_pair:D2_net_either_view,573,89,47924,51414,357,100000
new,3,"(20261005, (74, 1, 3))",SL,5.0,any_pair:D3_total_either_view,593,69,49754,49584,431,100000
new,3,"(20261005, (74, 1, 3))",SL,5.0,any_pair:D4_expected_excess,431,231,2037,97301,419,100000
new,3,"(20261005, (74, 1, 3))",SL,5.0,any_pair:D5_shared_total,95,567,2661,96677,47,100000
new,3,"(20261005, (74, 1, 3))",SL,5.0,any_pair:D5n_shared_net,31,631,234,99104,6,100000
new,3,"(20261005, (74, 1, 3))",SL,5.0,any_pair:H_shared_total_agree,87,575,2639,96699,39,100000
new,3,"(20261005, (74, 1, 3))",SL,5.0,any_pair:Hn_shared_net_agree,28,634,219,99119,6,100000
new,3,"(20261005, (74, 1, 3))",SL,5.0,any_pair:X_expected_excess_ge_tau,89,573,48,99290,88,100000
new,3,"(20261005, (74, 1, 3))",SL,5.0,reported_wrong:A1_anchor,282,380,16472,82866,-1,100000
new,3,"(20261005, (74, 1, 3))",SL,5.0,reported_wrong:A3_largest,600,62,18046,81292,-1,100000
new,3,"(20261005, (74, 1, 3))",SL,5.0,reported_wrong:A4_reviewed,311,351,17132,82206,-1,100000
new,3,"(20261005, (74, 1, 3))",SL,6.0,any_pair:D0_published,262,47,5863,93828,259,100000
new,3,"(20261005, (74, 1, 3))",SL,6.0,any_pair:D0a_other_over,259,50,5678,94013,254,100000
new,3,"(20261005, (74, 1, 3))",SL,6.0,any_pair:D0b_anchor_under,17,292,237,99454,17,100000
new,3,"(20261005, (74, 1, 3))",SL,6.0,any_pair:D1_plus_other_under,295,14,52482,47209,261,100000
new,3,"(20261005, (74, 1, 3))",SL,6.0,any_pair:D2_net_either_view,284,25,48213,51478,212,100000
new,3,"(20261005, (74, 1, 3))",SL,6.0,any_pair:D3_total_either_view,294,15,50053,49638,248,100000
new,3,"(20261005, (74, 1, 3))",SL,6.0,any_pair:D4_expected_excess,239,70,2229,97462,236,100000
new,3,"(20261005, (74, 1, 3))",SL,6.0,any_pair:D5_shared_total,55,254,2701,96990,33,100000
new,3,"(20261005, (74, 1, 3))",SL,6.0,any_pair:D5n_shared_net,15,294,250,99441,3,100000
new,3,"(20261005, (74, 1, 3))",SL,6.0,any_pair:H_shared_total_agree,53,256,2690,97001,30,100000
new,3,"(20261005, (74, 1, 3))",SL,6.0,any_pair:Hn_shared_net_agree,15,294,241,99450,3,100000
new,3,"(20261005, (74, 1, 3))",SL,6.0,any_pair:X_expected_excess_ge_tau,42,267,18,99673,42,100000
new,3,"(20261005, (74, 1, 3))",SL,6.0,reported_wrong:A1_anchor,144,165,16610,83081,-1,100000
new,3,"(20261005, (74, 1, 3))",SL,6.0,reported_wrong:A3_largest,294,15,18352,81339,-1,100000
new,3,"(20261005, (74, 1, 3))",SL,6.0,reported_wrong:A4_reviewed,155,154,17288,82403,-1,100000
new,3,"(20261005, (74, 1, 3))",either,2.0,any_pair:D0_published,10309,17184,9570,62937,7895,100000
new,3,"(20261005, (74, 1, 3))",either,2.0,any_pair:D0a_other_over,9782,17711,9033,63474,7403,100000
new,3,"(20261005, (74, 1, 3))",either,2.0,any_pair:D0b_anchor_under,1036,26457,807,71700,789,100000
new,3,"(20261005, (74, 1, 3))",either,2.0,any_pair:D1_plus_other_under,24701,2792,60120,12387,9269,100000
new,3,"(20261005, (74, 1, 3))",either,2.0,any_pair:D2_net_either_view,23646,3847,57977,14530,5412,100000
new,3,"(20261005, (74, 1, 3))",either,2.0,any_pair:D3_total_either_view,23792,3701,58470,14037,8623,100000
new,3,"(20261005, (74, 1, 3))",either,2.0,any_pair:D4_expected_excess,6048,21445,2098,70409,5487,100000
new,3,"(20261005, (74, 1, 3))",either,2.0,any_pair:D5_shared_total,4242,23251,6489,66018,2062,100000
new,3,"(20261005, (74, 1, 3))",either,2.0,any_pair:D5n_shared_net,1013,26480,850,71657,263,100000
new,3,"(20261005, (74, 1, 3))",either,2.0,any_pair:H_shared_total_agree,3632,23861,5684,66823,1795,100000
new,3,"(20261005, (74, 1, 3))",either,2.0,any_pair:Hn_shared_net_agree,661,26832,567,71940,222,100000
new,3,"(20261005, (74, 1, 3))",either,2.0,any_pair:X_expected_excess_ge_tau,6048,21445,2098,70409,5487,100000
new,3,"(20261005, (74, 1, 3))",either,2.0,reported_wrong:A1_anchor,13572,13921,23846,48661,-1,100000
new,3,"(20261005, (74, 1, 3))",either,2.0,reported_wrong:A3_largest,15413,12080,22692,49815,-1,100000
new,3,"(20261005, (74, 1, 3))",either,2.0,reported_wrong:A4_reviewed,13323,14170,22692,49815,-1,100000
new,3,"(20261005, (74, 1, 3))",either,3.0,any_pair:D0_published,6682,6209,13197,73912,5441,100000
new,3,"(20261005, (74, 1, 3))",either,3.0,any_pair:D0a_other_over,6336,6555,12479,74630,5077,100000
new,3,"(20261005, (74, 1, 3))",either,3.0,any_pair:D0b_anchor_under,747,12144,1096,86013,598,100000
new,3,"(20261005, (74, 1, 3))",either,3.0,any_pair:D1_plus_other_under,12149,742,72672,14437,5941,100000
new,3,"(20261005, (74, 1, 3))",either,3.0,any_pair:D2_net_either_view,11690,1201,69933,17176,3790,100000
new,3,"(20261005, (74, 1, 3))",either,3.0,any_pair:D3_total_either_view,11778,1113,70484,16625,5474,100000
new,3,"(20261005, (74, 1, 3))",either,3.0,any_pair:D4_expected_excess,4541,8350,3605,83504,4163,100000
new,3,"(20261005, (74, 1, 3))",either,3.0,any_pair:D5_shared_total,2483,10408,8248,78861,1137,100000
new,3,"(20261005, (74, 1, 3))",either,3.0,any_pair:D5n_shared_net,724,12167,1139,85970,162,100000
new,3,"(20261005, (74, 1, 3))",either,3.0,any_pair:H_shared_total_agree,2242,10649,7793,79316,1004,100000
new,3,"(20261005, (74, 1, 3))",either,3.0,any_pair:Hn_shared_net_agree,551,12340,908,86201,149,100000
new,3,"(20261005, (74, 1, 3))",either,3.0,any_pair:X_expected_excess_ge_tau,2356,10535,946,86163,2237,100000
new,3,"(20261005, (74, 1, 3))",either,3.0,reported_wrong:A1_anchor,7302,5589,30116,56993,-1,100000
new,3,"(20261005, (74, 1, 3))",either,3.0,reported_wrong:A3_largest,9091,3800,29014,58095,-1,100000
new,3,"(20261005, (74, 1, 3))",either,3.0,reported_wrong:A4_reviewed,7001,5890,29014,58095,-1,100000
new,3,"(20261005, (74, 1, 3))",either,4.0,any_pair:D0_published,4072,2026,15807,78095,3491,100000
new,3,"(20261005, (74, 1, 3))",either,4.0,any_pair:D0a_other_over,3858,2240,14957,78945,3255,100000
new,3,"(20261005, (74, 1, 3))",either,4.0,any_pair:D0b_anchor_under,526,5572,1317,92585,418,100000
new,3,"(20261005, (74, 1, 3))",either,4.0,any_pair:D1_plus_other_under,5938,160,78883,15019,3676,100000
new,3,"(20261005, (74, 1, 3))",either,4.0,any_pair:D2_net_either_view,5755,343,75868,18034,2530,100000
new,3,"(20261005, (74, 1, 3))",either,4.0,any_pair:D3_total_either_view,5806,292,76456,17446,3400,100000
new,3,"(20261005, (74, 1, 3))",either,4.0,any_pair:D4_expected_excess,3079,3019,5067,88835,2848,100000
new,3,"(20261005, (74, 1, 3))",either,4.0,any_pair:D5_shared_total,1439,4659,9292,84610,620,100000
new,3,"(20261005, (74, 1, 3))",either,4.0,any_pair:D5n_shared_net,502,5596,1361,92541,91,100000
new,3,"(20261005, (74, 1, 3))",either,4.0,any_pair:H_shared_total_agree,1333,4765,9036,84866,549,100000
new,3,"(20261005, (74, 1, 3))",either,4.0,any_pair:Hn_shared_net_agree,411,5687,1185,92717,83,100000
new,3,"(20261005, (74, 1, 3))",either,4.0,any_pair:X_expected_excess_ge_tau,1043,5055,464,93438,994,100000
new,3,"(20261005, (74, 1, 3))",either,4.0,reported_wrong:A1_anchor,3795,2303,33623,60279,-1,100000
new,3,"(20261005, (74, 1, 3))",either,4.0,reported_wrong:A3_largest,5008,1090,33097,60805,-1,100000
new,3,"(20261005, (74, 1, 3))",either,4.0,reported_wrong:A4_reviewed,3754,2344,32261,61641,-1,100000
new,3,"(20261005, (74, 1, 3))",either,5.0,any_pair:D0_published,2381,670,17498,79451,2093,100000
new,3,"(20261005, (74, 1, 3))",either,5.0,any_pair:D0a_other_over,2257,794,16558,80391,1945,100000
new,3,"(20261005, (74, 1, 3))",either,5.0,any_pair:D0b_anchor_under,347,2704,1496,95453,288,100000
new,3,"(20261005, (74, 1, 3))",either,5.0,any_pair:D1_plus_other_under,3016,35,81805,15144,2166,100000
new,3,"(20261005, (74, 1, 3))",either,5.0,any_pair:D2_net_either_view,2960,91,78663,18286,1653,100000
new,3,"(20261005, (74, 1, 3))",either,5.0,any_pair:D3_total_either_view,2969,82,79293,17656,2025,100000
new,3,"(20261005, (74, 1, 3))",either,5.0,any_pair:D4_expected_excess,1919,1132,6227,90722,1802,100000
new,3,"(20261005, (74, 1, 3))",either,5.0,any_pair:D5_shared_total,779,2272,9952,86997,321,100000
new,3,"(20261005, (74, 1, 3))",either,5.0,any_pair:D5n_shared_net,325,2726,1538,95411,48,100000
new,3,"(20261005, (74, 1, 3))",either,5.0,any_pair:H_shared_total_agree,725,2326,9793,87156,279,100000
new,3,"(20261005, (74, 1, 3))",either,5.0,any_pair:Hn_shared_net_agree,277,2774,1416,95533,46,100000
new,3,"(20261005, (74, 1, 3))",either,5.0,any_pair:X_expected_excess_ge_tau,488,2563,223,96726,471,100000
new,3,"(20261005, (74, 1, 3))",either,5.0,reported_wrong:A1_anchor,1982,1069,35436,61513,-1,100000
new,3,"(20261005, (74, 1, 3))",either,5.0,reported_wrong:A3_largest,2763,288,35342,61607,-1,100000
new,3,"(20261005, (74, 1, 3))",either,5.0,reported_wrong:A4_reviewed,2048,1003,33967,62982,-1,100000
new,3,"(20261005, (74, 1, 3))",either,6.0,any_pair:D0_published,1352,204,18527,79917,1254,100000
new,3,"(20261005, (74, 1, 3))",either,6.0,any_pair:D0a_other_over,1286,270,17529,80915,1174,100000
new,3,"(20261005, (74, 1, 3))",either,6.0,any_pair:D0b_anchor_under,225,1331,1618,96826,188,100000
new,3,"(20261005, (74, 1, 3))",either,6.0,any_pair:D1_plus_other_under,1548,8,83273,15171,1280,100000
new,3,"(20261005, (74, 1, 3))",either,6.0,any_pair:D2_net_either_view,1526,30,80097,18347,1050,100000
new,3,"(20261005, (74, 1, 3))",either,6.0,any_pair:D3_total_either_view,1536,20,80726,17718,1209,100000
new,3,"(20261005, (74, 1, 3))",either,6.0,any_pair:D4_expected_excess,1148,408,6998,91446,1103,100000
new,3,"(20261005, (74, 1, 3))",either,6.0,any_pair:D5_shared_total,443,1113,10288,88156,191,100000
new,3,"(20261005, (74, 1, 3))",either,6.0,any_pair:D5n_shared_net,207,1349,1656,96788,31,100000
new,3,"(20261005, (74, 1, 3))",either,6.0,any_pair:H_shared_total_agree,422,1134,10187,88257,167,100000
new,3,"(20261005, (74, 1, 3))",either,6.0,any_pair:Hn_shared_net_agree,184,1372,1575,96869,29,100000
new,3,"(20261005, (74, 1, 3))",either,6.0,any_pair:X_expected_excess_ge_tau,256,1300,107,98337,247,100000
new,3,"(20261005, (74, 1, 3))",either,6.0,reported_wrong:A1_anchor,1045,511,36373,62071,-1,100000
new,3,"(20261005, (74, 1, 3))",either,6.0,reported_wrong:A3_largest,1482,74,36623,61821,-1,100000
new,3,"(20261005, (74, 1, 3))",either,6.0,reported_wrong:A4_reviewed,1114,442,34901,63543,-1,100000
new,4,"(20261005, (74, 1, 4))",AP,2.0,any_pair:D0_published,6592,11911,8638,72859,5909,100000
new,4,"(20261005, (74, 1, 4))",AP,2.0,any_pair:D0a_other_over,6203,12300,7921,73576,5474,100000
new,4,"(20261005, (74, 1, 4))",AP,2.0,any_pair:D0b_anchor_under,700,17803,937,80560,700,100000
new,4,"(20261005, (74, 1, 4))",AP,2.0,any_pair:D1_plus_other_under,15096,3407,62927,18570,7085,100000
new,4,"(20261005, (74, 1, 4))",AP,2.0,any_pair:D2_net_either_view,13700,4803,59719,21778,4263,100000
new,4,"(20261005, (74, 1, 4))",AP,2.0,any_pair:D3_total_either_view,14228,4275,60904,20593,6801,100000
new,4,"(20261005, (74, 1, 4))",AP,2.0,any_pair:D4_expected_excess,4167,14336,1768,79729,4045,100000
new,4,"(20261005, (74, 1, 4))",AP,2.0,any_pair:D5_shared_total,2777,15726,7313,74184,1762,100000
new,4,"(20261005, (74, 1, 4))",AP,2.0,any_pair:D5n_shared_net,660,17843,951,80546,244,100000
new,4,"(20261005, (74, 1, 4))",AP,2.0,any_pair:H_shared_total_agree,2298,16205,6113,75384,1525,100000
new,4,"(20261005, (74, 1, 4))",AP,2.0,any_pair:Hn_shared_net_agree,433,18070,574,80923,212,100000
new,4,"(20261005, (74, 1, 4))",AP,2.0,any_pair:X_expected_excess_ge_tau,4167,14336,1768,79729,4045,100000
new,4,"(20261005, (74, 1, 4))",AP,2.0,reported_wrong:A1_anchor,7427,11076,20903,60594,-1,100000
new,4,"(20261005, (74, 1, 4))",AP,2.0,reported_wrong:A3_largest,9196,9307,19902,61595,-1,100000
new,4,"(20261005, (74, 1, 4))",AP,2.0,reported_wrong:A4_reviewed,7239,11264,19902,61595,-1,100000
new,4,"(20261005, (74, 1, 4))",AP,3.0,any_pair:D0_published,4496,4878,10734,79892,4101,100000
new,4,"(20261005, (74, 1, 4))",AP,3.0,any_pair:D0a_other_over,4233,5141,9891,80735,3797,100000
new,4,"(20261005, (74, 1, 4))",AP,3.0,any_pair:D0b_anchor_under,523,8851,1114,89512,523,100000
new,4,"(20261005, (74, 1, 4))",AP,3.0,any_pair:D1_plus_other_under,8210,1164,69813,20813,4522,100000
new,4,"(20261005, (74, 1, 4))",AP,3.0,any_pair:D2_net_either_view,7500,1874,65919,24707,2897,100000
new,4,"(20261005, (74, 1, 4))",AP,3.0,any_pair:D3_total_either_view,7750,1624,67382,23244,4307,100000
new,4,"(20261005, (74, 1, 4))",AP,3.0,any_pair:D4_expected_excess,3214,6160,2721,87905,3108,100000
new,4,"(20261005, (74, 1, 4))",AP,3.0,any_pair:D5_shared_total,1696,7678,8394,82232,979,100000
new,4,"(20261005, (74, 1, 4))",AP,3.0,any_pair:D5n_shared_net,485,8889,1126,89500,148,100000
new,4,"(20261005, (74, 1, 4))",AP,3.0,any_pair:H_shared_total_agree,1502,7872,7763,82863,866,100000
new,4,"(20261005, (74, 1, 4))",AP,3.0,any_pair:Hn_shared_net_agree,363,9011,835,89791,136,100000
new,4,"(20261005, (74, 1, 4))",AP,3.0,any_pair:X_expected_excess_ge_tau,1855,7519,842,89784,1800,100000
new,4,"(20261005, (74, 1, 4))",AP,3.0,reported_wrong:A1_anchor,4303,5071,24027,66599,-1,100000
new,4,"(20261005, (74, 1, 4))",AP,3.0,reported_wrong:A3_largest,5990,3384,23108,67518,-1,100000
new,4,"(20261005, (74, 1, 4))",AP,3.0,reported_wrong:A4_reviewed,4033,5341,23108,67518,-1,100000
new,4,"(20261005, (74, 1, 4))",AP,4.0,any_pair:D0_published,2899,1799,12331,82971,2692,100000
new,4,"(20261005, (74, 1, 4))",AP,4.0,any_pair:D0a_other_over,2729,1969,11395,83907,2488,100000
new,4,"(20261005, (74, 1, 4))",AP,4.0,any_pair:D0b_anchor_under,387,4311,1250,94052,387,100000
new,4,"(20261005, (74, 1, 4))",AP,4.0,any_pair:D1_plus_other_under,4359,339,73664,21638,2862,100000
new,4,"(20261005, (74, 1, 4))",AP,4.0,any_pair:D2_net_either_view,4022,676,69397,25905,2015,100000
new,4,"(20261005, (74, 1, 4))",AP,4.0,any_pair:D3_total_either_view,4128,570,71004,24298,2712,100000
new,4,"(20261005, (74, 1, 4))",AP,4.0,any_pair:D4_expected_excess,2265,2433,3670,91632,2187,100000
new,4,"(20261005, (74, 1, 4))",AP,4.0,any_pair:D5_shared_total,1035,3663,9055,86247,553,100000
new,4,"(20261005, (74, 1, 4))",AP,4.0,any_pair:D5n_shared_net,356,4342,1255,94047,91,100000
new,4,"(20261005, (74, 1, 4))",AP,4.0,any_pair:H_shared_total_agree,944,3754,8737,86565,493,100000
new,4,"(20261005, (74, 1, 4))",AP,4.0,any_pair:Hn_shared_net_agree,282,4416,1053,94249,87,100000
new,4,"(20261005, (74, 1, 4))",AP,4.0,any_pair:X_expected_excess_ge_tau,863,3835,392,94910,845,100000
new,4,"(20261005, (74, 1, 4))",AP,4.0,reported_wrong:A1_anchor,2318,2380,26012,69290,-1,100000
new,4,"(20261005, (74, 1, 4))",AP,4.0,reported_wrong:A3_largest,3632,1066,25466,69836,-1,100000
new,4,"(20261005, (74, 1, 4))",AP,4.0,reported_wrong:A4_reviewed,2348,2350,24793,70509,-1,100000
new,4,"(20261005, (74, 1, 4))",AP,5.0,any_pair:D0_published,1770,713,13460,84057,1671,100000
new,4,"(20261005, (74, 1, 4))",AP,5.0,any_pair:D0a_other_over,1682,801,12442,85075,1553,100000
new,4,"(20261005, (74, 1, 4))",AP,5.0,any_pair:D0b_anchor_under,260,2223,1377,96140,260,100000
new,4,"(20261005, (74, 1, 4))",AP,5.0,any_pair:D1_plus_other_under,2392,91,75631,21886,1739,100000
new,4,"(20261005, (74, 1, 4))",AP,5.0,any_pair:D2_net_either_view,2259,224,71160,26357,1334,100000
new,4,"(20261005, (74, 1, 4))",AP,5.0,any_pair:D3_total_either_view,2288,195,72844,24673,1687,100000
new,4,"(20261005, (74, 1, 4))",AP,5.0,any_pair:D4_expected_excess,1489,994,4446,93071,1446,100000
new,4,"(20261005, (74, 1, 4))",AP,5.0,any_pair:D5_shared_total,622,1861,9468,88049,322,100000
new,4,"(20261005, (74, 1, 4))",AP,5.0,any_pair:D5n_shared_net,234,2249,1377,96140,54,100000
new,4,"(20261005, (74, 1, 4))",AP,5.0,any_pair:H_shared_total_agree,584,1899,9277,88240,290,100000
new,4,"(20261005, (74, 1, 4))",AP,5.0,any_pair:Hn_shared_net_agree,193,2290,1245,96272,53,100000
new,4,"(20261005, (74, 1, 4))",AP,5.0,any_pair:X_expected_excess_ge_tau,419,2064,206,97311,412,100000
new,4,"(20261005, (74, 1, 4))",AP,5.0,reported_wrong:A1_anchor,1290,1193,27040,70477,-1,100000
new,4,"(20261005, (74, 1, 4))",AP,5.0,reported_wrong:A3_largest,2142,341,26956,70561,-1,100000
new,4,"(20261005, (74, 1, 4))",AP,5.0,reported_wrong:A4_reviewed,1340,1143,25801,71716,-1,100000
new,4,"(20261005, (74, 1, 4))",AP,6.0,any_pair:D0_published,1068,252,14162,84518,1025,100000
new,4,"(20261005, (74, 1, 4))",AP,6.0,any_pair:D0a_other_over,1014,306,13110,85570,955,100000
new,4,"(20261005, (74, 1, 4))",AP,6.0,any_pair:D0b_anchor_under,186,1134,1451,97229,186,100000
new,4,"(20261005, (74, 1, 4))",AP,6.0,any_pair:D1_plus_other_under,1292,28,76731,21949,1052,100000
new,4,"(20261005, (74, 1, 4))",AP,6.0,any_pair:D2_net_either_view,1247,73,72172,26508,881,100000
new,4,"(20261005, (74, 1, 4))",AP,6.0,any_pair:D3_total_either_view,1245,75,73887,24793,1025,100000
new,4,"(20261005, (74, 1, 4))",AP,6.0,any_pair:D4_expected_excess,921,399,5014,93666,899,100000
new,4,"(20261005, (74, 1, 4))",AP,6.0,any_pair:D5_shared_total,371,949,9719,88961,195,100000
new,4,"(20261005, (74, 1, 4))",AP,6.0,any_pair:D5n_shared_net,165,1155,1446,97234,32,100000
new,4,"(20261005, (74, 1, 4))",AP,6.0,any_pair:H_shared_total_agree,354,966,9628,89052,176,100000
new,4,"(20261005, (74, 1, 4))",AP,6.0,any_pair:Hn_shared_net_agree,145,1175,1346,97334,32,100000
new,4,"(20261005, (74, 1, 4))",AP,6.0,any_pair:X_expected_excess_ge_tau,194,1126,111,98569,193,100000
new,4,"(20261005, (74, 1, 4))",AP,6.0,reported_wrong:A1_anchor,713,607,27617,71063,-1,100000
new,4,"(20261005, (74, 1, 4))",AP,6.0,reported_wrong:A3_largest,1224,96,27874,70806,-1,100000
new,4,"(20261005, (74, 1, 4))",AP,6.0,reported_wrong:A4_reviewed,749,571,26392,72288,-1,100000
new,4,"(20261005, (74, 1, 4))",SL,2.0,any_pair:D0_published,2623,9204,3675,84498,2356,100000
new,4,"(20261005, (74, 1, 4))",SL,2.0,any_pair:D0a_other_over,2552,9275,3556,84617,2277,100000
new,4,"(20261005, (74, 1, 4))",SL,2.0,any_pair:D0b_anchor_under,112,11715,149,88024,112,100000
new,4,"(20261005, (74, 1, 4))",SL,2.0,any_pair:D1_plus_other_under,7230,4597,45407,42766,2738,100000
new,4,"(20261005, (74, 1, 4))",SL,2.0,any_pair:D2_net_either_view,6245,5582,42120,46053,1400,100000
new,4,"(20261005, (74, 1, 4))",SL,2.0,any_pair:D3_total_either_view,6585,5242,43539,44634,2369,100000
new,4,"(20261005, (74, 1, 4))",SL,2.0,any_pair:D4_expected_excess,1695,10132,804,87369,1646,100000
new,4,"(20261005, (74, 1, 4))",SL,2.0,any_pair:D5_shared_total,628,11199,2052,86121,372,100000
new,4,"(20261005, (74, 1, 4))",SL,2.0,any_pair:D5n_shared_net,108,11719,159,88014,36,100000
new,4,"(20261005, (74, 1, 4))",SL,2.0,any_pair:H_shared_total_agree,525,11302,1805,86368,318,100000
new,4,"(20261005, (74, 1, 4))",SL,2.0,any_pair:Hn_shared_net_agree,74,11753,104,88069,35,100000
new,4,"(20261005, (74, 1, 4))",SL,2.0,any_pair:X_expected_excess_ge_tau,1695,10132,804,87369,1646,100000
new,4,"(20261005, (74, 1, 4))",SL,2.0,reported_wrong:A1_anchor,3509,8318,13282,74891,-1,100000
new,4,"(20261005, (74, 1, 4))",SL,2.0,reported_wrong:A3_largest,5082,6745,13474,74699,-1,100000
new,4,"(20261005, (74, 1, 4))",SL,2.0,reported_wrong:A4_reviewed,4022,7805,13474,74699,-1,100000
new,4,"(20261005, (74, 1, 4))",SL,3.0,any_pair:D0_published,1627,2549,4671,91153,1488,100000
new,4,"(20261005, (74, 1, 4))",SL,3.0,any_pair:D0a_other_over,1588,2588,4520,91304,1442,100000
new,4,"(20261005, (74, 1, 4))",SL,3.0,any_pair:D0b_anchor_under,76,4100,185,95639,76,100000
new,4,"(20261005, (74, 1, 4))",SL,3.0,any_pair:D1_plus_other_under,3099,1077,49538,46286,1586,100000
new,4,"(20261005, (74, 1, 4))",SL,3.0,any_pair:D2_net_either_view,2671,1505,45694,50130,895,100000
new,4,"(20261005, (74, 1, 4))",SL,3.0,any_pair:D3_total_either_view,2821,1355,47303,48521,1359,100000
new,4,"(20261005, (74, 1, 4))",SL,3.0,any_pair:D4_expected_excess,1174,3002,1325,94499,1146,100000
new,4,"(20261005, (74, 1, 4))",SL,3.0,any_pair:D5_shared_total,336,3840,2344,93480,186,100000
new,4,"(20261005, (74, 1, 4))",SL,3.0,any_pair:D5n_shared_net,70,4106,197,95627,18,100000
new,4,"(20261005, (74, 1, 4))",SL,3.0,any_pair:H_shared_total_agree,302,3874,2235,93589,166,100000
new,4,"(20261005, (74, 1, 4))",SL,3.0,any_pair:Hn_shared_net_agree,54,4122,158,95666,18,100000
new,4,"(20261005, (74, 1, 4))",SL,3.0,any_pair:X_expected_excess_ge_tau,543,3633,271,95553,530,100000
new,4,"(20261005, (74, 1, 4))",SL,3.0,reported_wrong:A1_anchor,1588,2588,15203,80621,-1,100000
new,4,"(20261005, (74, 1, 4))",SL,3.0,reported_wrong:A3_largest,2629,1547,15927,79897,-1,100000
new,4,"(20261005, (74, 1, 4))",SL,3.0,reported_wrong:A4_reviewed,1569,2607,15927,79897,-1,100000
new,4,"(20261005, (74, 1, 4))",SL,4.0,any_pair:D0_published,880,665,5418,93037,817,100000
new,4,"(20261005, (74, 1, 4))",SL,4.0,any_pair:D0a_other_over,854,691,5254,93201,788,100000
new,4,"(20261005, (74, 1, 4))",SL,4.0,any_pair:D0b_anchor_under,53,1492,208,98247,53,100000
new,4,"(20261005, (74, 1, 4))",SL,4.0,any_pair:D1_plus_other_under,1313,232,51324,47131,846,100000
new,4,"(20261005, (74, 1, 4))",SL,4.0,any_pair:D2_net_either_view,1154,391,47211,51244,544,100000
new,4,"(20261005, (74, 1, 4))",SL,4.0,any_pair:D3_total_either_view,1229,316,48895,49560,746,100000
new,4,"(20261005, (74, 1, 4))",SL,4.0,any_pair:D4_expected_excess,697,848,1802,96653,681,100000
new,4,"(20261005, (74, 1, 4))",SL,4.0,any_pair:D5_shared_total,173,1372,2507,95948,93,100000
new,4,"(20261005, (74, 1, 4))",SL,4.0,any_pair:D5n_shared_net,47,1498,220,98235,11,100000
new,4,"(20261005, (74, 1, 4))",SL,4.0,any_pair:H_shared_total_agree,161,1384,2454,96001,84,100000
new,4,"(20261005, (74, 1, 4))",SL,4.0,any_pair:Hn_shared_net_agree,40,1505,198,98257,11,100000
new,4,"(20261005, (74, 1, 4))",SL,4.0,any_pair:X_expected_excess_ge_tau,170,1375,115,98340,169,100000
new,4,"(20261005, (74, 1, 4))",SL,4.0,reported_wrong:A1_anchor,659,886,16132,82323,-1,100000
new,4,"(20261005, (74, 1, 4))",SL,4.0,reported_wrong:A3_largest,1226,319,17330,81125,-1,100000
new,4,"(20261005, (74, 1, 4))",SL,4.0,reported_wrong:A4_reviewed,697,848,16799,81656,-1,100000
new,4,"(20261005, (74, 1, 4))",SL,5.0,any_pair:D0_published,470,182,5828,93520,440,100000
new,4,"(20261005, (74, 1, 4))",SL,5.0,any_pair:D0a_other_over,456,196,5652,93696,422,100000
new,4,"(20261005, (74, 1, 4))",SL,5.0,any_pair:D0b_anchor_under,37,615,224,99124,37,100000
new,4,"(20261005, (74, 1, 4))",SL,5.0,any_pair:D1_plus_other_under,595,57,52042,47306,448,100000
new,4,"(20261005, (74, 1, 4))",SL,5.0,any_pair:D2_net_either_view,541,111,47824,51524,323,100000
new,4,"(20261005, (74, 1, 4))",SL,5.0,any_pair:D3_total_either_view,568,84,49556,49792,402,100000
new,4,"(20261005, (74, 1, 4))",SL,5.0,any_pair:D4_expected_excess,400,252,2099,97249,386,100000
new,4,"(20261005, (74, 1, 4))",SL,5.0,any_pair:D5_shared_total,89,563,2591,96757,48,100000
new,4,"(20261005, (74, 1, 4))",SL,5.0,any_pair:D5n_shared_net,32,620,235,99113,7,100000
new,4,"(20261005, (74, 1, 4))",SL,5.0,any_pair:H_shared_total_agree,84,568,2566,96782,43,100000
new,4,"(20261005, (74, 1, 4))",SL,5.0,any_pair:Hn_shared_net_agree,27,625,220,99128,7,100000
new,4,"(20261005, (74, 1, 4))",SL,5.0,any_pair:X_expected_excess_ge_tau,68,584,44,99304,66,100000
new,4,"(20261005, (74, 1, 4))",SL,5.0,reported_wrong:A1_anchor,301,351,16490,82858,-1,100000
new,4,"(20261005, (74, 1, 4))",SL,5.0,reported_wrong:A3_largest,584,68,17972,81376,-1,100000
new,4,"(20261005, (74, 1, 4))",SL,5.0,reported_wrong:A4_reviewed,317,335,17179,82169,-1,100000
new,4,"(20261005, (74, 1, 4))",SL,6.0,any_pair:D0_published,235,49,6063,93653,224,100000
new,4,"(20261005, (74, 1, 4))",SL,6.0,any_pair:D0a_other_over,226,58,5882,93834,215,100000
new,4,"(20261005, (74, 1, 4))",SL,6.0,any_pair:D0b_anchor_under,23,261,238,99478,23,100000
new,4,"(20261005, (74, 1, 4))",SL,6.0,any_pair:D1_plus_other_under,276,8,52361,47355,227,100000
new,4,"(20261005, (74, 1, 4))",SL,6.0,any_pair:D2_net_either_view,268,16,48097,51619,189,100000
new,4,"(20261005, (74, 1, 4))",SL,6.0,any_pair:D3_total_either_view,265,19,49859,49857,212,100000
new,4,"(20261005, (74, 1, 4))",SL,6.0,any_pair:D4_expected_excess,216,68,2283,97433,209,100000
new,4,"(20261005, (74, 1, 4))",SL,6.0,any_pair:D5_shared_total,43,241,2637,97079,21,100000
new,4,"(20261005, (74, 1, 4))",SL,6.0,any_pair:D5n_shared_net,21,263,246,99470,3,100000
new,4,"(20261005, (74, 1, 4))",SL,6.0,any_pair:H_shared_total_agree,39,245,2627,97089,17,100000
new,4,"(20261005, (74, 1, 4))",SL,6.0,any_pair:Hn_shared_net_agree,20,264,237,99479,3,100000
new,4,"(20261005, (74, 1, 4))",SL,6.0,any_pair:X_expected_excess_ge_tau,33,251,15,99701,33,100000
new,4,"(20261005, (74, 1, 4))",SL,6.0,reported_wrong:A1_anchor,137,147,16654,83062,-1,100000
new,4,"(20261005, (74, 1, 4))",SL,6.0,reported_wrong:A3_largest,271,13,18285,81431,-1,100000
new,4,"(20261005, (74, 1, 4))",SL,6.0,reported_wrong:A4_reviewed,147,137,17349,82367,-1,100000
new,4,"(20261005, (74, 1, 4))",either,2.0,any_pair:D0_published,10307,17419,9463,62811,8019,100000
new,4,"(20261005, (74, 1, 4))",either,2.0,any_pair:D0a_other_over,9856,17870,8940,63334,7547,100000
new,4,"(20261005, (74, 1, 4))",either,2.0,any_pair:D0b_anchor_under,1053,26673,797,71477,802,100000
new,4,"(20261005, (74, 1, 4))",either,2.0,any_pair:D1_plus_other_under,24896,2830,59955,12319,9464,100000
new,4,"(20261005, (74, 1, 4))",either,2.0,any_pair:D2_net_either_view,23817,3909,57764,14510,5525,100000
new,4,"(20261005, (74, 1, 4))",either,2.0,any_pair:D3_total_either_view,23933,3793,58387,13887,8756,100000
new,4,"(20261005, (74, 1, 4))",either,2.0,any_pair:D4_expected_excess,6112,21614,2076,70198,5580,100000
new,4,"(20261005, (74, 1, 4))",either,2.0,any_pair:D5_shared_total,4182,23544,6470,65804,2061,100000
new,4,"(20261005, (74, 1, 4))",either,2.0,any_pair:D5n_shared_net,1020,26706,814,71460,278,100000
new,4,"(20261005, (74, 1, 4))",either,2.0,any_pair:H_shared_total_agree,3546,24180,5609,66665,1793,100000
new,4,"(20261005, (74, 1, 4))",either,2.0,any_pair:Hn_shared_net_agree,672,27054,498,71776,245,100000
new,4,"(20261005, (74, 1, 4))",either,2.0,any_pair:X_expected_excess_ge_tau,6112,21614,2076,70198,5580,100000
new,4,"(20261005, (74, 1, 4))",either,2.0,reported_wrong:A1_anchor,13683,14043,23657,48617,-1,100000
new,4,"(20261005, (74, 1, 4))",either,2.0,reported_wrong:A3_largest,15443,12283,22442,49832,-1,100000
new,4,"(20261005, (74, 1, 4))",either,2.0,reported_wrong:A4_reviewed,13334,14392,22442,49832,-1,100000
new,4,"(20261005, (74, 1, 4))",either,3.0,any_pair:D0_published,6637,6280,13133,73950,5461,100000
new,4,"(20261005, (74, 1, 4))",either,3.0,any_pair:D0a_other_over,6367,6550,12429,74654,5137,100000
new,4,"(20261005, (74, 1, 4))",either,3.0,any_pair:D0b_anchor_under,755,12162,1095,85988,593,100000
new,4,"(20261005, (74, 1, 4))",either,3.0,any_pair:D1_plus_other_under,12146,771,72705,14378,5945,100000
new,4,"(20261005, (74, 1, 4))",either,3.0,any_pair:D2_net_either_view,11701,1216,69880,17203,3724,100000
new,4,"(20261005, (74, 1, 4))",either,3.0,any_pair:D3_total_either_view,11752,1165,70568,16515,5498,100000
new,4,"(20261005, (74, 1, 4))",either,3.0,any_pair:D4_expected_excess,4560,8357,3628,83455,4188,100000
new,4,"(20261005, (74, 1, 4))",either,3.0,any_pair:D5_shared_total,2436,10481,8216,78867,1140,100000
new,4,"(20261005, (74, 1, 4))",either,3.0,any_pair:D5n_shared_net,718,12199,1116,85967,164,100000
new,4,"(20261005, (74, 1, 4))",either,3.0,any_pair:H_shared_total_agree,2213,10704,7716,79367,1012,100000
new,4,"(20261005, (74, 1, 4))",either,3.0,any_pair:Hn_shared_net_agree,541,12376,845,86238,152,100000
new,4,"(20261005, (74, 1, 4))",either,3.0,any_pair:X_expected_excess_ge_tau,2461,10456,993,86090,2309,100000
new,4,"(20261005, (74, 1, 4))",either,3.0,reported_wrong:A1_anchor,7304,5613,30036,57047,-1,100000
new,4,"(20261005, (74, 1, 4))",either,3.0,reported_wrong:A3_largest,9059,3858,28826,58257,-1,100000
new,4,"(20261005, (74, 1, 4))",either,3.0,reported_wrong:A4_reviewed,6950,5967,28826,58257,-1,100000
new,4,"(20261005, (74, 1, 4))",either,4.0,any_pair:D0_published,4002,2062,15768,78168,3443,100000
new,4,"(20261005, (74, 1, 4))",either,4.0,any_pair:D0a_other_over,3833,2231,14963,78973,3222,100000
new,4,"(20261005, (74, 1, 4))",either,4.0,any_pair:D0b_anchor_under,540,5524,1310,92626,437,100000
new,4,"(20261005, (74, 1, 4))",either,4.0,any_pair:D1_plus_other_under,5885,179,78966,14970,3630,100000
new,4,"(20261005, (74, 1, 4))",either,4.0,any_pair:D2_net_either_view,5714,350,75867,18069,2522,100000
new,4,"(20261005, (74, 1, 4))",either,4.0,any_pair:D3_total_either_view,5744,320,76576,17360,3382,100000
new,4,"(20261005, (74, 1, 4))",either,4.0,any_pair:D4_expected_excess,3026,3038,5162,88774,2823,100000
new,4,"(20261005, (74, 1, 4))",either,4.0,any_pair:D5_shared_total,1418,4646,9234,84702,639,100000
new,4,"(20261005, (74, 1, 4))",either,4.0,any_pair:D5n_shared_net,509,5555,1325,92611,101,100000
new,4,"(20261005, (74, 1, 4))",either,4.0,any_pair:H_shared_total_agree,1323,4741,8970,84966,570,100000
new,4,"(20261005, (74, 1, 4))",either,4.0,any_pair:Hn_shared_net_agree,410,5654,1132,92804,97,100000
new,4,"(20261005, (74, 1, 4))",either,4.0,any_pair:X_expected_excess_ge_tau,1051,5013,477,93459,1010,100000
new,4,"(20261005, (74, 1, 4))",either,4.0,reported_wrong:A1_anchor,3719,2345,33621,60315,-1,100000
new,4,"(20261005, (74, 1, 4))",either,4.0,reported_wrong:A3_largest,5032,1032,32853,61083,-1,100000
new,4,"(20261005, (74, 1, 4))",either,4.0,reported_wrong:A4_reviewed,3756,2308,32020,61916,-1,100000
new,4,"(20261005, (74, 1, 4))",either,5.0,any_pair:D0_published,2366,708,17404,79522,2078,100000
new,4,"(20261005, (74, 1, 4))",either,5.0,any_pair:D0a_other_over,2283,791,16513,80413,1950,100000
new,4,"(20261005, (74, 1, 4))",either,5.0,any_pair:D0b_anchor_under,357,2717,1493,95433,294,100000
new,4,"(20261005, (74, 1, 4))",either,5.0,any_pair:D1_plus_other_under,3035,39,81816,15110,2151,100000
new,4,"(20261005, (74, 1, 4))",either,5.0,any_pair:D2_net_either_view,2975,99,78606,18320,1638,100000
new,4,"(20261005, (74, 1, 4))",either,5.0,any_pair:D3_total_either_view,2987,87,79333,17593,2054,100000
new,4,"(20261005, (74, 1, 4))",either,5.0,any_pair:D4_expected_excess,1936,1138,6252,90674,1811,100000
new,4,"(20261005, (74, 1, 4))",either,5.0,any_pair:D5_shared_total,817,2257,9835,87091,366,100000
new,4,"(20261005, (74, 1, 4))",either,5.0,any_pair:D5n_shared_net,330,2744,1504,95422,61,100000
new,4,"(20261005, (74, 1, 4))",either,5.0,any_pair:H_shared_total_agree,780,2294,9675,87251,329,100000
new,4,"(20261005, (74, 1, 4))",either,5.0,any_pair:Hn_shared_net_agree,279,2795,1372,95554,60,100000
new,4,"(20261005, (74, 1, 4))",either,5.0,any_pair:X_expected_excess_ge_tau,494,2580,239,96687,478,100000
new,4,"(20261005, (74, 1, 4))",either,5.0,reported_wrong:A1_anchor,1979,1095,35361,61565,-1,100000
new,4,"(20261005, (74, 1, 4))",either,5.0,reported_wrong:A3_largest,2782,292,35103,61823,-1,100000
new,4,"(20261005, (74, 1, 4))",either,5.0,reported_wrong:A4_reviewed,2029,1045,33747,63179,-1,100000
new,4,"(20261005, (74, 1, 4))",either,6.0,any_pair:D0_published,1356,224,18414,80006,1232,100000
new,4,"(20261005, (74, 1, 4))",either,6.0,any_pair:D0a_other_over,1311,269,17485,80935,1157,100000
new,4,"(20261005, (74, 1, 4))",either,6.0,any_pair:D0b_anchor_under,246,1334,1604,96816,207,100000
new,4,"(20261005, (74, 1, 4))",either,6.0,any_pair:D1_plus_other_under,1571,9,83280,15140,1261,100000
new,4,"(20261005, (74, 1, 4))",either,6.0,any_pair:D2_net_either_view,1557,23,80024,18396,1058,100000
new,4,"(20261005, (74, 1, 4))",either,6.0,any_pair:D3_total_either_view,1554,26,80766,17654,1223,100000
new,4,"(20261005, (74, 1, 4))",either,6.0,any_pair:D4_expected_excess,1160,420,7028,91392,1096,100000
new,4,"(20261005, (74, 1, 4))",either,6.0,any_pair:D5_shared_total,475,1105,10177,88243,214,100000
new,4,"(20261005, (74, 1, 4))",either,6.0,any_pair:D5n_shared_net,228,1352,1606,96814,35,100000
new,4,"(20261005, (74, 1, 4))",either,6.0,any_pair:H_shared_total_agree,456,1124,10099,88321,191,100000
new,4,"(20261005, (74, 1, 4))",either,6.0,any_pair:Hn_shared_net_agree,205,1375,1506,96914,35,100000
new,4,"(20261005, (74, 1, 4))",either,6.0,any_pair:X_expected_excess_ge_tau,229,1351,122,98298,226,100000
new,4,"(20261005, (74, 1, 4))",either,6.0,reported_wrong:A1_anchor,1058,522,36282,62138,-1,100000
new,4,"(20261005, (74, 1, 4))",either,6.0,reported_wrong:A3_largest,1504,76,36381,62039,-1,100000
new,4,"(20261005, (74, 1, 4))",either,6.0,reported_wrong:A4_reviewed,1095,485,34681,63739,-1,100000
new,5,"(20261005, (74, 1, 5))",AP,2.0,any_pair:D0_published,6537,11886,8672,72905,5847,100000
new,5,"(20261005, (74, 1, 5))",AP,2.0,any_pair:D0a_other_over,6157,12266,7944,73633,5420,100000
new,5,"(20261005, (74, 1, 5))",AP,2.0,any_pair:D0b_anchor_under,639,17784,910,80667,639,100000
new,5,"(20261005, (74, 1, 5))",AP,2.0,any_pair:D1_plus_other_under,14957,3466,63056,18521,7002,100000
new,5,"(20261005, (74, 1, 5))",AP,2.0,any_pair:D2_net_either_view,13606,4817,59856,21721,4227,100000
new,5,"(20261005, (74, 1, 5))",AP,2.0,any_pair:D3_total_either_view,14144,4279,60990,20587,6727,100000
new,5,"(20261005, (74, 1, 5))",AP,2.0,any_pair:D4_expected_excess,4134,14289,1803,79774,3991,100000
new,5,"(20261005, (74, 1, 5))",AP,2.0,any_pair:D5_shared_total,2762,15661,7285,74292,1745,100000
new,5,"(20261005, (74, 1, 5))",AP,2.0,any_pair:D5n_shared_net,615,17808,932,80645,238,100000
new,5,"(20261005, (74, 1, 5))",AP,2.0,any_pair:H_shared_total_agree,2301,16122,6092,75485,1487,100000
new,5,"(20261005, (74, 1, 5))",AP,2.0,any_pair:Hn_shared_net_agree,402,18021,604,80973,203,100000
new,5,"(20261005, (74, 1, 5))",AP,2.0,any_pair:X_expected_excess_ge_tau,4134,14289,1803,79774,3991,100000
new,5,"(20261005, (74, 1, 5))",AP,2.0,reported_wrong:A1_anchor,7534,10889,20967,60610,-1,100000
new,5,"(20261005, (74, 1, 5))",AP,2.0,reported_wrong:A3_largest,9210,9213,20033,61544,-1,100000
new,5,"(20261005, (74, 1, 5))",AP,2.0,reported_wrong:A4_reviewed,7324,11099,20033,61544,-1,100000
new,5,"(20261005, (74, 1, 5))",AP,3.0,any_pair:D0_published,4509,4813,10700,79978,4100,100000
new,5,"(20261005, (74, 1, 5))",AP,3.0,any_pair:D0a_other_over,4238,5084,9863,80815,3791,100000
new,5,"(20261005, (74, 1, 5))",AP,3.0,any_pair:D0b_anchor_under,479,8843,1070,89608,479,100000
new,5,"(20261005, (74, 1, 5))",AP,3.0,any_pair:D1_plus_other_under,8134,1188,69879,20799,4511,100000
new,5,"(20261005, (74, 1, 5))",AP,3.0,any_pair:D2_net_either_view,7403,1919,66059,24619,2884,100000
new,5,"(20261005, (74, 1, 5))",AP,3.0,any_pair:D3_total_either_view,7643,1679,67491,23187,4250,100000
new,5,"(20261005, (74, 1, 5))",AP,3.0,any_pair:D4_expected_excess,3176,6146,2761,87917,3057,100000
new,5,"(20261005, (74, 1, 5))",AP,3.0,any_pair:D5_shared_total,1714,7608,8333,82345,999,100000
new,5,"(20261005, (74, 1, 5))",AP,3.0,any_pair:D5n_shared_net,454,8868,1093,89585,157,100000
new,5,"(20261005, (74, 1, 5))",AP,3.0,any_pair:H_shared_total_agree,1507,7815,7711,82967,865,100000
new,5,"(20261005, (74, 1, 5))",AP,3.0,any_pair:Hn_shared_net_agree,335,8987,852,89826,140,100000
new,5,"(20261005, (74, 1, 5))",AP,3.0,any_pair:X_expected_excess_ge_tau,1810,7512,824,89854,1760,100000
new,5,"(20261005, (74, 1, 5))",AP,3.0,reported_wrong:A1_anchor,4308,5014,24193,66485,-1,100000
new,5,"(20261005, (74, 1, 5))",AP,3.0,reported_wrong:A3_largest,5992,3330,23251,67427,-1,100000
new,5,"(20261005, (74, 1, 5))",AP,3.0,reported_wrong:A4_reviewed,4106,5216,23251,67427,-1,100000
new,5,"(20261005, (74, 1, 5))",AP,4.0,any_pair:D0_published,2867,1781,12342,83010,2661,100000
new,5,"(20261005, (74, 1, 5))",AP,4.0,any_pair:D0a_other_over,2693,1955,11408,83944,2459,100000
new,5,"(20261005, (74, 1, 5))",AP,4.0,any_pair:D0b_anchor_under,348,4300,1201,94151,348,100000
new,5,"(20261005, (74, 1, 5))",AP,4.0,any_pair:D1_plus_other_under,4298,350,73715,21637,2831,100000
new,5,"(20261005, (74, 1, 5))",AP,4.0,any_pair:D2_net_either_view,3978,670,69484,25868,1997,100000
new,5,"(20261005, (74, 1, 5))",AP,4.0,any_pair:D3_total_either_view,4064,584,71070,24282,2643,100000
new,5,"(20261005, (74, 1, 5))",AP,4.0,any_pair:D4_expected_excess,2229,2419,3708,91644,2138,100000
new,5,"(20261005, (74, 1, 5))",AP,4.0,any_pair:D5_shared_total,1008,3640,9039,86313,559,100000
new,5,"(20261005, (74, 1, 5))",AP,4.0,any_pair:D5n_shared_net,328,4320,1219,94133,85,100000
new,5,"(20261005, (74, 1, 5))",AP,4.0,any_pair:H_shared_total_agree,910,3738,8723,86629,498,100000
new,5,"(20261005, (74, 1, 5))",AP,4.0,any_pair:Hn_shared_net_agree,260,4388,1046,94306,78,100000
new,5,"(20261005, (74, 1, 5))",AP,4.0,any_pair:X_expected_excess_ge_tau,853,3795,394,94958,832,100000
new,5,"(20261005, (74, 1, 5))",AP,4.0,reported_wrong:A1_anchor,2354,2294,26147,69205,-1,100000
new,5,"(20261005, (74, 1, 5))",AP,4.0,reported_wrong:A3_largest,3554,1094,25689,69663,-1,100000
new,5,"(20261005, (74, 1, 5))",AP,4.0,reported_wrong:A4_reviewed,2320,2328,25037,70315,-1,100000
new,5,"(20261005, (74, 1, 5))",AP,5.0,any_pair:D0_published,1723,636,13486,84155,1631,100000
new,5,"(20261005, (74, 1, 5))",AP,5.0,any_pair:D0a_other_over,1623,736,12478,85163,1509,100000
new,5,"(20261005, (74, 1, 5))",AP,5.0,any_pair:D0b_anchor_under,238,2121,1311,96330,238,100000
new,5,"(20261005, (74, 1, 5))",AP,5.0,any_pair:D1_plus_other_under,2262,97,75751,21890,1692,100000
new,5,"(20261005, (74, 1, 5))",AP,5.0,any_pair:D2_net_either_view,2140,219,71322,26319,1310,100000
new,5,"(20261005, (74, 1, 5))",AP,5.0,any_pair:D3_total_either_view,2179,180,72955,24686,1613,100000
new,5,"(20261005, (74, 1, 5))",AP,5.0,any_pair:D4_expected_excess,1458,901,4479,93162,1394,100000
new,5,"(20261005, (74, 1, 5))",AP,5.0,any_pair:D5_shared_total,582,1777,9465,88176,320,100000
new,5,"(20261005, (74, 1, 5))",AP,5.0,any_pair:D5n_shared_net,219,2140,1328,96313,50,100000
new,5,"(20261005, (74, 1, 5))",AP,5.0,any_pair:H_shared_total_agree,528,1831,9308,88333,279,100000
new,5,"(20261005, (74, 1, 5))",AP,5.0,any_pair:Hn_shared_net_agree,184,2175,1217,96424,47,100000
new,5,"(20261005, (74, 1, 5))",AP,5.0,any_pair:X_expected_excess_ge_tau,416,1943,210,97431,411,100000
new,5,"(20261005, (74, 1, 5))",AP,5.0,reported_wrong:A1_anchor,1247,1112,27254,70387,-1,100000
new,5,"(20261005, (74, 1, 5))",AP,5.0,reported_wrong:A3_largest,2044,315,27199,70442,-1,100000
new,5,"(20261005, (74, 1, 5))",AP,5.0,reported_wrong:A4_reviewed,1298,1061,26059,71582,-1,100000
new,5,"(20261005, (74, 1, 5))",AP,6.0,any_pair:D0_published,1026,263,14183,84528,983,100000
new,5,"(20261005, (74, 1, 5))",AP,6.0,any_pair:D0a_other_over,968,321,13133,85578,909,100000
new,5,"(20261005, (74, 1, 5))",AP,6.0,any_pair:D0b_anchor_under,157,1132,1392,97319,157,100000
new,5,"(20261005, (74, 1, 5))",AP,6.0,any_pair:D1_plus_other_under,1261,28,76752,21959,1005,100000
new,5,"(20261005, (74, 1, 5))",AP,6.0,any_pair:D2_net_either_view,1209,80,72253,26458,818,100000
new,5,"(20261005, (74, 1, 5))",AP,6.0,any_pair:D3_total_either_view,1221,68,73913,24798,972,100000
new,5,"(20261005, (74, 1, 5))",AP,6.0,any_pair:D4_expected_excess,899,390,5038,93673,866,100000
new,5,"(20261005, (74, 1, 5))",AP,6.0,any_pair:D5_shared_total,341,948,9706,89005,183,100000
new,5,"(20261005, (74, 1, 5))",AP,6.0,any_pair:D5n_shared_net,149,1140,1398,97313,32,100000
new,5,"(20261005, (74, 1, 5))",AP,6.0,any_pair:H_shared_total_agree,313,976,9610,89101,160,100000
new,5,"(20261005, (74, 1, 5))",AP,6.0,any_pair:Hn_shared_net_agree,130,1159,1323,97388,31,100000
new,5,"(20261005, (74, 1, 5))",AP,6.0,any_pair:X_expected_excess_ge_tau,209,1080,112,98599,208,100000
new,5,"(20261005, (74, 1, 5))",AP,6.0,reported_wrong:A1_anchor,721,568,27780,70931,-1,100000
new,5,"(20261005, (74, 1, 5))",AP,6.0,reported_wrong:A3_largest,1185,104,28058,70653,-1,100000
new,5,"(20261005, (74, 1, 5))",AP,6.0,reported_wrong:A4_reviewed,739,550,26618,72093,-1,100000
new,5,"(20261005, (74, 1, 5))",SL,2.0,any_pair:D0_published,2581,9081,3495,84843,2314,100000
new,5,"(20261005, (74, 1, 5))",SL,2.0,any_pair:D0a_other_over,2520,9142,3374,84964,2247,100000
new,5,"(20261005, (74, 1, 5))",SL,2.0,any_pair:D0b_anchor_under,107,11555,154,88184,107,100000
new,5,"(20261005, (74, 1, 5))",SL,2.0,any_pair:D1_plus_other_under,7188,4474,45056,43282,2656,100000
new,5,"(20261005, (74, 1, 5))",SL,2.0,any_pair:D2_net_either_view,6270,5392,41722,46616,1394,100000
new,5,"(20261005, (74, 1, 5))",SL,2.0,any_pair:D3_total_either_view,6651,5011,43138,45200,2387,100000
new,5,"(20261005, (74, 1, 5))",SL,2.0,any_pair:D4_expected_excess,1665,9997,782,87556,1623,100000
new,5,"(20261005, (74, 1, 5))",SL,2.0,any_pair:D5_shared_total,644,11018,2080,86258,392,100000
new,5,"(20261005, (74, 1, 5))",SL,2.0,any_pair:D5n_shared_net,107,11555,160,88178,33,100000
new,5,"(20261005, (74, 1, 5))",SL,2.0,any_pair:H_shared_total_agree,561,11101,1858,86480,349,100000
new,5,"(20261005, (74, 1, 5))",SL,2.0,any_pair:Hn_shared_net_agree,68,11594,113,88225,21,100000
new,5,"(20261005, (74, 1, 5))",SL,2.0,any_pair:X_expected_excess_ge_tau,1665,9997,782,87556,1623,100000
new,5,"(20261005, (74, 1, 5))",SL,2.0,reported_wrong:A1_anchor,3481,8181,13436,74902,-1,100000
new,5,"(20261005, (74, 1, 5))",SL,2.0,reported_wrong:A3_largest,4929,6733,13529,74809,-1,100000
new,5,"(20261005, (74, 1, 5))",SL,2.0,reported_wrong:A4_reviewed,3825,7837,13529,74809,-1,100000
new,5,"(20261005, (74, 1, 5))",SL,3.0,any_pair:D0_published,1606,2539,4470,91385,1452,100000
new,5,"(20261005, (74, 1, 5))",SL,3.0,any_pair:D0a_other_over,1566,2579,4328,91527,1408,100000
new,5,"(20261005, (74, 1, 5))",SL,3.0,any_pair:D0b_anchor_under,76,4069,185,95670,76,100000
new,5,"(20261005, (74, 1, 5))",SL,3.0,any_pair:D1_plus_other_under,3098,1047,49146,46709,1552,100000
new,5,"(20261005, (74, 1, 5))",SL,3.0,any_pair:D2_net_either_view,2702,1443,45290,50565,909,100000
new,5,"(20261005, (74, 1, 5))",SL,3.0,any_pair:D3_total_either_view,2879,1266,46910,48945,1394,100000
new,5,"(20261005, (74, 1, 5))",SL,3.0,any_pair:D4_expected_excess,1175,2970,1272,94583,1137,100000
new,5,"(20261005, (74, 1, 5))",SL,3.0,any_pair:D5_shared_total,336,3809,2388,93467,181,100000
new,5,"(20261005, (74, 1, 5))",SL,3.0,any_pair:D5n_shared_net,77,4068,190,95665,18,100000
new,5,"(20261005, (74, 1, 5))",SL,3.0,any_pair:H_shared_total_agree,308,3837,2292,93563,165,100000
new,5,"(20261005, (74, 1, 5))",SL,3.0,any_pair:Hn_shared_net_agree,64,4081,155,95700,17,100000
new,5,"(20261005, (74, 1, 5))",SL,3.0,any_pair:X_expected_excess_ge_tau,569,3576,300,95555,556,100000
new,5,"(20261005, (74, 1, 5))",SL,3.0,reported_wrong:A1_anchor,1533,2612,15384,80471,-1,100000
new,5,"(20261005, (74, 1, 5))",SL,3.0,reported_wrong:A3_largest,2592,1553,15866,79989,-1,100000
new,5,"(20261005, (74, 1, 5))",SL,3.0,reported_wrong:A4_reviewed,1488,2657,15866,79989,-1,100000
new,5,"(20261005, (74, 1, 5))",SL,4.0,any_pair:D0_published,862,667,5214,93257,807,100000
new,5,"(20261005, (74, 1, 5))",SL,4.0,any_pair:D0a_other_over,843,686,5051,93420,782,100000
new,5,"(20261005, (74, 1, 5))",SL,4.0,any_pair:D0b_anchor_under,49,1480,212,98259,49,100000
new,5,"(20261005, (74, 1, 5))",SL,4.0,any_pair:D1_plus_other_under,1292,237,50952,47519,842,100000
new,5,"(20261005, (74, 1, 5))",SL,4.0,any_pair:D2_net_either_view,1159,370,46833,51638,577,100000
new,5,"(20261005, (74, 1, 5))",SL,4.0,any_pair:D3_total_either_view,1225,304,48564,49907,772,100000
new,5,"(20261005, (74, 1, 5))",SL,4.0,any_pair:D4_expected_excess,715,814,1732,96739,697,100000
new,5,"(20261005, (74, 1, 5))",SL,4.0,any_pair:D5_shared_total,165,1364,2559,95912,79,100000
new,5,"(20261005, (74, 1, 5))",SL,4.0,any_pair:D5n_shared_net,49,1480,218,98253,10,100000
new,5,"(20261005, (74, 1, 5))",SL,4.0,any_pair:H_shared_total_agree,152,1377,2515,95956,70,100000
new,5,"(20261005, (74, 1, 5))",SL,4.0,any_pair:Hn_shared_net_agree,42,1487,197,98274,9,100000
new,5,"(20261005, (74, 1, 5))",SL,4.0,any_pair:X_expected_excess_ge_tau,218,1311,126,98345,215,100000
new,5,"(20261005, (74, 1, 5))",SL,4.0,reported_wrong:A1_anchor,631,898,16286,82185,-1,100000
new,5,"(20261005, (74, 1, 5))",SL,4.0,reported_wrong:A3_largest,1224,305,17234,81237,-1,100000
new,5,"(20261005, (74, 1, 5))",SL,4.0,reported_wrong:A4_reviewed,641,888,16713,81758,-1,100000
new,5,"(20261005, (74, 1, 5))",SL,5.0,any_pair:D0_published,492,183,5584,93741,473,100000
new,5,"(20261005, (74, 1, 5))",SL,5.0,any_pair:D0a_other_over,479,196,5415,93910,454,100000
new,5,"(20261005, (74, 1, 5))",SL,5.0,any_pair:D0b_anchor_under,38,637,223,99102,38,100000
new,5,"(20261005, (74, 1, 5))",SL,5.0,any_pair:D1_plus_other_under,622,53,51622,47703,485,100000
new,5,"(20261005, (74, 1, 5))",SL,5.0,any_pair:D2_net_either_view,578,97,47414,51911,371,100000
new,5,"(20261005, (74, 1, 5))",SL,5.0,any_pair:D3_total_either_view,599,76,49190,50135,434,100000
new,5,"(20261005, (74, 1, 5))",SL,5.0,any_pair:D4_expected_excess,434,241,2013,97312,427,100000
new,5,"(20261005, (74, 1, 5))",SL,5.0,any_pair:D5_shared_total,83,592,2641,96684,36,100000
new,5,"(20261005, (74, 1, 5))",SL,5.0,any_pair:D5n_shared_net,37,638,230,99095,6,100000
new,5,"(20261005, (74, 1, 5))",SL,5.0,any_pair:H_shared_total_agree,79,596,2620,96705,32,100000
new,5,"(20261005, (74, 1, 5))",SL,5.0,any_pair:Hn_shared_net_agree,34,641,216,99109,5,100000
new,5,"(20261005, (74, 1, 5))",SL,5.0,any_pair:X_expected_excess_ge_tau,105,570,51,99274,103,100000
new,5,"(20261005, (74, 1, 5))",SL,5.0,reported_wrong:A1_anchor,283,392,16634,82691,-1,100000
new,5,"(20261005, (74, 1, 5))",SL,5.0,reported_wrong:A3_largest,610,65,17848,81477,-1,100000
new,5,"(20261005, (74, 1, 5))",SL,5.0,reported_wrong:A4_reviewed,322,353,17032,82293,-1,100000
new,5,"(20261005, (74, 1, 5))",SL,6.0,any_pair:D0_published,256,53,5820,93871,251,100000
new,5,"(20261005, (74, 1, 5))",SL,6.0,any_pair:D0a_other_over,251,58,5643,94048,242,100000
new,5,"(20261005, (74, 1, 5))",SL,6.0,any_pair:D0b_anchor_under,21,288,240,99451,21,100000
new,5,"(20261005, (74, 1, 5))",SL,6.0,any_pair:D1_plus_other_under,292,17,51952,47739,255,100000
new,5,"(20261005, (74, 1, 5))",SL,6.0,any_pair:D2_net_either_view,277,32,47715,51976,208,100000
new,5,"(20261005, (74, 1, 5))",SL,6.0,any_pair:D3_total_either_view,288,21,49501,50190,237,100000
new,5,"(20261005, (74, 1, 5))",SL,6.0,any_pair:D4_expected_excess,234,75,2213,97478,230,100000
new,5,"(20261005, (74, 1, 5))",SL,6.0,any_pair:D5_shared_total,43,266,2681,97010,22,100000
new,5,"(20261005, (74, 1, 5))",SL,6.0,any_pair:D5n_shared_net,19,290,248,99443,2,100000
new,5,"(20261005, (74, 1, 5))",SL,6.0,any_pair:H_shared_total_agree,40,269,2676,97015,22,100000
new,5,"(20261005, (74, 1, 5))",SL,6.0,any_pair:Hn_shared_net_agree,17,292,242,99449,2,100000
new,5,"(20261005, (74, 1, 5))",SL,6.0,any_pair:X_expected_excess_ge_tau,43,266,21,99670,43,100000
new,5,"(20261005, (74, 1, 5))",SL,6.0,reported_wrong:A1_anchor,124,185,16793,82898,-1,100000
new,5,"(20261005, (74, 1, 5))",SL,6.0,reported_wrong:A3_largest,300,9,18158,81533,-1,100000
new,5,"(20261005, (74, 1, 5))",SL,6.0,reported_wrong:A4_reviewed,148,161,17206,82485,-1,100000
new,5,"(20261005, (74, 1, 5))",either,2.0,any_pair:D0_published,10182,17352,9457,63009,7911,100000
new,5,"(20261005, (74, 1, 5))",either,2.0,any_pair:D0a_other_over,9740,17794,8903,63563,7461,100000
new,5,"(20261005, (74, 1, 5))",either,2.0,any_pair:D0b_anchor_under,967,26567,800,71666,737,100000
new,5,"(20261005, (74, 1, 5))",either,2.0,any_pair:D1_plus_other_under,24566,2968,60006,12460,9267,100000
new,5,"(20261005, (74, 1, 5))",either,2.0,any_pair:D2_net_either_view,23494,4040,57777,14689,5451,100000
new,5,"(20261005, (74, 1, 5))",either,2.0,any_pair:D3_total_either_view,23720,3814,58347,14119,8706,100000
new,5,"(20261005, (74, 1, 5))",either,2.0,any_pair:D4_expected_excess,6036,21498,2102,70364,5494,100000
new,5,"(20261005, (74, 1, 5))",either,2.0,any_pair:D5_shared_total,4115,23419,6465,66001,2058,100000
new,5,"(20261005, (74, 1, 5))",either,2.0,any_pair:D5n_shared_net,951,26583,821,71645,271,100000
new,5,"(20261005, (74, 1, 5))",either,2.0,any_pair:H_shared_total_agree,3536,23998,5645,66821,1783,100000
new,5,"(20261005, (74, 1, 5))",either,2.0,any_pair:Hn_shared_net_agree,629,26905,546,71920,224,100000
new,5,"(20261005, (74, 1, 5))",either,2.0,any_pair:X_expected_excess_ge_tau,6036,21498,2102,70364,5494,100000
new,5,"(20261005, (74, 1, 5))",either,2.0,reported_wrong:A1_anchor,13671,13863,23859,48607,-1,100000
new,5,"(20261005, (74, 1, 5))",either,2.0,reported_wrong:A3_largest,15306,12228,22732,49734,-1,100000
new,5,"(20261005, (74, 1, 5))",either,2.0,reported_wrong:A4_reviewed,13180,14354,22732,49734,-1,100000
new,5,"(20261005, (74, 1, 5))",either,3.0,any_pair:D0_published,6647,6174,12992,74187,5432,100000
new,5,"(20261005, (74, 1, 5))",either,3.0,any_pair:D0a_other_over,6344,6477,12299,74880,5100,100000
new,5,"(20261005, (74, 1, 5))",either,3.0,any_pair:D0b_anchor_under,713,12108,1054,86125,551,100000
new,5,"(20261005, (74, 1, 5))",either,3.0,any_pair:D1_plus_other_under,12068,753,72504,14675,5901,100000
new,5,"(20261005, (74, 1, 5))",either,3.0,any_pair:D2_net_either_view,11591,1230,69680,17499,3707,100000
new,5,"(20261005, (74, 1, 5))",either,3.0,any_pair:D3_total_either_view,11657,1164,70410,16769,5469,100000
new,5,"(20261005, (74, 1, 5))",either,3.0,any_pair:D4_expected_excess,4508,8313,3630,83549,4123,100000
new,5,"(20261005, (74, 1, 5))",either,3.0,any_pair:D5_shared_total,2413,10408,8167,79012,1151,100000
new,5,"(20261005, (74, 1, 5))",either,3.0,any_pair:D5n_shared_net,684,12137,1088,86091,175,100000
new,5,"(20261005, (74, 1, 5))",either,3.0,any_pair:H_shared_total_agree,2192,10629,7705,79474,1011,100000
new,5,"(20261005, (74, 1, 5))",either,3.0,any_pair:Hn_shared_net_agree,523,12298,864,86315,157,100000
new,5,"(20261005, (74, 1, 5))",either,3.0,any_pair:X_expected_excess_ge_tau,2443,10378,1000,86179,2287,100000
new,5,"(20261005, (74, 1, 5))",either,3.0,reported_wrong:A1_anchor,7281,5540,30249,56930,-1,100000
new,5,"(20261005, (74, 1, 5))",either,3.0,reported_wrong:A3_largest,9047,3774,28991,58188,-1,100000
new,5,"(20261005, (74, 1, 5))",either,3.0,reported_wrong:A4_reviewed,6921,5900,28991,58188,-1,100000
new,5,"(20261005, (74, 1, 5))",either,4.0,any_pair:D0_published,3986,1999,15653,78362,3408,100000
new,5,"(20261005, (74, 1, 5))",either,4.0,any_pair:D0a_other_over,3804,2181,14839,79176,3189,100000
new,5,"(20261005, (74, 1, 5))",either,4.0,any_pair:D0b_anchor_under,488,5497,1279,92736,395,100000
new,5,"(20261005, (74, 1, 5))",either,4.0,any_pair:D1_plus_other_under,5818,167,78754,15261,3600,100000
new,5,"(20261005, (74, 1, 5))",either,4.0,any_pair:D2_net_either_view,5647,338,75624,18391,2534,100000
new,5,"(20261005, (74, 1, 5))",either,4.0,any_pair:D3_total_either_view,5655,330,76412,17603,3334,100000
new,5,"(20261005, (74, 1, 5))",either,4.0,any_pair:D4_expected_excess,3032,2953,5106,88909,2791,100000
new,5,"(20261005, (74, 1, 5))",either,4.0,any_pair:D5_shared_total,1353,4632,9227,84788,623,100000
new,5,"(20261005, (74, 1, 5))",either,4.0,any_pair:D5n_shared_net,466,5519,1306,92709,95,100000
new,5,"(20261005, (74, 1, 5))",either,4.0,any_pair:H_shared_total_agree,1254,4731,8991,85024,558,100000
new,5,"(20261005, (74, 1, 5))",either,4.0,any_pair:Hn_shared_net_agree,380,5605,1138,92877,87,100000
new,5,"(20261005, (74, 1, 5))",either,4.0,any_pair:X_expected_excess_ge_tau,1090,4895,480,93535,1036,100000
new,5,"(20261005, (74, 1, 5))",either,4.0,reported_wrong:A1_anchor,3705,2280,33825,60190,-1,100000
new,5,"(20261005, (74, 1, 5))",either,4.0,reported_wrong:A3_largest,4915,1070,33123,60892,-1,100000
new,5,"(20261005, (74, 1, 5))",either,4.0,reported_wrong:A4_reviewed,3629,2356,32283,61732,-1,100000
new,5,"(20261005, (74, 1, 5))",either,5.0,any_pair:D0_published,2327,650,17312,79711,2075,100000
new,5,"(20261005, (74, 1, 5))",either,5.0,any_pair:D0a_other_over,2224,753,16419,80604,1936,100000
new,5,"(20261005, (74, 1, 5))",either,5.0,any_pair:D0b_anchor_under,335,2642,1432,95591,276,100000
new,5,"(20261005, (74, 1, 5))",either,5.0,any_pair:D1_plus_other_under,2934,43,81638,15385,2145,100000
new,5,"(20261005, (74, 1, 5))",either,5.0,any_pair:D2_net_either_view,2874,103,78397,18626,1657,100000
new,5,"(20261005, (74, 1, 5))",either,5.0,any_pair:D3_total_either_view,2891,86,79176,17847,2015,100000
new,5,"(20261005, (74, 1, 5))",either,5.0,any_pair:D4_expected_excess,1932,1045,6206,90817,1794,100000
new,5,"(20261005, (74, 1, 5))",either,5.0,any_pair:D5_shared_total,763,2214,9817,87206,348,100000
new,5,"(20261005, (74, 1, 5))",either,5.0,any_pair:D5n_shared_net,310,2667,1462,95561,56,100000
new,5,"(20261005, (74, 1, 5))",either,5.0,any_pair:H_shared_total_agree,710,2267,9702,87321,306,100000
new,5,"(20261005, (74, 1, 5))",either,5.0,any_pair:Hn_shared_net_agree,271,2706,1348,95675,52,100000
new,5,"(20261005, (74, 1, 5))",either,5.0,any_pair:X_expected_excess_ge_tau,523,2454,250,96773,508,100000
new,5,"(20261005, (74, 1, 5))",either,5.0,reported_wrong:A1_anchor,1929,1048,35601,61422,-1,100000
new,5,"(20261005, (74, 1, 5))",either,5.0,reported_wrong:A3_largest,2707,270,35331,61692,-1,100000
new,5,"(20261005, (74, 1, 5))",either,5.0,reported_wrong:A4_reviewed,1989,988,33923,63100,-1,100000
new,5,"(20261005, (74, 1, 5))",either,6.0,any_pair:D0_published,1332,249,18307,80112,1222,100000
new,5,"(20261005, (74, 1, 5))",either,6.0,any_pair:D0a_other_over,1276,305,17367,81052,1139,100000
new,5,"(20261005, (74, 1, 5))",either,6.0,any_pair:D0b_anchor_under,204,1377,1563,96856,178,100000
new,5,"(20261005, (74, 1, 5))",either,6.0,any_pair:D1_plus_other_under,1573,8,82999,15420,1248,100000
new,5,"(20261005, (74, 1, 5))",either,6.0,any_pair:D2_net_either_view,1548,33,79723,18696,1015,100000
new,5,"(20261005, (74, 1, 5))",either,6.0,any_pair:D3_total_either_view,1554,27,80513,17906,1192,100000
new,5,"(20261005, (74, 1, 5))",either,6.0,any_pair:D4_expected_excess,1164,417,6974,91445,1084,100000
new,5,"(20261005, (74, 1, 5))",either,6.0,any_pair:D5_shared_total,436,1145,10144,88275,200,100000
new,5,"(20261005, (74, 1, 5))",either,6.0,any_pair:D5n_shared_net,191,1390,1581,96838,34,100000
new,5,"(20261005, (74, 1, 5))",either,6.0,any_pair:H_shared_total_agree,409,1172,10075,88344,178,100000
new,5,"(20261005, (74, 1, 5))",either,6.0,any_pair:Hn_shared_net_agree,172,1409,1505,96914,33,100000
new,5,"(20261005, (74, 1, 5))",either,6.0,any_pair:X_expected_excess_ge_tau,252,1329,130,98289,248,100000
new,5,"(20261005, (74, 1, 5))",either,6.0,reported_wrong:A1_anchor,1075,506,36455,61964,-1,100000
new,5,"(20261005, (74, 1, 5))",either,6.0,reported_wrong:A3_largest,1497,84,36541,61878,-1,100000
new,5,"(20261005, (74, 1, 5))",either,6.0,reported_wrong:A4_reviewed,1102,479,34810,63609,-1,100000
new,6,"(20261005, (74, 1, 6))",AP,2.0,any_pair:D0_published,6646,11832,8753,72769,5942,100000
new,6,"(20261005, (74, 1, 6))",AP,2.0,any_pair:D0a_other_over,6264,12214,8053,73469,5520,100000
new,6,"(20261005, (74, 1, 6))",AP,2.0,any_pair:D0b_anchor_under,638,17840,883,80639,638,100000
new,6,"(20261005, (74, 1, 6))",AP,2.0,any_pair:D1_plus_other_under,15146,3332,63055,18467,7159,100000
new,6,"(20261005, (74, 1, 6))",AP,2.0,any_pair:D2_net_either_view,13774,4704,59901,21621,4350,100000
new,6,"(20261005, (74, 1, 6))",AP,2.0,any_pair:D3_total_either_view,14223,4255,60924,20598,6849,100000
new,6,"(20261005, (74, 1, 6))",AP,2.0,any_pair:D4_expected_excess,4182,14296,1824,79698,4059,100000
new,6,"(20261005, (74, 1, 6))",AP,2.0,any_pair:D5_shared_total,2869,15609,7322,74200,1763,100000
new,6,"(20261005, (74, 1, 6))",AP,2.0,any_pair:D5n_shared_net,619,17859,895,80627,211,100000
new,6,"(20261005, (74, 1, 6))",AP,2.0,any_pair:H_shared_total_agree,2383,16095,6158,75364,1522,100000
new,6,"(20261005, (74, 1, 6))",AP,2.0,any_pair:Hn_shared_net_agree,376,18102,554,80968,177,100000
new,6,"(20261005, (74, 1, 6))",AP,2.0,any_pair:X_expected_excess_ge_tau,4182,14296,1824,79698,4059,100000
new,6,"(20261005, (74, 1, 6))",AP,2.0,reported_wrong:A1_anchor,7585,10893,20903,60619,-1,100000
new,6,"(20261005, (74, 1, 6))",AP,2.0,reported_wrong:A3_largest,9077,9401,20001,61521,-1,100000
new,6,"(20261005, (74, 1, 6))",AP,2.0,reported_wrong:A4_reviewed,7256,11222,20001,61521,-1,100000
new,6,"(20261005, (74, 1, 6))",AP,3.0,any_pair:D0_published,4495,4763,10904,79838,4098,100000
new,6,"(20261005, (74, 1, 6))",AP,3.0,any_pair:D0a_other_over,4240,5018,10077,80665,3812,100000
new,6,"(20261005, (74, 1, 6))",AP,3.0,any_pair:D0b_anchor_under,459,8799,1062,89680,459,100000
new,6,"(20261005, (74, 1, 6))",AP,3.0,any_pair:D1_plus_other_under,8111,1147,70090,20652,4542,100000
new,6,"(20261005, (74, 1, 6))",AP,3.0,any_pair:D2_net_either_view,7421,1837,66254,24488,2942,100000
new,6,"(20261005, (74, 1, 6))",AP,3.0,any_pair:D3_total_either_view,7650,1608,67497,23245,4309,100000
new,6,"(20261005, (74, 1, 6))",AP,3.0,any_pair:D4_expected_excess,3189,6069,2817,87925,3074,100000
new,6,"(20261005, (74, 1, 6))",AP,3.0,any_pair:D5_shared_total,1721,7537,8470,82272,955,100000
new,6,"(20261005, (74, 1, 6))",AP,3.0,any_pair:D5n_shared_net,440,8818,1074,89668,121,100000
new,6,"(20261005, (74, 1, 6))",AP,3.0,any_pair:H_shared_total_agree,1548,7710,7879,82863,844,100000
new,6,"(20261005, (74, 1, 6))",AP,3.0,any_pair:Hn_shared_net_agree,322,8936,798,89944,110,100000
new,6,"(20261005, (74, 1, 6))",AP,3.0,any_pair:X_expected_excess_ge_tau,1834,7424,844,89898,1785,100000
new,6,"(20261005, (74, 1, 6))",AP,3.0,reported_wrong:A1_anchor,4271,4987,24217,66525,-1,100000
new,6,"(20261005, (74, 1, 6))",AP,3.0,reported_wrong:A3_largest,5919,3339,23159,67583,-1,100000
new,6,"(20261005, (74, 1, 6))",AP,3.0,reported_wrong:A4_reviewed,4098,5160,23159,67583,-1,100000
new,6,"(20261005, (74, 1, 6))",AP,4.0,any_pair:D0_published,2867,1763,12532,82838,2671,100000
new,6,"(20261005, (74, 1, 6))",AP,4.0,any_pair:D0a_other_over,2706,1924,11611,83759,2489,100000
new,6,"(20261005, (74, 1, 6))",AP,4.0,any_pair:D0b_anchor_under,325,4305,1196,94174,325,100000
new,6,"(20261005, (74, 1, 6))",AP,4.0,any_pair:D1_plus_other_under,4287,343,73914,21456,2842,100000
new,6,"(20261005, (74, 1, 6))",AP,4.0,any_pair:D2_net_either_view,3989,641,69686,25684,2029,100000
new,6,"(20261005, (74, 1, 6))",AP,4.0,any_pair:D3_total_either_view,4063,567,71084,24286,2660,100000
new,6,"(20261005, (74, 1, 6))",AP,4.0,any_pair:D4_expected_excess,2220,2410,3786,91584,2150,100000
new,6,"(20261005, (74, 1, 6))",AP,4.0,any_pair:D5_shared_total,991,3639,9200,86170,511,100000
new,6,"(20261005, (74, 1, 6))",AP,4.0,any_pair:D5n_shared_net,308,4322,1206,94164,73,100000
new,6,"(20261005, (74, 1, 6))",AP,4.0,any_pair:H_shared_total_agree,915,3715,8886,86484,452,100000
new,6,"(20261005, (74, 1, 6))",AP,4.0,any_pair:Hn_shared_net_agree,257,4373,1004,94366,69,100000
new,6,"(20261005, (74, 1, 6))",AP,4.0,any_pair:X_expected_excess_ge_tau,822,3808,398,94972,806,100000
new,6,"(20261005, (74, 1, 6))",AP,4.0,reported_wrong:A1_anchor,2290,2340,26198,69172,-1,100000
new,6,"(20261005, (74, 1, 6))",AP,4.0,reported_wrong:A3_largest,3575,1055,25503,69867,-1,100000
new,6,"(20261005, (74, 1, 6))",AP,4.0,reported_wrong:A4_reviewed,2347,2283,24910,70460,-1,100000
new,6,"(20261005, (74, 1, 6))",AP,5.0,any_pair:D0_published,1731,621,13668,83980,1639,100000
new,6,"(20261005, (74, 1, 6))",AP,5.0,any_pair:D0a_other_over,1635,717,12682,84966,1530,100000
new,6,"(20261005, (74, 1, 6))",AP,5.0,any_pair:D0b_anchor_under,220,2132,1301,96347,220,100000
new,6,"(20261005, (74, 1, 6))",AP,5.0,any_pair:D1_plus_other_under,2253,99,75948,21700,1697,100000
new,6,"(20261005, (74, 1, 6))",AP,5.0,any_pair:D2_net_either_view,2134,218,71541,26107,1316,100000
new,6,"(20261005, (74, 1, 6))",AP,5.0,any_pair:D3_total_either_view,2174,178,72973,24675,1630,100000
new,6,"(20261005, (74, 1, 6))",AP,5.0,any_pair:D4_expected_excess,1443,909,4563,93085,1404,100000
new,6,"(20261005, (74, 1, 6))",AP,5.0,any_pair:D5_shared_total,585,1767,9606,88042,283,100000
new,6,"(20261005, (74, 1, 6))",AP,5.0,any_pair:D5n_shared_net,209,2143,1305,96343,40,100000
new,6,"(20261005, (74, 1, 6))",AP,5.0,any_pair:H_shared_total_agree,544,1808,9436,88212,251,100000
new,6,"(20261005, (74, 1, 6))",AP,5.0,any_pair:Hn_shared_net_agree,187,2165,1153,96495,39,100000
new,6,"(20261005, (74, 1, 6))",AP,5.0,any_pair:X_expected_excess_ge_tau,368,1984,198,97450,358,100000
new,6,"(20261005, (74, 1, 6))",AP,5.0,reported_wrong:A1_anchor,1209,1143,27279,70369,-1,100000
new,6,"(20261005, (74, 1, 6))",AP,5.0,reported_wrong:A3_largest,2030,322,27048,70600,-1,100000
new,6,"(20261005, (74, 1, 6))",AP,5.0,reported_wrong:A4_reviewed,1291,1061,25966,71682,-1,100000
new,6,"(20261005, (74, 1, 6))",AP,6.0,any_pair:D0_published,1025,241,14374,84360,990,100000
new,6,"(20261005, (74, 1, 6))",AP,6.0,any_pair:D0a_other_over,969,297,13348,85386,925,100000
new,6,"(20261005, (74, 1, 6))",AP,6.0,any_pair:D0b_anchor_under,153,1113,1368,97366,153,100000
new,6,"(20261005, (74, 1, 6))",AP,6.0,any_pair:D1_plus_other_under,1234,32,76967,21767,1007,100000
new,6,"(20261005, (74, 1, 6))",AP,6.0,any_pair:D2_net_either_view,1190,76,72485,26249,829,100000
new,6,"(20261005, (74, 1, 6))",AP,6.0,any_pair:D3_total_either_view,1204,62,73943,24791,981,100000
new,6,"(20261005, (74, 1, 6))",AP,6.0,any_pair:D4_expected_excess,897,369,5109,93625,875,100000
new,6,"(20261005, (74, 1, 6))",AP,6.0,any_pair:D5_shared_total,355,911,9836,88898,172,100000
new,6,"(20261005, (74, 1, 6))",AP,6.0,any_pair:D5n_shared_net,145,1121,1369,97365,32,100000
new,6,"(20261005, (74, 1, 6))",AP,6.0,any_pair:H_shared_total_agree,336,930,9738,88996,155,100000
new,6,"(20261005, (74, 1, 6))",AP,6.0,any_pair:Hn_shared_net_agree,135,1131,1275,97459,32,100000
new,6,"(20261005, (74, 1, 6))",AP,6.0,any_pair:X_expected_excess_ge_tau,206,1060,94,98640,202,100000
new,6,"(20261005, (74, 1, 6))",AP,6.0,reported_wrong:A1_anchor,685,581,27803,70931,-1,100000
new,6,"(20261005, (74, 1, 6))",AP,6.0,reported_wrong:A3_largest,1158,108,27920,70814,-1,100000
new,6,"(20261005, (74, 1, 6))",AP,6.0,reported_wrong:A4_reviewed,762,504,26495,72239,-1,100000
new,6,"(20261005, (74, 1, 6))",SL,2.0,any_pair:D0_published,2573,9112,3621,84694,2325,100000
new,6,"(20261005, (74, 1, 6))",SL,2.0,any_pair:D0a_other_over,2519,9166,3509,84806,2266,100000
new,6,"(20261005, (74, 1, 6))",SL,2.0,any_pair:D0b_anchor_under,85,11600,137,88178,85,100000
new,6,"(20261005, (74, 1, 6))",SL,2.0,any_pair:D1_plus_other_under,7125,4560,45030,43285,2693,100000
new,6,"(20261005, (74, 1, 6))",SL,2.0,any_pair:D2_net_either_view,6228,5457,41783,46532,1369,100000
new,6,"(20261005, (74, 1, 6))",SL,2.0,any_pair:D3_total_either_view,6519,5166,43381,44934,2312,100000
new,6,"(20261005, (74, 1, 6))",SL,2.0,any_pair:D4_expected_excess,1670,10015,788,87527,1622,100000
new,6,"(20261005, (74, 1, 6))",SL,2.0,any_pair:D5_shared_total,632,11053,2163,86152,374,100000
new,6,"(20261005, (74, 1, 6))",SL,2.0,any_pair:D5n_shared_net,82,11603,139,88176,34,100000
new,6,"(20261005, (74, 1, 6))",SL,2.0,any_pair:H_shared_total_agree,541,11144,1931,86384,333,100000
new,6,"(20261005, (74, 1, 6))",SL,2.0,any_pair:Hn_shared_net_agree,57,11628,92,88223,31,100000
new,6,"(20261005, (74, 1, 6))",SL,2.0,any_pair:X_expected_excess_ge_tau,1670,10015,788,87527,1622,100000
new,6,"(20261005, (74, 1, 6))",SL,2.0,reported_wrong:A1_anchor,3431,8254,13464,74851,-1,100000
new,6,"(20261005, (74, 1, 6))",SL,2.0,reported_wrong:A3_largest,5098,6587,13775,74540,-1,100000
new,6,"(20261005, (74, 1, 6))",SL,2.0,reported_wrong:A4_reviewed,3944,7741,13775,74540,-1,100000
new,6,"(20261005, (74, 1, 6))",SL,3.0,any_pair:D0_published,1627,2572,4567,91234,1500,100000
new,6,"(20261005, (74, 1, 6))",SL,3.0,any_pair:D0a_other_over,1589,2610,4439,91362,1457,100000
new,6,"(20261005, (74, 1, 6))",SL,3.0,any_pair:D0b_anchor_under,65,4134,157,95644,65,100000
new,6,"(20261005, (74, 1, 6))",SL,3.0,any_pair:D1_plus_other_under,3152,1047,49003,46798,1611,100000
new,6,"(20261005, (74, 1, 6))",SL,3.0,any_pair:D2_net_either_view,2746,1453,45265,50536,927,100000
new,6,"(20261005, (74, 1, 6))",SL,3.0,any_pair:D3_total_either_view,2870,1329,47030,48771,1390,100000
new,6,"(20261005, (74, 1, 6))",SL,3.0,any_pair:D4_expected_excess,1195,3004,1263,94538,1157,100000
new,6,"(20261005, (74, 1, 6))",SL,3.0,any_pair:D5_shared_total,348,3851,2447,93354,183,100000
new,6,"(20261005, (74, 1, 6))",SL,3.0,any_pair:D5n_shared_net,59,4140,162,95639,18,100000
new,6,"(20261005, (74, 1, 6))",SL,3.0,any_pair:H_shared_total_agree,319,3880,2347,93454,164,100000
new,6,"(20261005, (74, 1, 6))",SL,3.0,any_pair:Hn_shared_net_agree,47,4152,124,95677,17,100000
new,6,"(20261005, (74, 1, 6))",SL,3.0,any_pair:X_expected_excess_ge_tau,533,3666,252,95549,524,100000
new,6,"(20261005, (74, 1, 6))",SL,3.0,reported_wrong:A1_anchor,1545,2654,15350,80451,-1,100000
new,6,"(20261005, (74, 1, 6))",SL,3.0,reported_wrong:A3_largest,2675,1524,16198,79603,-1,100000
new,6,"(20261005, (74, 1, 6))",SL,3.0,reported_wrong:A4_reviewed,1521,2678,16198,79603,-1,100000
new,6,"(20261005, (74, 1, 6))",SL,4.0,any_pair:D0_published,882,669,5312,93137,819,100000
new,6,"(20261005, (74, 1, 6))",SL,4.0,any_pair:D0a_other_over,856,695,5172,93277,789,100000
new,6,"(20261005, (74, 1, 6))",SL,4.0,any_pair:D0b_anchor_under,45,1506,177,98272,45,100000
new,6,"(20261005, (74, 1, 6))",SL,4.0,any_pair:D1_plus_other_under,1344,207,50811,47638,855,100000
new,6,"(20261005, (74, 1, 6))",SL,4.0,any_pair:D2_net_either_view,1202,349,46809,51640,564,100000
new,6,"(20261005, (74, 1, 6))",SL,4.0,any_pair:D3_total_either_view,1232,319,48668,49781,749,100000
new,6,"(20261005, (74, 1, 6))",SL,4.0,any_pair:D4_expected_excess,716,835,1742,96707,690,100000
new,6,"(20261005, (74, 1, 6))",SL,4.0,any_pair:D5_shared_total,184,1367,2611,95838,95,100000
new,6,"(20261005, (74, 1, 6))",SL,4.0,any_pair:D5n_shared_net,42,1509,179,98270,14,100000
new,6,"(20261005, (74, 1, 6))",SL,4.0,any_pair:H_shared_total_agree,170,1381,2571,95878,84,100000
new,6,"(20261005, (74, 1, 6))",SL,4.0,any_pair:Hn_shared_net_agree,36,1515,157,98292,13,100000
new,6,"(20261005, (74, 1, 6))",SL,4.0,any_pair:X_expected_excess_ge_tau,178,1373,118,98331,177,100000
new,6,"(20261005, (74, 1, 6))",SL,4.0,reported_wrong:A1_anchor,660,891,16235,82214,-1,100000
new,6,"(20261005, (74, 1, 6))",SL,4.0,reported_wrong:A3_largest,1260,291,17613,80836,-1,100000
new,6,"(20261005, (74, 1, 6))",SL,4.0,reported_wrong:A4_reviewed,691,860,17028,81421,-1,100000
new,6,"(20261005, (74, 1, 6))",SL,5.0,any_pair:D0_published,435,203,5759,93603,411,100000
new,6,"(20261005, (74, 1, 6))",SL,5.0,any_pair:D0a_other_over,420,218,5608,93754,394,100000
new,6,"(20261005, (74, 1, 6))",SL,5.0,any_pair:D0b_anchor_under,28,610,194,99168,28,100000
new,6,"(20261005, (74, 1, 6))",SL,5.0,any_pair:D1_plus_other_under,600,38,51555,47807,426,100000
new,6,"(20261005, (74, 1, 6))",SL,5.0,any_pair:D2_net_either_view,559,79,47452,51910,316,100000
new,6,"(20261005, (74, 1, 6))",SL,5.0,any_pair:D3_total_either_view,568,70,49332,50030,398,100000
new,6,"(20261005, (74, 1, 6))",SL,5.0,any_pair:D4_expected_excess,379,259,2079,97283,368,100000
new,6,"(20261005, (74, 1, 6))",SL,5.0,any_pair:D5_shared_total,102,536,2693,96669,49,100000
new,6,"(20261005, (74, 1, 6))",SL,5.0,any_pair:D5n_shared_net,27,611,194,99168,12,100000
new,6,"(20261005, (74, 1, 6))",SL,5.0,any_pair:H_shared_total_agree,96,542,2669,96693,44,100000
new,6,"(20261005, (74, 1, 6))",SL,5.0,any_pair:Hn_shared_net_agree,24,614,174,99188,11,100000
new,6,"(20261005, (74, 1, 6))",SL,5.0,any_pair:X_expected_excess_ge_tau,69,569,45,99317,69,100000
new,6,"(20261005, (74, 1, 6))",SL,5.0,reported_wrong:A1_anchor,302,336,16593,82769,-1,100000
new,6,"(20261005, (74, 1, 6))",SL,5.0,reported_wrong:A3_largest,581,57,18292,81070,-1,100000
new,6,"(20261005, (74, 1, 6))",SL,5.0,reported_wrong:A4_reviewed,322,316,17397,81965,-1,100000
new,6,"(20261005, (74, 1, 6))",SL,6.0,any_pair:D0_published,212,61,5982,93745,205,100000
new,6,"(20261005, (74, 1, 6))",SL,6.0,any_pair:D0a_other_over,208,65,5820,93907,199,100000
new,6,"(20261005, (74, 1, 6))",SL,6.0,any_pair:D0b_anchor_under,13,260,209,99518,13,100000
new,6,"(20261005, (74, 1, 6))",SL,6.0,any_pair:D1_plus_other_under,270,3,51885,47842,210,100000
new,6,"(20261005, (74, 1, 6))",SL,6.0,any_pair:D2_net_either_view,257,16,47754,51973,168,100000
new,6,"(20261005, (74, 1, 6))",SL,6.0,any_pair:D3_total_either_view,261,12,49639,50088,194,100000
new,6,"(20261005, (74, 1, 6))",SL,6.0,any_pair:D4_expected_excess,188,85,2270,97457,185,100000
new,6,"(20261005, (74, 1, 6))",SL,6.0,any_pair:D5_shared_total,44,229,2751,96976,18,100000
new,6,"(20261005, (74, 1, 6))",SL,6.0,any_pair:D5n_shared_net,13,260,208,99519,6,100000
new,6,"(20261005, (74, 1, 6))",SL,6.0,any_pair:H_shared_total_agree,42,231,2740,96987,16,100000
new,6,"(20261005, (74, 1, 6))",SL,6.0,any_pair:Hn_shared_net_agree,12,261,194,99533,6,100000
new,6,"(20261005, (74, 1, 6))",SL,6.0,any_pair:X_expected_excess_ge_tau,28,245,15,99712,28,100000
new,6,"(20261005, (74, 1, 6))",SL,6.0,reported_wrong:A1_anchor,142,131,16753,82974,-1,100000
new,6,"(20261005, (74, 1, 6))",SL,6.0,reported_wrong:A3_largest,255,18,18618,81109,-1,100000
new,6,"(20261005, (74, 1, 6))",SL,6.0,reported_wrong:A4_reviewed,139,134,17580,82147,-1,100000
new,6,"(20261005, (74, 1, 6))",either,2.0,any_pair:D0_published,10329,17271,9561,62839,8015,100000
new,6,"(20261005, (74, 1, 6))",either,2.0,any_pair:D0a_other_over,9895,17705,9025,63375,7586,100000
new,6,"(20261005, (74, 1, 6))",either,2.0,any_pair:D0b_anchor_under,934,26666,775,71625,715,100000
new,6,"(20261005, (74, 1, 6))",either,2.0,any_pair:D1_plus_other_under,24805,2795,59967,12433,9464,100000
new,6,"(20261005, (74, 1, 6))",either,2.0,any_pair:D2_net_either_view,23725,3875,57835,14565,5565,100000
new,6,"(20261005, (74, 1, 6))",either,2.0,any_pair:D3_total_either_view,23834,3766,58438,13962,8769,100000
new,6,"(20261005, (74, 1, 6))",either,2.0,any_pair:D4_expected_excess,6131,21469,2082,70318,5570,100000
new,6,"(20261005, (74, 1, 6))",either,2.0,any_pair:D5_shared_total,4213,23387,6531,65869,2060,100000
new,6,"(20261005, (74, 1, 6))",either,2.0,any_pair:D5n_shared_net,914,26686,791,71609,242,100000
new,6,"(20261005, (74, 1, 6))",either,2.0,any_pair:H_shared_total_agree,3597,24003,5700,66700,1797,100000
new,6,"(20261005, (74, 1, 6))",either,2.0,any_pair:Hn_shared_net_agree,559,27041,504,71896,206,100000
new,6,"(20261005, (74, 1, 6))",either,2.0,any_pair:X_expected_excess_ge_tau,6131,21469,2082,70318,5570,100000
new,6,"(20261005, (74, 1, 6))",either,2.0,reported_wrong:A1_anchor,13666,13934,23731,48669,-1,100000
new,6,"(20261005, (74, 1, 6))",either,2.0,reported_wrong:A3_largest,15410,12190,22690,49710,-1,100000
new,6,"(20261005, (74, 1, 6))",either,2.0,reported_wrong:A4_reviewed,13309,14291,22690,49710,-1,100000
new,6,"(20261005, (74, 1, 6))",either,3.0,any_pair:D0_published,6719,6112,13171,73998,5479,100000
new,6,"(20261005, (74, 1, 6))",either,3.0,any_pair:D0a_other_over,6442,6389,12478,74691,5173,100000
new,6,"(20261005, (74, 1, 6))",either,3.0,any_pair:D0b_anchor_under,668,12163,1041,86128,519,100000
new,6,"(20261005, (74, 1, 6))",either,3.0,any_pair:D1_plus_other_under,12108,723,72664,14505,5986,100000
new,6,"(20261005, (74, 1, 6))",either,3.0,any_pair:D2_net_either_view,11668,1163,69892,17277,3798,100000
new,6,"(20261005, (74, 1, 6))",either,3.0,any_pair:D3_total_either_view,11711,1120,70561,16608,5534,100000
new,6,"(20261005, (74, 1, 6))",either,3.0,any_pair:D4_expected_excess,4562,8269,3651,83518,4174,100000
new,6,"(20261005, (74, 1, 6))",either,3.0,any_pair:D5_shared_total,2450,10381,8294,78875,1114,100000
new,6,"(20261005, (74, 1, 6))",either,3.0,any_pair:D5n_shared_net,650,12181,1055,86114,138,100000
new,6,"(20261005, (74, 1, 6))",either,3.0,any_pair:H_shared_total_agree,2249,10582,7836,79333,989,100000
new,6,"(20261005, (74, 1, 6))",either,3.0,any_pair:Hn_shared_net_agree,478,12353,793,86376,126,100000
new,6,"(20261005, (74, 1, 6))",either,3.0,any_pair:X_expected_excess_ge_tau,2442,10389,981,86188,2293,100000
new,6,"(20261005, (74, 1, 6))",either,3.0,reported_wrong:A1_anchor,7232,5599,30165,57004,-1,100000
new,6,"(20261005, (74, 1, 6))",either,3.0,reported_wrong:A3_largest,9036,3795,29064,58105,-1,100000
new,6,"(20261005, (74, 1, 6))",either,3.0,reported_wrong:A4_reviewed,6935,5896,29064,58105,-1,100000
new,6,"(20261005, (74, 1, 6))",either,4.0,any_pair:D0_published,4003,2011,15887,78099,3441,100000
new,6,"(20261005, (74, 1, 6))",either,4.0,any_pair:D0a_other_over,3838,2176,15082,78904,3244,100000
new,6,"(20261005, (74, 1, 6))",either,4.0,any_pair:D0b_anchor_under,452,5562,1257,92729,367,100000
new,6,"(20261005, (74, 1, 6))",either,4.0,any_pair:D1_plus_other_under,5848,166,78924,15062,3637,100000
new,6,"(20261005, (74, 1, 6))",either,4.0,any_pair:D2_net_either_view,5707,307,75853,18133,2559,100000
new,6,"(20261005, (74, 1, 6))",either,4.0,any_pair:D3_total_either_view,5701,313,76571,17415,3344,100000
new,6,"(20261005, (74, 1, 6))",either,4.0,any_pair:D4_expected_excess,3039,2975,5174,88812,2815,100000
new,6,"(20261005, (74, 1, 6))",either,4.0,any_pair:D5_shared_total,1354,4660,9390,84596,595,100000
new,6,"(20261005, (74, 1, 6))",either,4.0,any_pair:D5n_shared_net,437,5577,1268,92718,86,100000
new,6,"(20261005, (74, 1, 6))",either,4.0,any_pair:H_shared_total_agree,1281,4733,9133,84853,526,100000
new,6,"(20261005, (74, 1, 6))",either,4.0,any_pair:Hn_shared_net_agree,365,5649,1068,92918,81,100000
new,6,"(20261005, (74, 1, 6))",either,4.0,any_pair:X_expected_excess_ge_tau,1027,4987,481,93505,979,100000
new,6,"(20261005, (74, 1, 6))",either,4.0,reported_wrong:A1_anchor,3686,2328,33711,60275,-1,100000
new,6,"(20261005, (74, 1, 6))",either,4.0,reported_wrong:A3_largest,4984,1030,33116,60870,-1,100000
new,6,"(20261005, (74, 1, 6))",either,4.0,reported_wrong:A4_reviewed,3685,2329,32314,61672,-1,100000
new,6,"(20261005, (74, 1, 6))",either,5.0,any_pair:D0_published,2293,649,17597,79461,2033,100000
new,6,"(20261005, (74, 1, 6))",either,5.0,any_pair:D0a_other_over,2191,751,16729,80329,1911,100000
new,6,"(20261005, (74, 1, 6))",either,5.0,any_pair:D0b_anchor_under,304,2638,1405,95653,246,100000
new,6,"(20261005, (74, 1, 6))",either,5.0,any_pair:D1_plus_other_under,2907,35,81865,15193,2104,100000
new,6,"(20261005, (74, 1, 6))",either,5.0,any_pair:D2_net_either_view,2863,79,78697,18361,1619,100000
new,6,"(20261005, (74, 1, 6))",either,5.0,any_pair:D3_total_either_view,2864,78,79408,17650,2010,100000
new,6,"(20261005, (74, 1, 6))",either,5.0,any_pair:D4_expected_excess,1872,1070,6341,90717,1764,100000
new,6,"(20261005, (74, 1, 6))",either,5.0,any_pair:D5_shared_total,785,2157,9959,87099,327,100000
new,6,"(20261005, (74, 1, 6))",either,5.0,any_pair:D5n_shared_net,297,2645,1408,95650,51,100000
new,6,"(20261005, (74, 1, 6))",either,5.0,any_pair:H_shared_total_agree,752,2190,9814,87244,290,100000
new,6,"(20261005, (74, 1, 6))",either,5.0,any_pair:Hn_shared_net_agree,265,2677,1252,95806,49,100000
new,6,"(20261005, (74, 1, 6))",either,5.0,any_pair:X_expected_excess_ge_tau,445,2497,234,96824,427,100000
new,6,"(20261005, (74, 1, 6))",either,5.0,reported_wrong:A1_anchor,1904,1038,35493,61565,-1,100000
new,6,"(20261005, (74, 1, 6))",either,5.0,reported_wrong:A3_largest,2673,269,35427,61631,-1,100000
new,6,"(20261005, (74, 1, 6))",either,5.0,reported_wrong:A4_reviewed,1941,1001,34058,63000,-1,100000
new,6,"(20261005, (74, 1, 6))",either,6.0,any_pair:D0_published,1292,235,18598,79875,1190,100000
new,6,"(20261005, (74, 1, 6))",either,6.0,any_pair:D0a_other_over,1237,290,17683,80790,1121,100000
new,6,"(20261005, (74, 1, 6))",either,6.0,any_pair:D0b_anchor_under,204,1323,1505,96968,164,100000
new,6,"(20261005, (74, 1, 6))",either,6.0,any_pair:D1_plus_other_under,1518,9,83254,15219,1212,100000
new,6,"(20261005, (74, 1, 6))",either,6.0,any_pair:D2_net_either_view,1507,20,80053,18420,993,100000
new,6,"(20261005, (74, 1, 6))",either,6.0,any_pair:D3_total_either_view,1504,23,80768,17705,1170,100000
new,6,"(20261005, (74, 1, 6))",either,6.0,any_pair:D4_expected_excess,1110,417,7103,91370,1058,100000
new,6,"(20261005, (74, 1, 6))",either,6.0,any_pair:D5_shared_total,460,1067,10284,88189,188,100000
new,6,"(20261005, (74, 1, 6))",either,6.0,any_pair:D5n_shared_net,197,1330,1508,96965,37,100000
new,6,"(20261005, (74, 1, 6))",either,6.0,any_pair:H_shared_total_agree,445,1082,10204,88269,169,100000
new,6,"(20261005, (74, 1, 6))",either,6.0,any_pair:Hn_shared_net_agree,185,1342,1408,97065,37,100000
new,6,"(20261005, (74, 1, 6))",either,6.0,any_pair:X_expected_excess_ge_tau,236,1291,107,98366,230,100000
new,6,"(20261005, (74, 1, 6))",either,6.0,reported_wrong:A1_anchor,1043,484,36354,62119,-1,100000
new,6,"(20261005, (74, 1, 6))",either,6.0,reported_wrong:A3_largest,1434,93,36666,61807,-1,100000
new,6,"(20261005, (74, 1, 6))",either,6.0,reported_wrong:A4_reviewed,1070,457,34929,63544,-1,100000
new,7,"(20261005, (74, 1, 7))",AP,2.0,any_pair:D0_published,6708,11715,8501,73076,5929,100000
new,7,"(20261005, (74, 1, 7))",AP,2.0,any_pair:D0a_other_over,6294,12129,7822,73755,5459,100000
new,7,"(20261005, (74, 1, 7))",AP,2.0,any_pair:D0b_anchor_under,717,17706,873,80704,717,100000
new,7,"(20261005, (74, 1, 7))",AP,2.0,any_pair:D1_plus_other_under,15046,3377,62871,18706,7130,100000
new,7,"(20261005, (74, 1, 7))",AP,2.0,any_pair:D2_net_either_view,13683,4740,59682,21895,4359,100000
new,7,"(20261005, (74, 1, 7))",AP,2.0,any_pair:D3_total_either_view,14158,4265,60793,20784,6781,100000
new,7,"(20261005, (74, 1, 7))",AP,2.0,any_pair:D4_expected_excess,4209,14214,1717,79860,4062,100000
new,7,"(20261005, (74, 1, 7))",AP,2.0,any_pair:D5_shared_total,2804,15619,7176,74401,1778,100000
new,7,"(20261005, (74, 1, 7))",AP,2.0,any_pair:D5n_shared_net,681,17742,893,80684,234,100000
new,7,"(20261005, (74, 1, 7))",AP,2.0,any_pair:H_shared_total_agree,2325,16098,6085,75492,1516,100000
new,7,"(20261005, (74, 1, 7))",AP,2.0,any_pair:Hn_shared_net_agree,415,18008,564,81013,199,100000
new,7,"(20261005, (74, 1, 7))",AP,2.0,any_pair:X_expected_excess_ge_tau,4209,14214,1717,79860,4062,100000
new,7,"(20261005, (74, 1, 7))",AP,2.0,reported_wrong:A1_anchor,7496,10927,20767,60810,-1,100000
new,7,"(20261005, (74, 1, 7))",AP,2.0,reported_wrong:A3_largest,9197,9226,19824,61753,-1,100000
new,7,"(20261005, (74, 1, 7))",AP,2.0,reported_wrong:A4_reviewed,7274,11149,19824,61753,-1,100000
new,7,"(20261005, (74, 1, 7))",AP,3.0,any_pair:D0_published,4579,4707,10630,80084,4156,100000
new,7,"(20261005, (74, 1, 7))",AP,3.0,any_pair:D0a_other_over,4303,4983,9813,80901,3838,100000
new,7,"(20261005, (74, 1, 7))",AP,3.0,any_pair:D0b_anchor_under,521,8765,1069,89645,521,100000
new,7,"(20261005, (74, 1, 7))",AP,3.0,any_pair:D1_plus_other_under,8117,1169,69800,20914,4588,100000
new,7,"(20261005, (74, 1, 7))",AP,3.0,any_pair:D2_net_either_view,7422,1864,65943,24771,2994,100000
new,7,"(20261005, (74, 1, 7))",AP,3.0,any_pair:D3_total_either_view,7635,1651,67316,23398,4296,100000
new,7,"(20261005, (74, 1, 7))",AP,3.0,any_pair:D4_expected_excess,3237,6049,2689,88025,3124,100000
new,7,"(20261005, (74, 1, 7))",AP,3.0,any_pair:D5_shared_total,1705,7581,8275,82439,986,100000
new,7,"(20261005, (74, 1, 7))",AP,3.0,any_pair:D5n_shared_net,492,8794,1082,89632,143,100000
new,7,"(20261005, (74, 1, 7))",AP,3.0,any_pair:H_shared_total_agree,1507,7779,7683,83031,863,100000
new,7,"(20261005, (74, 1, 7))",AP,3.0,any_pair:Hn_shared_net_agree,352,8934,825,89889,130,100000
new,7,"(20261005, (74, 1, 7))",AP,3.0,any_pair:X_expected_excess_ge_tau,1853,7433,782,89932,1805,100000
new,7,"(20261005, (74, 1, 7))",AP,3.0,reported_wrong:A1_anchor,4294,4992,23969,66745,-1,100000
new,7,"(20261005, (74, 1, 7))",AP,3.0,reported_wrong:A3_largest,5978,3308,23043,67671,-1,100000
new,7,"(20261005, (74, 1, 7))",AP,3.0,reported_wrong:A4_reviewed,4055,5231,23043,67671,-1,100000
new,7,"(20261005, (74, 1, 7))",AP,4.0,any_pair:D0_published,2914,1785,12295,83006,2706,100000
new,7,"(20261005, (74, 1, 7))",AP,4.0,any_pair:D0a_other_over,2730,1969,11386,83915,2499,100000
new,7,"(20261005, (74, 1, 7))",AP,4.0,any_pair:D0b_anchor_under,376,4323,1214,94087,376,100000
new,7,"(20261005, (74, 1, 7))",AP,4.0,any_pair:D1_plus_other_under,4336,363,73581,21720,2879,100000
new,7,"(20261005, (74, 1, 7))",AP,4.0,any_pair:D2_net_either_view,4027,672,69338,25963,2074,100000
new,7,"(20261005, (74, 1, 7))",AP,4.0,any_pair:D3_total_either_view,4103,596,70848,24453,2692,100000
new,7,"(20261005, (74, 1, 7))",AP,4.0,any_pair:D4_expected_excess,2283,2416,3643,91658,2210,100000
new,7,"(20261005, (74, 1, 7))",AP,4.0,any_pair:D5_shared_total,1008,3691,8972,86329,527,100000
new,7,"(20261005, (74, 1, 7))",AP,4.0,any_pair:D5n_shared_net,348,4351,1226,94075,78,100000
new,7,"(20261005, (74, 1, 7))",AP,4.0,any_pair:H_shared_total_agree,934,3765,8668,86633,470,100000
new,7,"(20261005, (74, 1, 7))",AP,4.0,any_pair:Hn_shared_net_agree,270,4429,1052,94249,73,100000
new,7,"(20261005, (74, 1, 7))",AP,4.0,any_pair:X_expected_excess_ge_tau,843,3856,384,94917,826,100000
new,7,"(20261005, (74, 1, 7))",AP,4.0,reported_wrong:A1_anchor,2353,2346,25910,69391,-1,100000
new,7,"(20261005, (74, 1, 7))",AP,4.0,reported_wrong:A3_largest,3601,1098,25420,69881,-1,100000
new,7,"(20261005, (74, 1, 7))",AP,4.0,reported_wrong:A4_reviewed,2380,2319,24718,70583,-1,100000
new,7,"(20261005, (74, 1, 7))",AP,5.0,any_pair:D0_published,1808,674,13401,84117,1710,100000
new,7,"(20261005, (74, 1, 7))",AP,5.0,any_pair:D0a_other_over,1708,774,12408,85110,1602,100000
new,7,"(20261005, (74, 1, 7))",AP,5.0,any_pair:D0b_anchor_under,246,2236,1344,96174,246,100000
new,7,"(20261005, (74, 1, 7))",AP,5.0,any_pair:D1_plus_other_under,2359,123,75558,21960,1778,100000
new,7,"(20261005, (74, 1, 7))",AP,5.0,any_pair:D2_net_either_view,2235,247,71130,26388,1379,100000
new,7,"(20261005, (74, 1, 7))",AP,5.0,any_pair:D3_total_either_view,2253,229,72698,24820,1645,100000
new,7,"(20261005, (74, 1, 7))",AP,5.0,any_pair:D4_expected_excess,1510,972,4416,93102,1463,100000
new,7,"(20261005, (74, 1, 7))",AP,5.0,any_pair:D5_shared_total,600,1882,9380,88138,302,100000
new,7,"(20261005, (74, 1, 7))",AP,5.0,any_pair:D5n_shared_net,222,2260,1352,96166,37,100000
new,7,"(20261005, (74, 1, 7))",AP,5.0,any_pair:H_shared_total_agree,564,1918,9221,88297,275,100000
new,7,"(20261005, (74, 1, 7))",AP,5.0,any_pair:Hn_shared_net_agree,183,2299,1219,96299,33,100000
new,7,"(20261005, (74, 1, 7))",AP,5.0,any_pair:X_expected_excess_ge_tau,414,2068,184,97334,407,100000
new,7,"(20261005, (74, 1, 7))",AP,5.0,reported_wrong:A1_anchor,1298,1184,26965,70553,-1,100000
new,7,"(20261005, (74, 1, 7))",AP,5.0,reported_wrong:A3_largest,2113,369,26908,70610,-1,100000
new,7,"(20261005, (74, 1, 7))",AP,5.0,reported_wrong:A4_reviewed,1343,1139,25755,71763,-1,100000
new,7,"(20261005, (74, 1, 7))",AP,6.0,any_pair:D0_published,1113,239,14096,84552,1072,100000
new,7,"(20261005, (74, 1, 7))",AP,6.0,any_pair:D0a_other_over,1049,303,13067,85581,1000,100000
new,7,"(20261005, (74, 1, 7))",AP,6.0,any_pair:D0b_anchor_under,174,1178,1416,97232,174,100000
new,7,"(20261005, (74, 1, 7))",AP,6.0,any_pair:D1_plus_other_under,1318,34,76599,22049,1096,100000
new,7,"(20261005, (74, 1, 7))",AP,6.0,any_pair:D2_net_either_view,1269,83,72096,26552,899,100000
new,7,"(20261005, (74, 1, 7))",AP,6.0,any_pair:D3_total_either_view,1271,81,73680,24968,1009,100000
new,7,"(20261005, (74, 1, 7))",AP,6.0,any_pair:D4_expected_excess,962,390,4964,93684,941,100000
new,7,"(20261005, (74, 1, 7))",AP,6.0,any_pair:D5_shared_total,351,1001,9629,89019,162,100000
new,7,"(20261005, (74, 1, 7))",AP,6.0,any_pair:D5n_shared_net,156,1196,1418,97230,27,100000
new,7,"(20261005, (74, 1, 7))",AP,6.0,any_pair:H_shared_total_agree,332,1020,9549,89099,142,100000
new,7,"(20261005, (74, 1, 7))",AP,6.0,any_pair:Hn_shared_net_agree,135,1217,1324,97324,23,100000
new,7,"(20261005, (74, 1, 7))",AP,6.0,any_pair:X_expected_excess_ge_tau,226,1126,97,98551,224,100000
new,7,"(20261005, (74, 1, 7))",AP,6.0,reported_wrong:A1_anchor,735,617,27528,71120,-1,100000
new,7,"(20261005, (74, 1, 7))",AP,6.0,reported_wrong:A3_largest,1241,111,27780,70868,-1,100000
new,7,"(20261005, (74, 1, 7))",AP,6.0,reported_wrong:A4_reviewed,780,572,26318,72330,-1,100000
new,7,"(20261005, (74, 1, 7))",SL,2.0,any_pair:D0_published,2560,9043,3605,84792,2273,100000
new,7,"(20261005, (74, 1, 7))",SL,2.0,any_pair:D0a_other_over,2495,9108,3488,84909,2205,100000
new,7,"(20261005, (74, 1, 7))",SL,2.0,any_pair:D0b_anchor_under,95,11508,148,88249,95,100000
new,7,"(20261005, (74, 1, 7))",SL,2.0,any_pair:D1_plus_other_under,7088,4515,44945,43452,2591,100000
new,7,"(20261005, (74, 1, 7))",SL,2.0,any_pair:D2_net_either_view,6114,5489,41615,46782,1317,100000
new,7,"(20261005, (74, 1, 7))",SL,2.0,any_pair:D3_total_either_view,6518,5085,43116,45281,2313,100000
new,7,"(20261005, (74, 1, 7))",SL,2.0,any_pair:D4_expected_excess,1652,9951,744,87653,1606,100000
new,7,"(20261005, (74, 1, 7))",SL,2.0,any_pair:D5_shared_total,618,10985,2041,86356,388,100000
new,7,"(20261005, (74, 1, 7))",SL,2.0,any_pair:D5n_shared_net,91,11512,162,88235,33,100000
new,7,"(20261005, (74, 1, 7))",SL,2.0,any_pair:H_shared_total_agree,516,11087,1801,86596,345,100000
new,7,"(20261005, (74, 1, 7))",SL,2.0,any_pair:Hn_shared_net_agree,59,11544,111,88286,32,100000
new,7,"(20261005, (74, 1, 7))",SL,2.0,any_pair:X_expected_excess_ge_tau,1652,9951,744,87653,1606,100000
new,7,"(20261005, (74, 1, 7))",SL,2.0,reported_wrong:A1_anchor,3410,8193,13327,75070,-1,100000
new,7,"(20261005, (74, 1, 7))",SL,2.0,reported_wrong:A3_largest,4995,6608,13403,74994,-1,100000
new,7,"(20261005, (74, 1, 7))",SL,2.0,reported_wrong:A4_reviewed,3914,7689,13403,74994,-1,100000
new,7,"(20261005, (74, 1, 7))",SL,3.0,any_pair:D0_published,1590,2526,4575,91309,1430,100000
new,7,"(20261005, (74, 1, 7))",SL,3.0,any_pair:D0a_other_over,1542,2574,4441,91443,1380,100000
new,7,"(20261005, (74, 1, 7))",SL,3.0,any_pair:D0b_anchor_under,74,4042,169,95715,74,100000
new,7,"(20261005, (74, 1, 7))",SL,3.0,any_pair:D1_plus_other_under,3090,1026,48943,46941,1512,100000
new,7,"(20261005, (74, 1, 7))",SL,3.0,any_pair:D2_net_either_view,2671,1445,45058,50826,850,100000
new,7,"(20261005, (74, 1, 7))",SL,3.0,any_pair:D3_total_either_view,2791,1325,46843,49041,1329,100000
new,7,"(20261005, (74, 1, 7))",SL,3.0,any_pair:D4_expected_excess,1145,2971,1251,94633,1104,100000
new,7,"(20261005, (74, 1, 7))",SL,3.0,any_pair:D5_shared_total,354,3762,2305,93579,191,100000
new,7,"(20261005, (74, 1, 7))",SL,3.0,any_pair:D5n_shared_net,71,4045,182,95702,23,100000
new,7,"(20261005, (74, 1, 7))",SL,3.0,any_pair:H_shared_total_agree,313,3803,2194,93690,170,100000
new,7,"(20261005, (74, 1, 7))",SL,3.0,any_pair:Hn_shared_net_agree,58,4058,150,95734,23,100000
new,7,"(20261005, (74, 1, 7))",SL,3.0,any_pair:X_expected_excess_ge_tau,528,3588,267,95617,512,100000
new,7,"(20261005, (74, 1, 7))",SL,3.0,reported_wrong:A1_anchor,1542,2574,15195,80689,-1,100000
new,7,"(20261005, (74, 1, 7))",SL,3.0,reported_wrong:A3_largest,2623,1493,15775,80109,-1,100000
new,7,"(20261005, (74, 1, 7))",SL,3.0,reported_wrong:A4_reviewed,1542,2574,15775,80109,-1,100000
new,7,"(20261005, (74, 1, 7))",SL,4.0,any_pair:D0_published,886,664,5279,93171,823,100000
new,7,"(20261005, (74, 1, 7))",SL,4.0,any_pair:D0a_other_over,854,696,5129,93321,790,100000
new,7,"(20261005, (74, 1, 7))",SL,4.0,any_pair:D0b_anchor_under,52,1498,191,98259,52,100000
new,7,"(20261005, (74, 1, 7))",SL,4.0,any_pair:D1_plus_other_under,1355,195,50678,47772,852,100000
new,7,"(20261005, (74, 1, 7))",SL,4.0,any_pair:D2_net_either_view,1204,346,46525,51925,561,100000
new,7,"(20261005, (74, 1, 7))",SL,4.0,any_pair:D3_total_either_view,1250,300,48384,50066,755,100000
new,7,"(20261005, (74, 1, 7))",SL,4.0,any_pair:D4_expected_excess,718,832,1678,96772,696,100000
new,7,"(20261005, (74, 1, 7))",SL,4.0,any_pair:D5_shared_total,187,1363,2472,95978,93,100000
new,7,"(20261005, (74, 1, 7))",SL,4.0,any_pair:D5n_shared_net,49,1501,204,98246,13,100000
new,7,"(20261005, (74, 1, 7))",SL,4.0,any_pair:H_shared_total_agree,171,1379,2415,96035,86,100000
new,7,"(20261005, (74, 1, 7))",SL,4.0,any_pair:Hn_shared_net_agree,43,1507,186,98264,13,100000
new,7,"(20261005, (74, 1, 7))",SL,4.0,any_pair:X_expected_excess_ge_tau,195,1355,88,98362,191,100000
new,7,"(20261005, (74, 1, 7))",SL,4.0,reported_wrong:A1_anchor,660,890,16077,82373,-1,100000
new,7,"(20261005, (74, 1, 7))",SL,4.0,reported_wrong:A3_largest,1236,314,17162,81288,-1,100000
new,7,"(20261005, (74, 1, 7))",SL,4.0,reported_wrong:A4_reviewed,692,858,16625,81825,-1,100000
new,7,"(20261005, (74, 1, 7))",SL,5.0,any_pair:D0_published,473,167,5692,93668,452,100000
new,7,"(20261005, (74, 1, 7))",SL,5.0,any_pair:D0a_other_over,449,191,5534,93826,428,100000
new,7,"(20261005, (74, 1, 7))",SL,5.0,any_pair:D0b_anchor_under,38,602,205,99155,38,100000
new,7,"(20261005, (74, 1, 7))",SL,5.0,any_pair:D1_plus_other_under,599,41,51434,47926,463,100000
new,7,"(20261005, (74, 1, 7))",SL,5.0,any_pair:D2_net_either_view,553,87,47176,52184,349,100000
new,7,"(20261005, (74, 1, 7))",SL,5.0,any_pair:D3_total_either_view,564,76,49070,50290,408,100000
new,7,"(20261005, (74, 1, 7))",SL,5.0,any_pair:D4_expected_excess,411,229,1985,97375,404,100000
new,7,"(20261005, (74, 1, 7))",SL,5.0,any_pair:D5_shared_total,96,544,2563,96797,45,100000
new,7,"(20261005, (74, 1, 7))",SL,5.0,any_pair:D5n_shared_net,36,604,217,99143,8,100000
new,7,"(20261005, (74, 1, 7))",SL,5.0,any_pair:H_shared_total_agree,90,550,2541,96819,41,100000
new,7,"(20261005, (74, 1, 7))",SL,5.0,any_pair:Hn_shared_net_agree,32,608,208,99152,8,100000
new,7,"(20261005, (74, 1, 7))",SL,5.0,any_pair:X_expected_excess_ge_tau,75,565,39,99321,75,100000
new,7,"(20261005, (74, 1, 7))",SL,5.0,reported_wrong:A1_anchor,287,353,16450,82910,-1,100000
new,7,"(20261005, (74, 1, 7))",SL,5.0,reported_wrong:A3_largest,566,74,17832,81528,-1,100000
new,7,"(20261005, (74, 1, 7))",SL,5.0,reported_wrong:A4_reviewed,301,339,17016,82344,-1,100000
new,7,"(20261005, (74, 1, 7))",SL,6.0,any_pair:D0_published,229,43,5936,93792,219,100000
new,7,"(20261005, (74, 1, 7))",SL,6.0,any_pair:D0a_other_over,217,55,5766,93962,207,100000
new,7,"(20261005, (74, 1, 7))",SL,6.0,any_pair:D0b_anchor_under,21,251,222,99506,21,100000
new,7,"(20261005, (74, 1, 7))",SL,6.0,any_pair:D1_plus_other_under,261,11,51772,47956,224,100000
new,7,"(20261005, (74, 1, 7))",SL,6.0,any_pair:D2_net_either_view,244,28,47485,52243,183,100000
new,7,"(20261005, (74, 1, 7))",SL,6.0,any_pair:D3_total_either_view,254,18,49380,50348,212,100000
new,7,"(20261005, (74, 1, 7))",SL,6.0,any_pair:D4_expected_excess,215,57,2181,97547,213,100000
new,7,"(20261005, (74, 1, 7))",SL,6.0,any_pair:D5_shared_total,55,217,2604,97124,19,100000
new,7,"(20261005, (74, 1, 7))",SL,6.0,any_pair:D5n_shared_net,19,253,234,99494,1,100000
new,7,"(20261005, (74, 1, 7))",SL,6.0,any_pair:H_shared_total_agree,52,220,2591,97137,16,100000
new,7,"(20261005, (74, 1, 7))",SL,6.0,any_pair:Hn_shared_net_agree,18,254,227,99501,1,100000
new,7,"(20261005, (74, 1, 7))",SL,6.0,any_pair:X_expected_excess_ge_tau,34,238,18,99710,33,100000
new,7,"(20261005, (74, 1, 7))",SL,6.0,reported_wrong:A1_anchor,134,138,16603,83125,-1,100000
new,7,"(20261005, (74, 1, 7))",SL,6.0,reported_wrong:A3_largest,256,16,18142,81586,-1,100000
new,7,"(20261005, (74, 1, 7))",SL,6.0,reported_wrong:A4_reviewed,143,129,17174,82554,-1,100000
new,7,"(20261005, (74, 1, 7))",either,2.0,any_pair:D0_published,10332,17117,9359,63192,7954,100000
new,7,"(20261005, (74, 1, 7))",either,2.0,any_pair:D0a_other_over,9858,17591,8857,63694,7462,100000
new,7,"(20261005, (74, 1, 7))",either,2.0,any_pair:D0b_anchor_under,1030,26419,754,71797,807,100000
new,7,"(20261005, (74, 1, 7))",either,2.0,any_pair:D1_plus_other_under,24618,2831,59960,12591,9352,100000
new,7,"(20261005, (74, 1, 7))",either,2.0,any_pair:D2_net_either_view,23539,3910,57727,14824,5511,100000
new,7,"(20261005, (74, 1, 7))",either,2.0,any_pair:D3_total_either_view,23637,3812,58324,14227,8698,100000
new,7,"(20261005, (74, 1, 7))",either,2.0,any_pair:D4_expected_excess,6060,21389,2001,70550,5550,100000
new,7,"(20261005, (74, 1, 7))",either,2.0,any_pair:D5_shared_total,4107,23342,6434,66117,2090,100000
new,7,"(20261005, (74, 1, 7))",either,2.0,any_pair:D5n_shared_net,1008,26441,778,71773,267,100000
new,7,"(20261005, (74, 1, 7))",either,2.0,any_pair:H_shared_total_agree,3512,23937,5669,66882,1808,100000
new,7,"(20261005, (74, 1, 7))",either,2.0,any_pair:Hn_shared_net_agree,635,26814,496,72055,231,100000
new,7,"(20261005, (74, 1, 7))",either,2.0,any_pair:X_expected_excess_ge_tau,6060,21389,2001,70550,5550,100000
new,7,"(20261005, (74, 1, 7))",either,2.0,reported_wrong:A1_anchor,13587,13862,23624,48927,-1,100000
new,7,"(20261005, (74, 1, 7))",either,2.0,reported_wrong:A3_largest,15321,12128,22407,50144,-1,100000
new,7,"(20261005, (74, 1, 7))",either,2.0,reported_wrong:A4_reviewed,13131,14318,22407,50144,-1,100000
new,7,"(20261005, (74, 1, 7))",either,3.0,any_pair:D0_published,6752,6039,12939,74270,5458,100000
new,7,"(20261005, (74, 1, 7))",either,3.0,any_pair:D0a_other_over,6437,6354,12278,74931,5115,100000
new,7,"(20261005, (74, 1, 7))",either,3.0,any_pair:D0b_anchor_under,752,12039,1032,86177,591,100000
new,7,"(20261005, (74, 1, 7))",either,3.0,any_pair:D1_plus_other_under,12071,720,72507,14702,5945,100000
new,7,"(20261005, (74, 1, 7))",either,3.0,any_pair:D2_net_either_view,11578,1213,69688,17521,3769,100000
new,7,"(20261005, (74, 1, 7))",either,3.0,any_pair:D3_total_either_view,11621,1170,70340,16869,5471,100000
new,7,"(20261005, (74, 1, 7))",either,3.0,any_pair:D4_expected_excess,4542,8249,3519,83690,4158,100000
new,7,"(20261005, (74, 1, 7))",either,3.0,any_pair:D5_shared_total,2406,10385,8135,79074,1152,100000
new,7,"(20261005, (74, 1, 7))",either,3.0,any_pair:D5n_shared_net,727,12064,1059,86150,166,100000
new,7,"(20261005, (74, 1, 7))",either,3.0,any_pair:H_shared_total_agree,2170,10621,7687,79522,1016,100000
new,7,"(20261005, (74, 1, 7))",either,3.0,any_pair:Hn_shared_net_agree,538,12253,822,86387,153,100000
new,7,"(20261005, (74, 1, 7))",either,3.0,any_pair:X_expected_excess_ge_tau,2429,10362,936,86273,2285,100000
new,7,"(20261005, (74, 1, 7))",either,3.0,reported_wrong:A1_anchor,7257,5534,29954,57255,-1,100000
new,7,"(20261005, (74, 1, 7))",either,3.0,reported_wrong:A3_largest,9062,3729,28666,58543,-1,100000
new,7,"(20261005, (74, 1, 7))",either,3.0,reported_wrong:A4_reviewed,6872,5919,28666,58543,-1,100000
new,7,"(20261005, (74, 1, 7))",either,4.0,any_pair:D0_published,4064,2005,15627,78304,3470,100000
new,7,"(20261005, (74, 1, 7))",either,4.0,any_pair:D0a_other_over,3867,2202,14848,79083,3240,100000
new,7,"(20261005, (74, 1, 7))",either,4.0,any_pair:D0b_anchor_under,528,5541,1256,92675,426,100000
new,7,"(20261005, (74, 1, 7))",either,4.0,any_pair:D1_plus_other_under,5922,147,78656,15275,3660,100000
new,7,"(20261005, (74, 1, 7))",either,4.0,any_pair:D2_net_either_view,5735,334,75531,18400,2595,100000
new,7,"(20261005, (74, 1, 7))",either,4.0,any_pair:D3_total_either_view,5750,319,76211,17720,3375,100000
new,7,"(20261005, (74, 1, 7))",either,4.0,any_pair:D4_expected_excess,3090,2979,4971,88960,2871,100000
new,7,"(20261005, (74, 1, 7))",either,4.0,any_pair:D5_shared_total,1365,4704,9176,84755,610,100000
new,7,"(20261005, (74, 1, 7))",either,4.0,any_pair:D5n_shared_net,500,5569,1286,92645,91,100000
new,7,"(20261005, (74, 1, 7))",either,4.0,any_pair:H_shared_total_agree,1282,4787,8929,85002,549,100000
new,7,"(20261005, (74, 1, 7))",either,4.0,any_pair:Hn_shared_net_agree,401,5668,1121,92810,86,100000
new,7,"(20261005, (74, 1, 7))",either,4.0,any_pair:X_expected_excess_ge_tau,1050,5019,440,93491,1007,100000
new,7,"(20261005, (74, 1, 7))",either,4.0,reported_wrong:A1_anchor,3736,2333,33475,60456,-1,100000
new,7,"(20261005, (74, 1, 7))",either,4.0,reported_wrong:A3_largest,5011,1058,32717,61214,-1,100000
new,7,"(20261005, (74, 1, 7))",either,4.0,reported_wrong:A4_reviewed,3723,2346,31815,62116,-1,100000
new,7,"(20261005, (74, 1, 7))",either,5.0,any_pair:D0_published,2392,665,17299,79644,2133,100000
new,7,"(20261005, (74, 1, 7))",either,5.0,any_pair:D0a_other_over,2284,773,16431,80512,2008,100000
new,7,"(20261005, (74, 1, 7))",either,5.0,any_pair:D0b_anchor_under,343,2714,1441,95502,283,100000
new,7,"(20261005, (74, 1, 7))",either,5.0,any_pair:D1_plus_other_under,3012,45,81566,15377,2208,100000
new,7,"(20261005, (74, 1, 7))",either,5.0,any_pair:D2_net_either_view,2947,110,78319,18624,1708,100000
new,7,"(20261005, (74, 1, 7))",either,5.0,any_pair:D3_total_either_view,2950,107,79011,17932,2016,100000
new,7,"(20261005, (74, 1, 7))",either,5.0,any_pair:D4_expected_excess,1954,1103,6107,90836,1847,100000
new,7,"(20261005, (74, 1, 7))",either,5.0,any_pair:D5_shared_total,774,2283,9767,87176,342,100000
new,7,"(20261005, (74, 1, 7))",either,5.0,any_pair:D5n_shared_net,315,2742,1471,95472,45,100000
new,7,"(20261005, (74, 1, 7))",either,5.0,any_pair:H_shared_total_agree,737,2320,9637,87306,312,100000
new,7,"(20261005, (74, 1, 7))",either,5.0,any_pair:Hn_shared_net_agree,267,2790,1343,95600,41,100000
new,7,"(20261005, (74, 1, 7))",either,5.0,any_pair:X_expected_excess_ge_tau,494,2563,213,96730,480,100000
new,7,"(20261005, (74, 1, 7))",either,5.0,reported_wrong:A1_anchor,1970,1087,35241,61702,-1,100000
new,7,"(20261005, (74, 1, 7))",either,5.0,reported_wrong:A3_largest,2742,315,34986,61957,-1,100000
new,7,"(20261005, (74, 1, 7))",either,5.0,reported_wrong:A4_reviewed,2003,1054,33535,63408,-1,100000
new,7,"(20261005, (74, 1, 7))",either,6.0,any_pair:D0_published,1388,219,18303,80090,1282,100000
new,7,"(20261005, (74, 1, 7))",either,6.0,any_pair:D0a_other_over,1322,285,17393,81000,1199,100000
new,7,"(20261005, (74, 1, 7))",either,6.0,any_pair:D0b_anchor_under,230,1377,1554,96839,194,100000
new,7,"(20261005, (74, 1, 7))",either,6.0,any_pair:D1_plus_other_under,1601,6,82977,15416,1311,100000
new,7,"(20261005, (74, 1, 7))",either,6.0,any_pair:D2_net_either_view,1588,19,79678,18715,1075,100000
new,7,"(20261005, (74, 1, 7))",either,6.0,any_pair:D3_total_either_view,1583,24,80378,18015,1208,100000
new,7,"(20261005, (74, 1, 7))",either,6.0,any_pair:D4_expected_excess,1191,416,6870,91523,1145,100000
new,7,"(20261005, (74, 1, 7))",either,6.0,any_pair:D5_shared_total,460,1147,10081,88312,178,100000
new,7,"(20261005, (74, 1, 7))",either,6.0,any_pair:D5n_shared_net,207,1400,1579,96814,28,100000
new,7,"(20261005, (74, 1, 7))",either,6.0,any_pair:H_shared_total_agree,443,1164,10015,88378,155,100000
new,7,"(20261005, (74, 1, 7))",either,6.0,any_pair:Hn_shared_net_agree,182,1425,1489,96904,24,100000
new,7,"(20261005, (74, 1, 7))",either,6.0,any_pair:X_expected_excess_ge_tau,259,1348,114,98279,255,100000
new,7,"(20261005, (74, 1, 7))",either,6.0,reported_wrong:A1_anchor,1080,527,36131,62262,-1,100000
new,7,"(20261005, (74, 1, 7))",either,6.0,reported_wrong:A3_largest,1525,82,36203,62190,-1,100000
new,7,"(20261005, (74, 1, 7))",either,6.0,reported_wrong:A4_reviewed,1121,486,34417,63976,-1,100000
new,8,"(20261005, (74, 1, 8))",AP,2.0,any_pair:D0_published,6559,11639,8761,73041,5845,100000
new,8,"(20261005, (74, 1, 8))",AP,2.0,any_pair:D0a_other_over,6136,12062,8047,73755,5376,100000
new,8,"(20261005, (74, 1, 8))",AP,2.0,any_pair:D0b_anchor_under,707,17491,914,80888,707,100000
new,8,"(20261005, (74, 1, 8))",AP,2.0,any_pair:D1_plus_other_under,14794,3404,63116,18686,7008,100000
new,8,"(20261005, (74, 1, 8))",AP,2.0,any_pair:D2_net_either_view,13447,4751,59964,21838,4270,100000
new,8,"(20261005, (74, 1, 8))",AP,2.0,any_pair:D3_total_either_view,13964,4234,60986,20816,6661,100000
new,8,"(20261005, (74, 1, 8))",AP,2.0,any_pair:D4_expected_excess,4138,14060,1816,79986,4011,100000
new,8,"(20261005, (74, 1, 8))",AP,2.0,any_pair:D5_shared_total,2714,15484,7245,74557,1740,100000
new,8,"(20261005, (74, 1, 8))",AP,2.0,any_pair:D5n_shared_net,690,17508,948,80854,248,100000
new,8,"(20261005, (74, 1, 8))",AP,2.0,any_pair:H_shared_total_agree,2253,15945,6100,75702,1519,100000
new,8,"(20261005, (74, 1, 8))",AP,2.0,any_pair:Hn_shared_net_agree,435,17763,566,81236,219,100000
new,8,"(20261005, (74, 1, 8))",AP,2.0,any_pair:X_expected_excess_ge_tau,4138,14060,1816,79986,4011,100000
new,8,"(20261005, (74, 1, 8))",AP,2.0,reported_wrong:A1_anchor,7471,10727,20864,60938,-1,100000
new,8,"(20261005, (74, 1, 8))",AP,2.0,reported_wrong:A3_largest,8908,9290,19804,61998,-1,100000
new,8,"(20261005, (74, 1, 8))",AP,2.0,reported_wrong:A4_reviewed,7064,11134,19804,61998,-1,100000
new,8,"(20261005, (74, 1, 8))",AP,3.0,any_pair:D0_published,4497,4743,10823,79937,4086,100000
new,8,"(20261005, (74, 1, 8))",AP,3.0,any_pair:D0a_other_over,4200,5040,9983,80777,3749,100000
new,8,"(20261005, (74, 1, 8))",AP,3.0,any_pair:D0b_anchor_under,540,8700,1081,89679,540,100000
new,8,"(20261005, (74, 1, 8))",AP,3.0,any_pair:D1_plus_other_under,8060,1180,69850,20910,4531,100000
new,8,"(20261005, (74, 1, 8))",AP,3.0,any_pair:D2_net_either_view,7366,1874,66045,24715,2973,100000
new,8,"(20261005, (74, 1, 8))",AP,3.0,any_pair:D3_total_either_view,7583,1657,67367,23393,4267,100000
new,8,"(20261005, (74, 1, 8))",AP,3.0,any_pair:D4_expected_excess,3153,6087,2801,87959,3065,100000
new,8,"(20261005, (74, 1, 8))",AP,3.0,any_pair:D5_shared_total,1724,7516,8235,82525,1010,100000
new,8,"(20261005, (74, 1, 8))",AP,3.0,any_pair:D5n_shared_net,519,8721,1119,89641,155,100000
new,8,"(20261005, (74, 1, 8))",AP,3.0,any_pair:H_shared_total_agree,1535,7705,7639,83121,887,100000
new,8,"(20261005, (74, 1, 8))",AP,3.0,any_pair:Hn_shared_net_agree,382,8858,855,89905,143,100000
new,8,"(20261005, (74, 1, 8))",AP,3.0,any_pair:X_expected_excess_ge_tau,1829,7411,815,89945,1799,100000
new,8,"(20261005, (74, 1, 8))",AP,3.0,reported_wrong:A1_anchor,4247,4993,24088,66672,-1,100000
new,8,"(20261005, (74, 1, 8))",AP,3.0,reported_wrong:A3_largest,5953,3287,22759,68001,-1,100000
new,8,"(20261005, (74, 1, 8))",AP,3.0,reported_wrong:A4_reviewed,4109,5131,22759,68001,-1,100000
new,8,"(20261005, (74, 1, 8))",AP,4.0,any_pair:D0_published,2903,1776,12417,82904,2693,100000
new,8,"(20261005, (74, 1, 8))",AP,4.0,any_pair:D0a_other_over,2706,1973,11477,83844,2465,100000
new,8,"(20261005, (74, 1, 8))",AP,4.0,any_pair:D0b_anchor_under,392,4287,1229,94092,392,100000
new,8,"(20261005, (74, 1, 8))",AP,4.0,any_pair:D1_plus_other_under,4313,366,73597,21724,2857,100000
new,8,"(20261005, (74, 1, 8))",AP,4.0,any_pair:D2_net_either_view,3987,692,69424,25897,2043,100000
new,8,"(20261005, (74, 1, 8))",AP,4.0,any_pair:D3_total_either_view,4112,567,70838,24483,2700,100000
new,8,"(20261005, (74, 1, 8))",AP,4.0,any_pair:D4_expected_excess,2236,2443,3718,91603,2169,100000
new,8,"(20261005, (74, 1, 8))",AP,4.0,any_pair:D5_shared_total,1040,3639,8919,86402,557,100000
new,8,"(20261005, (74, 1, 8))",AP,4.0,any_pair:D5n_shared_net,369,4310,1269,94052,93,100000
new,8,"(20261005, (74, 1, 8))",AP,4.0,any_pair:H_shared_total_agree,949,3730,8594,86727,480,100000
new,8,"(20261005, (74, 1, 8))",AP,4.0,any_pair:Hn_shared_net_agree,303,4376,1043,94278,88,100000
new,8,"(20261005, (74, 1, 8))",AP,4.0,any_pair:X_expected_excess_ge_tau,840,3839,412,94909,820,100000
new,8,"(20261005, (74, 1, 8))",AP,4.0,reported_wrong:A1_anchor,2321,2358,26014,69307,-1,100000
new,8,"(20261005, (74, 1, 8))",AP,4.0,reported_wrong:A3_largest,3652,1027,25060,70261,-1,100000
new,8,"(20261005, (74, 1, 8))",AP,4.0,reported_wrong:A4_reviewed,2377,2302,24491,70830,-1,100000
new,8,"(20261005, (74, 1, 8))",AP,5.0,any_pair:D0_published,1818,645,13502,84035,1721,100000
new,8,"(20261005, (74, 1, 8))",AP,5.0,any_pair:D0a_other_over,1696,767,12487,85050,1577,100000
new,8,"(20261005, (74, 1, 8))",AP,5.0,any_pair:D0b_anchor_under,273,2190,1348,96189,273,100000
new,8,"(20261005, (74, 1, 8))",AP,5.0,any_pair:D1_plus_other_under,2350,113,75560,21977,1791,100000
new,8,"(20261005, (74, 1, 8))",AP,5.0,any_pair:D2_net_either_view,2199,264,71212,26325,1370,100000
new,8,"(20261005, (74, 1, 8))",AP,5.0,any_pair:D3_total_either_view,2259,204,72691,24846,1694,100000
new,8,"(20261005, (74, 1, 8))",AP,5.0,any_pair:D4_expected_excess,1495,968,4459,93078,1451,100000
new,8,"(20261005, (74, 1, 8))",AP,5.0,any_pair:D5_shared_total,618,1845,9341,88196,310,100000
new,8,"(20261005, (74, 1, 8))",AP,5.0,any_pair:D5n_shared_net,251,2212,1387,96150,50,100000
new,8,"(20261005, (74, 1, 8))",AP,5.0,any_pair:H_shared_total_agree,578,1885,9187,88350,268,100000
new,8,"(20261005, (74, 1, 8))",AP,5.0,any_pair:Hn_shared_net_agree,215,2248,1226,96311,47,100000
new,8,"(20261005, (74, 1, 8))",AP,5.0,any_pair:X_expected_excess_ge_tau,414,2049,176,97361,404,100000
new,8,"(20261005, (74, 1, 8))",AP,5.0,reported_wrong:A1_anchor,1280,1183,27055,70482,-1,100000
new,8,"(20261005, (74, 1, 8))",AP,5.0,reported_wrong:A3_largest,2142,321,26570,70967,-1,100000
new,8,"(20261005, (74, 1, 8))",AP,5.0,reported_wrong:A4_reviewed,1355,1108,25513,72024,-1,100000
new,8,"(20261005, (74, 1, 8))",AP,6.0,any_pair:D0_published,1108,238,14212,84442,1062,100000
new,8,"(20261005, (74, 1, 8))",AP,6.0,any_pair:D0a_other_over,1041,305,13142,85512,980,100000
new,8,"(20261005, (74, 1, 8))",AP,6.0,any_pair:D0b_anchor_under,175,1171,1446,97208,175,100000
new,8,"(20261005, (74, 1, 8))",AP,6.0,any_pair:D1_plus_other_under,1323,23,76587,22067,1090,100000
new,8,"(20261005, (74, 1, 8))",AP,6.0,any_pair:D2_net_either_view,1268,78,72143,26511,887,100000
new,8,"(20261005, (74, 1, 8))",AP,6.0,any_pair:D3_total_either_view,1280,66,73670,24984,1032,100000
new,8,"(20261005, (74, 1, 8))",AP,6.0,any_pair:D4_expected_excess,947,399,5007,93647,921,100000
new,8,"(20261005, (74, 1, 8))",AP,6.0,any_pair:D5_shared_total,362,984,9597,89057,175,100000
new,8,"(20261005, (74, 1, 8))",AP,6.0,any_pair:D5n_shared_net,163,1183,1475,97179,28,100000
new,8,"(20261005, (74, 1, 8))",AP,6.0,any_pair:H_shared_total_agree,342,1004,9514,89140,147,100000
new,8,"(20261005, (74, 1, 8))",AP,6.0,any_pair:Hn_shared_net_agree,143,1203,1369,97285,26,100000
new,8,"(20261005, (74, 1, 8))",AP,6.0,any_pair:X_expected_excess_ge_tau,230,1116,106,98548,227,100000
new,8,"(20261005, (74, 1, 8))",AP,6.0,reported_wrong:A1_anchor,726,620,27609,71045,-1,100000
new,8,"(20261005, (74, 1, 8))",AP,6.0,reported_wrong:A3_largest,1238,108,27474,71180,-1,100000
new,8,"(20261005, (74, 1, 8))",AP,6.0,reported_wrong:A4_reviewed,768,578,26100,72554,-1,100000
new,8,"(20261005, (74, 1, 8))",SL,2.0,any_pair:D0_published,2603,8955,3549,84893,2301,100000
new,8,"(20261005, (74, 1, 8))",SL,2.0,any_pair:D0a_other_over,2533,9025,3425,85017,2225,100000
new,8,"(20261005, (74, 1, 8))",SL,2.0,any_pair:D0b_anchor_under,105,11453,155,88287,105,100000
new,8,"(20261005, (74, 1, 8))",SL,2.0,any_pair:D1_plus_other_under,7159,4399,45321,43121,2657,100000
new,8,"(20261005, (74, 1, 8))",SL,2.0,any_pair:D2_net_either_view,6246,5312,42037,46405,1392,100000
new,8,"(20261005, (74, 1, 8))",SL,2.0,any_pair:D3_total_either_view,6633,4925,43257,45185,2370,100000
new,8,"(20261005, (74, 1, 8))",SL,2.0,any_pair:D4_expected_excess,1669,9889,799,87643,1624,100000
new,8,"(20261005, (74, 1, 8))",SL,2.0,any_pair:D5_shared_total,618,10940,1964,86478,383,100000
new,8,"(20261005, (74, 1, 8))",SL,2.0,any_pair:D5n_shared_net,104,11454,155,88287,40,100000
new,8,"(20261005, (74, 1, 8))",SL,2.0,any_pair:H_shared_total_agree,539,11019,1730,86712,342,100000
new,8,"(20261005, (74, 1, 8))",SL,2.0,any_pair:Hn_shared_net_agree,71,11487,115,88327,35,100000
new,8,"(20261005, (74, 1, 8))",SL,2.0,any_pair:X_expected_excess_ge_tau,1669,9889,799,87643,1624,100000
new,8,"(20261005, (74, 1, 8))",SL,2.0,reported_wrong:A1_anchor,3368,8190,13281,75161,-1,100000
new,8,"(20261005, (74, 1, 8))",SL,2.0,reported_wrong:A3_largest,5043,6515,13545,74897,-1,100000
new,8,"(20261005, (74, 1, 8))",SL,2.0,reported_wrong:A4_reviewed,3981,7577,13545,74897,-1,100000
new,8,"(20261005, (74, 1, 8))",SL,3.0,any_pair:D0_published,1594,2531,4558,91317,1449,100000
new,8,"(20261005, (74, 1, 8))",SL,3.0,any_pair:D0a_other_over,1548,2577,4410,91465,1399,100000
new,8,"(20261005, (74, 1, 8))",SL,3.0,any_pair:D0b_anchor_under,75,4050,185,95690,75,100000
new,8,"(20261005, (74, 1, 8))",SL,3.0,any_pair:D1_plus_other_under,3088,1037,49392,46483,1532,100000
new,8,"(20261005, (74, 1, 8))",SL,3.0,any_pair:D2_net_either_view,2707,1418,45576,50299,916,100000
new,8,"(20261005, (74, 1, 8))",SL,3.0,any_pair:D3_total_either_view,2840,1285,47050,48825,1360,100000
new,8,"(20261005, (74, 1, 8))",SL,3.0,any_pair:D4_expected_excess,1177,2948,1291,94584,1150,100000
new,8,"(20261005, (74, 1, 8))",SL,3.0,any_pair:D5_shared_total,319,3806,2263,93612,167,100000
new,8,"(20261005, (74, 1, 8))",SL,3.0,any_pair:D5n_shared_net,72,4053,187,95688,19,100000
new,8,"(20261005, (74, 1, 8))",SL,3.0,any_pair:H_shared_total_agree,294,3831,2156,93719,156,100000
new,8,"(20261005, (74, 1, 8))",SL,3.0,any_pair:Hn_shared_net_agree,56,4069,156,95719,17,100000
new,8,"(20261005, (74, 1, 8))",SL,3.0,any_pair:X_expected_excess_ge_tau,548,3577,279,95596,536,100000
new,8,"(20261005, (74, 1, 8))",SL,3.0,reported_wrong:A1_anchor,1493,2632,15156,80719,-1,100000
new,8,"(20261005, (74, 1, 8))",SL,3.0,reported_wrong:A3_largest,2613,1512,15975,79900,-1,100000
new,8,"(20261005, (74, 1, 8))",SL,3.0,reported_wrong:A4_reviewed,1551,2574,15975,79900,-1,100000
new,8,"(20261005, (74, 1, 8))",SL,4.0,any_pair:D0_published,890,659,5262,93189,820,100000
new,8,"(20261005, (74, 1, 8))",SL,4.0,any_pair:D0a_other_over,862,687,5096,93355,789,100000
new,8,"(20261005, (74, 1, 8))",SL,4.0,any_pair:D0b_anchor_under,51,1498,209,98242,51,100000
new,8,"(20261005, (74, 1, 8))",SL,4.0,any_pair:D1_plus_other_under,1337,212,51143,47308,850,100000
new,8,"(20261005, (74, 1, 8))",SL,4.0,any_pair:D2_net_either_view,1195,354,47088,51363,585,100000
new,8,"(20261005, (74, 1, 8))",SL,4.0,any_pair:D3_total_either_view,1240,309,48650,49801,744,100000
new,8,"(20261005, (74, 1, 8))",SL,4.0,any_pair:D4_expected_excess,733,816,1735,96716,711,100000
new,8,"(20261005, (74, 1, 8))",SL,4.0,any_pair:D5_shared_total,157,1392,2425,96026,72,100000
new,8,"(20261005, (74, 1, 8))",SL,4.0,any_pair:D5n_shared_net,49,1500,210,98241,9,100000
new,8,"(20261005, (74, 1, 8))",SL,4.0,any_pair:H_shared_total_agree,151,1398,2373,96078,67,100000
new,8,"(20261005, (74, 1, 8))",SL,4.0,any_pair:Hn_shared_net_agree,42,1507,188,98263,9,100000
new,8,"(20261005, (74, 1, 8))",SL,4.0,any_pair:X_expected_excess_ge_tau,195,1354,105,98346,194,100000
new,8,"(20261005, (74, 1, 8))",SL,4.0,reported_wrong:A1_anchor,649,900,16000,82451,-1,100000
new,8,"(20261005, (74, 1, 8))",SL,4.0,reported_wrong:A3_largest,1238,311,17350,81101,-1,100000
new,8,"(20261005, (74, 1, 8))",SL,4.0,reported_wrong:A4_reviewed,682,867,16844,81607,-1,100000
new,8,"(20261005, (74, 1, 8))",SL,5.0,any_pair:D0_published,452,178,5700,93670,427,100000
new,8,"(20261005, (74, 1, 8))",SL,5.0,any_pair:D0a_other_over,439,191,5519,93851,412,100000
new,8,"(20261005, (74, 1, 8))",SL,5.0,any_pair:D0b_anchor_under,30,600,230,99140,30,100000
new,8,"(20261005, (74, 1, 8))",SL,5.0,any_pair:D1_plus_other_under,577,53,51903,47467,435,100000
new,8,"(20261005, (74, 1, 8))",SL,5.0,any_pair:D2_net_either_view,529,101,47754,51616,333,100000
new,8,"(20261005, (74, 1, 8))",SL,5.0,any_pair:D3_total_either_view,547,83,49343,50027,388,100000
new,8,"(20261005, (74, 1, 8))",SL,5.0,any_pair:D4_expected_excess,391,239,2077,97293,386,100000
new,8,"(20261005, (74, 1, 8))",SL,5.0,any_pair:D5_shared_total,85,545,2497,96873,35,100000
new,8,"(20261005, (74, 1, 8))",SL,5.0,any_pair:D5n_shared_net,30,600,229,99141,4,100000
new,8,"(20261005, (74, 1, 8))",SL,5.0,any_pair:H_shared_total_agree,84,546,2471,96899,34,100000
new,8,"(20261005, (74, 1, 8))",SL,5.0,any_pair:Hn_shared_net_agree,26,604,211,99159,4,100000
new,8,"(20261005, (74, 1, 8))",SL,5.0,any_pair:X_expected_excess_ge_tau,68,562,43,99327,67,100000
new,8,"(20261005, (74, 1, 8))",SL,5.0,reported_wrong:A1_anchor,294,336,16355,83015,-1,100000
new,8,"(20261005, (74, 1, 8))",SL,5.0,reported_wrong:A3_largest,568,62,18020,81350,-1,100000
new,8,"(20261005, (74, 1, 8))",SL,5.0,reported_wrong:A4_reviewed,303,327,17223,82147,-1,100000
new,8,"(20261005, (74, 1, 8))",SL,6.0,any_pair:D0_published,218,47,5934,93801,213,100000
new,8,"(20261005, (74, 1, 8))",SL,6.0,any_pair:D0a_other_over,214,51,5744,93991,206,100000
new,8,"(20261005, (74, 1, 8))",SL,6.0,any_pair:D0b_anchor_under,17,248,243,99492,17,100000
new,8,"(20261005, (74, 1, 8))",SL,6.0,any_pair:D1_plus_other_under,253,12,52227,47508,216,100000
new,8,"(20261005, (74, 1, 8))",SL,6.0,any_pair:D2_net_either_view,239,26,48044,51691,179,100000
new,8,"(20261005, (74, 1, 8))",SL,6.0,any_pair:D3_total_either_view,245,20,49645,50090,198,100000
new,8,"(20261005, (74, 1, 8))",SL,6.0,any_pair:D4_expected_excess,203,62,2265,97470,201,100000
new,8,"(20261005, (74, 1, 8))",SL,6.0,any_pair:D5_shared_total,40,225,2542,97193,17,100000
new,8,"(20261005, (74, 1, 8))",SL,6.0,any_pair:D5n_shared_net,18,247,241,99494,3,100000
new,8,"(20261005, (74, 1, 8))",SL,6.0,any_pair:H_shared_total_agree,40,225,2528,97207,17,100000
new,8,"(20261005, (74, 1, 8))",SL,6.0,any_pair:Hn_shared_net_agree,16,249,226,99509,3,100000
new,8,"(20261005, (74, 1, 8))",SL,6.0,any_pair:X_expected_excess_ge_tau,26,239,16,99719,24,100000
new,8,"(20261005, (74, 1, 8))",SL,6.0,reported_wrong:A1_anchor,126,139,16523,83212,-1,100000
new,8,"(20261005, (74, 1, 8))",SL,6.0,reported_wrong:A3_largest,253,12,18335,81400,-1,100000
new,8,"(20261005, (74, 1, 8))",SL,6.0,reported_wrong:A4_reviewed,133,132,17393,82342,-1,100000
new,8,"(20261005, (74, 1, 8))",either,2.0,any_pair:D0_published,10240,17128,9499,63133,7900,100000
new,8,"(20261005, (74, 1, 8))",either,2.0,any_pair:D0a_other_over,9752,17616,8945,63687,7400,100000
new,8,"(20261005, (74, 1, 8))",either,2.0,any_pair:D0b_anchor_under,1019,26349,807,71825,804,100000
new,8,"(20261005, (74, 1, 8))",either,2.0,any_pair:D1_plus_other_under,24566,2802,60068,12564,9311,100000
new,8,"(20261005, (74, 1, 8))",either,2.0,any_pair:D2_net_either_view,23502,3866,57951,14681,5509,100000
new,8,"(20261005, (74, 1, 8))",either,2.0,any_pair:D3_total_either_view,23697,3671,58430,14202,8665,100000
new,8,"(20261005, (74, 1, 8))",either,2.0,any_pair:D4_expected_excess,6041,21327,2111,70521,5512,100000
new,8,"(20261005, (74, 1, 8))",either,2.0,any_pair:D5_shared_total,4082,23286,6399,66233,2056,100000
new,8,"(20261005, (74, 1, 8))",either,2.0,any_pair:D5n_shared_net,1013,26355,833,71799,287,100000
new,8,"(20261005, (74, 1, 8))",either,2.0,any_pair:H_shared_total_agree,3489,23879,5595,67037,1813,100000
new,8,"(20261005, (74, 1, 8))",either,2.0,any_pair:Hn_shared_net_agree,637,26731,530,72102,253,100000
new,8,"(20261005, (74, 1, 8))",either,2.0,any_pair:X_expected_excess_ge_tau,6041,21327,2111,70521,5512,100000
new,8,"(20261005, (74, 1, 8))",either,2.0,reported_wrong:A1_anchor,13544,13824,23579,49053,-1,100000
new,8,"(20261005, (74, 1, 8))",either,2.0,reported_wrong:A3_largest,15248,12120,22424,50208,-1,100000
new,8,"(20261005, (74, 1, 8))",either,2.0,reported_wrong:A4_reviewed,13173,14195,22424,50208,-1,100000
new,8,"(20261005, (74, 1, 8))",either,3.0,any_pair:D0_published,6609,6160,13130,74101,5416,100000
new,8,"(20261005, (74, 1, 8))",either,3.0,any_pair:D0a_other_over,6277,6492,12420,74811,5050,100000
new,8,"(20261005, (74, 1, 8))",either,3.0,any_pair:D0b_anchor_under,765,12004,1061,86170,612,100000
new,8,"(20261005, (74, 1, 8))",either,3.0,any_pair:D1_plus_other_under,12049,720,72585,14646,5920,100000
new,8,"(20261005, (74, 1, 8))",either,3.0,any_pair:D2_net_either_view,11609,1160,69844,17387,3818,100000
new,8,"(20261005, (74, 1, 8))",either,3.0,any_pair:D3_total_either_view,11624,1145,70503,16728,5472,100000
new,8,"(20261005, (74, 1, 8))",either,3.0,any_pair:D4_expected_excess,4487,8282,3665,83566,4142,100000
new,8,"(20261005, (74, 1, 8))",either,3.0,any_pair:D5_shared_total,2448,10321,8033,79198,1159,100000
new,8,"(20261005, (74, 1, 8))",either,3.0,any_pair:D5n_shared_net,740,12029,1106,86125,174,100000
new,8,"(20261005, (74, 1, 8))",either,3.0,any_pair:H_shared_total_agree,2235,10534,7577,79654,1028,100000
new,8,"(20261005, (74, 1, 8))",either,3.0,any_pair:Hn_shared_net_agree,552,12217,870,86361,160,100000
new,8,"(20261005, (74, 1, 8))",either,3.0,any_pair:X_expected_excess_ge_tau,2442,10327,972,86259,2312,100000
new,8,"(20261005, (74, 1, 8))",either,3.0,reported_wrong:A1_anchor,7205,5564,29918,57313,-1,100000
new,8,"(20261005, (74, 1, 8))",either,3.0,reported_wrong:A3_largest,9064,3705,28608,58623,-1,100000
new,8,"(20261005, (74, 1, 8))",either,3.0,reported_wrong:A4_reviewed,6989,5780,28608,58623,-1,100000
new,8,"(20261005, (74, 1, 8))",either,4.0,any_pair:D0_published,4032,2033,15707,78228,3466,100000
new,8,"(20261005, (74, 1, 8))",either,4.0,any_pair:D0a_other_over,3828,2237,14869,79066,3215,100000
new,8,"(20261005, (74, 1, 8))",either,4.0,any_pair:D0b_anchor_under,535,5530,1291,92644,442,100000
new,8,"(20261005, (74, 1, 8))",either,4.0,any_pair:D1_plus_other_under,5883,182,78751,15184,3653,100000
new,8,"(20261005, (74, 1, 8))",either,4.0,any_pair:D2_net_either_view,5708,357,75745,18190,2596,100000
new,8,"(20261005, (74, 1, 8))",either,4.0,any_pair:D3_total_either_view,5744,321,76383,17552,3387,100000
new,8,"(20261005, (74, 1, 8))",either,4.0,any_pair:D4_expected_excess,3068,2997,5084,88851,2851,100000
new,8,"(20261005, (74, 1, 8))",either,4.0,any_pair:D5_shared_total,1400,4665,9081,84854,621,100000
new,8,"(20261005, (74, 1, 8))",either,4.0,any_pair:D5n_shared_net,508,5557,1338,92597,102,100000
new,8,"(20261005, (74, 1, 8))",either,4.0,any_pair:H_shared_total_agree,1308,4757,8826,85109,540,100000
new,8,"(20261005, (74, 1, 8))",either,4.0,any_pair:Hn_shared_net_agree,421,5644,1125,92810,97,100000
new,8,"(20261005, (74, 1, 8))",either,4.0,any_pair:X_expected_excess_ge_tau,1058,5007,479,93456,1007,100000
new,8,"(20261005, (74, 1, 8))",either,4.0,reported_wrong:A1_anchor,3707,2358,33416,60519,-1,100000
new,8,"(20261005, (74, 1, 8))",either,4.0,reported_wrong:A3_largest,5074,991,32598,61337,-1,100000
new,8,"(20261005, (74, 1, 8))",either,4.0,reported_wrong:A4_reviewed,3738,2327,31859,62076,-1,100000
new,8,"(20261005, (74, 1, 8))",either,5.0,any_pair:D0_published,2360,682,17379,79579,2127,100000
new,8,"(20261005, (74, 1, 8))",either,5.0,any_pair:D0a_other_over,2241,801,16456,80502,1970,100000
new,8,"(20261005, (74, 1, 8))",either,5.0,any_pair:D0b_anchor_under,352,2690,1474,95484,302,100000
new,8,"(20261005, (74, 1, 8))",either,5.0,any_pair:D1_plus_other_under,2994,48,81640,15318,2203,100000
new,8,"(20261005, (74, 1, 8))",either,5.0,any_pair:D2_net_either_view,2915,127,78538,18420,1684,100000
new,8,"(20261005, (74, 1, 8))",either,5.0,any_pair:D3_total_either_view,2940,102,79187,17771,2056,100000
new,8,"(20261005, (74, 1, 8))",either,5.0,any_pair:D4_expected_excess,1941,1101,6211,90747,1821,100000
new,8,"(20261005, (74, 1, 8))",either,5.0,any_pair:D5_shared_total,793,2249,9688,87270,342,100000
new,8,"(20261005, (74, 1, 8))",either,5.0,any_pair:D5n_shared_net,328,2714,1518,95440,54,100000
new,8,"(20261005, (74, 1, 8))",either,5.0,any_pair:H_shared_total_agree,756,2286,9558,87400,300,100000
new,8,"(20261005, (74, 1, 8))",either,5.0,any_pair:Hn_shared_net_agree,283,2759,1360,95598,51,100000
new,8,"(20261005, (74, 1, 8))",either,5.0,any_pair:X_expected_excess_ge_tau,489,2553,206,96752,469,100000
new,8,"(20261005, (74, 1, 8))",either,5.0,reported_wrong:A1_anchor,1966,1076,35157,61801,-1,100000
new,8,"(20261005, (74, 1, 8))",either,5.0,reported_wrong:A3_largest,2762,280,34910,62048,-1,100000
new,8,"(20261005, (74, 1, 8))",either,5.0,reported_wrong:A4_reviewed,2020,1022,33577,63381,-1,100000
new,8,"(20261005, (74, 1, 8))",either,6.0,any_pair:D0_published,1367,226,18372,80035,1265,100000
new,8,"(20261005, (74, 1, 8))",either,6.0,any_pair:D0a_other_over,1304,289,17393,81014,1177,100000
new,8,"(20261005, (74, 1, 8))",either,6.0,any_pair:D0b_anchor_under,222,1371,1604,96803,191,100000
new,8,"(20261005, (74, 1, 8))",either,6.0,any_pair:D1_plus_other_under,1587,6,83047,15360,1296,100000
new,8,"(20261005, (74, 1, 8))",either,6.0,any_pair:D2_net_either_view,1563,30,79890,18517,1057,100000
new,8,"(20261005, (74, 1, 8))",either,6.0,any_pair:D3_total_either_view,1564,29,80563,17844,1218,100000
new,8,"(20261005, (74, 1, 8))",either,6.0,any_pair:D4_expected_excess,1178,415,6974,91433,1114,100000
new,8,"(20261005, (74, 1, 8))",either,6.0,any_pair:D5_shared_total,447,1146,10034,88373,190,100000
new,8,"(20261005, (74, 1, 8))",either,6.0,any_pair:D5n_shared_net,208,1385,1638,96769,31,100000
new,8,"(20261005, (74, 1, 8))",either,6.0,any_pair:H_shared_total_agree,431,1162,9964,88443,163,100000
new,8,"(20261005, (74, 1, 8))",either,6.0,any_pair:Hn_shared_net_agree,184,1409,1532,96875,29,100000
new,8,"(20261005, (74, 1, 8))",either,6.0,any_pair:X_expected_excess_ge_tau,257,1336,120,98287,250,100000
new,8,"(20261005, (74, 1, 8))",either,6.0,reported_wrong:A1_anchor,1060,533,36063,62344,-1,100000
new,8,"(20261005, (74, 1, 8))",either,6.0,reported_wrong:A3_largest,1508,85,36164,62243,-1,100000
new,8,"(20261005, (74, 1, 8))",either,6.0,reported_wrong:A4_reviewed,1096,497,34501,63906,-1,100000
new,9,"(20261005, (74, 1, 9))",AP,2.0,any_pair:D0_published,6523,11806,8635,73036,5834,100000
new,9,"(20261005, (74, 1, 9))",AP,2.0,any_pair:D0a_other_over,6146,12183,7907,73764,5413,100000
new,9,"(20261005, (74, 1, 9))",AP,2.0,any_pair:D0b_anchor_under,668,17661,947,80724,668,100000
new,9,"(20261005, (74, 1, 9))",AP,2.0,any_pair:D1_plus_other_under,14877,3452,63262,18409,7005,100000
new,9,"(20261005, (74, 1, 9))",AP,2.0,any_pair:D2_net_either_view,13539,4790,60046,21625,4251,100000
new,9,"(20261005, (74, 1, 9))",AP,2.0,any_pair:D3_total_either_view,14097,4232,61089,20582,6837,100000
new,9,"(20261005, (74, 1, 9))",AP,2.0,any_pair:D4_expected_excess,4265,14064,1711,79960,4132,100000
new,9,"(20261005, (74, 1, 9))",AP,2.0,any_pair:D5_shared_total,2781,15548,7351,74320,1760,100000
new,9,"(20261005, (74, 1, 9))",AP,2.0,any_pair:D5n_shared_net,641,17688,966,80705,218,100000
new,9,"(20261005, (74, 1, 9))",AP,2.0,any_pair:H_shared_total_agree,2282,16047,6151,75520,1487,100000
new,9,"(20261005, (74, 1, 9))",AP,2.0,any_pair:Hn_shared_net_agree,396,17933,599,81072,189,100000
new,9,"(20261005, (74, 1, 9))",AP,2.0,any_pair:X_expected_excess_ge_tau,4265,14064,1711,79960,4132,100000
new,9,"(20261005, (74, 1, 9))",AP,2.0,reported_wrong:A1_anchor,7619,10710,20986,60685,-1,100000
new,9,"(20261005, (74, 1, 9))",AP,2.0,reported_wrong:A3_largest,8902,9427,20101,61570,-1,100000
new,9,"(20261005, (74, 1, 9))",AP,2.0,reported_wrong:A4_reviewed,7065,11264,20101,61570,-1,100000
new,9,"(20261005, (74, 1, 9))",AP,3.0,any_pair:D0_published,4482,4781,10676,80061,4085,100000
new,9,"(20261005, (74, 1, 9))",AP,3.0,any_pair:D0a_other_over,4224,5039,9829,80908,3788,100000
new,9,"(20261005, (74, 1, 9))",AP,3.0,any_pair:D0b_anchor_under,494,8769,1121,89616,494,100000
new,9,"(20261005, (74, 1, 9))",AP,3.0,any_pair:D1_plus_other_under,8078,1185,70061,20676,4510,100000
new,9,"(20261005, (74, 1, 9))",AP,3.0,any_pair:D2_net_either_view,7411,1852,66174,24563,2957,100000
new,9,"(20261005, (74, 1, 9))",AP,3.0,any_pair:D3_total_either_view,7656,1607,67530,23207,4357,100000
new,9,"(20261005, (74, 1, 9))",AP,3.0,any_pair:D4_expected_excess,3284,5979,2692,88045,3176,100000
new,9,"(20261005, (74, 1, 9))",AP,3.0,any_pair:D5_shared_total,1728,7535,8404,82333,982,100000
new,9,"(20261005, (74, 1, 9))",AP,3.0,any_pair:D5n_shared_net,476,8787,1131,89606,137,100000
new,9,"(20261005, (74, 1, 9))",AP,3.0,any_pair:H_shared_total_agree,1500,7763,7786,82951,851,100000
new,9,"(20261005, (74, 1, 9))",AP,3.0,any_pair:Hn_shared_net_agree,363,8900,848,89889,131,100000
new,9,"(20261005, (74, 1, 9))",AP,3.0,any_pair:X_expected_excess_ge_tau,1885,7378,805,89932,1836,100000
new,9,"(20261005, (74, 1, 9))",AP,3.0,reported_wrong:A1_anchor,4310,4953,24295,66442,-1,100000
new,9,"(20261005, (74, 1, 9))",AP,3.0,reported_wrong:A3_largest,5847,3416,23156,67581,-1,100000
new,9,"(20261005, (74, 1, 9))",AP,3.0,reported_wrong:A4_reviewed,4010,5253,23156,67581,-1,100000
new,9,"(20261005, (74, 1, 9))",AP,4.0,any_pair:D0_published,2875,1743,12283,83099,2686,100000
new,9,"(20261005, (74, 1, 9))",AP,4.0,any_pair:D0a_other_over,2703,1915,11350,84032,2489,100000
new,9,"(20261005, (74, 1, 9))",AP,4.0,any_pair:D0b_anchor_under,361,4257,1254,94128,361,100000
new,9,"(20261005, (74, 1, 9))",AP,4.0,any_pair:D1_plus_other_under,4261,357,73878,21504,2823,100000
new,9,"(20261005, (74, 1, 9))",AP,4.0,any_pair:D2_net_either_view,3960,658,69625,25757,1999,100000
new,9,"(20261005, (74, 1, 9))",AP,4.0,any_pair:D3_total_either_view,4060,558,71126,24256,2692,100000
new,9,"(20261005, (74, 1, 9))",AP,4.0,any_pair:D4_expected_excess,2300,2318,3676,91706,2208,100000
new,9,"(20261005, (74, 1, 9))",AP,4.0,any_pair:D5_shared_total,1025,3593,9107,86275,553,100000
new,9,"(20261005, (74, 1, 9))",AP,4.0,any_pair:D5n_shared_net,341,4277,1266,94116,76,100000
new,9,"(20261005, (74, 1, 9))",AP,4.0,any_pair:H_shared_total_agree,932,3686,8797,86585,486,100000
new,9,"(20261005, (74, 1, 9))",AP,4.0,any_pair:Hn_shared_net_agree,284,4334,1092,94290,74,100000
new,9,"(20261005, (74, 1, 9))",AP,4.0,any_pair:X_expected_excess_ge_tau,869,3749,409,94973,846,100000
new,9,"(20261005, (74, 1, 9))",AP,4.0,reported_wrong:A1_anchor,2314,2304,26291,69091,-1,100000
new,9,"(20261005, (74, 1, 9))",AP,4.0,reported_wrong:A3_largest,3527,1091,25476,69906,-1,100000
new,9,"(20261005, (74, 1, 9))",AP,4.0,reported_wrong:A4_reviewed,2305,2313,24861,70521,-1,100000
new,9,"(20261005, (74, 1, 9))",AP,5.0,any_pair:D0_published,1761,659,13397,84183,1669,100000
new,9,"(20261005, (74, 1, 9))",AP,5.0,any_pair:D0a_other_over,1670,750,12383,85197,1558,100000
new,9,"(20261005, (74, 1, 9))",AP,5.0,any_pair:D0b_anchor_under,239,2181,1376,96204,239,100000
new,9,"(20261005, (74, 1, 9))",AP,5.0,any_pair:D1_plus_other_under,2319,101,75820,21760,1723,100000
new,9,"(20261005, (74, 1, 9))",AP,5.0,any_pair:D2_net_either_view,2207,213,71378,26202,1355,100000
new,9,"(20261005, (74, 1, 9))",AP,5.0,any_pair:D3_total_either_view,2236,184,72950,24630,1663,100000
new,9,"(20261005, (74, 1, 9))",AP,5.0,any_pair:D4_expected_excess,1501,919,4475,93105,1450,100000
new,9,"(20261005, (74, 1, 9))",AP,5.0,any_pair:D5_shared_total,596,1824,9536,88044,323,100000
new,9,"(20261005, (74, 1, 9))",AP,5.0,any_pair:D5n_shared_net,224,2196,1383,96197,43,100000
new,9,"(20261005, (74, 1, 9))",AP,5.0,any_pair:H_shared_total_agree,551,1869,9357,88223,291,100000
new,9,"(20261005, (74, 1, 9))",AP,5.0,any_pair:Hn_shared_net_agree,191,2229,1260,96320,41,100000
new,9,"(20261005, (74, 1, 9))",AP,5.0,any_pair:X_expected_excess_ge_tau,428,1992,204,97376,421,100000
new,9,"(20261005, (74, 1, 9))",AP,5.0,reported_wrong:A1_anchor,1258,1162,27347,70233,-1,100000
new,9,"(20261005, (74, 1, 9))",AP,5.0,reported_wrong:A3_largest,2094,326,26909,70671,-1,100000
new,9,"(20261005, (74, 1, 9))",AP,5.0,reported_wrong:A4_reviewed,1319,1101,25847,71733,-1,100000
new,9,"(20261005, (74, 1, 9))",AP,6.0,any_pair:D0_published,1068,229,14090,84613,1024,100000
new,9,"(20261005, (74, 1, 9))",AP,6.0,any_pair:D0a_other_over,1025,272,13028,85675,970,100000
new,9,"(20261005, (74, 1, 9))",AP,6.0,any_pair:D0b_anchor_under,149,1148,1466,97237,149,100000
new,9,"(20261005, (74, 1, 9))",AP,6.0,any_pair:D1_plus_other_under,1264,33,76875,21828,1039,100000
new,9,"(20261005, (74, 1, 9))",AP,6.0,any_pair:D2_net_either_view,1215,82,72370,26333,862,100000
new,9,"(20261005, (74, 1, 9))",AP,6.0,any_pair:D3_total_either_view,1233,64,73953,24750,1006,100000
new,9,"(20261005, (74, 1, 9))",AP,6.0,any_pair:D4_expected_excess,949,348,5027,93676,921,100000
new,9,"(20261005, (74, 1, 9))",AP,6.0,any_pair:D5_shared_total,335,962,9797,88906,183,100000
new,9,"(20261005, (74, 1, 9))",AP,6.0,any_pair:D5n_shared_net,138,1159,1469,97234,20,100000
new,9,"(20261005, (74, 1, 9))",AP,6.0,any_pair:H_shared_total_agree,315,982,9693,89010,162,100000
new,9,"(20261005, (74, 1, 9))",AP,6.0,any_pair:Hn_shared_net_agree,118,1179,1390,97313,19,100000
new,9,"(20261005, (74, 1, 9))",AP,6.0,any_pair:X_expected_excess_ge_tau,225,1072,104,98599,221,100000
new,9,"(20261005, (74, 1, 9))",AP,6.0,reported_wrong:A1_anchor,691,606,27914,70789,-1,100000
new,9,"(20261005, (74, 1, 9))",AP,6.0,reported_wrong:A3_largest,1197,100,27806,70897,-1,100000
new,9,"(20261005, (74, 1, 9))",AP,6.0,reported_wrong:A4_reviewed,738,559,26428,72275,-1,100000
new,9,"(20261005, (74, 1, 9))",SL,2.0,any_pair:D0_published,2515,9016,3530,84939,2246,100000
new,9,"(20261005, (74, 1, 9))",SL,2.0,any_pair:D0a_other_over,2453,9078,3397,85072,2177,100000
new,9,"(20261005, (74, 1, 9))",SL,2.0,any_pair:D0b_anchor_under,93,11438,162,88307,93,100000
new,9,"(20261005, (74, 1, 9))",SL,2.0,any_pair:D1_plus_other_under,7000,4531,45063,43406,2609,100000
new,9,"(20261005, (74, 1, 9))",SL,2.0,any_pair:D2_net_either_view,6042,5489,41782,46687,1327,100000
new,9,"(20261005, (74, 1, 9))",SL,2.0,any_pair:D3_total_either_view,6430,5101,43423,45046,2315,100000
new,9,"(20261005, (74, 1, 9))",SL,2.0,any_pair:D4_expected_excess,1601,9930,836,87633,1552,100000
new,9,"(20261005, (74, 1, 9))",SL,2.0,any_pair:D5_shared_total,619,10912,2118,86351,380,100000
new,9,"(20261005, (74, 1, 9))",SL,2.0,any_pair:D5n_shared_net,97,11434,176,88293,37,100000
new,9,"(20261005, (74, 1, 9))",SL,2.0,any_pair:H_shared_total_agree,530,11001,1863,86606,333,100000
new,9,"(20261005, (74, 1, 9))",SL,2.0,any_pair:Hn_shared_net_agree,61,11470,108,88361,29,100000
new,9,"(20261005, (74, 1, 9))",SL,2.0,any_pair:X_expected_excess_ge_tau,1601,9930,836,87633,1552,100000
new,9,"(20261005, (74, 1, 9))",SL,2.0,reported_wrong:A1_anchor,3302,8229,13371,75098,-1,100000
new,9,"(20261005, (74, 1, 9))",SL,2.0,reported_wrong:A3_largest,5015,6516,13738,74731,-1,100000
new,9,"(20261005, (74, 1, 9))",SL,2.0,reported_wrong:A4_reviewed,3982,7549,13738,74731,-1,100000
new,9,"(20261005, (74, 1, 9))",SL,3.0,any_pair:D0_published,1532,2578,4513,91377,1393,100000
new,9,"(20261005, (74, 1, 9))",SL,3.0,any_pair:D0a_other_over,1490,2620,4360,91530,1343,100000
new,9,"(20261005, (74, 1, 9))",SL,3.0,any_pair:D0b_anchor_under,66,4044,189,95701,66,100000
new,9,"(20261005, (74, 1, 9))",SL,3.0,any_pair:D1_plus_other_under,3054,1056,49009,46881,1497,100000
new,9,"(20261005, (74, 1, 9))",SL,3.0,any_pair:D2_net_either_view,2644,1466,45180,50710,890,100000
new,9,"(20261005, (74, 1, 9))",SL,3.0,any_pair:D3_total_either_view,2827,1283,47026,48864,1374,100000
new,9,"(20261005, (74, 1, 9))",SL,3.0,any_pair:D4_expected_excess,1118,2992,1319,94571,1080,100000
new,9,"(20261005, (74, 1, 9))",SL,3.0,any_pair:D5_shared_total,344,3766,2393,93497,180,100000
new,9,"(20261005, (74, 1, 9))",SL,3.0,any_pair:D5n_shared_net,68,4042,205,95685,23,100000
new,9,"(20261005, (74, 1, 9))",SL,3.0,any_pair:H_shared_total_agree,308,3802,2277,93613,162,100000
new,9,"(20261005, (74, 1, 9))",SL,3.0,any_pair:Hn_shared_net_agree,49,4061,160,95730,21,100000
new,9,"(20261005, (74, 1, 9))",SL,3.0,any_pair:X_expected_excess_ge_tau,531,3579,263,95627,519,100000
new,9,"(20261005, (74, 1, 9))",SL,3.0,reported_wrong:A1_anchor,1521,2589,15152,80738,-1,100000
new,9,"(20261005, (74, 1, 9))",SL,3.0,reported_wrong:A3_largest,2600,1510,16153,79737,-1,100000
new,9,"(20261005, (74, 1, 9))",SL,3.0,reported_wrong:A4_reviewed,1567,2543,16153,79737,-1,100000
new,9,"(20261005, (74, 1, 9))",SL,4.0,any_pair:D0_published,844,715,5201,93240,781,100000
new,9,"(20261005, (74, 1, 9))",SL,4.0,any_pair:D0a_other_over,818,741,5032,93409,751,100000
new,9,"(20261005, (74, 1, 9))",SL,4.0,any_pair:D0b_anchor_under,44,1515,211,98230,44,100000
new,9,"(20261005, (74, 1, 9))",SL,4.0,any_pair:D1_plus_other_under,1338,221,50725,47716,815,100000
new,9,"(20261005, (74, 1, 9))",SL,4.0,any_pair:D2_net_either_view,1177,382,46647,51794,549,100000
new,9,"(20261005, (74, 1, 9))",SL,4.0,any_pair:D3_total_either_view,1233,326,48620,49821,748,100000
new,9,"(20261005, (74, 1, 9))",SL,4.0,any_pair:D4_expected_excess,679,880,1758,96683,661,100000
new,9,"(20261005, (74, 1, 9))",SL,4.0,any_pair:D5_shared_total,181,1378,2556,95885,87,100000
new,9,"(20261005, (74, 1, 9))",SL,4.0,any_pair:D5n_shared_net,44,1515,229,98212,11,100000
new,9,"(20261005, (74, 1, 9))",SL,4.0,any_pair:H_shared_total_agree,170,1389,2503,95938,81,100000
new,9,"(20261005, (74, 1, 9))",SL,4.0,any_pair:Hn_shared_net_agree,36,1523,198,98243,9,100000
new,9,"(20261005, (74, 1, 9))",SL,4.0,any_pair:X_expected_excess_ge_tau,207,1352,113,98328,205,100000
new,9,"(20261005, (74, 1, 9))",SL,4.0,reported_wrong:A1_anchor,648,911,16025,82416,-1,100000
new,9,"(20261005, (74, 1, 9))",SL,4.0,reported_wrong:A3_largest,1249,310,17504,80937,-1,100000
new,9,"(20261005, (74, 1, 9))",SL,4.0,reported_wrong:A4_reviewed,730,829,16990,81451,-1,100000
new,9,"(20261005, (74, 1, 9))",SL,5.0,any_pair:D0_published,456,199,5589,93756,428,100000
new,9,"(20261005, (74, 1, 9))",SL,5.0,any_pair:D0a_other_over,444,211,5406,93939,412,100000
new,9,"(20261005, (74, 1, 9))",SL,5.0,any_pair:D0b_anchor_under,29,626,226,99119,29,100000
new,9,"(20261005, (74, 1, 9))",SL,5.0,any_pair:D1_plus_other_under,611,44,51452,47893,439,100000
new,9,"(20261005, (74, 1, 9))",SL,5.0,any_pair:D2_net_either_view,562,93,47262,52083,333,100000
new,9,"(20261005, (74, 1, 9))",SL,5.0,any_pair:D3_total_either_view,571,84,49282,50063,418,100000
new,9,"(20261005, (74, 1, 9))",SL,5.0,any_pair:D4_expected_excess,390,265,2047,97298,384,100000
new,9,"(20261005, (74, 1, 9))",SL,5.0,any_pair:D5_shared_total,107,548,2630,96715,56,100000
new,9,"(20261005, (74, 1, 9))",SL,5.0,any_pair:D5n_shared_net,28,627,245,99100,6,100000
new,9,"(20261005, (74, 1, 9))",SL,5.0,any_pair:H_shared_total_agree,104,551,2611,96734,55,100000
new,9,"(20261005, (74, 1, 9))",SL,5.0,any_pair:Hn_shared_net_agree,26,629,222,99123,5,100000
new,9,"(20261005, (74, 1, 9))",SL,5.0,any_pair:X_expected_excess_ge_tau,76,579,43,99302,75,100000
new,9,"(20261005, (74, 1, 9))",SL,5.0,reported_wrong:A1_anchor,282,373,16391,82954,-1,100000
new,9,"(20261005, (74, 1, 9))",SL,5.0,reported_wrong:A3_largest,587,68,18166,81179,-1,100000
new,9,"(20261005, (74, 1, 9))",SL,5.0,reported_wrong:A4_reviewed,325,330,17395,81950,-1,100000
new,9,"(20261005, (74, 1, 9))",SL,6.0,any_pair:D0_published,248,55,5797,93900,236,100000
new,9,"(20261005, (74, 1, 9))",SL,6.0,any_pair:D0a_other_over,241,62,5609,94088,226,100000
new,9,"(20261005, (74, 1, 9))",SL,6.0,any_pair:D0b_anchor_under,20,283,235,99462,20,100000
new,9,"(20261005, (74, 1, 9))",SL,6.0,any_pair:D1_plus_other_under,293,10,51770,47927,242,100000
new,9,"(20261005, (74, 1, 9))",SL,6.0,any_pair:D2_net_either_view,278,25,47546,52151,202,100000
new,9,"(20261005, (74, 1, 9))",SL,6.0,any_pair:D3_total_either_view,287,16,49566,50131,234,100000
new,9,"(20261005, (74, 1, 9))",SL,6.0,any_pair:D4_expected_excess,220,83,2217,97480,216,100000
new,9,"(20261005, (74, 1, 9))",SL,6.0,any_pair:D5_shared_total,68,235,2669,97028,30,100000
new,9,"(20261005, (74, 1, 9))",SL,6.0,any_pair:D5n_shared_net,20,283,253,99444,4,100000
new,9,"(20261005, (74, 1, 9))",SL,6.0,any_pair:H_shared_total_agree,67,236,2660,97037,30,100000
new,9,"(20261005, (74, 1, 9))",SL,6.0,any_pair:Hn_shared_net_agree,18,285,242,99455,3,100000
new,9,"(20261005, (74, 1, 9))",SL,6.0,any_pair:X_expected_excess_ge_tau,28,275,19,99678,27,100000
new,9,"(20261005, (74, 1, 9))",SL,6.0,reported_wrong:A1_anchor,135,168,16538,83159,-1,100000
new,9,"(20261005, (74, 1, 9))",SL,6.0,reported_wrong:A3_largest,281,22,18472,81225,-1,100000
new,9,"(20261005, (74, 1, 9))",SL,6.0,reported_wrong:A4_reviewed,162,141,17558,82139,-1,100000
new,9,"(20261005, (74, 1, 9))",either,2.0,any_pair:D0_published,10110,17237,9448,63205,7838,100000
new,9,"(20261005, (74, 1, 9))",either,2.0,any_pair:D0a_other_over,9665,17682,8887,63766,7392,100000
new,9,"(20261005, (74, 1, 9))",either,2.0,any_pair:D0b_anchor_under,991,26356,830,71823,751,100000
new,9,"(20261005, (74, 1, 9))",either,2.0,any_pair:D1_plus_other_under,24498,2849,60305,12348,9240,100000
new,9,"(20261005, (74, 1, 9))",either,2.0,any_pair:D2_net_either_view,23436,3911,58082,14571,5421,100000
new,9,"(20261005, (74, 1, 9))",either,2.0,any_pair:D3_total_either_view,23619,3728,58714,13939,8760,100000
new,9,"(20261005, (74, 1, 9))",either,2.0,any_pair:D4_expected_excess,6077,21270,2089,70564,5574,100000
new,9,"(20261005, (74, 1, 9))",either,2.0,any_pair:D5_shared_total,4122,23225,6568,66085,2080,100000
new,9,"(20261005, (74, 1, 9))",either,2.0,any_pair:D5n_shared_net,963,26384,869,71784,255,100000
new,9,"(20261005, (74, 1, 9))",either,2.0,any_pair:H_shared_total_agree,3531,23816,5709,66944,1780,100000
new,9,"(20261005, (74, 1, 9))",either,2.0,any_pair:Hn_shared_net_agree,601,26746,553,72100,218,100000
new,9,"(20261005, (74, 1, 9))",either,2.0,any_pair:X_expected_excess_ge_tau,6077,21270,2089,70564,5574,100000
new,9,"(20261005, (74, 1, 9))",either,2.0,reported_wrong:A1_anchor,13650,13697,23858,48795,-1,100000
new,9,"(20261005, (74, 1, 9))",either,2.0,reported_wrong:A3_largest,15165,12182,22771,49882,-1,100000
new,9,"(20261005, (74, 1, 9))",either,2.0,reported_wrong:A4_reviewed,13145,14202,22771,49882,-1,100000
new,9,"(20261005, (74, 1, 9))",either,3.0,any_pair:D0_published,6529,6194,13029,74248,5347,100000
new,9,"(20261005, (74, 1, 9))",either,3.0,any_pair:D0a_other_over,6243,6480,12309,74968,5026,100000
new,9,"(20261005, (74, 1, 9))",either,3.0,any_pair:D0b_anchor_under,716,12007,1105,86172,552,100000
new,9,"(20261005, (74, 1, 9))",either,3.0,any_pair:D1_plus_other_under,12041,682,72762,14515,5836,100000
new,9,"(20261005, (74, 1, 9))",either,3.0,any_pair:D2_net_either_view,11605,1118,69913,17364,3761,100000
new,9,"(20261005, (74, 1, 9))",either,3.0,any_pair:D3_total_either_view,11642,1081,70691,16586,5547,100000
new,9,"(20261005, (74, 1, 9))",either,3.0,any_pair:D4_expected_excess,4526,8197,3640,83637,4182,100000
new,9,"(20261005, (74, 1, 9))",either,3.0,any_pair:D5_shared_total,2429,10294,8261,79016,1132,100000
new,9,"(20261005, (74, 1, 9))",either,3.0,any_pair:D5n_shared_net,697,12026,1135,86142,160,100000
new,9,"(20261005, (74, 1, 9))",either,3.0,any_pair:H_shared_total_agree,2196,10527,7783,79494,991,100000
new,9,"(20261005, (74, 1, 9))",either,3.0,any_pair:Hn_shared_net_agree,531,12192,865,86412,152,100000
new,9,"(20261005, (74, 1, 9))",either,3.0,any_pair:X_expected_excess_ge_tau,2469,10254,963,86314,2326,100000
new,9,"(20261005, (74, 1, 9))",either,3.0,reported_wrong:A1_anchor,7285,5438,30223,57054,-1,100000
new,9,"(20261005, (74, 1, 9))",either,3.0,reported_wrong:A3_largest,8902,3821,29034,58243,-1,100000
new,9,"(20261005, (74, 1, 9))",either,3.0,reported_wrong:A4_reviewed,6882,5841,29034,58243,-1,100000
new,9,"(20261005, (74, 1, 9))",either,4.0,any_pair:D0_published,3947,2046,15611,78396,3404,100000
new,9,"(20261005, (74, 1, 9))",either,4.0,any_pair:D0a_other_over,3765,2228,14787,79220,3192,100000
new,9,"(20261005, (74, 1, 9))",either,4.0,any_pair:D0b_anchor_under,505,5488,1316,92691,401,100000
new,9,"(20261005, (74, 1, 9))",either,4.0,any_pair:D1_plus_other_under,5844,149,78959,15048,3563,100000
new,9,"(20261005, (74, 1, 9))",either,4.0,any_pair:D2_net_either_view,5681,312,75837,18170,2503,100000
new,9,"(20261005, (74, 1, 9))",either,4.0,any_pair:D3_total_either_view,5675,318,76658,17349,3375,100000
new,9,"(20261005, (74, 1, 9))",either,4.0,any_pair:D4_expected_excess,3044,2949,5122,88885,2831,100000
new,9,"(20261005, (74, 1, 9))",either,4.0,any_pair:D5_shared_total,1383,4610,9307,84700,627,100000
new,9,"(20261005, (74, 1, 9))",either,4.0,any_pair:D5n_shared_net,482,5511,1350,92657,87,100000
new,9,"(20261005, (74, 1, 9))",either,4.0,any_pair:H_shared_total_agree,1296,4697,9065,84942,558,100000
new,9,"(20261005, (74, 1, 9))",either,4.0,any_pair:Hn_shared_net_agree,411,5582,1172,92835,83,100000
new,9,"(20261005, (74, 1, 9))",either,4.0,any_pair:X_expected_excess_ge_tau,1096,4897,489,93518,1046,100000
new,9,"(20261005, (74, 1, 9))",either,4.0,reported_wrong:A1_anchor,3713,2280,33795,60212,-1,100000
new,9,"(20261005, (74, 1, 9))",either,4.0,reported_wrong:A3_largest,4911,1082,33025,60982,-1,100000
new,9,"(20261005, (74, 1, 9))",either,4.0,reported_wrong:A4_reviewed,3697,2296,32219,61788,-1,100000
new,9,"(20261005, (74, 1, 9))",either,5.0,any_pair:D0_published,2316,699,17242,79743,2063,100000
new,9,"(20261005, (74, 1, 9))",either,5.0,any_pair:D0a_other_over,2220,795,16332,80653,1944,100000
new,9,"(20261005, (74, 1, 9))",either,5.0,any_pair:D0b_anchor_under,334,2681,1487,95498,267,100000
new,9,"(20261005, (74, 1, 9))",either,5.0,any_pair:D1_plus_other_under,2983,32,81820,15165,2126,100000
new,9,"(20261005, (74, 1, 9))",either,5.0,any_pair:D2_net_either_view,2937,78,78581,18404,1664,100000
new,9,"(20261005, (74, 1, 9))",either,5.0,any_pair:D3_total_either_view,2930,85,79403,17582,2053,100000
new,9,"(20261005, (74, 1, 9))",either,5.0,any_pair:D4_expected_excess,1927,1088,6239,90746,1813,100000
new,9,"(20261005, (74, 1, 9))",either,5.0,any_pair:D5_shared_total,790,2225,9900,87085,373,100000
new,9,"(20261005, (74, 1, 9))",either,5.0,any_pair:D5n_shared_net,313,2702,1519,95466,49,100000
new,9,"(20261005, (74, 1, 9))",either,5.0,any_pair:H_shared_total_agree,751,2264,9765,87220,342,100000
new,9,"(20261005, (74, 1, 9))",either,5.0,any_pair:Hn_shared_net_agree,278,2737,1390,95595,46,100000
new,9,"(20261005, (74, 1, 9))",either,5.0,any_pair:X_expected_excess_ge_tau,510,2505,233,96752,494,100000
new,9,"(20261005, (74, 1, 9))",either,5.0,reported_wrong:A1_anchor,1954,1061,35554,61431,-1,100000
new,9,"(20261005, (74, 1, 9))",either,5.0,reported_wrong:A3_largest,2732,283,35204,61781,-1,100000
new,9,"(20261005, (74, 1, 9))",either,5.0,reported_wrong:A4_reviewed,2009,1006,33907,63078,-1,100000
new,9,"(20261005, (74, 1, 9))",either,6.0,any_pair:D0_published,1359,224,18199,80218,1251,100000
new,9,"(20261005, (74, 1, 9))",either,6.0,any_pair:D0a_other_over,1310,273,17242,81175,1189,100000
new,9,"(20261005, (74, 1, 9))",either,6.0,any_pair:D0b_anchor_under,214,1369,1607,96810,168,100000
new,9,"(20261005, (74, 1, 9))",either,6.0,any_pair:D1_plus_other_under,1576,7,83227,15190,1271,100000
new,9,"(20261005, (74, 1, 9))",either,6.0,any_pair:D2_net_either_view,1561,22,79957,18460,1057,100000
new,9,"(20261005, (74, 1, 9))",either,6.0,any_pair:D3_total_either_view,1565,18,80768,17649,1230,100000
new,9,"(20261005, (74, 1, 9))",either,6.0,any_pair:D4_expected_excess,1185,398,6981,91436,1132,100000
new,9,"(20261005, (74, 1, 9))",either,6.0,any_pair:D5_shared_total,445,1138,10245,88172,211,100000
new,9,"(20261005, (74, 1, 9))",either,6.0,any_pair:D5n_shared_net,198,1385,1634,96783,24,100000
new,9,"(20261005, (74, 1, 9))",either,6.0,any_pair:H_shared_total_agree,430,1153,10175,88242,191,100000
new,9,"(20261005, (74, 1, 9))",either,6.0,any_pair:Hn_shared_net_agree,176,1407,1555,96862,22,100000
new,9,"(20261005, (74, 1, 9))",either,6.0,any_pair:X_expected_excess_ge_tau,256,1327,118,98299,248,100000
new,9,"(20261005, (74, 1, 9))",either,6.0,reported_wrong:A1_anchor,1073,510,36435,61982,-1,100000
new,9,"(20261005, (74, 1, 9))",either,6.0,reported_wrong:A3_largest,1498,85,36438,61979,-1,100000
new,9,"(20261005, (74, 1, 9))",either,6.0,reported_wrong:A4_reviewed,1113,470,34803,63614,-1,100000
published,-1,"(20260918, (4, 193))",AP,2.0,any_pair:D0_published,6593,11772,8751,72884,5878,100000
published,-1,"(20260918, (4, 193))",AP,2.0,any_pair:D0a_other_over,6184,12181,7982,73653,5428,100000
published,-1,"(20260918, (4, 193))",AP,2.0,any_pair:D0b_anchor_under,688,17677,955,80680,688,100000
published,-1,"(20260918, (4, 193))",AP,2.0,any_pair:D1_plus_other_under,14901,3464,63071,18564,7003,100000
published,-1,"(20260918, (4, 193))",AP,2.0,any_pair:D2_net_either_view,13609,4756,59940,21695,4287,100000
published,-1,"(20260918, (4, 193))",AP,2.0,any_pair:D3_total_either_view,14095,4270,60998,20637,6684,100000
published,-1,"(20260918, (4, 193))",AP,2.0,any_pair:D4_expected_excess,4186,14179,1818,79817,4048,100000
published,-1,"(20260918, (4, 193))",AP,2.0,any_pair:D5_shared_total,2724,15641,7220,74415,1741,100000
published,-1,"(20260918, (4, 193))",AP,2.0,any_pair:D5n_shared_net,661,17704,984,80651,202,100000
published,-1,"(20260918, (4, 193))",AP,2.0,any_pair:H_shared_total_agree,2269,16096,6079,75556,1507,100000
published,-1,"(20260918, (4, 193))",AP,2.0,any_pair:Hn_shared_net_agree,375,17990,628,81007,168,100000
published,-1,"(20260918, (4, 193))",AP,2.0,any_pair:X_expected_excess_ge_tau,4186,14179,1818,79817,4048,100000
published,-1,"(20260918, (4, 193))",AP,2.0,reported_wrong:A1_anchor,7496,10869,20932,60703,-1,100000
published,-1,"(20260918, (4, 193))",AP,2.0,reported_wrong:A3_largest,9147,9218,20159,61476,-1,100000
published,-1,"(20260918, (4, 193))",AP,2.0,reported_wrong:A4_reviewed,7300,11065,20159,61476,-1,100000
published,-1,"(20260918, (4, 193))",AP,3.0,any_pair:D0_published,4577,4692,10767,79964,4141,100000
published,-1,"(20260918, (4, 193))",AP,3.0,any_pair:D0a_other_over,4293,4976,9873,80858,3823,100000
published,-1,"(20260918, (4, 193))",AP,3.0,any_pair:D0b_anchor_under,513,8756,1130,89601,513,100000
published,-1,"(20260918, (4, 193))",AP,3.0,any_pair:D1_plus_other_under,8064,1205,69908,20823,4550,100000
published,-1,"(20260918, (4, 193))",AP,3.0,any_pair:D2_net_either_view,7422,1847,66127,24604,3002,100000
published,-1,"(20260918, (4, 193))",AP,3.0,any_pair:D3_total_either_view,7662,1607,67431,23300,4278,100000
published,-1,"(20260918, (4, 193))",AP,3.0,any_pair:D4_expected_excess,3234,6035,2770,87961,3142,100000
published,-1,"(20260918, (4, 193))",AP,3.0,any_pair:D5_shared_total,1659,7610,8285,82446,943,100000
published,-1,"(20260918, (4, 193))",AP,3.0,any_pair:D5n_shared_net,490,8779,1155,89576,124,100000
published,-1,"(20260918, (4, 193))",AP,3.0,any_pair:H_shared_total_agree,1470,7799,7684,83047,831,100000
published,-1,"(20260918, (4, 193))",AP,3.0,any_pair:Hn_shared_net_agree,335,8934,894,89837,113,100000
published,-1,"(20260918, (4, 193))",AP,3.0,any_pair:X_expected_excess_ge_tau,1851,7418,841,89890,1804,100000
published,-1,"(20260918, (4, 193))",AP,3.0,reported_wrong:A1_anchor,4280,4989,24148,66583,-1,100000
published,-1,"(20260918, (4, 193))",AP,3.0,reported_wrong:A3_largest,5971,3298,23335,67396,-1,100000
published,-1,"(20260918, (4, 193))",AP,3.0,reported_wrong:A4_reviewed,4124,5145,23335,67396,-1,100000
published,-1,"(20260918, (4, 193))",AP,4.0,any_pair:D0_published,2976,1665,12368,82991,2748,100000
published,-1,"(20260918, (4, 193))",AP,4.0,any_pair:D0a_other_over,2794,1847,11372,83987,2544,100000
published,-1,"(20260918, (4, 193))",AP,4.0,any_pair:D0b_anchor_under,360,4281,1283,94076,360,100000
published,-1,"(20260918, (4, 193))",AP,4.0,any_pair:D1_plus_other_under,4296,345,73676,21683,2904,100000
published,-1,"(20260918, (4, 193))",AP,4.0,any_pair:D2_net_either_view,4007,634,69542,25817,2099,100000
published,-1,"(20260918, (4, 193))",AP,4.0,any_pair:D3_total_either_view,4114,527,70979,24380,2697,100000
published,-1,"(20260918, (4, 193))",AP,4.0,any_pair:D4_expected_excess,2291,2350,3713,91646,2219,100000
published,-1,"(20260918, (4, 193))",AP,4.0,any_pair:D5_shared_total,980,3661,8964,86395,534,100000
published,-1,"(20260918, (4, 193))",AP,4.0,any_pair:D5n_shared_net,342,4299,1303,94056,72,100000
published,-1,"(20260918, (4, 193))",AP,4.0,any_pair:H_shared_total_agree,905,3736,8658,86701,484,100000
published,-1,"(20260918, (4, 193))",AP,4.0,any_pair:Hn_shared_net_agree,256,4385,1126,94233,66,100000
published,-1,"(20260918, (4, 193))",AP,4.0,any_pair:X_expected_excess_ge_tau,858,3783,412,94947,843,100000
published,-1,"(20260918, (4, 193))",AP,4.0,reported_wrong:A1_anchor,2325,2316,26103,69256,-1,100000
published,-1,"(20260918, (4, 193))",AP,4.0,reported_wrong:A3_largest,3575,1066,25731,69628,-1,100000
published,-1,"(20260918, (4, 193))",AP,4.0,reported_wrong:A4_reviewed,2341,2300,25118,70241,-1,100000
published,-1,"(20260918, (4, 193))",AP,5.0,any_pair:D0_published,1845,602,13499,84054,1742,100000
published,-1,"(20260918, (4, 193))",AP,5.0,any_pair:D0a_other_over,1740,707,12426,85127,1618,100000
published,-1,"(20260918, (4, 193))",AP,5.0,any_pair:D0b_anchor_under,249,2198,1394,96159,249,100000
published,-1,"(20260918, (4, 193))",AP,5.0,any_pair:D1_plus_other_under,2348,99,75624,21929,1798,100000
published,-1,"(20260918, (4, 193))",AP,5.0,any_pair:D2_net_either_view,2229,218,71320,26233,1399,100000
published,-1,"(20260918, (4, 193))",AP,5.0,any_pair:D3_total_either_view,2272,175,72821,24732,1668,100000
published,-1,"(20260918, (4, 193))",AP,5.0,any_pair:D4_expected_excess,1513,934,4491,93062,1474,100000
published,-1,"(20260918, (4, 193))",AP,5.0,any_pair:D5_shared_total,568,1879,9376,88177,286,100000
published,-1,"(20260918, (4, 193))",AP,5.0,any_pair:D5n_shared_net,238,2209,1407,96146,41,100000
published,-1,"(20260918, (4, 193))",AP,5.0,any_pair:H_shared_total_agree,528,1919,9220,88333,251,100000
published,-1,"(20260918, (4, 193))",AP,5.0,any_pair:Hn_shared_net_agree,196,2251,1287,96266,39,100000
published,-1,"(20260918, (4, 193))",AP,5.0,any_pair:X_expected_excess_ge_tau,435,2012,196,97357,429,100000
published,-1,"(20260918, (4, 193))",AP,5.0,reported_wrong:A1_anchor,1273,1174,27155,70398,-1,100000
published,-1,"(20260918, (4, 193))",AP,5.0,reported_wrong:A3_largest,2119,328,27187,70366,-1,100000
published,-1,"(20260918, (4, 193))",AP,5.0,reported_wrong:A4_reviewed,1357,1090,26102,71451,-1,100000
published,-1,"(20260918, (4, 193))",AP,6.0,any_pair:D0_published,1118,242,14226,84414,1065,100000
published,-1,"(20260918, (4, 193))",AP,6.0,any_pair:D0a_other_over,1063,297,13103,85537,999,100000
published,-1,"(20260918, (4, 193))",AP,6.0,any_pair:D0b_anchor_under,160,1200,1483,97157,160,100000
published,-1,"(20260918, (4, 193))",AP,6.0,any_pair:D1_plus_other_under,1331,29,76641,21999,1092,100000
published,-1,"(20260918, (4, 193))",AP,6.0,any_pair:D2_net_either_view,1295,65,72254,26386,903,100000
published,-1,"(20260918, (4, 193))",AP,6.0,any_pair:D3_total_either_view,1302,58,73791,24849,1033,100000
published,-1,"(20260918, (4, 193))",AP,6.0,any_pair:D4_expected_excess,965,395,5039,93601,942,100000
published,-1,"(20260918, (4, 193))",AP,6.0,any_pair:D5_shared_total,352,1008,9592,89048,172,100000
published,-1,"(20260918, (4, 193))",AP,6.0,any_pair:D5n_shared_net,151,1209,1494,97146,24,100000
published,-1,"(20260918, (4, 193))",AP,6.0,any_pair:H_shared_total_agree,332,1028,9503,89137,143,100000
published,-1,"(20260918, (4, 193))",AP,6.0,any_pair:Hn_shared_net_agree,131,1229,1404,97236,23,100000
published,-1,"(20260918, (4, 193))",AP,6.0,any_pair:X_expected_excess_ge_tau,232,1128,85,98555,226,100000
published,-1,"(20260918, (4, 193))",AP,6.0,reported_wrong:A1_anchor,741,619,27687,70953,-1,100000
published,-1,"(20260918, (4, 193))",AP,6.0,reported_wrong:A3_largest,1254,106,28052,70588,-1,100000
published,-1,"(20260918, (4, 193))",AP,6.0,reported_wrong:A4_reviewed,803,557,26656,71984,-1,100000
published,-1,"(20260918, (4, 193))",SL,2.0,any_pair:D0_published,2592,9180,3570,84658,2316,100000
published,-1,"(20260918, (4, 193))",SL,2.0,any_pair:D0a_other_over,2527,9245,3468,84760,2246,100000
published,-1,"(20260918, (4, 193))",SL,2.0,any_pair:D0b_anchor_under,103,11669,120,88108,103,100000
published,-1,"(20260918, (4, 193))",SL,2.0,any_pair:D1_plus_other_under,7166,4606,44919,43309,2640,100000
published,-1,"(20260918, (4, 193))",SL,2.0,any_pair:D2_net_either_view,6244,5528,41596,46632,1401,100000
published,-1,"(20260918, (4, 193))",SL,2.0,any_pair:D3_total_either_view,6617,5155,43206,45022,2332,100000
published,-1,"(20260918, (4, 193))",SL,2.0,any_pair:D4_expected_excess,1731,10041,790,87438,1675,100000
published,-1,"(20260918, (4, 193))",SL,2.0,any_pair:D5_shared_total,624,11148,2097,86131,371,100000
published,-1,"(20260918, (4, 193))",SL,2.0,any_pair:D5n_shared_net,101,11671,133,88095,28,100000
published,-1,"(20260918, (4, 193))",SL,2.0,any_pair:H_shared_total_agree,528,11244,1840,86388,323,100000
published,-1,"(20260918, (4, 193))",SL,2.0,any_pair:Hn_shared_net_agree,70,11702,83,88145,26,100000
published,-1,"(20260918, (4, 193))",SL,2.0,any_pair:X_expected_excess_ge_tau,1731,10041,790,87438,1675,100000
published,-1,"(20260918, (4, 193))",SL,2.0,reported_wrong:A1_anchor,3483,8289,13390,74838,-1,100000
published,-1,"(20260918, (4, 193))",SL,2.0,reported_wrong:A3_largest,5012,6760,13807,74421,-1,100000
published,-1,"(20260918, (4, 193))",SL,2.0,reported_wrong:A4_reviewed,3905,7867,13807,74421,-1,100000
published,-1,"(20260918, (4, 193))",SL,3.0,any_pair:D0_published,1613,2556,4549,91282,1465,100000
published,-1,"(20260918, (4, 193))",SL,3.0,any_pair:D0a_other_over,1570,2599,4425,91406,1420,100000
published,-1,"(20260918, (4, 193))",SL,3.0,any_pair:D0b_anchor_under,74,4095,149,95682,74,100000
published,-1,"(20260918, (4, 193))",SL,3.0,any_pair:D1_plus_other_under,3178,991,48907,46924,1552,100000
published,-1,"(20260918, (4, 193))",SL,3.0,any_pair:D2_net_either_view,2761,1408,45079,50752,938,100000
published,-1,"(20260918, (4, 193))",SL,3.0,any_pair:D3_total_either_view,2903,1266,46920,48911,1408,100000
published,-1,"(20260918, (4, 193))",SL,3.0,any_pair:D4_expected_excess,1236,2933,1285,94546,1191,100000
published,-1,"(20260918, (4, 193))",SL,3.0,any_pair:D5_shared_total,350,3819,2371,93460,188,100000
published,-1,"(20260918, (4, 193))",SL,3.0,any_pair:D5n_shared_net,72,4097,162,95669,16,100000
published,-1,"(20260918, (4, 193))",SL,3.0,any_pair:H_shared_total_agree,315,3854,2255,93576,170,100000
published,-1,"(20260918, (4, 193))",SL,3.0,any_pair:Hn_shared_net_agree,54,4115,127,95704,16,100000
published,-1,"(20260918, (4, 193))",SL,3.0,any_pair:X_expected_excess_ge_tau,577,3592,247,95584,561,100000
published,-1,"(20260918, (4, 193))",SL,3.0,reported_wrong:A1_anchor,1540,2629,15333,80498,-1,100000
published,-1,"(20260918, (4, 193))",SL,3.0,reported_wrong:A3_largest,2620,1549,16199,79632,-1,100000
published,-1,"(20260918, (4, 193))",SL,3.0,reported_wrong:A4_reviewed,1513,2656,16199,79632,-1,100000
published,-1,"(20260918, (4, 193))",SL,4.0,any_pair:D0_published,908,654,5254,93184,843,100000
published,-1,"(20260918, (4, 193))",SL,4.0,any_pair:D0a_other_over,883,679,5112,93326,817,100000
published,-1,"(20260918, (4, 193))",SL,4.0,any_pair:D0b_anchor_under,46,1516,177,98261,46,100000
published,-1,"(20260918, (4, 193))",SL,4.0,any_pair:D1_plus_other_under,1350,212,50735,47703,868,100000
published,-1,"(20260918, (4, 193))",SL,4.0,any_pair:D2_net_either_view,1218,344,46622,51816,587,100000
published,-1,"(20260918, (4, 193))",SL,4.0,any_pair:D3_total_either_view,1271,291,48552,49886,803,100000
published,-1,"(20260918, (4, 193))",SL,4.0,any_pair:D4_expected_excess,763,799,1758,96680,740,100000
published,-1,"(20260918, (4, 193))",SL,4.0,any_pair:D5_shared_total,200,1362,2521,95917,103,100000
published,-1,"(20260918, (4, 193))",SL,4.0,any_pair:D5n_shared_net,47,1515,187,98251,9,100000
published,-1,"(20260918, (4, 193))",SL,4.0,any_pair:H_shared_total_agree,184,1378,2463,95975,92,100000
published,-1,"(20260918, (4, 193))",SL,4.0,any_pair:Hn_shared_net_agree,39,1523,167,98271,9,100000
published,-1,"(20260918, (4, 193))",SL,4.0,any_pair:X_expected_excess_ge_tau,206,1356,96,98342,201,100000
published,-1,"(20260918, (4, 193))",SL,4.0,reported_wrong:A1_anchor,665,897,16208,82230,-1,100000
published,-1,"(20260918, (4, 193))",SL,4.0,reported_wrong:A3_largest,1246,316,17573,80865,-1,100000
published,-1,"(20260918, (4, 193))",SL,4.0,reported_wrong:A4_reviewed,675,887,17037,81401,-1,100000
published,-1,"(20260918, (4, 193))",SL,5.0,any_pair:D0_published,500,170,5662,93668,469,100000
published,-1,"(20260918, (4, 193))",SL,5.0,any_pair:D0a_other_over,486,184,5509,93821,454,100000
published,-1,"(20260918, (4, 193))",SL,5.0,any_pair:D0b_anchor_under,29,641,194,99136,29,100000
published,-1,"(20260918, (4, 193))",SL,5.0,any_pair:D1_plus_other_under,630,40,51455,47875,473,100000
published,-1,"(20260918, (4, 193))",SL,5.0,any_pair:D2_net_either_view,569,101,47271,52059,355,100000
published,-1,"(20260918, (4, 193))",SL,5.0,any_pair:D3_total_either_view,591,79,49232,50098,433,100000
published,-1,"(20260918, (4, 193))",SL,5.0,any_pair:D4_expected_excess,439,231,2082,97248,427,100000
published,-1,"(20260918, (4, 193))",SL,5.0,any_pair:D5_shared_total,101,569,2620,96710,52,100000
published,-1,"(20260918, (4, 193))",SL,5.0,any_pair:D5n_shared_net,30,640,204,99126,5,100000
published,-1,"(20260918, (4, 193))",SL,5.0,any_pair:H_shared_total_agree,97,573,2586,96744,48,100000
published,-1,"(20260918, (4, 193))",SL,5.0,any_pair:Hn_shared_net_agree,27,643,191,99139,5,100000
published,-1,"(20260918, (4, 193))",SL,5.0,any_pair:X_expected_excess_ge_tau,88,582,34,99296,87,100000
published,-1,"(20260918, (4, 193))",SL,5.0,reported_wrong:A1_anchor,296,374,16577,82753,-1,100000
published,-1,"(20260918, (4, 193))",SL,5.0,reported_wrong:A3_largest,620,50,18199,81131,-1,100000
published,-1,"(20260918, (4, 193))",SL,5.0,reported_wrong:A4_reviewed,307,363,17405,81925,-1,100000
published,-1,"(20260918, (4, 193))",SL,6.0,any_pair:D0_published,238,50,5924,93788,229,100000
published,-1,"(20260918, (4, 193))",SL,6.0,any_pair:D0a_other_over,230,58,5765,93947,221,100000
published,-1,"(20260918, (4, 193))",SL,6.0,any_pair:D0b_anchor_under,17,271,206,99506,17,100000
published,-1,"(20260918, (4, 193))",SL,6.0,any_pair:D1_plus_other_under,282,6,51803,47909,229,100000
published,-1,"(20260918, (4, 193))",SL,6.0,any_pair:D2_net_either_view,268,20,47572,52140,198,100000
published,-1,"(20260918, (4, 193))",SL,6.0,any_pair:D3_total_either_view,274,14,49549,50163,233,100000
published,-1,"(20260918, (4, 193))",SL,6.0,any_pair:D4_expected_excess,224,64,2297,97415,222,100000
published,-1,"(20260918, (4, 193))",SL,6.0,any_pair:D5_shared_total,59,229,2662,97050,29,100000
published,-1,"(20260918, (4, 193))",SL,6.0,any_pair:D5n_shared_net,19,269,215,99497,2,100000
published,-1,"(20260918, (4, 193))",SL,6.0,any_pair:H_shared_total_agree,57,231,2646,97066,26,100000
published,-1,"(20260918, (4, 193))",SL,6.0,any_pair:Hn_shared_net_agree,18,270,202,99510,2,100000
published,-1,"(20260918, (4, 193))",SL,6.0,any_pair:X_expected_excess_ge_tau,48,240,21,99691,48,100000
published,-1,"(20260918, (4, 193))",SL,6.0,reported_wrong:A1_anchor,134,154,16739,82973,-1,100000
published,-1,"(20260918, (4, 193))",SL,6.0,reported_wrong:A3_largest,275,13,18544,81168,-1,100000
published,-1,"(20260918, (4, 193))",SL,6.0,reported_wrong:A4_reviewed,136,152,17576,82136,-1,100000
published,-1,"(20260918, (4, 193))",either,2.0,any_pair:D0_published,10265,17335,9511,62889,7907,100000
published,-1,"(20260918, (4, 193))",either,2.0,any_pair:D0a_other_over,9781,17819,8940,63460,7441,100000
published,-1,"(20260918, (4, 193))",either,2.0,any_pair:D0b_anchor_under,1022,26578,806,71594,781,100000
published,-1,"(20260918, (4, 193))",either,2.0,any_pair:D1_plus_other_under,24634,2966,59946,12454,9258,100000
published,-1,"(20260918, (4, 193))",either,2.0,any_pair:D2_net_either_view,23550,4050,57791,14609,5521,100000
published,-1,"(20260918, (4, 193))",either,2.0,any_pair:D3_total_either_view,23756,3844,58294,14106,8596,100000
published,-1,"(20260918, (4, 193))",either,2.0,any_pair:D4_expected_excess,6142,21458,2096,70304,5581,100000
published,-1,"(20260918, (4, 193))",either,2.0,any_pair:D5_shared_total,4070,23530,6417,65983,2046,100000
published,-1,"(20260918, (4, 193))",either,2.0,any_pair:D5n_shared_net,1006,26594,834,71566,227,100000
published,-1,"(20260918, (4, 193))",either,2.0,any_pair:H_shared_total_agree,3498,24102,5594,66806,1787,100000
published,-1,"(20260918, (4, 193))",either,2.0,any_pair:Hn_shared_net_agree,598,27002,544,71856,191,100000
published,-1,"(20260918, (4, 193))",either,2.0,any_pair:X_expected_excess_ge_tau,6142,21458,2096,70304,5581,100000
published,-1,"(20260918, (4, 193))",either,2.0,reported_wrong:A1_anchor,13805,13795,23576,48824,-1,100000
published,-1,"(20260918, (4, 193))",either,2.0,reported_wrong:A3_largest,15516,12084,22677,49723,-1,100000
published,-1,"(20260918, (4, 193))",either,2.0,reported_wrong:A4_reviewed,13390,14210,22677,49723,-1,100000
published,-1,"(20260918, (4, 193))",either,3.0,any_pair:D0_published,6713,6123,13063,74101,5461,100000
published,-1,"(20260918, (4, 193))",either,3.0,any_pair:D0a_other_over,6391,6445,12330,74834,5127,100000
published,-1,"(20260918, (4, 193))",either,3.0,any_pair:D0b_anchor_under,740,12096,1088,86076,582,100000
published,-1,"(20260918, (4, 193))",either,3.0,any_pair:D1_plus_other_under,12084,752,72496,14668,5923,100000
published,-1,"(20260918, (4, 193))",either,3.0,any_pair:D2_net_either_view,11624,1212,69717,17447,3846,100000
published,-1,"(20260918, (4, 193))",either,3.0,any_pair:D3_total_either_view,11693,1143,70357,16807,5493,100000
published,-1,"(20260918, (4, 193))",either,3.0,any_pair:D4_expected_excess,4606,8230,3632,83532,4245,100000
published,-1,"(20260918, (4, 193))",either,3.0,any_pair:D5_shared_total,2376,10460,8111,79053,1110,100000
published,-1,"(20260918, (4, 193))",either,3.0,any_pair:D5n_shared_net,726,12110,1114,86050,139,100000
published,-1,"(20260918, (4, 193))",either,3.0,any_pair:H_shared_total_agree,2160,10676,7651,79513,982,100000
published,-1,"(20260918, (4, 193))",either,3.0,any_pair:Hn_shared_net_agree,514,12322,874,86290,128,100000
published,-1,"(20260918, (4, 193))",either,3.0,any_pair:X_expected_excess_ge_tau,2462,10374,986,86178,2325,100000
published,-1,"(20260918, (4, 193))",either,3.0,reported_wrong:A1_anchor,7347,5489,30034,57130,-1,100000
published,-1,"(20260918, (4, 193))",either,3.0,reported_wrong:A3_largest,9079,3757,29114,58050,-1,100000
published,-1,"(20260918, (4, 193))",either,3.0,reported_wrong:A4_reviewed,6953,5883,29114,58050,-1,100000
published,-1,"(20260918, (4, 193))",either,4.0,any_pair:D0_published,4078,1950,15698,78274,3518,100000
published,-1,"(20260918, (4, 193))",either,4.0,any_pair:D0a_other_over,3890,2138,14831,79141,3303,100000
published,-1,"(20260918, (4, 193))",either,4.0,any_pair:D0b_anchor_under,501,5527,1327,92645,403,100000
published,-1,"(20260918, (4, 193))",either,4.0,any_pair:D1_plus_other_under,5878,150,78702,15270,3684,100000
published,-1,"(20260918, (4, 193))",either,4.0,any_pair:D2_net_either_view,5717,311,75624,18348,2638,100000
published,-1,"(20260918, (4, 193))",either,4.0,any_pair:D3_total_either_view,5757,271,76293,17679,3417,100000
published,-1,"(20260918, (4, 193))",either,4.0,any_pair:D4_expected_excess,3110,2918,5128,88844,2906,100000
published,-1,"(20260918, (4, 193))",either,4.0,any_pair:D5_shared_total,1355,4673,9132,84840,630,100000
published,-1,"(20260918, (4, 193))",either,4.0,any_pair:D5n_shared_net,488,5540,1352,92620,80,100000
published,-1,"(20260918, (4, 193))",either,4.0,any_pair:H_shared_total_agree,1284,4744,8888,85084,569,100000
published,-1,"(20260918, (4, 193))",either,4.0,any_pair:Hn_shared_net_agree,381,5647,1181,92791,74,100000
published,-1,"(20260918, (4, 193))",either,4.0,any_pair:X_expected_excess_ge_tau,1076,4952,480,93492,1034,100000
published,-1,"(20260918, (4, 193))",either,4.0,reported_wrong:A1_anchor,3748,2280,33633,60339,-1,100000
published,-1,"(20260918, (4, 193))",either,4.0,reported_wrong:A3_largest,4987,1041,33206,60766,-1,100000
published,-1,"(20260918, (4, 193))",either,4.0,reported_wrong:A4_reviewed,3679,2349,32388,61584,-1,100000
published,-1,"(20260918, (4, 193))",either,5.0,any_pair:D0_published,2408,636,17368,79588,2175,100000
published,-1,"(20260918, (4, 193))",either,5.0,any_pair:D0a_other_over,2298,746,16423,80533,2041,100000
published,-1,"(20260918, (4, 193))",either,5.0,any_pair:D0b_anchor_under,346,2698,1482,95474,278,100000
published,-1,"(20260918, (4, 193))",either,5.0,any_pair:D1_plus_other_under,3016,28,81564,15392,2228,100000
published,-1,"(20260918, (4, 193))",either,5.0,any_pair:D2_net_either_view,2964,80,78377,18579,1730,100000
published,-1,"(20260918, (4, 193))",either,5.0,any_pair:D3_total_either_view,2977,67,79073,17883,2060,100000
published,-1,"(20260918, (4, 193))",either,5.0,any_pair:D4_expected_excess,1983,1061,6255,90701,1874,100000
published,-1,"(20260918, (4, 193))",either,5.0,any_pair:D5_shared_total,754,2290,9733,87223,336,100000
published,-1,"(20260918, (4, 193))",either,5.0,any_pair:D5n_shared_net,337,2707,1503,95453,46,100000
published,-1,"(20260918, (4, 193))",either,5.0,any_pair:H_shared_total_agree,718,2326,9618,87338,297,100000
published,-1,"(20260918, (4, 193))",either,5.0,any_pair:Hn_shared_net_agree,287,2757,1381,95575,44,100000
published,-1,"(20260918, (4, 193))",either,5.0,any_pair:X_expected_excess_ge_tau,528,2516,222,96734,514,100000
published,-1,"(20260918, (4, 193))",either,5.0,reported_wrong:A1_anchor,1979,1065,35402,61554,-1,100000
published,-1,"(20260918, (4, 193))",either,5.0,reported_wrong:A3_largest,2775,269,35418,61538,-1,100000
published,-1,"(20260918, (4, 193))",either,5.0,reported_wrong:A4_reviewed,2020,1024,34047,62909,-1,100000
published,-1,"(20260918, (4, 193))",either,6.0,any_pair:D0_published,1385,240,18391,79984,1282,100000
published,-1,"(20260918, (4, 193))",either,6.0,any_pair:D0a_other_over,1327,298,17394,80981,1211,100000
published,-1,"(20260918, (4, 193))",either,6.0,any_pair:D0b_anchor_under,229,1396,1599,96776,177,100000
published,-1,"(20260918, (4, 193))",either,6.0,any_pair:D1_plus_other_under,1620,5,82960,15415,1308,100000
published,-1,"(20260918, (4, 193))",either,6.0,any_pair:D2_net_either_view,1607,18,79734,18641,1092,100000
published,-1,"(20260918, (4, 193))",either,6.0,any_pair:D3_total_either_view,1610,15,80440,17935,1250,100000
published,-1,"(20260918, (4, 193))",either,6.0,any_pair:D4_expected_excess,1209,416,7029,91346,1152,100000
published,-1,"(20260918, (4, 193))",either,6.0,any_pair:D5_shared_total,458,1167,10029,88346,200,100000
published,-1,"(20260918, (4, 193))",either,6.0,any_pair:D5n_shared_net,220,1405,1620,96755,26,100000
published,-1,"(20260918, (4, 193))",either,6.0,any_pair:H_shared_total_agree,442,1183,9961,88414,168,100000
published,-1,"(20260918, (4, 193))",either,6.0,any_pair:Hn_shared_net_agree,196,1429,1525,96850,25,100000
published,-1,"(20260918, (4, 193))",either,6.0,any_pair:X_expected_excess_ge_tau,282,1343,103,98272,273,100000
published,-1,"(20260918, (4, 193))",either,6.0,reported_wrong:A1_anchor,1121,504,36260,62115,-1,100000
published,-1,"(20260918, (4, 193))",either,6.0,reported_wrong:A3_largest,1545,80,36648,61727,-1,100000
published,-1,"(20260918, (4, 193))",either,6.0,reported_wrong:A4_reviewed,1138,487,34929,63446,-1,100000
