S_median_mm,K,beat_cv,view_over,window,axis,n_scenarios,objective,winner,winner_value,winner_mcse,winner_scenario,runnerup,runnerup_value,runnerup_scenario,gap,gap_mcse,gap_mcse_method,clear,ranking,value_A1,value_A2,value_A3,value_A4,is_base_condition
10.0,2,0.05,False,0.0,AP,12,worst_abs_bias,A3,1.5586019893903151,0.006815966736832227,20/40,A4,1.5822195375428756,20/40,0.023617548152560452,0.0011320391848229645,paired jackknife (same cell),True,A3 < A4 < A1 < A2,2.1120977073148515,3.1094192286762548,1.5586019893903151,1.5822195375428756,False
10.0,2,0.05,False,0.0,AP,12,worst_rmse,A3,2.659874801506497,0.008740587010638397,20/40,A4,2.6940739740489428,20/40,0.034199172542445755,0.002322688624185284,paired jackknife (same cell),True,A3 < A4 < A1 < A2,3.2058457297188747,4.028035436217776,2.659874801506497,2.6940739740489428,False
10.0,2,0.05,False,0.0,AP,12,worst_mae,A3,1.9893134886024408,0.005583544554960952,20/40,A4,2.0090615542946653,20/40,0.019748065692224426,0.0010510981241547265,paired jackknife (same cell),True,A3 < A4 < A1 < A2,2.4266260914215985,3.2167813790010893,1.9893134886024408,2.0090615542946653,False
10.0,2,0.05,False,0.0,AP,12,mean_rmse,A3,1.7752112091620604,0.001548175145341922,mean of 12,A4,1.7977890195387767,mean of 12,0.022577810376716245,0.0005360337078669754,paired jackknife per scenario,True,A3 < A4 < A1 < A2,2.109709052862896,2.560601395794192,1.7752112091620604,1.7977890195387767,False
10.0,2,0.05,False,0.0,AP,12,worst_q95abs,A3,5.382574615045,0.020182013221365966,20/40,A4,5.462283985508857,20/40,0.07970937046385718,0.0064561672926517506,paired jackknife (same cell),True,A3 < A4 < A1 < A2,6.441423652498844,7.799571491408879,5.382574615045,5.462283985508857,False
10.0,2,0.05,False,0.0,AP,12,mean_q95abs,A3,3.5474367644615916,0.004510135227711707,mean of 12,A4,3.592276067342478,mean of 12,0.04483930288088622,0.0017108891929347421,paired jackknife per scenario,True,A3 < A4 < A1 < A2,4.215244342310154,5.056420148866398,3.5474367644615916,3.592276067342478,False
10.0,2,0.05,False,0.0,AP,12,worst_rmse_regret,A3,6.659217958948638e-05,0.004285895183272597,2.4/8,A4,0.1341669032713848,20/8,0.13410031109179532,0.007807122050101663,independent cells,True,A3 < A4 < A1 < A2,1.4911869212927,1.6175261396454799,6.659217958948638e-05,0.1341669032713848,False
10.0,2,0.05,False,0.0,SL,12,worst_abs_bias,A3,0.961947769946816,0.005010971435441332,20/40,A4,0.9719033029675758,20/40,0.0099555330207598,0.0005538243766728539,paired jackknife (same cell),True,A3 < A4 < A1 < A2,1.345646149607242,1.9881977972285583,0.961947769946816,0.9719033029675758,False
10.0,2,0.05,False,0.0,SL,12,worst_rmse,A3,1.8537264833172724,0.0058533880128286905,20/40,A4,1.8673788435311012,20/40,0.013652360213828763,0.0012124320550463206,paired jackknife (same cell),True,A3 < A4 < A1 < A2,2.197823625269493,2.6972572205850085,1.8537264833172724,1.8673788435311012,False
10.0,2,0.05,False,0.0,SL,12,worst_mae,A3,1.3981709422357087,0.003848941030447971,20/40,A4,1.4056300727171602,20/40,0.007459130481451526,0.0005327225271523038,paired jackknife (same cell),True,A3 < A4 < A1 < A2,1.6662580515108727,2.1216794982409826,1.3981709422357087,1.4056300727171602,False
10.0,2,0.05,False,0.0,SL,12,mean_rmse,A3,1.3399833245094601,0.001083664906874183,mean of 12,A4,1.3487580443222045,mean of 12,0.008774719812744358,0.0003307847274229591,paired jackknife per scenario,True,A3 < A4 < A1 < A2,1.557233079911744,1.789225473601605,1.3399833245094601,1.3487580443222045,False
10.0,2,0.05,False,0.0,SL,12,worst_q95abs,A3,3.7311427281499343,0.01177404370443043,20/40,A4,3.7601080771111475,20/40,0.028965348961213166,0.005350503901657115,paired jackknife (same cell),True,A3 < A4 < A1 < A2,4.429138618019664,5.309586946484248,3.7311427281499343,3.7601080771111475,False
10.0,2,0.05,False,0.0,SL,12,mean_q95abs,A3,2.6540072446556073,0.002839872180833272,mean of 12,A4,2.668870414945795,mean of 12,0.0148631702901878,0.0008197931500815834,paired jackknife per scenario,True,A3 < A4 < A1 < A2,3.092556425705322,3.533356326136589,2.6540072446556073,2.668870414945795,False
10.0,2,0.05,False,0.0,SL,12,worst_rmse_regret,A3,0.0,0.0031168672505413014,2.4/8,A4,0.055218468675439336,20/8,0.055218468675439336,0.005502995223766976,independent cells,True,A3 < A4 < A1 < A2,0.8966927775479299,0.9288621711003353,0.0,0.055218468675439336,False
10.0,2,0.05,False,0.15,AP,12,worst_abs_bias,A3,1.5019027954614157,0.006913730136648216,20/40,A4,1.5253836771259863,20/40,0.02348088166457063,0.001007190417005613,paired jackknife (same cell),True,A3 < A4 < A1 < A2,2.056004854729057,3.035459703782074,1.5019027954614157,1.5253836771259863,False
10.0,2,0.05,False,0.15,AP,12,worst_rmse,A3,2.6524763236625106,0.00888508100505078,20/40,A4,2.684244064581801,20/40,0.031767740919290244,0.0019920124328329206,paired jackknife (same cell),True,A3 < A4 < A1 < A2,3.1797057418336525,3.9823033160542045,2.6524763236625106,2.684244064581801,False
10.0,2,0.05,False,0.15,AP,12,worst_mae,A3,1.9715947959787885,0.005611128311507834,20/40,A4,1.9906840490585933,20/40,0.019089253079804802,0.0008953778612609138,paired jackknife (same cell),True,A3 < A4 < A1 < A2,2.3978091281637135,3.15681123329942,1.9715947959787885,1.9906840490585933,False
10.0,2,0.05,False,0.15,AP,12,mean_rmse,A3,1.7757163930303188,0.0015519827308785245,mean of 12,A4,1.7993191927612138,mean of 12,0.023602799730894963,0.0005945906777110752,paired jackknife per scenario,True,A3 < A4 < A1 < A2,2.109864659368901,2.5285249194718005,1.7757163930303188,1.7993191927612138,False
10.0,2,0.05,False,0.15,AP,12,worst_q95abs,A3,5.38738152795559,0.019546411196510575,20/40,A4,5.470499490755953,20/40,0.08311796280036354,0.009184060328765883,paired jackknife (same cell),True,A3 < A4 < A1 < A2,6.4366705069563395,7.753470868918534,5.38738152795559,5.470499490755953,False
10.0,2,0.05,False,0.15,AP,12,mean_q95abs,A3,3.5507498311712222,0.004289707039947225,mean of 12,A4,3.596340563264381,mean of 12,0.04559073209315878,0.002130150217203137,paired jackknife per scenario,True,A3 < A4 < A1 < A2,4.226512840779743,5.017440219225141,3.5507498311712222,3.596340563264381,False
10.0,2,0.05,False,0.15,AP,12,worst_rmse_regret,A3,0.00013001692538172627,0.004237046055580191,2.4/8,A4,0.15221406599071807,20/8,0.15208404906533635,0.008327947105898884,independent cells,True,A3 < A4 < A1 < A2,1.4705451929534104,1.5478432395901267,0.00013001692538172627,0.15221406599071807,False
10.0,2,0.05,False,0.15,SL,12,worst_abs_bias,A3,0.8441005655665655,0.005040108380200786,20/40,A4,0.8538764367043876,20/40,0.009775871137822079,0.0006029303562241148,paired jackknife (same cell),True,A3 < A4 < A1 < A2,1.2426101266973937,1.8646336043483842,0.8441005655665655,0.8538764367043876,False
10.0,2,0.05,False,0.15,SL,12,worst_rmse,A3,1.8035380812487247,0.005769285518170204,20/40,A4,1.8181762535088641,20/40,0.014638172260139415,0.0012274421299683061,paired jackknife (same cell),True,A3 < A4 < A1 < A2,2.1540280103291267,2.6025366880110914,1.8035380812487247,1.8181762535088641,False
10.0,2,0.05,False,0.15,SL,12,worst_mae,A3,1.3544933751817532,0.003765782107634423,20/40,A4,1.3622191340176386,20/40,0.007725758835885443,0.0005002944285876806,paired jackknife (same cell),True,A3 < A4 < A1 < A2,1.619395271457849,2.022597310764111,1.3544933751817532,1.3622191340176386,False
10.0,2,0.05,False,0.15,SL,12,mean_rmse,A3,1.3450075992776835,0.0010787777287241593,mean of 12,A4,1.3544722564681948,mean of 12,0.00946465719051126,0.00031720768009693457,paired jackknife per scenario,True,A3 < A4 < A1 < A2,1.5529675541386734,1.7418906256851034,1.3450075992776835,1.3544722564681948,False
10.0,2,0.05,False,0.15,SL,12,worst_q95abs,A3,3.65021014629626,0.01081471202860836,20/40,A4,3.6836881026617077,20/40,0.0334779563654477,0.012785378547736408,paired jackknife (same cell),True,A3 < A4 < A1 < A2,4.353346989576565,5.151142110900444,3.65021014629626,3.6836881026617077,False
10.0,2,0.05,False,0.15,SL,12,mean_q95abs,A3,2.664982860882849,0.0027351193593315205,mean of 12,A4,2.680988125054993,mean of 12,0.016005264172143985,0.0013902396994279875,paired jackknife per scenario,True,A3 < A4 < A1 < A2,3.0915559101219827,3.476626801407725,2.664982860882849,2.680988125054993,False
10.0,2,0.05,False,0.15,SL,12,worst_rmse_regret,A3,0.030891874578180323,0.0030978742532632633,2.4/8,A4,0.05813454789427408,20/8,0.027242673316093757,0.005485296886891167,independent cells,True,A3 < A4 < A1 < A2,0.8408178663935642,0.8537188477218525,0.030891874578180323,0.05813454789427408,False
10.0,2,0.05,True,0.0,AP,12,worst_abs_bias,A3,1.3972027471701276,0.007208910290400016,20/40,A4,1.5153954473214026,20/40,0.11819270015127503,0.0022553592199780034,paired jackknife (same cell),True,A3 < A4 < A1 < A2,2.027705488704583,2.95004216765049,1.3972027471701276,1.5153954473214026,False
10.0,2,0.05,True,0.0,AP,12,worst_rmse,A3,2.673754346572568,0.008819802666019571,20/40,A4,2.752086634449238,20/40,0.07833228787666968,0.004108239646503473,paired jackknife (same cell),True,A3 < A4 < A1 < A2,3.2031305972911395,3.9427428011909935,2.673754346572568,2.752086634449238,False
10.0,2,0.05,True,0.0,AP,12,worst_mae,A3,1.9909834999201097,0.00564356169333707,20/40,A4,2.041429500455138,20/40,0.05044600053502846,0.0019998399231291896,paired jackknife (same cell),True,A3 < A4 < A1 < A2,2.4113027185466276,3.1099926418704924,1.9909834999201097,2.041429500455138,False
10.0,2,0.05,True,0.0,AP,12,mean_rmse,A3,1.8892463715914403,0.0019252362000170239,mean of 12,A4,1.8967165589565684,mean of 12,0.007470187365128167,0.0011772786497177153,paired jackknife per scenario,True,A3 < A4 < A1 < A2,2.1452493029362976,2.5028638917504034,1.8892463715914403,1.8967165589565684,False
10.0,2,0.05,True,0.0,AP,12,worst_q95abs,A3,5.413422789621033,0.025721794797331672,20/40,A4,5.592703289331522,20/40,0.17928049971048843,0.013673374561372404,paired jackknife (same cell),True,A3 < A4 < A1 < A2,6.463346612927957,7.7243852212029065,5.413422789621033,5.592703289331522,False
10.0,2,0.05,True,0.0,AP,12,mean_q95abs,A3,3.7492041129828944,0.004463761483656142,mean of 12,A4,3.778467779050269,mean of 12,0.02926366606737485,0.003074007032267591,paired jackknife per scenario,True,A3 < A4 < A1 < A2,4.2704160774039535,4.9644855244010175,3.7492041129828944,3.778467779050269,False
10.0,2,0.05,True,0.0,AP,12,worst_rmse_regret,A3,0.1205356105674451,0.00728962863706096,2.4/8,A4,0.20789848587871185,20/8,0.08736287531126674,0.010676464293660304,independent cells,True,A3 < A4 < A1 < A2,1.3228090319473644,1.4282755698120098,0.1205356105674451,0.20789848587871185,False
10.0,2,0.05,True,0.0,SL,12,worst_abs_bias,A3,0.8495076396388572,0.0051743727697861385,20/40,A4,0.9013034948998848,20/40,0.05179585526102759,0.0016954667893210244,paired jackknife (same cell),True,A3 < A4 < A1 < A2,1.2936045059615473,1.8844512508312878,0.8495076396388572,0.9013034948998848,False
10.0,2,0.05,True,0.0,SL,12,worst_rmse,A3,1.8436512174870956,0.005992819787864128,20/40,A4,1.879530428943214,20/40,0.03587921145611839,0.002293486035277306,paired jackknife (same cell),True,A3 < A4 < A1 < A2,2.184906037536,2.6272142677943884,1.8436512174870956,1.879530428943214,False
10.0,2,0.05,True,0.0,SL,12,worst_mae,A3,1.3875295105252468,0.0038390446825053923,20/40,A4,1.4071642422886688,20/40,0.01963473176342201,0.0010710980272963754,paired jackknife (same cell),True,A3 < A4 < A1 < A2,1.6538599623936328,2.052499277064991,1.3875295105252468,1.4071642422886688,False
10.0,2,0.05,True,0.0,SL,12,mean_rmse,A3,1.4014330444183027,0.0012591090271497287,mean of 12,A4,1.4067180074883314,mean of 12,0.005284963070028681,0.0007383551174195021,paired jackknife per scenario,True,A3 < A4 < A1 < A2,1.5729568466597792,1.7526948739788608,1.4014330444183027,1.4067180074883314,False
10.0,2,0.05,True,0.0,SL,12,worst_q95abs,A3,3.694820244738142,0.023658910460220114,20/40,A4,3.7685003364654106,20/40,0.07368009172726842,0.01350382811065717,paired jackknife (same cell),True,A3 < A4 < A1 < A2,4.384879595042901,5.153338199432401,3.694820244738142,3.7685003364654106,False
10.0,2,0.05,True,0.0,SL,12,mean_q95abs,A3,2.7624947255958183,0.003423475066547679,mean of 12,A4,2.776527652845821,mean of 12,0.014032927250002825,0.0020969575562267803,paired jackknife per scenario,True,A3 < A4 < A1 < A2,3.114167835031536,3.4688785245411076,2.7624947255958183,2.776527652845821,False
10.0,2,0.05,True,0.0,SL,12,worst_rmse_regret,A3,0.09346480376992394,0.004030738688581539,2.4/8,A4,0.10198263037768518,20/8,0.008517826607761236,0.007484696503700932,independent cells,False,A3 < A4 < A1 < A2,0.8052767225658646,0.847024895561594,0.09346480376992394,0.10198263037768518,False
10.0,2,0.05,True,0.15,AP,12,worst_abs_bias,A3,1.3123360616709527,0.007171992620598202,20/40,A4,1.4284713851084065,20/40,0.11613532343745381,0.0026499153268273734,paired jackknife (same cell),True,A3 < A4 < A1 < A2,1.9674042513474042,2.851120407555386,1.3123360616709527,1.4284713851084065,False
10.0,2,0.05,True,0.15,AP,12,worst_rmse,A3,2.620290502267904,0.008768263982984168,20/40,A4,2.6959877692985486,20/40,0.07569726703064461,0.002612767617917231,paired jackknife (same cell),True,A3 < A4 < A1 < A2,3.164494309438648,3.8539818391624023,2.620290502267904,2.6959877692985486,False
10.0,2,0.05,True,0.15,AP,12,worst_mae,A3,1.9477940987975069,0.005542608758948124,20/40,A4,1.9963457495837553,20/40,0.04855165078624846,0.001610017981454469,paired jackknife (same cell),True,A3 < A4 < A1 < A2,2.374660832182452,3.02541614398321,1.9477940987975069,1.9963457495837553,False
10.0,2,0.05,True,0.15,AP,12,mean_rmse,A3,1.8926852720612297,0.00197395497290629,mean of 12,A4,1.9000339073627357,mean of 12,0.007348635301505979,0.0011383965205999525,paired jackknife per scenario,True,A3 < A4 < A1 < A2,2.1431403133559157,2.4708275377650057,1.8926852720612297,1.9000339073627357,False
10.0,2,0.05,True,0.15,AP,12,worst_q95abs,A3,5.332200746846238,0.030845455486596264,20/40,A4,5.509365115914845,20/40,0.1771643690686071,0.017081934056662577,paired jackknife (same cell),True,A3 < A4 < A1 < A2,6.373941034951808,7.550377240036356,5.332200746846238,5.509365115914845,False
10.0,2,0.05,True,0.15,AP,12,mean_q95abs,A3,3.7632308724551096,0.0050293302101414965,mean of 12,A4,3.7930981843760336,mean of 12,0.029867311920924067,0.002975982913513166,paired jackknife per scenario,True,A3 < A4 < A1 < A2,4.2733403991457015,4.917995006258189,3.7632308724551096,3.7930981843760336,False
10.0,2,0.05,True,0.15,AP,12,worst_rmse_regret,A3,0.13688300678865262,0.006538153481344696,2.4/8,A4,0.21430995160455502,20/8,0.0774269448159024,0.010617632849551813,independent cells,True,A3 < A4 < A1 < A2,1.3122834476802392,1.3624965603167332,0.13688300678865262,0.21430995160455502,False
10.0,2,0.05,True,0.15,SL,12,worst_abs_bias,A3,0.7188908432261899,0.005191548791708906,20/40,A4,0.7723764811665259,20/40,0.053485637940336006,0.0015672434160799882,paired jackknife (same cell),True,A3 < A4 < A1 < A2,1.185719350676729,1.7411933247470475,0.7188908432261899,0.7723764811665259,False
10.0,2,0.05,True,0.15,SL,12,worst_rmse,A3,1.7922039443001534,0.005947803104772009,20/40,A4,1.8279272618574751,20/40,0.03572331755732172,0.0022012398515054536,paired jackknife (same cell),True,A3 < A4 < A1 < A2,2.141637147518034,2.525186164560976,1.7922039443001534,1.8279272618574751,False
10.0,2,0.05,True,0.15,SL,12,worst_mae,A3,1.3429649480943082,0.003752937796842875,20/40,A4,1.3629238536034685,20/40,0.01995890550916024,0.0011574555141237515,paired jackknife (same cell),True,A3 < A4 < A1 < A2,1.6081034587392073,1.943708895600788,1.3429649480943082,1.3629238536034685,False
10.0,2,0.05,True,0.15,SL,12,mean_rmse,A3,1.4127500187939714,0.0012689362922478269,mean of 12,A4,1.4158994436552306,mean of 12,0.0031494248612591313,0.0006204021670355053,paired jackknife per scenario,True,A3 < A4 < A1 < A2,1.5701134077792123,1.7073930199682241,1.4127500187939714,1.4158994436552306,False
10.0,2,0.05,True,0.15,SL,12,worst_q95abs,A3,3.5919756765889135,0.012035002805449127,20/40,A4,3.6813741785232947,20/40,0.08939850193438126,0.0080484116563954,paired jackknife (same cell),True,A3 < A4 < A1 < A2,4.323385531403893,5.017539310089788,3.5919756765889135,3.6813741785232947,False
10.0,2,0.05,True,0.15,SL,12,mean_q95abs,A3,2.7883758638562512,0.00297101507559294,mean of 12,A4,2.8015204484729104,mean of 12,0.013144584616659127,0.001684841839453572,paired jackknife per scenario,True,A3 < A4 < A1 < A2,3.1223350001528196,3.412589438639684,2.7883758638562512,2.8015204484729104,False
10.0,2,0.05,True,0.15,SL,12,worst_rmse_regret,A4,0.10115770503966304,0.0038562606860532986,2.4/8,A3,0.13064473754599515,2.4/8,0.02948703250633211,0.00581216391643691,independent (conservative),True,A4 < A3 < A1 < A2,0.7505414351686188,0.7720355380246671,0.13064473754599515,0.10115770503966304,False
10.0,2,0.15,False,0.0,AP,12,worst_abs_bias,A3,1.4205567275763873,0.007348263539072612,20/40,A4,1.4532172310979807,20/40,0.03266050352159344,0.0013163681012577804,paired jackknife (same cell),True,A3 < A4 < A1 < A2,2.0234932250779774,3.0366450249558197,1.4205567275763873,1.4532172310979807,False
10.0,2,0.15,False,0.0,AP,12,worst_rmse,A3,2.723531737147906,0.008868508975150898,20/40,A4,2.760529895005795,20/40,0.036998157857888625,0.00229387303190345,paired jackknife (same cell),True,A3 < A4 < A1 < A2,3.268247389162611,4.02054094909309,2.723531737147906,2.760529895005795,False
10.0,2,0.15,False,0.0,AP,12,worst_mae,A3,2.0400255440122708,0.005706096268521899,20/40,A4,2.0631554517215025,20/40,0.023129907709231734,0.0010722245416627015,paired jackknife (same cell),True,A3 < A4 < A1 < A2,2.4705297531833392,3.187488196562843,2.0400255440122708,2.0631554517215025,False
10.0,2,0.15,False,0.0,AP,12,mean_rmse,A3,1.9596451866463767,0.001771855188024245,mean of 12,A4,1.9827067319015514,mean of 12,0.023061545255174787,0.0006360254505544278,paired jackknife per scenario,True,A3 < A4 < A1 < A2,2.284523855864651,2.5844184921267064,1.9596451866463767,1.9827067319015514,False
10.0,2,0.15,False,0.0,AP,12,worst_q95abs,A3,5.50634734528699,0.0293981672879193,20/40,A4,5.5810593627688405,20/40,0.07471201748185052,0.009084392895558548,paired jackknife (same cell),True,A3 < A4 < A1 < A2,6.558950711452757,7.821092619732661,5.50634734528699,5.5810593627688405,False
10.0,2,0.15,False,0.0,AP,12,mean_q95abs,A3,3.919872266025981,0.004706311607937827,mean of 12,A4,3.963683695372449,mean of 12,0.04381142934646798,0.002177943459792736,paired jackknife per scenario,True,A3 < A4 < A1 < A2,4.563809479842251,5.117506070470141,3.919872266025981,3.963683695372449,False
10.0,2,0.15,False,0.0,AP,12,worst_rmse_regret,A3,0.11392345211693145,0.0058264048545162974,2.4/8,A4,0.13811853806488306,20/8,0.02419508594795161,0.00937040001119434,independent cells,True,A3 < A4 < A1 < A2,1.372058801461604,1.4053117396727304,0.11392345211693145,0.13811853806488306,False
10.0,2,0.15,False,0.0,SL,12,worst_abs_bias,A3,0.8733253351858241,0.005280705473861086,20/40,A4,0.8866354246845113,20/40,0.013310089498687172,0.0007520924448921456,paired jackknife (same cell),True,A3 < A4 < A1 < A2,1.2903424264701535,1.944954564068295,0.8733253351858241,0.8866354246845113,False
10.0,2,0.15,False,0.0,SL,12,worst_rmse,A3,1.8844771915291982,0.005901922465246316,20/40,A4,1.9005470508563411,20/40,0.016069859327142888,0.001357295439860966,paired jackknife (same cell),True,A3 < A4 < A1 < A2,2.2247801816463584,2.684570105441256,1.8844771915291982,1.9005470508563411,False
10.0,2,0.15,False,0.0,SL,12,worst_mae,A3,1.4228680886128084,0.00390732127545286,20/40,A4,1.4312000104624953,20/40,0.008331921849686896,0.0004967368482306244,paired jackknife (same cell),True,A3 < A4 < A1 < A2,1.6908788327291864,2.104109175173025,1.4228680886128084,1.4312000104624953,False
10.0,2,0.15,False,0.0,SL,12,mean_rmse,A3,1.4428482478544937,0.0012043530097012574,mean of 12,A4,1.4522501831476848,mean of 12,0.00940193529319111,0.00030785264975412253,paired jackknife per scenario,True,A3 < A4 < A1 < A2,1.6525296377937915,1.8036277529842275,1.4428482478544937,1.4522501831476848,False
10.0,2,0.15,False,0.0,SL,12,worst_q95abs,A3,3.7845137660098103,0.012948250283999922,20/40,A4,3.814520590210667,20/40,0.030006824200856652,0.005003448288691014,paired jackknife (same cell),True,A3 < A4 < A1 < A2,4.46498274452067,5.264535105665058,3.7845137660098103,3.814520590210667,False
10.0,2,0.15,False,0.0,SL,12,mean_q95abs,A3,2.8631156730218463,0.002943716840165884,mean of 12,A4,2.8794433716215573,mean of 12,0.01632769859971095,0.0011497094288336143,paired jackknife per scenario,True,A3 < A4 < A1 < A2,3.282835756000594,3.573370280859622,2.8631156730218463,2.8794433716215573,False
10.0,2,0.15,False,0.0,SL,12,worst_rmse_regret,A4,0.08311150371327569,0.0038659063273663364,2.4/8,A3,0.08383823822283576,2.4/8,0.0007267345095600675,0.005467014291052121,independent (conservative),False,A4 < A3 < A1 < A2,0.840404207990711,0.8528976098526739,0.08383823822283576,0.08311150371327569,False
10.0,2,0.15,False,0.15,AP,12,worst_abs_bias,A3,1.3192080846658016,0.007546726608593972,20/40,A4,1.3523526536966402,20/40,0.03314456903083851,0.001424637896375958,paired jackknife (same cell),True,A3 < A4 < A1 < A2,1.9501904810451387,2.940803580908675,1.3192080846658016,1.3523526536966402,False
10.0,2,0.15,False,0.15,AP,12,worst_rmse,A3,2.726822558959628,0.008776385358901146,20/40,A4,2.7634627921595563,20/40,0.03664023319992804,0.0024843827451124403,paired jackknife (same cell),True,A3 < A4 < A1 < A2,3.2584409094333187,3.958799147388661,2.726822558959628,2.7634627921595563,False
10.0,2,0.15,False,0.15,AP,12,worst_mae,A3,2.04209481709683,0.005714405201299786,20/40,A4,2.0641014182582773,20/40,0.02200660116144748,0.0011074339519621312,paired jackknife (same cell),True,A3 < A4 < A1 < A2,2.46357319316231,3.113905846166968,2.04209481709683,2.0641014182582773,False
10.0,2,0.15,False,0.15,AP,12,mean_rmse,A3,2.033191488497084,0.0018257400681759167,mean of 12,A4,2.054411190523254,mean of 12,0.021219702026169962,0.0005766493266786798,paired jackknife per scenario,True,A3 < A4 < A1 < A2,2.3554511187684057,2.5789816327198936,2.033191488497084,2.054411190523254,False
10.0,2,0.15,False,0.15,AP,12,worst_q95abs,A3,5.519458065787992,0.0238333203823653,20/40,A4,5.592809637577679,20/40,0.07335157178968643,0.010633669165825173,paired jackknife (same cell),True,A3 < A4 < A1 < A2,6.567632259060539,7.69769454135824,5.519458065787992,5.592809637577679,False
10.0,2,0.15,False,0.15,AP,12,mean_q95abs,A3,4.074724488201395,0.005035083934974114,mean of 12,A4,4.118342122013359,mean of 12,0.04361763381196404,0.0019819614357774245,paired jackknife per scenario,True,A3 < A4 < A1 < A2,4.716406365935355,5.137303688029456,4.074724488201395,4.118342122013359,False
10.0,2,0.15,False,0.15,AP,12,worst_rmse_regret,A4,0.17050718371841933,0.005880462869607836,2.4/8,A3,0.17283460986509236,2.4/8,0.0023274261466730284,0.00832591372004107,independent (conservative),False,A4 < A3 < A1 < A2,1.3022501685966716,1.3050296206123484,0.17283460986509236,0.17050718371841933,False
10.0,2,0.15,False,0.15,SL,12,worst_abs_bias,A3,0.7178006348303562,0.00540535579546606,20/40,A4,0.7326271786863651,20/40,0.0148265438560089,0.0008289257084391063,paired jackknife (same cell),True,A3 < A4 < A1 < A2,1.167423901162626,1.7955194208058678,0.7178006348303562,0.7326271786863651,False
10.0,2,0.15,False,0.15,SL,12,worst_rmse,A3,1.8539136066843673,0.0060727226020175,20/40,A4,1.8712614128204026,20/40,0.01734780613603526,0.001242554067246271,paired jackknife (same cell),True,A3 < A4 < A1 < A2,2.197418565121824,2.5888663409797115,1.8539136066843673,1.8712614128204026,False
10.0,2,0.15,False,0.15,SL,12,worst_mae,A3,1.3943415615911299,0.0038637057327014913,20/40,A4,1.4036130022250213,20/40,0.009271440633891403,0.0005792835838657738,paired jackknife (same cell),True,A3 < A4 < A1 < A2,1.658339705116073,1.9952166382858347,1.3943415615911299,1.4036130022250213,False
10.0,2,0.15,False,0.15,SL,12,mean_rmse,A3,1.4944632499763972,0.0012585316282342934,mean of 12,A4,1.5036672348035367,mean of 12,0.009203984827139466,0.0003498184423246799,paired jackknife per scenario,True,A3 < A4 < A1 < A2,1.6883323705940647,1.7672622435944827,1.4944632499763972,1.5036672348035367,False
10.0,2,0.15,False,0.15,SL,12,worst_q95abs,A3,3.7351540306648285,0.01768979701787563,20/40,A4,3.7704725575828824,20/40,0.035318526918053816,0.007660697744121553,paired jackknife (same cell),True,A3 < A4 < A1 < A2,4.421412263243889,5.145923968604249,3.7351540306648285,3.7704725575828824,False
10.0,2,0.15,False,0.15,SL,12,mean_q95abs,A3,2.966239270684392,0.0033128451648648453,mean of 12,A4,2.9830971196763527,mean of 12,0.016857848991960633,0.001187202992834127,paired jackknife per scenario,True,A3 < A4 < A1 < A2,3.362579935264391,3.5326306660856592,2.966239270684392,2.9830971196763527,False
10.0,2,0.15,False,0.15,SL,12,worst_rmse_regret,A4,0.1645743562723314,0.004225155685940464,2.4/8,A3,0.16559970601228313,2.4/8,0.0010253497399517197,0.0059841566488510346,independent (conservative),False,A4 < A3 < A2 < A1,0.757798191298914,0.7463167297487496,0.16559970601228313,0.1645743562723314,False
10.0,2,0.15,True,0.0,AP,12,worst_abs_bias,A3,1.2188426427235763,0.007629159021150643,20/40,A4,1.3524762523398883,20/40,0.133633609616312,0.0027370301737238163,paired jackknife (same cell),True,A3 < A4 < A1 < A2,1.9198317808912735,2.8339697144878397,1.2188426427235763,1.3524762523398883,False
10.0,2,0.15,True,0.0,AP,12,worst_rmse,A3,2.702947635573883,0.00882806256645043,20/40,A4,2.7766487775588087,20/40,0.07370114198492583,0.00345400831614594,paired jackknife (same cell),True,A3 < A4 < A1 < A2,3.223103261245422,3.8746275458768435,2.702947635573883,2.7766487775588087,False
10.0,2,0.15,True,0.0,AP,12,worst_mae,A3,2.0241920051182087,0.005664454724964531,20/40,A4,2.07115423480495,20/40,0.04696222968674135,0.0018093327495093776,paired jackknife (same cell),True,A3 < A4 < A1 < A2,2.4377259801083735,3.04573483195444,2.0241920051182087,2.07115423480495,False
10.0,2,0.15,True,0.0,AP,12,mean_rmse,A4,2.08062655436508,0.002054708947043437,mean of 12,A3,2.087037858735458,mean of 12,0.006411304370377735,0.0013582399514330088,paired jackknife per scenario,True,A4 < A3 < A1 < A2,2.315684112665369,2.5342315772133146,2.087037858735458,2.08062655436508,False
10.0,2,0.15,True,0.0,AP,12,worst_q95abs,A3,5.4801611068091685,0.019512844807866025,20/40,A4,5.654385222802747,20/40,0.1742241159935789,0.010704408500112129,paired jackknife (same cell),True,A3 < A4 < A1 < A2,6.50098314854186,7.602652477596027,5.4801611068091685,5.654385222802747,False
10.0,2,0.15,True,0.0,AP,12,mean_q95abs,A3,4.16173348747949,0.00524949975576152,mean of 12,A4,4.163980647089315,mean of 12,0.0022471596098254665,0.003197475569967566,paired jackknife per scenario,False,A3 < A4 < A1 < A2,4.623587276249229,5.0373736863846705,4.16173348747949,4.163980647089315,False
10.0,2,0.15,True,0.0,AP,12,worst_rmse_regret,A4,0.19715797428389115,0.006774255739725164,2.4/8,A3,0.2959953614552595,2.4/8,0.09883738717136836,0.012458306426465374,independent (conservative),True,A4 < A3 < A1 < A2,1.179966725256333,1.2614537783576778,0.2959953614552595,0.19715797428389115,False
10.0,2,0.15,True,0.0,SL,12,worst_abs_bias,A3,0.7446830305237442,0.005431656691697489,20/40,A4,0.8040433780040112,20/40,0.05936034748026697,0.001746513292522259,paired jackknife (same cell),True,A3 < A4 < A1 < A2,1.2323151229617606,1.8133276473286606,0.7446830305237442,0.8040433780040112,False
10.0,2,0.15,True,0.0,SL,12,worst_rmse,A3,1.872114514313113,0.005930884371312007,20/40,A4,1.9005115265575747,20/40,0.028397012244461672,0.0021740679845141846,paired jackknife (same cell),True,A3 < A4 < A1 < A2,2.208757609657829,2.596853710149652,1.872114514313113,1.9005115265575747,False
10.0,2,0.15,True,0.0,SL,12,worst_mae,A3,1.4129906049237877,0.0038836650060900093,20/40,A4,1.4297413560955035,20/40,0.01675075117171576,0.001132380924798033,paired jackknife (same cell),True,A3 < A4 < A1 < A2,1.678173034639405,2.019007128734227,1.4129906049237877,1.4297413560955035,False
10.0,2,0.15,True,0.0,SL,12,mean_rmse,A4,1.5119232082520837,0.0013815690884776662,mean of 12,A3,1.5158249620193507,mean of 12,0.00390175376726698,0.0007698677159786378,paired jackknife per scenario,True,A4 < A3 < A1 < A2,1.6691390014581913,1.7717928615713339,1.5158249620193507,1.5119232082520837,False
10.0,2,0.15,True,0.0,SL,12,worst_q95abs,A3,3.756729439749462,0.01827991064014471,20/40,A4,3.817753434790907,20/40,0.061023995041444845,0.012136030292023094,paired jackknife (same cell),True,A3 < A4 < A1 < A2,4.430007658337635,5.123858001649822,3.756729439749462,3.817753434790907,False
10.0,2,0.15,True,0.0,SL,12,mean_q95abs,A4,3.001836122208465,0.003482899977372692,mean of 12,A3,3.002555667145112,mean of 12,0.0007195449366470541,0.0020240434071245703,paired jackknife per scenario,False,A4 < A3 < A1 < A2,3.3126970549422516,3.519918133246035,3.002555667145112,3.001836122208465,False
10.0,2,0.15,True,0.0,SL,12,worst_rmse_regret,A4,0.14960210534487572,0.0045875566484208175,2.4/8,A3,0.1909842984142578,2.4/8,0.04138219306938207,0.006904694588738899,independent (conservative),True,A4 < A3 < A1 < A2,0.7283688810014006,0.7618513312808175,0.1909842984142578,0.14960210534487572,False
10.0,2,0.15,True,0.15,AP,12,worst_abs_bias,A3,1.1244626389858927,0.007828637878802319,20/40,A4,1.2721087773093078,20/40,0.1476461383234151,0.003060601334834416,paired jackknife (same cell),True,A3 < A4 < A1 < A2,1.8689784308444342,2.757059154851207,1.1244626389858927,1.2721087773093078,False
10.0,2,0.15,True,0.15,AP,12,worst_rmse,A3,2.7190277752619463,0.008895415793469877,20/40,A4,2.794806219757829,20/40,0.07577844449588289,0.003940278580219575,paired jackknife (same cell),True,A3 < A4 < A1 < A2,3.2597392330196966,3.8243160296552237,2.7190277752619463,2.794806219757829,False
10.0,2,0.15,True,0.15,AP,12,worst_mae,A3,2.0341134698859746,0.005705722556823337,20/40,A4,2.08157328773974,20/40,0.04745981785376552,0.0017805345711027062,paired jackknife (same cell),True,A3 < A4 < A1 < A2,2.4581198710589436,2.995062446319043,2.0341134698859746,2.08157328773974,False
10.0,2,0.15,True,0.15,AP,12,mean_rmse,A4,2.1603962319365055,0.0021423154979765082,mean of 12,A3,2.169235874214432,mean of 12,0.00883964227792644,0.00117980049260208,paired jackknife per scenario,True,A4 < A3 < A1 < A2,2.3951485703216036,2.5377686211023125,2.169235874214432,2.1603962319365055,False
10.0,2,0.15,True,0.15,AP,12,worst_q95abs,A3,5.493961057697772,0.02815902285146651,20/40,A4,5.68465296734242,20/40,0.19069190964464777,0.014698448015146762,paired jackknife (same cell),True,A3 < A4 < A1 < A2,6.55326032499435,7.5297789396179695,5.493961057697772,5.68465296734242,False
10.0,2,0.15,True,0.15,AP,12,mean_q95abs,A4,4.326486350847175,0.0057508181591404755,mean of 12,A3,4.332702096072619,mean of 12,0.006215745225443214,0.003947641559145979,paired jackknife per scenario,False,A4 < A3 < A1 < A2,4.784618122668394,5.068429277019706,4.332702096072619,4.326486350847175,False
10.0,2,0.15,True,0.15,AP,12,worst_rmse_regret,A4,0.2559910861047978,0.006955532353031346,2.4/8,A3,0.3450176218291392,2.4/8,0.08902653572434138,0.010281913258205756,independent (conservative),True,A4 < A3 < A1 < A2,1.144076022040966,1.164443828599143,0.3450176218291392,0.2559910861047978,False
10.0,2,0.15,True,0.15,SL,12,worst_abs_bias,A3,0.5993360065454196,0.004662806421193235,2.4/8,A4,0.6630676895985319,20/40,0.06373168305311228,0.007305280110536328,independent cells,True,A3 < A4 < A1 < A2,1.1066391123502781,1.6778566043648835,0.5993360065454196,0.6630676895985319,False
10.0,2,0.15,True,0.15,SL,12,worst_rmse,A3,1.8672312518548746,0.006459330252288118,20/40,A4,1.8979363827124034,20/40,0.030705130857528795,0.0028305439684130585,paired jackknife (same cell),True,A3 < A4 < A1 < A2,2.180307250896158,2.521436713304283,1.8672312518548746,1.8979363827124034,False
10.0,2,0.15,True,0.15,SL,12,worst_mae,A3,1.3997786879584602,0.0039079245700438725,20/40,A4,1.416710004491636,20/40,0.016931316533175922,0.0010292917378153443,paired jackknife (same cell),True,A3 < A4 < A1 < A2,1.6475809300412887,1.9282392110958873,1.3997786879584602,1.416710004491636,False
10.0,2,0.15,True,0.15,SL,12,mean_rmse,A4,1.569006473301864,0.001452051133181304,mean of 12,A3,1.5765977061025553,mean of 12,0.007591232800691294,0.0008012278844076815,paired jackknife per scenario,True,A4 < A3 < A1 < A2,1.7064410986087502,1.7424549471879898,1.5765977061025553,1.569006473301864,False
10.0,2,0.15,True,0.15,SL,12,worst_q95abs,A3,3.7420458959629306,0.021330320874254096,20/40,A4,3.8127238260966907,20/40,0.07067793013376011,0.0092552615529519,paired jackknife (same cell),True,A3 < A4 < A1 < A2,4.382090463006076,5.033025176489236,3.7420458959629306,3.8127238260966907,False
10.0,2,0.15,True,0.15,SL,12,mean_q95abs,A4,3.112031659519303,0.003621871400049376,mean of 12,A3,3.120703161896485,mean of 12,0.008671502377181728,0.0019306673963452954,paired jackknife per scenario,True,A4 < A3 < A1 < A2,3.3906033020758897,3.48434460422871,3.120703161896485,3.112031659519303,False
10.0,2,0.15,True,0.15,SL,12,worst_rmse_regret,A4,0.2235065950878885,0.004884692350637804,2.4/8,A3,0.2655792964323691,2.4/8,0.0420727013444806,0.0071775022073178926,independent (conservative),True,A4 < A3 < A1 < A2,0.627693009318149,0.6542054614494086,0.2655792964323691,0.2235065950878885,False
10.0,2,0.3,False,0.0,AP,12,worst_abs_bias,A4,1.0629135503504883,0.007977256181701113,2.4/8,A3,1.1078217643183914,2.4/8,0.04490821396790312,0.00176086505122277,paired jackknife (same cell),True,A4 < A3 < A1 < A2,1.7415064734234107,2.7736844383903767,1.1078217643183914,1.0629135503504883,False
10.0,2,0.3,False,0.0,AP,12,worst_rmse,A3,2.964208074581434,0.009543653342784283,20/40,A4,3.000295598293203,20/40,0.03608752371176882,0.0023314297481031874,paired jackknife (same cell),True,A3 < A4 < A1 < A2,3.453848878155486,3.948523329137588,2.964208074581434,3.000295598293203,False
10.0,2,0.3,False,0.0,AP,12,worst_mae,A3,2.2252778682712284,0.006192500517124471,20/40,A4,2.2492555638151934,20/40,0.023977695543965005,0.001157419945962819,paired jackknife (same cell),True,A3 < A4 < A1 < A2,2.6279031957453745,3.092333323005505,2.2252778682712284,2.2492555638151934,False
10.0,2,0.3,False,0.0,AP,12,mean_rmse,A3,2.6354817911015607,0.002750506007542525,mean of 12,A4,2.647134038577082,mean of 12,0.011652247475521182,0.0007096031681524865,paired jackknife per scenario,True,A3 < A4 < A2 < A1,2.827861667699706,2.7136995759000366,2.6354817911015607,2.647134038577082,False
10.0,2,0.3,False,0.0,AP,12,worst_q95abs,A3,5.965504445080013,0.0274983797789434,20/40,A4,6.034772330167715,20/40,0.06926788508770176,0.008755985287715711,paired jackknife (same cell),True,A3 < A4 < A1 < A2,6.893001614755789,7.783905802523132,5.965504445080013,6.034772330167715,False
10.0,2,0.3,False,0.0,AP,12,mean_q95abs,A3,5.315267586278295,0.006748017392120174,mean of 12,A4,5.34470921644757,mean of 12,0.029441630169275257,0.00282796220115295,paired jackknife per scenario,True,A3 < A4 < A2 < A1,5.658516257669057,5.406488026381047,5.315267586278295,5.34470921644757,False
10.0,2,0.3,False,0.0,AP,12,worst_rmse_regret,A4,0.6527339878763407,0.010458945400625374,2.4/8,A3,0.6678163301128555,2.4/8,0.015082342236514723,0.014863683267709567,independent (conservative),False,A4 < A3 < A2 < A1,1.0002641441520241,0.984315254556154,0.6678163301128555,0.6527339878763407,False
10.0,2,0.3,False,0.0,SL,12,worst_abs_bias,A4,0.7378074048622022,0.005554754211343472,2.4/8,A3,0.7564790930132201,2.4/8,0.01867168815101794,0.0009283578626401936,paired jackknife (same cell),True,A4 < A3 < A1 < A2,1.1224348545079739,1.7667307820227685,0.7564790930132201,0.7378074048622022,False
10.0,2,0.3,False,0.0,SL,12,worst_rmse,A3,2.0377058494446474,0.006510641195088278,20/40,A4,2.0513430548403373,20/40,0.01363720539568991,0.0012751059987015615,paired jackknife (same cell),True,A3 < A4 < A1 < A2,2.365768301252228,2.637981147466,2.0377058494446474,2.0513430548403373,False
10.0,2,0.3,False,0.0,SL,12,worst_mae,A3,1.5368275202712707,0.0042313404566872775,20/40,A4,1.5451671530696585,20/40,0.008339632798387786,0.0006203794165002481,paired jackknife (same cell),True,A3 < A4 < A1 < A2,1.8017458669961017,2.044220032386662,1.5368275202712707,1.5451671530696585,False
10.0,2,0.3,False,0.0,SL,12,mean_rmse,A3,1.8428456203786399,0.0018530665538145068,mean of 12,A4,1.8473629468794837,mean of 12,0.004517326500843799,0.0003991930045646557,paired jackknife per scenario,True,A3 < A4 < A2 < A1,1.974280206863331,1.8813190137867242,1.8428456203786399,1.8473629468794837,False
10.0,2,0.3,False,0.0,SL,12,worst_q95abs,A3,4.084255454176252,0.012774179952049072,20/40,A4,4.113124393916426,20/40,0.028868939740173793,0.0046141982408495815,paired jackknife (same cell),True,A3 < A4 < A1 < A2,4.723468460260224,5.198351373573215,4.084255454176252,4.113124393916426,False
10.0,2,0.3,False,0.0,SL,12,mean_q95abs,A3,3.681506877859759,0.004335793363770568,mean of 12,A4,3.6926076945873554,mean of 12,0.011100816727596552,0.001688166612595489,paired jackknife per scenario,True,A3 < A4 < A2 < A1,3.9241897679960633,3.739880240360099,3.681506877859759,3.6926076945873554,False
10.0,2,0.3,False,0.0,SL,12,worst_rmse_regret,A4,0.4111401081234254,0.006879358841774498,2.4/8,A3,0.41843843261382996,2.4/8,0.007298324490404573,0.00975947806800041,independent (conservative),False,A4 < A3 < A2 < A1,0.6465961717091393,0.6002752980213528,0.41843843261382996,0.4111401081234254,False
10.0,2,0.3,False,0.15,AP,12,worst_abs_bias,A4,1.101539511164172,0.008623935200956315,2.4/8,A3,1.1653852209095843,2.4/8,0.06384570974541237,0.002019614201717783,paired jackknife (same cell),True,A4 < A3 < A1 < A2,1.7775366256858596,2.7856018250281083,1.1653852209095843,1.101539511164172,False
10.0,2,0.3,False,0.15,AP,12,worst_rmse,A3,3.113348969015269,0.009989895016934806,20/40,A4,3.1452261754385877,20/40,0.031877206423318594,0.0020847250219981277,paired jackknife (same cell),True,A3 < A4 < A1 < A2,3.6308171754418552,4.017403242881125,3.113348969015269,3.1452261754385877,False
10.0,2,0.3,False,0.15,AP,12,worst_mae,A3,2.336358701716808,0.006507236098300283,20/40,A4,2.3593884077649143,20/40,0.02302970604810639,0.0012275292947624501,paired jackknife (same cell),True,A3 < A4 < A1 < A2,2.7697079179119006,3.1311780406126215,2.336358701716808,2.3593884077649143,False
10.0,2,0.3,False,0.15,AP,12,mean_rmse,A2,2.8321144414179944,0.002439050567291903,mean of 12,A3,2.838980498683607,mean of 12,0.006866057265612735,0.002737383587354081,paired jackknife per scenario,True,A2 < A3 < A4 < A1,3.053166690613048,2.8321144414179944,2.838980498683607,2.8519724507303343,False
10.0,2,0.3,False,0.15,AP,12,worst_q95abs,A3,6.266058192994481,0.024180143126842732,20/40,A4,6.337844842367825,20/40,0.07178664937334389,0.01566171293630028,paired jackknife (same cell),True,A3 < A4 < A1 < A2,7.298202239029842,7.959048294271483,6.266058192994481,6.337844842367825,False
10.0,2,0.3,False,0.15,AP,12,mean_q95abs,A2,5.652282866003226,0.006312855404313235,mean of 12,A3,5.739442831160843,mean of 12,0.0871599651576167,0.008762800264710931,paired jackknife per scenario,True,A2 < A3 < A4 < A1,6.115423647394356,5.652282866003226,5.739442831160843,5.770412158289264,False
10.0,2,0.3,False,0.15,AP,12,worst_rmse_regret,A4,0.7195548773694682,0.011194615521171012,2.4/8,A3,0.7330171278272841,2.4/8,0.013462250457815905,0.0158747797723413,independent (conservative),False,A4 < A3 < A2 < A1,1.041345926275984,0.9040542738658557,0.7330171278272841,0.7195548773694682,False
10.0,2,0.3,False,0.15,SL,12,worst_abs_bias,A4,0.8876163626539174,0.005934954965226433,2.4/8,A3,0.9153636736498977,2.4/8,0.027747310995980268,0.0009652286609950348,paired jackknife (same cell),True,A4 < A3 < A1 < A2,1.0211249992110683,1.6607876370301482,0.9153636736498977,0.8876163626539174,False
10.0,2,0.3,False,0.15,SL,12,worst_rmse,A3,2.0951966833435973,0.006973422881114253,20/40,A4,2.108532024273002,20/40,0.013335340929404804,0.0017034312848406132,paired jackknife (same cell),True,A3 < A4 < A1 < A2,2.4020875479327706,2.604769884350839,2.0951966833435973,2.108532024273002,False
10.0,2,0.3,False,0.15,SL,12,worst_mae,A3,1.569213215578762,0.0043902600154546376,20/40,A4,1.5767668481303854,20/40,0.007553632551623446,0.0008840073641809097,paired jackknife (same cell),True,A3 < A4 < A1 < A2,1.8198257827687752,1.9880094839755695,1.569213215578762,1.5767668481303854,False
10.0,2,0.3,False,0.15,SL,12,mean_rmse,A2,1.9049369991815872,0.0016886594171742905,mean of 12,A3,1.977983387764967,mean of 12,0.07304638858337986,0.001775636946011257,paired jackknife per scenario,True,A2 < A3 < A4 < A1,2.0907371271422517,1.9049369991815872,1.977983387764967,1.980840768596015,False
10.0,2,0.3,False,0.15,SL,12,worst_q95abs,A3,4.2094480491598665,0.02055624617927113,20/40,A4,4.237388706812147,20/40,0.027940657652280265,0.008835172011250203,paired jackknife (same cell),True,A3 < A4 < A1 < A2,4.832281208516558,5.193663161420285,4.2094480491598665,4.237388706812147,False
10.0,2,0.3,False,0.15,SL,12,mean_q95abs,A2,3.8176677334630376,0.004173773950156881,mean of 12,A3,3.9589929208442296,mean of 12,0.14132518738119204,0.004838362777806647,paired jackknife per scenario,True,A2 < A3 < A4 < A1,4.173743974726036,3.8176677334630376,3.9589929208442296,3.966862014820903,False
10.0,2,0.3,False,0.15,SL,12,worst_rmse_regret,A2,0.5095732010072416,0.007809973265334974,20/40,A4,0.5118903131487003,2.4/8,0.002317112141458688,0.010687510959189885,independent cells,False,A2 < A4 < A3 < A1,0.6544812133454072,0.5095732010072416,0.5195758184429227,0.5118903131487003,False
10.0,2,0.3,True,0.0,AP,12,worst_abs_bias,A4,1.141402382778724,0.008279392482181586,2.4/8,A3,1.3522604869907078,2.4/8,0.2108581042119837,0.00460186836211899,paired jackknife (same cell),True,A4 < A3 < A1 < A2,1.6435083182987316,2.5952577827215504,1.3522604869907078,1.141402382778724,False
10.0,2,0.3,True,0.0,AP,12,worst_rmse,A3,3.0173299881877194,0.012408305168216092,2.4/8,A4,3.0457126732896143,20/40,0.0283826851018949,0.01577912059956932,independent cells,False,A3 < A4 < A1 < A2,3.4480907481467957,3.8582802358517454,3.0173299881877194,3.0457126732896143,False
10.0,2,0.3,True,0.0,AP,12,worst_mae,A3,2.2482957036683575,0.006316943328097287,20/40,A4,2.2797464726714587,20/40,0.031450769003101176,0.00215721780491075,paired jackknife (same cell),True,A3 < A4 < A1 < A2,2.6214847715154734,3.000952006707224,2.2482957036683575,2.2797464726714587,False
10.0,2,0.3,True,0.0,AP,12,mean_rmse,A2,2.7047595597549545,0.0023872397517798556,mean of 12,A4,2.7557075112667158,mean of 12,0.050947951511761236,0.0027493517378941556,paired jackknife per scenario,True,A2 < A4 < A3 < A1,2.881457824069415,2.7047595597549545,2.816558995689101,2.7557075112667158,False
10.0,2,0.3,True,0.0,AP,12,worst_q95abs,A3,6.163386356726576,0.028328879531612366,2.4/8,A4,6.174004664778297,20/40,0.010618308051721037,0.03690874405888036,independent cells,False,A3 < A4 < A1 < A2,6.903290950557178,7.63413830796664,6.163386356726576,6.174004664778297,False
10.0,2,0.3,True,0.0,AP,12,mean_q95abs,A2,5.398872570984435,0.006637112949561385,mean of 12,A4,5.564592255917909,mean of 12,0.16571968493347455,0.008494033171978216,paired jackknife per scenario,True,A2 < A4 < A3 < A1,5.763366306164392,5.398872570984435,5.687909539250505,5.564592255917909,False
10.0,2,0.3,True,0.0,AP,12,worst_rmse_regret,A4,0.6665227770715769,0.01117382271783073,2.4/8,A3,0.8277076641704926,2.4/8,0.16118488709891565,0.016697914578685816,independent (conservative),True,A4 < A3 < A2 < A1,1.0162103285516184,0.8507611638590391,0.8277076641704926,0.6665227770715769,False
10.0,2,0.3,True,0.0,SL,12,worst_abs_bias,A4,0.8110887429916923,0.0057126961997705835,2.4/8,A3,0.9116327187496607,2.4/8,0.10054397575796836,0.002422160269600932,paired jackknife (same cell),True,A4 < A3 < A1 < A2,1.0494251253608062,1.6608492153916359,0.9116327187496607,0.8110887429916923,False
10.0,2,0.3,True,0.0,SL,12,worst_rmse,A3,2.067074464707839,0.006719433000720442,20/40,A4,2.087039020778948,20/40,0.01996455607110903,0.002905426363918384,paired jackknife (same cell),True,A3 < A4 < A1 < A2,2.3549648677571717,2.58064516414835,2.067074464707839,2.087039020778948,False
10.0,2,0.3,True,0.0,SL,12,worst_mae,A3,1.5539219916566898,0.004310616971979283,20/40,A4,1.5672348082937693,20/40,0.013312816637079505,0.0014707041942968381,paired jackknife (same cell),True,A3 < A4 < A1 < A2,1.7903827077305847,1.9932524949771142,1.5539219916566898,1.5672348082937693,False
10.0,2,0.3,True,0.0,SL,12,mean_rmse,A2,1.8704022833072365,0.0016216844490679573,mean of 12,A4,1.9147235645561016,mean of 12,0.04432128124886514,0.0017685798105554235,paired jackknife per scenario,True,A2 < A4 < A3 < A1,2.000762723204843,1.8704022833072365,1.9479724922435937,1.9147235645561016,False
10.0,2,0.3,True,0.0,SL,12,worst_q95abs,A3,4.180809357643992,0.014854386069289467,2.4/8,A4,4.191156056282809,20/40,0.010346698638817209,0.022877907563605773,independent cells,False,A3 < A4 < A1 < A2,4.706233478628974,5.1262486111017695,4.180809357643992,4.191156056282809,False
10.0,2,0.3,True,0.0,SL,12,mean_q95abs,A2,3.722614497705603,0.004077373928243428,mean of 12,A4,3.829892111510379,mean of 12,0.10727761380477574,0.005151999057356458,paired jackknife per scenario,True,A2 < A4 < A3 < A1,3.9764065340763075,3.722614497705603,3.891085333748014,3.829892111510379,False
10.0,2,0.3,True,0.0,SL,12,worst_rmse_regret,A4,0.43627696809221184,0.007396974551679708,2.4/8,A2,0.5135706994405109,20/40,0.07729373134829909,0.010403009524106091,independent cells,True,A4 < A2 < A3 < A1,0.6452008345463751,0.5135706994405109,0.5199513587132021,0.43627696809221184,False
10.0,2,0.3,True,0.15,AP,12,worst_abs_bias,A4,1.1745240521580262,0.0089594763487966,2.4/8,A3,1.4211823792696618,2.4/8,0.2466583271116356,0.0050378166084657635,paired jackknife (same cell),True,A4 < A3 < A1 < A2,1.6868636485738966,2.586454242756982,1.4211823792696618,1.1745240521580262,False
10.0,2,0.3,True,0.15,AP,12,worst_rmse,A4,3.1820686416997566,0.010159996227109664,20/40,A3,3.207736701012794,2.4/8,0.025668059313037617,0.016131911451886746,independent cells,False,A4 < A3 < A1 < A2,3.596054622716409,3.88550292463573,3.207736701012794,3.1820686416997566,False
10.0,2,0.3,True,0.15,AP,12,worst_mae,A3,2.350523241306723,0.006564532177178018,20/40,A4,2.3888303215393516,20/40,0.03830708023262863,0.001989974088758032,paired jackknife (same cell),True,A3 < A4 < A1 < A2,2.751873693407864,3.01835580314545,2.350523241306723,2.3888303215393516,False
10.0,2,0.3,True,0.15,AP,12,mean_rmse,A2,2.8126641217509785,0.002489183972775155,mean of 12,A4,2.9512602247528563,mean of 12,0.13859610300187786,0.002851463940089857,paired jackknife per scenario,True,A2 < A4 < A3 < A1,3.0935456637535848,2.8126641217509785,3.0039600800991155,2.9512602247528563,False
10.0,2,0.3,True,0.15,AP,12,worst_q95abs,A4,6.430848856688672,0.027627831123114222,20/40,A3,6.612950727713099,2.4/8,0.1821018710244271,0.0428387240165653,independent cells,True,A4 < A3 < A1 < A2,7.215793953864429,7.678890358664023,6.612950727713099,6.430848856688672,False
10.0,2,0.3,True,0.15,AP,12,mean_q95abs,A2,5.635499781508741,0.0064682810179252,mean of 12,A4,5.96698739599313,mean of 12,0.3314876144843897,0.008247401663098853,paired jackknife per scenario,True,A2 < A4 < A3 < A1,6.190102694408869,5.635499781508741,6.078053227250984,5.96698739599313,False
10.0,2,0.3,True,0.15,AP,12,worst_rmse_regret,A2,0.7495461830079195,0.010791122522222323,20/40,A4,0.764439307134178,2.4/8,0.014893124126258428,0.015833926827054704,independent cells,False,A2 < A4 < A3 < A1,1.0267957741621134,0.7495461830079195,0.9051500673786461,0.764439307134178,False
10.0,2,0.3,True,0.15,SL,12,worst_abs_bias,A4,0.9380708069719136,0.006174586611292131,2.4/8,A1,0.960829598966618,20/8,0.02275879199470443,0.009278804790570425,independent cells,True,A4 < A1 < A3 < A2,0.960829598966618,1.5426845297667477,1.0561742501051428,0.9380708069719136,False
10.0,2,0.3,True,0.15,SL,12,worst_rmse,A4,2.166215754583998,0.008304186594518903,2.4/8,A3,2.2476405289748103,2.4/8,0.08142477439081208,0.0032027862723256802,paired jackknife (same cell),True,A4 < A3 < A1 < A2,2.3955883237092284,2.5428784642309177,2.2476405289748103,2.166215754583998,False
10.0,2,0.3,True,0.15,SL,12,worst_mae,A4,1.5982445913827812,0.004511221469101211,20/40,A3,1.6394800893711803,2.4/8,0.041235497988399095,0.006632592659390325,independent cells,True,A4 < A3 < A1 < A2,1.8123096211723442,1.9333986233481386,1.6394800893711803,1.5982445913827812,False
10.0,2,0.3,True,0.15,SL,12,mean_rmse,A2,1.900374496602349,0.0017432627975884787,mean of 12,A4,2.0470579632666923,mean of 12,0.1466834666643433,0.0018337109691480438,paired jackknife per scenario,True,A2 < A4 < A3 < A1,2.1173639761522947,1.900374496602349,2.0849699328450986,2.0470579632666923,False
10.0,2,0.3,True,0.15,SL,12,worst_q95abs,A4,4.335888984398303,0.017299374771234412,2.4/8,A3,4.533623773037052,2.4/8,0.1977347886387486,0.011511270475408343,paired jackknife (same cell),True,A4 < A3 < A1 < A2,4.815610742440833,5.100591427575881,4.533623773037052,4.335888984398303,False
10.0,2,0.3,True,0.15,SL,12,mean_q95abs,A2,3.8148727171256436,0.004578439735509707,mean of 12,A4,4.097912690258837,mean of 12,0.2830399731331932,0.005351776322642468,paired jackknife per scenario,True,A2 < A4 < A3 < A1,4.223651637496354,3.8148727171256436,4.1739649062738176,4.097912690258837,False
10.0,2,0.3,True,0.15,SL,12,worst_rmse_regret,A2,0.4179145144317675,0.007801932700935291,20/40,A4,0.5343941492544546,2.4/8,0.11647963482268708,0.011394282288345804,independent cells,True,A2 < A4 < A3 < A1,0.6486450237750274,0.4179145144317675,0.6158189236452667,0.5343941492544546,False
10.0,3,0.05,False,0.0,AP,12,worst_abs_bias,A3,1.226218536599294,0.006347857986796974,20/40,A4,1.2568245753230436,20/40,0.030606038723749673,0.0011791531312428697,paired jackknife (same cell),True,A3 < A4 < A1 < A2,2.1072439920256496,3.4525286336541607,1.226218536599294,1.2568245753230436,False
10.0,3,0.05,False,0.0,AP,12,worst_rmse,A3,2.3522546006444345,0.008138361795056195,20/40,A4,2.3923245819047367,20/40,0.040069981260302256,0.0024861482362819637,paired jackknife (same cell),True,A3 < A4 < A1 < A2,3.2092376112171084,4.26814325015694,2.3522546006444345,2.3923245819047367,False
10.0,3,0.05,False,0.0,AP,12,worst_mae,A3,1.7490302182825623,0.004973951891589604,20/40,A4,1.771640999574494,20/40,0.022610781291931614,0.001130979207275136,paired jackknife (same cell),True,A3 < A4 < A1 < A2,2.4278822628089833,3.505489015569551,1.7490302182825623,1.771640999574494,False
10.0,3,0.05,False,0.0,AP,12,mean_rmse,A3,1.674880609212784,0.00146468211852096,mean of 12,A4,1.6854617849826434,mean of 12,0.010581175769859508,0.0003525640807873259,paired jackknife per scenario,True,A3 < A4 < A1 < A2,2.11127373100218,2.6959251819265333,1.674880609212784,1.6854617849826434,False
10.0,3,0.05,False,0.0,AP,12,worst_q95abs,A3,4.729905349104256,0.015407865769983842,20/40,A4,4.8255310613286815,20/40,0.09562571222442529,0.01287099235903905,paired jackknife (same cell),True,A3 < A4 < A1 < A2,6.4596231392012795,8.05301736085392,4.729905349104256,4.8255310613286815,False
10.0,3,0.05,False,0.0,AP,12,mean_q95abs,A3,3.341808705820789,0.003857319123775384,mean of 12,A4,3.363037277149466,mean of 12,0.02122857132867706,0.0015447627995620733,paired jackknife per scenario,True,A3 < A4 < A1 < A2,4.219745840965101,5.219463727542963,3.341808705820789,3.363037277149466,False
10.0,3,0.05,False,0.0,AP,12,worst_rmse_regret,A3,3.300999780742053e-05,0.004298604887408884,2.4/20,A4,0.04450555872052764,20/20,0.04447254872272022,0.007690257035844988,independent cells,True,A3 < A4 < A1 < A2,1.6423359342816182,2.1134304125378787,3.300999780742053e-05,0.04450555872052764,False
10.0,3,0.05,False,0.0,SL,12,worst_abs_bias,A3,0.7135139493002086,0.00469168953857228,20/40,A4,0.7252418447418106,20/40,0.011727895441602021,0.0006611035704858525,paired jackknife (same cell),True,A3 < A4 < A1 < A2,1.349334974307511,2.200397269401441,0.7135139493002086,0.7252418447418106,False
10.0,3,0.05,False,0.0,SL,12,worst_rmse,A3,1.6462913522612308,0.005509876483784751,20/40,A4,1.6620474824554092,20/40,0.01575613019417843,0.0011730216668701483,paired jackknife (same cell),True,A3 < A4 < A1 < A2,2.197162896602492,2.823902652300515,1.6462913522612308,1.6620474824554092,False
10.0,3,0.05,False,0.0,SL,12,worst_mae,A3,1.239116903170883,0.0034276468102314274,20/40,A4,1.2475114023743725,20/40,0.008394499203489447,0.0005338820659616399,paired jackknife (same cell),True,A3 < A4 < A1 < A2,1.6681753066072305,2.2767287688306244,1.239116903170883,1.2475114023743725,False
10.0,3,0.05,False,0.0,SL,12,mean_rmse,A3,1.2762880526975275,0.0010227405837168158,mean of 12,A4,1.2800650893331074,mean of 12,0.0037770366355798224,0.00019536072482219434,paired jackknife per scenario,True,A3 < A4 < A1 < A2,1.5544279052590273,1.8627268187829988,1.2762880526975275,1.2800650893331074,False
10.0,3,0.05,False,0.0,SL,12,worst_q95abs,A3,3.2904338818549177,0.015596110968165875,20/40,A4,3.3209875761222527,20/40,0.030553694267335008,0.004275628213096582,paired jackknife (same cell),True,A3 < A4 < A1 < A2,4.414830985271822,5.383316517698161,3.2904338818549177,3.3209875761222527,False
10.0,3,0.05,False,0.0,SL,12,mean_q95abs,A3,2.524892088882755,0.002888606954766722,mean of 12,A4,2.5314537412291265,mean of 12,0.006561652346371627,0.0006695476203663647,paired jackknife per scenario,True,A3 < A4 < A1 < A2,3.0834286426762927,3.6290935350312967,2.524892088882755,2.5314537412291265,False
10.0,3,0.05,False,0.0,SL,12,worst_rmse_regret,A3,0.0004891568984521921,0.003078541810195598,2.4/8,A4,0.016253227411914484,20/20,0.01576407051346229,0.005182664402143808,independent cells,True,A3 < A4 < A1 < A2,0.9866839358280659,1.2418108328065176,0.0004891568984521921,0.016253227411914484,False
10.0,3,0.05,False,0.15,AP,12,worst_abs_bias,A3,1.1546073407399864,0.0064053328280380805,20/40,A4,1.1873048933075045,20/40,0.03269755256751816,0.0013110087126804958,paired jackknife (same cell),True,A3 < A4 < A1 < A2,2.0535763377471503,3.3571715732263447,1.1546073407399864,1.1873048933075045,False
10.0,3,0.05,False,0.15,AP,12,worst_rmse,A3,2.3315029373338256,0.008109108125031858,20/40,A4,2.3745575005654853,20/40,0.04305456323165968,0.002290145175382706,paired jackknife (same cell),True,A3 < A4 < A1 < A2,3.1810351432240482,4.191458424018831,2.3315029373338256,2.3745575005654853,False
10.0,3,0.05,False,0.15,AP,12,worst_mae,A3,1.7302181494612323,0.004941938410003156,20/40,A4,1.7534718599795043,20/40,0.023253710518271964,0.0010837483239685259,paired jackknife (same cell),True,A3 < A4 < A1 < A2,2.395495149358209,3.4176436657556843,1.7302181494612323,1.7534718599795043,False
10.0,3,0.05,False,0.15,AP,12,mean_rmse,A3,1.6748198132407295,0.001457584970577011,mean of 12,A4,1.6858925049549605,mean of 12,0.011072691714230976,0.0003393508988214212,paired jackknife per scenario,True,A3 < A4 < A1 < A2,2.1097807193871945,2.65479864465946,1.6748198132407295,1.6858925049549605,False
10.0,3,0.05,False,0.15,AP,12,worst_q95abs,A3,4.733233891280891,0.017810715091948093,20/40,A4,4.8280868032558315,20/40,0.09485291197494039,0.008444398321773518,paired jackknife (same cell),True,A3 < A4 < A1 < A2,6.422250198423093,7.971246969415718,4.733233891280891,4.8280868032558315,False
10.0,3,0.05,False,0.15,AP,12,mean_q95abs,A3,3.341267005003658,0.0040605489000592535,mean of 12,A4,3.3631043285491486,mean of 12,0.021837323545490506,0.0014708888941218988,paired jackknife per scenario,True,A3 < A4 < A1 < A2,4.2150493478656035,5.168139479542099,3.341267005003658,3.3631043285491486,False
10.0,3,0.05,False,0.15,AP,12,worst_rmse_regret,A3,0.0004203616595748194,0.004432839105320897,4.8/8,A4,0.04356165317214633,20/20,0.04314129151257151,0.007662862411391664,independent cells,True,A3 < A4 < A1 < A2,1.6233620585591366,2.046304926431139,0.0004203616595748194,0.04356165317214633,False
10.0,3,0.05,False,0.15,SL,12,worst_abs_bias,A3,0.5814824485338986,0.004743273984841589,20/40,A4,0.5941361963277358,20/40,0.012653747793837211,0.0006407326024682737,paired jackknife (same cell),True,A3 < A4 < A1 < A2,1.2557695429864817,2.0698150836403095,0.5814824485338986,0.5941361963277358,False
10.0,3,0.05,False,0.15,SL,12,worst_rmse,A3,1.6087150614177712,0.005371524964884347,20/40,A4,1.624640862143034,20/40,0.01592580072526273,0.0013590104549750257,paired jackknife (same cell),True,A3 < A4 < A1 < A2,2.1722319063335096,2.7333662539090344,1.6087150614177712,1.624640862143034,False
10.0,3,0.05,False,0.15,SL,12,worst_mae,A3,1.2088065447851222,0.003356727802099204,20/40,A4,1.2170785239154867,20/40,0.008271979130364482,0.0004902965546942768,paired jackknife (same cell),True,A3 < A4 < A1 < A2,1.631782995486613,2.167292358299212,1.2088065447851222,1.2170785239154867,False
10.0,3,0.05,False,0.15,SL,12,mean_rmse,A3,1.2911485440053274,0.001017780601644091,mean of 12,A4,1.2949934622160157,mean of 12,0.0038449182106883306,0.00019864667453025364,paired jackknife per scenario,True,A3 < A4 < A1 < A2,1.5557330112419792,1.8047942426256374,1.2911485440053274,1.2949934622160157,False
10.0,3,0.05,False,0.15,SL,12,worst_q95abs,A3,3.227780451391882,0.011846055062635636,20/40,A4,3.2625860392938724,20/40,0.034805587901990176,0.005212079026814941,paired jackknife (same cell),True,A3 < A4 < A1 < A2,4.365781490262784,5.306435978569685,3.227780451391882,3.2625860392938724,False
10.0,3,0.05,False,0.15,SL,12,mean_q95abs,A3,2.5484670331941515,0.0025800552015361466,mean of 12,A4,2.5552964946390087,mean of 12,0.006829461444857188,0.0006699430188119158,paired jackknife per scenario,True,A3 < A4 < A1 < A2,3.091281457178479,3.5580104900373963,2.5484670331941515,2.5552964946390087,False
10.0,3,0.05,False,0.15,SL,12,worst_rmse_regret,A4,0.06549668879469572,0.003165794731500585,2.4/8,A3,0.06556330511179231,2.4/8,6.661631709659055e-05,0.004477160805029269,independent (conservative),False,A4 < A3 < A1 < A2,0.9441787411012188,1.1617810482508226,0.06556330511179231,0.06549668879469572,False
10.0,3,0.05,True,0.0,AP,12,worst_abs_bias,A3,0.9717354181149879,0.006763926874676434,20/40,A4,1.1458147582257978,20/40,0.17407934011080994,0.0028016288118333926,paired jackknife (same cell),True,A3 < A4 < A1 < A2,2.0186363291670224,3.2354708120419162,0.9717354181149879,1.1458147582257978,False
10.0,3,0.05,True,0.0,AP,12,worst_rmse,A3,2.349317911375418,0.008007033302798252,20/40,A4,2.4364410074229177,20/40,0.08712309604749979,0.004535400662384324,paired jackknife (same cell),True,A3 < A4 < A1 < A2,3.1814851953774506,4.090001378266117,2.349317911375418,2.4364410074229177,False
10.0,3,0.05,True,0.0,AP,12,worst_mae,A3,1.7471971667177146,0.004966509212250292,20/40,A4,1.7996747944790525,20/40,0.05247762776133791,0.0023654925638288814,paired jackknife (same cell),True,A3 < A4 < A1 < A2,2.4001302691419375,3.322100207195935,1.7471971667177146,1.7996747944790525,False
10.0,3,0.05,True,0.0,AP,12,mean_rmse,A4,1.8072650751724701,0.0017713161168339646,mean of 12,A3,1.8665237766062965,mean of 12,0.05925870143382639,0.001293364696608557,paired jackknife per scenario,True,A4 < A3 < A1 < A2,2.1403521895489015,2.5901467523042014,1.8665237766062965,1.8072650751724701,False
10.0,3,0.05,True,0.0,AP,12,worst_q95abs,A3,4.765255117201463,0.023338297218416664,20/40,A4,4.9669957059528,20/40,0.2017405887513366,0.0124235260407314,paired jackknife (same cell),True,A3 < A4 < A1 < A2,6.41999301844759,7.786323357150482,4.765255117201463,4.9669957059528,False
10.0,3,0.05,True,0.0,AP,12,mean_q95abs,A4,3.6001315904911384,0.004452474315215866,mean of 12,A3,3.7103650978362026,mean of 12,0.11023350734506421,0.003012713851470327,paired jackknife per scenario,True,A4 < A3 < A1 < A2,4.265978072715401,5.058889269286259,3.7103650978362026,3.6001315904911384,False
10.0,3,0.05,True,0.0,AP,12,worst_rmse_regret,A4,0.12721523521184097,0.005820307917755115,2.4/8,A3,0.2717681959541378,2.4/8,0.14455296074229684,0.009406125107937096,independent (conservative),True,A4 < A3 < A1 < A2,1.39471111823642,1.8514811394248298,0.2717681959541378,0.12721523521184097,False
10.0,3,0.05,True,0.0,SL,12,worst_abs_bias,A3,0.5605858703763986,0.0049333157662633815,20/40,A4,0.6343875359399437,20/40,0.07380166556354506,0.0018896358669478687,paired jackknife (same cell),True,A3 < A4 < A1 < A2,1.2885706800071126,2.07065232533331,0.5605858703763986,0.6343875359399437,False
10.0,3,0.05,True,0.0,SL,12,worst_rmse,A3,1.657707038480413,0.005440024316456297,20/40,A4,1.6907172066104388,20/40,0.033010168130025885,0.002903973744732969,paired jackknife (same cell),True,A3 < A4 < A1 < A2,2.1835540225438947,2.731826584495046,1.657707038480413,1.6907172066104388,False
10.0,3,0.05,True,0.0,SL,12,worst_mae,A3,1.2477965531515147,0.003451098806834823,20/40,A4,1.264652468052199,20/40,0.016855914900684388,0.0013271198963889501,paired jackknife (same cell),True,A3 < A4 < A1 < A2,1.655701102555627,2.1772383117935794,1.2477965531515147,1.264652468052199,False
10.0,3,0.05,True,0.0,SL,12,mean_rmse,A4,1.3628048235106889,0.001203839714337466,mean of 12,A3,1.3893172862275767,mean of 12,0.026512462716887786,0.0007023757590577614,paired jackknife per scenario,True,A4 < A3 < A1 < A2,1.5713348874871003,1.8014827004034508,1.3893172862275767,1.3628048235106889,False
10.0,3,0.05,True,0.0,SL,12,worst_q95abs,A3,3.314621430931562,0.01312809323401632,20/40,A4,3.3877198644741693,20/40,0.07309843354260748,0.009875041465951908,paired jackknife (same cell),True,A3 < A4 < A1 < A2,4.379194740131199,5.276734417449349,3.314621430931562,3.3877198644741693,False
10.0,3,0.05,True,0.0,SL,12,mean_q95abs,A4,2.692629762043356,0.003174287993102824,mean of 12,A3,2.7377999151655215,mean of 12,0.045170153122165324,0.0017404269551501005,paired jackknife per scenario,True,A4 < A3 < A1 < A2,3.1105818684084947,3.528444054230073,2.7377999151655215,2.692629762043356,False
10.0,3,0.05,True,0.0,SL,12,worst_rmse_regret,A4,0.13942318227636719,0.0039590804827998,2.4/8,A3,0.19167089087542966,2.4/8,0.05224770859906247,0.006242644807298123,independent (conservative),True,A4 < A3 < A1 < A2,0.8449494633400956,1.0909275612581888,0.19167089087542966,0.13942318227636719,False
10.0,3,0.05,True,0.15,AP,12,worst_abs_bias,A3,0.8861826306417989,0.006830914637748513,20/40,A4,1.0656035712447651,20/40,0.1794209406029662,0.003038990632331401,paired jackknife (same cell),True,A3 < A4 < A1 < A2,1.9587584084539222,3.1411189702187303,0.8861826306417989,1.0656035712447651,False
10.0,3,0.05,True,0.15,AP,12,worst_rmse,A3,2.3348260047115117,0.00806096157071827,20/40,A4,2.4130217686203905,20/40,0.07819576390887883,0.004414565079511947,paired jackknife (same cell),True,A3 < A4 < A1 < A2,3.1522103936701735,4.020041133687116,2.3348260047115117,2.4130217686203905,False
10.0,3,0.05,True,0.15,AP,12,worst_mae,A3,1.7307862399831693,0.004955619055095198,20/40,A4,1.7776905514504382,20/40,0.04690431146726892,0.00233211236636475,paired jackknife (same cell),True,A3 < A4 < A1 < A2,2.3672736349292625,3.2421646414860317,1.7307862399831693,1.7776905514504382,False
10.0,3,0.05,True,0.15,AP,12,mean_rmse,A4,1.8140632879273735,0.00178959852942514,mean of 12,A3,1.876698481509994,mean of 12,0.0626351935826206,0.0012983158533279274,paired jackknife per scenario,True,A4 < A3 < A1 < A2,2.1408138749199064,2.557030785736424,1.876698481509994,1.8140632879273735,False
10.0,3,0.05,True,0.15,AP,12,worst_q95abs,A3,4.724604686021286,0.024922339908251274,20/40,A4,4.926519001959759,20/40,0.2019143159384731,0.016640335000216555,paired jackknife (same cell),True,A3 < A4 < A1 < A2,6.380338927957367,7.727824906204615,4.724604686021286,4.926519001959759,False
10.0,3,0.05,True,0.15,AP,12,mean_q95abs,A4,3.613485844133239,0.004437767668513409,mean of 12,A3,3.727622471559848,mean of 12,0.11413662742660868,0.003599669854816342,paired jackknife per scenario,True,A4 < A3 < A1 < A2,4.273060095436455,5.0199701870568205,3.727622471559848,3.613485844133239,False
10.0,3,0.05,True,0.15,AP,12,worst_rmse_regret,A4,0.1574261660088594,0.0061309221957903965,2.4/8,A3,0.2939654943346399,2.4/8,0.13653932832578053,0.009604730166848983,independent (conservative),True,A4 < A3 < A1 < A2,1.377579382106894,1.7893337720408315,0.2939654943346399,0.1574261660088594,False
10.0,3,0.05,True,0.15,SL,12,worst_abs_bias,A4,0.5649601033997389,0.004033404174046119,2.4/8,A3,0.6053691487540914,2.4/8,0.040409045354352524,0.0011391580149211847,paired jackknife (same cell),True,A4 < A3 < A1 < A2,1.1820463674357848,1.9332007609448845,0.6053691487540914,0.5649601033997389,False
10.0,3,0.05,True,0.15,SL,12,worst_rmse,A3,1.6278091403479287,0.005438702911038309,20/40,A4,1.6604930968933398,20/40,0.03268395654541112,0.0020482925413485534,paired jackknife (same cell),True,A3 < A4 < A1 < A2,2.1420564653715535,2.6319367813337537,1.6278091403479287,1.6604930968933398,False
10.0,3,0.05,True,0.15,SL,12,worst_mae,A3,1.2215899170157305,0.0034021937730944027,20/40,A4,1.2389685744535393,20/40,0.017378657437808753,0.0010315939579273819,paired jackknife (same cell),True,A3 < A4 < A1 < A2,1.61083630279429,2.063223479407037,1.2215899170157305,1.2389685744535393,False
10.0,3,0.05,True,0.15,SL,12,mean_rmse,A4,1.3837555672982305,0.0012026144245873137,mean of 12,A3,1.4130472894568353,mean of 12,0.02929172215860487,0.0007239838413685811,paired jackknife per scenario,True,A4 < A3 < A1 < A2,1.5706656544539472,1.7482930976291398,1.4130472894568353,1.3837555672982305,False
10.0,3,0.05,True,0.15,SL,12,worst_q95abs,A3,3.256892986102122,0.014171589753190043,20/40,A4,3.3367377300587115,20/40,0.07984474395658969,0.007118334970548665,paired jackknife (same cell),True,A3 < A4 < A1 < A2,4.3132915701202545,5.153821364966132,3.256892986102122,3.3367377300587115,False
10.0,3,0.05,True,0.15,SL,12,mean_q95abs,A4,2.72923690408115,0.0030804682907558684,mean of 12,A3,2.777188970624644,mean of 12,0.04795206654349382,0.001931339551630588,paired jackknife per scenario,True,A4 < A3 < A1 < A2,3.1151907086584014,3.462086754107713,2.777188970624644,2.72923690408115,False
10.0,3,0.05,True,0.15,SL,12,worst_rmse_regret,A4,0.2012726027452152,0.003947466662819233,2.4/8,A3,0.25945610377037576,2.4/8,0.05818350102516057,0.006099191924556007,independent (conservative),True,A4 < A3 < A1 < A2,0.7803288233290364,1.0157989922357726,0.25945610377037576,0.2012726027452152,False
10.0,3,0.15,False,0.0,AP,12,worst_abs_bias,A3,1.0191153838195222,0.006871462239428535,20/40,A4,1.060377133794175,20/40,0.04126174997465282,0.0015595786471605199,paired jackknife (same cell),True,A3 < A4 < A1 < A2,2.0193632140375137,3.368132442523139,1.0191153838195222,1.060377133794175,False
10.0,3,0.15,False,0.0,AP,12,worst_rmse,A3,2.4000517243037756,0.007922843065734715,20/40,A4,2.442052124899301,20/40,0.042000400595525456,0.0024753575522784284,paired jackknife (same cell),True,A3 < A4 < A1 < A2,3.2595340518576417,4.223980940452067,2.4000517243037756,2.442052124899301,False
10.0,3,0.15,False,0.0,AP,12,worst_mae,A3,1.793753825998053,0.005042539953495713,20/40,A4,1.8180193893744698,20/40,0.024265563376416832,0.001224198391731041,paired jackknife (same cell),True,A3 < A4 < A1 < A2,2.4636881061318796,3.440430532192249,1.793753825998053,1.8180193893744698,False
10.0,3,0.15,False,0.0,AP,12,mean_rmse,A3,1.8801832158895222,0.001743015007152306,mean of 12,A4,1.8875310323865646,mean of 12,0.007347816497042414,0.00043215865700594144,paired jackknife per scenario,True,A3 < A4 < A1 < A2,2.282719416003117,2.6874979597058988,1.8801832158895222,1.8875310323865646,False
10.0,3,0.15,False,0.0,AP,12,worst_q95abs,A3,4.850380571304978,0.033073200530124754,20/40,A4,4.939063127379375,20/40,0.08868255607439668,0.01711883875963105,paired jackknife (same cell),True,A3 < A4 < A1 < A2,6.593199250894815,8.01365886688032,4.850380571304978,4.939063127379375,False
10.0,3,0.15,False,0.0,AP,12,mean_q95abs,A3,3.763596499718196,0.00481666261673398,mean of 12,A4,3.7792523812997167,mean of 12,0.01565588158152087,0.00218019461200184,paired jackknife per scenario,True,A3 < A4 < A1 < A2,4.570804475325955,5.2367838717646515,3.763596499718196,3.7792523812997167,False
10.0,3,0.15,False,0.0,AP,12,worst_rmse_regret,A4,0.19271492924775657,0.0058500723001951955,2.4/8,A3,0.1989143404887559,2.4/8,0.00619941124099932,0.00830109279354223,independent (conservative),False,A4 < A3 < A1 < A2,1.4927416601444934,1.8969998109369506,0.1989143404887559,0.19271492924775657,False
10.0,3,0.15,False,0.0,SL,12,worst_abs_bias,A3,0.5845413508854952,0.0049331039181403575,20/40,A4,0.6003597333328956,20/40,0.015818382447400414,0.0007625546997589551,paired jackknife (same cell),True,A3 < A4 < A1 < A2,1.2938945977172704,2.1475256830785643,0.5845413508854952,0.6003597333328956,False
10.0,3,0.15,False,0.0,SL,12,worst_rmse,A3,1.6658978606439077,0.0053298633610978285,20/40,A4,1.682468504565716,20/40,0.016570643921808292,0.001210051241974682,paired jackknife (same cell),True,A3 < A4 < A1 < A2,2.2384434003447615,2.7900571115180712,1.6658978606439077,1.682468504565716,False
10.0,3,0.15,False,0.0,SL,12,worst_mae,A3,1.259946632486742,0.003446392379001115,20/40,A4,1.2688769954847774,20/40,0.00893036299803529,0.0005239025190335593,paired jackknife (same cell),True,A3 < A4 < A1 < A2,1.6977942971624598,2.2395831535335926,1.259946632486742,1.2688769954847774,False
10.0,3,0.15,False,0.0,SL,12,mean_rmse,A3,1.393629059321506,0.0011811153182750723,mean of 12,A4,1.396737022656324,mean of 12,0.003107963334818109,0.0002411683116838383,paired jackknife per scenario,True,A3 < A4 < A1 < A2,1.65126772534029,1.8579336315465083,1.393629059321506,1.396737022656324,False
10.0,3,0.15,False,0.0,SL,12,worst_q95abs,A3,3.3290217380142426,0.013936886643719115,20/40,A4,3.3647403641712574,20/40,0.03571862615701482,0.004522942887575978,paired jackknife (same cell),True,A3 < A4 < A1 < A2,4.483410413172722,5.367016721928989,3.3290217380142426,3.3647403641712574,False
10.0,3,0.15,False,0.0,SL,12,mean_q95abs,A3,2.75927195237639,0.0029626455614846065,mean of 12,A4,2.7648466582708724,mean of 12,0.005574705894482612,0.0008923756808514105,paired jackknife per scenario,True,A3 < A4 < A1 < A2,3.2771962370798007,3.6312531444103926,2.75927195237639,2.7648466582708724,False
10.0,3,0.15,False,0.0,SL,12,worst_rmse_regret,A4,0.15191434196684472,0.004069954922057208,2.4/8,A3,0.1537601035954188,2.4/8,0.001845761628574083,0.0057665549927155505,independent (conservative),False,A4 < A3 < A1 < A2,0.9070587844512663,1.139242028246939,0.1537601035954188,0.15191434196684472,False
10.0,3,0.15,False,0.15,AP,12,worst_abs_bias,A3,0.9045126211947156,0.007070982293054758,20/40,A4,0.9508967310583906,20/40,0.046384109863674916,0.0016869660474720571,paired jackknife (same cell),True,A3 < A4 < A1 < A2,1.9606495907943282,3.271653407641331,0.9045126211947156,0.9508967310583906,False
10.0,3,0.15,False,0.15,AP,12,worst_rmse,A3,2.4120472926498224,0.007790518040659452,20/40,A4,2.4559768734692455,20/40,0.04392958081942311,0.0026953081378950448,paired jackknife (same cell),True,A3 < A4 < A1 < A2,3.281008613893764,4.1493534683084,2.4120472926498224,2.4559768734692455,False
10.0,3,0.15,False,0.15,AP,12,worst_mae,A3,1.8041561799987624,0.005062626048143509,20/40,A4,1.8294153841075764,20/40,0.025259204108813993,0.0013075373249052378,paired jackknife (same cell),True,A3 < A4 < A1 < A2,2.4797499451904015,3.3601150731632417,1.8041561799987624,1.8294153841075764,False
10.0,3,0.15,False,0.15,AP,12,mean_rmse,A3,1.970485068618613,0.0017936535899951865,mean of 12,A4,1.9778670498618123,mean of 12,0.0073819812431992204,0.0004174165660842185,paired jackknife per scenario,True,A3 < A4 < A1 < A2,2.360245541558195,2.6672156471094386,1.970485068618613,1.9778670498618123,False
10.0,3,0.15,False,0.15,AP,12,worst_q95abs,A3,4.900190324960174,0.018823206075382206,20/40,A4,4.988860775937256,20/40,0.08867045097708193,0.008955542126843886,paired jackknife (same cell),True,A3 < A4 < A1 < A2,6.58767209784953,7.931091855613112,4.900190324960174,4.988860775937256,False
10.0,3,0.15,False,0.15,AP,12,mean_q95abs,A3,3.9515235186123596,0.004953901502360195,mean of 12,A4,3.9659586977162262,mean of 12,0.014435179103866602,0.0017188254349087186,paired jackknife per scenario,True,A3 < A4 < A1 < A2,4.720494596662229,5.226658329444103,3.9515235186123596,3.9659586977162262,False
10.0,3,0.15,False,0.15,AP,12,worst_rmse_regret,A4,0.2943960518662392,0.006091452474727787,2.4/8,A3,0.30263964863287707,2.4/8,0.008243596766637884,0.008634142159495557,independent (conservative),False,A4 < A3 < A1 < A2,1.407319212878853,1.7856693967318176,0.30263964863287707,0.2943960518662392,False
10.0,3,0.15,False,0.15,SL,12,worst_abs_bias,A4,0.6717444401184431,0.004238187304148578,2.4/8,A3,0.6771485557279979,2.4/8,0.005404115609554783,0.0004046149023878593,paired jackknife (same cell),True,A4 < A3 < A1 < A2,1.1629538583371768,2.0151572973806346,0.6771485557279979,0.6717444401184431,False
10.0,3,0.15,False,0.15,SL,12,worst_rmse,A3,1.6742561431712002,0.005314307238262291,20/40,A4,1.690036864198153,20/40,0.015780721026952715,0.001459783779892709,paired jackknife (same cell),True,A3 < A4 < A1 < A2,2.191095691059195,2.7137649317882846,1.6742561431712002,1.690036864198153,False
10.0,3,0.15,False,0.15,SL,12,worst_mae,A3,1.26413781912135,0.0034714568385999013,20/40,A4,1.2721968939491606,20/40,0.008059074827810653,0.0006345091224055687,paired jackknife (same cell),True,A3 < A4 < A1 < A2,1.6551856880253928,2.133176690873413,1.26413781912135,1.2721968939491606,False
10.0,3,0.15,False,0.15,SL,12,mean_rmse,A3,1.4679728415804913,0.0012231912656175505,mean of 12,A4,1.4699408594348142,mean of 12,0.001968017854322879,0.0002532626984849512,paired jackknife per scenario,True,A3 < A4 < A1 < A2,1.6872126020280016,1.803998956273243,1.4679728415804913,1.4699408594348142,False
10.0,3,0.15,False,0.15,SL,12,worst_q95abs,A3,3.346725694520872,0.00963241655782894,20/40,A4,3.3755210801192193,20/40,0.028795385598347156,0.0034601973165677836,paired jackknife (same cell),True,A3 < A4 < A1 < A2,4.41884597458142,5.318802972336393,3.346725694520872,3.3755210801192193,False
10.0,3,0.15,False,0.15,SL,12,mean_q95abs,A3,2.9064583719116936,0.003186612224365865,mean of 12,A4,2.909052573469623,mean of 12,0.002594201557929221,0.00127279961794372,paired jackknife per scenario,True,A3 < A4 < A1 < A2,3.352994570858146,3.5742693408567416,2.9064583719116936,2.909052573469623,False
10.0,3,0.15,False,0.15,SL,12,worst_rmse_regret,A4,0.27028801469524044,0.0042143732392011584,2.4/8,A3,0.2736765509889665,2.4/8,0.003388536293726041,0.0059845845736866445,independent (conservative),False,A4 < A3 < A1 < A2,0.7709727245284828,1.0395087886170844,0.2736765509889665,0.27028801469524044,False
10.0,3,0.15,True,0.0,AP,12,worst_abs_bias,A3,0.9197770079649943,0.006349697209956212,2.4/8,A4,0.9722003195820831,20/40,0.0524233116170888,0.009685801537843907,independent cells,True,A3 < A4 < A1 < A2,1.9274649101480417,3.1609321231952983,0.9197770079649943,0.9722003195820831,True
10.0,3,0.15,True,0.0,AP,12,worst_rmse,A3,2.438468168927459,0.008379379941642368,20/40,A4,2.5089299796000892,20/40,0.07046181067263024,0.0044764245336611904,paired jackknife (same cell),True,A3 < A4 < A1 < A2,3.2329342524023925,4.064358104441602,2.438468168927459,2.5089299796000892,True
10.0,3,0.15,True,0.0,AP,12,worst_mae,A3,1.8156200201042785,0.00514750177294139,20/40,A4,1.8585898891450758,20/40,0.04296986904079736,0.0020378991213911833,paired jackknife (same cell),True,A3 < A4 < A1 < A2,2.446913708128414,3.2786451840096245,1.8156200201042785,1.8585898891450758,True
10.0,3,0.15,True,0.0,AP,12,mean_rmse,A4,2.0168546927362274,0.0021942335285492992,mean of 12,A3,2.1056054926526193,mean of 12,0.0887507999163919,0.001573614262113012,paired jackknife per scenario,True,A4 < A3 < A1 < A2,2.3178105085395866,2.5971210894564005,2.1056054926526193,2.0168546927362274,True
10.0,3,0.15,True,0.0,AP,12,worst_q95abs,A3,4.900841650623682,0.020058294207261032,20/40,A4,5.069606122045984,20/40,0.16876447142230244,0.01495823923296251,paired jackknife (same cell),True,A3 < A4 < A1 < A2,6.49627073195057,7.786354217542899,4.900841650623682,5.069606122045984,True
10.0,3,0.15,True,0.0,AP,12,mean_q95abs,A4,4.0242757285671695,0.004634772230351367,mean of 12,A3,4.196418529307005,mean of 12,0.17214280073983534,0.004167985336498233,paired jackknife per scenario,True,A4 < A3 < A1 < A2,4.625136170625216,5.089551080724499,4.196418529307005,4.0242757285671695,True
10.0,3,0.15,True,0.0,AP,12,worst_rmse_regret,A4,0.3465901541294969,0.00760574054330737,2.4/8,A3,0.5358053459914351,2.4/8,0.18921519186193825,0.011969118907789872,independent (conservative),True,A4 < A3 < A1 < A2,1.2526999756771207,1.673410192776975,0.5358053459914351,0.3465901541294969,True
10.0,3,0.15,True,0.0,SL,12,worst_abs_bias,A4,0.6248478046267342,0.004386330444780525,2.4/8,A3,0.685049626941148,2.4/8,0.060201822314413844,0.0016254425706944545,paired jackknife (same cell),True,A4 < A3 < A1 < A2,1.2367762918775258,2.0259499562314414,0.685049626941148,0.6248478046267342,True
10.0,3,0.15,True,0.0,SL,12,worst_rmse,A3,1.7094099011028059,0.005596369607983011,20/40,A4,1.729219088113786,20/40,0.019809187010980223,0.003419613954407489,paired jackknife (same cell),True,A3 < A4 < A1 < A2,2.2177931293941375,2.7033012267938865,1.7094099011028059,1.729219088113786,True
10.0,3,0.15,True,0.0,SL,12,worst_mae,A3,1.2883620815575796,0.0035527707201179126,20/40,A4,1.3001241497195868,20/40,0.0117620681620072,0.0014146854086163336,paired jackknife (same cell),True,A3 < A4 < A1 < A2,1.6859121885869512,2.152075696435075,1.2883620815575796,1.3001241497195868,True
10.0,3,0.15,True,0.0,SL,12,mean_rmse,A4,1.4830123507904942,0.00139789195184174,mean of 12,A3,1.527290900002108,mean of 12,0.04427854921161378,0.0009774078590318173,paired jackknife per scenario,True,A4 < A3 < A1 < A2,1.6704737758696375,1.8038206850211322,1.527290900002108,1.4830123507904942,True
10.0,3,0.15,True,0.0,SL,12,worst_q95abs,A3,3.413646766949385,0.017922905005314682,20/40,A4,3.4679754221011287,20/40,0.0543286551517439,0.008832875345064625,paired jackknife (same cell),True,A3 < A4 < A1 < A2,4.435789508991663,5.221758629552143,3.413646766949385,3.4679754221011287,True
10.0,3,0.15,True,0.0,SL,12,mean_q95abs,A4,2.9353255934744804,0.003500066670510698,mean of 12,A3,3.0178797919378955,mean of 12,0.08255419846341505,0.00241819753450961,paired jackknife per scenario,True,A4 < A3 < A1 < A2,3.308765159925958,3.5419066714499485,3.0178797919378955,2.9353255934744804,True
10.0,3,0.15,True,0.0,SL,12,worst_rmse_regret,A4,0.27365036848212987,0.005491054151309073,2.4/8,A3,0.3542547910190228,2.4/8,0.08060442253689293,0.008294358655824445,independent (conservative),True,A4 < A3 < A1 < A2,0.7954304047232446,1.0089406387442537,0.3542547910190228,0.27365036848212987,True
10.0,3,0.15,True,0.15,AP,12,worst_abs_bias,A4,0.9219077558993476,0.006137517509844655,2.4/8,A3,1.0990277210129749,2.4/8,0.17711996511362726,0.003419245893769991,paired jackknife (same cell),True,A4 < A3 < A1 < A2,1.862786238908784,3.0497051758897458,1.0990277210129749,0.9219077558993476,False
10.0,3,0.15,True,0.15,AP,12,worst_rmse,A3,2.4605342714008738,0.008568452268720496,20/40,A4,2.518884779016417,20/40,0.05835050761554328,0.004534366406635632,paired jackknife (same cell),True,A3 < A4 < A1 < A2,3.2519475995505425,3.977873645446486,2.4605342714008738,2.518884779016417,False
10.0,3,0.15,True,0.15,AP,12,worst_mae,A3,1.8272107717803872,0.005211100509294047,20/40,A4,1.8639209449761787,20/40,0.03671017319579151,0.0020582711920071905,paired jackknife (same cell),True,A3 < A4 < A1 < A2,2.4555995968155186,3.1817053367376302,1.8272107717803872,1.8639209449761787,False
10.0,3,0.15,True,0.15,AP,12,mean_rmse,A4,2.102133700747267,0.002094181256696195,mean of 12,A3,2.1975720871111672,mean of 12,0.09543838636390012,0.0015369605851065441,paired jackknife per scenario,True,A4 < A3 < A1 < A2,2.3935208139800292,2.5804150061570654,2.1975720871111672,2.102133700747267,False
10.0,3,0.15,True,0.15,AP,12,worst_q95abs,A3,4.958357703663374,0.024686776783818976,20/40,A4,5.086996172028137,20/40,0.12863846836476256,0.012591605161692408,paired jackknife (same cell),True,A3 < A4 < A1 < A2,6.544956326868398,7.653639641298683,4.958357703663374,5.086996172028137,False
10.0,3,0.15,True,0.15,AP,12,mean_q95abs,A4,4.200018064125233,0.0060237729287967575,mean of 12,A3,4.395246556051697,mean of 12,0.1952284919264642,0.004137206390586634,paired jackknife per scenario,True,A4 < A3 < A1 < A2,4.773281290686912,5.085692942452525,4.395246556051697,4.200018064125233,False
10.0,3,0.15,True,0.15,AP,12,worst_rmse_regret,A4,0.45709556732673984,0.007807957336708712,2.4/8,A3,0.6416949738155926,2.4/8,0.18459940648885276,0.011913357165266054,independent (conservative),True,A4 < A3 < A1 < A2,1.2553520266263658,1.5379201566961234,0.6416949738155926,0.45709556732673984,False
10.0,3,0.15,True,0.15,SL,12,worst_abs_bias,A4,0.8138692441492449,0.0044985032972743345,2.4/8,A3,0.8871794000027602,2.4/8,0.0733101558535153,0.0017727175552139538,paired jackknife (same cell),True,A4 < A3 < A1 < A2,1.1108405783120656,1.8713609510715106,0.8871794000027602,0.8138692441492449,False
10.0,3,0.15,True,0.15,SL,12,worst_rmse,A4,1.7253076887023733,0.005690672491041407,20/40,A3,1.7263233865738152,2.4/8,0.0010156978714419562,0.00813358185237962,independent cells,False,A4 < A3 < A1 < A2,2.1940120467705255,2.599847162753215,1.7263233865738152,1.7253076887023733,False
10.0,3,0.15,True,0.15,SL,12,worst_mae,A4,1.2938196143460698,0.00360933574710562,20/40,A3,1.3079506676800892,2.4/8,0.014131053334019317,0.005071686735379216,independent cells,True,A4 < A3 < A1 < A2,1.657180991828159,2.0279719056926817,1.3079506676800892,1.2938196143460698,False
10.0,3,0.15,True,0.15,SL,12,mean_rmse,A4,1.5583504893469524,0.0013946417531411927,mean of 12,A3,1.6068723330201518,mean of 12,0.04852184367319934,0.0008647888008416965,paired jackknife per scenario,True,A4 < A3 < A1 < A2,1.709846173928657,1.7560246268164246,1.6068723330201518,1.5583504893469524,False
10.0,3,0.15,True,0.15,SL,12,worst_q95abs,A3,3.4147874064991033,0.017331612302979246,20/40,A4,3.4545953939123786,20/40,0.03980798741327529,0.007647104574000903,paired jackknife (same cell),True,A3 < A4 < A1 < A2,4.41775295254285,5.1062913932647405,3.4147874064991033,3.4545953939123786,False
10.0,3,0.15,True,0.15,SL,12,mean_q95abs,A4,3.081577019956669,0.0033246252446487447,mean of 12,A3,3.1712072739951673,mean of 12,0.08963025403849834,0.0023666253083100765,paired jackknife per scenario,True,A4 < A3 < A1 < A2,3.397534358278886,3.4915640240331545,3.1712072739951673,3.081577019956669,False
10.0,3,0.15,True,0.15,SL,12,worst_rmse_regret,A4,0.3802852824013152,0.0049103944312607626,2.4/8,A3,0.4677016851597118,2.4/8,0.08741640275839657,0.007608112369019033,independent (conservative),True,A4 < A3 < A1 < A2,0.7854985847733567,0.8929805555093315,0.4677016851597118,0.3802852824013152,False
10.0,3,0.3,False,0.0,AP,12,worst_abs_bias,A4,1.5531721159513074,0.007898024297794681,2.4/8,A3,1.6104430707116901,2.4/8,0.057270954760382686,0.0015998046763259506,paired jackknife (same cell),True,A4 < A3 < A1 < A2,1.7491786933727973,3.139395316553599,1.6104430707116901,1.5531721159513074,False
10.0,3,0.3,False,0.0,AP,12,worst_rmse,A4,2.94111543871307,0.011262771787723194,2.4/8,A3,2.9754805118327816,2.4/8,0.03436507311971182,0.0022627343799656676,paired jackknife (same cell),True,A4 < A3 < A1 < A2,3.4720571636595166,4.109610017351295,2.9754805118327816,2.94111543871307,False
10.0,3,0.3,False,0.0,AP,12,worst_mae,A4,2.1345467211584577,0.006398367962332763,2.4/8,A3,2.160105465283577,2.4/8,0.025558744125119492,0.0015120508367806127,paired jackknife (same cell),True,A4 < A3 < A1 < A2,2.646383233177986,3.2994701431868028,2.160105465283577,2.1345467211584577,False
10.0,3,0.3,False,0.0,AP,12,mean_rmse,A4,2.6895334065048946,0.002931636763733455,mean of 12,A3,2.7024743622296423,mean of 12,0.012940955724747738,0.0006319796760562961,paired jackknife per scenario,True,A4 < A3 < A2 < A1,2.8349109671707766,2.7077832962695254,2.7024743622296423,2.6895334065048946,False
10.0,3,0.3,False,0.0,AP,12,worst_q95abs,A4,5.968128368608555,0.02495786262453076,2.4/8,A3,6.045394957406672,2.4/8,0.07726658879811676,0.016009630433131396,paired jackknife (same cell),True,A4 < A3 < A1 < A2,6.974202044443026,7.897659839991531,6.045394957406672,5.968128368608555,False
10.0,3,0.3,False,0.0,AP,12,mean_q95abs,A2,5.3319576815255205,0.006414195534225407,mean of 12,A4,5.459355573920675,mean of 12,0.12739789239515442,0.008417363326442813,paired jackknife per scenario,True,A2 < A4 < A3 < A1,5.679040619071909,5.3319576815255205,5.4881447860558294,5.459355573920675,False
10.0,3,0.3,False,0.0,AP,12,worst_rmse_regret,A4,1.0587924083794484,0.011262771787723194,2.4/8,A3,1.0931574814991603,2.4/8,0.03436507311971182,0.015957642180306885,independent (conservative),True,A4 < A3 < A1 < A2,1.3585196044728525,1.3802192009474559,1.0931574814991603,1.0587924083794484,False
10.0,3,0.3,False,0.0,SL,12,worst_abs_bias,A4,1.0771126379683407,0.00550993304082361,2.4/8,A3,1.101065471674722,2.4/8,0.023952833706381238,0.0010608062662475256,paired jackknife (same cell),True,A4 < A3 < A1 < A2,1.1199430744961365,2.012855304207387,1.101065471674722,1.0771126379683407,False
10.0,3,0.3,False,0.0,SL,12,worst_rmse,A4,2.0484329344513514,0.00735240161823896,2.4/8,A3,2.0696915975572514,2.4/8,0.021258663105899966,0.0016987062660569216,paired jackknife (same cell),True,A4 < A3 < A1 < A2,2.356860846293245,2.74039672919935,2.0696915975572514,2.0484329344513514,False
10.0,3,0.3,False,0.0,SL,12,worst_mae,A4,1.515882899380975,0.004356828553276278,2.4/8,A3,1.528469124991063,2.4/8,0.012586225610087931,0.0007377770712217275,paired jackknife (same cell),True,A4 < A3 < A1 < A2,1.7951216465330024,2.168151532464971,1.528469124991063,1.515882899380975,False
10.0,3,0.3,False,0.0,SL,12,mean_rmse,A2,1.8720809553439066,0.001545619609291604,mean of 12,A4,1.8724454891344198,mean of 12,0.00036453379051315515,0.001969132308148959,paired jackknife per scenario,False,A2 < A4 < A3 < A1,1.9730192955737176,1.8720809553439066,1.8814637671987349,1.8724454891344198,False
10.0,3,0.3,False,0.0,SL,12,worst_q95abs,A4,4.116411839562947,0.014587104929844039,2.4/8,A3,4.160042062284026,2.4/8,0.043630222721078304,0.009302805250513002,paired jackknife (same cell),True,A4 < A3 < A1 < A2,4.701885473952991,5.3131267515779035,4.160042062284026,4.116411839562947,False
10.0,3,0.3,False,0.0,SL,12,mean_q95abs,A2,3.688588466058721,0.004386834137669107,mean of 12,A4,3.748207258102618,mean of 12,0.05961879204389664,0.005451440985058475,paired jackknife per scenario,True,A2 < A4 < A3 < A1,3.921328730639228,3.688588466058721,3.7675978066664726,3.748207258102618,False
10.0,3,0.3,False,0.0,SL,12,worst_rmse_regret,A4,0.6759609209839099,0.00735240161823896,2.4/8,A3,0.6972195840898099,2.4/8,0.021258663105899966,0.01050797775402358,independent (conservative),True,A4 < A3 < A2 < A1,0.8533334469233036,0.850203193461355,0.6972195840898099,0.6759609209839099,False
10.0,3,0.3,False,0.15,AP,12,worst_abs_bias,A4,1.6859445215095241,0.008496642812106145,2.4/8,A3,1.7629628127738697,2.4/8,0.07701829126434556,0.0015350215075528358,paired jackknife (same cell),True,A4 < A3 < A1 < A2,1.7676270266899143,3.1095475736593383,1.7629628127738697,1.6859445215095241,False
10.0,3,0.3,False,0.15,AP,12,worst_rmse,A4,3.1720073525009997,0.011436033409886708,2.4/8,A3,3.213507768405313,2.4/8,0.041500415904313304,0.0021240514972715235,paired jackknife (same cell),True,A4 < A3 < A1 < A2,3.616584549812221,4.116871786739048,3.213507768405313,3.1720073525009997,False
10.0,3,0.3,False,0.15,AP,12,worst_mae,A4,2.3129890598273155,0.006864225645353789,2.4/8,A3,2.345111436107833,2.4/8,0.03212237628051762,0.001255607886428707,paired jackknife (same cell),True,A4 < A3 < A1 < A2,2.7648171921275417,3.2827517391542123,2.345111436107833,2.3129890598273155,False
10.0,3,0.3,False,0.15,AP,12,mean_rmse,A2,2.786684334517472,0.002338896877535286,mean of 12,A4,2.898905574931135,mean of 12,0.1122212404136631,0.003212213836618412,paired jackknife per scenario,True,A2 < A4 < A3 < A1,3.0492581653374646,2.786684334517472,2.91410723436601,2.898905574931135,False
10.0,3,0.3,False,0.15,AP,12,worst_q95abs,A4,6.498427792007589,0.0281154868833331,2.4/8,A3,6.566580345265918,2.4/8,0.06815255325832936,0.012355342073212632,paired jackknife (same cell),True,A4 < A3 < A1 < A2,7.246977355677727,7.971554637844736,6.566580345265918,6.498427792007589,False
10.0,3,0.3,False,0.15,AP,12,mean_q95abs,A2,5.520013550704678,0.00656767676846715,mean of 12,A4,5.890300544170337,mean of 12,0.3702869934656592,0.009067833182747608,paired jackknife per scenario,True,A2 < A4 < A3 < A1,6.103043702526461,5.520013550704678,5.918904134655052,5.890300544170337,False
10.0,3,0.3,False,0.15,AP,12,worst_rmse_regret,A4,1.1942434321116717,0.011436033409886708,2.4/8,A2,1.2356779491301868,20/40,0.04143451701851508,0.01570325491870388,independent cells,True,A4 < A2 < A3 < A1,1.382185552371006,1.2356779491301868,1.235743848015985,1.1942434321116717,False
10.0,3,0.3,False,0.15,SL,12,worst_abs_bias,A1,1.0268697261375943,0.0068619967091056114,20/20,A4,1.2818456852337259,2.4/8,0.2549759590961316,0.008992280145938553,independent cells,True,A1 < A4 < A3 < A2,1.0268697261375943,1.865334624658188,1.316279364755023,1.2818456852337259,False
10.0,3,0.3,False,0.15,SL,12,worst_rmse,A4,2.2406483270195205,0.007798074834068544,2.4/8,A3,2.261670434504475,2.4/8,0.02102210748495459,0.0012610497057163848,paired jackknife (same cell),True,A4 < A3 < A1 < A2,2.4006487104607133,2.649560536455947,2.261670434504475,2.2406483270195205,False
10.0,3,0.3,False,0.15,SL,12,worst_mae,A4,1.6738708443835912,0.004710290339812425,2.4/8,A3,1.6894800763961346,2.4/8,0.015609232012543384,0.0006881806585463446,paired jackknife (same cell),True,A4 < A3 < A1 < A2,1.8190430606414922,2.0546712714242306,1.6894800763961346,1.6738708443835912,False
10.0,3,0.3,False,0.15,SL,12,mean_rmse,A2,1.8596163505907486,0.001622196741240145,mean of 12,A4,2.029758574081794,mean of 12,0.17014222349104524,0.002126689298923485,paired jackknife per scenario,True,A2 < A4 < A3 < A1,2.086548412822478,1.8596163505907486,2.0413364081959298,2.029758574081794,False
10.0,3,0.3,False,0.15,SL,12,worst_q95abs,A4,4.485690330738347,0.017976106712735862,2.4/8,A3,4.532548818242966,2.4/8,0.046858487504619184,0.006438479586856251,paired jackknife (same cell),True,A4 < A3 < A1 < A2,4.831258113807995,5.226362242810841,4.532548818242966,4.485690330738347,False
10.0,3,0.3,False,0.15,SL,12,mean_q95abs,A2,3.7102316270557663,0.0044361466889114515,mean of 12,A4,4.061660063782967,mean of 12,0.3514284367272009,0.006388571889359921,paired jackknife per scenario,True,A2 < A4 < A3 < A1,4.160485849660874,3.7102316270557663,4.088152616307212,4.061660063782967,False
10.0,3,0.3,False,0.15,SL,12,worst_rmse_regret,A2,0.6885357133441234,0.007716664942633451,20/40,A4,0.8379377288110201,2.4/8,0.1494020154668967,0.010970728733981224,independent cells,True,A2 < A4 < A3 < A1,0.8621680605962081,0.6885357133441234,0.8589598362959747,0.8379377288110201,False
10.0,3,0.3,True,0.0,AP,12,worst_abs_bias,A1,1.6335613892526153,0.009567872310553565,20/20,A4,1.6444585116260022,2.4/8,0.010897122373386914,0.012610091811083026,independent cells,False,A1 < A4 < A3 < A2,1.6335613892526153,2.906543623176413,1.9377988147387333,1.6444585116260022,False
10.0,3,0.3,True,0.0,AP,12,worst_rmse,A4,3.0742803742522944,0.011718108359538522,2.4/8,A3,3.3512454868777235,2.4/8,0.2769651126254291,0.006825972507256075,paired jackknife (same cell),True,A4 < A3 < A1 < A2,3.438437046592848,3.942253773260698,3.3512454868777235,3.0742803742522944,False
10.0,3,0.3,True,0.0,AP,12,worst_mae,A4,2.231428229203258,0.006687280910170898,2.4/8,A3,2.4176365798805435,2.4/8,0.18620835067728558,0.0034309929217342405,paired jackknife (same cell),True,A4 < A3 < A1 < A2,2.6214654989711894,3.133129556311177,2.4176365798805435,2.231428229203258,False
10.0,3,0.3,True,0.0,AP,12,mean_rmse,A2,2.657418680170393,0.0022629797733550255,mean of 12,A4,2.7995553081982365,mean of 12,0.14213662802784333,0.0032694932332951836,paired jackknife per scenario,True,A2 < A4 < A1 < A3,2.88224554913865,2.657418680170393,2.977824377889416,2.7995553081982365,False
10.0,3,0.3,True,0.0,AP,12,worst_q95abs,A4,6.253614210564489,0.02143000823859595,2.4/8,A3,6.848997591544752,2.4/8,0.5953833809802624,0.0203670519934245,paired jackknife (same cell),True,A4 < A3 < A1 < A2,6.909560311047372,7.654453220777574,6.848997591544752,6.253614210564489,False
10.0,3,0.3,True,0.0,AP,12,mean_q95abs,A2,5.262311899339441,0.006436176730759378,mean of 12,A4,5.675027069843096,mean of 12,0.41271517050365514,0.008571975773387102,paired jackknife per scenario,True,A2 < A4 < A1 < A3,5.768695224927526,5.262311899339441,6.049674295796308,5.675027069843096,False
10.0,3,0.3,True,0.0,AP,12,worst_rmse_regret,A4,1.099658845445034,0.011718108359538522,2.4/8,A2,1.1083147255331465,20/40,0.008655880088112466,0.015566314420683318,independent cells,False,A4 < A2 < A1 < A3,1.3414839469046083,1.1083147255331465,1.3766239580704631,1.099658845445034,False
10.0,3,0.3,True,0.0,SL,12,worst_abs_bias,A1,1.0529455479884815,0.0066333506079561755,20/40,A4,1.171118916288199,2.4/8,0.11817336829971747,0.008746621027509071,independent cells,True,A1 < A4 < A3 < A2,1.0529455479884815,1.863385090835706,1.3102586329576125,1.171118916288199,False
10.0,3,0.3,True,0.0,SL,12,worst_rmse,A4,2.1498118348190527,0.0077128050482065625,2.4/8,A3,2.296523975271261,2.4/8,0.14671214045220848,0.004029800386924168,paired jackknife (same cell),True,A4 < A3 < A1 < A2,2.354154195167742,2.6302511985369246,2.296523975271261,2.1498118348190527,False
10.0,3,0.3,True,0.0,SL,12,worst_mae,A4,1.5934741867187732,0.004563498402439376,2.4/8,A3,1.6852664668501725,2.4/8,0.09179228013139928,0.001778886191910593,paired jackknife (same cell),True,A4 < A3 < A1 < A2,1.7896179047092633,2.0648536560028825,1.6852664668501725,1.5934741867187732,False
10.0,3,0.3,True,0.0,SL,12,mean_rmse,A2,1.8350094902165335,0.0015561611324108515,mean of 12,A4,1.9504255102198804,mean of 12,0.11541602000334694,0.0021207714467072363,paired jackknife per scenario,True,A2 < A4 < A1 < A3,2.0000375397875554,1.8350094902165335,2.0502087365635524,1.9504255102198804,False
10.0,3,0.3,True,0.0,SL,12,worst_q95abs,A4,4.310140415311663,0.01960098022948188,2.4/8,A3,4.636782120848144,2.4/8,0.3266417055364812,0.013425111492464881,paired jackknife (same cell),True,A4 < A3 < A1 < A2,4.705305374315823,5.142469962548001,4.636782120848144,4.310140415311663,False
10.0,3,0.3,True,0.0,SL,12,mean_q95abs,A2,3.629781666448746,0.004022569185692011,mean of 12,A4,3.9075920166855767,mean of 12,0.27781035023683076,0.005932683177317123,paired jackknife per scenario,True,A2 < A4 < A1 < A3,3.9712602323252093,3.629781666448746,4.123217149121678,3.9075920166855767,False
10.0,3,0.3,True,0.0,SL,12,worst_rmse_regret,A2,0.6929675337905774,0.00721831000968875,20/40,A4,0.7296346546374088,2.4/8,0.036667120846831436,0.01056368122898516,independent cells,True,A2 < A4 < A1 < A3,0.8533404342683291,0.6929675337905774,0.8763467950896173,0.7296346546374088,False
10.0,3,0.3,True,0.15,AP,12,worst_abs_bias,A1,1.674305988721438,0.01011660030197827,20/40,A4,1.7554645807500608,2.4/8,0.08115859202862286,0.013426041679283103,independent cells,True,A1 < A4 < A3 < A2,1.674305988721438,2.8909212694560016,2.1009012549490937,1.7554645807500608,False
10.0,3,0.3,True,0.15,AP,12,worst_rmse,A4,3.2974046357189026,0.012518638494712365,2.4/8,A3,3.6041670209914143,2.4/8,0.30676238527251165,0.010712765504531022,paired jackknife (same cell),True,A4 < A3 < A1 < A2,3.6229086740565615,3.973510236525494,3.6041670209914143,3.2974046357189026,False
10.0,3,0.3,True,0.15,AP,12,worst_mae,A4,2.399133203975179,0.007153382676837597,2.4/8,A3,2.602461620660599,2.4/8,0.2033284166854199,0.0046382580637806875,paired jackknife (same cell),True,A4 < A3 < A1 < A2,2.76012620885782,3.1337205788281297,2.602461620660599,2.399133203975179,False
10.0,3,0.3,True,0.15,AP,12,mean_rmse,A2,2.7295332666109786,0.0023503090278797654,mean of 12,A4,3.0029538509439515,mean of 12,0.2734205843329729,0.00348306379387873,paired jackknife per scenario,True,A2 < A4 < A1 < A3,3.0978775564946557,2.7295332666109786,3.183588037993664,3.0029538509439515,False
10.0,3,0.3,True,0.15,AP,12,worst_q95abs,A4,6.726298453974239,0.04331613377843033,2.4/8,A1,7.247780106712114,20/8,0.521481652737875,0.053086644442379455,independent cells,True,A4 < A1 < A3 < A2,7.247780106712114,7.743515448261953,7.3564521865919446,6.726298453974239,False
10.0,3,0.3,True,0.15,AP,12,mean_q95abs,A2,5.4249468583473694,0.006275660137342515,mean of 12,A4,6.085575073299755,mean of 12,0.6606282149523857,0.009362012834272581,paired jackknife per scenario,True,A2 < A4 < A1 < A3,6.195673093202102,5.4249468583473694,6.477837235663894,6.085575073299755,False
10.0,3,0.3,True,0.15,AP,12,worst_rmse_regret,A2,0.9594893815058958,0.01081323918892147,20/40,A4,1.2361452305193845,2.4/8,0.2766558490134887,0.016542141684743283,independent cells,True,A2 < A4 < A1 < A3,1.4139345531246157,0.9594893815058958,1.5429076157918962,1.2361452305193845,False
10.0,3,0.3,True,0.15,SL,12,worst_abs_bias,A1,0.9594491034199254,0.006929441537038906,20/40,A4,1.352040479148886,2.4/8,0.39259137572896063,0.009163628789477338,independent cells,True,A1 < A4 < A3 < A2,0.9594491034199254,1.7350659734563203,1.5166772127441353,1.352040479148886,False
10.0,3,0.3,True,0.15,SL,12,worst_rmse,A4,2.328834635592307,0.007970916623654211,2.4/8,A1,2.402154721726106,20/20,0.07332008613379903,0.010790521792826161,independent cells,True,A4 < A1 < A3 < A2,2.402154721726106,2.563960948487376,2.490802619350837,2.328834635592307,False
10.0,3,0.3,True,0.15,SL,12,worst_mae,A4,1.7421581898478848,0.0048871049561833085,2.4/8,A1,1.8193121605508222,20/20,0.07715397070293739,0.006963371783561333,independent cells,True,A4 < A1 < A3 < A2,1.8193121605508222,1.9773283996589492,1.8470509734606844,1.7421581898478848,False
10.0,3,0.3,True,0.15,SL,12,mean_rmse,A2,1.8312255622232374,0.001602809308486581,mean of 12,A4,2.0998914435423566,mean of 12,0.26866588131911917,0.002250604700900444,paired jackknife per scenario,True,A2 < A4 < A1 < A3,2.115339700241814,1.8312255622232374,2.2062535214980623,2.0998914435423566,False
10.0,3,0.3,True,0.15,SL,12,worst_q95abs,A4,4.640356143095435,0.018818211688280743,2.4/8,A1,4.826695827492335,20/20,0.1863396843969003,0.029618028943516245,independent cells,True,A4 < A1 < A3 < A2,4.826695827492335,5.079588032077121,4.989743408501973,4.640356143095435,False
10.0,3,0.3,True,0.15,SL,12,mean_q95abs,A2,3.663631658305073,0.00451486943715819,mean of 12,A4,4.202127962075607,mean of 12,0.5384963037705335,0.006450597067674654,paired jackknife per scenario,True,A2 < A4 < A1 < A3,4.220774667764085,3.663631658305073,4.4344697867069405,4.202127962075607,False
10.0,3,0.3,True,0.15,SL,12,worst_rmse_regret,A2,0.5476194748402494,0.007316701688428634,20/40,A1,0.8661415828551171,20/8,0.3185221080148677,0.010340727070160543,independent cells,True,A2 < A1 < A4 < A3,0.8661415828551171,0.5476194748402494,1.028438520736122,0.866470536977592,False
10.0,4,0.05,False,0.0,AP,12,worst_abs_bias,A3,1.0295449544709383,0.006064223315249138,20/40,A4,1.0617703400768677,20/40,0.03222538560592936,0.0010150113731440056,paired jackknife (same cell),True,A3 < A4 < A1 < A2,2.1085545604471077,3.7881272979624367,1.0295449544709383,1.0617703400768677,False
10.0,4,0.05,False,0.0,AP,12,worst_rmse,A3,2.1765584026607865,0.007285572419501548,20/40,A4,2.215386537078959,20/40,0.03882813441817268,0.001979484108649581,paired jackknife (same cell),True,A3 < A4 < A1 < A2,3.2102690890175065,4.5461715190352185,2.1765584026607865,2.215386537078959,False
10.0,4,0.05,False,0.0,AP,12,worst_mae,A3,1.6232832170261309,0.00458517077250737,20/40,A4,1.6456808981622248,20/40,0.022397681136093972,0.0009010654120371302,paired jackknife (same cell),True,A3 < A4 < A1 < A2,2.4263579609540886,3.816037445172067,1.6232832170261309,1.6456808981622248,False
10.0,4,0.05,False,0.0,AP,12,mean_rmse,A3,1.6292252444446447,0.0014088173727806932,mean of 12,A4,1.6362483416874445,mean of 12,0.007023097242799814,0.00025998963377561025,paired jackknife per scenario,True,A3 < A4 < A1 < A2,2.1090382608813765,2.859695765769036,1.6292252444446447,1.6362483416874445,False
10.0,4,0.05,False,0.0,AP,12,worst_q95abs,A3,4.402989343502759,0.01976267892704865,20/40,A4,4.480390903826724,20/40,0.07740156032396417,0.00994949004820385,paired jackknife (same cell),True,A3 < A4 < A1 < A2,6.470452366317384,8.437016501432746,4.402989343502759,4.480390903826724,False
10.0,4,0.05,False,0.0,AP,12,mean_q95abs,A3,3.2520960974537054,0.003860546042249603,mean of 12,A4,3.266027016439247,mean of 12,0.013930918985541663,0.0012883451518395737,paired jackknife per scenario,True,A3 < A4 < A1 < A2,4.211621058944137,5.458776296774745,3.2520960974537054,3.266027016439247,False
10.0,4,0.05,False,0.0,AP,12,worst_rmse_regret,A3,0.0007789281755752331,0.004327874186494618,4.8/8,A4,0.03882813441817268,20/40,0.038049206242597444,0.0086889311523689,independent cells,True,A3 < A4 < A1 < A2,1.6732234617551924,2.531603319226421,0.0007789281755752331,0.03882813441817268,False
10.0,4,0.05,False,0.0,SL,12,worst_abs_bias,A3,0.5805612344564005,0.004513661936566506,20/40,A4,0.5916462514651981,20/40,0.011085017008797604,0.0005557667288095283,paired jackknife (same cell),True,A3 < A4 < A1 < A2,1.3620708974849736,2.4257139509172574,0.5805612344564005,0.5916462514651981,False
10.0,4,0.05,False,0.0,SL,12,worst_rmse,A3,1.5408910998413852,0.005001374393832611,20/40,A4,1.55392617196308,20/40,0.013035072121694746,0.0009712920726769735,paired jackknife (same cell),True,A3 < A4 < A1 < A2,2.207697871799592,3.0103123853955105,1.5408910998413852,1.55392617196308,False
10.0,4,0.05,False,0.0,SL,12,worst_mae,A3,1.1665563527428766,0.003183554291139944,20/40,A4,1.173462713533062,20/40,0.006906360790185362,0.00039290024127602873,paired jackknife (same cell),True,A3 < A4 < A1 < A2,1.6762280370963842,2.472182775263164,1.1665563527428766,1.173462713533062,False
10.0,4,0.05,False,0.0,SL,12,mean_rmse,A3,1.25310121479778,0.0009911550539287702,mean of 12,A4,1.2555214247649964,mean of 12,0.002420209967216369,0.00014937093944278462,paired jackknife per scenario,True,A3 < A4 < A1 < A2,1.555145230282317,1.9629663880986288,1.25310121479778,1.2555214247649964,False
10.0,4,0.05,False,0.0,SL,12,worst_q95abs,A3,3.0582640000133816,0.015593978054456187,20/40,A4,3.087834211442272,20/40,0.02957021142889049,0.005241368586910932,paired jackknife (same cell),True,A3 < A4 < A1 < A2,4.42711768667049,5.660693844196904,3.0582640000133816,3.087834211442272,False
10.0,4,0.05,False,0.0,SL,12,mean_q95abs,A3,2.4733363242641846,0.002765879156450306,mean of 12,A4,2.4780621561638747,mean of 12,0.004725831899690114,0.0007040520836383048,paired jackknife per scenario,True,A3 < A4 < A1 < A2,3.084359273629557,3.77810874966079,2.4733363242641846,2.4780621561638747,False
10.0,4,0.05,False,0.0,SL,12,worst_rmse_regret,A3,0.011071880304106996,0.0031341034961661863,2.4/8,A4,0.013035072121694746,20/40,0.0019631918175877505,0.005979266922487065,independent cells,False,A3 < A4 < A1 < A2,1.0076000336834174,1.509295716161081,0.011071880304106996,0.013035072121694746,False
10.0,4,0.05,False,0.15,AP,12,worst_abs_bias,A3,0.9381960643455738,0.0060918594781195915,20/40,A4,0.9719026942555449,20/40,0.033706629909971086,0.001185771219593811,paired jackknife (same cell),True,A3 < A4 < A1 < A2,2.0496983892679976,3.6739149144716263,0.9381960643455738,0.9719026942555449,False
10.0,4,0.05,False,0.15,AP,12,worst_rmse,A3,2.1427202184413097,0.007364337771136245,20/40,A4,2.181485255759361,20/40,0.038765037318051476,0.0020115746021323066,paired jackknife (same cell),True,A3 < A4 < A1 < A2,3.1777951524635975,4.440724328331052,2.1427202184413097,2.181485255759361,False
10.0,4,0.05,False,0.15,AP,12,worst_mae,A3,1.5932300473656278,0.004530881238316987,20/40,A4,1.6160389287491073,20/40,0.022808881383479473,0.0010774179809416304,paired jackknife (same cell),True,A3 < A4 < A1 < A2,2.3950663458750117,3.706077518984252,1.5932300473656278,1.6160389287491073,False
10.0,4,0.05,False,0.15,AP,12,mean_rmse,A3,1.6333198379209521,0.0014088886419611228,mean of 12,A4,1.6406970342986982,mean of 12,0.007377196377746031,0.0002542003436045242,paired jackknife per scenario,True,A3 < A4 < A1 < A2,2.112931665784197,2.816108569027149,1.6333198379209521,1.6406970342986982,False
10.0,4,0.05,False,0.15,AP,12,worst_q95abs,A3,4.322045360355636,0.01950935730060671,20/40,A4,4.408432504628374,20/40,0.08638714427273797,0.012192164053699469,paired jackknife (same cell),True,A3 < A4 < A1 < A2,6.432119593084855,8.23486063998431,4.322045360355636,4.408432504628374,False
10.0,4,0.05,False,0.15,AP,12,mean_q95abs,A3,3.2537608151721007,0.003830005825260425,mean of 12,A4,3.269897411531236,mean of 12,0.016136596359135336,0.0014529064053043954,paired jackknife per scenario,True,A3 < A4 < A1 < A2,4.23429456715635,5.394878968037525,3.2537608151721007,3.269897411531236,False
10.0,4,0.05,False,0.15,AP,12,worst_rmse_regret,A3,0.0006459154117897103,0.004412448543769395,4.8/8,A4,0.038765037318051476,20/40,0.038119121906261766,0.008763394479660793,independent cells,True,A3 < A4 < A1 < A2,1.6456958498538832,2.4520288067850418,0.0006459154117897103,0.038765037318051476,False
10.0,4,0.05,False,0.15,SL,12,worst_abs_bias,A4,0.49464268955217827,0.0036981575146593755,2.4/8,A3,0.49490224581240605,2.4/8,0.0002595562602277779,7.089044307792799e-05,paired jackknife (same cell),True,A4 < A3 < A1 < A2,1.239754509804191,2.2752596589926175,0.49490224581240605,0.49464268955217827,False
10.0,4,0.05,False,0.15,SL,12,worst_rmse,A3,1.5035911177412227,0.004820439279475881,20/40,A4,1.5166902358254601,20/40,0.013099118084237471,0.0011497963097627428,paired jackknife (same cell),True,A3 < A4 < A1 < A2,2.1458461268993148,2.8886565385943044,1.5035911177412227,1.5166902358254601,False
10.0,4,0.05,False,0.15,SL,12,worst_mae,A3,1.1370441486129088,0.0031111517685911295,20/40,A4,1.143909633083838,20/40,0.006865484470929273,0.0004995561877556568,paired jackknife (same cell),True,A3 < A4 < A1 < A2,1.6205898728037762,2.3387144176726777,1.1370441486129088,1.143909633083838,False
10.0,4,0.05,False,0.15,SL,12,mean_rmse,A3,1.2761858205138403,0.0009804608656782234,mean of 12,A4,1.2783028332549797,mean of 12,0.0021170127411394013,0.00015645172311974548,paired jackknife per scenario,True,A3 < A4 < A1 < A2,1.5538873777240052,1.894768666234601,1.2761858205138403,1.2783028332549797,False
10.0,4,0.05,False,0.15,SL,12,worst_q95abs,A3,2.9938792624063963,0.01651525881474335,20/40,A4,3.0206003250330533,20/40,0.026721062626656966,0.00614159995004571,paired jackknife (same cell),True,A3 < A4 < A1 < A2,4.335989263345326,5.512981410196862,2.9938792624063963,3.0206003250330533,False
10.0,4,0.05,False,0.15,SL,12,mean_q95abs,A3,2.5169433625018836,0.0028662689782024205,mean of 12,A4,2.520635694175961,mean of 12,0.0036923316740775647,0.0008764589001154672,paired jackknife per scenario,True,A3 < A4 < A1 < A2,3.0920734878109424,3.6968564108951987,2.5169433625018836,2.520635694175961,False
10.0,4,0.05,False,0.15,SL,12,worst_rmse_regret,A4,0.09177787806332094,0.003110065404436521,2.4/8,A3,0.09180665716353364,2.4/8,2.87791002127058e-05,0.004398340528126929,independent (conservative),False,A4 < A3 < A1 < A2,0.9063449529898633,1.400755523681837,0.09180665716353364,0.09177787806332094,False
10.0,4,0.05,True,0.0,AP,12,worst_abs_bias,A3,0.7487811736816168,0.005876321296434955,2.4/8,A4,0.9192406960108099,20/40,0.17045952232919315,0.008817814812086279,independent cells,True,A3 < A4 < A1 < A2,2.019514813902052,3.52266137476356,0.7487811736816168,0.9192406960108099,False
10.0,4,0.05,True,0.0,AP,12,worst_rmse,A3,2.208261576547371,0.0076122265618046555,20/40,A4,2.2731543816088857,20/40,0.06489280506151474,0.005306777373934893,paired jackknife (same cell),True,A3 < A4 < A1 < A2,3.1835704021440643,4.316635513113471,2.208261576547371,2.2731543816088857,False
10.0,4,0.05,True,0.0,AP,12,worst_mae,A3,1.6423647179481713,0.004668060747768444,20/40,A4,1.677271142313243,20/40,0.03490642436507163,0.0027448615846886156,paired jackknife (same cell),True,A3 < A4 < A1 < A2,2.4047618754177664,3.576045177764893,1.6423647179481713,1.677271142313243,False
10.0,4,0.05,True,0.0,AP,12,mean_rmse,A4,1.7943907770729473,0.0018122843268087534,mean of 12,A3,1.911182649393709,mean of 12,0.11679187232076171,0.0015232132325583804,paired jackknife per scenario,True,A4 < A3 < A1 < A2,2.1405505578062827,2.7201022232433654,1.911182649393709,1.7943907770729473,False
10.0,4,0.05,True,0.0,AP,12,worst_q95abs,A3,4.452222715810421,0.0253511449931702,20/40,A4,4.5850388634437245,20/40,0.13281614763330385,0.017325387032464234,paired jackknife (same cell),True,A3 < A4 < A1 < A2,6.421145074846368,8.064174354014732,4.452222715810421,4.5850388634437245,False
10.0,4,0.05,True,0.0,AP,12,mean_q95abs,A4,3.5689823905501328,0.004341806479623557,mean of 12,A3,3.8019975146541145,mean of 12,0.23301512410398173,0.003673916310154065,paired jackknife per scenario,True,A4 < A3 < A1 < A2,4.263204396640366,5.238216525918507,3.8019975146541145,3.5689823905501328,False
10.0,4,0.05,True,0.0,AP,12,worst_rmse_regret,A4,0.21046011879242932,0.006648303527111601,2.4/8,A3,0.4171657432077822,2.4/8,0.2067056244153529,0.010635139889754263,independent (conservative),True,A4 < A3 < A1 < A2,1.4454409764843577,2.214579349302652,0.4171657432077822,0.21046011879242932,False
10.0,4,0.05,True,0.0,SL,12,worst_abs_bias,A4,0.5704211138815231,0.004055258375963599,2.4/8,A3,0.6186693326359779,2.4/8,0.04824821875445484,0.0013217238707213127,paired jackknife (same cell),True,A4 < A3 < A1 < A2,1.2992611863828922,2.260354810666157,0.6186693326359779,0.5704211138815231,False
10.0,4,0.05,True,0.0,SL,12,worst_rmse,A3,1.5635929472688652,0.005131539730227732,20/40,A4,1.5835624416270868,20/40,0.019969494358221596,0.002751275719816863,paired jackknife (same cell),True,A3 < A4 < A1 < A2,2.190833203719009,2.8702623391212403,1.5635929472688652,1.5835624416270868,False
10.0,4,0.05,True,0.0,SL,12,worst_mae,A3,1.1807347972486888,0.0032414483650099026,20/40,A4,1.1909330884428124,20/40,0.010198291194123632,0.0012379809134847404,paired jackknife (same cell),True,A3 < A4 < A1 < A2,1.661802659469028,2.3328409520658058,1.1807347972486888,1.1909330884428124,False
10.0,4,0.05,True,0.0,SL,12,mean_rmse,A4,1.3654378289429703,0.001223838862137837,mean of 12,A3,1.4171500300416888,mean of 12,0.05171220109871855,0.0008453238367238281,paired jackknife per scenario,True,A4 < A3 < A1 < A2,1.5736979563323423,1.8780019870401432,1.4171500300416888,1.3654378289429703,False
10.0,4,0.05,True,0.0,SL,12,worst_q95abs,A3,3.11670948614028,0.01272811903881038,20/40,A4,3.160239851486364,20/40,0.04353036534608368,0.006622528752271451,paired jackknife (same cell),True,A3 < A4 < A1 < A2,4.402815347746601,5.4523235632784415,3.11670948614028,3.160239851486364,False
10.0,4,0.05,True,0.0,SL,12,mean_q95abs,A4,2.6934120854741224,0.0027804889668772057,mean of 12,A3,2.7859436651,mean of 12,0.09253157962587766,0.0020340530585907578,paired jackknife per scenario,True,A4 < A3 < A1 < A2,3.118366572122379,3.6441189109610477,2.7859436651,2.6934120854741224,False
10.0,4,0.05,True,0.0,SL,12,worst_rmse_regret,A4,0.21244886997396062,0.00422905961067389,2.4/8,A3,0.29251481776464705,2.4/8,0.08006594779068643,0.007051597706543119,independent (conservative),True,A4 < A3 < A1 < A2,0.8535129411770725,1.331120208718974,0.29251481776464705,0.21244886997396062,False
10.0,4,0.05,True,0.15,AP,12,worst_abs_bias,A3,0.829275574190913,0.005791945681963362,2.4/8,A4,0.8404048564683338,20/40,0.011129282277420827,0.008782078793649587,independent cells,False,A3 < A4 < A1 < A2,1.9570406746476432,3.4286831571154814,0.829275574190913,0.8404048564683338,False
10.0,4,0.05,True,0.15,AP,12,worst_rmse,A3,2.185574817439835,0.007635033289261314,20/40,A4,2.250347542049446,20/40,0.06477272460961103,0.00478277747182005,paired jackknife (same cell),True,A3 < A4 < A1 < A2,3.154888559249315,4.2377617552220705,2.185574817439835,2.250347542049446,False
10.0,4,0.05,True,0.15,AP,12,worst_mae,A3,1.6226314991288422,0.004630146583985696,20/40,A4,1.6593158044335308,20/40,0.03668430530468858,0.0023619216546232535,paired jackknife (same cell),True,A3 < A4 < A1 < A2,2.3699788336551264,3.4881026546635066,1.6226314991288422,1.6593158044335308,False
10.0,4,0.05,True,0.15,AP,12,mean_rmse,A4,1.8044945464239703,0.0018062309752583281,mean of 12,A3,1.9207868996151987,mean of 12,0.11629235319122833,0.0014238424127767148,paired jackknife per scenario,True,A4 < A3 < A1 < A2,2.1391625501696376,2.678233101741661,1.9207868996151987,1.8044945464239703,False
10.0,4,0.05,True,0.15,AP,12,worst_q95abs,A3,4.398816991710723,0.019236782559410467,20/40,A4,4.557053520849884,20/40,0.15823652913916053,0.013569315157248716,paired jackknife (same cell),True,A3 < A4 < A1 < A2,6.374797293447716,7.972965442259756,4.398816991710723,4.557053520849884,False
10.0,4,0.05,True,0.15,AP,12,mean_q95abs,A4,3.5874358184282893,0.004845016775581427,mean of 12,A3,3.8207255641464584,mean of 12,0.23328974571816907,0.003843896202063968,paired jackknife per scenario,True,A4 < A3 < A1 < A2,4.27167247467155,5.193087590612159,3.8207255641464584,3.5874358184282893,False
10.0,4,0.05,True,0.15,AP,12,worst_rmse_regret,A4,0.23709777260266307,0.00621609321129178,2.4/8,A3,0.44394088803006704,2.4/8,0.20684311542740397,0.010192854029336798,independent (conservative),True,A4 < A3 < A1 < A2,1.4042536650488449,2.1353135322829706,0.44394088803006704,0.23709777260266307,False
10.0,4,0.05,True,0.15,SL,12,worst_abs_bias,A4,0.7156861285801146,0.004026686021106384,2.4/8,A3,0.7684016375685608,2.4/8,0.052715508988446236,0.001279982118431558,paired jackknife (same cell),True,A4 < A3 < A1 < A2,1.1814444711521155,2.115787014660092,0.7684016375685608,0.7156861285801146,False
10.0,4,0.05,True,0.15,SL,12,worst_rmse,A3,1.5393131781698295,0.004969814021131561,20/40,A4,1.5549680996078419,20/40,0.015654921438012392,0.0032218004874444016,paired jackknife (same cell),True,A3 < A4 < A1 < A2,2.137430979113092,2.7567041024818963,1.5393131781698295,1.5549680996078419,False
10.0,4,0.05,True,0.15,SL,12,worst_mae,A4,1.1704296585598188,0.0032373302047650674,20/40,A3,1.173463673514576,2.4/8,0.0030340149547571915,0.0045127521503674885,independent cells,False,A4 < A3 < A1 < A2,1.6103547888930172,2.2042577361495077,1.173463673514576,1.1704296585598188,False
10.0,4,0.05,True,0.15,SL,12,mean_rmse,A4,1.3934264854849416,0.0012040665900987944,mean of 12,A3,1.4480099345220105,mean of 12,0.05458344903706891,0.0008783790011685113,paired jackknife per scenario,True,A4 < A3 < A1 < A2,1.570483726118483,1.813684309405917,1.4480099345220105,1.3934264854849416,False
10.0,4,0.05,True,0.15,SL,12,worst_q95abs,A3,3.0631227224407724,0.012676200662814848,20/40,A4,3.091239758099303,20/40,0.028117035658530742,0.006205121434287119,paired jackknife (same cell),True,A3 < A4 < A1 < A2,4.318148600464442,5.30202470924262,3.0631227224407724,3.091239758099303,False
10.0,4,0.05,True,0.15,SL,12,mean_q95abs,A4,2.7427200641739398,0.0029359458342374883,mean of 12,A3,2.842187438221861,mean of 12,0.09946737404792128,0.001993995501468509,paired jackknife per scenario,True,A4 < A3 < A1 < A2,3.119616235363639,3.5583633740880294,2.842187438221861,2.7427200641739398,False
10.0,4,0.05,True,0.15,SL,12,worst_rmse_regret,A4,0.2879463849690742,0.0042675760047856245,2.4/8,A3,0.3652663653673691,2.4/8,0.07731998039829491,0.006729170960940165,independent (conservative),True,A4 < A3 < A1 < A2,0.8316122486476634,1.2192697202021445,0.3652663653673691,0.2879463849690742,False
10.0,4,0.15,False,0.0,AP,12,worst_abs_bias,A3,0.7960116983191368,0.006621873526165195,20/40,A4,0.8412933531887782,20/40,0.04528165486964142,0.0015055009862341246,paired jackknife (same cell),True,A3 < A4 < A1 < A2,2.0280383804401922,3.708473042444346,0.7960116983191368,0.8412933531887782,False
10.0,4,0.15,False,0.0,AP,12,worst_rmse,A3,2.24020348948587,0.007380087161427825,20/40,A4,2.279459483213592,20/40,0.03925599372772215,0.002277053357505741,paired jackknife (same cell),True,A3 < A4 < A1 < A2,3.256139999680522,4.489785666711049,2.24020348948587,2.279459483213592,False
10.0,4,0.15,False,0.0,AP,12,worst_mae,A3,1.6733253207473375,0.004710112769788842,20/40,A4,1.697056712852805,20/40,0.023731392105467375,0.0012587311742352672,paired jackknife (same cell),True,A3 < A4 < A1 < A2,2.4701774721640843,3.746702589822522,1.6733253207473375,1.697056712852805,False
10.0,4,0.15,False,0.0,AP,12,mean_rmse,A3,1.8609495404191627,0.0017001738483296473,mean of 12,A4,1.8630710531378771,mean of 12,0.0021215127187144134,0.00034428109290720764,paired jackknife per scenario,True,A3 < A4 < A1 < A2,2.2773062877453696,2.835175865463587,1.8609495404191627,1.8630710531378771,False
10.0,4,0.15,False,0.0,AP,12,worst_q95abs,A3,4.528267099485513,0.023625701198560122,20/40,A4,4.625340134357759,20/40,0.09707303487224639,0.010773484920476105,paired jackknife (same cell),True,A3 < A4 < A1 < A2,6.543138143013739,8.317256711009213,4.528267099485513,4.625340134357759,False
10.0,4,0.15,False,0.0,AP,12,mean_q95abs,A3,3.7290695210436007,0.004864865182760035,mean of 12,A4,3.734146370757184,mean of 12,0.0050768497135833535,0.0019015374673790077,paired jackknife per scenario,True,A3 < A4 < A1 < A2,4.5495251986721295,5.430676796947691,3.7290695210436007,3.734146370757184,False
10.0,4,0.15,False,0.0,AP,12,worst_rmse_regret,A4,0.2428359986362456,0.006171951475453834,2.4/8,A3,0.24989861852862494,2.4/8,0.007062619892379329,0.008775368077218765,independent (conservative),False,A4 < A3 < A1 < A2,1.4550269492644718,2.3100868252920197,0.24989861852862494,0.2428359986362456,False
10.0,4,0.15,False,0.0,SL,12,worst_abs_bias,A4,0.5963646983718419,0.004069907454278038,2.4/8,A3,0.6004916544137553,2.4/8,0.004126956041913377,0.00031359214230361276,paired jackknife (same cell),True,A4 < A3 < A1 < A2,1.2974943270542776,2.372251257220928,0.6004916544137553,0.5963646983718419,False
10.0,4,0.15,False,0.0,SL,12,worst_rmse,A3,1.577856340648976,0.004950350290272693,20/40,A4,1.5952209840447182,20/40,0.017364643395742174,0.0017185449554832054,paired jackknife (same cell),True,A3 < A4 < A1 < A2,2.231286023588268,2.9714969161326916,1.577856340648976,1.5952209840447182,False
10.0,4,0.15,False,0.0,SL,12,worst_mae,A3,1.1955624133758276,0.0032561814294763203,20/40,A4,1.2041797713900506,20/40,0.008617358014223031,0.0007615561074995362,paired jackknife (same cell),True,A3 < A4 < A1 < A2,1.6941206938802558,2.4289956677628854,1.1955624133758276,1.2041797713900506,False
10.0,4,0.15,False,0.0,SL,12,mean_rmse,A3,1.3869739453265135,0.001160457632818669,mean of 12,A4,1.387604954636881,mean of 12,0.0006310093103674141,0.00022878981484692734,paired jackknife per scenario,True,A3 < A4 < A1 < A2,1.6530316888181475,1.946420668680209,1.3869739453265135,1.387604954636881,False
10.0,4,0.15,False,0.0,SL,12,worst_q95abs,A3,3.151502483369586,0.01605077224892386,20/40,A4,3.185200702777581,20/40,0.03369821940799511,0.00515104906857359,paired jackknife (same cell),True,A3 < A4 < A1 < A2,4.4798444740445795,5.602624981438848,3.151502483369586,3.185200702777581,False
10.0,4,0.15,False,0.0,SL,12,mean_q95abs,A3,2.746468897166567,0.002948531332302256,mean of 12,A4,2.7475174769988313,mean of 12,0.0010485798322643625,0.0008790633822517204,paired jackknife per scenario,False,A3 < A4 < A1 < A2,3.2806346523856527,3.7614201673119925,2.746468897166567,2.7475174769988313,False
10.0,4,0.15,False,0.0,SL,12,worst_rmse_regret,A4,0.19763653051679997,0.004125386925102845,2.4/8,A3,0.2012879805225971,2.4/8,0.003651450005797141,0.005852885018972146,independent (conservative),False,A4 < A3 < A1 < A2,0.8788939675811642,1.3936405754837156,0.2012879805225971,0.19763653051679997,False
10.0,4,0.15,False,0.15,AP,12,worst_abs_bias,A4,0.9276053209657021,0.00567861053412746,2.4/8,A3,0.9448877584125428,2.4/8,0.01728243744684066,0.0006750835034044292,paired jackknife (same cell),True,A4 < A3 < A1 < A2,1.9585933219905634,3.6023071115052026,0.9448877584125428,0.9276053209657021,False
10.0,4,0.15,False,0.15,AP,12,worst_rmse,A3,2.261535136004693,0.00757090597480807,20/40,A4,2.302020584887864,20/40,0.04048544888317096,0.002462481712361073,paired jackknife (same cell),True,A3 < A4 < A1 < A2,3.2665588061693596,4.416378599505346,2.261535136004693,2.302020584887864,False
10.0,4,0.15,False,0.15,AP,12,worst_mae,A3,1.6894567085366292,0.004754261040753219,20/40,A4,1.713676822320482,20/40,0.024220113783852693,0.0010922711094863153,paired jackknife (same cell),True,A3 < A4 < A1 < A2,2.4700495410347414,3.6485029625643137,1.6894567085366292,1.713676822320482,False
10.0,4,0.15,False,0.15,AP,12,mean_rmse,A3,1.964894963171272,0.0018053654529385397,mean of 12,A4,1.9657793667524812,mean of 12,0.0008844035812092255,0.00038282075540876947,paired jackknife per scenario,True,A3 < A4 < A1 < A2,2.361769728551796,2.807467394750443,1.964894963171272,1.9657793667524812,False
10.0,4,0.15,False,0.15,AP,12,worst_q95abs,A3,4.569210459635553,0.015760519969363077,20/40,A4,4.659028205311914,20/40,0.08981774567636158,0.00950831116562226,paired jackknife (same cell),True,A3 < A4 < A1 < A2,6.588363399053856,8.318222228503842,4.569210459635553,4.659028205311914,False
10.0,4,0.15,False,0.15,AP,12,mean_q95abs,A3,3.9370511436905757,0.004672118788105583,mean of 12,A4,3.9399710734187052,mean of 12,0.002919929728129489,0.0019282539148650724,paired jackknife per scenario,False,A3 < A4 < A1 < A2,4.727999964841827,5.427762534101512,3.9370511436905757,3.9399710734187052,False
10.0,4,0.15,False,0.15,AP,12,worst_rmse_regret,A4,0.371447921363145,0.0062809366731575245,2.4/8,A3,0.3827292312705939,2.4/8,0.011281309907448911,0.008918027652440527,independent (conservative),False,A4 < A3 < A1 < A2,1.3488695273628397,2.1548434635006526,0.3827292312705939,0.371447921363145,False
10.0,4,0.15,False,0.15,SL,12,worst_abs_bias,A4,0.8217525616833521,0.004183777991136217,2.4/8,A3,0.828750294544777,2.4/8,0.00699773286142491,0.00042467340191764796,paired jackknife (same cell),True,A4 < A3 < A1 < A2,1.1647244347590584,2.209676576363641,0.828750294544777,0.8217525616833521,False
10.0,4,0.15,False,0.15,SL,12,worst_rmse,A3,1.5780259592974082,0.005121395083619678,20/40,A4,1.5919793386672587,20/40,0.013953379369850527,0.00122129641220486,paired jackknife (same cell),True,A3 < A4 < A1 < A2,2.1938759102101897,2.8505282098166593,1.5780259592974082,1.5919793386672587,False
10.0,4,0.15,False,0.15,SL,12,worst_mae,A4,1.211619043683506,0.0030945895786268322,2.4/8,A3,1.2154053287847368,2.4/8,0.003786285101230913,0.00031757463512794583,paired jackknife (same cell),True,A4 < A3 < A1 < A2,1.657368248820681,2.2851916149073093,1.2154053287847368,1.211619043683506,False
10.0,4,0.15,False,0.15,SL,12,mean_rmse,A4,1.4732326983617003,0.0012248692958718545,mean of 12,A3,1.4742909068766277,mean of 12,0.001058208514927328,0.00019291776178909808,paired jackknife per scenario,True,A4 < A3 < A1 < A2,1.6869526874215808,1.8812408729886496,1.4742909068766277,1.4732326983617003,False
10.0,4,0.15,False,0.15,SL,12,worst_q95abs,A3,3.153044184189458,0.010639307066503526,20/40,A4,3.1801420992515124,20/40,0.0270979150620545,0.004276153586534197,paired jackknife (same cell),True,A3 < A4 < A1 < A2,4.424054832680255,5.48362638058183,3.153044184189458,3.1801420992515124,False
10.0,4,0.15,False,0.15,SL,12,mean_q95abs,A4,2.909839558817287,0.0031698099628466,mean of 12,A3,2.9129380267768212,mean of 12,0.003098467959534279,0.0010668637015687963,paired jackknife per scenario,True,A4 < A3 < A1 < A2,3.3560895708981966,3.6930607979324397,2.9129380267768212,2.909839558817287,False
10.0,4,0.15,False,0.15,SL,12,worst_rmse_regret,A4,0.3493666627504697,0.004324117449568579,2.4/8,A3,0.3549056576797054,2.4/8,0.005538994929235708,0.006128951226116538,independent (conservative),False,A4 < A3 < A1 < A2,0.8453813244731403,1.2725022505192511,0.3549056576797054,0.3493666627504697,False
10.0,4,0.15,True,0.0,AP,12,worst_abs_bias,A4,0.9701395538563133,0.005905189767191477,2.4/8,A3,1.1747284418395503,2.4/8,0.20458888798323693,0.0028936677156350694,paired jackknife (same cell),True,A4 < A3 < A1 < A2,1.9332603487930395,3.4478676768259633,1.1747284418395503,0.9701395538563133,False
10.0,4,0.15,True,0.0,AP,12,worst_rmse,A4,2.3507766399413956,0.008163116671250508,20/40,A3,2.356604065866959,2.4/8,0.00582742592556329,0.012355106095730576,independent cells,False,A4 < A3 < A1 < A2,3.2501707911173683,4.265276780516213,2.356604065866959,2.3507766399413956,False
10.0,4,0.15,True,0.0,AP,12,worst_mae,A3,1.719448054557319,0.004921599133629071,20/40,A4,1.7412529578158629,20/40,0.021804903258543895,0.0028682981008058017,paired jackknife (same cell),True,A3 < A4 < A1 < A2,2.4559303297595774,3.5156894276334496,1.719448054557319,1.7412529578158629,False
10.0,4,0.15,True,0.0,AP,12,mean_rmse,A4,2.0181840369307946,0.0020798123517640293,mean of 12,A3,2.174457615727022,mean of 12,0.1562735787962275,0.0014690544108142496,paired jackknife per scenario,True,A4 < A3 < A1 < A2,2.318636745948305,2.702739782071218,2.174457615727022,2.0181840369307946,False
10.0,4,0.15,True,0.0,AP,12,worst_q95abs,A4,4.733165845952589,0.02774648047283552,20/40,A3,4.7514696253910875,2.4/8,0.018303779438498147,0.03916550141140921,independent cells,False,A4 < A3 < A1 < A2,6.5611868439459675,8.00578520743786,4.7514696253910875,4.733165845952589,False
10.0,4,0.15,True,0.0,AP,12,mean_q95abs,A4,4.0299049442256285,0.005413003092199109,mean of 12,A3,4.36699492671468,mean of 12,0.33708998248905164,0.004295424933896703,paired jackknife per scenario,True,A4 < A3 < A1 < A2,4.631865397168305,5.233074431880202,4.36699492671468,4.0299049442256285,False
10.0,4,0.15,True,0.0,AP,12,worst_rmse_regret,A4,0.475440792960635,0.007564306456583374,2.4/8,A3,0.72770113658433,2.4/8,0.252260343623695,0.011967911472659704,independent (conservative),True,A4 < A3 < A1 < A2,1.3921489713766393,1.9902176472821156,0.72770113658433,0.475440792960635,False
10.0,4,0.15,True,0.0,SL,12,worst_abs_bias,A4,0.7869029295753758,0.004366953467714465,2.4/8,A3,0.8631584596499027,2.4/8,0.0762555300745269,0.001649888079148158,paired jackknife (same cell),True,A4 < A3 < A1 < A2,1.2443822224351972,2.22067589754133,0.8631584596499027,0.7869029295753758,False
10.0,4,0.15,True,0.0,SL,12,worst_rmse,A4,1.645407583390219,0.005544022867266474,20/40,A3,1.6982414251584137,2.4/8,0.05283384176819461,0.008163709084099177,independent cells,True,A4 < A3 < A1 < A2,2.2231424998711713,2.845260823908902,1.6982414251584137,1.645407583390219,False
10.0,4,0.15,True,0.0,SL,12,worst_mae,A4,1.2342555127031005,0.0034409174427075338,20/40,A3,1.2724811168573031,2.4/8,0.03822560415420262,0.004948555019803762,independent cells,True,A4 < A3 < A1 < A2,1.6871161559097263,2.3005935679038854,1.2724811168573031,1.2342555127031005,False
10.0,4,0.15,True,0.0,SL,12,mean_rmse,A4,1.4983717612089158,0.0013755738495171753,mean of 12,A3,1.573438197755526,mean of 12,0.07506643654661027,0.0009116651998563497,paired jackknife per scenario,True,A4 < A3 < A1 < A2,1.6720065423271417,1.8678200550261506,1.573438197755526,1.4983717612089158,False
10.0,4,0.15,True,0.0,SL,12,worst_q95abs,A4,3.2958776844954016,0.013100775102442673,20/40,A3,3.363184725636609,2.4/8,0.06730704114120734,0.01558266929089783,independent cells,True,A4 < A3 < A1 < A2,4.457169855519442,5.428010910478551,3.363184725636609,3.2958776844954016,False
10.0,4,0.15,True,0.0,SL,12,mean_q95abs,A4,2.9676748740072534,0.0032335305033851596,mean of 12,A3,3.116343781168893,mean of 12,0.14866890716163983,0.0023691565267393877,paired jackknife per scenario,True,A4 < A3 < A1 < A2,3.314996582253562,3.6342187319322505,3.116343781168893,2.9676748740072534,False
10.0,4,0.15,True,0.0,SL,12,worst_rmse_regret,A4,0.36746773078598216,0.00500909281895907,2.4/8,A3,0.4762987592217436,2.4/8,0.10883102843576142,0.007810311602361149,independent (conservative),True,A4 < A3 < A1 < A2,0.8689368659331729,1.2094726363146968,0.4762987592217436,0.36746773078598216,False
10.0,4,0.15,True,0.15,AP,12,worst_abs_bias,A4,1.1466019477045597,0.006090586623195576,2.4/8,A3,1.3729461638756317,2.4/8,0.22634421617107203,0.003258466561637661,paired jackknife (same cell),True,A4 < A3 < A1 < A2,1.853082921451633,3.342712194999875,1.3729461638756317,1.1466019477045597,False
10.0,4,0.15,True,0.15,AP,12,worst_rmse,A4,2.3668890792173056,0.008117101045597604,20/40,A3,2.502718500195813,2.4/8,0.13582942097850736,0.012351402758285675,independent cells,True,A4 < A3 < A1 < A2,3.232752983243103,4.195925139636864,2.502718500195813,2.3668890792173056,False
10.0,4,0.15,True,0.15,AP,12,worst_mae,A4,1.7557786823924433,0.005019392718325256,20/40,A3,1.8407687224183802,2.4/8,0.08499004002593691,0.007344814143229073,independent cells,True,A4 < A3 < A1 < A2,2.443861106788578,3.422343167742875,1.8407687224183802,1.7557786823924433,False
10.0,4,0.15,True,0.15,AP,12,mean_rmse,A4,2.111242503476389,0.0021420142534299986,mean of 12,A3,2.2802441620997493,mean of 12,0.16900165862336047,0.0016610513395756666,paired jackknife per scenario,True,A4 < A3 < A1 < A2,2.390862514458194,2.6768109291611335,2.2802441620997493,2.111242503476389,False
10.0,4,0.15,True,0.15,AP,12,worst_q95abs,A4,4.782310040602194,0.02394274165579189,20/40,A3,5.031683594491323,2.4/8,0.24937355388912863,0.04104787651460612,independent cells,True,A4 < A3 < A1 < A2,6.52965355209636,7.9793629099767545,5.031683594491323,4.782310040602194,False
10.0,4,0.15,True,0.15,AP,12,mean_q95abs,A4,4.21651600105421,0.005138068471779922,mean of 12,A3,4.568902126901188,mean of 12,0.35238612584697737,0.004735889461719814,paired jackknife per scenario,True,A4 < A3 < A1 < A2,4.776524377516118,5.222258591338187,4.568902126901188,4.21651600105421,False
10.0,4,0.15,True,0.15,AP,12,worst_rmse_regret,A4,0.5927874995085762,0.007702170059974723,2.4/8,A3,0.8540369562644927,2.4/8,0.2612494567559165,0.012082766419397352,independent (conservative),True,A4 < A3 < A1 < A2,1.383824843518259,1.8727800406198485,0.8540369562644927,0.5927874995085762,False
10.0,4,0.15,True,0.15,SL,12,worst_abs_bias,A4,0.9939254497712274,0.004445219708594097,2.4/8,A3,1.0874489059586112,2.4/8,0.09352345618738378,0.0020164372628821785,paired jackknife (same cell),True,A4 < A3 < A1 < A2,1.108976005513166,2.0465589346387905,1.0874489059586112,0.9939254497712274,False
10.0,4,0.15,True,0.15,SL,12,worst_rmse,A4,1.7215881811548366,0.005076559429381363,2.4/8,A3,1.8409989481431512,2.4/8,0.11941076698831465,0.003434280888502821,paired jackknife (same cell),True,A4 < A3 < A1 < A2,2.1912028351828994,2.715195098784589,1.8409989481431512,1.7215881811548366,False
10.0,4,0.15,True,0.15,SL,12,worst_mae,A4,1.3337814297753496,0.003442244634140001,2.4/8,A3,1.402413988201686,2.4/8,0.06863255842633631,0.001679146282679121,paired jackknife (same cell),True,A4 < A3 < A1 < A2,1.6544727151192702,2.1552386816556983,1.402413988201686,1.3337814297753496,False
10.0,4,0.15,True,0.15,SL,12,mean_rmse,A4,1.5856851104874716,0.001420969958859918,mean of 12,A3,1.67165839336071,mean of 12,0.08597328287323847,0.0009793039013606608,paired jackknife per scenario,True,A4 < A3 < A1 < A2,1.7093912689680824,1.8059183969039179,1.67165839336071,1.5856851104874716,False
10.0,4,0.15,True,0.15,SL,12,worst_q95abs,A4,3.3578000202150764,0.014788782152237402,2.4/8,A3,3.6001279602590857,2.4/8,0.24232794004400926,0.009709570604677515,paired jackknife (same cell),True,A4 < A3 < A1 < A2,4.430893651989704,5.259058011648941,3.6001279602590857,3.3578000202150764,False
10.0,4,0.15,True,0.15,SL,12,mean_q95abs,A4,3.126745300476682,0.0038255183444275806,mean of 12,A3,3.2965634518875238,mean of 12,0.1698181514108419,0.0028262802300100605,paired jackknife per scenario,True,A4 < A3 < A1 < A2,3.396360707006471,3.5618260770265073,3.2965634518875238,3.126745300476682,False
10.0,4,0.15,True,0.15,SL,12,worst_rmse_regret,A4,0.5047479676262829,0.005076559429381363,2.4/8,A3,0.6241587346145976,2.4/8,0.11941076698831465,0.00787659774621793,independent (conservative),True,A4 < A3 < A1 < A2,0.8803417655298393,1.0806726603949484,0.6241587346145976,0.5047479676262829,False
10.0,4,0.3,False,0.0,AP,12,worst_abs_bias,A1,1.7559522790160067,0.009436417631440163,20/40,A4,1.876608939894414,2.4/8,0.12065666087840721,0.012336763354444464,independent cells,True,A1 < A4 < A3 < A2,1.7559522790160067,3.48825227164132,1.942181460970296,1.876608939894414,False
10.0,4,0.3,False,0.0,AP,12,worst_rmse,A4,3.1363311684833595,0.012168642783854003,2.4/8,A3,3.186999050880696,2.4/8,0.05066788239733633,0.002513443623440869,paired jackknife (same cell),True,A4 < A3 < A1 < A2,3.462351387669841,4.349382272878355,3.186999050880696,3.1363311684833595,False
10.0,4,0.3,False,0.0,AP,12,worst_mae,A4,2.301083009180045,0.006739165823467396,2.4/8,A3,2.3416983141414116,2.4/8,0.04061530496136667,0.0011642140094359225,paired jackknife (same cell),True,A4 < A3 < A1 < A2,2.6440972012168724,3.5728733881694517,2.3416983141414116,2.301083009180045,False
10.0,4,0.3,False,0.0,AP,12,mean_rmse,A4,2.7646812258739044,0.003015678763553057,mean of 12,A3,2.7930438125335324,mean of 12,0.028362586659627986,0.0006592445642885289,paired jackknife per scenario,True,A4 < A3 < A2 < A1,2.835669401802718,2.797168799365393,2.7930438125335324,2.7646812258739044,False
10.0,4,0.3,False,0.0,AP,12,worst_q95abs,A4,6.360067950768666,0.03037840556306103,2.4/8,A3,6.462104071046545,2.4/8,0.10203612027787834,0.013218764493808046,paired jackknife (same cell),True,A4 < A3 < A1 < A2,6.940002447709599,8.195265687658761,6.462104071046545,6.360067950768666,False
10.0,4,0.3,False,0.0,AP,12,mean_q95abs,A2,5.436880604866244,0.005114601585798145,mean of 12,A4,5.61693248066829,mean of 12,0.18005187580204662,0.008935563107098995,paired jackknife per scenario,True,A2 < A4 < A3 < A1,5.67812668611657,5.436880604866244,5.677658054865546,5.61693248066829,False
10.0,4,0.3,False,0.0,AP,12,worst_rmse_regret,A4,1.3487798469764583,0.012168642783854003,2.4/8,A3,1.3994477293737946,2.4/8,0.05066788239733633,0.017248874295876092,independent (conservative),True,A4 < A3 < A1 < A2,1.4862438588359563,1.7038588041269112,1.3994477293737946,1.3487798469764583,False
10.0,4,0.3,False,0.0,SL,12,worst_abs_bias,A1,1.1143616024222842,0.006526054547771674,20/8,A4,1.3031153810130471,2.4/8,0.18875377859076292,0.00853068730710548,independent cells,True,A1 < A4 < A3 < A2,1.1143616024222842,2.231829445469155,1.3298828345264064,1.3031153810130471,False
10.0,4,0.3,False,0.0,SL,12,worst_rmse,A4,2.1717281851343015,0.007286765346262467,2.4/8,A3,2.1969576151580092,2.4/8,0.0252294300237077,0.001465086956128603,paired jackknife (same cell),True,A4 < A3 < A1 < A2,2.350254910616896,2.8848630236556314,2.1969576151580092,2.1717281851343015,False
10.0,4,0.3,False,0.0,SL,12,worst_mae,A4,1.624793065198673,0.004556831761327961,2.4/8,A3,1.6421818152256156,2.4/8,0.017388750026942512,0.0007960027267885433,paired jackknife (same cell),True,A4 < A3 < A1 < A2,1.7941441231545794,2.3253576251040013,1.6421818152256156,1.624793065198673,False
10.0,4,0.3,False,0.0,SL,12,mean_rmse,A2,1.924556373986792,0.0015476663773418755,mean of 12,A4,1.928271892260792,mean of 12,0.0037155182740000736,0.002183728627536089,paired jackknife per scenario,False,A2 < A4 < A3 < A1,1.9726350816106422,1.924556373986792,1.9435868792922966,1.928271892260792,False
10.0,4,0.3,False,0.0,SL,12,worst_q95abs,A4,4.372779070202193,0.021917981064170707,2.4/8,A3,4.425731757462333,2.4/8,0.0529526872601398,0.010324899751630477,paired jackknife (same cell),True,A4 < A3 < A1 < A2,4.702792626483774,5.50977299244703,4.425731757462333,4.372779070202193,False
10.0,4,0.3,False,0.0,SL,12,mean_q95abs,A2,3.7566204953715707,0.0044193956156015875,mean of 12,A4,3.8673497520562603,mean of 12,0.11072925668468958,0.0062706965780575065,paired jackknife per scenario,True,A2 < A4 < A3 < A1,3.922903357924978,3.7566204953715707,3.90161365871821,3.8673497520562603,False
10.0,4,0.3,False,0.0,SL,12,worst_rmse_regret,A4,0.8586219040389009,0.007286765346262467,2.4/8,A3,0.8838513340626086,2.4/8,0.0252294300237077,0.010373840655356131,independent (conservative),True,A4 < A3 < A1 < A2,0.9322782131050629,1.0484801016191205,0.8838513340626086,0.8586219040389009,False
10.0,4,0.3,False,0.15,AP,12,worst_abs_bias,A1,1.7738231283135106,0.009977770921968753,20/40,A4,2.076353328583547,2.4/8,0.3025302002700365,0.013107696611550333,independent cells,True,A1 < A4 < A3 < A2,1.7738231283135106,3.444475052418084,2.157445181537089,2.076353328583547,False
10.0,4,0.3,False,0.15,AP,12,worst_rmse,A4,3.3965792612919223,0.011961787433581658,2.4/8,A3,3.455399782100175,2.4/8,0.05882052080825284,0.0029021647059027517,paired jackknife (same cell),True,A4 < A3 < A1 < A2,3.6196602315349824,4.353142984383813,3.455399782100175,3.3965792612919223,False
10.0,4,0.3,False,0.15,AP,12,worst_mae,A4,2.504521904584044,0.007255462321196758,2.4/8,A3,2.552961195952777,2.4/8,0.04843929136873282,0.0017204614301037499,paired jackknife (same cell),True,A4 < A3 < A1 < A2,2.757990942765258,3.5377037873823,2.552961195952777,2.504521904584044,False
10.0,4,0.3,False,0.15,AP,12,mean_rmse,A2,2.8550905338994546,0.002336505287955111,mean of 12,A4,2.994669403742959,mean of 12,0.13957886984350454,0.0034930487280131826,paired jackknife per scenario,True,A2 < A4 < A3 < A1,3.0536535602909503,2.8550905338994546,3.028087336873686,2.994669403742959,False
10.0,4,0.3,False,0.15,AP,12,worst_q95abs,A4,6.883786438902334,0.03080932152538734,2.4/8,A3,6.996136121715655,2.4/8,0.11234968281332147,0.0152546708373879,paired jackknife (same cell),True,A4 < A3 < A1 < A2,7.251537827870319,8.286808234169957,6.996136121715655,6.883786438902334,False
10.0,4,0.3,False,0.15,AP,12,mean_q95abs,A2,5.582405080328254,0.006003577104251852,mean of 12,A4,6.08302289875272,mean of 12,0.5006178184244661,0.009870501490414655,paired jackknife per scenario,True,A2 < A4 < A1 < A3,6.106735967160848,5.582405080328254,6.152771573586676,6.08302289875272,False
10.0,4,0.3,False,0.15,AP,12,worst_rmse_regret,A4,1.5154289342846665,0.011961787433581658,2.4/8,A2,1.543575528024181,20/40,0.028146593739514447,0.01629494594790617,independent cells,False,A4 < A2 < A1 < A3,1.5517241512708653,1.543575528024181,1.5742494550929194,1.5154289342846665,False
10.0,4,0.3,False,0.15,SL,12,worst_abs_bias,A1,1.0161644088553368,0.006859287247711897,20/8,A4,1.5314980579518893,2.4/8,0.5153336490965525,0.008970595833866463,independent cells,True,A1 < A4 < A3 < A2,1.0161644088553368,2.077655170451887,1.5723935306776988,1.5314980579518893,False
10.0,4,0.3,False,0.15,SL,12,worst_rmse,A4,2.38487519307369,0.00782304035428801,2.4/8,A1,2.3973343945999113,20/40,0.012459201526221264,0.011035806305821804,independent cells,False,A4 < A1 < A3 < A2,2.3973343945999113,2.791861168008128,2.4188529832697983,2.38487519307369,False
10.0,4,0.3,False,0.15,SL,12,worst_mae,A4,1.8060854431509896,0.004925149049185741,2.4/8,A1,1.8165655651124406,20/8,0.010480121961450983,0.006973771182347225,independent cells,False,A4 < A1 < A3 < A2,1.8165655651124406,2.1978252838898102,1.833312537917875,1.8060854431509896,False
10.0,4,0.3,False,0.15,SL,12,mean_rmse,A2,1.8930470624435285,0.0016142787789414593,mean of 12,A1,2.0873788080353206,mean of 12,0.19433174559179212,0.0019304869516203842,paired jackknife per scenario,True,A2 < A1 < A4 < A3,2.0873788080353206,1.8930470624435285,2.1229689926268844,2.1028520040867553,False
10.0,4,0.3,False,0.15,SL,12,worst_q95abs,A4,4.746022892860991,0.019629064908634187,2.4/8,A1,4.796229342821137,20/40,0.05020644996014578,0.026685356342287535,independent cells,False,A4 < A1 < A3 < A2,4.796229342821137,5.4436018954617404,4.8207681432282135,4.746022892860991,False
10.0,4,0.3,False,0.15,SL,12,mean_q95abs,A2,3.7507497966286185,0.004580844240877751,mean of 12,A1,4.166215912121289,mean of 12,0.41546611549267043,0.005901144606262373,paired jackknife per scenario,True,A2 < A1 < A4 < A3,4.166215912121289,3.7507497966286185,4.245977209632938,4.202694876625107,False
10.0,4,0.3,False,0.15,SL,12,worst_rmse_regret,A2,0.85831693836617,0.00767507423202378,20/40,A1,0.9739451637577214,20/8,0.11562822539155149,0.01070650682531408,independent cells,True,A2 < A1 < A4 < A3,0.9739451637577214,0.85831693836617,1.0845070611288363,1.050529270932728,False
10.0,4,0.3,True,0.0,AP,12,worst_abs_bias,A1,1.6457154182353473,0.00962694263500676,20/8,A4,1.983607729378275,2.4/8,0.3378923111429277,0.012656592417516297,independent cells,True,A1 < A4 < A3 < A2,1.6457154182353473,3.2160946395338583,2.360000102085232,1.983607729378275,False
10.0,4,0.3,True,0.0,AP,12,worst_rmse,A4,3.268908506716596,0.011875433135052734,2.4/8,A1,3.460648640004376,20/8,0.19174013328778017,0.016039856583291313,independent cells,True,A4 < A1 < A3 < A2,3.460648640004376,4.146228486326317,3.669630816944361,3.268908506716596,False
10.0,4,0.3,True,0.0,AP,12,worst_mae,A4,2.4025348732877387,0.007009734762672434,2.4/8,A1,2.627013837448931,20/20,0.22447896416119217,0.009950624703765596,independent cells,True,A4 < A1 < A3 < A2,2.627013837448931,3.355268759911044,2.684890448677382,2.4025348732877387,False
10.0,4,0.3,True,0.0,AP,12,mean_rmse,A2,2.7062072106919426,0.002215867294155264,mean of 12,A1,2.8808323942991954,mean of 12,0.17462518360725277,0.0028429660398103136,paired jackknife per scenario,True,A2 < A1 < A4 < A3,2.8808323942991954,2.7062072106919426,3.168223739591289,2.889735727312266,False
10.0,4,0.3,True,0.0,AP,12,worst_q95abs,A4,6.587883007768086,0.02737944950135448,2.4/8,A1,6.941578241225712,20/8,0.35369523345762577,0.03669937304433071,independent cells,True,A4 < A1 < A3 < A2,6.941578241225712,7.936953683138938,7.44399242128279,6.587883007768086,False
10.0,4,0.3,True,0.0,AP,12,mean_q95abs,A2,5.301869671054177,0.005585705892339672,mean of 12,A1,5.75965607123732,mean of 12,0.4577864001831431,0.007973624753039555,paired jackknife per scenario,True,A2 < A1 < A4 < A3,5.75965607123732,5.301869671054177,6.461965375509784,5.859377974813103,False
10.0,4,0.3,True,0.0,AP,12,worst_rmse_regret,A2,1.370691858515567,0.010253724175749684,20/40,A4,1.4089643742812583,2.4/8,0.03827251576569135,0.015689638989392393,independent cells,True,A2 < A4 < A1 < A3,1.5194972399327282,1.370691858515567,1.8096866845090236,1.4089643742812583,False
10.0,4,0.3,True,0.0,SL,12,worst_abs_bias,A1,1.0520184649419404,0.006621809393759916,20/8,A4,1.4101632632386998,2.4/8,0.3581447982967594,0.008720112570924032,independent cells,True,A1 < A4 < A3 < A2,1.0520184649419404,2.0589766303610757,1.58511485781632,1.4101632632386998,False
10.0,4,0.3,True,0.0,SL,12,worst_rmse,A4,2.2820448280466454,0.007602331040627794,2.4/8,A1,2.3525136655433982,20/40,0.07046883749675281,0.010427369496571377,independent cells,True,A4 < A1 < A3 < A2,2.3525136655433982,2.750896999907942,2.495063401863736,2.2820448280466454,False
10.0,4,0.3,True,0.0,SL,12,worst_mae,A4,1.7151711429531893,0.004760188238911528,2.4/8,A1,1.7902525976867245,20/40,0.07508145473353522,0.006778848488811575,independent cells,True,A4 < A1 < A3 < A2,1.7902525976867245,2.191878975644779,1.8504412802642627,1.7151711429531893,False
10.0,4,0.3,True,0.0,SL,12,mean_rmse,A2,1.8648731014418833,0.0015341820110177727,mean of 12,A1,1.999237850114116,mean of 12,0.13436474867223258,0.001944161221062297,paired jackknife per scenario,True,A2 < A1 < A4 < A3,1.999237850114116,1.8648731014418833,2.171710656757464,2.0168165221563257,False
10.0,4,0.3,True,0.0,SL,12,worst_q95abs,A4,4.551809524972124,0.015191500320721904,2.4/8,A1,4.714906934034793,20/40,0.16309740906266867,0.022040606670686115,independent cells,True,A4 < A1 < A3 < A2,4.714906934034793,5.313245354216053,5.001993488031153,4.551809524972124,False
10.0,4,0.3,True,0.0,SL,12,mean_q95abs,A2,3.6569152127092424,0.003995099193898453,mean of 12,A1,3.974230457212388,mean of 12,0.3173152445031455,0.005454148642790548,paired jackknife per scenario,True,A2 < A1 < A4 < A3,3.974230457212388,3.6569152127092424,4.362733907544181,4.029492777196226,False
10.0,4,0.3,True,0.0,SL,12,worst_rmse_regret,A2,0.8522249119555394,0.007099585182156819,20/40,A4,0.9242362747438608,2.4/8,0.07201136278832143,0.010401901124794138,independent cells,True,A2 < A4 < A1 < A3,0.9443489062330039,0.8522249119555394,1.1372548485609515,0.9242362747438608,False
10.0,4,0.3,True,0.15,AP,12,worst_abs_bias,A1,1.6772463081712194,0.010106174990258326,20/8,A4,2.1447499454697123,2.4/8,0.46750363729849287,0.013371969754612889,independent cells,True,A1 < A4 < A3 < A2,1.6772463081712194,3.1709606044759786,2.5710357887727033,2.1447499454697123,False
10.0,4,0.3,True,0.15,AP,12,worst_rmse,A4,3.50247853273165,0.012470281193696597,2.4/8,A1,3.6092284960741043,20/8,0.10674996334245446,0.016679803397113675,independent cells,True,A4 < A1 < A3 < A2,3.6092284960741043,4.124194963310569,3.9125497336222317,3.50247853273165,False
10.0,4,0.3,True,0.15,AP,12,worst_mae,A4,2.5860659176152256,0.007469722042179587,2.4/8,A1,2.7545277955899747,20/8,0.1684618779747491,0.01049706439465408,independent cells,True,A4 < A1 < A3 < A2,2.7545277955899747,3.3138373232865916,2.891057729687129,2.5860659176152256,False
10.0,4,0.3,True,0.15,AP,12,mean_rmse,A2,2.7565518561561606,0.0023019184566934916,mean of 12,A4,3.096993536328285,mean of 12,0.3404416801721242,0.003706227417838597,paired jackknife per scenario,True,A2 < A4 < A1 < A3,3.0990409516888526,2.7565518561561606,3.386241728679046,3.096993536328285,False
10.0,4,0.3,True,0.15,AP,12,worst_q95abs,A4,7.109872495595866,0.03251132854687458,2.4/8,A1,7.206841787747251,20/40,0.09696929215138539,0.039475789540354675,independent cells,True,A4 < A1 < A3 < A2,7.206841787747251,7.965675754441897,7.910327689812843,7.109872495595866,False
10.0,4,0.3,True,0.15,AP,12,mean_q95abs,A2,5.433525557993451,0.006333123468345969,mean of 12,A1,6.184980748631421,mean of 12,0.7514551906379703,0.00874207622692477,paired jackknife per scenario,True,A2 < A1 < A4 < A3,6.184980748631421,5.433525557993451,6.883047999224568,6.283082448367569,False
10.0,4,0.3,True,0.15,AP,12,worst_rmse_regret,A2,1.2015004583373092,0.01035802850695953,20/40,A1,1.5732451785047354,20/8,0.3717447201674262,0.015165641525088484,independent cells,True,A2 < A1 < A4 < A3,1.5732451785047354,1.2015004583373092,2.0023986229919575,1.5923274221013757,False
10.0,4,0.3,True,0.15,SL,12,worst_abs_bias,A1,0.9611170409850561,0.006923773500545977,20/8,A4,1.6179361303054864,2.4/8,0.6568190893204303,0.00913960188579568,independent cells,True,A1 < A4 < A3 < A2,0.9611170409850561,1.9176778854710004,1.8210483353166556,1.6179361303054864,False
10.0,4,0.3,True,0.15,SL,12,worst_rmse,A1,2.391142399883088,0.0073026495876438125,20/8,A4,2.4853671846353964,2.4/8,0.09422478475230855,0.011236750410375657,independent cells,True,A1 < A4 < A2 < A3,2.391142399883088,2.6616483906534167,2.7057282759001096,2.4853671846353964,False
10.0,4,0.3,True,0.15,SL,12,worst_mae,A1,1.8172176848278456,0.004914576294583016,20/8,A4,1.8853572327353898,2.4/8,0.06813954790754417,0.007097753438945514,independent cells,True,A1 < A4 < A3 < A2,1.8172176848278456,2.0802760003614895,2.0390086196908257,1.8853572327353898,False
10.0,4,0.3,True,0.15,SL,12,mean_rmse,A2,1.8431531417810139,0.0016000850541677651,mean of 12,A1,2.1147550627725993,mean of 12,0.2716019209915854,0.002091483536746046,paired jackknife per scenario,True,A2 < A1 < A4 < A3,2.1147550627725993,1.8431531417810139,2.3515777559766478,2.185591271492651,False
10.0,4,0.3,True,0.15,SL,12,worst_q95abs,A1,4.7883575668409675,0.016750317834351207,20/8,A4,4.900001398814871,2.4/8,0.11164383197390393,0.028928416777767387,independent cells,True,A1 < A4 < A2 < A3,4.7883575668409675,5.218278378447519,5.359233933182552,4.900001398814871,False
10.0,4,0.3,True,0.15,SL,12,mean_q95abs,A2,3.666937900445806,0.004088219445683674,mean of 12,A1,4.2155270090179195,mean of 12,0.5485891085721137,0.005542437014538136,paired jackknife per scenario,True,A2 < A1 < A4 < A3,4.2155270090179195,3.666937900445806,4.7104364452690275,4.355937476852641,False
10.0,4,0.3,True,0.15,SL,12,worst_rmse_regret,A2,0.6729736783773237,0.007361150085917043,20/40,A1,0.9738149069199569,20/8,0.3008412285426332,0.010368954700803299,independent cells,True,A2 < A1 < A4 < A3,0.9738149069199569,0.6729736783773237,1.3314867826831869,1.1111256914184737,False
13.0,2,0.05,False,0.0,AP,12,worst_abs_bias,A3,2.068427021826702,0.008602326486498302,20/40,A4,2.1044276200349925,20/40,0.03600059820829049,0.0015058745148173378,paired jackknife (same cell),True,A3 < A4 < A1 < A2,2.743445549674218,4.049631449096738,2.068427021826702,2.1044276200349925,False
13.0,2,0.05,False,0.0,AP,12,worst_rmse,A3,3.4173554750176227,0.0115400151182611,20/40,A4,3.462830400110313,20/40,0.045474925092690466,0.002270315956061491,paired jackknife (same cell),True,A3 < A4 < A1 < A2,4.106782308270668,5.213681212807911,3.4173554750176227,3.462830400110313,False
13.0,2,0.05,False,0.0,AP,12,worst_mae,A3,2.534364656790465,0.00724939085903919,20/40,A4,2.5645257622582784,20/40,0.030161105467813254,0.0013575851751093822,paired jackknife (same cell),True,A3 < A4 < A1 < A2,3.082979694801646,4.159426109745625,2.534364656790465,2.5645257622582784,False
13.0,2,0.05,False,0.0,AP,12,mean_rmse,A3,2.190419788401097,0.0020210433308654103,mean of 12,A4,2.226628723303008,mean of 12,0.036208934901910794,0.0008449617946105406,paired jackknife per scenario,True,A3 < A4 < A1 < A2,2.622856084609774,3.248555130381497,2.190419788401097,2.226628723303008,False
13.0,2,0.05,False,0.0,AP,12,worst_q95abs,A3,6.912422232769011,0.026475657403300386,20/40,A4,7.020329367513572,20/40,0.10790713474456126,0.012750668252405502,paired jackknife (same cell),True,A3 < A4 < A1 < A2,8.275494727786088,10.134309113699473,6.912422232769011,7.020329367513572,False
13.0,2,0.05,False,0.0,AP,12,mean_q95abs,A3,4.392128565269437,0.004976506844937635,mean of 12,A4,4.464494632383411,mean of 12,0.07236606711397364,0.002663195903503994,paired jackknife per scenario,True,A3 < A4 < A1 < A2,5.2526314181878915,6.425797290117298,4.392128565269437,4.464494632383411,False
13.0,2,0.05,False,0.0,AP,12,worst_rmse_regret,A3,0.00019223636827048196,0.005669682669256703,4.8/8,A4,0.23985635607875988,20/8,0.2396641197104894,0.011405749575374753,independent cells,True,A3 < A4 < A1 < A2,1.9884835085954822,2.177894009148127,0.00019223636827048196,0.23985635607875988,False
13.0,2,0.05,False,0.0,SL,12,worst_abs_bias,A3,1.287529256640136,0.006012244324792119,20/40,A4,1.3043130888517809,20/40,0.016783832211644922,0.0009844422220052194,paired jackknife (same cell),True,A3 < A4 < A1 < A2,1.770527486786815,2.5831695430000376,1.287529256640136,1.3043130888517809,False
13.0,2,0.05,False,0.0,SL,12,worst_rmse,A3,2.296171514003687,0.007691770491744458,20/40,A4,2.320938126461382,20/40,0.024766612457695292,0.0021379003656759234,paired jackknife (same cell),True,A3 < A4 < A1 < A2,2.7685983352957444,3.425493833827605,2.296171514003687,2.320938126461382,False
13.0,2,0.05,False,0.0,SL,12,worst_mae,A3,1.711069486619976,0.004842177485762826,20/40,A4,1.7247829177570693,20/40,0.013713431137093224,0.0008871505262749098,paired jackknife (same cell),True,A3 < A4 < A1 < A2,2.083656328524391,2.69870054119135,1.711069486619976,1.7247829177570693,False
13.0,2,0.05,False,0.0,SL,12,mean_rmse,A3,1.5757299054896918,0.001371073564108766,mean of 12,A4,1.5918185918543175,mean of 12,0.01608868636462568,0.0005190092607676427,paired jackknife per scenario,True,A3 < A4 < A1 < A2,1.8577533292004966,2.2086023141616073,1.5757299054896918,1.5918185918543175,False
13.0,2,0.05,False,0.0,SL,12,worst_q95abs,A3,4.64932284660018,0.01814556240495804,20/40,A4,4.702266225478417,20/40,0.05294337887823719,0.019099649717140187,paired jackknife (same cell),True,A3 < A4 < A1 < A2,5.582138165019962,6.689406241833703,4.64932284660018,4.702266225478417,False
13.0,2,0.05,False,0.0,SL,12,mean_q95abs,A3,3.1378746797264276,0.003356383433305481,mean of 12,A4,3.1664931921635824,mean of 12,0.02861851243715474,0.0018768028586785635,paired jackknife per scenario,True,A3 < A4 < A1 < A2,3.701270875952671,4.374247882725559,3.1378746797264276,3.1664931921635824,False
13.0,2,0.05,False,0.0,SL,12,worst_rmse_regret,A3,0.00013302569241413487,0.003988534688083698,4.8/40,A4,0.10085370704012808,20/8,0.10072068134771395,0.007310900760161886,independent cells,True,A3 < A4 < A1 < A2,1.2300231608001244,1.3001249306888656,0.00013302569241413487,0.10085370704012808,False
13.0,2,0.05,False,0.15,AP,12,worst_abs_bias,A3,2.0299291831744357,0.008622743677260736,20/40,A4,2.0694261743541724,20/40,0.03949699117973671,0.0013774395488956126,paired jackknife (same cell),True,A3 < A4 < A1 < A2,2.708516916545817,3.994041820213703,2.0299291831744357,2.0694261743541724,False
13.0,2,0.05,False,0.15,AP,12,worst_rmse,A3,3.3993689104551024,0.011453095237655683,20/40,A4,3.4498345611128403,20/40,0.05046565065773789,0.0026314832219864704,paired jackknife (same cell),True,A3 < A4 < A1 < A2,4.073630063573049,5.164771312248255,3.3993689104551024,3.4498345611128403,False
13.0,2,0.05,False,0.15,AP,12,worst_mae,A3,2.517648453574528,0.0072230238997643866,20/40,A4,2.5500007477584963,20/40,0.03235229418396823,0.0013618296101618771,paired jackknife (same cell),True,A3 < A4 < A1 < A2,3.0611449519969103,4.112199263473723,2.517648453574528,2.5500007477584963,False
13.0,2,0.05,False,0.15,AP,12,mean_rmse,A3,2.1829616841766772,0.001999363698997129,mean of 12,A4,2.219504642073756,mean of 12,0.03654295789707884,0.0007801751229545482,paired jackknife per scenario,True,A3 < A4 < A1 < A2,2.6157955432703015,3.2183734129339725,2.1829616841766772,2.219504642073756,False
13.0,2,0.05,False,0.15,AP,12,worst_q95abs,A3,6.949030739218142,0.032235761082606194,20/40,A4,7.0509968362361715,20/40,0.10196609701802917,0.012809131417578275,paired jackknife (same cell),True,A3 < A4 < A1 < A2,8.230600215986508,10.067435457416135,6.949030739218142,7.0509968362361715,False
13.0,2,0.05,False,0.15,AP,12,mean_q95abs,A3,4.389890862352526,0.0056486783863440365,mean of 12,A4,4.459603444674658,mean of 12,0.06971258232213273,0.002511265044150316,paired jackknife per scenario,True,A3 < A4 < A1 < A2,5.24945296962905,6.378378875392404,4.389890862352526,4.459603444674658,False
13.0,2,0.05,False,0.15,AP,12,worst_rmse_regret,A3,0.00016260527236044986,0.005362258639043164,2.4/40,A4,0.22357703900156256,20/8,0.2234144337292021,0.010582200333066278,independent cells,True,A3 < A4 < A1 < A2,1.9751119694761927,2.1365599835794606,0.00016260527236044986,0.22357703900156256,False
13.0,2,0.05,False,0.15,SL,12,worst_abs_bias,A3,1.2039806016376062,0.00609504172370534,20/40,A4,1.2218022707086837,20/40,0.017821669071077517,0.0008351374702485431,paired jackknife (same cell),True,A3 < A4 < A1 < A2,1.6841876287596635,2.4962892160826358,1.2039806016376062,1.2218022707086837,False
13.0,2,0.05,False,0.15,SL,12,worst_rmse,A3,2.2725504396947795,0.007808231701095708,20/40,A4,2.296803982860528,20/40,0.024253543165748237,0.0015684598336707838,paired jackknife (same cell),True,A3 < A4 < A1 < A2,2.72053762955742,3.3698103127389314,2.2725504396947795,2.296803982860528,False
13.0,2,0.05,False,0.15,SL,12,worst_mae,A3,1.6822028531343047,0.004831875835416126,20/40,A4,1.6962890158365096,20/40,0.014086162702204863,0.0007113247498098037,paired jackknife (same cell),True,A3 < A4 < A1 < A2,2.0341183190027494,2.628140547642717,1.6822028531343047,1.6962890158365096,False
13.0,2,0.05,False,0.15,SL,12,mean_rmse,A3,1.5728933391684998,0.0013739717977504394,mean of 12,A4,1.5892332054970757,mean of 12,0.01633986632857587,0.0004529383451245998,paired jackknife per scenario,True,A3 < A4 < A1 < A2,1.8527096253527386,2.1692105516638005,1.5728933391684998,1.5892332054970757,False
13.0,2,0.05,False,0.15,SL,12,worst_q95abs,A3,4.610850318157054,0.025074524697212018,20/40,A4,4.6704817446069224,20/40,0.05963142644986874,0.007331103556313848,paired jackknife (same cell),True,A3 < A4 < A1 < A2,5.510290161343985,6.627797702083752,4.610850318157054,4.6704817446069224,False
13.0,2,0.05,False,0.15,SL,12,mean_q95abs,A3,3.129068431697261,0.003963044994375922,mean of 12,A4,3.158117112803541,mean of 12,0.029048681106280227,0.0014277399351336265,paired jackknife per scenario,True,A3 < A4 < A1 < A2,3.7019588061715964,4.3211713662971345,3.129068431697261,3.158117112803541,False
13.0,2,0.05,False,0.15,SL,12,worst_rmse_regret,A3,0.00014165645537533855,0.003922062646145492,2.4/8,A4,0.10276505509070932,20/8,0.10262339863533398,0.007107659039733853,independent cells,True,A3 < A4 < A1 < A2,1.2092298312221887,1.2361970151302326,0.00014165645537533855,0.10276505509070932,False
13.0,2,0.05,True,0.0,AP,12,worst_abs_bias,A3,1.821139437007869,0.008991835870800156,20/40,A4,1.9997211845810747,20/40,0.17858174757320566,0.00369779308644388,paired jackknife (same cell),True,A3 < A4 < A1 < A2,2.622698627268836,3.805714223943333,1.821139437007869,1.9997211845810747,False
13.0,2,0.05,True,0.0,AP,12,worst_rmse,A3,3.3766520739711776,0.011258598782519565,20/40,A4,3.4968337412317525,20/40,0.12018166726057489,0.004372565056907269,paired jackknife (same cell),True,A3 < A4 < A1 < A2,4.062526439610677,5.039624583393899,3.3766520739711776,3.4968337412317525,False
13.0,2,0.05,True,0.0,AP,12,worst_mae,A3,2.5047062745871327,0.007161198914614506,20/40,A4,2.585223052272661,20/40,0.08051677768552823,0.0021865175096034565,paired jackknife (same cell),True,A3 < A4 < A1 < A2,3.0555674688628236,3.9850420229389885,2.5047062745871327,2.585223052272661,False
13.0,2,0.05,True,0.0,AP,12,mean_rmse,A3,2.3320470380905474,0.0025329637676909616,mean of 12,A4,2.345158283455158,mean of 12,0.013111245364610724,0.0014199300967558152,paired jackknife per scenario,True,A3 < A4 < A1 < A2,2.657488587791321,3.161742199286696,2.3320470380905474,2.345158283455158,False
13.0,2,0.05,True,0.0,AP,12,worst_q95abs,A3,6.862429978472131,0.030595394730981947,20/40,A4,7.108072371637208,20/40,0.24564239316507663,0.01448201003539369,paired jackknife (same cell),True,A3 < A4 < A1 < A2,8.21374922932189,9.880788001143044,6.862429978472131,7.108072371637208,False
13.0,2,0.05,True,0.0,AP,12,mean_q95abs,A3,4.646756227491765,0.005676695747871079,mean of 12,A4,4.693648871989449,mean of 12,0.046892644497684266,0.0034603868652469763,paired jackknife per scenario,True,A3 < A4 < A1 < A2,5.312525575184384,6.285442574435699,4.646756227491765,4.693648871989449,False
13.0,2,0.05,True,0.0,AP,12,worst_rmse_regret,A3,0.15754120258450421,0.008228000384489126,2.4/8,A4,0.3167213465858616,20/8,0.15918014400135738,0.013302569024373347,independent cells,True,A3 < A4 < A1 < A2,1.7754795091151512,1.9457249066292701,0.15754120258450421,0.3167213465858616,False
13.0,2,0.05,True,0.0,SL,12,worst_abs_bias,A3,1.127467549898183,0.006259606611666683,20/40,A4,1.21719014684742,20/40,0.08972259694923701,0.002334925891253176,paired jackknife (same cell),True,A3 < A4 < A1 < A2,1.683301215059087,2.4301150871679833,1.127467549898183,1.21719014684742,False
13.0,2,0.05,True,0.0,SL,12,worst_rmse,A3,2.2780279600304745,0.00751754482252633,20/40,A4,2.3441989758453103,20/40,0.06617101581483587,0.003022745748917813,paired jackknife (same cell),True,A3 < A4 < A1 < A2,2.7300430671090816,3.318258536905786,2.2780279600304745,2.3441989758453103,False
13.0,2,0.05,True,0.0,SL,12,worst_mae,A3,1.697426733808391,0.004804349021254284,20/40,A4,1.7361361778199307,20/40,0.03870944401153964,0.0016655094174365017,paired jackknife (same cell),True,A3 < A4 < A1 < A2,2.0534573532914715,2.59576400278088,1.697426733808391,1.7361361778199307,False
13.0,2,0.05,True,0.0,SL,12,mean_rmse,A3,1.660669806658162,0.0016347183819111638,mean of 12,A4,1.668088687605943,mean of 12,0.007418880947781092,0.0009792800094249486,paired jackknife per scenario,True,A3 < A4 < A1 < A2,1.8768879792903652,2.155252079879326,1.660669806658162,1.668088687605943,False
13.0,2,0.05,True,0.0,SL,12,worst_q95abs,A3,4.618401939855207,0.01648548495163429,20/40,A4,4.760799998217646,20/40,0.14239805836243846,0.011214095587758767,paired jackknife (same cell),True,A3 < A4 < A1 < A2,5.507148064183805,6.5184623204688785,4.618401939855207,4.760799998217646,False
13.0,2,0.05,True,0.0,SL,12,mean_q95abs,A3,3.2865272747094423,0.004098061008312526,mean of 12,A4,3.3123106245948635,mean of 12,0.025783349885421192,0.002549811855867179,paired jackknife per scenario,True,A3 < A4 < A1 < A2,3.7333156468927307,4.2768915767897395,3.2865272747094423,3.3123106245948635,False
13.0,2,0.05,True,0.0,SL,12,worst_rmse_regret,A3,0.11224868699221746,0.005637804502786296,2.4/8,A4,0.16087475209675328,20/8,0.04862606510453582,0.00898603907798516,independent cells,True,A3 < A4 < A1 < A2,1.101925564893269,1.1611256066640212,0.11224868699221746,0.16087475209675328,False
13.0,2,0.05,True,0.15,AP,12,worst_abs_bias,A3,1.788067401306965,0.009005399085741498,20/40,A4,1.9699195365194444,20/40,0.18185213521247934,0.003458749154604936,paired jackknife (same cell),True,A3 < A4 < A1 < A2,2.5856865232003052,3.748375212312234,1.788067401306965,1.9699195365194444,False
13.0,2,0.05,True,0.15,AP,12,worst_rmse,A3,3.3625622973784934,0.011494253210326034,20/40,A4,3.488780298320473,20/40,0.12621800094197955,0.00482917145303122,paired jackknife (same cell),True,A3 < A4 < A1 < A2,4.04434038258508,4.9870434000416255,3.3625622973784934,3.488780298320473,False
13.0,2,0.05,True,0.15,AP,12,worst_mae,A3,2.4884744650696886,0.007151483191729739,20/40,A4,2.570720246137986,20/40,0.0822457810682975,0.002784161257568642,paired jackknife (same cell),True,A3 < A4 < A1 < A2,3.0336110383231962,3.9263209656581726,2.4884744650696886,2.570720246137986,False
13.0,2,0.05,True,0.15,AP,12,mean_rmse,A3,2.3342396409683537,0.0024526871834922386,mean of 12,A4,2.3481160634959815,mean of 12,0.013876422527627774,0.0015321064012566645,paired jackknife per scenario,True,A3 < A4 < A1 < A2,2.6609463404249034,3.141278296116584,2.3342396409683537,2.3481160634959815,False
13.0,2,0.05,True,0.15,AP,12,worst_q95abs,A3,6.848672496346644,0.033350025313516524,20/40,A4,7.11520402744216,20/40,0.26653153109551564,0.020861143936449132,paired jackknife (same cell),True,A3 < A4 < A1 < A2,8.196754719095651,9.759399046052406,6.848672496346644,7.11520402744216,False
13.0,2,0.05,True,0.15,AP,12,mean_q95abs,A3,4.663827286455198,0.006322002697762554,mean of 12,A4,4.705158215619397,mean of 12,0.041330929164199226,0.004362578631768344,paired jackknife per scenario,True,A3 < A4 < A1 < A2,5.3293624611096,6.251278298843257,4.663827286455198,4.705158215619397,False
13.0,2,0.05,True,0.15,AP,12,worst_rmse_regret,A3,0.17144464759728484,0.008740681198430926,2.4/8,A4,0.33157304546578326,20/8,0.16012839786849842,0.013994470248587887,independent cells,True,A3 < A4 < A1 < A2,1.752710794868281,1.888647678721961,0.17144464759728484,0.33157304546578326,False
13.0,2,0.05,True,0.15,SL,12,worst_abs_bias,A3,1.0488018933993162,0.006307440840197042,20/40,A4,1.1360984459115844,20/40,0.0872965525122682,0.0017215217265147303,paired jackknife (same cell),True,A3 < A4 < A1 < A2,1.601326971404674,2.3445231644971374,1.0488018933993162,1.1360984459115844,False
13.0,2,0.05,True,0.15,SL,12,worst_rmse,A3,2.2535142828583528,0.007690926310964142,20/40,A4,2.310248524133181,20/40,0.05673424127482818,0.003067893376870142,paired jackknife (same cell),True,A3 < A4 < A1 < A2,2.6930150244061237,3.263256069970754,2.2535142828583528,2.310248524133181,False
13.0,2,0.05,True,0.15,SL,12,worst_mae,A3,1.668133809124467,0.004791324633850475,20/40,A4,1.7026923664457614,20/40,0.034558557321294314,0.0015165800773363832,paired jackknife (same cell),True,A3 < A4 < A1 < A2,2.009764929153897,2.5252484919724827,1.668133809124467,1.7026923664457614,False
13.0,2,0.05,True,0.15,SL,12,mean_rmse,A3,1.667030266929732,0.0016592396064484026,mean of 12,A4,1.6722597373451105,mean of 12,0.005229470415378357,0.0009537163600990963,paired jackknife per scenario,True,A3 < A4 < A1 < A2,1.8779436500858016,2.1221290740387815,1.667030266929732,1.6722597373451105,False
13.0,2,0.05,True,0.15,SL,12,worst_q95abs,A3,4.576400569812055,0.018973199391506764,20/40,A4,4.70741003826507,20/40,0.13100946845301475,0.015233648584549314,paired jackknife (same cell),True,A3 < A4 < A1 < A2,5.473330360593889,6.475193554404913,4.576400569812055,4.70741003826507,False
13.0,2,0.05,True,0.15,SL,12,mean_q95abs,A3,3.3017209876465365,0.0037794867783915477,mean of 12,A4,3.31895839183396,mean of 12,0.017237404187423255,0.0023831492569024366,paired jackknife per scenario,True,A3 < A4 < A1 < A2,3.744003424233714,4.24028223283832,3.3017209876465365,3.31895839183396,False
13.0,2,0.05,True,0.15,SL,12,worst_rmse_regret,A3,0.1385480180178027,0.006489024671673151,2.4/8,A4,0.1540443002716505,20/8,0.015496282253847804,0.009389699498522844,independent cells,False,A3 < A4 < A1 < A2,1.0624079948308904,1.0983031632888498,0.1385480180178027,0.1540443002716505,False
13.0,2,0.15,False,0.0,AP,12,worst_abs_bias,A3,1.885790204072314,0.00924156369489185,20/40,A4,1.9363460286694971,20/40,0.05055582459718311,0.0016722625419998715,paired jackknife (same cell),True,A3 < A4 < A1 < A2,2.642407441127709,3.9532416534700516,1.885790204072314,1.9363460286694971,False
13.0,2,0.15,False,0.0,AP,12,worst_rmse,A3,3.4780410060765363,0.011504454454631394,20/40,A4,3.533742930023421,20/40,0.05570192394688478,0.002870883637247102,paired jackknife (same cell),True,A3 < A4 < A1 < A2,4.169946909562092,5.172671536711683,3.4780410060765363,3.533742930023421,False
13.0,2,0.15,False,0.0,AP,12,worst_mae,A3,2.5947828641205573,0.007323882008377713,20/40,A4,2.6320182767707925,20/40,0.03723541265023522,0.0014339100717760628,paired jackknife (same cell),True,A3 < A4 < A1 < A2,3.149086953560127,4.109639202232635,2.5947828641205573,2.6320182767707925,False
13.0,2,0.15,False,0.0,AP,12,mean_rmse,A3,2.4370971907301597,0.002280511634405033,mean of 12,A4,2.4719185055703115,mean of 12,0.03482131484015172,0.000744778454495722,paired jackknife per scenario,True,A3 < A4 < A1 < A2,2.859640233598965,3.2825804363988915,2.4370971907301597,2.4719185055703115,False
13.0,2,0.15,False,0.0,AP,12,worst_q95abs,A3,7.0473474198944706,0.03421690776024134,20/40,A4,7.187068418321377,20/40,0.1397209984269061,0.013342959477094275,paired jackknife (same cell),True,A3 < A4 < A1 < A2,8.401059693147213,10.038148729170292,7.0473474198944706,7.187068418321377,False
13.0,2,0.15,False,0.0,AP,12,mean_q95abs,A3,4.905805419862197,0.00625466366543037,mean of 12,A4,4.979252705664934,mean of 12,0.07344728580273685,0.0024293494264056347,paired jackknife per scenario,True,A3 < A4 < A1 < A2,5.738728276521606,6.518584129008851,4.905805419862197,4.979252705664934,False
13.0,2,0.15,False,0.0,AP,12,worst_rmse_regret,A3,0.13884241012358478,0.007199874718896952,2.4/8,A4,0.196669781039704,20/8,0.057827370916119225,0.01172071596620757,independent cells,True,A3 < A4 < A1 < A2,1.8154439444468107,1.9042212439540172,0.13884241012358478,0.196669781039704,False
13.0,2,0.15,False,0.0,SL,12,worst_abs_bias,A3,1.1751870787468823,0.006408135661969011,20/40,A4,1.197104390022159,20/40,0.02191731127527663,0.0009123292670964822,paired jackknife (same cell),True,A3 < A4 < A1 < A2,1.6858613298893779,2.5396980494788153,1.1751870787468823,1.197104390022159,False
13.0,2,0.15,False,0.0,SL,12,worst_rmse,A3,2.3425293748576284,0.007796575250628059,20/40,A4,2.3690126682182435,20/40,0.026483293360615168,0.002092689872886864,paired jackknife (same cell),True,A3 < A4 < A1 < A2,2.7853070159860023,3.424313563140387,2.3425293748576284,2.3690126682182435,False
13.0,2,0.15,False,0.0,SL,12,worst_mae,A3,1.7480261973742774,0.00493140203602397,20/40,A4,1.763332168334254,20/40,0.015305970959976545,0.0006775512791102994,paired jackknife (same cell),True,A3 < A4 < A1 < A2,2.0990049515445803,2.6843168844145344,1.7480261973742774,1.763332168334254,False
13.0,2,0.15,False,0.0,SL,12,mean_rmse,A3,1.721069928271934,0.0015511527382104744,mean of 12,A4,1.7368134243687685,mean of 12,0.015743496096834564,0.0004484877556693971,paired jackknife per scenario,True,A3 < A4 < A1 < A2,1.9918927879104462,2.2302634447897565,1.721069928271934,1.7368134243687685,False
13.0,2,0.15,False,0.0,SL,12,worst_q95abs,A3,4.7434511927589265,0.02277077489089113,20/40,A4,4.804809290362254,20/40,0.061358097603327444,0.006993739170687486,paired jackknife (same cell),True,A3 < A4 < A1 < A2,5.622660280431359,6.751073121979108,4.7434511927589265,4.804809290362254,False
13.0,2,0.15,False,0.0,SL,12,mean_q95abs,A3,3.4412168063330077,0.004716959004634358,mean of 12,A4,3.472638536147425,mean of 12,0.031421729814417265,0.0016319541224335168,paired jackknife per scenario,True,A3 < A4 < A1 < A2,3.9816434502625877,4.434568382152421,3.4412168063330077,3.472638536147425,False
13.0,2,0.15,False,0.0,SL,12,worst_rmse_regret,A4,0.09763188096455466,0.004941457315851976,2.4/8,A3,0.09893303033030065,2.4/8,0.0013011493657459905,0.007000718902625803,independent (conservative),False,A4 < A3 < A1 < A2,1.1269429479024353,1.1710613959598153,0.09893303033030065,0.09763188096455466,False
13.0,2,0.15,False,0.15,AP,12,worst_abs_bias,A3,1.795089208902166,0.009459622660563322,20/40,A4,1.8456602695810318,20/40,0.05057106067886585,0.001916308429138517,paired jackknife (same cell),True,A3 < A4 < A1 < A2,2.5824705100957615,3.882898187326399,1.795089208902166,1.8456602695810318,False
13.0,2,0.15,False,0.15,AP,12,worst_rmse,A3,3.4886533034224594,0.01135750429114785,20/40,A4,3.5421613330523787,20/40,0.053508029629919296,0.002833021371574296,paired jackknife (same cell),True,A3 < A4 < A1 < A2,4.172095108972437,5.132543208040322,3.4886533034224594,3.5421613330523787,False
13.0,2,0.15,False,0.15,AP,12,worst_mae,A3,2.6018422813490343,0.007349267056102364,20/40,A4,2.6372884634719616,20/40,0.03544618212292727,0.0016517973663040194,paired jackknife (same cell),True,A3 < A4 < A1 < A2,3.155937392284652,4.0603778074166526,2.6018422813490343,2.6372884634719616,False
13.0,2,0.15,False,0.15,AP,12,mean_rmse,A3,2.5326145927058605,0.0023702026250302264,mean of 12,A4,2.5677544261759793,mean of 12,0.03513983347011873,0.0007707383951470929,paired jackknife per scenario,True,A3 < A4 < A1 < A2,2.956372867247462,3.296805731838863,2.5326145927058605,2.5677544261759793,False
13.0,2,0.15,False,0.15,AP,12,worst_q95abs,A3,7.10685055540622,0.022791145063816933,20/40,A4,7.2244886988569705,20/40,0.1176381434507503,0.010483963388876517,paired jackknife (same cell),True,A3 < A4 < A1 < A2,8.411685957338001,10.05990175069827,7.10685055540622,7.2244886988569705,False
13.0,2,0.15,False,0.15,AP,12,mean_q95abs,A3,5.099690130207344,0.005802752973825442,mean of 12,A4,5.176241212941517,mean of 12,0.07655108273417266,0.002588966508236481,paired jackknife per scenario,True,A3 < A4 < A1 < A2,5.932549263899606,6.5604116206101475,5.099690130207344,5.176241212941517,False
13.0,2,0.15,False,0.15,AP,12,worst_rmse_regret,A4,0.1953998672305941,0.00790961645175857,2.4/8,A3,0.19785139714449995,2.4/8,0.0024515299139058477,0.011195615978802245,independent (conservative),False,A4 < A3 < A1 < A2,1.7580100661130302,1.7789039140196237,0.19785139714449995,0.1953998672305941,False
13.0,2,0.15,False,0.15,SL,12,worst_abs_bias,A3,1.0438946439978969,0.006560121273097487,20/40,A4,1.0673114960738506,20/40,0.023416852075953676,0.0011469410206747196,paired jackknife (same cell),True,A3 < A4 < A1 < A2,1.585930680177116,2.412882651257198,1.0438946439978969,1.0673114960738506,False
13.0,2,0.15,False,0.15,SL,12,worst_rmse,A3,2.32232471983377,0.007774845045248282,20/40,A4,2.348877368748168,20/40,0.026552648914397903,0.001803444156255005,paired jackknife (same cell),True,A3 < A4 < A1 < A2,2.7755139946362024,3.345306626481553,2.32232471983377,2.348877368748168,False
13.0,2,0.15,False,0.15,SL,12,worst_mae,A3,1.7291972187383702,0.0049021353653174666,20/40,A4,1.744777911871253,20/40,0.015580693132882795,0.0008850579742402946,paired jackknife (same cell),True,A3 < A4 < A1 < A2,2.0810498031694897,2.5927359161340164,1.7291972187383702,1.744777911871253,False
13.0,2,0.15,False,0.15,SL,12,mean_rmse,A3,1.7841812885631188,0.0016180101291374397,mean of 12,A4,1.8001185361151564,mean of 12,0.015937247552037626,0.000501903531843293,paired jackknife per scenario,True,A3 < A4 < A1 < A2,2.049717650642321,2.210263999184819,1.7841812885631188,1.8001185361151564,False
13.0,2,0.15,False,0.15,SL,12,worst_q95abs,A3,4.699572493385307,0.022519068836622427,20/40,A4,4.7584285131486626,20/40,0.05885601976335586,0.007628558403999878,paired jackknife (same cell),True,A3 < A4 < A1 < A2,5.593890878653367,6.612837600725066,4.699572493385307,4.7584285131486626,False
13.0,2,0.15,False,0.15,SL,12,mean_q95abs,A3,3.565929243754615,0.004323607456065284,mean of 12,A4,3.5972839900257223,mean of 12,0.03135474627110746,0.001525266160333107,paired jackknife per scenario,True,A3 < A4 < A1 < A2,4.099255238048241,4.4252670886301955,3.565929243754615,3.5972839900257223,False
13.0,2,0.15,False,0.15,SL,12,worst_rmse_regret,A4,0.17250129564011707,0.005258297299237737,2.4/8,A3,0.17372769538945465,2.4/8,0.0012263997493375811,0.007435723652574863,independent (conservative),False,A4 < A3 < A2 < A1,1.0665506592097602,1.0627828006874924,0.17372769538945465,0.17250129564011707,False
13.0,2,0.15,True,0.0,AP,12,worst_abs_bias,A3,1.6325295379669744,0.009626874976000444,20/40,A4,1.8301664906477875,20/40,0.19763695268081305,0.0035758000332739366,paired jackknife (same cell),True,A3 < A4 < A1 < A2,2.505685820991781,3.7224329761747486,1.6325295379669744,1.8301664906477875,False
13.0,2,0.15,True,0.0,AP,12,worst_rmse,A3,3.4543786989800664,0.01177231618809112,20/40,A4,3.5727594876136872,20/40,0.11838078863362078,0.005158636243238783,paired jackknife (same cell),True,A3 < A4 < A1 < A2,4.1333068719621755,5.040406648379986,3.4543786989800664,3.5727594876136872,False
13.0,2,0.15,True,0.0,AP,12,worst_mae,A3,2.5716694949994214,0.007293354096347313,20/40,A4,2.648331560667488,20/40,0.07666206566806677,0.0028346310007411574,paired jackknife (same cell),True,A3 < A4 < A1 < A2,3.107938562700786,3.960534080815183,2.5716694949994214,2.648331560667488,False
13.0,2,0.15,True,0.0,AP,12,mean_rmse,A4,2.601739395429768,0.0027485105817980486,mean of 12,A3,2.607257888894993,mean of 12,0.005518493465225038,0.0016711710187101506,paired jackknife per scenario,True,A4 < A3 < A1 < A2,2.9023127864405542,3.2148804540073015,2.607257888894993,2.601739395429768,False
13.0,2,0.15,True,0.0,AP,12,worst_q95abs,A3,7.019737234030477,0.03596266248481929,20/40,A4,7.275482748642062,20/40,0.25574551461158546,0.019523390495972764,paired jackknife (same cell),True,A3 < A4 < A1 < A2,8.332986766411253,9.900738492038068,7.019737234030477,7.275482748642062,False
13.0,2,0.15,True,0.0,AP,12,mean_q95abs,A3,5.214177696739259,0.006519507320703394,mean of 12,A4,5.2233246731134395,mean of 12,0.009146976374180937,0.004436336611339812,paired jackknife per scenario,True,A3 < A4 < A1 < A2,5.809974317898554,6.406504366089574,5.214177696739259,5.2233246731134395,False
13.0,2,0.15,True,0.0,AP,12,worst_rmse_regret,A4,0.2580344998992632,0.011068525779321924,20/8,A3,0.36882776486888025,2.4/8,0.11079326496961706,0.01574422051813737,independent cells,True,A4 < A3 < A1 < A2,1.5635264747854127,1.6900912879432561,0.36882776486888025,0.2580344998992632,False
13.0,2,0.15,True,0.0,SL,12,worst_abs_bias,A3,1.0068817090150175,0.006630875068660504,20/40,A4,1.1074788017080783,20/40,0.10059709269306083,0.002331502384724661,paired jackknife (same cell),True,A3 < A4 < A1 < A2,1.60620389701964,2.3719364306779336,1.0068817090150175,1.1074788017080783,False
13.0,2,0.15,True,0.0,SL,12,worst_rmse,A3,2.3260733490290395,0.007672012100022645,20/40,A4,2.3823005033353972,20/40,0.05622715430635772,0.003962863844425729,paired jackknife (same cell),True,A3 < A4 < A1 < A2,2.763787189414587,3.316114404279327,2.3260733490290395,2.3823005033353972,False
13.0,2,0.15,True,0.0,SL,12,worst_mae,A3,1.7350528580995446,0.004899217087445547,20/40,A4,1.768645264369687,20/40,0.03359240627014248,0.0020359346376790186,paired jackknife (same cell),True,A3 < A4 < A1 < A2,2.0801836634998,2.5763099508534326,1.7350528580995446,1.768645264369687,False
13.0,2,0.15,True,0.0,SL,12,mean_rmse,A4,1.8170987686886857,0.0018100569336544651,mean of 12,A3,1.821489189507714,mean of 12,0.004390420819028407,0.0010602780466670459,paired jackknife per scenario,True,A4 < A3 < A1 < A2,2.0186860397073674,2.1868084311908826,1.821489189507714,1.8170987686886857,False
13.0,2,0.15,True,0.0,SL,12,worst_q95abs,A3,4.72833434991883,0.023510318599455727,20/40,A4,4.861255491365313,20/40,0.1329211414464826,0.016310441372094645,paired jackknife (same cell),True,A3 < A4 < A1 < A2,5.585370547008292,6.551604280683181,4.72833434991883,4.861255491365313,False
13.0,2,0.15,True,0.0,SL,12,mean_q95abs,A3,3.6264779728339387,0.004748785828059745,mean of 12,A4,3.630823859531024,mean of 12,0.004345886697085355,0.0029971073003683592,paired jackknife per scenario,False,A3 < A4 < A1 < A2,4.028294406917702,4.3525401828329064,3.6264779728339387,3.630823859531024,False
13.0,2,0.15,True,0.0,SL,12,worst_rmse_regret,A4,0.1707814363914053,0.006073086657361678,2.4/8,A3,0.2438416823622236,2.4/8,0.07306024597081828,0.009222642159679646,independent (conservative),True,A4 < A3 < A1 < A2,0.993033544795408,1.0394776454060703,0.2438416823622236,0.1707814363914053,False
13.0,2,0.15,True,0.15,AP,12,worst_abs_bias,A3,1.5426594464296621,0.009894440220908502,20/40,A4,1.755153888298187,20/40,0.21249444186852484,0.0035928569690381693,paired jackknife (same cell),True,A3 < A4 < A1 < A2,2.473076278613992,3.6348986528675007,1.5426594464296621,1.755153888298187,False
13.0,2,0.15,True,0.15,AP,12,worst_rmse,A3,3.488508993284176,0.011640658953689374,20/40,A4,3.5934299288518954,20/40,0.1049209355677192,0.00498620601441155,paired jackknife (same cell),True,A3 < A4 < A1 < A2,4.169601750570875,4.971687645605162,3.488508993284176,3.5934299288518954,False
13.0,2,0.15,True,0.15,AP,12,worst_mae,A3,2.5908964093207527,0.007387154636561382,20/40,A4,2.6647050877398315,20/40,0.07380867841907879,0.0027636039035289516,paired jackknife (same cell),True,A3 < A4 < A1 < A2,3.1400829331346927,3.896328548398729,2.5908964093207527,2.6647050877398315,False
13.0,2,0.15,True,0.15,AP,12,mean_rmse,A4,2.7027665661394056,0.0028183108607892048,mean of 12,A3,2.7087416103868756,mean of 12,0.005975044247469974,0.0016672936800892263,paired jackknife per scenario,True,A4 < A3 < A1 < A2,3.0072963072967234,3.237562158617211,2.7087416103868756,2.7027665661394056,False
13.0,2,0.15,True,0.15,AP,12,worst_q95abs,A3,7.10164518928617,0.02575520664180928,20/40,A4,7.323412529877093,20/40,0.2217673405909224,0.021237424565966886,paired jackknife (same cell),True,A3 < A4 < A1 < A2,8.443818610946183,9.773014094108614,7.10164518928617,7.323412529877093,False
13.0,2,0.15,True,0.15,AP,12,mean_q95abs,A4,5.443515022816594,0.008234999538610387,mean of 12,A3,5.449071063169342,mean of 12,0.005556040352748148,0.005375023301339981,paired jackknife per scenario,False,A4 < A3 < A1 < A2,6.027780628763647,6.47713453685827,5.449071063169342,5.443515022816594,False
13.0,2,0.15,True,0.15,AP,12,worst_rmse_regret,A4,0.3003071824014696,0.01005191993026114,2.4/8,A3,0.4352214226242541,2.4/8,0.13491424022278453,0.014815425424744354,independent (conservative),True,A4 < A3 < A1 < A2,1.5407062786721561,1.5632718037176456,0.4352214226242541,0.3003071824014696,False
13.0,2,0.15,True,0.15,SL,12,worst_abs_bias,A3,0.8846547400761483,0.006821524791413199,20/40,A4,0.9905682579281195,20/40,0.10591351785197123,0.0024708956223267464,paired jackknife (same cell),True,A3 < A4 < A1 < A2,1.5104910018024182,2.2565698784559785,0.8846547400761483,0.9905682579281195,False
13.0,2,0.15,True,0.15,SL,12,worst_rmse,A3,2.3314989864731244,0.007997465378725942,20/40,A4,2.3871560809288925,20/40,0.055657094455768163,0.004010629212416899,paired jackknife (same cell),True,A3 < A4 < A1 < A2,2.763413066619676,3.2400029822054477,2.3314989864731244,2.3871560809288925,False
13.0,2,0.15,True,0.15,SL,12,worst_mae,A3,1.731704814485999,0.004936709765131553,20/40,A4,1.7646986127329882,20/40,0.032993798246989225,0.001901038582746389,paired jackknife (same cell),True,A3 < A4 < A1 < A2,2.068877532215324,2.495295586916397,1.731704814485999,1.7646986127329882,False
13.0,2,0.15,True,0.15,SL,12,mean_rmse,A4,1.8865226385162943,0.0018744972567616219,mean of 12,A3,1.8959190706850075,mean of 12,0.00939643216871322,0.0011186394984001727,paired jackknife per scenario,True,A4 < A3 < A1 < A2,2.080462190312803,2.1761405707533763,1.8959190706850075,1.8865226385162943,False
13.0,2,0.15,True,0.15,SL,12,worst_q95abs,A3,4.7264840038211435,0.024802426269457625,20/40,A4,4.8427762938099725,20/40,0.11629228998882901,0.012784824647470317,paired jackknife (same cell),True,A3 < A4 < A1 < A2,5.576811238925436,6.450962853953629,4.7264840038211435,4.8427762938099725,False
13.0,2,0.15,True,0.15,SL,12,mean_q95abs,A4,3.761559347376116,0.004960000556039713,mean of 12,A3,3.769954443252967,mean of 12,0.008395095876851055,0.0029921248306307682,paired jackknife per scenario,True,A4 < A3 < A1 < A2,4.148374632413435,4.3596428957524695,3.769954443252967,3.761559347376116,False
13.0,2,0.15,True,0.15,SL,12,worst_rmse_regret,A4,0.242504752673663,0.006170915314544091,2.4/8,A3,0.31139963619103206,2.4/8,0.06889488351736905,0.009131738844614292,independent (conservative),True,A4 < A3 < A1 < A2,0.9063851082190937,0.9235679412266087,0.31139963619103206,0.242504752673663,False
13.0,2,0.3,False,0.0,AP,12,worst_abs_bias,A4,1.3416554943803212,0.01139277928591158,20/40,A3,1.4104750515666227,2.4/8,0.0688195571863015,0.015180910106739614,independent cells,True,A4 < A3 < A1 < A2,2.268379745971828,3.6210038062986727,1.4104750515666227,1.3416554943803212,False
13.0,2,0.3,False,0.0,AP,12,worst_rmse,A3,3.791815009571317,0.012403092266145273,20/40,A4,3.844405240857244,20/40,0.052590231285927214,0.003353790631588364,paired jackknife (same cell),True,A3 < A4 < A1 < A2,4.430866417342816,5.1029627907668536,3.791815009571317,3.844405240857244,False
13.0,2,0.3,False,0.0,AP,12,worst_mae,A3,2.839805769907225,0.007945707891865808,20/40,A4,2.8753863919847156,20/40,0.035580622077490354,0.0019027887181269746,paired jackknife (same cell),True,A3 < A4 < A1 < A2,3.3721364519631503,3.9965215666684113,2.839805769907225,2.8753863919847156,False
13.0,2,0.3,False,0.0,AP,12,mean_rmse,A3,3.3440969462976446,0.003634766952967177,mean of 12,A4,3.3631791039709404,mean of 12,0.019082157673295796,0.0010182703133058233,paired jackknife per scenario,True,A3 < A4 < A2 < A1,3.597873219557078,3.459846775323576,3.3440969462976446,3.3631791039709404,False
13.0,2,0.3,False,0.0,AP,12,worst_q95abs,A3,7.668861071767753,0.019085188548972332,20/40,A4,7.781392182983106,20/40,0.11253111121535309,0.01820136498541908,paired jackknife (same cell),True,A3 < A4 < A1 < A2,8.912523582650081,10.023951789306656,7.668861071767753,7.781392182983106,False
13.0,2,0.3,False,0.0,AP,12,mean_q95abs,A3,6.777751544246212,0.00916223909641503,mean of 12,A4,6.821045009251932,mean of 12,0.0432934650057204,0.003962982738266982,paired jackknife per scenario,True,A3 < A4 < A2 < A1,7.223734981683111,6.901745643953476,6.777751544246212,6.821045009251932,False
13.0,2,0.3,False,0.0,AP,12,worst_rmse_regret,A4,0.8477272186393092,0.01348860906834589,2.4/8,A3,0.8702500553568684,2.4/8,0.02252283671755917,0.019130018858653248,independent (conservative),False,A4 < A3 < A2 < A1,1.3277012466329396,1.3111477811955368,0.8702500553568684,0.8477272186393092,False
13.0,2,0.3,False,0.0,SL,12,worst_abs_bias,A4,0.921493534129074,0.006904786367139557,2.4/8,A3,0.9537299330859739,2.4/8,0.03223639895689989,0.0014139815373332004,paired jackknife (same cell),True,A4 < A3 < A1 < A2,1.4415458574567979,2.3079943113433727,0.9537299330859739,0.921493534129074,False
13.0,2,0.3,False,0.0,SL,12,worst_rmse,A3,2.5520253476409684,0.00849550637917242,20/40,A4,2.58016305947969,20/40,0.02813771183872138,0.0022927388080796482,paired jackknife (same cell),True,A3 < A4 < A1 < A2,2.9628191876497336,3.3627570291316418,2.5520253476409684,2.58016305947969,False
13.0,2,0.3,False,0.0,SL,12,worst_mae,A3,1.909024704906122,0.005355825553476753,20/40,A4,1.926392428653444,20/40,0.017367723747321984,0.0010915505820136813,paired jackknife (same cell),True,A3 < A4 < A1 < A2,2.2401837769086077,2.6055290487230267,1.909024704906122,1.926392428653444,False
13.0,2,0.3,False,0.0,SL,12,mean_rmse,A3,2.2732015996392194,0.00248548124941711,mean of 12,A4,2.2813095140863413,mean of 12,0.008107914447121889,0.0005704688950127285,paired jackknife per scenario,True,A3 < A4 < A2 < A1,2.4398454980780335,2.3389730855149597,2.2732015996392194,2.2813095140863413,False
13.0,2,0.3,False,0.0,SL,12,worst_q95abs,A3,5.1346438022984495,0.026437839699444802,20/40,A4,5.199458671326221,20/40,0.06481486902777167,0.009625590568781255,paired jackknife (same cell),True,A3 < A4 < A1 < A2,5.938970090052386,6.672881809406058,5.1346438022984495,5.199458671326221,False
13.0,2,0.3,False,0.0,SL,12,mean_q95abs,A3,4.5721243908111475,0.006091373365554786,mean of 12,A4,4.593704911392327,mean of 12,0.021580520581179208,0.002135209396084722,paired jackknife per scenario,True,A3 < A4 < A2 < A1,4.875328397998019,4.66536400705182,4.5721243908111475,4.593704911392327,False
13.0,2,0.3,False,0.0,SL,12,worst_rmse_regret,A4,0.5537570724188412,0.009595221985277529,2.4/8,A3,0.5665784523797237,2.4/8,0.012821379960882506,0.013603253355036779,independent (conservative),False,A4 < A3 < A2 < A1,0.8359404205458083,0.8107316814906733,0.5665784523797237,0.5537570724188412,False
13.0,2,0.3,False,0.15,AP,12,worst_abs_bias,A4,1.3718662568805995,0.012074998408923779,20/40,A3,1.4287822004201263,2.4/8,0.05691594353952678,0.01628927355331086,independent cells,True,A4 < A3 < A1 < A2,2.38823808793342,3.679242083374673,1.4287822004201263,1.3718662568805995,False
13.0,2,0.3,False,0.15,AP,12,worst_rmse,A3,4.001394002751043,0.012738373835973848,20/40,A4,4.0573920045679825,20/40,0.05599800181693926,0.0028157522114997807,paired jackknife (same cell),True,A3 < A4 < A1 < A2,4.671137564279977,5.194266338728842,4.001394002751043,4.0573920045679825,False
13.0,2,0.3,False,0.15,AP,12,worst_mae,A3,3.0035530890813376,0.008360557819457394,20/40,A4,3.044036863693284,20/40,0.04048377461194663,0.0017410129638091721,paired jackknife (same cell),True,A3 < A4 < A1 < A2,3.5699117545960912,4.074240023222361,3.0035530890813376,3.044036863693284,False
13.0,2,0.3,False,0.15,AP,12,mean_rmse,A3,3.60576930163017,0.0038416836418934193,mean of 12,A4,3.6275106918646607,mean of 12,0.02174139023449051,0.0008657328169824301,paired jackknife per scenario,True,A3 < A4 < A2 < A1,3.896221670162134,3.637462118828625,3.60576930163017,3.6275106918646607,False
13.0,2,0.3,False,0.15,AP,12,worst_q95abs,A3,8.109733330260157,0.036388941560960966,20/40,A4,8.236016376788234,20/40,0.12628304652807643,0.013233056688019636,paired jackknife (same cell),True,A3 < A4 < A1 < A2,9.391500977367237,10.201760897346093,8.109733330260157,8.236016376788234,False
13.0,2,0.3,False,0.15,AP,12,mean_q95abs,A2,7.266752540897149,0.008318663761670076,mean of 12,A3,7.310498168337294,mean of 12,0.04374562744014554,0.010282136615695143,paired jackknife per scenario,True,A2 < A3 < A4 < A1,7.810026321943307,7.266752540897149,7.310498168337294,7.363835025514615,False
13.0,2,0.3,False,0.15,AP,12,worst_rmse_regret,A4,0.9196021083990855,0.01465021334497641,2.4/8,A3,0.9343600602769002,2.4/8,0.014757951877814701,0.02078378212265724,independent (conservative),False,A4 < A3 < A2 < A1,1.3632915524263813,1.1928723359777988,0.9343600602769002,0.9196021083990855,False
13.0,2,0.3,False,0.15,SL,12,worst_abs_bias,A4,1.0078501664990078,0.007369924553095381,2.4/8,A3,1.0532731940402522,2.4/8,0.04542302754124439,0.0017344290662522585,paired jackknife (same cell),True,A4 < A3 < A1 < A2,1.4306923260649183,2.2449388803985286,1.0532731940402522,1.0078501664990078,False
13.0,2,0.3,False,0.15,SL,12,worst_rmse,A3,2.6406489642279607,0.008760435927236482,20/40,A4,2.6668739399420964,20/40,0.026224975714135734,0.002274042386247512,paired jackknife (same cell),True,A3 < A4 < A1 < A2,3.071097473706432,3.356376216964686,2.6406489642279607,2.6668739399420964,False
13.0,2,0.3,False,0.15,SL,12,worst_mae,A3,1.971320915185989,0.0055560342611841295,20/40,A4,1.98723582326572,20/40,0.01591490807973095,0.0011258645537033406,paired jackknife (same cell),True,A3 < A4 < A1 < A2,2.3208382588990237,2.5778859107381042,1.971320915185989,1.98723582326572,False
13.0,2,0.3,False,0.15,SL,12,mean_rmse,A2,2.407849389414026,0.002160550637505723,mean of 12,A3,2.4458362751682583,mean of 12,0.03798688575423226,0.0022413487075309737,paired jackknife per scenario,True,A2 < A3 < A4 < A1,2.6121006899531074,2.407849389414026,2.4458362751682583,2.455526371014563,False
13.0,2,0.3,False,0.15,SL,12,worst_q95abs,A3,5.329663118596587,0.016378524431660556,20/40,A4,5.381934017786579,20/40,0.05227089918999184,0.009182825260469797,paired jackknife (same cell),True,A3 < A4 < A1 < A2,6.162900395750943,6.682150854605166,5.329663118596587,5.381934017786579,False
13.0,2,0.3,False,0.15,SL,12,mean_q95abs,A2,4.832077554008372,0.005535344811564571,mean of 12,A3,4.929772733536688,mean of 12,0.09769517952831652,0.006981524113206009,paired jackknife per scenario,True,A2 < A3 < A4 < A1,5.230937783097885,4.832077554008372,4.929772733536688,4.950612598200133,False
13.0,2,0.3,False,0.15,SL,12,worst_rmse_regret,A4,0.6261467748773386,0.009521754040370901,2.4/8,A3,0.6371920401177062,2.4/8,0.011045265240367641,0.013523636746009402,independent (conservative),False,A4 < A3 < A2 < A1,0.856932318783719,0.7157272527367251,0.6371920401177062,0.6261467748773386,False
13.0,2,0.3,True,0.0,AP,12,worst_abs_bias,A4,1.4246184543818565,0.01052964550340565,2.4/8,A3,1.7285832006074198,2.4/8,0.30396474622556324,0.004494592299177439,paired jackknife (same cell),True,A4 < A3 < A1 < A2,2.1288732935354275,3.352358799504735,1.7285832006074198,1.4246184543818565,False
13.0,2,0.3,True,0.0,AP,12,worst_rmse,A3,3.837228017956527,0.013324847062516847,20/40,A4,3.912557908404191,20/40,0.07532989044766403,0.006387778095827139,paired jackknife (same cell),True,A3 < A4 < A1 < A2,4.415492235934653,4.9496715519696455,3.837228017956527,3.912557908404191,False
13.0,2,0.3,True,0.0,AP,12,worst_mae,A3,2.849924365975252,0.008125463674874848,20/40,A4,2.9108578780874024,20/40,0.06093351211215037,0.003301815726419741,paired jackknife (same cell),True,A3 < A4 < A1 < A2,3.3531613001854614,3.8378959261121146,2.849924365975252,2.9108578780874024,False
13.0,2,0.3,True,0.0,AP,12,mean_rmse,A2,3.4402708628175893,0.003094455474270916,mean of 12,A4,3.4985382578157296,mean of 12,0.058267394998140265,0.0035352394278286956,paired jackknife per scenario,True,A2 < A4 < A3 < A1,3.6619110065886944,3.4402708628175893,3.575350695377409,3.4985382578157296,False
13.0,2,0.3,True,0.0,AP,12,worst_q95abs,A3,7.882372328022362,0.05068928350348338,2.4/8,A4,7.888474774768111,20/40,0.006102446745749113,0.06683197007987325,independent cells,False,A3 < A4 < A1 < A2,8.86561301934469,9.772769811940409,7.882372328022362,7.888474774768111,False
13.0,2,0.3,True,0.0,AP,12,mean_q95abs,A2,6.881066637860859,0.008222818342758157,mean of 12,A4,7.087054600577562,mean of 12,0.20598796271670317,0.010324915535187175,paired jackknife per scenario,True,A2 < A4 < A3 < A1,7.350739439321683,6.881066637860859,7.25003614210069,7.087054600577562,False
13.0,2,0.3,True,0.0,AP,12,worst_rmse_regret,A4,0.8820171639740639,0.014530428756384873,2.4/8,A3,1.0973711848453687,2.4/8,0.21535402087130473,0.021804722949709837,independent (conservative),True,A4 < A3 < A2 < A1,1.3324482092188257,1.1124435340131185,1.0973711848453687,0.8820171639740639,False
13.0,2,0.3,True,0.0,SL,12,worst_abs_bias,A4,0.9946518797477859,0.007130339270091168,2.4/8,A3,1.146010469513205,2.4/8,0.15135858976541905,0.0028199800796403452,paired jackknife (same cell),True,A4 < A3 < A1 < A2,1.3604097919824483,2.137998076268595,1.146010469513205,0.9946518797477859,False
13.0,2,0.3,True,0.0,SL,12,worst_rmse,A3,2.595817879867124,0.009223480143967134,20/40,A4,2.6188869603330374,20/40,0.023069080465913494,0.0033980987451858904,paired jackknife (same cell),True,A3 < A4 < A1 < A2,2.95571547419966,3.2703862017023915,2.595817879867124,2.6188869603330374,False
13.0,2,0.3,True,0.0,SL,12,worst_mae,A3,1.9269446995734414,0.005500168035680446,20/40,A4,1.9457104766340902,20/40,0.01876577706064886,0.0016468974093355325,paired jackknife (same cell),True,A3 < A4 < A1 < A2,2.232784733616213,2.5183837603702073,1.9269446995734414,1.9457104766340902,False
13.0,2,0.3,True,0.0,SL,12,mean_rmse,A2,2.3238765025134165,0.0021011150160347427,mean of 12,A4,2.369896805630733,mean of 12,0.04602030311731653,0.002316972628244451,paired jackknife per scenario,True,A2 < A4 < A3 < A1,2.4797497458197495,2.3238765025134165,2.4173578936703426,2.369896805630733,False
13.0,2,0.3,True,0.0,SL,12,worst_q95abs,A4,5.273179096996232,0.026183388003161143,20/40,A3,5.2994521661116405,2.4/8,0.026273069115408276,0.03448412929971084,independent cells,False,A4 < A3 < A1 < A2,5.914469043972122,6.475751647755737,5.2994521661116405,5.273179096996232,False
13.0,2,0.3,True,0.0,SL,12,mean_q95abs,A2,4.645521229121083,0.005307365193417234,mean of 12,A4,4.770451485662559,mean of 12,0.12493025654147605,0.006617122521612197,paired jackknife per scenario,True,A2 < A4 < A3 < A1,4.946306882814674,4.645521229121083,4.863652697102702,4.770451485662559,False
13.0,2,0.3,True,0.0,SL,12,worst_rmse_regret,A4,0.5677204559591877,0.009967144512128835,2.4/8,A2,0.6745683218352676,20/40,0.10684786587607986,0.013833563327411872,independent cells,True,A4 < A2 < A3 < A1,0.8536732521474493,0.6745683218352676,0.691816444244358,0.5677204559591877,False
13.0,2,0.3,True,0.15,AP,12,worst_abs_bias,A4,1.3953953418009017,0.011507092749296103,2.4/8,A3,1.7444734364496328,2.4/8,0.3490780946487311,0.004110682884154818,paired jackknife (same cell),True,A4 < A3 < A1 < A2,2.2459763264277566,3.4314409339190868,1.7444734364496328,1.3953953418009017,False
13.0,2,0.3,True,0.15,AP,12,worst_rmse,A3,4.0967355005416,0.01789707231319157,2.4/8,A4,4.121834326181176,20/40,0.025098825639576106,0.022439328892228154,independent cells,False,A3 < A4 < A1 < A2,4.652032806643118,5.056791425394303,4.0967355005416,4.121834326181176,False
13.0,2,0.3,True,0.15,AP,12,worst_mae,A3,3.024654245429231,0.008542016329305405,20/40,A4,3.0844017514985067,20/40,0.05974750606927559,0.0031505104015630454,paired jackknife (same cell),True,A3 < A4 < A1 < A2,3.5489649726152304,3.9329169144338674,3.024654245429231,3.0844017514985067,False
13.0,2,0.3,True,0.15,AP,12,mean_rmse,A2,3.6174362908474738,0.0032368590999906654,mean of 12,A4,3.759957616639982,mean of 12,0.14252132579250842,0.003849638324403768,paired jackknife per scenario,True,A2 < A4 < A3 < A1,3.9565933598986027,3.6174362908474738,3.8227592066538683,3.759957616639982,False
13.0,2,0.3,True,0.15,AP,12,worst_q95abs,A4,8.346339295485908,0.02703152626090939,20/40,A3,8.42977268530951,2.4/8,0.08343338982360216,0.0511068178981987,independent cells,False,A4 < A3 < A1 < A2,9.304442981178747,10.00931309854695,8.42977268530951,8.346339295485908,False
13.0,2,0.3,True,0.15,AP,12,mean_q95abs,A2,7.242487020808825,0.009123055939052103,mean of 12,A4,7.6293375427136985,mean of 12,0.3868505219048739,0.010910980952591959,paired jackknife per scenario,True,A2 < A4 < A3 < A1,7.938202514442825,7.242487020808825,7.759333862235349,7.6293375427136985,False
13.0,2,0.3,True,0.15,AP,12,worst_rmse_regret,A4,0.964771749078448,0.01609514434439881,2.4/8,A2,1.0015399368473696,20/40,0.036768187768921656,0.021475257762474678,independent cells,False,A4 < A2 < A3 < A1,1.35161982131206,1.0015399368473696,1.1642884848050152,0.964771749078448,False
13.0,2,0.3,True,0.15,SL,12,worst_abs_bias,A4,1.057335329667223,0.0076929130400502765,2.4/8,A3,1.2375799426210092,2.4/8,0.18024461295378624,0.0030092905376603216,paired jackknife (same cell),True,A4 < A3 < A1 < A2,1.3434160557664336,2.1053830026538973,1.2375799426210092,1.057335329667223,False
13.0,2,0.3,True,0.15,SL,12,worst_rmse,A4,2.7166704368730836,0.008922001757965094,20/40,A3,2.7705293872505017,2.4/8,0.05385895037741806,0.014599382081000195,independent cells,True,A4 < A3 < A1 < A2,3.0575136513841685,3.2763098658591514,2.7705293872505017,2.7166704368730836,False
13.0,2,0.3,True,0.15,SL,12,worst_mae,A3,1.9956072611258142,0.005693925236233651,20/40,A4,2.0187377616077375,20/40,0.023130500481923333,0.001701298821169113,paired jackknife (same cell),True,A3 < A4 < A1 < A2,2.3115599819352264,2.510358841374535,1.9956072611258142,2.0187377616077375,False
13.0,2,0.3,True,0.15,SL,12,mean_rmse,A2,2.3948362226309885,0.002205821101395239,mean of 12,A4,2.5340346643046803,mean of 12,0.13919844167369178,0.0024504159382443703,paired jackknife per scenario,True,A2 < A4 < A3 < A1,2.647159796548647,2.3948362226309885,2.585355908097212,2.5340346643046803,False
13.0,2,0.3,True,0.15,SL,12,worst_q95abs,A4,5.524080977769169,0.022951215839248116,20/40,A3,5.623272183371143,2.4/8,0.09919120560197392,0.040375495875106464,independent cells,True,A4 < A3 < A1 < A2,6.160259066752058,6.574104132354164,5.623272183371143,5.524080977769169,False
13.0,2,0.3,True,0.15,SL,12,mean_q95abs,A2,4.807694033079475,0.005778090366698063,mean of 12,A4,5.107382513258112,mean of 12,0.29968848017863703,0.006706037094756859,paired jackknife per scenario,True,A2 < A4 < A3 < A1,5.294404671502544,4.807694033079475,5.207315341727657,5.107382513258112,False
13.0,2,0.3,True,0.15,SL,12,worst_rmse_regret,A2,0.5884679100411905,0.009476985003158479,20/40,A4,0.6527042759487423,2.4/8,0.06423636590755177,0.014461795052533429,independent cells,True,A2 < A4 < A3 < A1,0.8664669340972502,0.5884679100411905,0.7706896159440404,0.6527042759487423,False
13.0,3,0.05,False,0.0,AP,12,worst_abs_bias,A3,1.6263000295579872,0.007918002132903626,20/40,A4,1.6743161598010372,20/40,0.04801613024304996,0.0016578360701073368,paired jackknife (same cell),True,A3 < A4 < A1 < A2,2.74467161058253,4.475374925177748,1.6263000295579872,1.6743161598010372,False
13.0,3,0.05,False,0.0,AP,12,worst_rmse,A3,2.98567661829763,0.010526190993889649,20/40,A4,3.0466962849789403,20/40,0.06101966668131009,0.0026236937620005047,paired jackknife (same cell),True,A3 < A4 < A1 < A2,4.1122688953743385,5.49711765197616,2.98567661829763,3.0466962849789403,False
13.0,3,0.05,False,0.0,AP,12,worst_mae,A3,2.207818532579482,0.0063559756093566795,20/40,A4,2.2460904406146254,20/40,0.038271908035143465,0.0014686165645684509,paired jackknife (same cell),True,A3 < A4 < A1 < A2,3.0878374785789795,4.530955592343757,2.207818532579482,2.2460904406146254,False
13.0,3,0.05,False,0.0,AP,12,mean_rmse,A3,2.055156744043561,0.0018895740362502719,mean of 12,A4,2.0733730374690427,mean of 12,0.018216293425481478,0.0004870601319113092,paired jackknife per scenario,True,A3 < A4 < A1 < A2,2.621446399862962,3.4308101462146374,2.055156744043561,2.0733730374690427,False
13.0,3,0.05,False,0.0,AP,12,worst_q95abs,A3,6.048303027968293,0.015664895108733902,20/40,A4,6.181458249419123,20/40,0.1331552214508296,0.007127112638973348,paired jackknife (same cell),True,A3 < A4 < A1 < A2,8.330466049059408,10.353435181758323,6.048303027968293,6.181458249419123,False
13.0,3,0.05,False,0.0,AP,12,mean_q95abs,A3,4.127665639371005,0.004698504937456371,mean of 12,A4,4.164248817600849,mean of 12,0.03658317822984358,0.0016111934881911322,paired jackknife per scenario,True,A3 < A4 < A1 < A2,5.2585148345357275,6.6424614737390035,4.127665639371005,4.164248817600849,False
13.0,3,0.05,False,0.0,AP,12,worst_rmse_regret,A3,0.0008393162052227066,0.0055102848783089116,2.4/8,A4,0.07519084699951728,20/20,0.07435153079429457,0.010149317115395214,independent cells,True,A3 < A4 < A1 < A2,2.180834708637222,2.852054587857821,0.0008393162052227066,0.07519084699951728,False
13.0,3,0.05,False,0.0,SL,12,worst_abs_bias,A3,0.9886521340962886,0.005613268611557914,20/40,A4,1.009556599769493,20/40,0.020904465673204475,0.0010337813401854507,paired jackknife (same cell),True,A3 < A4 < A1 < A2,1.7688241033028975,2.870574065137482,0.9886521340962886,1.009556599769493,False
13.0,3,0.05,False,0.0,SL,12,worst_rmse,A3,2.031816916953585,0.006825379122549889,20/40,A4,2.061127953559757,20/40,0.029311036606171736,0.002323485268607849,paired jackknife (same cell),True,A3 < A4 < A1 < A2,2.7726678721922746,3.622285746854593,2.031816916953585,2.061127953559757,False
13.0,3,0.05,False,0.0,SL,12,worst_mae,A3,1.5128534268275544,0.004289024234815868,20/40,A4,1.528878838969838,20/40,0.01602541214228359,0.0009634363680696326,paired jackknife (same cell),True,A3 < A4 < A1 < A2,2.0789827826490996,2.9341459051968553,1.5128534268275544,1.528878838969838,False
13.0,3,0.05,False,0.0,SL,12,mean_rmse,A3,1.4901469891274723,0.0012919219139923114,mean of 12,A4,1.4972808958893058,mean of 12,0.007133906761833453,0.00032236749144655565,paired jackknife per scenario,True,A3 < A4 < A1 < A2,1.856879488740949,2.3190275961253963,1.4901469891274723,1.4972808958893058,False
13.0,3,0.05,False,0.0,SL,12,worst_q95abs,A3,4.091231292026258,0.018599157793507546,20/40,A4,4.158599904366583,20/40,0.0673686123403252,0.013679959202145068,paired jackknife (same cell),True,A3 < A4 < A1 < A2,5.581428417745587,6.931040282594798,4.091231292026258,4.158599904366583,False
13.0,3,0.05,False,0.0,SL,12,mean_q95abs,A3,2.9613575187148826,0.0033299832854045293,mean of 12,A4,2.975230184572419,mean of 12,0.013872665857536326,0.0014549237386602056,paired jackknife per scenario,True,A3 < A4 < A1 < A2,3.7005909891066557,4.517780083497407,2.9613575187148826,2.975230184572419,False
13.0,3,0.05,False,0.0,SL,12,worst_rmse_regret,A3,0.00020905620660149893,0.003841204097457361,2.4/8,A4,0.031570611484458944,20/20,0.031361555277857445,0.007055371324818957,independent cells,True,A3 < A4 < A1 < A2,1.341040920110767,1.7281292260155636,0.00020905620660149893,0.031570611484458944,False
13.0,3,0.05,False,0.15,AP,12,worst_abs_bias,A3,1.5850042410538445,0.007935394281889016,20/40,A4,1.6377386443675326,20/40,0.05273440331368806,0.001623946403972022,paired jackknife (same cell),True,A3 < A4 < A1 < A2,2.712593645875638,4.425307815008909,1.5850042410538445,1.6377386443675326,False
13.0,3,0.05,False,0.15,AP,12,worst_rmse,A3,2.968033644448788,0.010373911766093208,20/40,A4,3.034580766786089,20/40,0.06654712233730109,0.0031765669387222753,paired jackknife (same cell),True,A3 < A4 < A1 < A2,4.092657232281335,5.459810649791793,2.968033644448788,3.034580766786089,False
13.0,3,0.05,False,0.15,AP,12,worst_mae,A3,2.187035186971352,0.006345187993227469,20/40,A4,2.2276030254921992,20/40,0.04056783852084722,0.0013882874661719825,paired jackknife (same cell),True,A3 < A4 < A1 < A2,3.0690888218331196,4.4782276165072945,2.187035186971352,2.2276030254921992,False
13.0,3,0.05,False,0.15,AP,12,mean_rmse,A3,2.0524520207912738,0.001883265339999617,mean of 12,A4,2.0703656577712493,mean of 12,0.0179136369799755,0.0004961090701820556,paired jackknife per scenario,True,A3 < A4 < A1 < A2,2.6208188354939566,3.400733305524805,2.0524520207912738,2.0703656577712493,False
13.0,3,0.05,False,0.15,AP,12,worst_q95abs,A3,6.0286526267896905,0.023929073562771738,20/40,A4,6.168247377794055,20/40,0.13959475100436425,0.025198477984926658,paired jackknife (same cell),True,A3 < A4 < A1 < A2,8.268372487296388,10.34873440675532,6.0286526267896905,6.168247377794055,False
13.0,3,0.05,False,0.15,AP,12,mean_q95abs,A3,4.114222651615745,0.004732741555783086,mean of 12,A4,4.152304696493995,mean of 12,0.03808204487824973,0.0025627267185930457,paired jackknife per scenario,True,A3 < A4 < A1 < A2,5.257101981756233,6.601967728350535,4.114222651615745,4.152304696493995,False
13.0,3,0.05,False,0.15,AP,12,worst_rmse_regret,A3,0.00023056027463619344,0.005594196466483524,2.4/8,A4,0.07555444165348879,20/20,0.0753238813788526,0.010146765121588831,independent cells,True,A3 < A4 < A1 < A2,2.180097932261699,2.786465372234561,0.00023056027463619344,0.07555444165348879,False
13.0,3,0.05,False,0.15,SL,12,worst_abs_bias,A3,0.8925155882290281,0.005662703607909174,20/40,A4,0.9137076563147354,20/40,0.021192068085707283,0.0011368610015219738,paired jackknife (same cell),True,A3 < A4 < A1 < A2,1.675380042613643,2.7666154172817223,0.8925155882290281,0.9137076563147354,False
13.0,3,0.05,False,0.15,SL,12,worst_rmse,A3,2.000793148759365,0.007059548698655181,20/40,A4,2.0272805201262436,20/40,0.02648737136687851,0.0017011642457941305,paired jackknife (same cell),True,A3 < A4 < A1 < A2,2.7182938999410324,3.5424188265245915,2.000793148759365,2.0272805201262436,False
13.0,3,0.05,False,0.15,SL,12,worst_mae,A3,1.4822882836914482,0.004249720847633124,20/40,A4,1.4970933839606877,20/40,0.014805100269239535,0.000853802539683473,paired jackknife (same cell),True,A3 < A4 < A1 < A2,2.032619557281258,2.8387861243375645,1.4822882836914482,1.4970933839606877,False
13.0,3,0.05,False,0.15,SL,12,mean_rmse,A3,1.4944117507264778,0.0012756544336550608,mean of 12,A4,1.5017927568980145,mean of 12,0.007381006171536697,0.00031807787942289193,paired jackknife per scenario,True,A3 < A4 < A1 < A2,1.8547924019111732,2.2699314917554236,1.4944117507264778,1.5017927568980145,False
13.0,3,0.05,False,0.15,SL,12,worst_q95abs,A3,4.038599769726183,0.017332983116935013,20/40,A4,4.09889000476106,20/40,0.06029023503487707,0.00860192901109999,paired jackknife (same cell),True,A3 < A4 < A1 < A2,5.48477496390027,6.82130096944778,4.038599769726183,4.09889000476106,False
13.0,3,0.05,False,0.15,SL,12,mean_q95abs,A3,2.9687095936739873,0.002985154392182223,mean of 12,A4,2.9827950195991306,mean of 12,0.01408542592514328,0.0011282950269652428,paired jackknife per scenario,True,A3 < A4 < A1 < A2,3.7009674839577653,4.456885719783752,2.9687095936739873,2.9827950195991306,False
13.0,3,0.05,False,0.15,SL,12,worst_rmse_regret,A3,0.004702645679861561,0.0037416933473159294,2.4/8,A4,0.033256438910649555,20/20,0.028553793230787994,0.006553934658743927,independent cells,True,A3 < A4 < A1 < A2,1.3221522577766511,1.6406435128634855,0.004702645679861561,0.033256438910649555,False
13.0,3,0.05,True,0.0,AP,12,worst_abs_bias,A3,1.2995307241793286,0.008489848690067758,20/40,A4,1.5662291653953064,20/40,0.26669844121597786,0.004097279972629689,paired jackknife (same cell),True,A3 < A4 < A1 < A2,2.6182991302610708,4.203765221103456,1.2995307241793286,1.5662291653953064,False
13.0,3,0.05,True,0.0,AP,12,worst_rmse,A3,2.9826935986754983,0.010564813973045737,20/40,A4,3.1114165979075152,20/40,0.1287229992320169,0.006040941426455743,paired jackknife (same cell),True,A3 < A4 < A1 < A2,4.065369126940383,5.284230506515367,2.9826935986754983,3.1114165979075152,False
13.0,3,0.05,True,0.0,AP,12,worst_mae,A3,2.201613181411691,0.0063634903920914785,20/40,A4,2.286064014844718,20/40,0.08445083343302695,0.0030404763259592434,paired jackknife (same cell),True,A3 < A4 < A1 < A2,3.050296830364015,4.297072069636822,2.201613181411691,2.286064014844718,False
13.0,3,0.05,True,0.0,AP,12,mean_rmse,A4,2.2277986722766028,0.0023553570867816133,mean of 12,A3,2.312870051726005,mean of 12,0.08507137944940224,0.0017582970771799127,paired jackknife per scenario,True,A4 < A3 < A1 < A2,2.659558331598863,3.2951922427141156,2.312870051726005,2.2277986722766028,False
13.0,3,0.05,True,0.0,AP,12,worst_q95abs,A3,6.058457656344776,0.03377078155191997,20/40,A4,6.355400579460459,20/40,0.29694292311568304,0.01912829421123687,paired jackknife (same cell),True,A3 < A4 < A1 < A2,8.2387964958839,10.08083319640002,6.058457656344776,6.355400579460459,False
13.0,3,0.05,True,0.0,AP,12,mean_q95abs,A4,4.451693463332971,0.00552178134820024,mean of 12,A3,4.617466382830303,mean of 12,0.16577291949733208,0.004637028559075303,paired jackknife per scenario,True,A4 < A3 < A1 < A2,5.32167126073086,6.438827234286154,4.617466382830303,4.451693463332971,False
13.0,3,0.05,True,0.0,AP,12,worst_rmse_regret,A4,0.1287229992320169,0.01084342920225452,20/40,A3,0.3291938235659899,2.4/8,0.200470824333973,0.014547731936369422,independent cells,True,A4 < A3 < A1 < A2,1.854379144917802,2.526824268115525,0.3291938235659899,0.1287229992320169,False
13.0,3,0.05,True,0.0,SL,12,worst_abs_bias,A3,0.7812381590675537,0.005945060545360774,20/40,A4,0.9064385976958202,20/40,0.12520043862826657,0.0023360346440978834,paired jackknife (same cell),True,A3 < A4 < A1 < A2,1.6792864402841914,2.6928216654957664,0.7812381590675537,0.9064385976958202,False
13.0,3,0.05,True,0.0,SL,12,worst_rmse,A3,2.035846803234199,0.007138079472297524,20/40,A4,2.096409662484403,20/40,0.06056285925020388,0.0035531248137755994,paired jackknife (same cell),True,A3 < A4 < A1 < A2,2.733875595160949,3.481290562158747,2.035846803234199,2.096409662484403,False
13.0,3,0.05,True,0.0,SL,12,worst_mae,A3,1.5100366942014112,0.004317962520917143,20/40,A4,1.5440648625848237,20/40,0.034028168383412494,0.0017096205270036545,paired jackknife (same cell),True,A3 < A4 < A1 < A2,2.0559373466192756,2.7859121640749533,1.5100366942014112,1.5440648625848237,False
13.0,3,0.05,True,0.0,SL,12,mean_rmse,A4,1.6018950957059033,0.0015863809195656678,mean of 12,A3,1.646311093282885,mean of 12,0.04441599757698178,0.0010679175399243865,paired jackknife per scenario,True,A4 < A3 < A1 < A2,1.8782934081347855,2.2338739191168684,1.646311093282885,1.6018950957059033,False
13.0,3,0.05,True,0.0,SL,12,worst_q95abs,A3,4.091232820601931,0.024227474634433893,20/40,A4,4.224410112547952,20/40,0.13317729194602101,0.01252020157581374,paired jackknife (same cell),True,A3 < A4 < A1 < A2,5.505147253408575,6.689962465919203,4.091232820601931,4.224410112547952,False
13.0,3,0.05,True,0.0,SL,12,mean_q95abs,A4,3.176940702428977,0.0038576334189968065,mean of 12,A3,3.2522017810248784,mean of 12,0.07526107859590159,0.002866534071021528,paired jackknife per scenario,True,A4 < A3 < A1 < A2,3.735632863276949,4.379383072800045,3.2522017810248784,3.176940702428977,False
13.0,3,0.05,True,0.0,SL,12,worst_rmse_regret,A4,0.13538401742004091,0.00585474132761903,2.4/8,A3,0.2280134383397736,2.4/8,0.0926294209197327,0.008930313418747251,independent (conservative),True,A4 < A3 < A1 < A2,1.1471347095230522,1.5248390772702574,0.2280134383397736,0.13538401742004091,False
13.0,3,0.05,True,0.15,AP,12,worst_abs_bias,A3,1.2440196773501682,0.008501793611257063,20/40,A4,1.516089599860157,20/40,0.27206992250998874,0.00384746065727384,paired jackknife (same cell),True,A3 < A4 < A1 < A2,2.5775636356693967,4.134725986919865,1.2440196773501682,1.516089599860157,False
13.0,3,0.05,True,0.15,AP,12,worst_rmse,A3,2.9623575304106944,0.010566731924110473,20/40,A4,3.0843392374525025,20/40,0.12198170704180811,0.006498183836410324,paired jackknife (same cell),True,A3 < A4 < A1 < A2,4.020814161820757,5.209747549233568,2.9623575304106944,3.0843392374525025,False
13.0,3,0.05,True,0.15,AP,12,worst_mae,A3,2.1856408501608366,0.0063234296057212026,20/40,A4,2.264868989917688,20/40,0.0792281397568515,0.0037267235404287507,paired jackknife (same cell),True,A3 < A4 < A1 < A2,3.0227452923367033,4.230469393454753,2.1856408501608366,2.264868989917688,False
13.0,3,0.05,True,0.15,AP,12,mean_rmse,A4,2.226568067997827,0.0024287223639969826,mean of 12,A3,2.3150251052515185,mean of 12,0.0884570372536917,0.0017911166412718801,paired jackknife per scenario,True,A4 < A3 < A1 < A2,2.6563605431849915,3.264981026119758,2.3150251052515185,2.226568067997827,False
13.0,3,0.05,True,0.15,AP,12,worst_q95abs,A3,6.016151613359426,0.0315214588787668,20/40,A4,6.302848179074158,20/40,0.286696565714732,0.017401883744728047,paired jackknife (same cell),True,A3 < A4 < A1 < A2,8.141027779398312,9.94854809172585,6.016151613359426,6.302848179074158,False
13.0,3,0.05,True,0.15,AP,12,mean_q95abs,A4,4.449359980590114,0.005588282199539125,mean of 12,A3,4.619316824390807,mean of 12,0.16995684380069243,0.0045498045210145685,paired jackknife per scenario,True,A4 < A3 < A1 < A2,5.315519931777932,6.3915744632463465,4.619316824390807,4.449359980590114,False
13.0,3,0.05,True,0.15,AP,12,worst_rmse_regret,A4,0.1339556730897702,0.007948714253337173,2.4/8,A3,0.35084258967617754,2.4/8,0.21688691658640735,0.012333837938590555,independent (conservative),True,A4 < A3 < A1 < A2,1.825139631954269,2.4659712169910546,0.35084258967617754,0.1339556730897702,False
13.0,3,0.05,True,0.15,SL,12,worst_abs_bias,A3,0.684476335827302,0.005967496004438138,20/40,A4,0.8096395712253475,20/40,0.1251632353980454,0.002615623609334407,paired jackknife (same cell),True,A3 < A4 < A1 < A2,1.5927763341043237,2.5870287645792622,0.684476335827302,0.8096395712253475,False
13.0,3,0.05,True,0.15,SL,12,worst_rmse,A3,2.0073796600537532,0.007164933883537875,20/40,A4,2.055958128640446,20/40,0.04857846858669257,0.003760408152844603,paired jackknife (same cell),True,A3 < A4 < A1 < A2,2.682033426711844,3.393770689393379,2.0073796600537532,2.055958128640446,False
13.0,3,0.05,True,0.15,SL,12,worst_mae,A3,1.4869800869230787,0.004264365727170701,20/40,A4,1.514721051487103,20/40,0.027740964564024306,0.0014710951528299826,paired jackknife (same cell),True,A3 < A4 < A1 < A2,2.006939620566173,2.6903675275771146,1.4869800869230787,1.514721051487103,False
13.0,3,0.05,True,0.15,SL,12,mean_rmse,A4,1.6096414978957478,0.0015545620190221259,mean of 12,A3,1.6570931482053781,mean of 12,0.04745165030963028,0.001098166322293405,paired jackknife per scenario,True,A4 < A3 < A1 < A2,1.8758529246617368,2.1881040002035026,1.6570931482053781,1.6096414978957478,False
13.0,3,0.05,True,0.15,SL,12,worst_q95abs,A3,4.064113204582256,0.01994109852427044,20/40,A4,4.171020243324155,20/40,0.10690703874189911,0.009710380259483061,paired jackknife (same cell),True,A3 < A4 < A1 < A2,5.4321683958317175,6.588035606705973,4.064113204582256,4.171020243324155,False
13.0,3,0.05,True,0.15,SL,12,mean_q95abs,A4,3.1909361820401547,0.004295164884392671,mean of 12,A3,3.27423526018632,mean of 12,0.08329907814616533,0.0026650571950993696,paired jackknife per scenario,True,A4 < A3 < A1 < A2,3.7369378642550433,4.323183324138282,3.27423526018632,3.1909361820401547,False
13.0,3,0.05,True,0.15,SL,12,worst_rmse_regret,A4,0.17226004143210472,0.005137126684547368,2.4/8,A3,0.2698105104515258,2.4/8,0.0975504690194211,0.008070290185138352,independent (conservative),True,A4 < A3 < A1 < A2,1.1080593070954075,1.4435977827957283,0.2698105104515258,0.17226004143210472,False
13.0,3,0.15,False,0.0,AP,12,worst_abs_bias,A3,1.3836280026039598,0.008619981485136522,20/40,A4,1.448597681045871,20/40,0.06496967844191115,0.002166832241792186,paired jackknife (same cell),True,A3 < A4 < A1 < A2,2.6338002610228806,4.4062320647034765,1.3836280026039598,1.448597681045871,False
13.0,3,0.15,False,0.0,AP,12,worst_rmse,A3,3.0569200555328013,0.010278745577357832,20/40,A4,3.1252633023951364,20/40,0.06834324686233506,0.0032413726755023756,paired jackknife (same cell),True,A3 < A4 < A1 < A2,4.152142361063346,5.4773491135810835,3.0569200555328013,3.1252633023951364,False
13.0,3,0.15,False,0.0,AP,12,worst_mae,A3,2.2654356811909566,0.006490457246096605,20/40,A4,2.3090070015418767,20/40,0.04357132035092004,0.001679522126765117,paired jackknife (same cell),True,A3 < A4 < A1 < A2,3.137810416042694,4.480510425216798,2.2654356811909566,2.3090070015418767,False
13.0,3,0.15,False,0.0,AP,12,mean_rmse,A3,2.326388027648436,0.002201958585725037,mean of 12,A4,2.3413674806227562,mean of 12,0.014979452974320129,0.0005762074344074208,paired jackknife per scenario,True,A3 < A4 < A1 < A2,2.853418011484921,3.4210763096272085,2.326388027648436,2.3413674806227562,False
13.0,3,0.15,False,0.0,AP,12,worst_q95abs,A3,6.187397601427586,0.025462108779367065,20/40,A4,6.344823758402902,20/40,0.15742615697531637,0.011022538473947536,paired jackknife (same cell),True,A3 < A4 < A1 < A2,8.407327591317975,10.373099073049406,6.187397601427586,6.344823758402902,False
13.0,3,0.15,False,0.0,AP,12,mean_q95abs,A3,4.6870063133705555,0.00592508448922869,mean of 12,A4,4.7186102873882545,mean of 12,0.03160397401769899,0.0023985061389577987,paired jackknife per scenario,True,A3 < A4 < A1 < A2,5.723338778978557,6.658847531612463,4.6870063133705555,4.7186102873882545,False
13.0,3,0.15,False,0.0,AP,12,worst_rmse_regret,A4,0.24085818346204446,0.00772962100026558,2.4/8,A3,0.24785471588599162,2.4/8,0.006996532423947155,0.010951400801119207,independent (conservative),False,A4 < A3 < A1 < A2,1.9720975502973226,2.5214454421215513,0.24785471588599162,0.24085818346204446,False
13.0,3,0.15,False,0.0,SL,12,worst_abs_bias,A3,0.835559777087252,0.006027541828000534,20/40,A4,0.8635921070371442,20/40,0.028032329949892132,0.0014068045719712848,paired jackknife (same cell),True,A3 < A4 < A1 < A2,1.688058050345579,2.8113176414293126,0.835559777087252,0.8635921070371442,False
13.0,3,0.15,False,0.0,SL,12,worst_rmse,A3,2.0811655048686575,0.00724920116777928,20/40,A4,2.1083296747095464,20/40,0.027164169840888874,0.002120527334539192,paired jackknife (same cell),True,A3 < A4 < A1 < A2,2.790677781659024,3.5879461062386597,2.0811655048686575,2.1083296747095464,False
13.0,3,0.15,False,0.0,SL,12,worst_mae,A3,1.5509304831316828,0.004388489209267442,20/40,A4,1.5670625976062822,20/40,0.01613211447459939,0.001006019706539356,paired jackknife (same cell),True,A3 < A4 < A1 < A2,2.106649293732778,2.889655610567509,1.5509304831316828,1.5670625976062822,False
13.0,3,0.15,False,0.0,SL,12,mean_rmse,A3,1.6555994005547845,0.0015151823479037224,mean of 12,A4,1.6604351825664463,mean of 12,0.004835782011661793,0.0003496109486581663,paired jackknife per scenario,True,A3 < A4 < A1 < A2,1.992124966249195,2.312189834609103,1.6555994005547845,1.6604351825664463,False
13.0,3,0.15,False,0.0,SL,12,worst_q95abs,A3,4.197703826055601,0.02254276526608552,20/40,A4,4.26424278738524,20/40,0.06653896132963855,0.010000072285104395,paired jackknife (same cell),True,A3 < A4 < A1 < A2,5.60780938971674,6.868041639859291,4.197703826055601,4.26424278738524,False
13.0,3,0.15,False,0.0,SL,12,mean_q95abs,A3,3.3010041088740945,0.004108621645978126,mean of 12,A4,3.311526741283249,mean of 12,0.010522632409154742,0.0015596415714478002,paired jackknife per scenario,True,A3 < A4 < A1 < A2,3.971051981312541,4.519491933019384,3.3010041088740945,3.311526741283249,False
13.0,3,0.15,False,0.0,SL,12,worst_rmse_regret,A4,0.16951994391635727,0.005090959661473644,2.4/8,A3,0.1750574273385581,2.4/8,0.0055374834222008396,0.007237821634436568,independent (conservative),False,A4 < A3 < A1 < A2,1.2093692829649731,1.5595469212793542,0.1750574273385581,0.16951994391635727,False
13.0,3,0.15,False,0.15,AP,12,worst_abs_bias,A3,1.2824050273913923,0.008851159959852969,20/40,A4,1.3505808974270075,20/40,0.0681758700356152,0.0021660276620114947,paired jackknife (same cell),True,A3 < A4 < A1 < A2,2.600185799930918,4.32980016466904,1.2824050273913923,1.3505808974270075,False
13.0,3,0.15,False,0.15,AP,12,worst_rmse,A3,3.0787639686628343,0.010461734135956769,20/40,A4,3.1413929424243876,20/40,0.0626289737615533,0.0036711814399402907,paired jackknife (same cell),True,A3 < A4 < A1 < A2,4.197793743767062,5.406546200248128,3.0787639686628343,3.1413929424243876,False
13.0,3,0.15,False,0.15,AP,12,worst_mae,A3,2.287541071822891,0.006516122987880676,20/40,A4,2.328242558066135,20/40,0.04070148624324421,0.0018334719937477368,paired jackknife (same cell),True,A3 < A4 < A1 < A2,3.1673982906338956,4.410956767889906,2.287541071822891,2.328242558066135,False
13.0,3,0.15,False,0.15,AP,12,mean_rmse,A3,2.4360023664837644,0.002346189210798238,mean of 12,A4,2.4489341339786797,mean of 12,0.012931767494915203,0.0006377224759280713,paired jackknife per scenario,True,A3 < A4 < A1 < A2,2.9606958616086665,3.4205656311342616,2.4360023664837644,2.4489341339786797,False
13.0,3,0.15,False,0.15,AP,12,worst_q95abs,A3,6.220011524400919,0.02808747986494598,20/40,A4,6.357166093276155,20/40,0.13715456887523647,0.01491934856309912,paired jackknife (same cell),True,A3 < A4 < A1 < A2,8.471793355350876,10.275577904850012,6.220011524400919,6.357166093276155,False
13.0,3,0.15,False,0.15,AP,12,mean_q95abs,A3,4.905684920070278,0.00596519129772401,mean of 12,A4,4.931624988210408,mean of 12,0.02594006814013028,0.0026136643777905856,paired jackknife per scenario,True,A3 < A4 < A1 < A2,5.945851946810955,6.689002138026528,4.905684920070278,4.931624988210408,False
13.0,3,0.15,False,0.15,AP,12,worst_rmse_regret,A4,0.3397454861631082,0.008363508054523995,2.4/8,A3,0.3503413944993099,2.4/8,0.01059590833620172,0.011840149792828688,independent (conservative),False,A4 < A3 < A1 < A2,1.9040148050891874,2.3879414037702023,0.3503413944993099,0.3397454861631082,False
13.0,3,0.15,False,0.15,SL,12,worst_abs_bias,A3,0.7247122636776296,0.005048559663053744,2.4/8,A4,0.7279227608815065,20/40,0.003210497203876894,0.008016108125339054,independent cells,False,A3 < A4 < A1 < A2,1.596141061766507,2.700989081018174,0.7247122636776296,0.7279227608815065,False
13.0,3,0.15,False,0.15,SL,12,worst_rmse,A3,2.070698858657986,0.006857929005335217,20/40,A4,2.0992465925531225,20/40,0.028547733895136318,0.0019426843157550231,paired jackknife (same cell),True,A3 < A4 < A1 < A2,2.779356677721611,3.514620107990173,2.070698858657986,2.0992465925531225,False
13.0,3,0.15,False,0.15,SL,12,worst_mae,A3,1.5449271300867278,0.004360060706112741,20/40,A4,1.5616313826967714,20/40,0.0167042526100436,0.0009252144001955169,paired jackknife (same cell),True,A3 < A4 < A1 < A2,2.0888429142898404,2.7964822680073453,1.5449271300867278,1.5616313826967714,False
13.0,3,0.15,False,0.15,SL,12,mean_rmse,A3,1.7340640685070656,0.0015721190661355106,mean of 12,A4,1.7384509435013449,mean of 12,0.004386874994279255,0.0003439303621560162,paired jackknife per scenario,True,A3 < A4 < A1 < A2,2.0503199655194,2.274779791836217,1.7340640685070656,1.7384509435013449,False
13.0,3,0.15,False,0.15,SL,12,worst_q95abs,A3,4.1859195651931245,0.01714628870546029,20/40,A4,4.251149835064269,20/40,0.06523026987114466,0.006699280787657649,paired jackknife (same cell),True,A3 < A4 < A1 < A2,5.622419979738553,6.799567190412153,4.1859195651931245,4.251149835064269,False
13.0,3,0.15,False,0.15,SL,12,mean_q95abs,A3,3.4566470727075536,0.004178077684601798,mean of 12,A4,3.4675651452627476,mean of 12,0.010918072555194058,0.0013441586084678703,paired jackknife per scenario,True,A3 < A4 < A1 < A2,4.101002027935071,4.489855537942746,3.4566470727075536,3.4675651452627476,False
13.0,3,0.15,False,0.15,SL,12,worst_rmse_regret,A4,0.2841892214463482,0.0053345495523232115,2.4/8,A3,0.2891361968128501,2.4/8,0.0049469753665019045,0.007584193431320609,independent (conservative),False,A4 < A3 < A1 < A2,1.1191151019379177,1.443921249332187,0.2891361968128501,0.2841892214463482,False
13.0,3,0.15,True,0.0,AP,12,worst_abs_bias,A3,1.1287665901348984,0.007907471332546127,2.4/8,A4,1.337987098756404,20/40,0.20922050862150554,0.012142127203787847,independent cells,True,A3 < A4 < A1 < A2,2.5072067147584174,4.115348930936778,1.1287665901348984,1.337987098756404,False
13.0,3,0.15,True,0.0,AP,12,worst_rmse,A3,3.0993444145333378,0.011577661091906504,20/40,A4,3.2063124596771644,20/40,0.10696804514382663,0.006484209478800063,paired jackknife (same cell),True,A3 < A4 < A1 < A2,4.1293471059041895,5.242679177051008,3.0993444145333378,3.2063124596771644,False
13.0,3,0.15,True,0.0,AP,12,worst_mae,A3,2.286777832907748,0.006615607839864628,20/40,A4,2.357564764494484,20/40,0.07078693158673621,0.003424823723806829,paired jackknife (same cell),True,A3 < A4 < A1 < A2,3.1165838130907884,4.240611886086679,2.286777832907748,2.357564764494484,False
13.0,3,0.15,True,0.0,AP,12,mean_rmse,A4,2.5018636275237123,0.002765379193310214,mean of 12,A3,2.627367669661627,mean of 12,0.12550404213791477,0.0020607941041089887,paired jackknife per scenario,True,A4 < A3 < A1 < A2,2.903080013185317,3.3029513527302714,2.627367669661627,2.5018636275237123,False
13.0,3,0.15,True,0.0,AP,12,worst_q95abs,A3,6.272641429334371,0.020512791134723363,20/40,A4,6.488041536286059,20/40,0.2154001069516882,0.017336925189174714,paired jackknife (same cell),True,A3 < A4 < A1 < A2,8.325900622305008,10.036811557575994,6.272641429334371,6.488041536286059,False
13.0,3,0.15,True,0.0,AP,12,mean_q95abs,A4,5.018915552539408,0.006404715889332377,mean of 12,A3,5.28136179159627,mean of 12,0.26244623905686204,0.0052895268592126924,paired jackknife per scenario,True,A4 < A3 < A1 < A2,5.812352724001073,6.476054710715502,5.28136179159627,5.018915552539408,False
13.0,3,0.15,True,0.0,AP,12,worst_rmse_regret,A4,0.4243912765630369,0.009557208766850647,2.4/8,A3,0.6930819518593334,2.4/8,0.26869067529629653,0.014998549687842349,independent (conservative),True,A4 < A3 < A1 < A2,1.6740256128706257,2.219651313786071,0.6930819518593334,0.4243912765630369,False
13.0,3,0.15,True,0.0,SL,12,worst_abs_bias,A4,0.7684442308667025,0.006322002606120119,20/40,A3,0.7969098109148562,2.4/8,0.028465580048153694,0.008379656612244999,independent cells,True,A4 < A3 < A1 < A2,1.6124986692699983,2.6361380352259323,0.7969098109148562,0.7684442308667025,False
13.0,3,0.15,True,0.0,SL,12,worst_rmse,A3,2.098799953636876,0.007622562270743144,20/40,A4,2.1417838974589207,20/40,0.04298394382204451,0.004259790715421922,paired jackknife (same cell),True,A3 < A4 < A1 < A2,2.772350041115553,3.451400065485691,2.098799953636876,2.1417838974589207,False
13.0,3,0.15,True,0.0,SL,12,worst_mae,A3,1.5602640443623303,0.004439095699381674,20/40,A4,1.5854494414779463,20/40,0.02518539711561596,0.0017412735681325419,paired jackknife (same cell),True,A3 < A4 < A1 < A2,2.087073281143244,2.750465180890756,1.5602640443623303,1.5854494414779463,False
13.0,3,0.15,True,0.0,SL,12,mean_rmse,A4,1.7688573979346902,0.0018408700557046341,mean of 12,A3,1.8375064172454838,mean of 12,0.06864901931079359,0.001300962776793622,paired jackknife per scenario,True,A4 < A3 < A1 < A2,2.0204724091809347,2.234751208654917,1.8375064172454838,1.7688573979346902,False
13.0,3,0.15,True,0.0,SL,12,worst_q95abs,A3,4.218440625114418,0.019368893488069548,20/40,A4,4.3359784769980525,20/40,0.1175378518836343,0.011203022092932311,paired jackknife (same cell),True,A3 < A4 < A1 < A2,5.568141637361177,6.682634392866454,4.218440625114418,4.3359784769980525,False
13.0,3,0.15,True,0.0,SL,12,mean_q95abs,A4,3.5250250714607847,0.00414700653858305,mean of 12,A3,3.6555593973355154,mean of 12,0.13053432587473068,0.003194388011692568,paired jackknife per scenario,True,A4 < A3 < A1 < A2,4.023065982478168,4.397377738380664,3.6555593973355154,3.5250250714607847,False
13.0,3,0.15,True,0.0,SL,12,worst_rmse_regret,A4,0.3145349369505144,0.006301237447603873,2.4/8,A3,0.44229730280400514,2.4/8,0.12776236585349077,0.009824811248998349,independent (conservative),True,A4 < A3 < A1 < A2,1.0547991978037081,1.368952952335218,0.44229730280400514,0.3145349369505144,False
13.0,3,0.15,True,0.15,AP,12,worst_abs_bias,A4,1.2564129725889368,0.009425216392389938,20/40,A3,1.3009918216850405,2.4/8,0.04457884909610366,0.012456126000768978,independent cells,True,A4 < A3 < A1 < A2,2.4839647419240563,4.045965026632599,1.3009918216850405,1.2564129725889368,False
13.0,3,0.15,True,0.15,AP,12,worst_rmse,A3,3.128888209464946,0.01080204706303778,20/40,A4,3.2344945706127453,20/40,0.10560636114779909,0.0049388271832744085,paired jackknife (same cell),True,A3 < A4 < A1 < A2,4.174463199990923,5.184915064940951,3.128888209464946,3.2344945706127453,False
13.0,3,0.15,True,0.15,AP,12,worst_mae,A3,2.3084356126086933,0.006679154932234533,20/40,A4,2.3801457416376426,20/40,0.07171012902894924,0.002683757807044743,paired jackknife (same cell),True,A3 < A4 < A1 < A2,3.1483497473818303,4.178093230518206,2.3084356126086933,2.3801457416376426,False
13.0,3,0.15,True,0.15,AP,12,mean_rmse,A4,2.609400710314765,0.0028155685005350254,mean of 12,A3,2.7393493664835926,mean of 12,0.12994865616882745,0.002160462687542608,paired jackknife per scenario,True,A4 < A3 < A1 < A2,3.008042927362394,3.300785570090459,2.7393493664835926,2.609400710314765,False
13.0,3,0.15,True,0.15,AP,12,worst_q95abs,A3,6.3764489788268515,0.03137573418516776,20/40,A4,6.630835545664989,20/40,0.25438656683813754,0.020295182281109308,paired jackknife (same cell),True,A3 < A4 < A1 < A2,8.397390797988102,9.984927969136118,6.3764489788268515,6.630835545664989,False
13.0,3,0.15,True,0.15,AP,12,mean_q95abs,A4,5.245028989230171,0.006667790583156154,mean of 12,A3,5.505867113753581,mean of 12,0.26083812452340993,0.0052181935216453245,paired jackknife per scenario,True,A4 < A3 < A1 < A2,6.0116396517992,6.497188181135009,5.505867113753581,5.245028989230171,False
13.0,3,0.15,True,0.15,AP,12,worst_rmse_regret,A4,0.5238778371203017,0.010133719088652633,2.4/8,A3,0.7998009600914782,2.4/8,0.2759231229711765,0.015613157291554743,independent (conservative),True,A4 < A3 < A1 < A2,1.6662956371271593,2.0706195668347265,0.7998009600914782,0.5238778371203017,False
13.0,3,0.15,True,0.15,SL,12,worst_abs_bias,A4,0.867603069556439,0.005354636029329646,2.4/8,A3,0.9890845241996039,2.4/8,0.12148145464316495,0.002317483945847064,paired jackknife (same cell),True,A4 < A3 < A1 < A2,1.5107155155408056,2.5022673453759365,0.9890845241996039,0.867603069556439,False
13.0,3,0.15,True,0.15,SL,12,worst_rmse,A3,2.1073463120638856,0.007405335514369683,20/40,A4,2.1548082070317784,20/40,0.04746189496789288,0.004540407273307243,paired jackknife (same cell),True,A3 < A4 < A1 < A2,2.76277045223931,3.35799539344162,2.1073463120638856,2.1548082070317784,False
13.0,3,0.15,True,0.15,SL,12,worst_mae,A3,1.5623780312741573,0.004472027912921387,20/40,A4,1.5886939292038154,20/40,0.02631589792965805,0.0019686920984730446,paired jackknife (same cell),True,A3 < A4 < A1 < A2,2.074072599733019,2.6410151484414057,1.5623780312741573,1.5886939292038154,False
13.0,3,0.15,True,0.15,SL,12,mean_rmse,A4,1.8489194757169403,0.0018789077222187806,mean of 12,A3,1.92421209310643,mean of 12,0.07529261738948967,0.0011905288964651523,paired jackknife per scenario,True,A4 < A3 < A1 < A2,2.0780927071680306,2.2039250311559537,1.92421209310643,1.8489194757169403,False
13.0,3,0.15,True,0.15,SL,12,worst_q95abs,A3,4.253707832160788,0.017790620638253485,20/40,A4,4.360062228415758,20/40,0.10635439625497067,0.013053956990523,paired jackknife (same cell),True,A3 < A4 < A1 < A2,5.600809433914403,6.571794430129866,4.253707832160788,4.360062228415758,False
13.0,3,0.15,True,0.15,SL,12,mean_q95abs,A4,3.6744008275468887,0.0042445549666272194,mean of 12,A3,3.8239918464881733,mean of 12,0.14959101894128457,0.0031195260074141397,paired jackknife per scenario,True,A4 < A3 < A1 < A2,4.141783128319979,4.37655450855161,3.8239918464881733,3.6744008275468887,False
13.0,3,0.15,True,0.15,SL,12,worst_rmse_regret,A4,0.41540436700563443,0.0064285471537505025,2.4/8,A3,0.546603642950557,2.4/8,0.13119927594492253,0.009738705294078533,independent (conservative),True,A4 < A3 < A1 < A2,1.0453775914772583,1.2506490813777345,0.546603642950557,0.41540436700563443,False
13.0,3,0.3,False,0.0,AP,12,worst_abs_bias,A4,1.9860906527896942,0.010092807714940347,2.4/8,A3,2.073794506889124,2.4/8,0.08770385409942971,0.0021843720448102314,paired jackknife (same cell),True,A4 < A3 < A1 < A2,2.246383285744706,4.077727752555911,2.073794506889124,1.9860906527896942,False
13.0,3,0.3,False,0.0,AP,12,worst_rmse,A4,3.7591130567471582,0.014154270994207926,2.4/8,A3,3.8061193372483744,2.4/8,0.047006280501216136,0.002902550502624379,paired jackknife (same cell),True,A4 < A3 < A1 < A2,4.433713850405375,5.302922599158988,3.8061193372483744,3.7591130567471582,False
13.0,3,0.3,False,0.0,AP,12,worst_mae,A4,2.7041299614818675,0.008257530085701265,2.4/8,A3,2.7402146776423963,2.4/8,0.036084716160528885,0.0017278356129590406,paired jackknife (same cell),True,A4 < A3 < A1 < A2,3.3697623355365063,4.259688742457321,2.7402146776423963,2.7041299614818675,False
13.0,3,0.3,False,0.0,AP,12,mean_rmse,A4,3.40959625672756,0.0037268623172988097,mean of 12,A3,3.425457341260635,mean of 12,0.015861084533074887,0.0008813217663826903,paired jackknife per scenario,True,A4 < A3 < A2 < A1,3.595940422908597,3.4518559341128188,3.425457341260635,3.40959625672756,False
13.0,3,0.3,False,0.0,AP,12,worst_q95abs,A4,7.73578597975585,0.024497136443047095,2.4/8,A3,7.837814385482748,2.4/8,0.10202840572689809,0.027626577178388793,paired jackknife (same cell),True,A4 < A3 < A1 < A2,8.906940746935026,10.227312652030195,7.837814385482748,7.73578597975585,False
13.0,3,0.3,False,0.0,AP,12,mean_q95abs,A2,6.817955169232565,0.008526405479731955,mean of 12,A4,6.9576749937137174,mean of 12,0.13971982448115217,0.011209896758815924,paired jackknife per scenario,True,A2 < A4 < A3 < A1,7.228786843020353,6.817955169232565,6.988840397155343,6.9576749937137174,False
13.0,3,0.3,False,0.0,AP,12,worst_rmse_regret,A4,1.3998234951869843,0.014154270994207926,2.4/8,A3,1.4468297756882005,2.4/8,0.047006280501216136,0.02007841787957135,independent (conservative),True,A4 < A3 < A1 < A2,1.767046752350693,1.7927619711340155,1.4468297756882005,1.3998234951869843,False
13.0,3,0.3,False,0.0,SL,12,worst_abs_bias,A4,1.334451920515808,0.006840384687121084,2.4/8,A3,1.3753307174453087,2.4/8,0.04087879692950058,0.0015878111331814057,paired jackknife (same cell),True,A4 < A3 < A1 < A2,1.443931457482781,2.613028750672534,1.3753307174453087,1.334451920515808,False
13.0,3,0.3,False,0.0,SL,12,worst_rmse,A4,2.5416139368688,0.009547607386879176,2.4/8,A3,2.569897154096096,2.4/8,0.028283217227295765,0.002183056649143856,paired jackknife (same cell),True,A4 < A3 < A1 < A2,2.9625795714090897,3.502298373335655,2.569897154096096,2.5416139368688,False
13.0,3,0.3,False,0.0,SL,12,worst_mae,A4,1.848791530854067,0.005515253119798739,2.4/8,A3,1.8685858785503102,2.4/8,0.01979434769624322,0.0011378554616300446,paired jackknife (same cell),True,A4 < A3 < A1 < A2,2.236974552926043,2.7677536408302967,1.8685858785503102,1.848791530854067,False
13.0,3,0.3,False,0.0,SL,12,mean_rmse,A4,2.31765809735345,0.002546162453266326,mean of 12,A2,2.3277688884701,mean of 12,0.01011079111665003,0.002663311255648542,paired jackknife per scenario,True,A4 < A2 < A3 < A1,2.442488626672147,2.3277688884701,2.328713944226517,2.31765809735345,False
13.0,3,0.3,False,0.0,SL,12,worst_q95abs,A4,5.149427444996353,0.022678190613616023,2.4/8,A3,5.2172458461910045,2.4/8,0.06781840119465166,0.010992528700600917,paired jackknife (same cell),True,A4 < A3 < A1 < A2,5.939867346796026,6.772102884196743,5.2172458461910045,5.149427444996353,False
13.0,3,0.3,False,0.0,SL,12,mean_q95abs,A2,4.597547799390978,0.006083676577127446,mean of 12,A4,4.6848946928267825,mean of 12,0.0873468934358046,0.007835971761700922,paired jackknife per scenario,True,A2 < A4 < A3 < A1,4.877647660748855,4.597547799390978,4.708032438923301,4.6848946928267825,False
13.0,3,0.3,False,0.0,SL,12,worst_rmse_regret,A4,0.8897175399925119,0.009547607386879176,2.4/8,A3,0.9180007572198077,2.4/8,0.028283217227295765,0.01355473081959394,independent (conservative),True,A4 < A3 < A1 < A2,1.1287172879149305,1.153246630972983,0.9180007572198077,0.8897175399925119,False
13.0,3,0.3,False,0.15,AP,12,worst_abs_bias,A4,2.0936198610475496,0.010920929986486683,2.4/8,A3,2.2046013911455504,2.4/8,0.11098153009800082,0.002371265142750854,paired jackknife (same cell),True,A4 < A3 < A1 < A2,2.360471705553898,4.129491804657962,2.2046013911455504,2.0936198610475496,False
13.0,3,0.3,False,0.15,AP,12,worst_rmse,A4,4.038538848746586,0.01491303469381297,2.4/8,A3,4.08966690574426,2.4/8,0.05112805699767442,0.002749031431188059,paired jackknife (same cell),True,A4 < A3 < A1 < A2,4.658856951273809,5.373749665962482,4.08966690574426,4.038538848746586,False
13.0,3,0.3,False,0.15,AP,12,worst_mae,A4,2.913834959104779,0.008842759783198244,2.4/8,A3,2.955103929263577,2.4/8,0.041268970158797824,0.002149486432310081,paired jackknife (same cell),True,A4 < A3 < A1 < A2,3.5634947347599,4.313666719485688,2.955103929263577,2.913834959104779,False
13.0,3,0.3,False,0.15,AP,12,mean_rmse,A2,3.59569552484486,0.0030256930133991827,mean of 12,A4,3.6751470533126613,mean of 12,0.07945152846780124,0.004207500076350136,paired jackknife per scenario,True,A2 < A4 < A3 < A1,3.8968054667752363,3.59569552484486,3.693244148277648,3.6751470533126613,False
13.0,3,0.3,False,0.15,AP,12,worst_q95abs,A4,8.331316522380401,0.04242286759228322,2.4/8,A3,8.423022761951108,2.4/8,0.09170623957070667,0.015639387266376856,paired jackknife (same cell),True,A4 < A3 < A1 < A2,9.33653128819679,10.369349074288627,8.423022761951108,8.331316522380401,False
13.0,3,0.3,False,0.15,AP,12,mean_q95abs,A2,7.105844032652205,0.00814998358683316,mean of 12,A4,7.4916079868701315,mean of 12,0.38576395421792675,0.010806225237471616,paired jackknife per scenario,True,A2 < A4 < A3 < A1,7.800868072173419,7.105844032652205,7.529735489345203,7.4916079868701315,False
13.0,3,0.3,False,0.15,AP,12,worst_rmse_regret,A4,1.536216611185547,0.01491303469381297,2.4/8,A3,1.5873446681832215,2.4/8,0.05112805699767442,0.02110633306492933,independent (conservative),True,A4 < A3 < A2 < A1,1.8110144809484083,1.6694996833946085,1.5873446681832215,1.536216611185547,False
13.0,3,0.3,False,0.15,SL,12,worst_abs_bias,A1,1.4253668967652697,0.008513688541598423,20/8,A4,1.5037056714534554,2.4/8,0.07833877468818562,0.01121891166799104,independent cells,True,A1 < A4 < A3 < A2,1.4253668967652697,2.529131396933681,1.561370006238003,1.5037056714534554,False
13.0,3,0.3,False,0.15,SL,12,worst_rmse,A4,2.7566621135639715,0.010221387419024789,2.4/8,A3,2.79138765265664,2.4/8,0.03472553909266862,0.0022949083809305775,paired jackknife (same cell),True,A4 < A3 < A1 < A2,3.051451834627704,3.4532518239276873,2.79138765265664,2.7566621135639715,False
13.0,3,0.3,False,0.15,SL,12,worst_mae,A4,2.014925578660068,0.005949198529031881,2.4/8,A3,2.0394217119816305,2.4/8,0.024496133321562308,0.0011118744822921944,paired jackknife (same cell),True,A4 < A3 < A1 < A2,2.3157130256156475,2.7073351988522893,2.0394217119816305,2.014925578660068,False
13.0,3,0.3,False,0.15,SL,12,mean_rmse,A2,2.3622894804164933,0.0020621848901580275,mean of 12,A4,2.4964910066664006,mean of 12,0.13420152624990722,0.0027601027796447294,paired jackknife per scenario,True,A2 < A4 < A3 < A1,2.6072577072167746,2.3622894804164933,2.5115076947625004,2.4964910066664006,False
13.0,3,0.3,False,0.15,SL,12,worst_q95abs,A4,5.564380364423693,0.02967432551402062,2.4/8,A3,5.6325178800336,2.4/8,0.06813751560990688,0.009189998593199274,paired jackknife (same cell),True,A4 < A3 < A1 < A2,6.131228573946341,6.7640610344415375,5.6325178800336,5.564380364423693,False
13.0,3,0.3,False,0.15,SL,12,mean_q95abs,A2,4.70900855890518,0.005120285109030704,mean of 12,A4,5.051937009750167,mean of 12,0.3429284508449868,0.008330049314499639,paired jackknife per scenario,True,A2 < A4 < A3 < A1,5.227267635069873,4.70900855890518,5.082763747369305,5.051937009750167,False
13.0,3,0.3,False,0.15,SL,12,worst_rmse_regret,A2,1.0027315325193,0.009430487132033611,20/40,A4,1.0392496755569598,2.4/8,0.03651814303765977,0.013907222882993203,independent cells,True,A2 < A4 < A3 < A1,1.1538151377428743,1.0027315325193,1.0739752146496284,1.0392496755569598,False
13.0,3,0.3,True,0.0,AP,12,worst_abs_bias,A4,2.0645073515608696,0.01045353602854226,2.4/8,A1,2.14336669746371,20/8,0.07885934590284016,0.01611756119315013,independent cells,True,A4 < A1 < A3 < A2,2.14336669746371,3.7677083350431184,2.495755384020994,2.0645073515608696,False
13.0,3,0.3,True,0.0,AP,12,worst_rmse,A4,3.897399502005983,0.01572924202563757,2.4/8,A3,4.301828059610211,2.4/8,0.40442855760422836,0.009674426693109922,paired jackknife (same cell),True,A4 < A3 < A1 < A2,4.432133417658361,5.0751493652301765,4.301828059610211,3.897399502005983,False
13.0,3,0.3,True,0.0,AP,12,worst_mae,A4,2.7937326640669697,0.008593517631626203,2.4/8,A3,3.066337470597328,2.4/8,0.27260480653035835,0.004615455123777717,paired jackknife (same cell),True,A4 < A3 < A1 < A2,3.361334366460923,4.029607003170526,3.066337470597328,2.7937326640669697,False
13.0,3,0.3,True,0.0,AP,12,mean_rmse,A2,3.382076653087161,0.002982199541983146,mean of 12,A4,3.55209781636335,mean of 12,0.1700211632761892,0.004153549159192587,paired jackknife per scenario,True,A2 < A4 < A1 < A3,3.6636852192373914,3.382076653087161,3.798235772568351,3.55209781636335,False
13.0,3,0.3,True,0.0,AP,12,worst_q95abs,A4,7.9795555396962845,0.04272225025218995,2.4/8,A3,8.833380692131913,2.4/8,0.8538251524356282,0.028165081188050927,paired jackknife (same cell),True,A4 < A3 < A1 < A2,8.905166459284924,9.845151406248474,8.833380692131913,7.9795555396962845,False
13.0,3,0.3,True,0.0,AP,12,mean_q95abs,A2,6.7026785557782285,0.007933552794267796,mean of 12,A4,7.24426632648365,mean of 12,0.541587770705422,0.011899269202261413,paired jackknife per scenario,True,A2 < A4 < A1 < A3,7.354920108890028,6.7026785557782285,7.766887028017394,7.24426632648365,False
13.0,3,0.3,True,0.0,AP,12,worst_rmse_regret,A4,1.4413413384951101,0.01572924202563757,2.4/8,A2,1.4463244852564046,20/40,0.00498314676129441,0.020680458315420022,independent cells,False,A4 < A2 < A1 < A3,1.7734566223102988,1.4463244852564046,1.8457698960993385,1.4413413384951101,False
13.0,3,0.3,True,0.0,SL,12,worst_abs_bias,A1,1.3759314389617558,0.008290678257652683,20/8,A4,1.4361242655716377,2.4/8,0.0601928266098819,0.01091823725556044,independent cells,True,A1 < A4 < A3 < A2,1.3759314389617558,2.4180360188852803,1.6596357589431223,1.4361242655716377,False
13.0,3,0.3,True,0.0,SL,12,worst_rmse,A4,2.666394253159908,0.010842523261918115,2.4/8,A3,2.8943984516730548,2.4/8,0.22800419851314668,0.0069253264472936135,paired jackknife (same cell),True,A4 < A3 < A1 < A2,2.960853455774009,3.350206740319548,2.8943984516730548,2.666394253159908,False
13.0,3,0.3,True,0.0,SL,12,worst_mae,A4,1.933773229075452,0.00580535366185939,2.4/8,A3,2.079088073731196,2.4/8,0.14531484465574396,0.003062242472644711,paired jackknife (same cell),True,A4 < A3 < A1 < A2,2.2428122618583535,2.6308137913752,2.079088073731196,1.933773229075452,False
13.0,3,0.3,True,0.0,SL,12,mean_rmse,A2,2.2821203520248687,0.002016730233968104,mean of 12,A4,2.4131516850431605,mean of 12,0.13103133301829173,0.0028390741594859024,paired jackknife per scenario,True,A2 < A4 < A1 < A3,2.4803114035862937,2.2821203520248687,2.557399167392551,2.4131516850431605,False
13.0,3,0.3,True,0.0,SL,12,worst_q95abs,A4,5.3501835450091875,0.030623610064393302,2.4/8,A3,5.853406229190286,2.4/8,0.5032226841810985,0.022763717929409122,paired jackknife (same cell),True,A4 < A3 < A1 < A2,5.942004399658272,6.551791091096117,5.853406229190286,5.3501835450091875,False
13.0,3,0.3,True,0.0,SL,12,mean_q95abs,A2,4.525338454505956,0.0060851935500579974,mean of 12,A4,4.867437107679224,mean of 12,0.3420986531732684,0.008016077138107763,paired jackknife per scenario,True,A2 < A4 < A1 < A3,4.953649167260657,4.525338454505956,5.1809907759047755,4.867437107679224,False
13.0,3,0.3,True,0.0,SL,12,worst_rmse_regret,A2,0.9189643071097455,0.009238055928959037,20/40,A4,0.9487805112092367,2.4/8,0.02981620409949115,0.014244366887714268,independent cells,True,A2 < A4 < A1 < A3,1.1362765230449807,0.9189643071097455,1.1767847097223834,0.9487805112092367,False
13.0,3,0.3,True,0.15,AP,12,worst_abs_bias,A4,2.13005494260656,0.011376980778169055,2.4/8,A1,2.2458381956128806,20/40,0.11578325300632075,0.01719861824957165,independent cells,True,A4 < A1 < A3 < A2,2.2458381956128806,3.839988661473644,2.619639665546999,2.13005494260656,False
13.0,3,0.3,True,0.15,AP,12,worst_rmse,A4,4.180977611218915,0.016215092320230825,2.4/8,A3,4.565063571941415,2.4/8,0.38408596072250045,0.009014798958158888,paired jackknife (same cell),True,A4 < A3 < A1 < A2,4.656103591079427,5.162098973654595,4.565063571941415,4.180977611218915,False
13.0,3,0.3,True,0.15,AP,12,worst_mae,A4,3.0057854349710276,0.009190164396544543,2.4/8,A3,3.2741929377302035,2.4/8,0.2684075027591759,0.00485185373159468,paired jackknife (same cell),True,A4 < A3 < A1 < A2,3.552739074774045,4.103895918149202,3.2741929377302035,3.0057854349710276,False
13.0,3,0.3,True,0.15,AP,12,mean_rmse,A2,3.5115118755358865,0.003009720042865059,mean of 12,A4,3.8076299465813044,mean of 12,0.2961180710454179,0.004317002806542785,paired jackknife per scenario,True,A2 < A4 < A1 < A3,3.9529979816040544,3.5115118755358865,4.038432148106366,3.8076299465813044,False
13.0,3,0.3,True,0.15,AP,12,worst_q95abs,A4,8.575463641596933,0.05394212766536458,2.4/8,A1,9.310228020979713,20/8,0.7347643793827796,0.06305814448015609,independent cells,True,A4 < A1 < A3 < A2,9.310228020979713,9.999695529333508,9.39544427472388,8.575463641596933,False
13.0,3,0.3,True,0.15,AP,12,mean_q95abs,A2,6.971960807005359,0.007808417533663348,mean of 12,A4,7.751910776079711,mean of 12,0.7799499690743525,0.01197065634387272,paired jackknife per scenario,True,A2 < A4 < A1 < A3,7.916923040082236,6.971960807005359,8.248502445857936,7.751910776079711,False
13.0,3,0.3,True,0.15,AP,12,worst_rmse_regret,A2,1.32637629154575,0.013620611623949144,20/40,A4,1.5893656460810748,2.4/8,0.2629893545353248,0.021176644681442508,independent cells,True,A2 < A4 < A1 < A3,1.8424010390707348,1.32637629154575,1.9734516068035752,1.5893656460810748,False
13.0,3,0.3,True,0.15,SL,12,worst_abs_bias,A1,1.3442236192898773,0.008637410840532336,20/20,A4,1.5616712220253033,2.4/8,0.21744760273542596,0.011457397977788764,independent cells,True,A1 < A4 < A3 < A2,1.3442236192898773,2.3545639515455523,1.8221644644002863,1.5616712220253033,False
13.0,3,0.3,True,0.15,SL,12,worst_rmse,A4,2.8470108145085904,0.010778883188290168,2.4/8,A1,3.0541505266132423,20/40,0.20713971210465187,0.01467666402009864,independent cells,True,A4 < A1 < A3 < A2,3.0541505266132423,3.3347552150362034,3.0916497369748748,2.8470108145085904,False
13.0,3,0.3,True,0.15,SL,12,worst_mae,A4,2.0847289389204966,0.0061314055674784075,2.4/8,A3,2.2451342306062236,2.4/8,0.16040529168572704,0.002839720966280533,paired jackknife (same cell),True,A4 < A3 < A1 < A2,2.303609444164907,2.5913487177622527,2.2451342306062236,2.0847289389204966,False
13.0,3,0.3,True,0.15,SL,12,mean_rmse,A2,2.3198097558891053,0.0020927215348315736,mean of 12,A4,2.5877726032371298,mean of 12,0.26796284734802445,0.0028193572533914313,paired jackknife per scenario,True,A2 < A4 < A1 < A3,2.646014718338873,2.3198097558891053,2.737117203829732,2.5877726032371298,False
13.0,3,0.3,True,0.15,SL,12,worst_q95abs,A4,5.733810208592879,0.027647144010456415,2.4/8,A1,6.122621866176431,20/40,0.38881165758355163,0.03808627196427787,independent cells,True,A4 < A1 < A3 < A2,6.122621866176431,6.571109089710017,6.232305407915782,5.733810208592879,False
13.0,3,0.3,True,0.15,SL,12,mean_q95abs,A2,4.641143446828937,0.005502341139604543,mean of 12,A4,5.2152172249284465,mean of 12,0.5740737780995095,0.00796217964623596,paired jackknife per scenario,True,A2 < A4 < A1 < A3,5.290292714568207,4.641143446828937,5.533314434295609,5.2152172249284465,False
13.0,3,0.3,True,0.15,SL,12,worst_rmse_regret,A2,0.7767032136100682,0.009610507011557285,20/40,A4,1.0648719063502021,2.4/8,0.2881686927401339,0.014441127650083154,independent cells,True,A2 < A4 < A1 < A3,1.1502138549123229,0.7767032136100682,1.3095108288164865,1.0648719063502021,False
13.0,4,0.05,False,0.0,AP,12,worst_abs_bias,A3,1.3790118448111375,0.007538992290974573,20/40,A4,1.434722797177818,20/40,0.055710952366680555,0.0015749560716426894,paired jackknife (same cell),True,A3 < A4 < A1 < A2,2.7490215631404427,4.92631605212844,1.3790118448111375,1.434722797177818,False
13.0,4,0.05,False,0.0,AP,12,worst_rmse,A3,2.7541345842318705,0.009935250601183708,20/40,A4,2.8244158751928907,20/40,0.0702812909610202,0.0031995224536974266,paired jackknife (same cell),True,A3 < A4 < A1 < A2,4.097435951218852,5.878222409901092,2.7541345842318705,2.8244158751928907,False
13.0,4,0.05,False,0.0,AP,12,worst_mae,A3,2.032660723900965,0.005876718663841852,20/40,A4,2.0737838173564587,20/40,0.04112309345549381,0.0014246302523551507,paired jackknife (same cell),True,A3 < A4 < A1 < A2,3.08861357083107,4.950380287965726,2.032660723900965,2.0737838173564587,False
13.0,4,0.05,False,0.0,AP,12,mean_rmse,A3,1.9924125077248318,0.0018317801196030073,mean of 12,A4,2.0058858023862864,mean of 12,0.013473294661454638,0.000416075329586339,paired jackknife per scenario,True,A3 < A4 < A1 < A2,2.6205617683391007,3.6523523504918596,1.9924125077248318,2.0058858023862864,False
13.0,4,0.05,False,0.0,AP,12,worst_q95abs,A3,5.561499262908378,0.0329682247034866,20/40,A4,5.704799086831744,20/40,0.14329982392336582,0.014395868665427752,paired jackknife (same cell),True,A3 < A4 < A1 < A2,8.275830549526182,10.837389030655684,5.561499262908378,5.704799086831744,False
13.0,4,0.05,False,0.0,AP,12,mean_q95abs,A3,3.9934799722508707,0.005226722275902686,mean of 12,A4,4.022478930644192,mean of 12,0.028998958393321672,0.001915269552443169,paired jackknife per scenario,True,A3 < A4 < A1 < A2,5.252743378934441,6.9585569605945,3.9934799722508707,4.022478930644192,False
13.0,4,0.05,False,0.0,AP,12,worst_rmse_regret,A3,0.0006249055057885311,0.005585161173652911,4.8/8,A4,0.0702812909610202,20/40,0.06965638545523167,0.011753478082820712,independent cells,True,A3 < A4 < A1 < A2,2.252173296032475,3.4026204736256105,0.0006249055057885311,0.0702812909610202,False
13.0,4,0.05,False,0.0,SL,12,worst_abs_bias,A3,0.8195464194922305,0.005357843882410871,20/40,A4,0.8415473052522385,20/40,0.022000885760008027,0.0010304130623591536,paired jackknife (same cell),True,A3 < A4 < A1 < A2,1.757242529218189,3.1534094086807047,0.8195464194922305,0.8415473052522385,False
13.0,4,0.05,False,0.0,SL,12,worst_rmse,A3,1.8820937102174873,0.00629489213651097,20/40,A4,1.910697092305018,20/40,0.02860338208753066,0.002049803025933688,paired jackknife (same cell),True,A3 < A4 < A1 < A2,2.746466212919295,3.848351980941559,1.8820937102174873,1.910697092305018,False
13.0,4,0.05,False,0.0,SL,12,worst_mae,A3,1.40443176155621,0.003962150754086656,20/40,A4,1.4192270230177415,20/40,0.014795261461531428,0.000867094145901107,paired jackknife (same cell),True,A3 < A4 < A1 < A2,2.067492168624668,3.187794328573681,1.40443176155621,1.4192270230177415,False
13.0,4,0.05,False,0.0,SL,12,mean_rmse,A3,1.453653643902842,0.0012370313595834253,mean of 12,A4,1.4585152937719528,mean of 12,0.004861649869110751,0.00023412719388258836,paired jackknife per scenario,True,A3 < A4 < A1 < A2,1.8545374715007241,2.4532363644566613,1.453653643902842,1.4585152937719528,False
13.0,4,0.05,False,0.0,SL,12,worst_q95abs,A3,3.78961465158225,0.012945708864305986,20/40,A4,3.8445687054389652,20/40,0.054954053856715035,0.005904139061498649,paired jackknife (same cell),True,A3 < A4 < A1 < A2,5.522505679847426,7.202597030025984,3.78961465158225,3.8445687054389652,False
13.0,4,0.05,False,0.0,SL,12,mean_q95abs,A3,2.886015166675762,0.0030335606569856736,mean of 12,A4,2.8960497320811336,mean of 12,0.01003456540537151,0.0008723142843996404,paired jackknife per scenario,True,A3 < A4 < A1 < A2,3.6928394884741063,4.715170992621222,2.886015166675762,2.8960497320811336,False
13.0,4,0.05,False,0.0,SL,12,worst_rmse_regret,A3,0.00025028677759797446,0.003881785428700794,4.8/20,A4,0.02860338208753066,20/40,0.028353095309932685,0.007647469328717497,independent cells,True,A3 < A4 < A1 < A2,1.3831100960614124,2.0798794544844883,0.00025028677759797446,0.02860338208753066,False
13.0,4,0.05,False,0.15,AP,12,worst_abs_bias,A3,1.3214511433783438,0.00754699701877353,20/40,A4,1.3763398658189725,20/40,0.0548887224406287,0.001590653447030212,paired jackknife (same cell),True,A3 < A4 < A1 < A2,2.6951895208095027,4.833095415247855,1.3214511433783438,1.3763398658189725,False
13.0,4,0.05,False,0.15,AP,12,worst_rmse,A3,2.7279832417574688,0.009630251040388515,20/40,A4,2.795424480586617,20/40,0.0674412388291481,0.002974621068567496,paired jackknife (same cell),True,A3 < A4 < A1 < A2,4.071580748461665,5.791859818238546,2.7279832417574688,2.795424480586617,False
13.0,4,0.05,False,0.15,AP,12,worst_mae,A3,2.0087483560613677,0.005836828486341808,20/40,A4,2.049076577262761,20/40,0.040328221201393344,0.0014162248113411702,paired jackknife (same cell),True,A3 < A4 < A1 < A2,3.0552977027831,4.859757618388109,2.0087483560613677,2.049076577262761,False
13.0,4,0.05,False,0.15,AP,12,mean_rmse,A3,1.989652243158962,0.001827368961410985,mean of 12,A4,2.0028727232701944,mean of 12,0.013220480111232336,0.000387275848568168,paired jackknife per scenario,True,A3 < A4 < A1 < A2,2.6173276176504565,3.612496115545259,1.989652243158962,2.0028727232701944,False
13.0,4,0.05,False,0.15,AP,12,worst_q95abs,A3,5.5433341183091045,0.020934506628515846,20/40,A4,5.691439422656674,20/40,0.14810530434756952,0.00908879435922252,paired jackknife (same cell),True,A3 < A4 < A1 < A2,8.247835465005645,10.740776300358151,5.5433341183091045,5.691439422656674,False
13.0,4,0.05,False,0.15,AP,12,mean_q95abs,A3,3.9922050849937487,0.004617914765073718,mean of 12,A4,4.020872996773343,mean of 12,0.028667911779594046,0.0015638964792866247,paired jackknife per scenario,True,A3 < A4 < A1 < A2,5.254701089093654,6.9140960054779725,3.9922050849937487,4.020872996773343,False
13.0,4,0.05,False,0.15,AP,12,worst_rmse_regret,A3,0.0007399748576923937,0.005652054158978797,4.8/8,A4,0.0674412388291481,20/40,0.0667012639714557,0.011548325208996554,independent cells,True,A3 < A4 < A1 < A2,2.2224191880162216,3.336206289885082,0.0007399748576923937,0.0674412388291481,False
13.0,4,0.05,False,0.15,SL,12,worst_abs_bias,A3,0.7061792209216411,0.005414406738787815,20/40,A4,0.7289016579236869,20/40,0.022722437002045792,0.0008396670866397449,paired jackknife (same cell),True,A3 < A4 < A1 < A2,1.6786521104494145,3.0231918508950515,0.7061792209216411,0.7289016579236869,False
13.0,4,0.05,False,0.15,SL,12,worst_rmse,A3,1.8520906591104698,0.0064204439544195855,20/40,A4,1.8779770519975163,20/40,0.025886392887046528,0.001875171543173541,paired jackknife (same cell),True,A3 < A4 < A1 < A2,2.720563077346249,3.7463563112257043,1.8520906591104698,1.8779770519975163,False
13.0,4,0.05,False,0.15,SL,12,worst_mae,A3,1.3758254744660123,0.00392091755456436,20/40,A4,1.3901873610112327,20/40,0.014361886545220415,0.0007809910212236761,paired jackknife (same cell),True,A3 < A4 < A1 < A2,2.031488265129493,3.065562400536912,1.3758254744660123,1.3901873610112327,False
13.0,4,0.05,False,0.15,SL,12,mean_rmse,A3,1.4607172064826333,0.001233715267702262,mean of 12,A4,1.465600898705205,mean of 12,0.004883692222571678,0.0002464842681153445,paired jackknife per scenario,True,A3 < A4 < A1 < A2,1.8506604862487117,2.395948146960249,1.4607172064826333,1.465600898705205,False
13.0,4,0.05,False,0.15,SL,12,worst_q95abs,A3,3.7375405910335777,0.017535671644054937,20/40,A4,3.791706300355306,20/40,0.05416570932172826,0.005915668791406262,paired jackknife (same cell),True,A3 < A4 < A1 < A2,5.506215795979044,7.083902334899967,3.7375405910335777,3.791706300355306,False
13.0,4,0.05,False,0.15,SL,12,mean_q95abs,A3,2.8990940007444608,0.0033057166517869246,mean of 12,A4,2.908763287008448,mean of 12,0.009669286263987331,0.0009623631952330923,paired jackknife per scenario,True,A3 < A4 < A1 < A2,3.698090176025644,4.6533909810211185,2.8990940007444608,2.908763287008448,False
13.0,4,0.05,False,0.15,SL,12,worst_rmse_regret,A3,0.006392314910171226,0.003914874380964205,2.4/8,A4,0.025886392887046528,20/40,0.0194940779768753,0.0076702266070956095,independent cells,True,A3 < A4 < A1 < A2,1.3377249521833132,1.9970758472437464,0.006392314910171226,0.025886392887046528,False
13.0,4,0.05,True,0.0,AP,12,worst_abs_bias,A3,0.933920120148635,0.008272032003164384,20/40,A4,1.2708773767878494,20/40,0.3369572566392144,0.0046961826029658215,paired jackknife (same cell),True,A3 < A4 < A1 < A2,2.623183113722888,4.566979607525675,0.933920120148635,1.2708773767878494,False
13.0,4,0.05,True,0.0,AP,12,worst_rmse,A3,2.7775510275137263,0.009822973689250732,20/40,A4,2.8869501168241563,20/40,0.10939908931042996,0.005431354976288897,paired jackknife (same cell),True,A3 < A4 < A1 < A2,4.074671759730556,5.561086349078717,2.7775510275137263,2.8869501168241563,False
13.0,4,0.05,True,0.0,AP,12,worst_mae,A3,2.0447817773390202,0.005944486967291741,20/40,A4,2.113203842783324,20/40,0.06842206544430374,0.002859504585814876,paired jackknife (same cell),True,A3 < A4 < A1 < A2,3.0534928918150674,4.620424461439107,2.0447817773390202,2.113203842783324,False
13.0,4,0.05,True,0.0,AP,12,mean_rmse,A4,2.193985937290677,0.002388017006263086,mean of 12,A3,2.367482450571042,mean of 12,0.17349651328036497,0.0020644446559711627,paired jackknife per scenario,True,A4 < A3 < A1 < A2,2.659115445931034,3.4656703296783,2.367482450571042,2.193985937290677,False
13.0,4,0.05,True,0.0,AP,12,worst_q95abs,A3,5.647956897139973,0.024647255500603874,20/40,A4,5.9030434460703685,20/40,0.25508654893039573,0.017635822270353877,paired jackknife (same cell),True,A3 < A4 < A1 < A2,8.23397947882345,10.402705236395224,5.647956897139973,5.9030434460703685,False
13.0,4,0.05,True,0.0,AP,12,mean_q95abs,A4,4.385385125304155,0.006037552031486023,mean of 12,A3,4.739017918003198,mean of 12,0.35363279269904346,0.00527472448408563,paired jackknife per scenario,True,A4 < A3 < A1 < A2,5.314128394660632,6.681029433627259,4.739017918003198,4.385385125304155,False
13.0,4,0.05,True,0.0,AP,12,worst_rmse_regret,A4,0.19345288525520554,0.008808487438731746,2.4/8,A3,0.5185507685981976,2.4/8,0.32509788334299206,0.01447267209961949,independent (conservative),True,A4 < A3 < A1 < A2,1.9196492078518372,2.997964008148954,0.5185507685981976,0.19345288525520554,False
13.0,4,0.05,True,0.0,SL,12,worst_abs_bias,A3,0.6731095331643755,0.005074575633817495,2.4/8,A4,0.7040910802318051,20/40,0.030981547067429616,0.0077016078476453385,independent cells,True,A3 < A4 < A1 < A2,1.6753418325488618,2.930702402404648,0.6731095331643755,0.7040910802318051,False
13.0,4,0.05,True,0.0,SL,12,worst_rmse,A3,1.9244230896681955,0.0066200062622098705,20/40,A4,1.962665341665313,20/40,0.038242251997117505,0.004333224348993415,paired jackknife (same cell),True,A3 < A4 < A1 < A2,2.7331862771413546,3.6627877656494285,1.9244230896681955,1.962665341665313,False
13.0,4,0.05,True,0.0,SL,12,worst_mae,A3,1.4305448122432647,0.004070580226251958,20/40,A4,1.4505664047850886,20/40,0.020021592541823896,0.0022091451867045676,paired jackknife (same cell),True,A3 < A4 < A1 < A2,2.0457279088900973,2.990395453854114,1.4305448122432647,1.4505664047850886,False
13.0,4,0.05,True,0.0,SL,12,mean_rmse,A4,1.5948195137002388,0.0015718529785792564,mean of 12,A3,1.6791485096377103,mean of 12,0.08432899593747156,0.001187271679014529,paired jackknife per scenario,True,A4 < A3 < A1 < A2,1.8784980945981629,2.3380721414031638,1.6791485096377103,1.5948195137002388,False
13.0,4,0.05,True,0.0,SL,12,worst_q95abs,A3,3.864253034928715,0.014429945221224346,20/40,A4,3.9595336040240943,20/40,0.09528056909537908,0.011095585619024007,paired jackknife (same cell),True,A3 < A4 < A1 < A2,5.504668778445555,6.949224357252569,3.864253034928715,3.9595336040240943,False
13.0,4,0.05,True,0.0,SL,12,mean_q95abs,A4,3.1682925596854843,0.004046246818752114,mean of 12,A3,3.3322620608821825,mean of 12,0.16396950119669818,0.0031186796745328667,paired jackknife per scenario,True,A4 < A3 < A1 < A2,3.7401445804029674,4.537346627787847,3.3322620608821825,3.1682925596854843,False
13.0,4,0.05,True,0.0,SL,12,worst_rmse_regret,A4,0.20674619609061096,0.005576880368672842,2.4/8,A3,0.3387818629297519,2.4/8,0.13203566683914092,0.00873848440597903,independent (conservative),True,A4 < A3 < A1 < A2,1.1850870652893186,1.821997479824034,0.3387818629297519,0.20674619609061096,False
13.0,4,0.05,True,0.15,AP,12,worst_abs_bias,A3,0.9165921420548877,0.007292889888714176,2.4/8,A4,1.238496189494684,20/40,0.3219040474397963,0.010949842462914201,independent cells,True,A3 < A4 < A1 < A2,2.5828846739889544,4.517522085878648,0.9165921420548877,1.238496189494684,False
13.0,4,0.05,True,0.15,AP,12,worst_rmse,A3,2.763600712612332,0.009518897120722621,20/40,A4,2.8644522691011565,20/40,0.10085155648882438,0.006521603820462867,paired jackknife (same cell),True,A3 < A4 < A1 < A2,4.02646547210188,5.516157660362447,2.763600712612332,2.8644522691011565,False
13.0,4,0.05,True,0.15,AP,12,worst_mae,A3,2.0362134485708236,0.005908771957180907,20/40,A4,2.0984829059854038,20/40,0.06226945741458012,0.003465356413854053,paired jackknife (same cell),True,A3 < A4 < A1 < A2,3.023570985846174,4.571828010119724,2.0362134485708236,2.0984829059854038,False
13.0,4,0.05,True,0.15,AP,12,mean_rmse,A4,2.195767954977684,0.0023647083336670732,mean of 12,A3,2.3720008394787424,mean of 12,0.17623288450105834,0.0019949567674831725,paired jackknife per scenario,True,A4 < A3 < A1 < A2,2.659580929786388,3.4336530656874173,2.3720008394787424,2.195767954977684,False
13.0,4,0.05,True,0.15,AP,12,worst_q95abs,A3,5.619557285608004,0.023409105540444904,20/40,A4,5.86858996982328,20/40,0.24903268421527613,0.016663739665972094,paired jackknife (same cell),True,A3 < A4 < A1 < A2,8.170685743173808,10.348733094641608,5.619557285608004,5.86858996982328,False
13.0,4,0.05,True,0.15,AP,12,mean_q95abs,A4,4.389445208889264,0.005804065428550516,mean of 12,A3,4.751283526621271,mean of 12,0.3618383177320066,0.004898211821915218,paired jackknife per scenario,True,A4 < A3 < A1 < A2,5.326565065855108,6.630887930503206,4.751283526621271,4.389445208889264,False
13.0,4,0.05,True,0.15,AP,12,worst_rmse_regret,A4,0.2029050785571691,0.007937239798504147,2.4/8,A3,0.5350194578114928,2.4/8,0.33211437925432374,0.013542911129267043,independent (conservative),True,A4 < A3 < A1 < A2,1.915315253311571,2.916287320794218,0.5350194578114928,0.2029050785571691,False
13.0,4,0.05,True,0.15,SL,12,worst_abs_bias,A4,0.6935375944622534,0.004725376240673281,2.4/8,A3,0.7935936692474819,2.4/8,0.10005607478522849,0.002140669800699309,paired jackknife (same cell),True,A4 < A3 < A1 < A2,1.608262926980466,2.824093104925832,0.7935936692474819,0.6935375944622534,False
13.0,4,0.05,True,0.15,SL,12,worst_rmse,A3,1.8980966343536425,0.0066432979035849216,20/40,A4,1.9421913882569386,20/40,0.04409475390329609,0.0052817707196668685,paired jackknife (same cell),True,A3 < A4 < A1 < A2,2.6944968066968555,3.5750574107323447,1.8980966343536425,1.9421913882569386,False
13.0,4,0.05,True,0.15,SL,12,worst_mae,A3,1.4048535479558117,0.004036302310131057,20/40,A4,1.427257220482948,20/40,0.022403672527136154,0.002235506704408722,paired jackknife (same cell),True,A3 < A4 < A1 < A2,2.013749074815495,2.891142127737582,1.4048535479558117,1.427257220482948,False
13.0,4,0.05,True,0.15,SL,12,mean_rmse,A4,1.6058416044891224,0.0015511448217383319,mean of 12,A3,1.692650778405122,mean of 12,0.08680917391599952,0.0011870292663540935,paired jackknife per scenario,True,A4 < A3 < A1 < A2,1.8776204235246148,2.284888823368893,1.692650778405122,1.6058416044891224,False
13.0,4,0.05,True,0.15,SL,12,worst_q95abs,A3,3.827978783949456,0.017620263303996204,20/40,A4,3.9179725628318134,20/40,0.08999377888235749,0.012422462682604869,paired jackknife (same cell),True,A3 < A4 < A1 < A2,5.470319373131525,6.863328825660871,3.827978783949456,3.9179725628318134,False
13.0,4,0.05,True,0.15,SL,12,mean_q95abs,A4,3.17883506880549,0.00382180255654222,mean of 12,A3,3.3489680152742145,mean of 12,0.17013294646872446,0.0032013487590482753,paired jackknife per scenario,True,A4 < A3 < A1 < A2,3.743362624444733,4.467005104733638,3.3489680152742145,3.17883506880549,False
13.0,4,0.05,True,0.15,SL,12,worst_rmse_regret,A4,0.25541337519406326,0.0053411341735579605,2.4/8,A3,0.4001164874527525,2.4/8,0.14470311225868926,0.008651527517219511,independent (conservative),True,A4 < A3 < A1 < A2,1.1309811348962047,1.7217139374402808,0.4001164874527525,0.25541337519406326,False
13.0,4,0.15,False,0.0,AP,12,worst_abs_bias,A3,1.0653512453567022,0.008259136254678522,20/40,A4,1.1381544893705169,20/40,0.07280324401381466,0.0015427116314652948,paired jackknife (same cell),True,A3 < A4 < A1 < A2,2.6436081792858,4.817180002717697,1.0653512453567022,1.1381544893705169,False
13.0,4,0.15,False,0.0,AP,12,worst_rmse,A3,2.8206804551359443,0.009744622109126968,20/40,A4,2.886309685453127,20/40,0.0656292303171826,0.0034477589674980803,paired jackknife (same cell),True,A3 < A4 < A1 < A2,4.1720197725228765,5.804768579300302,2.8206804551359443,2.886309685453127,False
13.0,4,0.15,False,0.0,AP,12,worst_mae,A3,2.0903309462747552,0.005988982077897991,20/40,A4,2.129666214856824,20/40,0.03933526858206893,0.001271946853386812,paired jackknife (same cell),True,A3 < A4 < A1 < A2,3.147329238452049,4.854304869681443,2.0903309462747552,2.129666214856824,False
13.0,4,0.15,False,0.0,AP,12,mean_rmse,A3,2.3020093204652023,0.0022176645117025023,mean of 12,A4,2.308055923772107,mean of 12,0.006046603306904874,0.000477161904943462,paired jackknife per scenario,True,A3 < A4 < A1 < A2,2.8550300315071175,3.6212338395586925,2.3020093204652023,2.308055923772107,False
13.0,4,0.15,False,0.0,AP,12,worst_q95abs,A3,5.728828781051157,0.027881931445335576,20/40,A4,5.8666638767927015,20/40,0.1378350957415444,0.009515552064754802,paired jackknife (same cell),True,A3 < A4 < A1 < A2,8.41177494378291,10.761027621492564,5.728828781051157,5.8666638767927015,False
13.0,4,0.15,False,0.0,AP,12,mean_q95abs,A3,4.642575284870642,0.005754854212762537,mean of 12,A4,4.653531724180234,mean of 12,0.010956439309592447,0.0020514107674496867,paired jackknife per scenario,True,A3 < A4 < A1 < A2,5.727900669846832,6.93441186224625,4.642575284870642,4.653531724180234,False
13.0,4,0.15,False,0.0,AP,12,worst_rmse_regret,A4,0.28107339576655876,0.00786097567747691,2.4/8,A3,0.29440204567739503,2.4/8,0.013328649910836265,0.011153566482462714,independent (conservative),False,A4 < A3 < A1 < A2,1.926202768064936,3.04701764985204,0.29440204567739503,0.28107339576655876,False
13.0,4,0.15,False,0.0,SL,12,worst_abs_bias,A4,0.652068874870538,0.004827479317155126,2.4/8,A3,0.6595053018298096,2.4/8,0.007436426959271603,0.00034056240430727254,paired jackknife (same cell),True,A4 < A3 < A1 < A2,1.6717458161957766,3.077780668805434,0.6595053018298096,0.652068874870538,False
13.0,4,0.15,False,0.0,SL,12,worst_rmse,A3,1.931692148259,0.006636438355564072,20/40,A4,1.9551109562017597,20/40,0.023418807942759745,0.0018731073399046161,paired jackknife (same cell),True,A3 < A4 < A1 < A2,2.779017021459582,3.79870347715612,1.931692148259,1.9551109562017597,False
13.0,4,0.15,False,0.0,SL,12,worst_mae,A3,1.4405796450196415,0.004069620871548837,20/40,A4,1.4540643220211926,20/40,0.013484677001551093,0.0009143619963530356,paired jackknife (same cell),True,A3 < A4 < A1 < A2,2.092059544501838,3.1212431546858674,1.4405796450196415,1.4540643220211926,False
13.0,4,0.15,False,0.0,SL,12,mean_rmse,A3,1.63980091901802,0.0014998439602716322,mean of 12,A4,1.6409193832495668,mean of 12,0.001118464231546712,0.0002794897387443724,paired jackknife per scenario,True,A3 < A4 < A1 < A2,1.9893600864970094,2.4334077322975864,1.63980091901802,1.6409193832495668,False
13.0,4,0.15,False,0.0,SL,12,worst_q95abs,A3,3.89470019197546,0.014543630123715557,20/40,A4,3.9527698939281715,20/40,0.05806970195271166,0.006908233516460956,paired jackknife (same cell),True,A3 < A4 < A1 < A2,5.593125214749586,7.167339269558449,3.89470019197546,3.9527698939281715,False
13.0,4,0.15,False,0.0,SL,12,mean_q95abs,A3,3.2715729320855362,0.003933921972659855,mean of 12,A4,3.273256027544482,mean of 12,0.0016830954589459601,0.0013163747881547872,paired jackknife per scenario,False,A3 < A4 < A1 < A2,3.9698807483823995,4.703431264244556,3.2715729320855362,3.273256027544482,False
13.0,4,0.15,False,0.0,SL,12,worst_rmse_regret,A4,0.21448427056788555,0.005338363081218644,2.4/8,A3,0.2196863660240389,2.4/8,0.005202095456153355,0.007574106762670208,independent (conservative),False,A4 < A3 < A1 < A2,1.183614301372417,1.8960167161626384,0.2196863660240389,0.21448427056788555,False
13.0,4,0.15,False,0.15,AP,12,worst_abs_bias,A4,1.0533876237195265,0.007049927955282327,2.4/8,A3,1.0854881865391683,2.4/8,0.0321005628196418,0.001169172610671147,paired jackknife (same cell),True,A4 < A3 < A1 < A2,2.5869248742678157,4.742912971600152,1.0854881865391683,1.0533876237195265,False
13.0,4,0.15,False,0.15,AP,12,worst_rmse,A3,2.870201785390214,0.009679555615140677,20/40,A4,2.930628158828322,20/40,0.06042637343810808,0.0028013182008544513,paired jackknife (same cell),True,A3 < A4 < A1 < A2,4.190430533806783,5.739806210427315,2.870201785390214,2.930628158828322,False
13.0,4,0.15,False,0.15,AP,12,worst_mae,A3,2.129930629512157,0.006083987851098398,20/40,A4,2.167756750726401,20/40,0.03782612121424389,0.0012456929518807757,paired jackknife (same cell),True,A3 < A4 < A1 < A2,3.1619141916293056,4.784382497117096,2.129930629512157,2.167756750726401,False
13.0,4,0.15,False,0.15,AP,12,mean_rmse,A3,2.423473154854513,0.002358976886390597,mean of 12,A4,2.426375470717756,mean of 12,0.0029023158632428547,0.0005916545147447304,paired jackknife per scenario,True,A3 < A4 < A1 < A2,2.9608403420430505,3.605746716843265,2.423473154854513,2.426375470717756,False
13.0,4,0.15,False,0.15,AP,12,worst_q95abs,A3,5.833668181714525,0.02355231562680515,20/40,A4,5.972075402977411,20/40,0.13840722126288618,0.01271807733425124,paired jackknife (same cell),True,A3 < A4 < A1 < A2,8.483936650112703,10.70172582170163,5.833668181714525,5.972075402977411,False
13.0,4,0.15,False,0.15,AP,12,mean_q95abs,A3,4.889877290473891,0.005779398683318184,mean of 12,A4,4.89786696537234,mean of 12,0.007989674898448484,0.002368467339842896,paired jackknife per scenario,True,A3 < A4 < A1 < A2,5.944483275244022,6.940876409620741,4.889877290473891,4.89786696537234,False
13.0,4,0.15,False,0.15,AP,12,worst_rmse_regret,A4,0.4287980732451748,0.008361263537097898,2.4/8,A3,0.4463636228043515,2.4/8,0.017565549559176663,0.011857767156623652,independent (conservative),False,A4 < A3 < A1 < A2,1.854732359116082,2.9124694272684812,0.4463636228043515,0.4287980732451748,False
13.0,4,0.15,False,0.15,SL,12,worst_abs_bias,A4,0.8687413028203128,0.004982864832485851,2.4/8,A3,0.8814541049006074,2.4/8,0.012712802080294572,0.0006615587375331693,paired jackknife (same cell),True,A4 < A3 < A1 < A2,1.5845092252266948,2.9465621930895978,0.8814541049006074,0.8687413028203128,False
13.0,4,0.15,False,0.15,SL,12,worst_rmse,A3,1.9421397598684995,0.006404545630715796,20/40,A4,1.967240540989851,20/40,0.0251007811213515,0.002180461148101771,paired jackknife (same cell),True,A3 < A4 < A1 < A2,2.774751385009809,3.6927368590918186,1.9421397598684995,1.967240540989851,False
13.0,4,0.15,False,0.15,SL,12,worst_mae,A3,1.449689742757145,0.0040869587713100244,20/40,A4,1.463545985824485,20/40,0.013856243067340124,0.0009632208505001077,paired jackknife (same cell),True,A3 < A4 < A1 < A2,2.083594535363217,2.9999293081436598,1.449689742757145,1.463545985824485,False
13.0,4,0.15,False,0.15,SL,12,mean_rmse,A4,1.7331352305450602,0.0015674862098882692,mean of 12,A3,1.7341946105798451,mean of 12,0.0010593800347848958,0.0003546487378550231,paired jackknife per scenario,True,A4 < A3 < A1 < A2,2.048259668165429,2.3824007053889606,1.7341946105798451,1.7331352305450602,False
13.0,4,0.15,False,0.15,SL,12,worst_q95abs,A3,3.911720750845802,0.018242990034954103,20/40,A4,3.9652662149756703,20/40,0.05354546412986849,0.00786780748111758,paired jackknife (same cell),True,A3 < A4 < A1 < A2,5.585951844255998,7.016963057691128,3.911720750845802,3.9652662149756703,False
13.0,4,0.15,False,0.15,SL,12,mean_q95abs,A4,3.4530211388612755,0.004480072814871239,mean of 12,A3,3.4551439107667505,mean of 12,0.0021227719054750516,0.0016562108754284643,paired jackknife per scenario,False,A4 < A3 < A1 < A2,4.0912187565141815,4.646747063789626,3.4551439107667505,3.4530211388612755,False
13.0,4,0.15,False,0.15,SL,12,worst_rmse_regret,A4,0.3614365660010932,0.005503987429555633,2.4/8,A3,0.36970843027962674,2.4/8,0.008271864278533547,0.007808127340324957,independent (conservative),False,A4 < A3 < A1 < A2,1.1151987639878838,1.750597099223319,0.36970843027962674,0.3614365660010932,False
13.0,4,0.15,True,0.0,AP,12,worst_abs_bias,A4,1.1175967269138354,0.007309938600496527,2.4/8,A3,1.44773265330035,2.4/8,0.3301359263865147,0.004648720609502476,paired jackknife (same cell),True,A4 < A3 < A1 < A2,2.5221408228328173,4.487617418571238,1.44773265330035,1.1175967269138354,False
13.0,4,0.15,True,0.0,AP,12,worst_rmse,A3,2.947470746429823,0.012088895888097088,2.4/8,A4,2.986174996128752,20/40,0.03870424969892916,0.015931294533479308,independent cells,True,A3 < A4 < A1 < A2,4.152274484896189,5.5209571542022715,2.947470746429823,2.986174996128752,False
13.0,4,0.15,True,0.0,AP,12,worst_mae,A3,2.1523830915369855,0.006285293615797534,20/40,A4,2.1960253656025994,20/40,0.04364227406561394,0.002865121000332417,paired jackknife (same cell),True,A3 < A4 < A1 < A2,3.1269668716845627,4.557999863721263,2.1523830915369855,2.1960253656025994,False
13.0,4,0.15,True,0.0,AP,12,mean_rmse,A4,2.4946425592747707,0.002675284532569126,mean of 12,A3,2.7215555211839146,mean of 12,0.2269129619091439,0.0021275865957641354,paired jackknife per scenario,True,A4 < A3 < A1 < A2,2.8990723801898004,3.4461385509987603,2.7215555211839146,2.4946425592747707,False
13.0,4,0.15,True,0.0,AP,12,worst_q95abs,A3,5.990061904459886,0.02760980165534587,2.4/8,A4,6.1076581074062934,20/40,0.11759620294640705,0.04200201838216516,independent cells,True,A3 < A4 < A1 < A2,8.361660736157686,10.40274341782015,5.990061904459886,6.1076581074062934,False
13.0,4,0.15,True,0.0,AP,12,mean_q95abs,A4,5.0138004829271905,0.0068357197508097855,mean of 12,A3,5.490668350021305,mean of 12,0.4768678670941142,0.0063836296780349746,paired jackknife per scenario,True,A4 < A3 < A1 < A2,5.807988166992914,6.677314674835805,5.490668350021305,5.0138004829271905,False
13.0,4,0.15,True,0.0,AP,12,worst_rmse_regret,A4,0.5580043717690262,0.009640954363298876,2.4/8,A3,0.9378907976537403,2.4/8,0.3798864258847141,0.015462516122173076,independent (conservative),True,A4 < A3 < A1 < A2,1.8187884866273363,2.6661597127899426,0.9378907976537403,0.5580043717690262,False
13.0,4,0.15,True,0.0,SL,12,worst_abs_bias,A4,0.8824228420961664,0.0051971307724125405,2.4/8,A3,1.0293378473195092,2.4/8,0.14691500522334278,0.002508252970226934,paired jackknife (same cell),True,A4 < A3 < A1 < A2,1.6040541080225192,2.865810409342876,1.0293378473195092,0.8824228420961664,False
13.0,4,0.15,True,0.0,SL,12,worst_rmse,A4,2.018910071255987,0.007114585284021282,20/40,A3,2.060555952653646,2.4/8,0.041645881397659235,0.011543407012115248,independent cells,True,A4 < A3 < A1 < A2,2.772631424914716,3.6185989361523463,2.060555952653646,2.018910071255987,False
13.0,4,0.15,True,0.0,SL,12,worst_mae,A4,1.4948438970762437,0.004291221287434265,20/40,A3,1.5068004704024558,2.4/8,0.011956573326212139,0.0061781234568544525,independent cells,False,A4 < A3 < A1 < A2,2.0859849233029464,2.9389262628985824,1.5068004704024558,1.4948438970762437,False
13.0,4,0.15,True,0.0,SL,12,mean_rmse,A4,1.774236747355664,0.0017963483956734173,mean of 12,A3,1.896264684543386,mean of 12,0.12202793718772198,0.0014181423061633573,paired jackknife per scenario,True,A4 < A3 < A1 < A2,2.0180168172557207,2.323702597806836,1.896264684543386,1.774236747355664,False
13.0,4,0.15,True,0.0,SL,12,worst_q95abs,A4,4.0852188864512415,0.017885951105362764,20/40,A3,4.1232102578046925,2.4/8,0.03799137135345099,0.022891481120700104,independent cells,False,A4 < A3 < A1 < A2,5.584420685700292,6.907984274797537,4.1232102578046925,4.0852188864512415,False
13.0,4,0.15,True,0.0,SL,12,mean_q95abs,A4,3.5334507052936903,0.0039293474757101125,mean of 12,A3,3.785733292002865,mean of 12,0.2522825867091747,0.003687861349501427,paired jackknife per scenario,True,A4 < A3 < A1 < A2,4.0205548766257655,4.527327050850512,3.785733292002865,3.5334507052936903,False
13.0,4,0.15,True,0.0,SL,12,worst_rmse_regret,A4,0.4236819610371876,0.00643735057190638,2.4/8,A3,0.618853264713431,2.4/8,0.19517130367624347,0.011138779289911561,independent (conservative),True,A4 < A3 < A1 < A2,1.138727056903635,1.6581706410332775,0.618853264713431,0.4236819610371876,False
13.0,4,0.15,True,0.15,AP,12,worst_abs_bias,A4,1.2882559239587656,0.007542877974632343,2.4/8,A3,1.652652852931009,2.4/8,0.3643969289722433,0.004054437032663033,paired jackknife (same cell),True,A4 < A3 < A1 < A2,2.478721841939009,4.4262743243456795,1.652652852931009,1.2882559239587656,False
13.0,4,0.15,True,0.15,AP,12,worst_rmse,A4,3.054796968656638,0.011295464962365736,20/40,A3,3.1107951598636654,2.4/8,0.055998191207027315,0.016359181633967178,independent cells,True,A4 < A3 < A1 < A2,4.179156960821738,5.485866601078917,3.1107951598636654,3.054796968656638,False
13.0,4,0.15,True,0.15,AP,12,worst_mae,A4,2.23599639819127,0.006581905460023668,20/40,A3,2.252743459760408,2.4/8,0.0167470615691383,0.00945218884809301,independent cells,False,A4 < A3 < A1 < A2,3.1429669118847663,4.503998485810444,2.252743459760408,2.23599639819127,False
13.0,4,0.15,True,0.15,AP,12,mean_rmse,A4,2.6130720905795912,0.0027769375572840923,mean of 12,A3,2.846120478347226,mean of 12,0.2330483877676346,0.002180830379891052,paired jackknife per scenario,True,A4 < A3 < A1 < A2,3.011491929914135,3.4441918768566695,2.846120478347226,2.6130720905795912,False
13.0,4,0.15,True,0.15,AP,12,worst_q95abs,A4,6.214570137144534,0.026817675984630328,20/40,A3,6.318282083110086,2.4/8,0.10371194596555178,0.03801140134566607,independent cells,True,A4 < A3 < A1 < A2,8.423750388037746,10.347270531658516,6.318282083110086,6.214570137144534,False
13.0,4,0.15,True,0.15,AP,12,mean_q95abs,A4,5.2523446565880345,0.006918803525481895,mean of 12,A3,5.747552400295209,mean of 12,0.4952077437071747,0.006025522209751601,paired jackknife per scenario,True,A4 < A3 < A1 < A2,6.031531247921781,6.701757895579495,5.747552400295209,5.2523446565880345,False
13.0,4,0.15,True,0.15,AP,12,worst_rmse_regret,A4,0.6674152787476526,0.009499529314181328,2.4/8,A3,1.0672978165177756,2.4/8,0.39988253777012295,0.0151748592154289,independent (conservative),True,A4 < A3 < A1 < A2,1.8295953689957432,2.5298013376379584,1.0672978165177756,0.6674152787476526,False
13.0,4,0.15,True,0.15,SL,12,worst_abs_bias,A4,1.06921306316869,0.005312808081814652,2.4/8,A3,1.2363650527375725,2.4/8,0.16715198956888244,0.0026084717092265354,paired jackknife (same cell),True,A4 < A3 < A1 < A2,1.513005057396355,2.75616829719116,1.2363650527375725,1.06921306316869,False
13.0,4,0.15,True,0.15,SL,12,worst_rmse,A4,2.043611000907585,0.007734411380779156,20/40,A3,2.199074577174731,2.4/8,0.15546357626714613,0.011339211856437574,independent cells,True,A4 < A3 < A1 < A2,2.7662245710022226,3.5545798775651476,2.199074577174731,2.043611000907585,False
13.0,4,0.15,True,0.15,SL,12,worst_mae,A4,1.50995657851858,0.0041058851776711,2.4/8,A3,1.630032967084198,2.4/8,0.12007638856561798,0.0021863335660907484,paired jackknife (same cell),True,A4 < A3 < A1 < A2,2.074965742868964,2.8433730337224477,1.630032967084198,1.50995657851858,False
13.0,4,0.15,True,0.15,SL,12,mean_rmse,A4,1.866255759812818,0.001882847889390041,mean of 12,A3,1.9969664890391907,mean of 12,0.13071072922637272,0.0013374627158218412,paired jackknife per scenario,True,A4 < A3 < A1 < A2,2.0811847336040983,2.2854670407551754,1.9969664890391907,1.866255759812818,False
13.0,4,0.15,True,0.15,SL,12,worst_q95abs,A4,4.117547289605676,0.020355162535584347,20/40,A3,4.354031425121906,2.4/8,0.23648413551622927,0.029107234725789164,independent cells,True,A4 < A3 < A1 < A2,5.608336429316903,6.850533084517263,4.354031425121906,4.117547289605676,False
13.0,4,0.15,True,0.15,SL,12,mean_q95abs,A4,3.706548260971754,0.004488236157938098,mean of 12,A3,3.98100442036614,mean of 12,0.27445615939438595,0.003970943248461832,paired jackknife per scenario,True,A4 < A3 < A1 < A2,4.157202701845253,4.4919922573835995,3.98100442036614,3.706548260971754,False
13.0,4,0.15,True,0.15,SL,12,worst_rmse_regret,A4,0.545613560024536,0.006639294266407891,2.4/8,A3,0.7532611814862618,2.4/8,0.20764762146172577,0.010622468379524836,independent (conservative),True,A4 < A3 < A1 < A2,1.1626244928810643,1.520052675481506,0.7532611814862618,0.545613560024536,False
13.0,4,0.3,False,0.0,AP,12,worst_abs_bias,A1,2.2654564634814682,0.012079830083351934,20/40,A4,2.361085821087982,2.4/8,0.09562935760651392,0.015717293313655904,independent cells,True,A1 < A4 < A3 < A2,2.2654564634814682,4.523558086813731,2.457752065060564,2.361085821087982,False
13.0,4,0.3,False,0.0,AP,12,worst_rmse,A4,3.960520997294708,0.014626907343999568,2.4/8,A3,4.028986383675558,2.4/8,0.06846538638084976,0.0027009552264008,paired jackknife (same cell),True,A4 < A3 < A1 < A2,4.44365701684844,5.611617258577575,4.028986383675558,3.960520997294708,False
13.0,4,0.3,False,0.0,AP,12,worst_mae,A4,2.8797112823081465,0.008598292523049996,2.4/8,A3,2.9372046574466646,2.4/8,0.057493375138518044,0.0016858028995637062,paired jackknife (same cell),True,A4 < A3 < A1 < A2,3.3711505987951544,4.612930501918432,2.9372046574466646,2.8797112823081465,False
13.0,4,0.3,False,0.0,AP,12,mean_rmse,A4,3.508948664444859,0.003922236325953671,mean of 12,A3,3.5476286525586502,mean of 12,0.038679988113791364,0.0009192233827941674,paired jackknife per scenario,True,A4 < A3 < A2 < A1,3.594236872403536,3.569732046936838,3.5476286525586502,3.508948664444859,False
13.0,4,0.3,False,0.0,AP,12,worst_q95abs,A4,8.078103244673358,0.0418326891359541,2.4/8,A3,8.213658524447654,2.4/8,0.13555527977429627,0.016816021017402764,paired jackknife (same cell),True,A4 < A3 < A1 < A2,8.923420160682483,10.553754359138273,8.213658524447654,8.078103244673358,False
13.0,4,0.3,False,0.0,AP,12,mean_q95abs,A2,6.938771902153374,0.00804410683040654,mean of 12,A4,7.166432243385255,mean of 12,0.22766034123188117,0.012621824476717365,paired jackknife per scenario,True,A2 < A4 < A1 < A3,7.2083180314350015,6.938771902153374,7.244479018022215,7.166432243385255,False
13.0,4,0.3,False,0.0,AP,12,worst_rmse_regret,A4,1.7422461157274949,0.014626907343999568,2.4/8,A3,1.8107115021083446,2.4/8,0.06846538638084976,0.020717056547819437,independent (conservative),True,A4 < A3 < A1 < A2,1.960651529776059,2.231634199222566,1.8107115021083446,1.7422461157274949,False
13.0,4,0.3,False,0.0,SL,12,worst_abs_bias,A1,1.451468446441455,0.008165100713929797,20/40,A4,1.5965834110386063,2.4/8,0.14511496459715145,0.010622176844933034,independent cells,True,A1 < A4 < A3 < A2,1.451468446441455,2.8963239992022833,1.6422432414757768,1.5965834110386063,False
13.0,4,0.3,False,0.0,SL,12,worst_rmse,A4,2.6767909055945855,0.009450869932616452,2.4/8,A3,2.7168287782215095,2.4/8,0.04003787262692393,0.002286336139356573,paired jackknife (same cell),True,A4 < A3 < A1 < A2,2.9620408761576,3.6879136813595914,2.7168287782215095,2.6767909055945855,False
13.0,4,0.3,False,0.0,SL,12,worst_mae,A4,1.968003899823076,0.005737772324331359,2.4/8,A3,1.9968726582212957,2.4/8,0.028868758398219674,0.0011084025895092703,paired jackknife (same cell),True,A4 < A3 < A1 < A2,2.2426113229636044,2.9801892808805746,1.9968726582212957,1.968003899823076,False
13.0,4,0.3,False,0.0,SL,12,mean_rmse,A4,2.380551949419404,0.002600733681899714,mean of 12,A2,2.3994256822457154,mean of 12,0.01887373282631133,0.002914537607677184,paired jackknife per scenario,True,A4 < A2 < A3 < A1,2.441923470454872,2.3994256822457154,2.403698986692585,2.380551949419404,False
13.0,4,0.3,False,0.0,SL,12,worst_q95abs,A4,5.434708898602704,0.02053875649692653,2.4/8,A3,5.5181982970262995,2.4/8,0.0834893984235956,0.01085565626200314,paired jackknife (same cell),True,A4 < A3 < A1 < A2,5.950598916037082,7.033586749114264,5.5181982970262995,5.434708898602704,False
13.0,4,0.3,False,0.0,SL,12,mean_q95abs,A2,4.692964285016628,0.004942429154320044,mean of 12,A4,4.814267111872413,mean of 12,0.12130282685578475,0.008046813028028992,paired jackknife per scenario,True,A2 < A4 < A3 < A1,4.880468547004496,4.692964285016628,4.864541164144165,4.814267111872413,False
13.0,4,0.3,False,0.0,SL,12,worst_rmse_regret,A4,1.1180520687368531,0.009450869932616452,2.4/8,A3,1.158089941363777,2.4/8,0.04003787262692393,0.013465941921938469,independent (conservative),True,A4 < A3 < A1 < A2,1.2470140909276752,1.4130223456722946,1.158089941363777,1.1180520687368531,False
13.0,4,0.3,False,0.15,AP,12,worst_abs_bias,A1,2.3643633722423143,0.012674692838420105,20/40,A4,2.5626558336295133,2.4/8,0.19829246138719903,0.016730752154226602,independent cells,True,A1 < A4 < A3 < A2,2.3643633722423143,4.548987012955564,2.687606149821618,2.5626558336295133,False
13.0,4,0.3,False,0.15,AP,12,worst_rmse,A4,4.300477713137495,0.015919199313049966,2.4/8,A3,4.376685142120128,2.4/8,0.07620742898263355,0.003223553089256469,paired jackknife (same cell),True,A4 < A3 < A1 < A2,4.660794302355549,5.653386583163762,4.376685142120128,4.300477713137495,False
13.0,4,0.3,False,0.15,AP,12,worst_mae,A4,3.1291724975396007,0.009328705733693574,2.4/8,A3,3.195656410538575,2.4/8,0.06648391299897449,0.0022467983505737458,paired jackknife (same cell),True,A4 < A3 < A1 < A2,3.564555920351789,4.642800838515606,3.195656410538575,3.1291724975396007,False
13.0,4,0.3,False,0.15,AP,12,mean_rmse,A2,3.6858415833503977,0.002953289475904471,mean of 12,A4,3.7890057572800675,mean of 12,0.10316417392966981,0.004575206233121093,paired jackknife per scenario,True,A2 < A4 < A3 < A1,3.8981286261215256,3.6858415833503977,3.82986102995534,3.7890057572800675,False
13.0,4,0.3,False,0.15,AP,12,worst_q95abs,A4,8.797765766707384,0.04507002666138438,2.4/8,A3,8.950050939136924,2.4/8,0.15228517242953998,0.0211700032857604,paired jackknife (same cell),True,A4 < A3 < A1 < A2,9.311119738450646,10.671014116583141,8.950050939136924,8.797765766707384,False
13.0,4,0.3,False,0.15,AP,12,mean_q95abs,A2,7.199218086299296,0.008195324683076141,mean of 12,A4,7.7532728754021365,mean of 12,0.5540547891028407,0.012290876592805667,paired jackknife per scenario,True,A2 < A4 < A1 < A3,7.808724259513633,7.199218086299296,7.839986805657371,7.7532728754021365,False
13.0,4,0.3,False,0.15,AP,12,worst_rmse_regret,A4,1.9391523206419983,0.015919199313049966,2.4/8,A3,2.015359749624632,2.4/8,0.07620742898263355,0.02253118522249478,independent (conservative),True,A4 < A3 < A1 < A2,2.0349857732051664,2.05738268121629,2.015359749624632,1.9391523206419983,False
13.0,4,0.3,False,0.15,SL,12,worst_abs_bias,A1,1.420196951825691,0.008504259677998314,20/8,A4,1.8165363443078375,2.4/8,0.39633939248214656,0.011180111863966094,independent cells,True,A1 < A4 < A3 < A2,1.420196951825691,2.805531984767538,1.8805332669921475,1.8165363443078375,False
13.0,4,0.3,False,0.15,SL,12,worst_rmse,A4,2.9269435388677056,0.010631036810005205,2.4/8,A3,2.975643884045707,2.4/8,0.04870034517800148,0.0021460795423561183,paired jackknife (same cell),True,A4 < A3 < A1 < A2,3.048486019699214,3.635197983021213,2.975643884045707,2.9269435388677056,False
13.0,4,0.3,False,0.15,SL,12,worst_mae,A4,2.168049639484717,0.006218197412778609,2.4/8,A3,2.206344938039061,2.4/8,0.038295298554344104,0.0013424925273746477,paired jackknife (same cell),True,A4 < A3 < A1 < A2,2.3094718003779473,2.9068673408476804,2.206344938039061,2.168049639484717,False
13.0,4,0.3,False,0.15,SL,12,mean_rmse,A2,2.41243083888853,0.0020439213154699936,mean of 12,A4,2.5822758527280385,mean of 12,0.16984501383950867,0.0030786712243553098,paired jackknife per scenario,True,A2 < A4 < A1 < A3,2.6093270408963014,2.41243083888853,2.61097363214456,2.5822758527280385,False
13.0,4,0.3,False,0.15,SL,12,worst_q95abs,A4,5.884643744599964,0.027804799563071258,2.4/8,A3,5.986153839000595,2.4/8,0.10151009440063063,0.008232523451758332,paired jackknife (same cell),True,A4 < A3 < A1 < A2,6.132548929716261,6.992140747123184,5.986153839000595,5.884643744599964,False
13.0,4,0.3,False,0.15,SL,12,mean_q95abs,A2,4.759366844379851,0.005928722684634024,mean of 12,A4,5.223517620310809,mean of 12,0.46415077593095777,0.008261913974225798,paired jackknife per scenario,True,A2 < A4 < A1 < A3,5.229551493020865,4.759366844379851,5.282978593421766,5.223517620310809,False
13.0,4,0.3,False,0.15,SL,12,worst_rmse_regret,A2,1.2208945421528679,0.00947448201125327,20/40,A1,1.2807042763347138,20/8,0.059809734181845986,0.013347600286053043,independent cells,True,A2 < A1 < A4 < A3,1.2807042763347138,1.2208945421528679,1.356678439222818,1.3079780940448165,False
13.0,4,0.3,True,0.0,AP,12,worst_abs_bias,A1,2.134375237343061,0.012188435497966933,20/20,A4,2.476983815983049,2.4/8,0.3426085786399877,0.016067731540169605,independent cells,True,A1 < A4 < A3 < A2,2.134375237343061,4.180802019977247,3.0249663540440577,2.476983815983049,False
13.0,4,0.3,True,0.0,AP,12,worst_rmse,A4,4.13482078287452,0.015433447690650547,2.4/8,A1,4.425151358086805,20/40,0.2903305752122849,0.02095860227425726,independent cells,True,A4 < A1 < A3 < A2,4.425151358086805,5.3419545272263385,4.6856795509741005,4.13482078287452,False
13.0,4,0.3,True,0.0,AP,12,worst_mae,A4,2.9998601388329,0.008998701589986644,2.4/8,A1,3.3536664708199773,20/40,0.35380633198707745,0.012818982847608906,independent cells,True,A4 < A1 < A3 < A2,3.3536664708199773,4.334849205170561,3.402808938323171,2.9998601388329,False
13.0,4,0.3,True,0.0,AP,12,mean_rmse,A2,3.4476633305829623,0.0028799391977713824,mean of 12,A1,3.6629695061552674,mean of 12,0.21530617557230514,0.003810285476269776,paired jackknife per scenario,True,A2 < A1 < A4 < A3,3.6629695061552674,3.4476633305829623,4.046136736653138,3.66331894547595,False
13.0,4,0.3,True,0.0,AP,12,worst_q95abs,A4,8.428589025707725,0.03900978592824037,2.4/8,A1,8.843062090634099,20/8,0.4144730649263746,0.05800017916835419,independent cells,True,A4 < A1 < A3 < A2,8.843062090634099,10.194103272299726,9.563383410961352,8.428589025707725,False
13.0,4,0.3,True,0.0,AP,12,mean_q95abs,A2,6.7682230987832055,0.007842833100662165,mean of 12,A1,7.340580403040764,mean of 12,0.5723573042575589,0.010299331455043689,paired jackknife per scenario,True,A2 < A1 < A4 < A3,7.340580403040764,6.7682230987832055,8.26633277033661,7.462883963976441,False
13.0,4,0.3,True,0.0,AP,12,worst_rmse_regret,A2,1.797376143486825,0.01327949992334647,20/40,A4,1.8153934687402522,2.4/8,0.018017325253427252,0.02036016762785134,independent cells,False,A2 < A4 < A1 < A3,1.9733846797932864,1.797376143486825,2.3662522368398324,1.8153934687402522,False
13.0,4,0.3,True,0.0,SL,12,worst_abs_bias,A1,1.3741089588622575,0.008268029814113877,20/8,A4,1.716356764580724,2.4/8,0.3422478057184666,0.010851886076518652,independent cells,True,A1 < A4 < A3 < A2,1.3741089588622575,2.662474986447376,1.9947881888727006,1.716356764580724,False
13.0,4,0.3,True,0.0,SL,12,worst_rmse,A4,2.808227658377067,0.010143135135603,2.4/8,A1,2.9600715136475606,20/20,0.1518438552704935,0.013700665721039642,independent cells,True,A4 < A1 < A3 < A2,2.9600715136475606,3.491599543645026,3.115304743762212,2.808227658377067,False
13.0,4,0.3,True,0.0,SL,12,worst_mae,A4,2.0703498993302962,0.005999858226588121,2.4/8,A1,2.2379618398836008,20/20,0.16761194055330453,0.008575207040605687,independent cells,True,A4 < A1 < A3 < A2,2.2379618398836008,2.794204533279648,2.2815162506100326,2.0703498993302962,False
13.0,4,0.3,True,0.0,SL,12,mean_rmse,A2,2.3214476220147735,0.0019536152035645876,mean of 12,A1,2.4853784885568544,mean of 12,0.1639308665420809,0.0025647132030083056,paired jackknife per scenario,True,A2 < A1 < A4 < A3,2.4853784885568544,2.3214476220147735,2.7152455094740096,2.492179453169021,False
13.0,4,0.3,True,0.0,SL,12,worst_q95abs,A4,5.65098118641034,0.026248313891914513,2.4/8,A1,5.952516021460256,20/40,0.30153483504991563,0.035212920505216606,independent cells,True,A4 < A1 < A3 < A2,5.952516021460256,6.729890982769195,6.321495911381941,5.65098118641034,False
13.0,4,0.3,True,0.0,SL,12,mean_q95abs,A2,4.572166998545124,0.004839892755181813,mean of 12,A1,4.967200955548621,mean of 12,0.39503395700349664,0.007396642873657184,paired jackknife per scenario,True,A2 < A1 < A4 < A3,4.967200955548621,4.572166998545124,5.505286670646929,5.020082837223586,False
13.0,4,0.3,True,0.0,SL,12,worst_rmse_regret,A2,1.11972909424235,0.009000124430847252,20/40,A4,1.1879397471555058,2.4/8,0.06821065291315587,0.013560436207948388,independent cells,True,A2 < A4 < A1 < A3,1.2588667859541405,1.11972909424235,1.4950168325406505,1.1879397471555058,False
13.0,4,0.3,True,0.15,AP,12,worst_abs_bias,A1,2.260472609469514,0.012860731853875752,20/8,A4,2.625399970197136,2.4/8,0.3649273607276218,0.0171736046363136,independent cells,True,A1 < A4 < A3 < A2,2.260472609469514,4.2250898930654515,3.228571921479132,2.625399970197136,False
13.0,4,0.3,True,0.15,AP,12,worst_rmse,A4,4.4548875078895644,0.018607277753999625,2.4/8,A1,4.671422135000403,20/40,0.21653462711083815,0.02353220340770644,independent cells,True,A4 < A1 < A3 < A2,4.671422135000403,5.407140596177863,5.010941370359228,4.4548875078895644,False
13.0,4,0.3,True,0.15,AP,12,worst_mae,A4,3.2292420069568646,0.00970469625984512,2.4/8,A1,3.56455692502373,20/40,0.33531491806686553,0.013614081975410907,independent cells,True,A4 < A1 < A3 < A2,3.56455692502373,4.3768585395562765,3.646388587227266,3.2292420069568646,False
13.0,4,0.3,True,0.15,AP,12,mean_rmse,A2,3.557025542190773,0.0029652779282346177,mean of 12,A4,3.9233664193805224,mean of 12,0.3663408771897494,0.004776579193397538,paired jackknife per scenario,True,A2 < A4 < A1 < A3,3.9573870922864827,3.557025542190773,4.305176689811119,3.9233664193805224,False
13.0,4,0.3,True,0.15,AP,12,worst_q95abs,A4,9.00976297654679,0.040463873166565696,2.4/8,A1,9.370423644695833,20/40,0.36066066814904296,0.05228095153932778,independent cells,True,A4 < A1 < A3 < A2,9.370423644695833,10.348532300659366,10.15963242939331,9.00976297654679,False
13.0,4,0.3,True,0.15,AP,12,mean_q95abs,A2,6.999355031027012,0.008283273299313818,mean of 12,A1,7.9185129643741226,mean of 12,0.9191579333471109,0.0117039026362952,paired jackknife per scenario,True,A2 < A1 < A4 < A3,7.9185129643741226,6.999355031027012,8.802110921555792,7.9930316844037,False
13.0,4,0.3,True,0.15,AP,12,worst_rmse_regret,A2,1.6413482084856628,0.013426325015679513,20/40,A4,2.011038568862615,2.4/8,0.36969036037695213,0.022945522195869737,independent cells,True,A2 < A4 < A1 < A3,2.0807427042286286,1.6413482084856628,2.567092431332278,2.011038568862615,False
13.0,4,0.3,True,0.15,SL,12,worst_abs_bias,A1,1.3572033829254841,0.008704573209537754,20/8,A4,1.9027500431933737,2.4/8,0.5455466602678896,0.011480362866626,independent cells,True,A1 < A4 < A3 < A2,1.3572033829254841,2.5945821197395285,2.227505613743526,1.9027500431933737,False
13.0,4,0.3,True,0.15,SL,12,worst_rmse,A4,3.036991171646021,0.010763455951041253,2.4/8,A1,3.069020157810935,20/8,0.03202898616491412,0.01467453503545974,independent cells,True,A4 < A1 < A3 < A2,3.069020157810935,3.462309396377716,3.3731734316521718,3.036991171646021,False
13.0,4,0.3,True,0.15,SL,12,worst_mae,A4,2.260757100734226,0.006412748109409851,2.4/8,A1,2.3189002949754602,20/8,0.05814319424123404,0.0090299282382266,independent cells,True,A4 < A1 < A3 < A2,2.3189002949754602,2.738740386476057,2.4991404641727213,2.260757100734226,False
13.0,4,0.3,True,0.15,SL,12,mean_rmse,A2,2.339645398094889,0.002036948405605983,mean of 12,A1,2.646525010623899,mean of 12,0.3068796125290101,0.0027129394441379583,paired jackknife per scenario,True,A2 < A1 < A4 < A3,2.646525010623899,2.339645398094889,2.90892059983398,2.6722735929945736,False
13.0,4,0.3,True,0.15,SL,12,worst_q95abs,A4,6.10001416159261,0.02234401788957646,2.4/8,A1,6.1435758343534905,20/8,0.0435616727608803,0.03447863665401761,independent cells,False,A4 < A1 < A2 < A3,6.1435758343534905,6.758224559680168,6.779807023477151,6.10001416159261,False
13.0,4,0.3,True,0.15,SL,12,mean_q95abs,A2,4.644259176574007,0.005351963785053483,mean of 12,A1,5.2943666857459,mean of 12,0.6501075091718933,0.007197564865753333,paired jackknife per scenario,True,A2 < A1 < A4 < A3,5.2943666857459,4.644259176574007,5.892448344607437,5.389838739054906,False
13.0,4,0.3,True,0.15,SL,12,worst_rmse_regret,A2,0.9850715472123399,0.009215279133399498,20/40,A1,1.3199979791728682,20/8,0.3349264319605283,0.01357981457912435,independent cells,True,A2 < A1 < A4 < A3,1.3199979791728682,0.9850715472123399,1.7009241351462312,1.3647418751400804,False
