variant,view_accuracy_set,family,cell,seed_entropy,seed_spawn_key,n_patients,u_anchor,u_long,anchor_mean_pct,long_mean_pct,scenario,K,beat_cv,view_over,view_under,window,S_median_mm,rhythm,rr_cv_af,rule,rule_name,axis,bias_mm,bias_mm_mcse,sd_err_mm,sd_err_mm_mcse,rmse_mm,rmse_mm_mcse,mae_mm,mae_mm_mcse,q2.5_err_mm,q2.5_err_mm_mcse,q5_err_mm,q5_err_mm_mcse,q25_err_mm,q25_err_mm_mcse,q50_err_mm,q50_err_mm_mcse,q75_err_mm,q75_err_mm_mcse,q95_err_mm,q95_err_mm_mcse,q97.5_err_mm,q97.5_err_mm_mcse,q50_abs_mm,q50_abs_mm_mcse,q90_abs_mm,q90_abs_mm_mcse,q95_abs_mm,q95_abs_mm_mcse,ratio_q95abs_rmse,ratio_q95abs_rmse_mcse,p_abs_gt1mm,p_abs_gt1mm_mcse,count_abs_gt1mm,p_abs_gt2mm,p_abs_gt2mm_mcse,count_abs_gt2mm,p_abs_gt3mm,p_abs_gt3mm_mcse,count_abs_gt3mm,n
"base family (K 3, beat CV 15%, overestimation on, no window, median span 10 mm)",12 scenarios,repro_e1b,36,20260920,"1,36",100000,0.03,0.1,2.4,8.0,2.4/8,3,0.15,True,True,0.0,10.0,sinus,0.0,A1,Anchor-view mean,AP,0.00961447030776174,0.006039850257362481,1.9099683539619614,0.0052208967815344535,1.9099830029045628,0.006531631621384049,1.4444550213143614,0.003951708970544069,-3.5546231208044277,0.017281277692581778,-2.914870923246573,0.014701872013516585,-1.1825534613018904,0.007054378036532055,-0.06627934948543146,0.006030386814675289,1.0927395359973895,0.009418741549639231,3.182121609240115,0.021458920182342654,4.097638307007049,0.0225863624975294,1.1411771190013624,0.0042951494015058276,3.0385043124315283,0.007968826976458595,3.8022930467841616,0.012294759025040047,1.990747059529803,0.005913139221040416,0.55354,0.0015720479267503265,55354.0,0.25189,0.0013727396981948181,25189.0,0.1034,0.0009628522212676253,10340.0,100000
"base family (K 3, beat CV 15%, overestimation on, no window, median span 10 mm)",12 scenarios,repro_e1b,36,20260920,"1,36",100000,0.03,0.1,2.4,8.0,2.4/8,3,0.15,True,True,0.0,10.0,sinus,0.0,A1,Anchor-view mean,SL,0.008627228781083318,0.004533536772167652,1.4336302056177632,0.004267566684458036,1.4336489955984368,0.004307061379531502,1.1029239151416275,0.0028964058230085132,-2.684866599566065,0.013638726292386548,-2.2231896719325324,0.009051644309301866,-0.9118688579692558,0.005180364261048064,-0.035167126885504274,0.0059776083988886276,0.8708570078793207,0.004401337005281178,2.3693730462015807,0.011973925444049427,2.9616407891339938,0.01939838467301457,0.8925388621335677,0.0036971446611009894,2.2903508886258033,0.005463711445173327,2.8191287040707147,0.0143783711341669,1.966400920117792,0.006989451754893718,0.45232,0.0015739333454755954,45232.0,0.14591,0.0011163345013928396,14591.0,0.03913,0.0006131789551183243,3913.0,100000
"base family (K 3, beat CV 15%, overestimation on, no window, median span 10 mm)",12 scenarios,repro_e1b,36,20260920,"1,36",100000,0.03,0.1,2.4,8.0,2.4/8,3,0.15,True,True,0.0,10.0,sinus,0.0,A2,Mean across views,AP,-0.2750493415395879,0.005217798391316469,1.650012728812258,0.005720965122589577,1.672772226008007,0.00501265808558303,1.2792809824303144,0.0034082527844673657,-3.4986287167938848,0.013955718684777714,-2.8746466947243183,0.01238261032227722,-1.2934322992190657,0.00566680261881973,-0.30212221793418004,0.005066304508356579,0.6937568801079359,0.007736247361938902,2.428881145401238,0.013470088024418845,3.127461624403824,0.021209746063107153,1.021511234052129,0.003825698678419039,2.685874649565532,0.009855787129641367,3.3494140781900836,0.015226231864259728,2.002313301305405,0.0058688041764773085,0.50878,0.0015808950363638947,50878.0,0.20319,0.0012724143346410398,20319.0,0.07242,0.000819605658838444,7242.0,100000
"base family (K 3, beat CV 15%, overestimation on, no window, median span 10 mm)",12 scenarios,repro_e1b,36,20260920,"1,36",100000,0.03,0.1,2.4,8.0,2.4/8,3,0.15,True,True,0.0,10.0,sinus,0.0,A2,Mean across views,SL,-0.17684728982518494,0.0039056522975088885,1.2350757008797664,0.0038591769085752317,1.2476665005931233,0.003524872490641927,0.9665621369077015,0.002494865841191211,-2.574114540399736,0.018090762467657704,-2.150283234873208,0.009007657888391762,-0.9627122751809243,0.005306331380873771,-0.19103126052662533,0.004004925277575091,0.5857585503885586,0.005898056551556527,1.8320248334399423,0.007442639420372485,2.303197062821504,0.012680789548599814,0.7870296216803778,0.003175250017014973,2.014834983547212,0.007080494061195179,2.4635007974346244,0.009214340095040165,1.9744866086117647,0.004248743229694289,0.39445,0.0015455070284537695,39445.0,0.10244,0.0009588850108328944,10244.0,0.02147,0.000458356183551613,2147.0,100000
"base family (K 3, beat CV 15%, overestimation on, no window, median span 10 mm)",12 scenarios,repro_e1b,36,20260920,"1,36",100000,0.03,0.1,2.4,8.0,2.4/8,3,0.15,True,True,0.0,10.0,sinus,0.0,A3,Largest view mean,AP,0.9197770079649943,0.006349697209956212,2.007950563587802,0.00847786428192446,2.208577571999442,0.009241889320734345,1.6019486808966426,0.0048079085175331375,-2.4635211142012516,0.012918891505104725,-1.898519016715711,0.01206131866727285,-0.33878312724806703,0.006589012054823508,0.7342447935194487,0.006077620785400231,1.9267623231905797,0.006142128632760462,4.373679896078969,0.028786076614508736,5.462764228765683,0.033278512641126,1.2032227763822214,0.004434808424363264,3.4343905470731273,0.014501775342275747,4.440555459712583,0.028190962303648988,2.010595197565334,0.007807471804642538,0.57234,0.0015645028743981266,57234.0,0.28279,0.0014241482222718252,28279.0,0.13584,0.0010834550955161916,13584.0,100000
"base family (K 3, beat CV 15%, overestimation on, no window, median span 10 mm)",12 scenarios,repro_e1b,36,20260920,"1,36",100000,0.03,0.1,2.4,8.0,2.4/8,3,0.15,True,True,0.0,10.0,sinus,0.0,A3,Largest view mean,SL,0.685049626941148,0.004579170014256012,1.4480607038194706,0.00589387192854756,1.6019212916121461,0.006216486935467756,1.195738408765118,0.003371012972464881,-1.8601633873187866,0.01693764367109662,-1.4452820749414679,0.005984168665899808,-0.24223613722215864,0.005415515312033452,0.5855950364856253,0.004721579527788906,1.4833751529596313,0.005074028463262457,3.120649482457006,0.01455619795547648,3.8617863314233745,0.0218171951033252,0.9356698266054098,0.0041794928124175715,2.511281426314652,0.008261621586767891,3.1695032452711565,0.01470068073465481,1.9785636546983045,0.006771498201719898,0.47157,0.0015785808028099162,47157.0,0.17211,0.0011936839946149903,17211.0,0.05929,0.0007468245838213952,5929.0,100000
"base family (K 3, beat CV 15%, overestimation on, no window, median span 10 mm)",12 scenarios,repro_e1b,36,20260920,"1,36",100000,0.03,0.1,2.4,8.0,2.4/8,3,0.15,True,True,0.0,10.0,sinus,0.0,A4,Largest view mean after review,AP,0.762640753204349,0.005912899852230857,1.8698231109522552,0.005788774389386295,2.019362380137504,0.00760574054330737,1.5034003429030016,0.004263367222717059,-2.5848225080825618,0.01567555378548687,-2.0019453730518624,0.014118381898507795,-0.4139451923874513,0.007724921967516619,0.6425032234637409,0.006640224412019815,1.7815137608352254,0.006762047726549544,3.9316921601006825,0.016585930245856414,4.851123240977614,0.02720636673002978,1.164194413626432,0.005066439359454007,3.196734463911087,0.011689807278684197,4.036361585267471,0.013245398120807642,1.99882974198649,0.005551902271410806,0.56021,0.0015696329376640897,56021.0,0.26452,0.0013948088385151564,26452.0,0.11718,0.001017098066068361,11718.0,100000
"base family (K 3, beat CV 15%, overestimation on, no window, median span 10 mm)",12 scenarios,repro_e1b,36,20260920,"1,36",100000,0.03,0.1,2.4,8.0,2.4/8,3,0.15,True,True,0.0,10.0,sinus,0.0,A4,Largest view mean after review,SL,0.6248478046267342,0.004386330444780525,1.3870794775645887,0.004764094611337464,1.5213168690752532,0.005491054151309073,1.155168979305792,0.003130494282660486,-1.9001687627824726,0.015024834359859983,-1.4790763913413278,0.010132051886564023,-0.26907950960844784,0.004907859257113577,0.5527117890319038,0.004676919428520648,1.4290316825834266,0.004895875481849287,2.944193611003917,0.010139591905516894,3.5698453088176905,0.019835909817101323,0.9193326152749561,0.003452462404642321,2.4199530749993827,0.00860268482774408,3.0076636224779536,0.010263639790145065,1.9770132597728902,0.006436701269453693,0.46428,0.0015770988605664515,46428.0,0.16212,0.0011654917657366781,16212.0,0.05041,0.0006918730512167677,5041.0,100000
"base family (K 3, beat CV 15%, overestimation on, no window, median span 10 mm)",12 scenarios,repro_e1b,108,20260920,"1,108",100000,0.03,0.25,2.4,20.0,2.4/20,3,0.15,True,True,0.0,10.0,sinus,0.0,A1,Anchor-view mean,AP,0.004896329164395543,0.006010181892337514,1.9005863931687437,0.005984116872491529,1.9005831972452774,0.006158241093203796,1.4362799639090482,0.003936155291960654,-3.5629522741863835,0.02015606643614938,-2.9057292417385305,0.01356516277167774,-1.1727323343948317,0.0067189539259846,-0.06830992909697775,0.005612387917780461,1.0930651742143267,0.007180969981384594,3.138281593180855,0.011495399689954998,4.026788907206014,0.02924499156507194,1.1334717116848099,0.0036778020444675997,3.015579665004138,0.007652006988423045,3.7853710594222423,0.011912533073402655,1.9916892167145293,0.00426788533642617,0.55041,0.0015730824260031641,55041.0,0.24926,0.0013679526760820347,24926.0,0.10144,0.0009547247058707553,10144.0,100000
"base family (K 3, beat CV 15%, overestimation on, no window, median span 10 mm)",12 scenarios,repro_e1b,108,20260920,"1,108",100000,0.03,0.25,2.4,20.0,2.4/20,3,0.15,True,True,0.0,10.0,sinus,0.0,A1,Anchor-view mean,SL,0.009007702170718735,0.004506281164862804,1.4250112258083187,0.004453107983082908,1.4250325700867987,0.004303902078149944,1.0975826997993925,0.00287408820896697,-2.688580152240235,0.010167681826873644,-2.2224907483937937,0.00892655940667553,-0.9048976158014477,0.005240455354165127,-0.03691998412778741,0.0049079783143474364,0.8789179208004114,0.006260195122161782,2.344658084276136,0.01073922165085645,2.9367216481132825,0.018811715637141915,0.8923223682857817,0.003985957282949837,2.279346408780617,0.007349699322255995,2.807072371004524,0.010706453615917303,1.969830325234984,0.005351892031117105,0.45051,0.0015733745259791136,45051.0,0.14282,0.0011064467795605898,14282.0,0.03895,0.0006118243007596217,3895.0,100000
"base family (K 3, beat CV 15%, overestimation on, no window, median span 10 mm)",12 scenarios,repro_e1b,108,20260920,"1,108",100000,0.03,0.25,2.4,20.0,2.4/20,3,0.15,True,True,0.0,10.0,sinus,0.0,A2,Mean across views,AP,-1.1582414482249794,0.005737709512973871,1.8144230613412866,0.006226457315798603,2.1525848128710114,0.0061649242629956665,1.657048119036042,0.004344918625382879,-5.01767427901895,0.021834590730709688,-4.205434667680339,0.016173803171234548,-2.2012877137626226,0.007145383144054991,-1.074117443079189,0.004657147381993127,-0.023166112947706985,0.006785529731316602,1.5833843817333997,0.011021574904274469,2.2143080376108335,0.019486480284531794,1.338739825567639,0.0033218179606477106,3.457585114830683,0.015505810318274891,4.286747207107363,0.017681124283430463,1.991441722284527,0.0052823980767181065,0.61306,0.0015401864705288121,61306.0,0.31942,0.0014744180668996157,31942.0,0.14665,0.0011186767964877075,14665.0,100000
"base family (K 3, beat CV 15%, overestimation on, no window, median span 10 mm)",12 scenarios,repro_e1b,108,20260920,"1,108",100000,0.03,0.25,2.4,20.0,2.4/20,3,0.15,True,True,0.0,10.0,sinus,0.0,A2,Mean across views,SL,-0.7388272123064263,0.004221433117214675,1.3349343640462932,0.004052251643000817,1.525744928046167,0.004196974103752296,1.1806912847688706,0.003055936868260828,-3.5291770953258057,0.018540068102141587,-2.965663699195672,0.012123012874696245,-1.5385698494979931,0.00567406072837729,-0.6891316202599485,0.004388876716223983,0.121418331320442,0.00559123757355666,1.32522883527196,0.007636964111230984,1.766808460649486,0.01019721544957024,0.9600991799197913,0.003636088528984447,2.4616046985684585,0.008155451405299073,3.026632558452027,0.008890791714582983,1.9837080909243863,0.0036650430949069315,0.48273,0.0015801953901337644,48273.0,0.17346,0.001197378922480265,17346.0,0.05169,0.00070012958729081,5169.0,100000
"base family (K 3, beat CV 15%, overestimation on, no window, median span 10 mm)",12 scenarios,repro_e1b,108,20260920,"1,108",100000,0.03,0.25,2.4,20.0,2.4/20,3,0.15,True,True,0.0,10.0,sinus,0.0,A3,Largest view mean,AP,0.5466747792374969,0.0061687585893138545,1.9507327477959011,0.006665799296149786,2.02587598682525,0.007564987818257787,1.490750729181735,0.004338034803900568,-2.9140364668976324,0.010941333106782754,-2.3140947821493523,0.009850404093113167,-0.6675563356906591,0.00492439225772928,0.41627832453305524,0.0063847100449831405,1.5887064778368338,0.008152419592780251,3.8360681657460796,0.018444698871966397,4.83827827061948,0.03490817947955148,1.1403334083909424,0.004018071631424188,3.1542878580871427,0.011347288061661165,4.034681906968536,0.014755739008600574,1.9915739824189758,0.005855107576521869,0.55149,0.0015727325897939549,55149.0,0.25909,0.0013855048606915819,25909.0,0.11392,0.0010047001224245968,11392.0,100000
"base family (K 3, beat CV 15%, overestimation on, no window, median span 10 mm)",12 scenarios,repro_e1b,108,20260920,"1,108",100000,0.03,0.25,2.4,20.0,2.4/20,3,0.15,True,True,0.0,10.0,sinus,0.0,A3,Largest view mean,SL,0.4254109473789952,0.004508681137959133,1.4257701639390716,0.004612768567986393,1.4878759042081224,0.005114204369072759,1.1227049393165467,0.0030875845878873577,-2.1585369877595544,0.014401206042571458,-1.7361812631654043,0.009023803516051941,-0.48702481474936854,0.005343870851639998,0.3591032205882918,0.004017519180222527,1.2433067551184045,0.005638958496409074,2.7935077208531527,0.008799536589290597,3.456231424955682,0.01870933001071496,0.8899345439753565,0.0030930127843366026,2.347857324727587,0.008723030749225459,2.9346147372323927,0.007481794055018301,1.9723518130325888,0.0049630039745410795,0.45031,0.001573311488231113,45031.0,0.15049,0.0011306757267227417,15049.0,0.04668,0.0006670905305878655,4668.0,100000
"base family (K 3, beat CV 15%, overestimation on, no window, median span 10 mm)",12 scenarios,repro_e1b,108,20260920,"1,108",100000,0.03,0.25,2.4,20.0,2.4/20,3,0.15,True,True,0.0,10.0,sinus,0.0,A4,Largest view mean after review,AP,0.4557504081050999,0.005934780506972567,1.876742381520212,0.006011129423645937,1.9312781206916978,0.006691979701691939,1.4421748204832372,0.004061998850887654,-2.991792737721421,0.015723366705658888,-2.369023435801461,0.012684631633673536,-0.713430965463342,0.00665552101050093,0.3617906979777836,0.006824211082544594,1.4969201960195266,0.006902831945584234,3.58930575110644,0.013499763602728377,4.462660897642738,0.01556789009075491,1.121265656919186,0.004681159786432361,3.0432750738096126,0.00607084055429235,3.8484090281254586,0.013106992656829209,1.9926746887947604,0.005635643658951438,0.54538,0.0015746131448708283,54538.0,0.24945,0.0013683007618941092,24945.0,0.10417,0.0009660155852780016,10417.0,100000
"base family (K 3, beat CV 15%, overestimation on, no window, median span 10 mm)",12 scenarios,repro_e1b,108,20260920,"1,108",100000,0.03,0.25,2.4,20.0,2.4/20,3,0.15,True,True,0.0,10.0,sinus,0.0,A4,Largest view mean after review,SL,0.39000768101162525,0.004397728240433359,1.3906837770214007,0.004317474662007532,1.4443296088168027,0.004495507130704618,1.1024997862658077,0.002950577818153941,-2.188048839733201,0.0137475710162037,-1.7580181021347088,0.00772928863763349,-0.5031487376090202,0.005955606090873481,0.33949160788655064,0.006055257340600588,1.2147677266099584,0.006111305324044874,2.690747222390557,0.006971181185974013,3.2940435104043835,0.013936470922739539,0.8834671126116209,0.003698962291097674,2.30481169145971,0.007390593645328586,2.85642628089955,0.011243867171998611,1.9776831157255992,0.005747526766570104,0.4468,0.0015721633502915656,44680.0,0.1453,0.0011143962939636869,14530.0,0.0423,0.0006364802432126231,4230.0,100000
"base family (K 3, beat CV 15%, overestimation on, no window, median span 10 mm)",12 scenarios,repro_e1b,180,20260920,"1,180",100000,0.03,0.5,2.4,40.0,2.4/40,3,0.15,True,True,0.0,10.0,sinus,0.0,A1,Anchor-view mean,AP,0.016155792990598383,0.006027636584871373,1.9061060515952368,0.007248705014161799,1.9061649868708477,0.0072835962879634975,1.4367439176087742,0.00396137294995331,-3.5182589381746143,0.018457011869861387,-2.8760670606181744,0.01146579742009316,-1.17454023161524,0.007035482465207703,-0.06732788242813692,0.005005829291945261,1.0992693200347108,0.006003940879274599,3.17163223392764,0.02348445581334163,4.057558441217052,0.03876716725041062,1.1385779856149285,0.004680419710208988,3.0080905272820053,0.010723737043318679,3.766494560246609,0.014805170802994544,1.9759541205452893,0.007352928674686728,0.55205,0.0015725482425032308,55205.0,0.24932,0.0013680626359929577,24932.0,0.10069,0.0009515856445953775,10069.0,100000
"base family (K 3, beat CV 15%, overestimation on, no window, median span 10 mm)",12 scenarios,repro_e1b,180,20260920,"1,180",100000,0.03,0.5,2.4,40.0,2.4/40,3,0.15,True,True,0.0,10.0,sinus,0.0,A1,Anchor-view mean,SL,0.007650787347416748,0.004507095927919006,1.4252688765094148,0.003959615471215613,1.4252822846649507,0.00418800314902616,1.0993821989134147,0.0028684431311393347,-2.6889192654213105,0.01387621809849592,-2.227761979216732,0.010454505090705921,-0.9092064367040805,0.004130878320252771,-0.030972092899436365,0.006041500818289296,0.8757597347472208,0.006703801087642847,2.3533284000003505,0.012592222280091665,2.941974420507208,0.015455296272511998,0.8939271536345077,0.002909430704846699,2.2855075313393356,0.008007559941635009,2.808557637950697,0.00877827222269862,1.970527290045509,0.004788774767989474,0.45099,0.0015735247691091487,45099.0,0.14448,0.0011117802372771339,14448.0,0.03918,0.0006135546234851466,3918.0,100000
"base family (K 3, beat CV 15%, overestimation on, no window, median span 10 mm)",12 scenarios,repro_e1b,180,20260920,"1,180",100000,0.03,0.5,2.4,40.0,2.4/40,3,0.15,True,True,0.0,10.0,sinus,0.0,A2,Mean across views,AP,-2.500462572699595,0.007364200598392937,2.32876470372966,0.006877580427156324,3.4169290146794262,0.009021023272255298,2.7040555781252777,0.006605702806724851,-7.875854372030546,0.040043586621720875,-6.644474491148825,0.017299084911649547,-3.7374336029040074,0.012302599250577652,-2.245523377156986,0.008911691355791437,-0.9643073490419464,0.007837013094739017,0.7520994228508372,0.01402338093535599,1.3485790056089142,0.011559836666071181,2.289824010435329,0.0074876755891632426,5.438772698269701,0.016680588144233722,6.647583296381858,0.01364018615101533,1.945484751899515,0.0035268743364203527,0.78155,0.0013066353642083933,78155.0,0.55905,0.0015700735571940571,55905.0,0.36364,0.0015212033079112077,36364.0,100000
"base family (K 3, beat CV 15%, overestimation on, no window, median span 10 mm)",12 scenarios,repro_e1b,180,20260920,"1,180",100000,0.03,0.5,2.4,40.0,2.4/40,3,0.15,True,True,0.0,10.0,sinus,0.0,A2,Mean across views,SL,-1.601754544330666,0.005232374329036279,1.654622045034994,0.0050042832949615465,2.3029034618191457,0.0063810044645105975,1.8013678906792043,0.004537023982166256,-5.343768744853696,0.02499681112799242,-4.510274888234343,0.012715982788598038,-2.5130029659225936,0.007581962866459388,-1.442466325665076,0.005157520493708571,-0.5036607963153378,0.005691184853240931,0.7582279666165601,0.008654267921679412,1.190652418657717,0.010312333246442968,1.4951113574902437,0.0059845643541368496,3.6786928368137914,0.014264125019190504,4.513243899308176,0.016304338706001908,1.959805946769042,0.0055464034201043715,0.65598,0.001502232470691537,65598.0,0.36428,0.0015217755471816467,36428.0,0.17241,0.0011945073959586858,17241.0,100000
"base family (K 3, beat CV 15%, overestimation on, no window, median span 10 mm)",12 scenarios,repro_e1b,180,20260920,"1,180",100000,0.03,0.5,2.4,40.0,2.4/40,3,0.15,True,True,0.0,10.0,sinus,0.0,A3,Largest view mean,AP,0.3242900756709765,0.006166799216779086,1.9501131397964362,0.007552810246310209,1.976883224111334,0.008417438634232144,1.4627775388946342,0.004205195402292919,-3.184368481888499,0.019119386169402428,-2.5651047026038185,0.014360780465867272,-0.8878129466105402,0.0072116323073381505,0.20763313247378212,0.007020824976478309,1.3852834279496737,0.006846295350957649,3.5659134897385045,0.023560202123980627,4.527933236938728,0.027343099230430573,1.1355776727357845,0.005390660571187917,3.084472381798972,0.00948994013925777,3.8978938738322886,0.01261961049165681,1.971737038531704,0.007864634088107213,0.55042,0.001573079221145585,55042.0,0.25212,0.0013731551463691202,25212.0,0.10708,0.0009778234687304248,10708.0,100000
"base family (K 3, beat CV 15%, overestimation on, no window, median span 10 mm)",12 scenarios,repro_e1b,180,20260920,"1,180",100000,0.03,0.5,2.4,40.0,2.4/40,3,0.15,True,True,0.0,10.0,sinus,0.0,A3,Largest view mean,SL,0.2533197981384026,0.0045078973721952315,1.4255223154424723,0.0042965196222680465,1.4478482209177281,0.004540798842240654,1.1035637252132287,0.002963815715276047,-2.395189861330936,0.016078016278110927,-1.950484887031002,0.01132339161271576,-0.661414450034612,0.005884202562990223,0.20473186100570073,0.005033804817806299,1.0949892114730475,0.006257012795255381,2.6152695119213227,0.01228289806857291,3.2444954713193734,0.016935150711746907,0.8848082267940907,0.0030341639779315234,2.2975487696557795,0.006680282785886747,2.863156152862497,0.009964486302512161,1.9775250689244668,0.0047859704464552,0.44613,0.0015719351866409761,44613.0,0.14539,0.0011146826808558568,14539.0,0.04254,0.000638203324967835,4254.0,100000
"base family (K 3, beat CV 15%, overestimation on, no window, median span 10 mm)",12 scenarios,repro_e1b,180,20260920,"1,180",100000,0.03,0.5,2.4,40.0,2.4/40,3,0.15,True,True,0.0,10.0,sinus,0.0,A4,Largest view mean after review,AP,0.27030295051623654,0.006004477419493505,1.898782480464979,0.007125107459386186,1.9179161971862693,0.00765874353668109,1.4348359070543593,0.004024505753385741,-3.2188963178303203,0.015623286063334955,-2.5997399600473083,0.018481031806846248,-0.9129377516852777,0.007560829384109745,0.17686767016088645,0.005906904292376882,1.3366686190237438,0.0074814755120031105,3.411474232055169,0.025382038110827298,4.321769148324589,0.03383992522183576,1.1251492021006824,0.0038954931435773938,3.022704710876185,0.010215951853981466,3.7947401212253986,0.012102504305795805,1.978574521030989,0.007158248928238089,0.547,0.0015741378592740852,54700.0,0.24686,0.0013635253587667522,24686.0,0.10192,0.0009567252144686059,10192.0,100000
"base family (K 3, beat CV 15%, overestimation on, no window, median span 10 mm)",12 scenarios,repro_e1b,180,20260920,"1,180",100000,0.03,0.5,2.4,40.0,2.4/40,3,0.15,True,True,0.0,10.0,sinus,0.0,A4,Largest view mean after review,SL,0.23488576251401933,0.00445150264556378,1.4076887370246782,0.0041745931887012255,1.427143680889252,0.004331372918987383,1.0935491341968862,0.002899823763571199,-2.408367217679099,0.017552863226413584,-1.9623329518491932,0.010839630547732888,-0.6698859548251598,0.0052338646664614585,0.1940201482662003,0.005357613692758483,1.0799779420871676,0.007278646713491362,2.5605832524477963,0.015709869588500937,3.155246656053703,0.021631283832320228,0.8810817121733439,0.0027870579347524585,2.2770485408892074,0.009006195025564313,2.8261390845392675,0.012912357288785222,1.980276493799351,0.005939984367613778,0.4444,0.0015713326827887213,44440.0,0.14277,0.001106285347909842,14277.0,0.04017,0.0006209377674131281,4017.0,100000
"base family (K 3, beat CV 15%, overestimation on, no window, median span 10 mm)",12 scenarios,repro_e1b,252,20260920,"1,252",100000,0.06,0.1,4.8,8.0,4.8/8,3,0.15,True,True,0.0,10.0,sinus,0.0,A1,Anchor-view mean,AP,-0.2485066081735715,0.006053159295934839,1.9141770414975299,0.005247743823307267,1.9302312399722235,0.006418913908853411,1.4695024773952876,0.003957740229476339,-3.9032179857803455,0.01133864804302171,-3.223238595131868,0.008102728231395608,-1.4307493328897058,0.00796035050132636,-0.30135658334749404,0.006041686340967517,0.8625461653146842,0.008572701369926376,2.8765382585673605,0.013606104212542377,3.732293440452879,0.02009611548631135,1.1709094987732493,0.0050778960614271,3.0800443784277056,0.008195397060354978,3.828506980231817,0.014707275346082906,1.9834447298070412,0.006984248506696218,0.56319,0.001568461105351357,56319.0,0.2616,0.0013898397029873625,26160.0,0.10744,0.0009792683309491838,10744.0,100000
"base family (K 3, beat CV 15%, overestimation on, no window, median span 10 mm)",12 scenarios,repro_e1b,252,20260920,"1,252",100000,0.06,0.1,4.8,8.0,4.8/8,3,0.15,True,True,0.0,10.0,sinus,0.0,A1,Anchor-view mean,SL,-0.1584242258010651,0.00452684699529633,1.4315147124225938,0.003740961444149953,1.4402472408789018,0.004111119038098254,1.1148797760745446,0.002883337499139489,-2.9059620205384094,0.010773027856106785,-2.4263690936205147,0.008088144385773951,-1.077226036177016,0.0051127302034198584,-0.18246713023716232,0.004849724978176526,0.714942674925086,0.006286127403284318,2.1739132343702856,0.013518450303479921,2.7389333971965786,0.010041137438524163,0.9088481542367721,0.004195553593047331,2.3149766875697106,0.0037365628581651584,2.8386687096711634,0.009547723612313496,1.970959311082508,0.0055955133434854925,0.45893,0.0015757958468659574,45893.0,0.14901,0.0011260817905463173,14901.0,0.04048,0.0006232284460773594,4048.0,100000
"base family (K 3, beat CV 15%, overestimation on, no window, median span 10 mm)",12 scenarios,repro_e1b,252,20260920,"1,252",100000,0.06,0.1,4.8,8.0,4.8/8,3,0.15,True,True,0.0,10.0,sinus,0.0,A2,Mean across views,AP,-0.361264682598026,0.00519629229618016,1.6432119043915574,0.004539341687130146,1.6824477799245818,0.004852913265339955,1.292952441701981,0.0034042856884096656,-3.580010412710299,0.026569073440729524,-2.962650472197388,0.015020932743962993,-1.3727674356621724,0.006974513558488517,-0.3835611684391602,0.005766293425160856,0.6185116384424925,0.006623895178728978,2.307762428903824,0.012245025979523207,2.989975592924963,0.01838665897636033,1.0428696741239132,0.003961571482318472,2.707021317796233,0.0073746800475154315,3.3435323537872086,0.015115116036584135,1.9873023066053719,0.007353907617186567,0.51711,0.0015802127954804063,51711.0,0.20802,0.0012835407262724468,20802.0,0.07281,0.0008216368047988113,7281.0,100000
"base family (K 3, beat CV 15%, overestimation on, no window, median span 10 mm)",12 scenarios,repro_e1b,252,20260920,"1,252",100000,0.06,0.1,4.8,8.0,4.8/8,3,0.15,True,True,0.0,10.0,sinus,0.0,A2,Mean across views,SL,-0.23320588561244426,0.0038961645638797265,1.2320754160696537,0.002917528315583282,1.2539456271582057,0.0034374914621343863,0.9747666521595865,0.002494425448605542,-2.6520221562117325,0.014069284395637188,-2.196971059023531,0.011283840449145283,-1.0156357474459015,0.005631880257711779,-0.24027048620887026,0.004507079329392514,0.5382921409694101,0.0031134883557552935,1.771593157754306,0.009741619740557648,2.2234419366869065,0.015172008656028257,0.796111797447483,0.002438177936268672,2.024361783668011,0.005858187711640407,2.470205482612945,0.010055008133880024,1.969946247359327,0.0056835335751463795,0.39934,0.0015487658454395228,39934.0,0.10366,0.0009639222188537828,10366.0,0.02175,0.0004612693085389489,2175.0,100000
"base family (K 3, beat CV 15%, overestimation on, no window, median span 10 mm)",12 scenarios,repro_e1b,252,20260920,"1,252",100000,0.06,0.1,4.8,8.0,4.8/8,3,0.15,True,True,0.0,10.0,sinus,0.0,A3,Largest view mean,AP,0.821609259082777,0.006315971006186061,1.9972854015133383,0.00814867091344777,2.1596645244618653,0.00878229212984003,1.5719985776846999,0.004682940593162564,-2.572383869860778,0.020194906869913463,-2.011461800948033,0.013605363623931962,-0.4363711521588036,0.005158783397156465,0.6414565486576835,0.006580217663004874,1.8491372273103557,0.009079054963593696,4.237964323143366,0.020482372342683946,5.35689027731276,0.030636880475063747,1.1882852231147,0.00479886843373242,3.357129876093924,0.014127060538257246,4.321562237662077,0.019344844127106395,2.0010340442754195,0.006840396128795049,0.56695,0.0015669004355733647,56695.0,0.27694,0.0014150768049826837,27694.0,0.12982,0.0010628582577183092,12982.0,100000
"base family (K 3, beat CV 15%, overestimation on, no window, median span 10 mm)",12 scenarios,repro_e1b,252,20260920,"1,252",100000,0.06,0.1,4.8,8.0,4.8/8,3,0.15,True,True,0.0,10.0,sinus,0.0,A3,Largest view mean,SL,0.621573360025439,0.004539046200775322,1.435372439918396,0.0041491988454352615,1.5641697095360816,0.005390423308846652,1.1737371769563751,0.0032695238329866374,-1.9311992858290679,0.011654304482709968,-1.494677054476599,0.0056442999741387195,-0.30161727716158127,0.00591993620849182,0.5326856619019344,0.004907617839981817,1.4278971206806501,0.006369160509280252,3.0281243995834317,0.012521606121838042,3.72213694202436,0.013529689380271053,0.9219349197852789,0.0044372867359812815,2.471392569372222,0.011343736463774682,3.1000789874009427,0.01375810695293964,1.9819326307759775,0.00712134992254311,0.4652,0.0015773045362262798,46520.0,0.16675,0.0011787469512155695,16675.0,0.0557,0.0007252414080842324,5570.0,100000
"base family (K 3, beat CV 15%, overestimation on, no window, median span 10 mm)",12 scenarios,repro_e1b,252,20260920,"1,252",100000,0.06,0.1,4.8,8.0,4.8/8,3,0.15,True,True,0.0,10.0,sinus,0.0,A4,Largest view mean after review,AP,0.6422000197978917,0.005895031230632051,1.8641725566622644,0.006501110845487262,1.971680865416086,0.007434899935875396,1.469883557881281,0.004155700941079019,-2.7327610495312293,0.018136782309850906,-2.135278039933377,0.013253065152949899,-0.530825207942144,0.006018147705009391,0.5330909709392415,0.007358384580116533,1.6762697252674386,0.00700438942477594,3.75910415812343,0.017104678861667364,4.673878399921861,0.02337328097489884,1.1440596687800628,0.004342330551704282,3.1116966015916425,0.00976577730486642,3.937331558950087,0.015697115720060283,1.9969416085595513,0.006034433671036083,0.55319,0.0015721667338421837,55319.0,0.25601,0.0013801046333521238,25601.0,0.1097,0.000988260643757506,10970.0,100000
"base family (K 3, beat CV 15%, overestimation on, no window, median span 10 mm)",12 scenarios,repro_e1b,252,20260920,"1,252",100000,0.06,0.1,4.8,8.0,4.8/8,3,0.15,True,True,0.0,10.0,sinus,0.0,A4,Largest view mean after review,SL,0.5540985150451804,0.004351104112768039,1.375939933287313,0.0034129825141196767,1.4833128234741884,0.0045044179616590815,1.1329253162281587,0.003027715850596894,-1.9846592830549703,0.008138620545925805,-1.5389555141705595,0.007933756166009298,-0.33520128447369757,0.006338490818265964,0.49384673768449816,0.0039935959908412675,1.3695540346415753,0.0059778994454324705,2.8545363254695633,0.006016574403363261,3.4472115105734433,0.012758482057398969,0.9041940382891793,0.0031708710730782392,2.3780268637660016,0.008682742032287,2.944848898815776,0.007177045493315048,1.9853188432082751,0.003988637638716275,0.45739,0.0015753868981935835,45739.0,0.15586,0.0011470294695429583,15586.0,0.04685,0.0006682445473028568,4685.0,100000
"base family (K 3, beat CV 15%, overestimation on, no window, median span 10 mm)",12 scenarios,repro_e1b,324,20260920,"1,324",100000,0.06,0.25,4.8,20.0,4.8/20,3,0.15,True,True,0.0,10.0,sinus,0.0,A1,Anchor-view mean,AP,-0.2557310402631477,0.006067917468190075,1.9188439853402948,0.008414775118611826,1.9358005541398877,0.00654554088087577,1.4718860526927868,0.003976042054867081,-3.89987202783957,0.0181156181994183,-3.236402624193816,0.011652220435585265,-1.4324361489159518,0.007080392584534274,-0.31401912773696816,0.00567739671178216,0.848239550095883,0.008416300521566342,2.8847029231448778,0.01497723312427049,3.754531126043997,0.024500383455110717,1.1674206257363433,0.003620880294156711,3.096006931626568,0.012418364872921951,3.844037526841344,0.014178563007590655,1.9857611460129587,0.00571625360134192,0.56332,0.0015684086763340732,56332.0,0.26228,0.0013910039597355573,26228.0,0.10934,0.000986837192246016,10934.0,100000
"base family (K 3, beat CV 15%, overestimation on, no window, median span 10 mm)",12 scenarios,repro_e1b,324,20260920,"1,324",100000,0.06,0.25,4.8,20.0,4.8/20,3,0.15,True,True,0.0,10.0,sinus,0.0,A1,Anchor-view mean,SL,-0.16699111776488834,0.004562876005290308,1.4429080857647878,0.005503550807995682,1.4525319127442022,0.005321180028073541,1.1194854625305644,0.0029267897478658894,-2.909522893294182,0.011740057254541487,-2.426295062662354,0.00795079964357905,-1.0842420131506394,0.005093581864583723,-0.19450751038176484,0.0048825302841459675,0.7097297774308631,0.005557304230511809,2.1646211924244474,0.008039825979582561,2.7355106392311446,0.0183548665314446,0.9108035098407856,0.0029391812852666735,2.316307477148694,0.008517674900210659,2.8342272108027617,0.010065242934725932,1.9512323178140614,0.007880561710003894,0.45958,0.0015759639069471102,45958.0,0.15021,0.0011298095233268305,15021.0,0.04025,0.0006215298665390104,4025.0,100000
"base family (K 3, beat CV 15%, overestimation on, no window, median span 10 mm)",12 scenarios,repro_e1b,324,20260920,"1,324",100000,0.06,0.25,4.8,20.0,4.8/20,3,0.15,True,True,0.0,10.0,sinus,0.0,A2,Mean across views,AP,-1.247259830426618,0.005807836266894687,1.8365990880716787,0.006669717468668129,2.2200719726935554,0.00633717008449262,1.71505723795794,0.004457934620032704,-5.1800259520658605,0.023755218207406358,-4.355166228215158,0.017435454799690903,-2.297562435764305,0.007590950325350242,-1.1573500071560705,0.006233486110172711,-0.09712916183395448,0.006334042550225841,1.528494604264152,0.019748641721690097,2.1645009878486916,0.014532249945307604,1.3924252040418423,0.005699033976142237,3.565051207863751,0.01636079171867528,4.411759296483156,0.022439344275277606,1.987214536621749,0.006525163167285038,0.62696,0.0015293173588238644,62696.0,0.33593,0.0014935897532455155,33593.0,0.1586,0.0011551884694715403,15860.0,100000
"base family (K 3, beat CV 15%, overestimation on, no window, median span 10 mm)",12 scenarios,repro_e1b,324,20260920,"1,324",100000,0.06,0.25,4.8,20.0,4.8/20,3,0.15,True,True,0.0,10.0,sinus,0.0,A2,Mean across views,SL,-0.7969087740018685,0.004282942188999584,1.3543852404066041,0.00356363070055031,1.5714339406792202,0.004342811634404392,1.218365353283335,0.0031384715162652904,-3.6418089336374107,0.0214743292432014,-3.059065096122398,0.011721452432317179,-1.6055945277890569,0.006303069625311206,-0.7476433925276909,0.004794948215922202,0.08051516874963938,0.003339740055293642,1.2852182981419307,0.011973746689377092,1.7168355793303849,0.010250793399051156,0.9948445509514703,0.003917175371673307,2.5325506468975463,0.0074427421913268385,3.113259237665024,0.010336645403575987,1.9811582002100458,0.0045781771226577235,0.49786,0.001581124348051095,49786.0,0.18442,0.0012264145449235344,18442.0,0.0571,0.0007337546592697043,5710.0,100000
"base family (K 3, beat CV 15%, overestimation on, no window, median span 10 mm)",12 scenarios,repro_e1b,324,20260920,"1,324",100000,0.06,0.25,4.8,20.0,4.8/20,3,0.15,True,True,0.0,10.0,sinus,0.0,A3,Largest view mean,AP,0.3928242775734282,0.006286296030326268,1.9879013501905924,0.010880900911576306,2.0263324440039168,0.010261661817535954,1.4844806139057334,0.004361604640675246,-3.1376041979702896,0.014237741389899876,-2.5135208065898893,0.01183518549365473,-0.8306038534727178,0.007573832469331163,0.25861198330164825,0.00638521725769658,1.4443713708259613,0.007910302813020199,3.714614594848502,0.014100556507988245,4.748721364482567,0.023514193249580383,1.1349789030533248,0.004635352053138057,3.142796574770571,0.014077739099373538,4.000599801451093,0.025130648695980688,1.974305752883341,0.009713077761521572,0.55146,0.0015727424086607444,55146.0,0.25673,0.0013813750652882078,25673.0,0.1129,0.0010007676553526299,11290.0,100000
"base family (K 3, beat CV 15%, overestimation on, no window, median span 10 mm)",12 scenarios,repro_e1b,324,20260920,"1,324",100000,0.06,0.25,4.8,20.0,4.8/20,3,0.15,True,True,0.0,10.0,sinus,0.0,A3,Largest view mean,SL,0.32781441671443373,0.0045837590358317245,1.4495118798605613,0.005576275471772282,1.486111022372092,0.005934460881729053,1.1184686150463998,0.003094452299853802,-2.3180395067429123,0.01544894258305217,-1.8560327428839158,0.007230360604478299,-0.5955387678674035,0.005990655005882444,0.26062067887034424,0.0054743858280216105,1.1629355839909041,0.00493151005432072,2.7087023953193614,0.015985532389676753,3.3800375865269987,0.019162712571548755,0.8854591766409676,0.003617817255730102,2.3287057249447343,0.007040875494857536,2.9131298829501238,0.008574730254243832,1.9602370476334003,0.006604087693773888,0.44796,0.0015725515520961467,44796.0,0.14873,0.0011252083678146016,14873.0,0.04503,0.0006557613826690316,4503.0,100000
"base family (K 3, beat CV 15%, overestimation on, no window, median span 10 mm)",12 scenarios,repro_e1b,324,20260920,"1,324",100000,0.06,0.25,4.8,20.0,4.8/20,3,0.15,True,True,0.0,10.0,sinus,0.0,A4,Largest view mean after review,AP,0.27968329284447596,0.005987040874350271,1.8932685607472826,0.008629257072192194,1.9138058268152454,0.007081902039245622,1.4315668042374445,0.004016572370331426,-3.223856803250128,0.020330079440944247,-2.59222066301862,0.011227955782114472,-0.8930869340799157,0.0072101006707726125,0.19081820578480002,0.007288642660796054,1.3388154110391643,0.006361300759567611,3.4197631803419597,0.015035848308860499,4.322301208726886,0.03639420741222029,1.1152298432989873,0.004188473371428975,3.0295959961571803,0.010751610297766202,3.8066271207630984,0.01640085981321169,1.9890351818489795,0.0063584857518324675,0.5446,0.0015748359914606982,54460.0,0.24639,0.0013626517086181634,24639.0,0.10267,0.0009598378566195438,10267.0,100000
"base family (K 3, beat CV 15%, overestimation on, no window, median span 10 mm)",12 scenarios,repro_e1b,324,20260920,"1,324",100000,0.06,0.25,4.8,20.0,4.8/20,3,0.15,True,True,0.0,10.0,sinus,0.0,A4,Largest view mean after review,SL,0.28435107430128914,0.004456312325418832,1.4092096913404975,0.005428991493480096,1.4376048236232153,0.005537258262381178,1.0950567674922609,0.00294544899895405,-2.3522334344552704,0.006926770046324841,-1.8846773004211133,0.008141657871467249,-0.6172427413095583,0.006531781131484644,0.23766047593827433,0.006954897569825744,1.1265148086410963,0.006406816476316219,2.5965094684067034,0.014659771914824036,3.184102284854052,0.012896109585128553,0.8764369348901515,0.003809932676426503,2.284927441579255,0.0055250878024963,2.8213438913549225,0.009096168017120673,1.9625309020904997,0.0072913148467777175,0.44351,0.0015710152128480487,44351.0,0.14268,0.001105994654598294,14268.0,0.03991,0.0006190088198079249,3991.0,100000
"base family (K 3, beat CV 15%, overestimation on, no window, median span 10 mm)",12 scenarios,repro_e1b,396,20260920,"1,396",100000,0.06,0.5,4.8,40.0,4.8/40,3,0.15,True,True,0.0,10.0,sinus,0.0,A1,Anchor-view mean,AP,-0.25048739635669465,0.006062409750043697,1.9171022919350151,0.006301144433419531,1.9333877988298327,0.006492619774497963,1.4680725824215943,0.003978400559366875,-3.899488805738904,0.025937828418814042,-3.2249669215902403,0.013071203943607395,-1.4327456817832425,0.008760710651884347,-0.30563814314741755,0.005978481599710477,0.849375909606142,0.0073733784138138685,2.8698820045506457,0.014797298889420302,3.731252827103995,0.02387679256811683,1.1682101758922423,0.005065981144505775,3.0762768351686645,0.008674047762473856,3.82915379082078,0.013761885166157372,1.9805409929339288,0.004987542506570074,0.56171,0.001569050272935829,56171.0,0.26061,0.001388136981353065,26061.0,0.10736,0.0009789475491567463,10736.0,100000
"base family (K 3, beat CV 15%, overestimation on, no window, median span 10 mm)",12 scenarios,repro_e1b,396,20260920,"1,396",100000,0.06,0.5,4.8,40.0,4.8/40,3,0.15,True,True,0.0,10.0,sinus,0.0,A1,Anchor-view mean,SL,-0.1580030051489986,0.004527854632165353,1.431833355178641,0.005037323119241113,1.440517686517826,0.004227407569986501,1.1137950913857158,0.002888875291832804,-2.907335712700795,0.016103846170261202,-2.415895084130069,0.01013034201159661,-1.0743645564205782,0.006121098102196977,-0.1844406031712551,0.0051528785610218016,0.7239995881258485,0.006524289307198316,2.1708080101238028,0.011685249523316685,2.7470011341507545,0.018075020110582197,0.9092968679736106,0.0034823944227222303,2.311465045901591,0.00793287955081379,2.838682032806412,0.011823126855093553,1.970598528136353,0.004588096560816044,0.45942,0.0015759227887177723,45942.0,0.14858,0.0011247398970428675,14858.0,0.04064,0.000624406841730614,4064.0,100000
"base family (K 3, beat CV 15%, overestimation on, no window, median span 10 mm)",12 scenarios,repro_e1b,396,20260920,"1,396",100000,0.06,0.5,4.8,40.0,4.8/40,3,0.15,True,True,0.0,10.0,sinus,0.0,A2,Mean across views,AP,-2.596490516268318,0.00743156500088031,2.350067198237301,0.006864160597107671,3.502074186699059,0.009064551668589644,2.779230352850133,0.0067382843954652055,-8.02285092735826,0.03468207270877899,-6.798718799006187,0.025290851268709225,-3.8490618289399015,0.01340387137812674,-2.322071640334702,0.008896994116029629,-1.0356284361029233,0.00907240939903406,0.6613542318190567,0.013013111854048546,1.2265660145568416,0.015389415006481794,2.35605224740964,0.009129213642100287,5.583832902094687,0.0183936160844932,6.80130451431973,0.02366280018306045,1.942078937148507,0.00427754335602861,0.78958,0.001288966344013683,78958.0,0.57334,0.0015640372258996906,57334.0,0.37789,0.0015332617124939891,37789.0,100000
"base family (K 3, beat CV 15%, overestimation on, no window, median span 10 mm)",12 scenarios,repro_e1b,396,20260920,"1,396",100000,0.06,0.5,4.8,40.0,4.8/40,3,0.15,True,True,0.0,10.0,sinus,0.0,A2,Mean across views,SL,-1.6637808206225642,0.005272726641165113,1.6673825665531095,0.006406491511754604,2.3554836956919263,0.006366826950240923,1.8478007057827006,0.004619477602448968,-5.451151576824424,0.028589231447213908,-4.6107574580103625,0.023051454017704347,-2.578585332747204,0.008366328826212913,-1.4958556758399095,0.004959247220277025,-0.559089601808997,0.0053299927731911825,0.7132635040625682,0.009417722470045483,1.1220182471992275,0.010462712522039634,1.541660903228257,0.005100343942122807,3.757483787808911,0.018842553719284595,4.614625550674466,0.015969962103006427,1.9590989142121462,0.004201347200828724,0.66703,0.0014903052677220194,66703.0,0.37536,0.0015312245766052738,37536.0,0.18318,0.0012232133403458287,18318.0,100000
"base family (K 3, beat CV 15%, overestimation on, no window, median span 10 mm)",12 scenarios,repro_e1b,396,20260920,"1,396",100000,0.06,0.5,4.8,40.0,4.8/40,3,0.15,True,True,0.0,10.0,sinus,0.0,A3,Largest view mean,AP,0.11980501242612823,0.006192716315887641,1.9583088461491718,0.006972271976964854,1.9619603533642458,0.007326983261188306,1.4619114805698936,0.004137777630993261,-3.483875452508499,0.020286344784398128,-2.8156672808776633,0.01626982114185124,-1.08707784246683,0.008010917683285079,0.018931588004415856,0.0047178839215345734,1.201656091171822,0.008458100015030726,3.3574035697230937,0.02232729358107469,4.318244813637825,0.025803843712523148,1.141222467347792,0.004545574315408372,3.0766621279508453,0.011018778312342613,3.8734458406893646,0.02103183974105876,1.974273248716481,0.007737024562232728,0.55246,0.0015724119956296442,55246.0,0.25342,0.0013754937426248073,25342.0,0.10695,0.0009773008620685853,10695.0,100000
"base family (K 3, beat CV 15%, overestimation on, no window, median span 10 mm)",12 scenarios,repro_e1b,396,20260920,"1,396",100000,0.06,0.5,4.8,40.0,4.8/40,3,0.15,True,True,0.0,10.0,sinus,0.0,A3,Largest view mean,SL,0.13430681837499509,0.004554952656896973,1.4404025030029903,0.005457198069255687,1.4466433370135112,0.004782344406500919,1.101445235814161,0.0029658120862070896,-2.5643580955104417,0.013270243984304935,-2.083894238862455,0.01169255263600146,-0.7815845637616557,0.006185435363200959,0.08575253117095927,0.004858064789444046,0.9872315345059159,0.0050477552169641065,2.488282962218073,0.010716203561166301,3.123332412040457,0.019715369223635686,0.8848990221537296,0.0027785072509583396,2.2936026401008824,0.008927104095740579,2.852973062877257,0.012092878119595871,1.972132999117122,0.005362973907067155,0.4475,0.0015723986453822709,44750.0,0.14348,0.0011085733606757831,14348.0,0.04189,0.0006335237004248538,4189.0,100000
"base family (K 3, beat CV 15%, overestimation on, no window, median span 10 mm)",12 scenarios,repro_e1b,396,20260920,"1,396",100000,0.06,0.5,4.8,40.0,4.8/40,3,0.15,True,True,0.0,10.0,sinus,0.0,A4,Largest view mean after review,AP,0.056044728394325574,0.006024811347678504,1.905212633149268,0.005996061845382356,1.906027253409716,0.006698613811614525,1.4344051594045526,0.00396917810609328,-3.5367259013473022,0.01951846592090244,-2.856971884542063,0.017544125793264958,-1.1204131635200323,0.010683647026366093,-0.015100955250750836,0.0067397670843381595,1.143192412647898,0.007153098260403794,3.184735790362988,0.014775056860751439,4.036518684082547,0.04163463905253567,1.131756822314245,0.0034984848539997403,3.019755549549629,0.011987022914197759,3.775745342730735,0.014236621519501884,1.9809503436932798,0.005447081680729354,0.54911,0.001573493590390504,54911.0,0.24795,0.0013655431062401509,24795.0,0.10167,0.0009556841062819868,10167.0,100000
"base family (K 3, beat CV 15%, overestimation on, no window, median span 10 mm)",12 scenarios,repro_e1b,396,20260920,"1,396",100000,0.06,0.5,4.8,40.0,4.8/40,3,0.15,True,True,0.0,10.0,sinus,0.0,A4,Largest view mean after review,SL,0.10874611013076857,0.004477410857399164,1.4158816329748727,0.0049847897310144685,1.4200445302370555,0.004376852090335572,1.0892726921810603,0.0028810063695217784,-2.582022250125425,0.016663951602268592,-2.1020168027486656,0.009153115910047447,-0.7938196414083127,0.006942090137450139,0.07268967339963872,0.0054363712753687865,0.9662357661041837,0.006093840493137966,2.4269611455064526,0.010617430576649703,3.0192685451372667,0.019960039126503012,0.8811063215990997,0.003511554269596071,2.270538388717507,0.007132453336870314,2.806736498148862,0.011730978347414983,1.9765130165885143,0.005142143975052669,0.4454,0.0015716833014319392,44540.0,0.14042,0.001098645637136925,14042.0,0.03918,0.0006135546234851466,3918.0,100000
"base family (K 3, beat CV 15%, overestimation on, no window, median span 10 mm)",12 scenarios,repro_e1b,468,20260920,"1,468",100000,0.125,0.1,10.0,8.0,10/8,3,0.15,True,True,0.0,10.0,sinus,0.0,A1,Anchor-view mean,AP,-0.8225351343563676,0.006472841624340269,2.046892246645924,0.009639020607435681,2.2059669124787775,0.00937173392173904,1.6871476258097462,0.004494266465294141,-4.97236428346721,0.02704953568614897,-4.127836832581664,0.01448635418177207,-2.0308290120690247,0.008745805086072141,-0.8070335722492072,0.009232512995358752,0.40813425891061295,0.00927881216812674,2.3837762193271574,0.024259344210840972,3.200381802911221,0.03251014571094602,1.3522634920996426,0.005119564649900736,3.5280364726618774,0.01220157795981564,4.379844531043734,0.016434961717616072,1.9854534110496864,0.0070909259241804246,0.61652,0.0015376055723104025,61652.0,0.32514,0.0014812966630624671,32514.0,0.15338,0.001139537518469664,15338.0,100000
"base family (K 3, beat CV 15%, overestimation on, no window, median span 10 mm)",12 scenarios,repro_e1b,468,20260920,"1,468",100000,0.125,0.1,10.0,8.0,10/8,3,0.15,True,True,0.0,10.0,sinus,0.0,A1,Anchor-view mean,SL,-0.5316254250244488,0.004758921872828772,1.5049032324933094,0.003772319277893742,1.5960378079368438,0.004533894814185029,1.2330279595115647,0.003204666917663435,-3.5398569583793993,0.014084694823233835,-2.983337532512044,0.011353826690313363,-1.4597012133350005,0.006382105081408728,-0.5137652847414511,0.0062809213421092,0.40951421818134337,0.005876260550485657,1.844508078369681,0.010829359354143774,2.400373018117012,0.012630292719861392,1.0011246186789216,0.003883061022831845,2.5654487941140913,0.0058942146277889745,3.1609748435663847,0.010574792190871655,1.9805137621723974,0.005350940714000667,0.50047,0.0015811381315369002,50047.0,0.18987,0.0012402394248692467,18987.0,0.06113,0.0007575824912179532,6113.0,100000
"base family (K 3, beat CV 15%, overestimation on, no window, median span 10 mm)",12 scenarios,repro_e1b,468,20260920,"1,468",100000,0.125,0.1,10.0,8.0,10/8,3,0.15,True,True,0.0,10.0,sinus,0.0,A2,Mean across views,AP,-0.553079374251373,0.0052290013700712215,1.6535554217566073,0.004868683350121761,1.743592551196418,0.005432900592792216,1.3399629460433835,0.0035279267765724823,-3.8475219406269745,0.017894399502994332,-3.2069397941866375,0.01694623513655694,-1.5590525401853021,0.007783853608235862,-0.5491502440076346,0.005494166456236088,0.4396276961972614,0.00654425311594762,2.0862725830590394,0.01080781776203046,2.7416174571568095,0.02136734195341868,1.0834010957720972,0.005021413824183555,2.7999461558963925,0.010012008041130857,3.461621093619554,0.012531550677478919,1.9853383126948203,0.005327952104311534,0.53213,0.001577870917090495,53213.0,0.22437,0.0013191971160520326,22437.0,0.08116,0.0008635569141637394,8116.0,100000
"base family (K 3, beat CV 15%, overestimation on, no window, median span 10 mm)",12 scenarios,repro_e1b,468,20260920,"1,468",100000,0.125,0.1,10.0,8.0,10/8,3,0.15,True,True,0.0,10.0,sinus,0.0,A2,Mean across views,SL,-0.35392981454463823,0.003930431706225253,1.2429116379413603,0.0031721013451353856,1.2923158302289266,0.003539576404165582,1.0041548197202,0.0025724694763829153,-2.824936636766217,0.01650002234698111,-2.364530187630529,0.009682032335845123,-1.1355717545680775,0.005432033697836118,-0.34823478943201014,0.0047241850639101485,0.43002904576565415,0.004593564214196477,1.6418649429196968,0.007143247383287451,2.092876438414698,0.013090287810142789,0.8204794979376033,0.0022526219561373488,2.0885876549128572,0.007086490133121094,2.5640172169844835,0.008714179115779205,1.9840484477624034,0.004554157631463398,0.41327,0.001557170212597197,41327.0,0.11249,0.0009991796630236225,11249.0,0.0253,0.0004965874545334387,2530.0,100000
"base family (K 3, beat CV 15%, overestimation on, no window, median span 10 mm)",12 scenarios,repro_e1b,468,20260920,"1,468",100000,0.125,0.1,10.0,8.0,10/8,3,0.15,True,True,0.0,10.0,sinus,0.0,A3,Largest view mean,AP,0.6792338101101266,0.00635554768036338,2.009800644774808,0.01001209839117635,2.1214657215113415,0.011093283182737263,1.5405655669013598,0.004612261716971051,-2.7638675674695516,0.01333552862489708,-2.18529654048204,0.013666195632471859,-0.5720103413705799,0.010345233494819752,0.5131702201917552,0.006602002393601124,1.7136489830682347,0.007442070902805143,4.099559681676248,0.025596463704326996,5.157981046207068,0.0371573493211872,1.1669040993932698,0.003935409121009901,3.268253100059728,0.01560155380264265,4.2409520834480725,0.023858912917113076,1.9990669848894846,0.010627522869087282,0.56041,0.0015695560897909955,56041.0,0.26821,0.0014009760736714955,26821.0,0.12315,0.001039153874553716,12315.0,100000
"base family (K 3, beat CV 15%, overestimation on, no window, median span 10 mm)",12 scenarios,repro_e1b,468,20260920,"1,468",100000,0.125,0.1,10.0,8.0,10/8,3,0.15,True,True,0.0,10.0,sinus,0.0,A3,Largest view mean,SL,0.5295681436362439,0.004570512982285777,1.4453231099391868,0.0046028453490001954,1.5392791888704591,0.00546348284624277,1.1559329770856592,0.0032143579543551805,-2.0789091659407295,0.010725792657025434,-1.6435459673569124,0.007291870826796679,-0.3960285546699258,0.006178962726165216,0.4478944044646913,0.004609309271002847,1.3457635199052767,0.006069153754307425,2.955984553570074,0.013701500966377572,3.660892985587851,0.02060324152201957,0.9070224686181279,0.0030741340277233163,2.4214417293161463,0.008344670165860517,3.0490424409905357,0.010939746334630504,1.980824832191721,0.005777844497936148,0.45886,0.0015757775870978744,45886.0,0.1606,0.0011610669231357856,16060.0,0.05284,0.0007074456473821859,5284.0,100000
"base family (K 3, beat CV 15%, overestimation on, no window, median span 10 mm)",12 scenarios,repro_e1b,468,20260920,"1,468",100000,0.125,0.1,10.0,8.0,10/8,3,0.15,True,True,0.0,10.0,sinus,0.0,A4,Largest view mean after review,AP,0.4390675614241449,0.0059458467860557885,1.8802418462328179,0.009492098088201993,1.9308170215548488,0.010207309518432317,1.438572415246921,0.004072567203399109,-3.0432852774925636,0.02033835044284513,-2.3946196602880634,0.0194110989209502,-0.7164791922738766,0.008825587814701491,0.3620304224838473,0.005478851950626958,1.4922292889297033,0.0077258616646395896,3.5407279386858854,0.01280697885528144,4.41197427056409,0.024541470457024595,1.1212111861782974,0.0037146315417316404,3.0289072811593263,0.010504408882684588,3.8453384148051883,0.018438731503322196,1.9915602420516334,0.009359327139161449,0.5457,0.001574520593704636,54570.0,0.24716,0.0013640818685108308,24716.0,0.1028,0.0009603757597940507,10280.0,100000
"base family (K 3, beat CV 15%, overestimation on, no window, median span 10 mm)",12 scenarios,repro_e1b,468,20260920,"1,468",100000,0.125,0.1,10.0,8.0,10/8,3,0.15,True,True,0.0,10.0,sinus,0.0,A4,Largest view mean after review,SL,0.4318283093667619,0.004385742058078445,1.3868934133522357,0.004132378210880093,1.4525597385432967,0.004763611926702207,1.108766269058632,0.00296745001709275,-2.1802936818279544,0.018847626830750603,-1.7194071217298172,0.012127556235680516,-0.4490601214484353,0.0051250530204959895,0.3889916791158181,0.004118057373548392,1.2568535019615115,0.006385688836075075,2.7193610380062063,0.011225895799992598,3.304295595609332,0.01861634116592945,0.8866558136794613,0.0024864610465774157,2.3190555504245864,0.007806148305185149,2.8685527918773057,0.014819680651235881,1.9748260369339725,0.008185881350820809,0.4487,0.0015727946782717699,44870.0,0.14741,0.0011210722184587397,14741.0,0.04261,0.0006387048449792752,4261.0,100000
"base family (K 3, beat CV 15%, overestimation on, no window, median span 10 mm)",12 scenarios,repro_e1b,540,20260920,"1,540",100000,0.125,0.25,10.0,20.0,10/20,3,0.15,True,True,0.0,10.0,sinus,0.0,A1,Anchor-view mean,AP,-0.8312202133579867,0.006455479975844359,2.0414020113276927,0.0058541086442927635,2.204134193220986,0.006560257842845225,1.6869433126417117,0.00448603380076276,-4.966028598513949,0.019467430827010284,-4.128989198685368,0.01875441409260866,-2.033152347038638,0.007565275751051658,-0.8167176749584502,0.006633795406595961,0.3882335182926433,0.0070011887219522525,2.3517681224340503,0.020218833196867222,3.2033104291974843,0.02489500677961881,1.3532092527009283,0.006324892136648437,3.5383050670038467,0.008563818530116722,4.410478779235828,0.014796219039342216,2.001002839482575,0.005724540772752737,0.6166,0.0015375449261728906,61660.0,0.32282,0.001478537275823643,32282.0,0.15351,0.001139932804598587,15351.0,100000
"base family (K 3, beat CV 15%, overestimation on, no window, median span 10 mm)",12 scenarios,repro_e1b,540,20260920,"1,540",100000,0.125,0.25,10.0,20.0,10/20,3,0.15,True,True,0.0,10.0,sinus,0.0,A1,Anchor-view mean,SL,-0.5279485398456396,0.004749465166207456,1.5019127592845738,0.004993517303342987,1.5919953014401704,0.004468297038355867,1.2316395231632118,0.0031898641037242884,-3.5462089553105494,0.014410201715504528,-2.9705108744269326,0.01004690888405978,-1.4585172661881463,0.006208567012052117,-0.5125004264292854,0.005175478595032528,0.41296055912336005,0.005715219323917547,1.8421522197063864,0.012572387183293655,2.3815718280026124,0.01992515760468765,1.0026347931783626,0.004571743137757736,2.560526938700668,0.006902573671257093,3.152768657373144,0.011485671873484002,1.9803881673024082,0.005198680500427428,0.50103,0.0015811354752202607,50103.0,0.18985,0.001240189410936894,18985.0,0.06016,0.0007519359972763639,6016.0,100000
"base family (K 3, beat CV 15%, overestimation on, no window, median span 10 mm)",12 scenarios,repro_e1b,540,20260920,"1,540",100000,0.125,0.25,10.0,20.0,10/20,3,0.15,True,True,0.0,10.0,sinus,0.0,A2,Mean across views,AP,-1.4400372109750528,0.00591831337496537,1.8715350171528717,0.004951982646385281,2.3614223389705207,0.006668744884948417,1.830369836249684,0.004718139449376388,-5.534032817932979,0.04092493322384064,-4.61867874958205,0.02067908442785499,-2.4923707938274537,0.007627629780868962,-1.322792343444001,0.006120178224560166,-0.25479565609235233,0.006624787667621003,1.3487272263411267,0.008594240686960668,1.9677776924359307,0.01611376325030396,1.4976816825526265,0.005104568168334955,3.7801687591802966,0.013373661257428842,4.661814425567157,0.018304011108871622,1.9741552998094822,0.005671667660414672,0.65252,0.0015057810252490234,65252.0,0.36641,0.0015236591216541842,36641.0,0.18299,0.0012227209816634374,18299.0,100000
"base family (K 3, beat CV 15%, overestimation on, no window, median span 10 mm)",12 scenarios,repro_e1b,540,20260920,"1,540",100000,0.125,0.25,10.0,20.0,10/20,3,0.15,True,True,0.0,10.0,sinus,0.0,A2,Mean across views,SL,-0.9160333486903409,0.004329609917871614,1.3691428720528855,0.004338686078163606,1.647316167128831,0.004686673127936666,1.2799218375159482,0.00327942281346552,-3.8084241548403894,0.019465730105414487,-3.216316220200366,0.012535432709315255,-1.7232354162982126,0.006055032640770035,-0.8581363002131581,0.004303274194891329,-0.033363541387256834,0.004942582256494972,1.17784489831714,0.007426017144236291,1.5981801385792813,0.013747079137668785,1.0478702006021008,0.003266834233941655,2.6542890816402984,0.011220684353079092,3.249912403813623,0.01351689482861462,1.9728528552463716,0.005285786092663982,0.51966,0.0015799160876451635,51966.0,0.20447,0.0012753902112686924,20447.0,0.06668,0.0007888838799215002,6668.0,100000
"base family (K 3, beat CV 15%, overestimation on, no window, median span 10 mm)",12 scenarios,repro_e1b,540,20260920,"1,540",100000,0.125,0.25,10.0,20.0,10/20,3,0.15,True,True,0.0,10.0,sinus,0.0,A3,Largest view mean,AP,0.12660452284592197,0.006412296682367031,2.027746254902108,0.0063764940565955,2.0316846364349526,0.007784188139798719,1.5065637508798935,0.004310483391369927,-3.60747739028045,0.018054824564243066,-2.9064038137888764,0.020377830676718403,-1.1100333658221897,0.0076064904908368725,0.037007577572810924,0.004993692868726004,1.2276989408420422,0.006312013959175872,3.471016792145458,0.014003416732182162,4.490706500366949,0.022983162424553033,1.1663861282949965,0.0036582507669568917,3.176399006346952,0.011163024478187135,4.036106670645777,0.018822328356263192,1.9865812824809435,0.008864387724549233,0.56234,0.0015688012123911685,56234.0,0.2648,0.0013952811902982138,26480.0,0.11602,0.001012715950303934,11602.0,100000
"base family (K 3, beat CV 15%, overestimation on, no window, median span 10 mm)",12 scenarios,repro_e1b,540,20260920,"1,540",100000,0.125,0.25,10.0,20.0,10/20,3,0.15,True,True,0.0,10.0,sinus,0.0,A3,Largest view mean,SL,0.16869913878231024,0.004664598018832947,1.4750754108621111,0.007584322917001455,1.4846835045494517,0.007958814365439706,1.1176753960789936,0.003090463344944563,-2.5882631565518124,0.009732842898756072,-2.0991368125030156,0.010544413080381268,-0.7508320594484617,0.006045766770338187,0.12368945083353688,0.005168073760036752,1.0206975038476402,0.0055114021923383175,2.5640752446068853,0.012560018100109462,3.2220372613416126,0.018541858413606217,0.8860347529149624,0.002953445650057967,2.3337571986044567,0.0057236024852247444,2.91505652842097,0.012211493563649017,1.963419489398574,0.009939909797208445,0.44886,0.0015728467833835563,44886.0,0.14959,0.001127886660529328,14959.0,0.04528,0.0006574931300021317,4528.0,100000
"base family (K 3, beat CV 15%, overestimation on, no window, median span 10 mm)",12 scenarios,repro_e1b,540,20260920,"1,540",100000,0.125,0.25,10.0,20.0,10/20,3,0.15,True,True,0.0,10.0,sinus,0.0,A4,Largest view mean after review,AP,-0.030557284466876358,0.006148110261153735,1.9442031731098437,0.005244871031419716,1.9444335747730213,0.006730197569817818,1.4616834920644177,0.004055021256329427,-3.786586818320932,0.011880135140976413,-3.0623486205224135,0.013484176251315063,-1.2033127574649436,0.008221543171497904,-0.06203620775572638,0.006823738198102677,1.0869142111499444,0.00611023473531868,3.09936999688767,0.018308068679954815,3.9655091805276035,0.0278357752609797,1.1484663228640426,0.0045431582507405545,3.0791169638020195,0.01177378865764902,3.8659706682662347,0.013874112715906581,1.9882246009445292,0.00585904932041963,0.55596,0.0015712048828844696,55596.0,0.25529,0.001378829271157238,25529.0,0.10723,0.0009784259149266234,10723.0,100000
"base family (K 3, beat CV 15%, overestimation on, no window, median span 10 mm)",12 scenarios,repro_e1b,540,20260920,"1,540",100000,0.125,0.25,10.0,20.0,10/20,3,0.15,True,True,0.0,10.0,sinus,0.0,A4,Largest view mean after review,SL,0.10354416360413397,0.004527443627080285,1.4317033839587685,0.004662411078714814,1.4354356396960721,0.0046266459599248405,1.09601146855573,0.002931284580066005,-2.663671376888739,0.011087758826456214,-2.1583753785810567,0.008786145272162722,-0.7867485274806432,0.005249055724982409,0.08596505829309353,0.0037384209146863463,0.967214284865431,0.004956832308497698,2.412179515259801,0.012871270602843838,2.990803982558556,0.01825446080912885,0.878739385828617,0.0032469191638155644,2.2915665088693005,0.005272069913953542,2.836548059943004,0.009411782914774269,1.9760886392256447,0.004586662572819361,0.44492,0.00157151580838374,44492.0,0.14386,0.0011097941268541657,14386.0,0.0406,0.000624112489860602,4060.0,100000
"base family (K 3, beat CV 15%, overestimation on, no window, median span 10 mm)",12 scenarios,repro_e1b,612,20260920,"1,612",100000,0.125,0.5,10.0,40.0,10/40,3,0.15,True,True,0.0,10.0,sinus,0.0,A1,Anchor-view mean,AP,-0.8379931707659044,0.006462432789446569,2.043600684040651,0.006157704390425448,2.208731433883294,0.0065288887628083304,1.692473315609585,0.004487815463520402,-4.980114293320542,0.022915263110710248,-4.1518107918930385,0.021854151302808697,-2.040277872164578,0.008009631807297114,-0.8208252234340785,0.006895767166112031,0.384149474344714,0.007453693725780885,2.3657512643825793,0.01575494178173878,3.1978904716063803,0.02504339217151153,1.3566738073190283,0.004959341827828117,3.5463027508677842,0.008610906339107206,4.392606029730862,0.013309808999283022,1.9887461021043995,0.005014587450945565,0.6186,0.0015360144530570017,61860.0,0.32539,0.0014815915358154554,32539.0,0.15448,0.0011428732633148788,15448.0,100000
"base family (K 3, beat CV 15%, overestimation on, no window, median span 10 mm)",12 scenarios,repro_e1b,612,20260920,"1,612",100000,0.125,0.5,10.0,40.0,10/40,3,0.15,True,True,0.0,10.0,sinus,0.0,A1,Anchor-view mean,SL,-0.5323178428680235,0.004763270627235552,1.506278429384321,0.004122012380157008,1.5975651172697451,0.004500989544529445,1.2395707436701033,0.003186987342683626,-3.548680491294808,0.018501733439953084,-2.9577684906016386,0.006689193215095215,-1.4689868280645952,0.0069740346687586965,-0.5251974055521371,0.0045395088528373245,0.4146322456918574,0.00519875814555553,1.8676158464742292,0.00870871084544082,2.4045305179357066,0.019249439026238373,1.012259216012243,0.004409204044901769,2.5720839626513476,0.007362578329083739,3.149106658205941,0.013080051399674282,1.9711914238511892,0.0066157755193322594,0.5052,0.0015810533197839977,50520.0,0.19256,0.0012469187880531755,19256.0,0.05937,0.0007472964813245141,5937.0,100000
"base family (K 3, beat CV 15%, overestimation on, no window, median span 10 mm)",12 scenarios,repro_e1b,612,20260920,"1,612",100000,0.125,0.5,10.0,40.0,10/40,3,0.15,True,True,0.0,10.0,sinus,0.0,A2,Mean across views,AP,-2.804032295033413,0.007670748491470391,2.4257036591347116,0.008941875098291651,3.707637591937413,0.009563012013667691,2.9603547654780895,0.007058984349691301,-8.465008094677355,0.032517212927120516,-7.168697137126816,0.03785822837297935,-4.0808166439639795,0.01106443581292293,-2.4956389478117,0.006858974947883243,-1.1989477776273507,0.009184834805064752,0.5164488721454097,0.013163376742693075,1.1064123219209439,0.019387306129142506,2.520491724359942,0.007247315028469936,5.864116453605045,0.015912916134295036,7.174707635669525,0.041685998520888126,1.9351156788547952,0.007439939840517652,0.81239,0.0012345545265398366,81239.0,0.60701,0.0015445027028140805,60701.0,0.41157,0.0015562137870485534,41157.0,100000
"base family (K 3, beat CV 15%, overestimation on, no window, median span 10 mm)",12 scenarios,repro_e1b,612,20260920,"1,612",100000,0.125,0.5,10.0,40.0,10/40,3,0.15,True,True,0.0,10.0,sinus,0.0,A2,Mean across views,SL,-1.7962311673482758,0.005421343986648263,1.7143794977065985,0.004900631610583783,2.4830453233357335,0.006639911565123562,1.9593082955355026,0.004823534334146171,-5.744096742487356,0.03073781437985488,-4.844406706002649,0.01606137392028546,-2.713261114387121,0.007855883762834,-1.6192867152706258,0.00603853294362531,-0.6636970619294903,0.005814477178681126,0.6332693478972924,0.01075503597320148,1.0605762217450625,0.011887405404605863,1.6502978695492048,0.005410886651518598,3.935693698235286,0.012715634035418186,4.846144038321449,0.017487626948221233,1.9516937499196023,0.004994319874548624,0.69478,0.0014562305847632786,69478.0,0.40721,0.0015536731184518833,40721.0,0.2045,0.0012754597210417897,20450.0,100000
"base family (K 3, beat CV 15%, overestimation on, no window, median span 10 mm)",12 scenarios,repro_e1b,612,20260920,"1,612",100000,0.125,0.5,10.0,40.0,10/40,3,0.15,True,True,0.0,10.0,sinus,0.0,A3,Largest view mean,AP,-0.26063046983982413,0.006511117706825649,2.058996206702152,0.00704067316496148,2.0754159164777035,0.00722698848456324,1.5561323538451792,0.004342605418302551,-4.213566025245458,0.02156185898500909,-3.452402586973468,0.014298239254830244,-1.486866731113645,0.008026777418831533,-0.31007311116254677,0.007904873950558043,0.8950757505637035,0.008933412444130122,3.053471785109675,0.0153145312615707,4.021499815885977,0.02377030990374475,1.2138205723679518,0.004967409244276508,3.286242790770958,0.007864174001357558,4.1418748825511,0.016058610941816664,1.9956842624491826,0.007445641068298484,0.5771,0.0015622278643014917,57710.0,0.28139,0.001422004458150536,28139.0,0.1262,0.0010501121844831627,12620.0,100000
"base family (K 3, beat CV 15%, overestimation on, no window, median span 10 mm)",12 scenarios,repro_e1b,612,20260920,"1,612",100000,0.125,0.5,10.0,40.0,10/40,3,0.15,True,True,0.0,10.0,sinus,0.0,A3,Largest view mean,SL,-0.11143422616988431,0.004723494931718496,1.4937002500491965,0.004455615401196798,1.4978436875571306,0.004712759221921292,1.1461339468577743,0.0030494622270735502,-3.007635425313883,0.020014925616877042,-2.4733117890679277,0.012819241627043274,-1.0398286038043958,0.0062783908396549905,-0.13298950618899363,0.00571537708901257,0.7925357354220912,0.006838266044966625,2.288010252520236,0.007769305795756869,2.8891372201513144,0.013522713616246521,0.9229187344668357,0.004012584263507839,2.3841853196459137,0.010397802132432337,2.9470729955936266,0.012810809793688774,1.9675437564517022,0.006203727115303132,0.46519,0.0015773023296121768,46519.0,0.1593,0.001157253256638321,15930.0,0.04713,0.0006701400085056854,4713.0,100000
"base family (K 3, beat CV 15%, overestimation on, no window, median span 10 mm)",12 scenarios,repro_e1b,612,20260920,"1,612",100000,0.125,0.5,10.0,40.0,10/40,3,0.15,True,True,0.0,10.0,sinus,0.0,A4,Largest view mean after review,AP,-0.36449267621947157,0.006328717289577673,2.0013161302352853,0.005955699433573268,2.034227399160438,0.006593588963977268,1.5376115639289576,0.0042117093067568995,-4.333558506788576,0.012661005709404038,-3.5414780452448897,0.013503490521517066,-1.553405809585756,0.006790937856238346,-0.3718506140290647,0.006738689709392629,0.8084819372513081,0.008753133297749488,2.821799697132129,0.010520885688563604,3.6500606502133097,0.018618775341228033,1.2082455113636477,0.005121449196138809,3.2469180775471047,0.009539769956692512,4.064139975053259,0.010984347099282218,1.9978788884323369,0.005481794831942861,0.57579,0.0015628687593652899,57579.0,0.27873,0.001417884293939389,27873.0,0.12271,0.0010375560510160404,12271.0,100000
"base family (K 3, beat CV 15%, overestimation on, no window, median span 10 mm)",12 scenarios,repro_e1b,612,20260920,"1,612",100000,0.125,0.5,10.0,40.0,10/40,3,0.15,True,True,0.0,10.0,sinus,0.0,A4,Largest view mean after review,SL,-0.14973446788198824,0.004637440798673127,1.4664875437997438,0.004078177754548968,1.4741046845914798,0.004458525486602525,1.1349824435848177,0.002974572779361772,-3.0493836255752464,0.02124279319634618,-2.5037253834227156,0.011808511820319455,-1.0607403509637077,0.006104521914510857,-0.15633602651222733,0.005600066699055261,0.7617742305475288,0.00579113434300944,2.202833073660461,0.008693462925138756,2.7455915279719165,0.012843134963987715,0.9189999408937766,0.003797425629896454,2.3642474347602347,0.007424695521795214,2.90937917913513,0.010999183281652314,1.9736584582806675,0.005640769813931218,0.46322,0.0015768551981713477,46322.0,0.15654,0.0011490658310123053,15654.0,0.04463,0.0006529790433084358,4463.0,100000
"base family (K 3, beat CV 15%, overestimation on, no window, median span 10 mm)",12 scenarios,repro_e1b,684,20260920,"1,684",100000,0.25,0.1,20.0,8.0,20/8,3,0.15,True,True,0.0,10.0,sinus,0.0,A1,Anchor-view mean,AP,-1.922365500179698,0.008172526393590097,2.584379764158642,0.009306386202246632,3.2209379210854348,0.009938849157860308,2.4393313311554934,0.00665142690691947,-7.79083211391334,0.04107691487247916,-6.440778662512178,0.030184952381070156,-3.2895200792324837,0.011835291691996264,-1.6769901016756257,0.010682037237681415,-0.29801132071145386,0.0070207225283761615,1.752272239565361,0.012268950652986952,2.525743020881261,0.027089019924905644,1.9128484691799548,0.007791405060408767,5.172366575642124,0.016641043500030744,6.492507040431664,0.031165844527276554,2.015719395872036,0.007019753412830858,0.72306,0.0014150768049826837,72306.0,0.48131,0.0015800338094483929,48131.0,0.30408,0.001454700497009608,30408.0,100000
"base family (K 3, beat CV 15%, overestimation on, no window, median span 10 mm)",12 scenarios,repro_e1b,684,20260920,"1,684",100000,0.25,0.1,20.0,8.0,20/8,3,0.15,True,True,0.0,10.0,sinus,0.0,A1,Anchor-view mean,SL,-1.2347353922717126,0.005825863726991584,1.8422998715050782,0.005749755058133239,2.2177931293941375,0.006986201224090633,1.6805759484734655,0.004576343288170421,-5.290400977879808,0.03385097761664281,-4.389652871216201,0.020213481683603422,-2.2445866122646816,0.008965896962249219,-1.0959330530650329,0.00596054842460687,-0.05718019127874874,0.006552309454025227,1.4421789762160944,0.013846732172015404,1.98103334053064,0.016606499697407327,1.327860294093536,0.005995335631701463,3.539217179689177,0.011153537564834217,4.433231228297764,0.022122959201293597,1.998938119854689,0.006400228133396732,0.60923,0.0015429478510306173,60923.0,0.31827,0.0014730044368568616,31827.0,0.15266,0.001137343063459746,15266.0,100000
"base family (K 3, beat CV 15%, overestimation on, no window, median span 10 mm)",12 scenarios,repro_e1b,684,20260920,"1,684",100000,0.25,0.1,20.0,8.0,20/8,3,0.15,True,True,0.0,10.0,sinus,0.0,A2,Mean across views,AP,-0.9203523747745825,0.005501765521553769,1.739811020029412,0.0058827723664557205,1.968237945408314,0.005649104753924681,1.5158717579657794,0.003970024161436202,-4.5243962130962645,0.021246982038469173,-3.8077576307014516,0.012661373010786622,-1.9389434773314547,0.008095816672971356,-0.8737227805768679,0.005320052885006274,0.1463016875382821,0.007221039835193637,1.7664442007541292,0.009786073485814761,2.41560918713361,0.011085250109284236,1.2275299729687528,0.003756603311925401,3.1687297310983524,0.009328509219933489,3.9354334095042898,0.012241949813014843,1.9994703479247666,0.004614964276579643,0.58065,0.0015604344827643358,58065.0,0.27761,0.0014161309540434458,27761.0,0.11653,0.0010146465350061567,11653.0,100000
"base family (K 3, beat CV 15%, overestimation on, no window, median span 10 mm)",12 scenarios,repro_e1b,684,20260920,"1,684",100000,0.25,0.1,20.0,8.0,20/8,3,0.15,True,True,0.0,10.0,sinus,0.0,A2,Mean across views,SL,-0.5889128103050217,0.004094281604303376,1.2947255251726921,0.003885493098381743,1.422362724670893,0.0039677709214502015,1.1011527173520541,0.002847080117359869,-3.245891987934772,0.00810961649670406,-2.71560622506078,0.01268620475936176,-1.3772494497455139,0.005334990569873637,-0.5598612043400781,0.00530203399058247,0.23790250394617962,0.004956564252390021,1.439313312196122,0.010211795640241094,1.8782319021361857,0.009297791646884204,0.8964585391376398,0.003297661717932145,2.2953353753504486,0.0076190083507454735,2.809157369153002,0.011332906827121708,1.9749936640128039,0.005353669407392085,0.45257,0.001574008878945732,45257.0,0.14558,0.0011152867954028686,14558.0,0.03906,0.0006126525638565466,3906.0,100000
"base family (K 3, beat CV 15%, overestimation on, no window, median span 10 mm)",12 scenarios,repro_e1b,684,20260920,"1,684",100000,0.25,0.1,20.0,8.0,20/8,3,0.15,True,True,0.0,10.0,sinus,0.0,A3,Largest view mean,AP,0.555850782457942,0.006434364967168379,2.0347248593046614,0.008360491898266173,2.109273321402172,0.008474230031000719,1.535204695630662,0.0045740588200269185,-2.986615332104362,0.011940464114265534,-2.3502759789987206,0.01201936493349112,-0.7096592065410716,0.007282189555418067,0.39568806219269925,0.006318881557439088,1.6085450308537854,0.00601361834004247,4.0097668520095455,0.022269771744634004,5.115749831996259,0.020753321355983543,1.161627443766565,0.004786279719660272,3.2586400274377354,0.011912563572851075,4.216993636022494,0.02141716582495874,1.9992637242570261,0.008064017555102559,0.55847,0.001570290607180722,55847.0,0.26696,0.0013989008485235828,26696.0,0.12134,0.0010325531676383547,12134.0,100000
"base family (K 3, beat CV 15%, overestimation on, no window, median span 10 mm)",12 scenarios,repro_e1b,684,20260920,"1,684",100000,0.25,0.1,20.0,8.0,20/8,3,0.15,True,True,0.0,10.0,sinus,0.0,A3,Largest view mean,SL,0.44304094256880927,0.0046436926997015324,1.4684645684953148,0.004430615074715114,1.5338356828019426,0.0054269843408388824,1.1474076172565197,0.0032188787222858315,-2.2006982991157615,0.013192967644893945,-1.747237627737742,0.010799987109226292,-0.48986773828290175,0.004091945328712492,0.3660276590654652,0.005595666095335113,1.265276144343692,0.005397419469275194,2.884654974218838,0.014699464942701366,3.594213028249523,0.02278534227023363,0.8994383627112437,0.003611154442376468,2.4079940342026007,0.009320273843867606,3.025177052750466,0.013451090534178025,1.9722953942655759,0.006156451061666852,0.45496,0.0015747107620131386,45496.0,0.15782,0.0011528783439721643,15782.0,0.05124,0.00069724072170234,5124.0,100000
"base family (K 3, beat CV 15%, overestimation on, no window, median span 10 mm)",12 scenarios,repro_e1b,684,20260920,"1,684",100000,0.25,0.1,20.0,8.0,20/8,3,0.15,True,True,0.0,10.0,sinus,0.0,A4,Largest view mean after review,AP,0.18881562101451194,0.00622234386345079,1.9676778993276238,0.007433587574095461,1.9767065884137465,0.0075164692792265555,1.4615361542905763,0.0042086799823305866,-3.647235629531218,0.02034610809061617,-2.808773997455918,0.01943157163522011,-0.9570905511027132,0.007311005382412568,0.1582219347589442,0.00637105212684327,1.2962785112525514,0.0088775262593696,3.3072671301488596,0.01374576432822856,4.187958379125518,0.017608893146754078,1.1272271883712852,0.00433483804607329,3.0798161665273667,0.01022338559260982,3.935525139896114,0.018801089823532027,1.9909505856679854,0.009697141225600668,0.54795,0.0015738513192166534,54795.0,0.25056,0.0013703272835348496,25056.0,0.10672,0.0009763751410190655,10672.0,100000
"base family (K 3, beat CV 15%, overestimation on, no window, median span 10 mm)",12 scenarios,repro_e1b,684,20260920,"1,684",100000,0.25,0.1,20.0,8.0,20/8,3,0.15,True,True,0.0,10.0,sinus,0.0,A4,Largest view mean after review,SL,0.27197479441282923,0.00452101021562942,1.4296689606277944,0.004945931842170852,1.455301750924903,0.004775725991843496,1.1037914252381456,0.0029992610279576306,-2.4972823067935335,0.020497192509581718,-1.9562647204358636,0.01276362282697792,-0.6015885516493674,0.006040921017789403,0.2547575546184204,0.0060908056091297106,1.125356152787743,0.006710145316656425,2.551743709170914,0.012065085641346101,3.122538632511586,0.015064204743371692,0.8796744244581367,0.0036241591512355914,2.3071239394398915,0.009391957077017699,2.873439851499714,0.011929362490457045,1.9744632683039973,0.005237655350900837,0.44449,0.0015713645022718313,44449.0,0.14499,0.0011134087295328703,14499.0,0.0422,0.0006357606467846213,4220.0,100000
"base family (K 3, beat CV 15%, overestimation on, no window, median span 10 mm)",12 scenarios,repro_e1b,756,20260920,"1,756",100000,0.25,0.25,20.0,20.0,20/20,3,0.15,True,True,0.0,10.0,sinus,0.0,A1,Anchor-view mean,AP,-1.9274649101480417,0.008176023676060925,2.5854857019815216,0.00983285791912457,3.224870609441521,0.010097500298971608,2.4416589765356744,0.00666193385685058,-7.723519082608956,0.051210410308216076,-6.431638853976933,0.032126841371609115,-3.288326086317516,0.010382145281437206,-1.6928513514242853,0.008005317640174368,-0.29103107996525535,0.007808168384429053,1.749892551275807,0.01652256797570975,2.531105881937722,0.029049595960364178,1.9268460132554712,0.006076403224343889,5.173675581567782,0.015951555591100185,6.474069970762982,0.02584910054467462,2.0075441017102245,0.005199739076647338,0.72228,0.0014163036454094156,72228.0,0.48442,0.0015803710437742144,48442.0,0.30432,0.0014550234967174928,30432.0,100000
"base family (K 3, beat CV 15%, overestimation on, no window, median span 10 mm)",12 scenarios,repro_e1b,756,20260920,"1,756",100000,0.25,0.25,20.0,20.0,20/20,3,0.15,True,True,0.0,10.0,sinus,0.0,A1,Anchor-view mean,SL,-1.234009387082507,0.005789271465027002,1.8307283822505154,0.005930215810723619,2.2077844236521913,0.0067160940367497445,1.679266898874507,0.0045325437533668776,-5.295522387142019,0.035052332250061005,-4.3863509934412255,0.023001744907276238,-2.2433067542272256,0.00990791619876915,-1.1004121091606385,0.0058877934961824255,-0.06602094228603739,0.004588679593590591,1.436623039848273,0.015210160809944716,1.9771471446359485,0.01864230974080826,1.3326496566429842,0.004598394358154195,3.5299468176003432,0.009582455453860163,4.426974356370328,0.02194654951069106,2.0051660429087903,0.007307596567071662,0.61148,0.0015413377618160142,61148.0,0.31869,0.0014735219167016146,31869.0,0.15205,0.0011354769812726279,15205.0,100000
"base family (K 3, beat CV 15%, overestimation on, no window, median span 10 mm)",12 scenarios,repro_e1b,756,20260920,"1,756",100000,0.25,0.25,20.0,20.0,20/20,3,0.15,True,True,0.0,10.0,sinus,0.0,A2,Mean across views,AP,-1.797076527652661,0.006258769262683086,1.9791966219531243,0.007418809228905816,2.673324548646894,0.0074602908837791675,2.0903755252223135,0.005269745796687368,-6.169665290032106,0.03275650130498324,-5.194680428782833,0.016720145705781595,-2.8860290662335606,0.007151337781190005,-1.6386185165063325,0.005519923474851934,-0.5358055796730867,0.003915707921033795,1.0641345320760607,0.015202103059295698,1.6684032721618733,0.013234844538968938,1.7373891118189615,0.004468020545867794,4.252021813419587,0.010537972606348023,5.214341440521166,0.016715754258840917,1.9505081951835628,0.004423536092362146,0.70379,0.0014438477617117393,70379.0,0.43542,0.0015678948421370613,43542.0,0.23781,0.001346314985061074,23781.0,100000
"base family (K 3, beat CV 15%, overestimation on, no window, median span 10 mm)",12 scenarios,repro_e1b,756,20260920,"1,756",100000,0.25,0.25,20.0,20.0,20/20,3,0.15,True,True,0.0,10.0,sinus,0.0,A2,Mean across views,SL,-1.1530849778185903,0.004535664975069408,1.434303202467016,0.004877527697805281,1.8403287941075286,0.00509458494573678,1.4351099375499288,0.0036431892764373554,-4.266100306519045,0.020559404470396954,-3.5964314433070967,0.012056771151580157,-1.9779238475006649,0.005711467503532013,-1.064916982253505,0.004655945893776966,-0.22013532781698686,0.006126069861578496,1.007377113321151,0.008999834638885755,1.4126818008113335,0.012002419133594636,1.18582710351675,0.0027863117246726857,2.9504253792927284,0.012400546453545987,3.610422873427426,0.014294248624762595,1.9618357790126892,0.005401613277549587,0.5706,0.001565297543599938,57060.0,0.25442,0.0013772816110004518,25442.0,0.09519,0.0009280563770590663,9519.0,100000
"base family (K 3, beat CV 15%, overestimation on, no window, median span 10 mm)",12 scenarios,repro_e1b,756,20260920,"1,756",100000,0.25,0.25,20.0,20.0,20/20,3,0.15,True,True,0.0,10.0,sinus,0.0,A3,Largest view mean,AP,-0.14582522715432408,0.006725155626547603,2.1266809398987165,0.00847619614492498,2.131664042311756,0.007911495859433983,1.5835568636061204,0.004512604140191081,-4.227824689383347,0.02490398675393393,-3.41593409366797,0.012010115270995688,-1.401898634961976,0.008746514286403563,-0.19277676849806413,0.006777944352794433,1.0279355007090238,0.006495379798147932,3.2728847941179264,0.018227768236435325,4.279154400043562,0.02130240230903407,1.2226868170896465,0.0038224258539754077,3.3515321556625453,0.01470281063743203,4.251514308076985,0.013671020477294396,1.9944579557040725,0.005322967125741294,0.57887,0.0015613440463267537,57887.0,0.28776,0.0014316220953869076,28776.0,0.1326,0.0010724609083784826,13260.0,100000
"base family (K 3, beat CV 15%, overestimation on, no window, median span 10 mm)",12 scenarios,repro_e1b,756,20260920,"1,756",100000,0.25,0.25,20.0,20.0,20/20,3,0.15,True,True,0.0,10.0,sinus,0.0,A3,Largest view mean,SL,-0.018370590721519225,0.004831222010211055,1.527766543420419,0.005306113389938814,1.5278693494838231,0.005057171092527618,1.1557083950586757,0.00316027347236191,-2.956521177589635,0.020248340889041032,-2.404924767094362,0.007336192307786553,-0.9534672081847688,0.006740984843094423,-0.05063720187205378,0.004069590899885188,0.873158444471017,0.005579496945013177,2.449983544540205,0.013122023296491314,3.113427885608395,0.01361908824120193,0.9153856714218835,0.0029762572111043605,2.4245470389843984,0.010029294069772234,3.031105649955397,0.020260489237794062,1.983877516084362,0.009723810076974416,0.46333,0.0015768808169928379,46333.0,0.162,0.0011651437679531225,16200.0,0.05185,0.0007011531751336508,5185.0,100000
"base family (K 3, beat CV 15%, overestimation on, no window, median span 10 mm)",12 scenarios,repro_e1b,756,20260920,"1,756",100000,0.25,0.25,20.0,20.0,20/20,3,0.15,True,True,0.0,10.0,sinus,0.0,A4,Largest view mean after review,AP,-0.4393848196118114,0.006645975836638709,2.1016420918221446,0.007950551063409271,2.1470711056760656,0.007615853135597493,1.5966224596688288,0.004539528236972115,-4.831854469430005,0.038828245687880895,-3.858591823609081,0.01728191714819911,-1.625408484406719,0.007298336709387884,-0.38157907727872153,0.0090325185075785,0.7986786600439743,0.010006236050747559,2.783441015862234,0.018040098100731938,3.6179395232863434,0.0285539895889548,1.2289624261388723,0.004707167021395808,3.392793945784907,0.01235792869077655,4.311513665677005,0.01838132567191283,2.0080907680602427,0.0054513280856289415,0.58094,0.0015602843215260479,58094.0,0.29029,0.0014353456583694397,29029.0,0.13613,0.0010844289884542925,13613.0,100000
"base family (K 3, beat CV 15%, overestimation on, no window, median span 10 mm)",12 scenarios,repro_e1b,756,20260920,"1,756",100000,0.25,0.25,20.0,20.0,20/20,3,0.15,True,True,0.0,10.0,sinus,0.0,A4,Largest view mean after review,SL,-0.14618755482838888,0.004770980743304538,1.5087165821645472,0.0050336924384183565,1.515774971500626,0.004893792792661402,1.1497411127987744,0.0031235859113475724,-3.2168778909353977,0.0212819990629228,-2.569179488734724,0.01223875708127643,-1.041454579133989,0.004841513241246976,-0.12749979459211302,0.004378945949873679,0.7759346280923232,0.006143527292775556,2.218093901288036,0.011742625190978349,2.782696978099386,0.019293874649263118,0.9134666002107554,0.004177116076569407,2.406349450253135,0.005659666473480418,3.0048535409011454,0.010222849969761166,1.9823876217762872,0.004678891292617964,0.46229,0.0015766355187550483,46229.0,0.16036,0.0011603649012271958,16036.0,0.05033,0.000691352956889605,5033.0,100000
"base family (K 3, beat CV 15%, overestimation on, no window, median span 10 mm)",12 scenarios,repro_e1b,828,20260920,"1,828",100000,0.25,0.5,20.0,40.0,20/40,3,0.15,True,True,0.0,10.0,sinus,0.0,A1,Anchor-view mean,AP,-1.9266419917428068,0.008209739286864767,2.5961475142659136,0.011557593348809804,3.2329342524023925,0.010046358738420635,2.446913708128414,0.006681707738705859,-7.8035334678655035,0.03887453373081231,-6.438118584786906,0.02467075835114663,-3.2874289724243884,0.011491868936930393,-1.6893035977511976,0.007245701424175178,-0.3018923357135952,0.009455929145111275,1.7583247710948264,0.018165330200786388,2.5803095073860485,0.034597195955329625,1.9310066853550572,0.005749586746392542,5.17831639633309,0.01655490408406256,6.49627073195057,0.03778918867286545,2.009403911361078,0.009074028163124165,0.7233,0.001414698236374104,72330.0,0.48481,0.0015804090100350605,48481.0,0.30345,0.0014538503963613311,30345.0,100000
"base family (K 3, beat CV 15%, overestimation on, no window, median span 10 mm)",12 scenarios,repro_e1b,828,20260920,"1,828",100000,0.25,0.5,20.0,40.0,20/40,3,0.15,True,True,0.0,10.0,sinus,0.0,A1,Anchor-view mean,SL,-1.2367762918775258,0.005819459330172315,1.8402746234062353,0.005761054723973422,2.217248840251447,0.006772919859898564,1.6859121885869512,0.004554023771460636,-5.312907107879914,0.02154144295090228,-4.385868708450712,0.014470443049563811,-2.2494140552977484,0.011609673597489245,-1.103036690095908,0.007279778956433885,-0.060867773610660425,0.006085181674150651,1.445887330150037,0.008631267921809122,2.01414716407279,0.025179120226001224,1.3377277083293486,0.004536770590822186,3.5629843265272862,0.009730719926047291,4.435789508991663,0.015858142902480686,2.0005826267513673,0.005810863333092616,0.61136,0.001541424504800673,61136.0,0.32076,0.0014760522429778696,32076.0,0.15281,0.0011378009663381378,15281.0,100000
"base family (K 3, beat CV 15%, overestimation on, no window, median span 10 mm)",12 scenarios,repro_e1b,828,20260920,"1,828",100000,0.25,0.5,20.0,40.0,20/40,3,0.15,True,True,0.0,10.0,sinus,0.0,A2,Mean across views,AP,-3.1609321231952983,0.008079344150049612,2.5549129514513975,0.010330026353067939,4.064358104441602,0.01027955698322295,3.2786451840096245,0.0075957555608465776,-9.200008919886532,0.05203718288371158,-7.784931348003781,0.03100660241427841,-4.474698369521196,0.010072782041622532,-2.8072425126971514,0.008337528559977053,-1.4611859252210957,0.010042489000394554,0.2850051731442248,0.01681037799780225,0.8958681145607343,0.020886227410815163,2.81813326186979,0.00785802444182007,6.3852952203709785,0.017734968604749695,7.786354217542899,0.031019625983057336,1.9157648065099955,0.00544904723801423,0.84465,0.0011454971737197782,84465.0,0.65899,0.0014990736469566797,65899.0,0.46788,0.0015778729530605434,46788.0,100000
"base family (K 3, beat CV 15%, overestimation on, no window, median span 10 mm)",12 scenarios,repro_e1b,828,20260920,"1,828",100000,0.25,0.5,20.0,40.0,20/40,3,0.15,True,True,0.0,10.0,sinus,0.0,A2,Mean across views,SL,-2.0259499562314414,0.005659855414756166,1.7898034337866464,0.005731427320681615,2.7033012267938865,0.007033902620051539,2.152075696435075,0.005173426798499867,-6.1667185232834445,0.037243345200839745,-5.2215873984706205,0.01547075185879638,-2.9806597386324345,0.008545556211304891,-1.819217302003313,0.0067811810697524285,-0.8324735055166693,0.006180850067184551,0.47220441407050856,0.009978548304462978,0.8929573920508964,0.012483567339834615,1.8362547805563647,0.007902353012877113,4.2621116272246695,0.014228517783255876,5.221758629552143,0.015234161137858845,1.931622927477137,0.0037182628821584756,0.73067,0.0014028234069190604,73067.0,0.45779,0.00157549457599828,45779.0,0.24741,0.0013645449494245326,24741.0,100000
"base family (K 3, beat CV 15%, overestimation on, no window, median span 10 mm)",12 scenarios,repro_e1b,828,20260920,"1,828",100000,0.25,0.5,20.0,40.0,20/40,3,0.15,True,True,0.0,10.0,sinus,0.0,A3,Largest view mean,AP,-0.7675215473108369,0.007319215296873411,2.3145391023265462,0.00995416927202395,2.438468168927459,0.008379379941642368,1.8156200201042785,0.00514750177294139,-5.616711970633519,0.028322423273090196,-4.538066468567277,0.017174319496698006,-2.057525049388028,0.0074448474674964245,-0.6935726723677069,0.0053453035078606295,0.5772711212851294,0.007760690360983175,2.7652726655817723,0.014076679883554164,3.6794063829042374,0.03162751491755296,1.3990305507531318,0.00673090393346401,3.8725637922401845,0.013709605329174854,4.900841650623682,0.020058294207261032,2.0098034139109875,0.004686132828139859,0.62517,0.0015307921841321245,62517.0,0.34813,0.0015064378616458098,34813.0,0.17957,0.0012137735171769072,17957.0,100000
"base family (K 3, beat CV 15%, overestimation on, no window, median span 10 mm)",12 scenarios,repro_e1b,828,20260920,"1,828",100000,0.25,0.5,20.0,40.0,20/40,3,0.15,True,True,0.0,10.0,sinus,0.0,A3,Largest view mean,SL,-0.43790143098241796,0.00522527688285545,1.6523776354848057,0.0061185416048830715,1.7094099011028059,0.005596369607983011,1.2883620815575796,0.0035527707201179126,-3.8445132244191695,0.01393232341404287,-3.1218275845125576,0.016205021036067135,-1.3892924037710186,0.007163058644279927,-0.40119674619932355,0.006314266200125005,0.5617084361189952,0.005585835934001619,2.1122147686087156,0.00994958968670787,2.7213758961790004,0.015531614234457852,1.0124922953700386,0.0037217814300511635,2.7199752669311286,0.010296810103503164,3.413646766949385,0.017922905005314682,1.9969737888771502,0.00799426886791248,0.50497,0.0015810607170504238,50497.0,0.20373,0.0012736721991941254,20373.0,0.07466,0.0008311791888636289,7466.0,100000
"base family (K 3, beat CV 15%, overestimation on, no window, median span 10 mm)",12 scenarios,repro_e1b,828,20260920,"1,828",100000,0.25,0.5,20.0,40.0,20/40,3,0.15,True,True,0.0,10.0,sinus,0.0,A4,Largest view mean after review,AP,-0.9722003195820831,0.007314102595149573,2.3129223240821064,0.008881678081996245,2.5089299796000892,0.008617641532844802,1.8585898891450758,0.005329541885115926,-6.054642516476639,0.027735953793381885,-4.849242250898918,0.018435647547593147,-2.209818177828039,0.007163346984231528,-0.8290860521777264,0.006248665704984814,0.4205244324120576,0.007628627825938487,2.44573756438962,0.018514230973795065,3.252800717005986,0.02071831707596019,1.419837332871473,0.004451119433261674,3.9816912734198726,0.015361088035152235,5.069606122045984,0.023173671932215825,2.0206247935440804,0.0061962547388748025,0.62974,0.001526982424260345,62974.0,0.3555,0.0015136702084668245,35550.0,0.18728,0.0012337187750861216,18728.0,100000
"base family (K 3, beat CV 15%, overestimation on, no window, median span 10 mm)",12 scenarios,repro_e1b,828,20260920,"1,828",100000,0.25,0.5,20.0,40.0,20/40,3,0.15,True,True,0.0,10.0,sinus,0.0,A4,Largest view mean after review,SL,-0.5248314743573465,0.005210352892077683,1.6476582552210965,0.0051529012699802436,1.729219088113786,0.005606042403952523,1.3001241497195868,0.0036053971333287055,-4.0305223915789075,0.0184467469177285,-3.2630214123302665,0.01223624444937815,-1.452205685046974,0.007428960852937968,-0.4564577765672011,0.005255388267572736,0.49560865233777784,0.006804080533919318,1.978909899358073,0.00971584124801939,2.5357865944675777,0.017944114257009435,1.0172789969317475,0.003624413738943598,2.7509176283143875,0.010230618890071786,3.4679754221011287,0.020437766497494108,2.0055153484825103,0.008376839668333714,0.50704,0.0015809820947752698,50704.0,0.20668,0.0012804818530537635,20668.0,0.07757,0.000845889443721814,7757.0,100000
overestimation off,12 scenarios,repro_e1b,32,20260920,"1,32",100000,0.03,0.1,2.4,8.0,2.4/8,3,0.15,False,True,0.0,10.0,sinus,0.0,A1,Anchor-view mean,AP,-0.08995022138208439,0.005767960194556032,1.8239891667985,0.004354519342002117,1.8261966634402127,0.005454619570669674,1.3958193770211236,0.0037238372510844248,-3.576106994976782,0.015865281120879336,-2.9363604218264707,0.01385503652635186,-1.2333487302787223,0.008012873932942203,-0.13908459045208765,0.006233899009765905,0.982186747495418,0.005996730551187551,2.922020051210437,0.012799934548688555,3.7069789734250542,0.023812706408147456,1.1157034442161455,0.003847568167914815,2.9287930676413643,0.008893589368802269,3.634810919265074,0.012364156933538085,1.9903721171069115,0.005116470152999514,0.54422,0.0015749431469103893,54422.0,0.24118,0.0013528200456823516,24118.0,0.093,0.0009184280047995052,9300.0,100000
overestimation off,12 scenarios,repro_e1b,32,20260920,"1,32",100000,0.03,0.1,2.4,8.0,2.4/8,3,0.15,False,True,0.0,10.0,sinus,0.0,A1,Anchor-view mean,SL,-0.0605183282450956,0.004374751039929919,1.383417748236877,0.0035364982538310967,1.384733907920114,0.0038167349116976002,1.0774277104507128,0.00275071825337957,-2.71144256833561,0.016684661138353138,-2.2481683810561965,0.008651222407943476,-0.9593580078055152,0.004814880840698561,-0.09146614367717643,0.005415096668453884,0.7988290786019272,0.006182978572310352,2.2200140927029586,0.013186767620415395,2.7521901612305686,0.02450247102925426,0.88314965667213,0.0024163529021447717,2.2357515944957327,0.008688766762937701,2.7280069873401995,0.00975504035422954,1.9700586312916226,0.0051262389598938935,0.44525,0.0015716311192515884,44525.0,0.13722,0.0010880747750039977,13722.0,0.03371,0.0005707331767122006,3371.0,100000
overestimation off,12 scenarios,repro_e1b,32,20260920,"1,32",100000,0.03,0.1,2.4,8.0,2.4/8,3,0.15,False,True,0.0,10.0,sinus,0.0,A2,Mean across views,AP,-0.4960811105805864,0.004916604305679109,1.5547667959736715,0.004316774986133837,1.6319840946342603,0.004583986662534689,1.2584966997797213,0.0032856794388255984,-3.6153082579487963,0.016659554224306254,-3.0113466510385067,0.016400743542204835,-1.4510576295552904,0.005884161338780626,-0.4868085455445541,0.005272195230795887,0.45892279427692007,0.00417988717288114,1.9951265242115688,0.011101656721347872,2.581236099770189,0.016011828817576543,1.0160470942141897,0.0026074481437928657,2.627996000044616,0.00832667114907355,3.254390342372145,0.01432370065801605,1.994131164067183,0.005796249197072681,0.50691,0.0015809878301239386,50691.0,0.19848,0.0012612917568905302,19848.0,0.06596,0.0007849157814695791,6596.0,100000
overestimation off,12 scenarios,repro_e1b,32,20260920,"1,32",100000,0.03,0.1,2.4,8.0,2.4/8,3,0.15,False,True,0.0,10.0,sinus,0.0,A2,Mean across views,SL,-0.3203343901178418,0.0037519816103235705,1.186480762768881,0.003190850937886052,1.2289575438341191,0.0032259250860860404,0.9596214659675365,0.002427898641403549,-2.672170699528091,0.011881999401511393,-2.249310473947113,0.007192006382289553,-1.0746015101634858,0.0044567949250189495,-0.3173966176414136,0.003940674724259016,0.44032650386739625,0.004113970661920885,1.5950813621900977,0.0046896178343962145,1.9995287396318302,0.010892007445052426,0.7889829335781395,0.002873840347634809,1.9893943711462696,0.005700126737211154,2.427394577752422,0.007110875998351072,1.975165529461174,0.004466028464080207,0.39484,0.001545772863004135,39484.0,0.09827,0.0009413448204563512,9827.0,0.01961,0.00043846833295005464,1961.0,100000
overestimation off,12 scenarios,repro_e1b,32,20260920,"1,32",100000,0.03,0.1,2.4,8.0,2.4/8,3,0.15,False,True,0.0,10.0,sinus,0.0,A3,Largest view mean,AP,0.5740248453108047,0.005497922138271562,1.738595635520133,0.005261598893349799,1.8308984351230162,0.005889379903647552,1.3791970304853074,0.0038079116731191786,-2.613544868848937,0.01606573518564808,-2.04495873005688,0.014045631083011196,-0.5304559236715201,0.007519786642286393,0.48300712634105514,0.005673429488845211,1.55575933777197,0.00668625452732341,3.5066560762992713,0.012841398486735489,4.316254180491574,0.024130651050465766,1.0809794655626455,0.00404753366703813,2.9243178662593285,0.009005246341724086,3.662989740959985,0.011438976898324047,2.0006515220566414,0.005185871860999651,0.53119,0.0015780595169384455,53119.0,0.23191,0.0013346450910260749,23191.0,0.09299,0.0009183836883351097,9299.0,100000
overestimation off,12 scenarios,repro_e1b,32,20260920,"1,32",100000,0.03,0.1,2.4,8.0,2.4/8,3,0.15,False,True,0.0,10.0,sinus,0.0,A3,Largest view mean,SL,0.46668720904450317,0.004115978720435949,1.3015867557363034,0.0036036643869814047,1.382717647429538,0.004085171161216498,1.063854233783244,0.0027930808493045337,-1.9621994585690359,0.006720023428566769,-1.546726164942898,0.013031873981656655,-0.38181222552567107,0.004168035175848061,0.4187806004744916,0.004072235574193073,1.256263832636065,0.004261738472288774,2.6379198232074628,0.007697359246574315,3.1610477341121848,0.017729541362082837,0.8599535824252296,0.002680406077743629,2.220255229232291,0.007741142422217293,2.7418449709117674,0.009577421691259837,1.9829391604344078,0.006031137517556588,0.43432,0.0015674378380018774,43432.0,0.13246,0.0010719811024453743,13246.0,0.03488,0.0005802015649754833,3488.0,100000
overestimation off,12 scenarios,repro_e1b,32,20260920,"1,32",100000,0.03,0.1,2.4,8.0,2.4/8,3,0.15,False,True,0.0,10.0,sinus,0.0,A4,Largest view mean after review,AP,0.5635332772790543,0.0054881571524729895,1.7355076758758643,0.005135630237574517,1.8246990238820169,0.0058500723001951955,1.3756400888202054,0.003790983045780047,-2.629675991031926,0.017406156044289432,-2.0570504654550286,0.013189361445454444,-0.5378441847900373,0.0067860951651789,0.47620519994791444,0.005303693118848977,1.5466254772356467,0.006738922250748892,3.4880412643764167,0.009946587990454664,4.292588242351876,0.026774573742205435,1.079168062560397,0.004179435287277549,2.9164103503275194,0.010414943042527134,3.6520488959667983,0.009528119983686755,2.0014527591499034,0.004713043403703075,0.53047,0.0015782001745659516,53047.0,0.23112,0.0013330549336017627,23112.0,0.0923,0.0009153180321614996,9230.0,100000
overestimation off,12 scenarios,repro_e1b,32,20260920,"1,32",100000,0.03,0.1,2.4,8.0,2.4/8,3,0.15,False,True,0.0,10.0,sinus,0.0,A4,Largest view mean after review,SL,0.46387495191451994,0.0041129601389059385,1.3006321964425285,0.003482999443458274,1.3808718858009639,0.004069954922057208,1.062892930021387,0.002787603908451866,-1.9658691929134202,0.008873558169615619,-1.5504347758481674,0.0048125872358603305,-0.38361364860781055,0.004761616637429479,0.41734492537255496,0.004524186299093517,1.2542274546150356,0.005654427887364815,2.632887587197968,0.009652989344323439,3.1535895950837207,0.017432985591236332,0.8596301803806345,0.0025269579523021805,2.2183241116802233,0.005383949489482668,2.7380236400761175,0.009272142678497826,1.9828223517549193,0.006026502792057153,0.43409,0.0015673412898918983,43409.0,0.13218,0.001071020296726444,13218.0,0.03468,0.0005785956930361649,3468.0,100000
overestimation off,12 scenarios,repro_e1b,104,20260920,"1,104",100000,0.03,0.25,2.4,20.0,2.4/20,3,0.15,False,True,0.0,10.0,sinus,0.0,A1,Anchor-view mean,AP,-0.09196229698868252,0.005767448569962727,1.82382737689632,0.005295500114512546,1.8261352910781115,0.005294740256655881,1.4000851653133826,0.0037074861788604216,-3.5711652810686867,0.020789983656495082,-2.949197176989245,0.014239283079345588,-1.2374355122423486,0.007835577930005633,-0.15074002609773984,0.00735387846017517,0.9876317299251538,0.006330661264605802,2.936876823128968,0.016122680494779378,3.7235481508150237,0.02301342257607221,1.1208962578348505,0.005173786156457847,2.942778322211332,0.012963866822481428,3.647096541684728,0.011694881230670343,1.9971666718798036,0.0034935976514813773,0.54534,0.0015746246676589313,54534.0,0.2418,0.0013540042835973598,24180.0,0.09412,0.0009233711366509134,9412.0,100000
overestimation off,12 scenarios,repro_e1b,104,20260920,"1,104",100000,0.03,0.25,2.4,20.0,2.4/20,3,0.15,False,True,0.0,10.0,sinus,0.0,A1,Anchor-view mean,SL,-0.0584420706504077,0.004376412563705268,1.3839431681885395,0.003365799082753651,1.3851696702609078,0.0037721688892224238,1.0758269548899135,0.0027591647133379383,-2.719587926831074,0.0160766673007124,-2.251237371191226,0.014597667967728696,-0.9480328964675285,0.005356268488919044,-0.08767559730604413,0.0051422812370229476,0.8021846028562067,0.006145541758381231,2.2205798713429714,0.009382808113631654,2.762071227532341,0.012946398668085496,0.8779438975148306,0.002874596261962351,2.2350529728419595,0.005505959473896713,2.739009608576535,0.007406388002277198,1.9773820257417425,0.004671675581852566,0.4437,0.0015710834159903795,44370.0,0.13655,0.0010858365323565054,13655.0,0.03499,0.0005810826094455073,3499.0,100000
overestimation off,12 scenarios,repro_e1b,104,20260920,"1,104",100000,0.03,0.25,2.4,20.0,2.4/20,3,0.15,False,True,0.0,10.0,sinus,0.0,A2,Mean across views,AP,-1.3747492420201783,0.005566448148704109,1.760265462713264,0.005173208952060701,2.2334813615320823,0.006121516170715,1.7374311209819053,0.004438233646477688,-5.200373333337248,0.03148859998444993,-4.394677388248658,0.014922562162646494,-2.3780501805465826,0.008746658685285298,-1.2664858585779064,0.007794794796897481,-0.2453861595281528,0.007303936956971629,1.2703066627623134,0.015316816068496433,1.8175987016806399,0.016165964457393874,1.4304016750881763,0.006193164715208797,3.584227498787755,0.01233452892904548,4.420499285868737,0.016848336792318945,1.979196854741803,0.00615862615813901,0.63806,0.0015196691626798249,63806.0,0.34374,0.0015019414515885766,34374.0,0.16194,0.0011649696837257183,16194.0,100000
overestimation off,12 scenarios,repro_e1b,104,20260920,"1,104",100000,0.03,0.25,2.4,20.0,2.4/20,3,0.15,False,True,0.0,10.0,sinus,0.0,A2,Mean across views,SL,-0.8805446537433039,0.004137836910153684,1.308498922239915,0.0031959033795975816,1.5771845786225018,0.0042627832773609094,1.2272353859622815,0.003132753288450617,-3.650281234738645,0.02015777186452625,-3.088842241596911,0.01009847753730986,-1.6648511834835693,0.006005518680831807,-0.8190627555422489,0.004562396221582872,-0.02432116825079289,0.004698267813108837,1.1244873404107327,0.006251923459294823,1.5209454309423622,0.00799674519576766,1.0050231684242215,0.0037557941825841247,2.5497932207244314,0.008009995073593259,3.110945576379956,0.013409235384074063,1.9724676607585312,0.0058289089188629075,0.50247,0.0015811195372267082,50247.0,0.1878,0.001235035060231085,18780.0,0.05713,0.000733935713124794,5713.0,100000
overestimation off,12 scenarios,repro_e1b,104,20260920,"1,104",100000,0.03,0.25,2.4,20.0,2.4/20,3,0.15,False,True,0.0,10.0,sinus,0.0,A3,Largest view mean,AP,0.27687026579537166,0.005591994460834382,1.7683439159281888,0.005570817318416384,1.7898787888233636,0.005992972604828006,1.3557349583223672,0.003695487055973842,-3.0452495868095797,0.020365881517120182,-2.4420570983011505,0.011738964889415124,-0.8342123543591173,0.007274841035254486,0.20553985748717274,0.007140186958627713,1.3004246822572831,0.008615969736248971,3.239018471599319,0.019787498498618408,4.042333116671722,0.021210658892558513,1.0705393963931638,0.004810209213964067,2.8672691720829224,0.010827227750024291,3.591422139116022,0.016552407582780895,2.006516956087827,0.006330648829006449,0.52731,0.0015787785275332318,52731.0,0.22572,0.0013220078728963757,22572.0,0.08764,0.0008941992529632308,8764.0,100000
overestimation off,12 scenarios,repro_e1b,104,20260920,"1,104",100000,0.03,0.25,2.4,20.0,2.4/20,3,0.15,False,True,0.0,10.0,sinus,0.0,A3,Largest view mean,SL,0.25223350123625304,0.0041940367196930265,1.326270862461113,0.00317349190982536,1.3500364994381586,0.0038495533610639785,1.042319982070592,0.002713254441701448,-2.2677108071389607,0.0144434921913559,-1.8297095032893174,0.00733502613211447,-0.6048529044031761,0.006198986644728638,0.21758119173531232,0.004810719786506671,1.0664582632301418,0.004881127193122496,2.453187473875256,0.011669089380399037,2.9830448785968366,0.016783263142048036,0.8476191887205218,0.003031387321339632,2.1702166274597263,0.0068129349136705165,2.6708008458226717,0.009381793562787165,1.9783175098852308,0.005368629277069044,0.42676,0.0015640840846962158,42676.0,0.12501,0.0010458608889331316,12501.0,0.0319,0.0005557192636574693,3190.0,100000
overestimation off,12 scenarios,repro_e1b,104,20260920,"1,104",100000,0.03,0.25,2.4,20.0,2.4/20,3,0.15,False,True,0.0,10.0,sinus,0.0,A4,Largest view mean after review,AP,0.27087859003740156,0.005581788057098965,1.765116367675872,0.005285806613858578,1.7857714987142115,0.005494960145215144,1.3545551912979468,0.003679909810150236,-3.0563596509408533,0.01983986640970657,-2.449110430694328,0.010899109413945663,-0.8380202763825557,0.006887855387014215,0.20190436942704082,0.0060649828680920045,1.2960063658665404,0.007070275664168565,3.225122974910485,0.015759170962386496,4.025526609484602,0.027740725123060393,1.070478361903894,0.004799129473098108,2.8645925787729607,0.010741369383559941,3.5858188105312414,0.013170760370638575,2.007994199209192,0.004360247502852294,0.52731,0.0015787785275332318,52731.0,0.22549,0.0013215304003313735,22549.0,0.08737,0.0008929528716567298,8737.0,100000
overestimation off,12 scenarios,repro_e1b,104,20260920,"1,104",100000,0.03,0.25,2.4,20.0,2.4/20,3,0.15,False,True,0.0,10.0,sinus,0.0,A4,Largest view mean after review,SL,0.2512972678158114,0.004193555615069029,1.326118723820646,0.003265710829555166,1.3497124140240742,0.0038434690816261754,1.0421576969304347,0.0027122652740509414,-2.2700733561507835,0.01073775215159789,-1.830537717550681,0.006587535451305194,-0.6056528917121689,0.006587123707750765,0.21697953877254106,0.004508144133917962,1.065880068954397,0.005026016305281833,2.4507028303434533,0.012683345942671719,2.979331513573335,0.016469277433854027,0.8475395506403756,0.0030492837830722193,2.1700518900757526,0.0070251815981811775,2.670358022962334,0.008885475716612726,1.9784644456227873,0.005155744943395162,0.42672,0.0015640653490183842,42672.0,0.12498,0.0010457533150796128,12498.0,0.03186,0.000555382214335317,3186.0,100000
overestimation off,12 scenarios,repro_e1b,176,20260920,"1,176",100000,0.03,0.5,2.4,40.0,2.4/40,3,0.15,False,True,0.0,10.0,sinus,0.0,A1,Anchor-view mean,AP,-0.09013325665309238,0.00577254450699519,1.825438853679858,0.005859990809326927,1.827653602357088,0.005354552056787825,1.3980110874829657,0.0037227631518121336,-3.5794132937997865,0.02068995706557445,-2.948390015214248,0.013359615361305786,-1.2319557134050985,0.004991202919814172,-0.13237245836399492,0.007035195553378592,0.9887989478902819,0.006373919370982322,2.9224215026648817,0.014091440606519427,3.707772900201979,0.027978809031066285,1.1185852522222162,0.003932214431609078,2.936746403303042,0.010901133398892293,3.6426153818322673,0.012524694673618587,1.993055673752652,0.004909775764592677,0.54585,0.0015744769845888506,54585.0,0.24157,0.0013535654217657898,24157.0,0.09417,0.00092359087858207,9417.0,100000
overestimation off,12 scenarios,repro_e1b,176,20260920,"1,176",100000,0.03,0.5,2.4,40.0,2.4/40,3,0.15,False,True,0.0,10.0,sinus,0.0,A1,Anchor-view mean,SL,-0.05806440429140146,0.004382999655035385,1.3860261893644112,0.003583722168823727,1.3872349699902211,0.003840139629156881,1.0774440446119258,0.0027632278735608205,-2.7219686502051044,0.01724882946901213,-2.25877253749226,0.010099774542224943,-0.9487429133700367,0.006408024098688875,-0.07977302480982185,0.00549937766094958,0.8056019116388136,0.004762469489168731,2.2058836683309946,0.012172631790623492,2.748398135369565,0.011822935818462102,0.8805651249290634,0.0033554556019057004,2.2355312654470003,0.0068052249860002635,2.735299481915185,0.0076976862146405445,1.9717636457322487,0.004147687072280598,0.44414,0.0015712404666377454,44414.0,0.13776,0.0010898723888602738,13776.0,0.03418,0.0005745583312423553,3418.0,100000
overestimation off,12 scenarios,repro_e1b,176,20260920,"1,176",100000,0.03,0.5,2.4,40.0,2.4/40,3,0.15,False,True,0.0,10.0,sinus,0.0,A2,Mean across views,AP,-2.726445406867033,0.00731372988084256,2.312804461469437,0.006892483635505793,3.5752644018274373,0.008950201237634315,2.8630732270218573,0.00677153829895105,-8.16752806421583,0.05127252575270396,-6.915337257777443,0.03125757627873435,-3.946800501447749,0.009874240392699065,-2.4369463917383665,0.009387324036042257,-1.1768315427143696,0.007521054336147371,0.45683300481919675,0.011274314862048886,0.9785660827359329,0.022521734211413843,2.4547388387835145,0.007953344285436266,5.684916090047528,0.015440271075392493,6.916586807027032,0.03224447859498542,1.9345665186305476,0.007117600526150224,0.8052,0.0012524095176898009,80520.0,0.59538,0.001552103912758421,59538.0,0.39336,0.0015447585908484214,39336.0,100000
overestimation off,12 scenarios,repro_e1b,176,20260920,"1,176",100000,0.03,0.5,2.4,40.0,2.4/40,3,0.15,False,True,0.0,10.0,sinus,0.0,A2,Mean across views,SL,-1.745387879524904,0.005205446010452024,1.6461065630065053,0.006162586201538455,2.39917039205167,0.006320780503551378,1.8965247164298151,0.004646756032341054,-5.479947174539339,0.026644812021218205,-4.6507040264364585,0.020420025030488377,-2.6465775947923578,0.008198585725792887,-1.5777575254008238,0.005640634304415517,-0.6424644115452781,0.005445173510202368,0.59345188422675,0.008782921526002452,0.9855607566558248,0.00817362410266807,1.605703365497959,0.006644785147546341,3.818737633919191,0.014633395124477727,4.651643977642144,0.021825623464354033,1.938855194717643,0.005928593341829663,0.68353,0.0014707710192276703,68353.0,0.39299,0.0015445027028140805,39299.0,0.19206,0.0012456843757549503,19206.0,100000
overestimation off,12 scenarios,repro_e1b,176,20260920,"1,176",100000,0.03,0.5,2.4,40.0,2.4/40,3,0.15,False,True,0.0,10.0,sinus,0.0,A3,Largest view mean,AP,0.1123363522425257,0.00567780268748624,1.7954788597481723,0.005625356143831204,1.7989806987275865,0.005422861029950622,1.368532912833654,0.0036925097907981037,-3.310378171679789,0.019080656259684404,-2.6837557660040434,0.011369117014118656,-1.0136948525025493,0.006691187930454011,0.06251315598505292,0.007447885965428383,1.1607056973282948,0.00661485500602916,3.0928243105092528,0.02462809679721322,3.885352595091448,0.03035023734460238,1.08745409282818,0.003484561497062907,2.883476983446329,0.011973701940224537,3.603724029471462,0.013760486992007204,2.0032032761776515,0.005852726443974279,0.53447,0.001577376997106272,53447.0,0.23091,0.0013326311263811904,23091.0,0.08933,0.0009019431861264877,8933.0,100000
overestimation off,12 scenarios,repro_e1b,176,20260920,"1,176",100000,0.03,0.5,2.4,40.0,2.4/40,3,0.15,False,True,0.0,10.0,sinus,0.0,A3,Largest view mean,SL,0.12369546461152887,0.004276680686366953,1.3524051794171787,0.00363030886976895,1.358043462957714,0.0038622625271067736,1.0499811940193569,0.0027236537184037245,-2.4672964593996216,0.010025877742935832,-2.0180784753334655,0.013004376847868645,-0.7450125651144721,0.00668554341216335,0.0993090632314888,0.005125928696653625,0.9588990356241573,0.0041538610504723425,2.336926692409595,0.009105014489533976,2.87483146180316,0.016594762628399946,0.8537821008191511,0.003067216379188726,2.1815623544005662,0.005385566399266085,2.6766140758703063,0.01235491464431945,1.9709340303739964,0.006516130147991696,0.42946,0.001565324593814331,42946.0,0.12864,0.001058733915580303,12864.0,0.03195,0.0005561402475994702,3195.0,100000
overestimation off,12 scenarios,repro_e1b,176,20260920,"1,176",100000,0.03,0.5,2.4,40.0,2.4/40,3,0.15,False,True,0.0,10.0,sinus,0.0,A4,Largest view mean after review,AP,0.10882101656246337,0.00567790877882127,1.7955124087740428,0.0056580300213266545,1.7987980945784752,0.005428238467075958,1.3683475912943284,0.0036923069855972677,-3.3141981168541164,0.017771192226258198,-2.6874967795282365,0.01603198992660571,-1.0157633796563916,0.006753438805329565,0.0596419800145771,0.006234938283561481,1.1574938232386573,0.006432329220047092,3.0865488305980726,0.018204270379299607,3.8784013337717167,0.02247366868615247,1.0874360833005507,0.003521931579794101,2.8828902145909097,0.01410779962202196,3.6018226024900635,0.012692992660974664,2.002349576278656,0.005375467454476043,0.53441,0.0015773900972809484,53441.0,0.2309,0.00133261093346858,23090.0,0.08928,0.0009017154850616684,8928.0,100000
overestimation off,12 scenarios,repro_e1b,176,20260920,"1,176",100000,0.03,0.5,2.4,40.0,2.4/40,3,0.15,False,True,0.0,10.0,sinus,0.0,A4,Largest view mean after review,SL,0.122639846569431,0.00427690745467113,1.352476889851412,0.0036705623322148247,1.3580191374245598,0.0038626156606722697,1.0499668495427508,0.0027235877265157434,-2.4688043055249587,0.009040674610580914,-2.0200579664901883,0.012720875727799438,-0.7460679074141053,0.0066509220384661895,0.09849983347172309,0.005273172491356085,0.9583587156021791,0.005148837862394126,2.3357762146296337,0.010086958552144577,2.8735640880391506,0.015152185727936498,0.8537342333215994,0.003068650585427334,2.181526873676252,0.005472362521332878,2.6765348570991296,0.012894925418996405,1.9709110006911192,0.006808443514650855,0.42945,0.001565320087074845,42945.0,0.12864,0.001058733915580303,12864.0,0.03194,0.0005560560799056153,3194.0,100000
overestimation off,12 scenarios,repro_e1b,248,20260920,"1,248",100000,0.06,0.1,4.8,8.0,4.8/8,3,0.15,False,True,0.0,10.0,sinus,0.0,A1,Anchor-view mean,AP,-0.361589270725207,0.005822021749343011,1.8410849314961835,0.005231799543686538,1.8762480192524238,0.005378628363841084,1.4419025141624233,0.0037963642893991925,-3.9688279389578978,0.01660778264371806,-3.2902967127737117,0.014077296293214902,-1.4949268006754286,0.007839395540210374,-0.38592761040522916,0.004829716623166423,0.7496680351020684,0.008150847536441871,2.6346495507699594,0.013540634455627535,3.3845277705894037,0.013855090941541224,1.1570210745570835,0.004696061006509547,3.0212450737351606,0.011973066363422815,3.741529627753729,0.013390450885427922,1.9941551379995657,0.005436561846971759,0.55962,0.0015698581324438206,55962.0,0.25506,0.0013784208225357017,25506.0,0.102,0.0009570579919733181,10200.0,100000
overestimation off,12 scenarios,repro_e1b,248,20260920,"1,248",100000,0.06,0.1,4.8,8.0,4.8/8,3,0.15,False,True,0.0,10.0,sinus,0.0,A1,Anchor-view mean,SL,-0.2210790723969476,0.004394338404134031,1.3896118166613016,0.00424084302978279,1.4070812510465087,0.0037965077627636185,1.0948606384935418,0.0027949340617991897,-2.9379668737163005,0.01609217576781467,-2.446182035959763,0.01532210255457763,-1.111064403149944,0.006139155978225404,-0.2268443396238955,0.005918431282974016,0.653747259746478,0.00525874312691126,2.0337674602042153,0.011025293619017787,2.5516754152510313,0.016529990680557556,0.8968830993117141,0.0033239250876321946,2.2806550811320974,0.009164716755713074,2.7764646569358518,0.009754681357823397,1.9732084802287515,0.004484996059467807,0.45303,0.0015741468136739978,45303.0,0.14375,0.0011094410191623528,14375.0,0.03683,0.000595596768795802,3683.0,100000
overestimation off,12 scenarios,repro_e1b,248,20260920,"1,248",100000,0.06,0.1,4.8,8.0,4.8/8,3,0.15,False,True,0.0,10.0,sinus,0.0,A2,Mean across views,AP,-0.5878333607803672,0.004951759449712281,1.5658838286352816,0.004171438425770863,1.6725775631958542,0.004714581183972121,1.2901195855335432,0.0033661825427535133,-3.758184026276398,0.01844722486320054,-3.133578423352195,0.015474529518851574,-1.536524504170941,0.005695952237634127,-0.5703382261986518,0.004127495093781071,0.3809536537572571,0.007241768963796399,1.8946046088650972,0.010744345006902028,2.492696325041894,0.019344085772381857,1.0407546967053536,0.0026314697401622904,2.701847468290843,0.006429965096756267,3.3264524200328505,0.011551878566836418,1.9888180334530365,0.004883893516356613,0.51663,0.0015802640383809283,51663.0,0.20899,0.0012857417310642133,20899.0,0.07189,0.0008168343032708652,7189.0,100000
overestimation off,12 scenarios,repro_e1b,248,20260920,"1,248",100000,0.06,0.1,4.8,8.0,4.8/8,3,0.15,False,True,0.0,10.0,sinus,0.0,A2,Mean across views,SL,-0.37185569100507726,0.0037666973865169047,1.1911342997997028,0.003558474945812918,1.2478234599024778,0.0033427117532772643,0.9712634865239022,0.0024773307490039836,-2.763902582905855,0.010268201292089166,-2.3167403633650387,0.010168061286664804,-1.1242285179935867,0.005330191946978217,-0.356287705513072,0.0029932033950694045,0.38732342091568905,0.004370782335966388,1.5374655808411613,0.005610861910192729,1.9583611102012326,0.014110459701751196,0.7957284220404337,0.003444602778149996,2.0176090816832075,0.004475427168303405,2.464009295801465,0.008819264454286739,1.974645753169312,0.00451956853402023,0.3995,0.0015488697492042384,39950.0,0.10295,0.00096099582465274,10295.0,0.02114,0.00045489669596513886,2114.0,100000
overestimation off,12 scenarios,repro_e1b,248,20260920,"1,248",100000,0.06,0.1,4.8,8.0,4.8/8,3,0.15,False,True,0.0,10.0,sinus,0.0,A3,Largest view mean,AP,0.457821854670293,0.005520223439664391,1.7456479262388556,0.00502581066885397,1.8046764419498968,0.005836966507319021,1.360886478247689,0.0037481450105919883,-2.7578344034333493,0.015278285322884838,-2.192211865358828,0.010683395776947853,-0.643699805597771,0.0059357298551502855,0.379077404140332,0.006828130790350536,1.455178018519668,0.0062528191198340756,3.3784960575238006,0.02058730308114995,4.179622577047215,0.014295763069868715,1.0719029927909265,0.003237408691723341,2.861910902519322,0.009313940825380727,3.6109105754016673,0.01474707867183583,2.000863141705441,0.0061080134852688536,0.52859,0.001578551905703452,52859.0,0.22527,0.0013210731512675595,22527.0,0.08796,0.0008956731457401187,8796.0,100000
overestimation off,12 scenarios,repro_e1b,248,20260920,"1,248",100000,0.06,0.1,4.8,8.0,4.8/8,3,0.15,False,True,0.0,10.0,sinus,0.0,A3,Largest view mean,SL,0.40386948237418446,0.0041133392815343815,1.3007520918689228,0.003936993562366514,1.3620020718539767,0.0039385238628516905,1.0490319313262457,0.002746978697923263,-2.047891632368106,0.013937611826790375,-1.6251049882664679,0.007321236657492753,-0.4329518820904795,0.005857030832999287,0.3665441096435482,0.0043622529143883945,1.192039381252462,0.004243747285401348,2.554704026940954,0.007419688147011273,3.1047683841453293,0.011627476050423394,0.851262510230629,0.0035918169481365765,2.188047955736802,0.008138697409107845,2.6934078219285262,0.00936745029092361,1.9775357744222966,0.004658359040803309,0.42902,0.0015651256805764835,42902.0,0.12813,0.001056942302587989,12813.0,0.03309,0.0005656416878201253,3309.0,100000
overestimation off,12 scenarios,repro_e1b,248,20260920,"1,248",100000,0.06,0.1,4.8,8.0,4.8/8,3,0.15,False,True,0.0,10.0,sinus,0.0,A4,Largest view mean after review,AP,0.4427182392478698,0.005515254913788021,1.744076740400574,0.004857364079279112,1.7993811985602886,0.005792425328291935,1.3579745999513577,0.0037332179423861865,-2.7815388316068463,0.011766246570371721,-2.211199166808537,0.01481351521259088,-0.6553290574468771,0.007162679557483918,0.36847454097271637,0.006434715022649369,1.4432762387505402,0.007532497205583304,3.3513029040256037,0.013005995207961613,4.142191781500832,0.023305319163347528,1.0704632802772474,0.003088082750475757,2.855422937965177,0.010419136110266845,3.5996251909942134,0.01359937613689228,2.0004794947698277,0.005881766566359449,0.52801,0.0015786558836554596,52801.0,0.22464,0.0013197608510635555,22464.0,0.08735,0.0008928604454224635,8735.0,100000
overestimation off,12 scenarios,repro_e1b,248,20260920,"1,248",100000,0.06,0.1,4.8,8.0,4.8/8,3,0.15,False,True,0.0,10.0,sinus,0.0,A4,Largest view mean after review,SL,0.40055206218313205,0.004111150784489213,1.3000600283373946,0.003959959441093228,1.3603606618242878,0.0039410761312067225,1.0478675330474452,0.0027432868771730123,-2.0529631803879465,0.012385177358490098,-1.6279407742750993,0.008864132489606553,-0.4358352647770638,0.006319657030676516,0.3642280779181797,0.004675873939425858,1.18878406841751,0.004311780600985426,2.5469451497131006,0.010073682218131517,3.0920416724877122,0.024536228177393274,0.8505095998146395,0.003301696102829953,2.1843653616963232,0.009576069623483218,2.689161716422362,0.01269306002955178,1.976800558769546,0.00647707322231779,0.42861,0.0015649391933873981,42861.0,0.12765,0.001055251048329259,12765.0,0.03278,0.0005630761191881609,3278.0,100000
overestimation off,12 scenarios,repro_e1b,320,20260920,"1,320",100000,0.06,0.25,4.8,20.0,4.8/20,3,0.15,False,True,0.0,10.0,sinus,0.0,A1,Anchor-view mean,AP,-0.3490087235817615,0.00581295559905319,1.8382179630436601,0.005350818815437074,1.871047454860447,0.005762423125123253,1.4329562978476234,0.003804562131824903,-3.949501560068963,0.019000364966165636,-3.2676269366300588,0.0164995210967525,-1.4783791910934334,0.005565900134755729,-0.3654298719247162,0.0058628110970331765,0.7544289145489684,0.004131980697651615,2.621967042517377,0.020185112472908037,3.401677752142886,0.01974392951977721,1.147862859995557,0.003570100452082185,3.0106257380052672,0.01104288372465929,3.7299010728647204,0.014645147559782596,1.993482882101949,0.005487442449646982,0.55561,0.001571329144068804,55561.0,0.25339,0.001375439958340603,25339.0,0.10081,0.0009520889869124629,10081.0,100000
overestimation off,12 scenarios,repro_e1b,320,20260920,"1,320",100000,0.06,0.25,4.8,20.0,4.8/20,3,0.15,False,True,0.0,10.0,sinus,0.0,A1,Anchor-view mean,SL,-0.21812973695307147,0.004395011934575683,1.3898248056882094,0.003446401671853698,1.4068312821797717,0.003842924755896479,1.0936108540335001,0.002798566398057376,-2.938683809260674,0.014792624919538597,-2.451743392693086,0.00903167192976363,-1.1050626910559007,0.005436599882538644,-0.2251456691085274,0.0048751797843007115,0.655392668476517,0.005426484707030702,2.025259161265128,0.009884907825990512,2.5464353660156682,0.010909910778889765,0.8940185173604895,0.0032424450452961276,2.2766292996881847,0.00897633194100301,2.7715030164935124,0.010245402762561499,1.9700322644228467,0.004787942581453428,0.45178,0.0015737688254632571,45178.0,0.14288,0.0011066404366369413,14288.0,0.03641,0.000592320115309281,3641.0,100000
overestimation off,12 scenarios,repro_e1b,320,20260920,"1,320",100000,0.06,0.25,4.8,20.0,4.8/20,3,0.15,False,True,0.0,10.0,sinus,0.0,A2,Mean across views,AP,-1.457568439579681,0.005629396974673735,1.7801716293230214,0.00507186543816327,2.3007575047785953,0.006408426863058994,1.7856416273516234,0.004588017136373096,-5.352222561810609,0.01479055664397441,-4.529553518856196,0.023811776317501344,-2.4516135338101464,0.007234892581714949,-1.328655861763047,0.0054518704687899775,-0.3088766931710274,0.005880940978188255,1.1557940008807714,0.010408768078099229,1.7096696920579422,0.01473357139581331,1.4605096984653754,0.005249417011910208,3.6935050386158634,0.011825407576107241,4.5537064317787825,0.02417025585612111,1.9792205055599683,0.00810252904024102,0.64729,0.001510978675891887,64729.0,0.35729,0.0015153674666561901,35729.0,0.17248,0.001194699332886731,17248.0,100000
overestimation off,12 scenarios,repro_e1b,320,20260920,"1,320",100000,0.06,0.25,4.8,20.0,4.8/20,3,0.15,False,True,0.0,10.0,sinus,0.0,A2,Mean across views,SL,-0.9289636712550565,0.004180967369654125,1.322137971095019,0.003883390091048523,1.6158604013449862,0.00452954747594551,1.2541056392187713,0.003222164279885654,-3.7644993013685877,0.02208855686544461,-3.1711321754423354,0.012491669738211853,-1.710003605392742,0.004451375685719313,-0.8562463144219286,0.00421344675230574,-0.06125214172264126,0.004570943426796527,1.065161837651249,0.011132802285895712,1.4698302637820517,0.010051829480339834,1.0215612471782352,0.0034078168185100945,2.601801268670245,0.006850410120050624,3.1886964718319954,0.008389324246973522,1.973373732766664,0.004346583945117007,0.50904,0.001580880382571686,50904.0,0.19717,0.0012581493993163134,19717.0,0.0622,0.0007637483878870056,6220.0,100000
overestimation off,12 scenarios,repro_e1b,320,20260920,"1,320",100000,0.06,0.25,4.8,20.0,4.8/20,3,0.15,False,True,0.0,10.0,sinus,0.0,A3,Largest view mean,AP,0.11570059010086967,0.00561283230674037,1.7749334213876427,0.005324678391342265,1.778691590192642,0.005888542953701212,1.349053901884576,0.0036658024782301618,-3.2813554450809876,0.015974768159472227,-2.6542559697625276,0.013875886398256156,-0.9769972389758275,0.007446790604685504,0.07024621960640687,0.005432870593789817,1.1561290429560251,0.006839707050564966,3.0383710623436917,0.01122565993991199,3.8068855462312685,0.029390504819678892,1.0674343454534014,0.004113983594274824,2.8446542716163288,0.00894168266242021,3.5459971487379587,0.014416179078576364,1.9935986476182237,0.005813506253674286,0.52661,0.0015788980584572267,52661.0,0.22381,0.0013180253559776458,22381.0,0.08604,0.0008867757236189995,8604.0,100000
overestimation off,12 scenarios,repro_e1b,320,20260920,"1,320",100000,0.06,0.25,4.8,20.0,4.8/20,3,0.15,False,True,0.0,10.0,sinus,0.0,A3,Largest view mean,SL,0.15723365219095958,0.004203765792634111,1.3293474654626871,0.003527749204206389,1.3386072738733112,0.003982176896874934,1.0327487555737365,0.0026931518609138675,-2.4068490241482556,0.012781552241854465,-1.9524870864459458,0.011026503825271712,-0.6937514856677652,0.005199704986321324,0.1367263228381863,0.0039049872566389045,0.9755500612679183,0.005172544321203691,2.3281532389476505,0.010035149700541328,2.843231564465522,0.013507821587364358,0.8387183511471232,0.003061196145731445,2.148687240396061,0.007138592781662634,2.638056531227664,0.009366858480955849,1.9707471957733702,0.004868499149135178,0.42277,0.0015621636505180883,42277.0,0.12252,0.0010368647433489095,12252.0,0.03001,0.0005395312771285832,3001.0,100000
overestimation off,12 scenarios,repro_e1b,320,20260920,"1,320",100000,0.06,0.25,4.8,20.0,4.8/20,3,0.15,False,True,0.0,10.0,sinus,0.0,A4,Largest view mean after review,AP,0.10834037371776391,0.005612470571979052,1.7748190308121805,0.005336509596597694,1.7781138121291535,0.005892075203973917,1.3484837410865362,0.003665097218147628,-3.293493059588703,0.01663939319520967,-2.6657903742574645,0.016047678812958495,-0.9826384454877894,0.006903598110719911,0.06442241947879968,0.0054829960132106595,1.15092489038132,0.00613608167243584,3.0258996394124753,0.01692804455660317,3.787660904834226,0.023449245018244493,1.066862931880654,0.004021966306674576,2.8435652010591235,0.008300934011132301,3.543750558589106,0.012894132129545658,1.992982976914025,0.005453571567041222,0.52644,0.0015789266176741718,52644.0,0.2236,0.0013175850636676176,22360.0,0.08591,0.0008861685612793989,8591.0,100000
overestimation off,12 scenarios,repro_e1b,320,20260920,"1,320",100000,0.06,0.25,4.8,20.0,4.8/20,3,0.15,False,True,0.0,10.0,sinus,0.0,A4,Largest view mean after review,SL,0.1547629185619086,0.004202512106884022,1.3289510152186492,0.00348111046566186,1.3379255213592682,0.00396836201028368,1.0324434567660203,0.0026909337606303213,-2.4130298252378286,0.008977098481315482,-1.9556409040704366,0.007953886083448465,-0.6956940207307718,0.006139457901267923,0.13565758551996954,0.003733546776933647,0.9736920296800937,0.005234892094759441,2.3242140598423986,0.010914565288096966,2.837750267602377,0.011121240171986551,0.8386669062165097,0.003033433250359111,2.1476286786772936,0.007330843054863471,2.637081139315793,0.008055808584233977,1.9710223754732212,0.004371417170810585,0.4227,0.001562129027961519,42270.0,0.12246,0.001036646267537775,12246.0,0.02996,0.0005390955240029358,2996.0,100000
overestimation off,12 scenarios,repro_e1b,392,20260920,"1,392",100000,0.06,0.5,4.8,40.0,4.8/40,3,0.15,False,True,0.0,10.0,sinus,0.0,A1,Anchor-view mean,AP,-0.36077363154801895,0.00584040312387726,1.8468976325014677,0.005821726757846769,1.8817955170132654,0.005413002511681157,1.4440093925996393,0.003815764408337159,-3.9882462236972382,0.014782776083522563,-3.30102822195347,0.015301548273465125,-1.5031522054425248,0.007904366004397933,-0.3758836296245569,0.006671196433866503,0.750049491488777,0.00857719486578312,2.6144451899424177,0.019512371742663875,3.396064945904579,0.01528823140617704,1.1587742853189065,0.003967123292381666,3.033898033790919,0.012636801344954032,3.748912674311305,0.016140884135527934,1.9921998115190946,0.005912174586004828,0.55869,0.0015702085336031007,55869.0,0.25674,0.0013813926755271292,25674.0,0.10283,0.0009604998235293956,10283.0,100000
overestimation off,12 scenarios,repro_e1b,392,20260920,"1,392",100000,0.06,0.5,4.8,40.0,4.8/40,3,0.15,False,True,0.0,10.0,sinus,0.0,A1,Anchor-view mean,SL,-0.2269564351228712,0.0044127086034126154,1.3954209837404523,0.0037258763404231744,1.4137501452907566,0.003833496648874686,1.0998009934476847,0.0028091549253690434,-2.9471733347822653,0.013493047617579964,-2.4666721500484536,0.006416821166482295,-1.116615666781696,0.006476280030523013,-0.23826554650408127,0.003899048422439626,0.6481741858005844,0.004274026318539544,2.036736764726049,0.009219866972771456,2.5621937839465567,0.014073743632427568,0.8981588988378961,0.003454721590526265,2.283526144999452,0.005782591847562903,2.792072130556753,0.010794679893921872,1.974940296103401,0.005208100707526004,0.45335,0.0015742419683771615,45335.0,0.14476,0.0011126748959152445,14476.0,0.03699,0.0005968395085783112,3699.0,100000
overestimation off,12 scenarios,repro_e1b,392,20260920,"1,392",100000,0.06,0.5,4.8,40.0,4.8/40,3,0.15,False,True,0.0,10.0,sinus,0.0,A2,Mean across views,AP,-2.8402421527190524,0.007460924361704576,2.3593514433224407,0.00785228753109794,3.6923514260965886,0.009294901211903087,2.9643021608185522,0.006961623530015212,-8.370789927316793,0.03556354089630327,-7.12728799282913,0.029011371426574378,-4.064850912866751,0.011573217374250126,-2.524351594036298,0.005510812217028696,-1.2763224214435824,0.005331243828940133,0.3616742225129594,0.01038083688375227,0.9097938335599036,0.019150660300443167,2.538873688333067,0.006523032214273565,5.835715584617892,0.01847239345726861,7.128317970770503,0.029650494670425864,1.9305632503963162,0.005206662671010528,0.81914,0.0012171674510929053,81914.0,0.61244,0.0015406402772873361,61244.0,0.41337,0.0015572258766794237,41337.0,100000
overestimation off,12 scenarios,repro_e1b,392,20260920,"1,392",100000,0.06,0.5,4.8,40.0,4.8/40,3,0.15,False,True,0.0,10.0,sinus,0.0,A2,Mean across views,SL,-1.8138414382101236,0.005287709209040367,1.6721204705214965,0.005377992372828024,2.466977841618469,0.006520715148328416,1.9541408125057462,0.004761655205174136,-5.680914983362877,0.022342452843982247,-4.788697326363642,0.01573116870102394,-2.7129408982571235,0.005858665470120508,-1.6322344930994916,0.006097989985541492,-0.701295369526636,0.0049011707869448355,0.5456925254417698,0.011065201952962895,0.9416956187718155,0.00922149933136963,1.655144355267665,0.005234147265102179,3.910694890619558,0.0131619432815097,4.789106500768438,0.015739812877588404,1.9412847655034178,0.00381593442362336,0.69772,0.0014522630670784132,69772.0,0.40635,0.0015531570348808906,40635.0,0.20272,0.001271316646630571,20272.0,100000
overestimation off,12 scenarios,repro_e1b,392,20260920,"1,392",100000,0.06,0.5,4.8,40.0,4.8/40,3,0.15,False,True,0.0,10.0,sinus,0.0,A3,Largest view mean,AP,-0.096908215669889,0.005736341415705287,1.8139904309983486,0.0063227926148023824,1.8165680775586306,0.005656826780383177,1.3822786244367682,0.003727250028134719,-3.606703488572814,0.02079806589551887,-2.953797758476312,0.013742374708702366,-1.2160783188834037,0.006209613434621379,-0.12564496355773613,0.006137597036293329,0.9734118114653092,0.007100433785580075,2.84361002610044,0.016771099854028856,3.6385968902468626,0.017372161271184492,1.0986073350250485,0.005394561250716543,2.908404966596867,0.012198078780289471,3.6210709483122026,0.010673195678654471,1.9933582413155286,0.0052042165563403325,0.53845,0.0015764567786653715,53845.0,0.23559,0.0013419662883247105,23559.0,0.0914,0.0009112960002106889,9140.0,100000
overestimation off,12 scenarios,repro_e1b,392,20260920,"1,392",100000,0.06,0.5,4.8,40.0,4.8/40,3,0.15,False,True,0.0,10.0,sinus,0.0,A3,Largest view mean,SL,-0.006401321473180233,0.004300137650829135,1.359822922886591,0.004214433727207784,1.3598311907514913,0.003794912339965489,1.0522130076777818,0.0027239604875530636,-2.6556322058163517,0.014464084450734896,-2.1820681784836595,0.01254220101799002,-0.8688264165880973,0.0047160776452473945,-0.02023527039204165,0.005142092337948293,0.8335668765601532,0.004432170221820109,2.2098167529697643,0.0076501768246378405,2.7292945345301036,0.01695161303984106,0.8521723798318295,0.003396978695331171,2.197058252829555,0.0072196551941774,2.6934440113844604,0.012132006790927808,1.9807193934829272,0.005531301648762069,0.43007,0.0015655982725463133,43007.0,0.12949,0.0010617077747666728,12949.0,0.03293,0.0005643191924788666,3293.0,100000
overestimation off,12 scenarios,repro_e1b,392,20260920,"1,392",100000,0.06,0.5,4.8,40.0,4.8/40,3,0.15,False,True,0.0,10.0,sinus,0.0,A4,Largest view mean after review,AP,-0.101892948075222,0.005735104943993809,1.8135994243112847,0.0063010744329690905,1.8164504268768156,0.005651888173811714,1.3822315204018425,0.0037268513073762995,-3.61401175239552,0.009829192794513617,-2.9583200689892486,0.014011405539884733,-1.2194582009027788,0.0056475401564356755,-0.12917692591833552,0.005705438753564829,0.9693001793806961,0.007104027158024364,2.8347271965944234,0.01596785347436665,3.628058614553759,0.018335416370454605,1.098377800939458,0.005429591017061432,2.908404966596867,0.012168435795961104,3.6210709483122026,0.010893120197816087,1.99348735023737,0.0050990621112547005,0.53842,0.001576464092835609,53842.0,0.23557,0.0013419268799006896,23557.0,0.09142,0.0009113856680900792,9142.0,100000
overestimation off,12 scenarios,repro_e1b,392,20260920,"1,392",100000,0.06,0.5,4.8,40.0,4.8/40,3,0.15,False,True,0.0,10.0,sinus,0.0,A4,Largest view mean after review,SL,-0.007637354075079388,0.004298699805505042,1.359368236271875,0.00428904145486493,1.3593828938684487,0.0037918771655265104,1.0519428554424077,0.00272276604665325,-2.6574424143623006,0.016527813214418947,-2.1840317824951336,0.013513238310328718,-0.8695496943652337,0.005304543550744237,-0.021204328398550132,0.005502148352793986,0.8326362759909216,0.005188714374499166,2.2079644600542703,0.009559455636871588,2.72494234641956,0.01639123606205318,0.8519642048074394,0.0035010347615274163,2.196634224363601,0.007643912032565413,2.691809569762019,0.012194357001897988,1.9801702536522525,0.005287071085477217,0.42999,0.0015655625183939477,42999.0,0.12941,0.0010614285275043253,12941.0,0.03287,0.0005638223399263283,3287.0,100000
overestimation off,12 scenarios,repro_e1b,464,20260920,"1,464",100000,0.125,0.1,10.0,8.0,10/8,3,0.15,False,True,0.0,10.0,sinus,0.0,A1,Anchor-view mean,AP,-0.9157400429660957,0.006265106445484128,1.9812006151131383,0.006250530093911245,2.1825893915387407,0.006220342639380239,1.6764311658352113,0.0044196091809334875,-5.0228628472075965,0.03201472457459755,-4.183750783142744,0.016934557507856843,-2.081347763188862,0.007072521923583431,-0.8642283857747692,0.005496369315495917,0.31449927526482657,0.008803855615309632,2.1596717227688087,0.015386513238413455,2.8844734853745098,0.02352845552628462,1.3474778617384038,0.005071222971729607,3.5069716362293875,0.010573106996292169,4.357605462681753,0.01573004465830369,1.9965301213205342,0.004382591146628071,0.61525,0.0015385624377970497,61525.0,0.32199,0.0014775399822001434,32199.0,0.15148,0.001133727522820188,15148.0,100000
overestimation off,12 scenarios,repro_e1b,464,20260920,"1,464",100000,0.125,0.1,10.0,8.0,10/8,3,0.15,False,True,0.0,10.0,sinus,0.0,A1,Anchor-view mean,SL,-0.582660407989924,0.004646978597350592,1.469503660568237,0.0031588278223082513,1.58079491555747,0.004271920216660891,1.2259759192341633,0.0031557971569256367,-3.5669229228850923,0.01233689063261027,-3.0086959033049903,0.01083885792227729,-1.491687034833081,0.004999890097477494,-0.5553146392185946,0.005686507153116601,0.3565477728159907,0.006727212146532321,1.7357770746153693,0.013071859148627638,2.250731336545157,0.011601840106138045,0.9955221704268231,0.0041539573533153525,2.5600613101224763,0.005961196171970933,3.14794824425914,0.008445607909877612,1.9913704259031038,0.0041793763487302195,0.49816,0.0015811281238406964,49816.0,0.18928,0.0012387618076127468,18928.0,0.05945,0.0007477679954370875,5945.0,100000
overestimation off,12 scenarios,repro_e1b,464,20260920,"1,464",100000,0.125,0.1,10.0,8.0,10/8,3,0.15,False,True,0.0,10.0,sinus,0.0,A2,Mean across views,AP,-0.7707652304482262,0.005017940351340172,1.5868120673100494,0.0036124327439821103,1.7640936476568725,0.004917891818982927,1.3609450298039805,0.003549461398904622,-4.045877998171118,0.015292066920055976,-3.3837392242891275,0.012839339727593924,-1.7209033644261835,0.0066702802261764905,-0.7349408931366499,0.006584410078532864,0.21640481893785113,0.00586132563774804,1.7184665405211432,0.012404479141535503,2.299875077747076,0.009688475073718915,1.0976195034763854,0.00451671481754588,2.852689474893521,0.007257286901274375,3.5148583673703473,0.00963545434520933,1.9924443195172197,0.0035793142607465833,0.53713,0.0015767731704338453,53713.0,0.23153,0.0013338810258040257,23153.0,0.08571,0.0008852332794241301,8571.0,100000
overestimation off,12 scenarios,repro_e1b,464,20260920,"1,464",100000,0.125,0.1,10.0,8.0,10/8,3,0.15,False,True,0.0,10.0,sinus,0.0,A2,Mean across views,SL,-0.49130377552307253,0.0038057112788691186,1.2034715758218648,0.002592230973950728,1.2998879760256459,0.00345364718589299,1.0114724836719837,0.0025819349941057627,-2.9382128973604322,0.006871571326932206,-2.478705180559509,0.009510863017748322,-1.2462265175851723,0.0050659459469579345,-0.46787549814987894,0.004338198334446234,0.27725108878215754,0.004591334491505008,1.419640923371809,0.010551193837817371,1.8276746346907187,0.010605730143417785,0.823614900828805,0.0027144837285669925,2.102228601185235,0.0073597257463520515,2.591076077194011,0.0106823012458773,1.9933072118384536,0.004990203085516036,0.41688,0.0015591377924994315,41688.0,0.11622,0.001013473786538162,11622.0,0.02591,0.0005023810496027891,2591.0,100000
overestimation off,12 scenarios,repro_e1b,464,20260920,"1,464",100000,0.125,0.1,10.0,8.0,10/8,3,0.15,False,True,0.0,10.0,sinus,0.0,A3,Largest view mean,AP,0.3152805072243464,0.005546034511268909,1.753810103750853,0.004498436931057827,1.7819149586204774,0.005785181541175966,1.3450228838900031,0.0036961439677694746,-2.970965898868971,0.01720923752991295,-2.3830424879154846,0.013286467105572342,-0.7813197962229113,0.004380824333886456,0.2488053789869218,0.007444395709932252,1.3224219167297515,0.007900717253651218,3.2145119760897067,0.01935955356104822,4.027953529297996,0.018250051145363832,1.0656671708078345,0.004242323392581266,2.82450382378237,0.01033516303265408,3.5370679522204345,0.015642205221800855,1.9849813455512832,0.0071760463896807045,0.52581,0.001579030854353391,52581.0,0.22085,0.0013117746662441685,22085.0,0.0845,0.0008795439159018725,8450.0,100000
overestimation off,12 scenarios,repro_e1b,464,20260920,"1,464",100000,0.125,0.1,10.0,8.0,10/8,3,0.15,False,True,0.0,10.0,sinus,0.0,A3,Largest view mean,SL,0.30483419364451375,0.0041347627970566144,1.3075268023227455,0.0032708332512640334,1.3425844957185586,0.003983638301600553,1.0339703669921254,0.0027082203432945663,-2.1986479692973964,0.012258575645134061,-1.7592732253087189,0.0068262318696029585,-0.5355040620514957,0.004930625632535353,0.2754412846392742,0.006244794221904502,1.1044255534844898,0.005503320332299118,2.4377108329325634,0.010703578322162106,2.985527680684472,0.018128396783552787,0.8367594165472485,0.0030742641763180103,2.147769605312068,0.006387362123488077,2.644348746098446,0.00765772442272845,1.9695957718349608,0.004470255236345158,0.42164,0.001561600814548968,42164.0,0.12213,0.0010354432051059102,12213.0,0.03106,0.0005485916186016699,3106.0,100000
overestimation off,12 scenarios,repro_e1b,464,20260920,"1,464",100000,0.125,0.1,10.0,8.0,10/8,3,0.15,False,True,0.0,10.0,sinus,0.0,A4,Largest view mean after review,AP,0.28738263834359895,0.005546454409468208,1.7539428872203715,0.004997699617145359,1.7773220499661124,0.005740785558257811,1.3427301045550912,0.0036823404177888973,-3.0233776180089427,0.017378570545570172,-2.423403506680015,0.011554154265667704,-0.8033647433914537,0.004959544801324954,0.2284301025344888,0.005946550960238424,1.3006352284040972,0.00782832795015161,3.1716310259341123,0.012642105965205085,3.9693152531165814,0.01605800382430949,1.0644894323881484,0.0038578092921056914,2.818721614735613,0.011014604681526671,3.526110864223909,0.011407351609174582,1.9839459395055274,0.005632252053799083,0.52546,0.001579087674576684,52546.0,0.22041,0.001310837258777763,22041.0,0.084,0.0008771772910877254,8400.0,100000
overestimation off,12 scenarios,repro_e1b,464,20260920,"1,464",100000,0.125,0.1,10.0,8.0,10/8,3,0.15,False,True,0.0,10.0,sinus,0.0,A4,Largest view mean after review,SL,0.2957083156726614,0.004132413786894604,1.3067839800868621,0.003377146320006089,1.339817413577655,0.003969720461693101,1.0322119280479023,0.0027012155298807385,-2.2127067263617635,0.0056690425914597085,-1.7676100570538535,0.007244592308604995,-0.541879044257612,0.004615934186365027,0.26999126407186536,0.006088283203580605,1.095670694509912,0.006597952564581662,2.4226779363525788,0.01254215530008795,2.962722892856734,0.013166755514354433,0.8357608651827722,0.002452950902704676,2.143676925115796,0.006763641047633549,2.637259773595939,0.01009129791728239,1.9683725161876955,0.006066670015350535,0.42106,0.001561308670314746,42106.0,0.12152,0.0010332128996484705,12152.0,0.03076,0.0005460203512690713,3076.0,100000
overestimation off,12 scenarios,repro_e1b,536,20260920,"1,536",100000,0.125,0.25,10.0,20.0,10/20,3,0.15,False,True,0.0,10.0,sinus,0.0,A1,Anchor-view mean,AP,-0.9278656877803818,0.006259334625000263,1.9793754052156756,0.005713155324013451,2.186051817789993,0.006273343441063158,1.6788039007312046,0.004427707778917665,-5.063446611336393,0.02117523874456394,-4.18316694859717,0.022226137162768257,-2.0968930517008517,0.009804132776049941,-0.8765768652848931,0.009103038902423989,0.300219662123709,0.009419611827706278,2.1564837424376804,0.01841475113802739,2.861066936103532,0.015343263335017144,1.3522981913309016,0.004353165157074,3.508721501864585,0.012152688044201608,4.360367936188836,0.020597614224004364,1.9946315547986349,0.007051811619779894,0.61409,0.001539426750124864,61409.0,0.32393,0.0014798626797780934,32393.0,0.15132,0.0011332354459687537,15132.0,100000
overestimation off,12 scenarios,repro_e1b,536,20260920,"1,536",100000,0.125,0.25,10.0,20.0,10/20,3,0.15,False,True,0.0,10.0,sinus,0.0,A1,Anchor-view mean,SL,-0.5889609396146536,0.0046638558883337344,1.474840728592252,0.003954816771672644,1.5880832508261504,0.004336920752957104,1.2294101619310924,0.0031789450624174495,-3.6036789553257553,0.013776786417178359,-3.021677151853504,0.015391424555515315,-1.49313730409108,0.005052962267397203,-0.5584221953065371,0.005354099346116657,0.3524934819291766,0.005782337111617011,1.7270726382972907,0.013838363047989176,2.2320689263308906,0.015604640079501885,0.9956159699616283,0.003117218384151119,2.5707411918818384,0.00633781682010388,3.1537078525879587,0.011246799420345717,1.9858580152818446,0.004770272557910903,0.49822,0.0015811288106919058,49822.0,0.18954,0.0012394135242121574,18954.0,0.0603,0.000752754342398634,6030.0,100000
overestimation off,12 scenarios,repro_e1b,536,20260920,"1,536",100000,0.125,0.25,10.0,20.0,10/20,3,0.15,False,True,0.0,10.0,sinus,0.0,A2,Mean across views,AP,-1.6554758769771531,0.005780160616497285,1.8278472789734452,0.005577050508265076,2.4660885313076557,0.006737057880613296,1.9276780375767921,0.004863819162374441,-5.715229050340787,0.026428873094132638,-4.816900841153463,0.01588730359786497,-2.6620356124620526,0.0077979888096381495,-1.5127103806619506,0.005419751359306559,-0.4640403857352764,0.006188502516311571,1.0158466129999382,0.011341677729622726,1.54443066318962,0.013726840896089323,1.6025285007454038,0.005883303606771055,3.9426534773406905,0.010844105120128112,4.825885100098682,0.016933911769012138,1.9568985617640142,0.00447259904465251,0.67844,0.0014770212131178075,67844.0,0.3973,0.001547425959456542,39730.0,0.20048,0.0012660480622788378,20048.0,100000
overestimation off,12 scenarios,repro_e1b,536,20260920,"1,536",100000,0.125,0.25,10.0,20.0,10/20,3,0.15,False,True,0.0,10.0,sinus,0.0,A2,Mean across views,SL,-1.058024286424809,0.004271831527576975,1.3508717407659632,0.003467061845617627,1.7158821644041267,0.004651305039603192,1.3354596818681763,0.003407067138069372,-3.9826575839029195,0.014597205862481142,-3.368054705812978,0.010428237389045072,-1.8476278845075127,0.007065279781464743,-0.9712156732787649,0.004094164357828043,-0.16694881842085896,0.004705187410320787,0.9665081132357396,0.011689862701760425,1.3436390699343435,0.010133862322955219,1.09796415212632,0.004210222460264677,2.7624442880342377,0.007198959369312853,3.376986384791566,0.009628870909408562,1.968075929015959,0.0047292350814373335,0.53822,0.0015765127072117117,53822.0,0.22309,0.0013165137747095546,22309.0,0.07684,0.0008422328324163099,7684.0,100000
overestimation off,12 scenarios,repro_e1b,536,20260920,"1,536",100000,0.125,0.25,10.0,20.0,10/20,3,0.15,False,True,0.0,10.0,sinus,0.0,A3,Largest view mean,AP,-0.1717960616725224,0.0057949007276910285,1.8325085114070825,0.005434374544786826,1.8405346370854165,0.005635676763194081,1.3990526125837104,0.003781843254118604,-3.8236123448272696,0.01968203165108738,-3.0926201945076213,0.014499423993994117,-1.2830220688558398,0.008236418722669779,-0.17429258748735466,0.004737415961765592,0.9232016779115508,0.007398103485056819,2.77419988575803,0.01755867864547312,3.522514083901817,0.020689068969105797,1.111629990857303,0.004540448141140298,2.944764518967591,0.008754010759509438,3.6858970068565005,0.010979285768416176,2.0026230056139083,0.00479045852057587,0.54213,0.0015755159888112846,54213.0,0.23965,0.0013498810225349492,23965.0,0.09497,0.0009270959988048703,9497.0,100000
overestimation off,12 scenarios,repro_e1b,536,20260920,"1,536",100000,0.125,0.25,10.0,20.0,10/20,3,0.15,False,True,0.0,10.0,sinus,0.0,A3,Largest view mean,SL,-0.024671932773048248,0.004310699283238295,1.3631628043088306,0.003385610566664239,1.3633792404131588,0.0038658781039627326,1.0515715071096445,0.0027440988478974297,-2.7255567566448606,0.00961783323289877,-2.2281325153761116,0.009528981207749983,-0.875907141661223,0.0057509310160098175,-0.021030023385792074,0.004304743584962841,0.8256389805965862,0.008083544646063751,2.1627970726907275,0.009829530525010144,2.6627366176156597,0.01955096457353615,0.8509726091225871,0.0026586435483505226,2.1957481257752,0.00765344478513995,2.6921043638868873,0.009555823807497777,1.9745821882039742,0.005340821511334409,0.42965,0.0015654100980254343,42965.0,0.13042,0.0010649442407938549,13042.0,0.03306,0.0005653939900635662,3306.0,100000
overestimation off,12 scenarios,repro_e1b,536,20260920,"1,536",100000,0.125,0.25,10.0,20.0,10/20,3,0.15,False,True,0.0,10.0,sinus,0.0,A4,Largest view mean after review,AP,-0.1893816545530255,0.005809068276873564,1.8369886838350094,0.0055774129056905975,1.8467157578644517,0.005663987631092474,1.402817042968924,0.003797996654921369,-3.875887002055216,0.01597236827754512,-3.1310419385782926,0.010301389023863393,-1.2992009804053317,0.00808466311945036,-0.18618317382387595,0.005715443334555764,0.9094716641537683,0.007905416532707593,2.7485249970189245,0.012012124086482475,3.4934802379423417,0.0245951394946172,1.112766380695383,0.003751092954855612,2.955731334767534,0.00862859204354279,3.6997244965665685,0.017043540404400787,2.003407660767969,0.0063780144860922285,0.5427,0.0015753625297054642,54270.0,0.24066,0.0013518238213613488,24066.0,0.09588,0.0009310586748427836,9588.0,100000
overestimation off,12 scenarios,repro_e1b,536,20260920,"1,536",100000,0.125,0.25,10.0,20.0,10/20,3,0.15,False,True,0.0,10.0,sinus,0.0,A4,Largest view mean after review,SL,-0.030498391894567742,0.004314737092561931,1.364439671730846,0.0035685869363292705,1.3647736635592569,0.0038748046809555232,1.0524567057513152,0.002747634591352884,-2.741379519746678,0.0173759638464425,-2.2387339890719513,0.010725804968475429,-0.8815821363418646,0.005543647061988061,-0.02455180936712953,0.004260234205636932,0.8213192611128033,0.005729126920754533,2.153981140211303,0.010155188042287657,2.650549045443884,0.020358586044391568,0.8515606323076765,0.003420005500183821,2.1971313866401383,0.007814617672662352,2.6956745653224594,0.009095108264383417,1.9751806744953475,0.004870252153711822,0.42995,0.0015655446256814271,42995.0,0.13066,0.001065776545059986,13066.0,0.03323,0.0005667959694634394,3323.0,100000
overestimation off,12 scenarios,repro_e1b,608,20260920,"1,608",100000,0.125,0.5,10.0,40.0,10/40,3,0.15,False,True,0.0,10.0,sinus,0.0,A1,Anchor-view mean,AP,-0.918559869240109,0.006272074921446924,1.9834042406993952,0.006160862234125583,2.185773381775643,0.006221761388434642,1.6810296862271783,0.004417877304930236,-5.052066773207367,0.01861634761723287,-4.198681600303204,0.01483868766691851,-2.0923590665277603,0.009903533233386908,-0.8678365989084913,0.0061247310340945575,0.3055301847993035,0.008162224926489775,2.1751485634936216,0.015143751555125748,2.8945744630919004,0.021437871502858096,1.3495535810493942,0.005322255763293606,3.523623446076725,0.014876240388296446,4.363387879729251,0.014109576165529738,1.9962672782594657,0.004379076364798293,0.61517,0.0015386223419020016,61517.0,0.32529,0.0014814736443825114,32529.0,0.15214,0.0011357527037167906,15214.0,100000
overestimation off,12 scenarios,repro_e1b,608,20260920,"1,608",100000,0.125,0.5,10.0,40.0,10/40,3,0.15,False,True,0.0,10.0,sinus,0.0,A1,Anchor-view mean,SL,-0.5866450777263663,0.004643765164062854,1.4684874837384112,0.0040925419892243655,1.5813242464978667,0.004314408271263005,1.2258001313269906,0.0031591302453439388,-3.568193174668465,0.012378275757354236,-3.013090684011534,0.008368988770844962,-1.489159374005239,0.006909782174172732,-0.5538608741568347,0.005619708756676019,0.35324637901440525,0.005968181082197521,1.7267797641055218,0.007326204290897408,2.236550540234955,0.013026219632382202,0.9982322825351635,0.0028927520728148906,2.5581451589229083,0.008201648060102035,3.138233625688015,0.00665763456961821,1.9845604926619003,0.004358559714932345,0.49928,0.0015811371907586008,49928.0,0.18871,0.001237329931344102,18871.0,0.0591,0.0007457022864387637,5910.0,100000
overestimation off,12 scenarios,repro_e1b,608,20260920,"1,608",100000,0.125,0.5,10.0,40.0,10/40,3,0.15,False,True,0.0,10.0,sinus,0.0,A2,Mean across views,AP,-3.017918470711466,0.00759747187195617,2.4025315574444637,0.010122276469259471,3.857451497919204,0.009659027065696851,3.1216459689163605,0.007166107630119654,-8.708957729275149,0.03477603605299705,-7.386366100774833,0.02925368743734602,-4.259368586678455,0.012144721625389548,-2.6943795853434476,0.007255750831134041,-1.406380611308766,0.006028721761706697,0.23614698083657584,0.013842056012673456,0.7865717769177325,0.01201023401841857,2.703877618836865,0.00781646558815948,6.08315720787083,0.019051692018221916,7.389145542353147,0.028586526141072564,1.9155511213398324,0.004693323947132327,0.83695,0.0011681810540322935,83695.0,0.64099,0.0015169766639602602,64099.0,0.44334,0.0015709539916878533,44334.0,100000
overestimation off,12 scenarios,repro_e1b,608,20260920,"1,608",100000,0.125,0.5,10.0,40.0,10/40,3,0.15,False,True,0.0,10.0,sinus,0.0,A2,Mean across views,SL,-1.9231087898231658,0.005382138979515409,1.7019817858843016,0.006828146422591338,2.5680849770903307,0.0068167059608713314,2.043668825030796,0.004917827130123599,-5.848194052892589,0.02833042372614979,-4.951167535136687,0.016763158784664726,-2.83637147458228,0.0075518209300428985,-1.7299216496468628,0.005741829595030124,-0.7849460286011495,0.0054299388367424145,0.45259589646915,0.009159796146596675,0.8489251969385615,0.007116600759596369,1.7462789147564532,0.005688713582192446,4.052947922938578,0.013845642911331493,4.952514724481639,0.017382451795975848,1.9284855324736545,0.004769287896606029,0.71487,0.0014276935353919622,71487.0,0.43295,0.001566857675412799,43295.0,0.2226,0.0013154818128731389,22260.0,100000
overestimation off,12 scenarios,repro_e1b,608,20260920,"1,608",100000,0.125,0.5,10.0,40.0,10/40,3,0.15,False,True,0.0,10.0,sinus,0.0,A3,Largest view mean,AP,-0.47776832557757465,0.006012607084709859,1.9013533063348114,0.006188940856458832,1.9604516869822532,0.005881952500907596,1.4959642921150558,0.004006841285208772,-4.3565957126657535,0.021879510480607205,-3.568471336930722,0.015185483916011116,-1.6151694871068287,0.005663876217397264,-0.45802972173772405,0.005004714604960162,0.6777901062544305,0.007468023622593554,2.534758143674208,0.017892500808997607,3.257657602561936,0.020729647813119607,1.1909814496080458,0.00437409703574358,3.1450982367592677,0.008801154488133144,3.934988423400848,0.012199225336607774,2.007184594004468,0.004002351141822766,0.56898,0.001566019666543176,56898.0,0.2702,0.0014042505474451488,27020.0,0.11398,0.0010049306423828462,11398.0,100000
overestimation off,12 scenarios,repro_e1b,608,20260920,"1,608",100000,0.125,0.5,10.0,40.0,10/40,3,0.15,False,True,0.0,10.0,sinus,0.0,A3,Largest view mean,SL,-0.24765208389358478,0.004450034180325866,1.4072243675430192,0.004020512013892243,1.4288429488433916,0.0040501815213915635,1.1023486775459599,0.0028747657815036873,-3.081015060173199,0.010547551113333253,-2.5469770482241736,0.010746178964296296,-1.1177432067783184,0.006359096165494254,-0.2344601198224172,0.006410901585917255,0.6413025750468873,0.006924700581041883,1.9867954161709747,0.010365778782404463,2.488681531770402,0.013710489296607144,0.8911576468554245,0.0033944178459689336,2.3062008788382347,0.006524958856862293,2.840320022085012,0.008190783256718797,1.987846197081472,0.004121251561365203,0.4517,0.0015737442930794062,45170.0,0.14626,0.0011174435663602882,14626.0,0.03995,0.0006193060430837084,3995.0,100000
overestimation off,12 scenarios,repro_e1b,608,20260920,"1,608",100000,0.125,0.5,10.0,40.0,10/40,3,0.15,False,True,0.0,10.0,sinus,0.0,A4,Largest view mean after review,AP,-0.48884630722774725,0.006018975016930035,1.9033670233149445,0.006262858333577407,1.9651311685159196,0.005900872267061283,1.4988843662935623,0.00401883355835578,-4.386382157158174,0.033226576926309564,-3.591684620968778,0.0210643998776344,-1.6243615898231605,0.005995761390136517,-0.4653935566981531,0.005654831795843991,0.6703102620436592,0.006182384291793192,2.52110565769704,0.014592949052958399,3.2403049275467666,0.027821491356460577,1.1927610392512324,0.004882005791734395,3.1517726868847804,0.011172094313247961,3.9451176394325334,0.018417582027575926,2.0075594457198056,0.00589209937221355,0.56946,0.0015658074862511036,56946.0,0.27092,0.0014054264605449834,27092.0,0.11459,0.0010072692385851957,11459.0,100000
overestimation off,12 scenarios,repro_e1b,608,20260920,"1,608",100000,0.125,0.5,10.0,40.0,10/40,3,0.15,False,True,0.0,10.0,sinus,0.0,A4,Largest view mean after review,SL,-0.25112907167859533,0.004453701272400077,1.4083840038774251,0.003927873425691779,1.4305913034703295,0.004061216866895929,1.1033230850101454,0.0028797186328320965,-3.089446412813512,0.019725883801963332,-2.5547125179285026,0.010893592124053228,-1.1208953072190544,0.0053789356884499685,-0.23675152478785533,0.005129193573410149,0.6384280067811381,0.006827312609774342,1.97983483173722,0.013618663210758119,2.484836885575729,0.0088764671722553,0.8915196414885913,0.0031492499470153444,2.3084312376983713,0.006451866878938769,2.8441258114946995,0.0074716138020343645,1.9880771011227434,0.003743817677308334,0.45186,0.0015737933167986194,45186.0,0.1465,0.001118202799137974,14650.0,0.04023,0.0006213819043068442,4023.0,100000
overestimation off,12 scenarios,repro_e1b,680,20260920,"1,680",100000,0.25,0.1,20.0,8.0,20/8,3,0.15,False,True,0.0,10.0,sinus,0.0,A1,Anchor-view mean,AP,-2.0193632140375137,0.008091229766241168,2.5586715133073863,0.00878441839280288,3.2595340518576417,0.010134621890018385,2.4636881061318796,0.006748961919740547,-7.9120498233182595,0.05599405861648092,-6.57547500691763,0.037246390830202356,-3.346783485176214,0.012203857241092611,-1.7427474838188393,0.010698053433190911,-0.3862362596065867,0.00689242550082117,1.5558166050165727,0.014147308758746965,2.257521575344033,0.022820207579165145,1.9274647904422482,0.007413255592788892,5.221755352553475,0.021642789121668227,6.593199250894815,0.033544457425514804,2.022742866311608,0.007278113148523088,0.72588,0.0014105964185407533,72588.0,0.48512,0.0015804385011761767,48512.0,0.30519,0.0014561904542332365,30519.0,100000
overestimation off,12 scenarios,repro_e1b,680,20260920,"1,680",100000,0.25,0.1,20.0,8.0,20/8,3,0.15,False,True,0.0,10.0,sinus,0.0,A1,Anchor-view mean,SL,-1.2938945977172704,0.0057762435817190014,1.8266086038160985,0.005831680787212528,2.2384434003447615,0.007246752877416763,1.6977942971624598,0.004613181833091205,-5.345795479345705,0.029487609178299408,-4.461770228250723,0.01689642816389938,-2.292426268729891,0.00848105887310469,-1.1418544446096979,0.006037571617052894,-0.11328935316228095,0.0059533327227386,1.350428728736011,0.008088830478075171,1.8555424845483952,0.012159660694818988,1.3443541267150272,0.0045242718071753715,3.569724832548746,0.01307184394870435,4.483410413172722,0.017103363285686436,2.0029143522155595,0.005057140895401407,0.61372,0.0015397004955510015,61372.0,0.32466,0.0014807291595697034,32466.0,0.15427,0.0011422380097860516,15427.0,100000
overestimation off,12 scenarios,repro_e1b,680,20260920,"1,680",100000,0.25,0.1,20.0,8.0,20/8,3,0.15,False,True,0.0,10.0,sinus,0.0,A2,Mean across views,AP,-1.1444829835566956,0.005305415649362663,1.6777197385887268,0.004850829499231154,2.030900458778285,0.005602657620128931,1.5711581268073722,0.004069441453549544,-4.756371104395431,0.0375319921838227,-3.9990267886111117,0.01835142572020418,-2.1054343906181314,0.00800003407427872,-1.0597299299937992,0.0047487677224197665,-0.08057997337781875,0.005879831303508742,1.4052600870566267,0.011915067815526731,1.9570564451575998,0.010451364156085208,1.2755228010399509,0.004253593316188861,3.275615530908436,0.009908905896232306,4.044602815662155,0.014989463299229329,1.991531784918321,0.004788740250925677,0.59764,0.0015506980054156257,59764.0,0.29428,0.0014411081902480465,29428.0,0.12744,0.0010545095845937106,12744.0,100000
overestimation off,12 scenarios,repro_e1b,680,20260920,"1,680",100000,0.25,0.1,20.0,8.0,20/8,3,0.15,False,True,0.0,10.0,sinus,0.0,A2,Mean across views,SL,-0.7338502049172576,0.003989868026751225,1.2617070528015493,0.00316700627861217,1.4595975100346676,0.003962009336906894,1.133463124363203,0.002908083035188555,-3.3784152140694546,0.011989893212832132,-2.853684079450328,0.011790027221532112,-1.4948478881427683,0.005713973022664025,-0.6826684828447735,0.004513199816172163,0.08507099450673472,0.005926663439959183,1.223699608557071,0.006370406977678281,1.62153141856351,0.009225999576224442,0.9244028388549217,0.0035633083867764015,2.3628391163181526,0.007949306027406651,2.888260469082061,0.009420959790908345,1.9788061086877713,0.004745751968702315,0.46631,0.0015775455109124426,46631.0,0.15682,0.001149902115834213,15682.0,0.04357,0.0006455358634498939,4357.0,100000
overestimation off,12 scenarios,repro_e1b,680,20260920,"1,680",100000,0.25,0.1,20.0,8.0,20/8,3,0.15,False,True,0.0,10.0,sinus,0.0,A3,Largest view mean,AP,0.17266226229284878,0.005560372304383533,1.7583441120371022,0.005904681759914985,1.7667923917131483,0.005700816318957096,1.3355515610081516,0.003657691569845352,-3.188825439844033,0.015585233709709361,-2.5605389833043284,0.011826521828061563,-0.9146010343898792,0.010238800367380802,0.12338009953152262,0.0051205525957377885,1.1881287149871667,0.0074542731746525875,3.0791831983885274,0.015260259274371071,3.843147398239395,0.026486927456057564,1.0539576036842746,0.003791359118356684,2.8269779998173603,0.006964140922848156,3.531196799304124,0.018016497189691942,1.9986484070605164,0.007467911079685135,0.5211,0.001579730325087165,52110.0,0.22018,0.0013103463954237443,22018.0,0.0841,0.0008776513544682763,8410.0,100000
overestimation off,12 scenarios,repro_e1b,680,20260920,"1,680",100000,0.25,0.1,20.0,8.0,20/8,3,0.15,False,True,0.0,10.0,sinus,0.0,A3,Largest view mean,SL,0.202384327253439,0.004161301354082641,1.3159190309243962,0.004223114594939619,1.3313846158934952,0.0038449645780851676,1.0281846059802888,0.0026747496438894723,-2.3406308303431156,0.010858129131222942,-1.8870209380924161,0.0077384884158883645,-0.6401751553648949,0.005491056114212893,0.18204420829709766,0.004326824575069542,1.0106124334334017,0.004307245403641042,2.3526899026993697,0.008962633368847507,2.865414716808873,0.012727524048058303,0.8336246710335198,0.003230322448581341,2.139275901100538,0.005685128854120829,2.6335924395827464,0.007325310560592757,1.97808537679049,0.0047672592328223936,0.42003,0.0015607844152861086,42003.0,0.12087,0.0010308270616354617,12087.0,0.02915,0.0005319800513177162,2915.0,100000
overestimation off,12 scenarios,repro_e1b,680,20260920,"1,680",100000,0.25,0.1,20.0,8.0,20/8,3,0.15,False,True,0.0,10.0,sinus,0.0,A4,Largest view mean after review,AP,0.11362051641291196,0.005634101749966877,1.7816594099035827,0.006369819726313153,1.7852697643620672,0.005872307310449259,1.3452872744829616,0.003711339454563733,-3.3338814637110548,0.02146621289767011,-2.672126002993898,0.012591099296015588,-0.9634308324880205,0.007053491479269131,0.08282946760905174,0.0070331268019106245,1.146535757274305,0.007272826543289621,3.0174753301039683,0.016846886407056113,3.7811780466522715,0.02117545663851334,1.0578624047580742,0.004181327501880487,2.8465336904648963,0.011729836813855397,3.5641595237512442,0.015194232891582553,1.9964263076089401,0.0059634887164236525,0.52266,0.0015795142430506917,52266.0,0.22252,0.0013153130790804141,22252.0,0.08606,0.0008868690794023658,8606.0,100000
overestimation off,12 scenarios,repro_e1b,680,20260920,"1,680",100000,0.25,0.1,20.0,8.0,20/8,3,0.15,False,True,0.0,10.0,sinus,0.0,A4,Largest view mean after review,SL,0.17764796383261527,0.004197017217336931,1.3272133785726634,0.003917428292603402,1.3390431420841584,0.004038211643908013,1.0314849924038079,0.002700152843143714,-2.4014507701395873,0.014464504591612993,-1.9323090202378321,0.009641903705449891,-0.661102211921033,0.006107175016634479,0.1635127703375474,0.005231374023321803,0.9939684637354695,0.005450541181508369,2.3287628148852364,0.0073651630437325845,2.8379248524799734,0.014488329042537926,0.8349067934003376,0.0035359298647655735,2.144141072987568,0.005806690824099883,2.643495151359115,0.006642725170916775,1.9741672753311277,0.004443741370986583,0.42059,0.001561070311997509,42059.0,0.12165,0.0010336889159703706,12165.0,0.02981,0.0005377858672371374,2981.0,100000
overestimation off,12 scenarios,repro_e1b,752,20260920,"1,752",100000,0.25,0.25,20.0,20.0,20/20,3,0.15,False,True,0.0,10.0,sinus,0.0,A1,Anchor-view mean,AP,-2.0054716957763548,0.008023321367108887,2.5371969919560056,0.00926395302723823,3.2340718799780763,0.010007240176475776,2.449165882176064,0.006678961008248081,-7.836260196358368,0.04074179791156754,-6.4897939788890975,0.02672331221696884,-3.3260073858835812,0.012376621429787885,-1.7359554985147674,0.009180080063848219,-0.38452822958175537,0.007795879155234859,1.5587902942451275,0.012879276013552087,2.2637202927116866,0.019440268379803127,1.9324342849617442,0.007137622302704586,5.173068305154911,0.018965590377296747,6.514739681125965,0.0353782332237339,2.0144078186568097,0.00646017125536839,0.72285,0.0014154076356301035,72285.0,0.4854,0.0015804646152318628,48540.0,0.30476,0.0014556144489527437,30476.0,100000
overestimation off,12 scenarios,repro_e1b,752,20260920,"1,752",100000,0.25,0.25,20.0,20.0,20/20,3,0.15,False,True,0.0,10.0,sinus,0.0,A1,Anchor-view mean,SL,-1.2930622765041302,0.0057384779747739,1.814666070299579,0.006283604969113398,2.22822576672228,0.006900214579855409,1.691868145376974,0.00458540431377266,-5.35265386314051,0.04898945278819936,-4.418005330060922,0.013416707054716126,-2.279152879103577,0.008314178761185719,-1.143049237584272,0.00758553176792821,-0.11796154380025536,0.00516623807480745,1.345588983005826,0.01317538465398968,1.8344111577826905,0.011934034982640347,1.345976239554678,0.00537746725807202,3.571215601882441,0.013609572619736453,4.434001175252779,0.02048680827169205,1.989924558576124,0.006026451811395889,0.61303,0.0015402084894584889,61303.0,0.32196,0.0014775038355280166,32196.0,0.15445,0.001142782558057306,15445.0,100000
overestimation off,12 scenarios,repro_e1b,752,20260920,"1,752",100000,0.25,0.25,20.0,20.0,20/20,3,0.15,False,True,0.0,10.0,sinus,0.0,A2,Mean across views,AP,-2.0137986382104844,0.00615670442225858,1.9469208854768179,0.006251351370525552,2.801044088291881,0.007466942837634054,2.2118672650848015,0.005434630365911183,-6.456307038264368,0.021370346805782012,-5.442847790894626,0.026773849971131077,-3.055596394066285,0.008904197845759836,-1.8173353782344637,0.007885161987672622,-0.7456826528599387,0.006141745745292734,0.7441303937916554,0.006875934802444071,1.2680763893282658,0.011679399633421407,1.86483219175163,0.00601823291850516,4.443888654551451,0.014639357187385661,5.453302510961114,0.023991075197380984,1.9468820693524393,0.005815188472701351,0.73015,0.0014036772331985725,73015.0,0.46665,0.0015776177531328683,46665.0,0.26109,0.0013889636852704248,26109.0,100000
overestimation off,12 scenarios,repro_e1b,752,20260920,"1,752",100000,0.25,0.25,20.0,20.0,20/20,3,0.15,False,True,0.0,10.0,sinus,0.0,A2,Mean across views,SL,-1.2939942601446175,0.004509983655900339,1.4261820562778158,0.005120706842641415,1.9257196221110326,0.005308299640963188,1.5053048430116964,0.0037979834350180676,-4.454438624583085,0.02289022870494539,-3.764705651806576,0.011749746603737574,-2.092919712300147,0.006630735342486878,-1.1825081380943372,0.006242582563282389,-0.35296152353243837,0.004944041935324259,0.8032305792040461,0.006477187869875019,1.174136825560612,0.009987080503067349,1.2513787128775868,0.005313367963731275,3.0672184443083017,0.010991552212579882,3.7673869552700285,0.013824758904889432,1.9563527898937354,0.003842294695393806,0.59187,0.0015542197499066855,59187.0,0.27669,0.0014146824516477188,27669.0,0.10686,0.0009769387923508823,10686.0,100000
overestimation off,12 scenarios,repro_e1b,752,20260920,"1,752",100000,0.25,0.25,20.0,20.0,20/20,3,0.15,False,True,0.0,10.0,sinus,0.0,A3,Largest view mean,AP,-0.47545710449082645,0.0061196953033675,1.93521757448764,0.006436793609895309,1.9927591595940588,0.00645263928786133,1.504293459825145,0.004133046499794896,-4.455379851867594,0.028308141498899354,-3.6244302175848606,0.016274748131326823,-1.6002333340522095,0.00934509925254754,-0.43511860034211036,0.008269997906658952,0.6944733684052116,0.006048416549754117,2.52720958079249,0.018956108388593778,3.2715030403117478,0.03555315251642535,1.182984168287489,0.006526626645019702,3.1799465066778465,0.011014894438764243,3.987512661532162,0.01658180245169575,2.0010007944685353,0.005818634289884905,0.56502,0.0015677129826597725,56502.0,0.26905,0.0014023626403323784,26905.0,0.11669,0.0010152509241561911,11669.0,100000
overestimation off,12 scenarios,repro_e1b,752,20260920,"1,752",100000,0.25,0.25,20.0,20.0,20/20,3,0.15,False,True,0.0,10.0,sinus,0.0,A3,Largest view mean,SL,-0.22519035794161174,0.004498385522408382,1.4225144044336893,0.004001101095327137,1.4402214040413703,0.0042754456840113945,1.1048776220677008,0.0029214579713382786,-3.1430131283449763,0.0266497856982732,-2.553144266902211,0.012602852372802642,-1.0908343809014107,0.007385942235018157,-0.19794614579960035,0.0060353908488863526,0.6725261775337894,0.007710500812022869,2.0117073145220226,0.00758097365033593,2.503473759372118,0.01710961078299952,0.885670304245523,0.0027155722492561815,2.3040749292468043,0.00753170852826089,2.857707861703948,0.011996855652300185,1.984214269892812,0.006516620397767501,0.44886,0.0015728467833835563,44886.0,0.14686,0.0011193397178694232,14686.0,0.04206,0.0006347515766030046,4206.0,100000
overestimation off,12 scenarios,repro_e1b,752,20260920,"1,752",100000,0.25,0.25,20.0,20.0,20/20,3,0.15,False,True,0.0,10.0,sinus,0.0,A4,Largest view mean after review,AP,-0.5255905328358829,0.006202744096445363,1.961479908793047,0.006640381087583115,2.0306674682899613,0.006665998171058836,1.5265852419952384,0.004234578842519612,-4.627783060563782,0.026300032156193476,-3.7421044243693493,0.02006912526322348,-1.6444148424953393,0.010137403653690069,-0.46889629688579415,0.005584355303425324,0.6639795059684621,0.008155033874486912,2.4826352203853084,0.013396125433283836,3.222674862373903,0.019161346408488315,1.1929286094318505,0.005226853062259497,3.2313057469600523,0.014606743598580387,4.0727159173593455,0.013383191125018937,2.0056045516841845,0.005461605812901255,0.56818,0.0015663699677917731,56818.0,0.27393,0.0014102920091243515,27393.0,0.1216,0.001033505878067464,12160.0,100000
overestimation off,12 scenarios,repro_e1b,752,20260920,"1,752",100000,0.25,0.25,20.0,20.0,20/20,3,0.15,False,True,0.0,10.0,sinus,0.0,A4,Largest view mean after review,SL,-0.24695249197974314,0.004543613746441944,1.4368168246807316,0.003930296431001896,1.4578777303171717,0.004484041791462389,1.1138785888330516,0.002974375250035149,-3.2105386042672013,0.014366590679498399,-2.6029213039827686,0.012850080182548192,-1.1101520165892658,0.00717767802949808,-0.21249339447144244,0.004484118149111505,0.6590660128951455,0.006518227656433556,1.9965471349658412,0.007522315537336829,2.4834351910252126,0.010504809300039197,0.8891572785444919,0.003163587325104562,2.3208990556956732,0.007006505792787721,2.8898952876692405,0.013166471608059633,1.9822617683037953,0.006838352123585551,0.45074,0.0015734467019889807,45074.0,0.14922,0.001126735956646454,14922.0,0.04398,0.000648427016710439,4398.0,100000
overestimation off,12 scenarios,repro_e1b,824,20260920,"1,824",100000,0.25,0.5,20.0,40.0,20/40,3,0.15,False,True,0.0,10.0,sinus,0.0,A1,Anchor-view mean,AP,-1.999275054389264,0.008044660757399583,2.5439450996757937,0.011233107304452794,3.2355359210957584,0.010019515042168147,2.4474017575279547,0.0066925048551131384,-7.833240839113131,0.044055389851985795,-6.495852238889959,0.02534504732304283,-3.3136838014412664,0.010761319019468323,-1.7339755375543362,0.011462681685445283,-0.3624813285456203,0.012852006952805231,1.5755121737158275,0.01511793644690076,2.2862317239848675,0.02657000465969269,1.9255307358754297,0.008461524668175275,5.183616434968964,0.03003401451492061,6.5154872755790185,0.02830875710160708,2.0137273807093012,0.005280265203943109,0.72616,0.0014101477029020754,72616.0,0.4838,0.0015803087040195658,48380.0,0.30274,0.0014528884761054442,30274.0,100000
overestimation off,12 scenarios,repro_e1b,824,20260920,"1,824",100000,0.25,0.5,20.0,40.0,20/40,3,0.15,False,True,0.0,10.0,sinus,0.0,A1,Anchor-view mean,SL,-1.278128456598611,0.005715049595421694,1.807257366235636,0.005493938537858221,2.213539897446675,0.0069975906388288186,1.6790592653127288,0.00456129331062187,-5.332428996664943,0.03312840254217916,-4.409372223858494,0.013794439722434649,-2.278882702834781,0.007944943154458015,-1.124267587961087,0.0057756510328958914,-0.09677230492346789,0.004960028314298908,1.327594510642224,0.014619438077076,1.8357790828087552,0.0064567849412094595,1.3279416256201073,0.0063536371864919205,3.5340938425657016,0.011276349635709015,4.426697652178951,0.013747106819588427,1.999827361271039,0.004977598640724024,0.60923,0.0015429478510306173,60923.0,0.321,0.0014763434559749299,32100.0,0.15132,0.0011332354459687537,15132.0,100000
overestimation off,12 scenarios,repro_e1b,824,20260920,"1,824",100000,0.25,0.5,20.0,40.0,20/40,3,0.15,False,True,0.0,10.0,sinus,0.0,A2,Mean across views,AP,-3.368132442523139,0.00806087080442527,2.549071166633755,0.009571378948738949,4.223980940452067,0.010321426581849917,3.440430532192249,0.0077495243683658585,-9.443044074182529,0.03782268148739265,-8.013658866880325,0.03239308487527096,-4.647500116887489,0.01102267576767836,-2.983913098387596,0.008058332586542033,-1.6493982842462427,0.00652009065535782,0.008858662838567608,0.0068700383859011775,0.5199308124751079,0.009632650317328817,2.988022027900474,0.0075463750629032435,6.609778226047959,0.02133486136444474,8.01365886688032,0.03239308487527123,1.897181587666602,0.005250371667648233,0.86292,0.00108760780431183,86292.0,0.68872,0.0014641883813225674,68872.0,0.49779,0.0015811233851284346,49779.0,100000
overestimation off,12 scenarios,repro_e1b,824,20260920,"1,824",100000,0.25,0.5,20.0,40.0,20/40,3,0.15,False,True,0.0,10.0,sinus,0.0,A2,Mean across views,SL,-2.1475256830785643,0.005632569441994502,1.781174851576629,0.006452613626250639,2.7900571115180712,0.007101648255992887,2.2395831535335926,0.005261856774065409,-6.314856535624865,0.022138675795590344,-5.3665387542457355,0.022773470842304435,-3.080545385940497,0.006998275475619998,-1.924673863782104,0.005967344579593887,-0.9516054210989301,0.006423932359364255,0.2949104733088266,0.00658076833931626,0.6933386545093683,0.009550597180599347,1.933141835719232,0.003716373558064341,4.3885738616247725,0.01363424857071711,5.367016721928989,0.02255366434662422,1.9236225307978707,0.004516114781853519,0.75203,0.0013655800199915053,75203.0,0.48242,0.0015801612057002284,48242.0,0.26339,0.0013928952146518416,26339.0,100000
overestimation off,12 scenarios,repro_e1b,824,20260920,"1,824",100000,0.25,0.5,20.0,40.0,20/40,3,0.15,False,True,0.0,10.0,sinus,0.0,A3,Largest view mean,AP,-1.0191153838195222,0.006871462239428535,2.1729471532435443,0.008953136355980221,2.4000517243037756,0.007922843065734715,1.793753825998053,0.005042539953495713,-5.766018451762527,0.03001486160968035,-4.717009303916158,0.024719416274900416,-2.2022754746596562,0.008948787617362411,-0.8887123670117587,0.006288075650548898,0.32427523147143544,0.005985297172358534,2.187491095403723,0.013611385793158964,2.9060823292186635,0.020053748440565438,1.3891302368443852,0.004551376060731056,3.8385349041071444,0.014784625563329221,4.850380571304978,0.033073200530124754,2.0209483496494274,0.00841557708761129,0.62567,0.001530382472129108,62567.0,0.34104,0.0014991054612668183,34104.0,0.17428,0.0011996102767149004,17428.0,100000
overestimation off,12 scenarios,repro_e1b,824,20260920,"1,824",100000,0.25,0.5,20.0,40.0,20/40,3,0.15,False,True,0.0,10.0,sinus,0.0,A3,Largest view mean,SL,-0.5845413508854952,0.0049331039181403575,1.5599844315624356,0.004359442791064665,1.6658978606439077,0.0053298633610978285,1.259946632486742,0.003446392379001115,-3.9049006343810415,0.017413716830718493,-3.2093330624438425,0.01929648503904432,-1.4862321942551628,0.005950603801066111,-0.501084798985826,0.005155967005730121,0.4153161969892303,0.004341139656303718,1.7662366531839846,0.011351799107304437,2.257053806462973,0.016887071610934154,0.9950201010983002,0.004288010941568584,2.6557743283028343,0.006360169189580442,3.3290217380142426,0.013936886643719115,1.9983348419257225,0.006699316318084736,0.4979,0.0015811248843782075,49790.0,0.19514,0.0012532373294791375,19514.0,0.07004,0.000807058847916309,7004.0,100000
overestimation off,12 scenarios,repro_e1b,824,20260920,"1,824",100000,0.25,0.5,20.0,40.0,20/40,3,0.15,False,True,0.0,10.0,sinus,0.0,A4,Largest view mean after review,AP,-1.060377133794175,0.006956484246747574,2.1998334726803113,0.008746098807591265,2.442052124899301,0.008225777612629555,1.8180193893744698,0.00515601654874218,-5.893525842705021,0.03003332741461234,-4.819749266464842,0.025834604783057335,-2.242072472432117,0.012355664511846783,-0.9148752004113505,0.007571620151766732,0.30233033563304845,0.007876283713593417,2.157784301744937,0.011499882450182377,2.87744330318593,0.015146069032342821,1.4001089051154403,0.005822713281616696,3.896970608271924,0.014570573745218944,4.939063127379375,0.02094056170532889,2.02250520249769,0.005124314950582859,0.62821,0.0015282741766450155,62821.0,0.34546,0.0015037200151623972,34546.0,0.17899,0.0012122399923282518,17899.0,100000
overestimation off,12 scenarios,repro_e1b,824,20260920,"1,824",100000,0.25,0.5,20.0,40.0,20/40,3,0.15,False,True,0.0,10.0,sinus,0.0,A4,Largest view mean after review,SL,-0.6003597333328956,0.0049702043845094275,1.5717166291605094,0.00437115309068146,1.682468504565716,0.005474106197301972,1.2688769954847774,0.0034937997163855547,-3.9667222817608994,0.019678987142421077,-3.251149631849371,0.014161646571208839,-1.5015711812625496,0.005723697084997743,-0.511255640375597,0.0064620700518593305,0.4070914862442141,0.004446629964461236,1.7550766361421113,0.008949515504320282,2.242475379558718,0.010564630482131758,0.9990600514825374,0.0030965562070399376,2.674115341469363,0.011223526648204219,3.3647403641712574,0.01161032679347636,1.9998831211641461,0.005737970835293467,0.49962,0.0015811383734512295,49962.0,0.19731,0.001258486249030954,19731.0,0.07184,0.0008165721915421808,7184.0,100000
beat CV 30%,12 scenarios,repro_e1b,44,20260920,"1,44",100000,0.03,0.1,2.4,8.0,2.4/8,3,0.3,True,True,0.0,10.0,sinus,0.0,A1,Anchor-view mean,AP,0.34913467959610883,0.008479789902940996,2.6815450172991704,0.01077067258301347,2.7041647134488476,0.010667524013942555,1.981177330064597,0.005820203655432164,-4.3426909567614125,0.03028481382867343,-3.484329456808718,0.01742770187146598,-1.3099580870224814,0.010820653403617046,0.12782343820438502,0.008496394930328112,1.7539827208816567,0.011615197853971781,4.926941525374569,0.02996748719932449,6.372556805945648,0.04282475143370421,1.5120456027460905,0.005342760366229923,4.206495521177646,0.02006840723358637,5.404664254998296,0.025131177322980564,1.9986446195820946,0.005540283035302153,0.65077,0.0015075423944287604,65077.0,0.38104,0.0015357360398193434,38104.0,0.2069,0.0012809855190438336,20690.0,100000
beat CV 30%,12 scenarios,repro_e1b,44,20260920,"1,44",100000,0.03,0.1,2.4,8.0,2.4/8,3,0.3,True,True,0.0,10.0,sinus,0.0,A1,Anchor-view mean,SL,0.22493899201146283,0.00595277919610588,1.882434066776071,0.006803278793431962,1.8958164811779836,0.006688223136521613,1.4110903195289417,0.004003698627569866,-3.146714584718724,0.02134126302712222,-2.550432028112107,0.009034978862773385,-0.9490048024130578,0.006625585401936967,0.10462321222501814,0.006034986518278512,1.2542689027814367,0.00773847976059823,3.4002967386255434,0.01969701784624213,4.343247420102595,0.031086523864721965,1.095269289652832,0.00505202810261132,2.975884249174323,0.010136379323019324,3.7568661062864264,0.018223655956096547,1.981661275542906,0.006863797259449514,0.53612,0.0015770077539441587,53612.0,0.23731,0.0013453399715313598,23731.0,0.09779,0.0009392929037313121,9779.0,100000
beat CV 30%,12 scenarios,repro_e1b,44,20260920,"1,44",100000,0.03,0.1,2.4,8.0,2.4/8,3,0.3,True,True,0.0,10.0,sinus,0.0,A2,Mean across views,AP,0.05832163798390249,0.006241608547681647,1.9737699273849676,0.00744022917035469,1.9746215288072604,0.00657374358449232,1.4791175993502361,0.0041368568054813626,-3.6016068487367012,0.020954887400579183,-2.9093925099239932,0.012036134289999376,-1.1534547575761978,0.008202414603490872,-0.04140556122945904,0.005128731192153065,1.146356036420265,0.006821979519006622,3.378133769413637,0.019795655581269368,4.3077464738927205,0.020895207026487127,1.1499821047937102,0.003994658020510552,3.1334337333752598,0.011454474026195677,3.9540577226527756,0.014481912931345563,2.0024382723311858,0.005830525077184944,0.55642,0.001571040367399896,55642.0,0.25871,0.0013848434420540108,25871.0,0.11137,0.0009948202003377295,11137.0,100000
beat CV 30%,12 scenarios,repro_e1b,44,20260920,"1,44",100000,0.03,0.1,2.4,8.0,2.4/8,3,0.3,True,True,0.0,10.0,sinus,0.0,A2,Mean across views,SL,0.038053397313637015,0.004489404544942173,1.4196743699929024,0.004319368438836754,1.4201771801816439,0.004382547126527336,1.084437147542976,0.0028998408666935345,-2.63520063043941,0.011846350082243821,-2.1516144961054535,0.011823840675970025,-0.8631309505162639,0.005908981997428941,-0.008327255484346985,0.005447775200207039,0.8767845324199992,0.00479461285726596,2.3739560213437283,0.010204830629198035,3.0151488414023726,0.027933724894961594,0.8696925723705102,0.003227435786563516,2.2578093464582167,0.009192208441346807,2.8195414821483276,0.012030854597604626,1.9853448721008895,0.005672978325692,0.43903,0.0015693395397427543,43903.0,0.13886,0.0010935168055407288,13886.0,0.04012,0.0006205673662061195,4012.0,100000
beat CV 30%,12 scenarios,repro_e1b,44,20260920,"1,44",100000,0.03,0.1,2.4,8.0,2.4/8,3,0.3,True,True,0.0,10.0,sinus,0.0,A3,Largest view mean,AP,1.9377988147387333,0.008646303733667773,2.734201314000805,0.011405650710324537,3.3512454868777235,0.012734892166830086,2.4176365798805435,0.007338891973777256,-2.231299069943143,0.017137607465799384,-1.617813399924988,0.014750670802654709,0.17876014989566968,0.006912722193956901,1.5365669151461212,0.009871773001310008,3.217074834348762,0.010848605540129718,6.838837688506646,0.03671720545276464,8.487742403656528,0.056601082377243456,1.7774007553887463,0.006985453866352147,5.291549922910542,0.02160116193563349,6.848997591544752,0.029015812391103964,2.043717065300937,0.00675824036625284,0.69379,0.001457550808376847,69379.0,0.4533,0.0015742271437121137,45330.0,0.28562,0.0014284299618812257,28562.0,100000
beat CV 30%,12 scenarios,repro_e1b,44,20260920,"1,44",100000,0.03,0.1,2.4,8.0,2.4/8,3,0.3,True,True,0.0,10.0,sinus,0.0,A3,Largest view mean,SL,1.3102586329576125,0.0059642939704195735,1.8860753581334784,0.007536431394057171,2.296523975271261,0.00837279627933606,1.6852664668501725,0.0049334811684473776,-1.717939123990175,0.01941737494649536,-1.2488211404458056,0.009752821302554374,0.09248314479014819,0.004886223654268951,1.082572264441614,0.007597920850922237,2.245842971090426,0.007799258211497504,4.628683395442563,0.016701798864645012,5.758849578893375,0.028932409430544353,1.2753082328234253,0.004894905219928287,3.6029264440227315,0.01193815261420427,4.636782120848144,0.017235143717614015,2.019043637591659,0.0059656266007202564,0.59243,0.0015538876893134844,59243.0,0.30886,0.0014610458596498604,30886.0,0.15301,0.0011384109095577046,15301.0,100000
beat CV 30%,12 scenarios,repro_e1b,44,20260920,"1,44",100000,0.03,0.1,2.4,8.0,2.4/8,3,0.3,True,True,0.0,10.0,sinus,0.0,A4,Largest view mean after review,AP,1.6444585116260022,0.00821402671853979,2.597503319206456,0.011132058131348998,3.0742803742522944,0.011718108359538522,2.231428229203258,0.006687280910170898,-2.557782250790627,0.023116672024448448,-1.859209787778576,0.016345890083611838,0.0005264561884732455,0.007403499084510986,1.3196708046312913,0.00897901314579479,2.905253405214051,0.009468377535154752,6.218193492290631,0.027928121477054653,7.755002086767582,0.04903441562691772,1.6589890343520262,0.008102231478037895,4.844932495451009,0.022143490705977424,6.253614210564489,0.02143000823859595,2.0341717245244593,0.005574729436241281,0.67599,0.0014799578368994166,67599.0,0.42463,0.0015630718572733626,42463.0,0.2542,0.001376889102288198,25420.0,100000
beat CV 30%,12 scenarios,repro_e1b,44,20260920,"1,44",100000,0.03,0.1,2.4,8.0,2.4/8,3,0.3,True,True,0.0,10.0,sinus,0.0,A4,Largest view mean after review,SL,1.171118916288199,0.0057010559645377335,1.8028321916027368,0.007246547015558788,2.1498118348190527,0.0077128050482065625,1.5934741867187732,0.004563498402439376,-1.8464338088322503,0.009538967782092091,-1.357200931831633,0.007932614724978033,0.015141375888663822,0.005757418254028524,0.9929408077971971,0.005981337993815072,2.1050303295924695,0.005680851615753458,4.287690667720441,0.020415805506979415,5.283495884304346,0.018092691331146084,1.2257531100570975,0.004511412612877298,3.370321719241712,0.009575890659699916,4.310140415311663,0.01960098022948188,2.004891937751586,0.0065461723162738485,0.57884,0.0015613591976223792,57884.0,0.28859,0.0014328496498237351,28859.0,0.13418,0.0010778484476029087,13418.0,100000
beat CV 30%,12 scenarios,repro_e1b,116,20260920,"1,116",100000,0.03,0.25,2.4,20.0,2.4/20,3,0.3,True,True,0.0,10.0,sinus,0.0,A1,Anchor-view mean,AP,0.3656594971070025,0.008506315864885509,2.6899332629863313,0.01092167569120515,2.7146593653228845,0.01072876380747631,1.9894577046298,0.005840777025277228,-4.337046707678934,0.02766966313927169,-3.5059703281183743,0.017398182136732113,-1.307086875724175,0.009810662690527553,0.1523752214092169,0.0076488523375372545,1.756465422789689,0.013848607814376537,4.9725370890234375,0.026714731867652344,6.442075020481126,0.042444456561548216,1.5146613742344341,0.006385247425200298,4.2273934227595005,0.016453704709680505,5.428584836861664,0.019734729138254758,1.999729655295438,0.006119701835431254,0.653,0.001505293991218991,65300.0,0.38128,0.001535921748006714,38128.0,0.20972,0.0012873908559563408,20972.0,100000
beat CV 30%,12 scenarios,repro_e1b,116,20260920,"1,116",100000,0.03,0.25,2.4,20.0,2.4/20,3,0.3,True,True,0.0,10.0,sinus,0.0,A1,Anchor-view mean,SL,0.23402541615891212,0.00594811598272262,1.8809594292254228,0.007641133234419771,1.895452687279911,0.006970754140915759,1.4096364186553483,0.00400709634740456,-3.1257132706232142,0.019641445561374923,-2.5402712275002823,0.014603677176550658,-0.9441910473655005,0.008054847773668022,0.10370406274195121,0.006735355961438763,1.2610542467361487,0.007889397555716944,3.4076804187539316,0.01231596615689307,4.368750901392387,0.032688953258893746,1.0965696268187872,0.005062869286117127,2.965321469231417,0.009143732699317786,3.7671129303819124,0.011782084187427112,1.9874476190634687,0.005906853124510505,0.53659,0.0015768994004057455,53659.0,0.23659,0.001343931441331737,23659.0,0.09679,0.0009349956999901123,9679.0,100000
beat CV 30%,12 scenarios,repro_e1b,116,20260920,"1,116",100000,0.03,0.25,2.4,20.0,2.4/20,3,0.3,True,True,0.0,10.0,sinus,0.0,A2,Mean across views,AP,-0.8463119982547546,0.006532704083268413,2.0658224183010456,0.00703982271136433,2.2324478910206387,0.006569864520689776,1.7053527442528145,0.004555893282283388,-5.06188617918047,0.0238010674901826,-4.172466484928984,0.013106984622734713,-2.0555850616122813,0.00948668552319571,-0.8209420371292513,0.010151653989255759,0.37452637675498535,0.007724183298268379,2.418115867293844,0.016404731844065677,3.2602576996366164,0.02017789902612568,1.360120917152587,0.006150597491454275,3.584862637532323,0.013676061367980235,4.4558707047186354,0.018351144305470083,1.9959573178129073,0.004808874446022098,0.61707,0.0015371877409737563,61707.0,0.32984,0.0014867601501250965,32984.0,0.15885,0.0011559268034784902,15885.0,100000
beat CV 30%,12 scenarios,repro_e1b,116,20260920,"1,116",100000,0.03,0.25,2.4,20.0,2.4/20,3,0.3,True,True,0.0,10.0,sinus,0.0,A2,Mean across views,SL,-0.5396429911252031,0.004670166635802263,1.4768363621661214,0.004813845482096282,1.5723353293843565,0.004469033430997764,1.2110554801609106,0.0031711087460588898,-3.5102398518748767,0.012309424443365443,-2.92792412447396,0.015437757702978384,-1.440023642232848,0.005550033111021155,-0.5282148165075424,0.006521453224538107,0.3681493759129788,0.007245847395942102,1.7894020737792284,0.009987722329122449,2.3483423165098247,0.014582181849052704,0.9780204318252106,0.003274981559527243,2.5254593032880823,0.008209197154728322,3.1165181231168733,0.011325984827370334,1.9820950816751903,0.004590091561220847,0.49092,0.001580878090176469,49092.0,0.18187,0.0012198086042490438,18187.0,0.05757,0.0007365846529761532,5757.0,100000
beat CV 30%,12 scenarios,repro_e1b,116,20260920,"1,116",100000,0.03,0.25,2.4,20.0,2.4/20,3,0.3,True,True,0.0,10.0,sinus,0.0,A3,Largest view mean,AP,1.3919433563798294,0.008504552255978714,2.6893755608816083,0.012231497525035353,3.02822966226608,0.012318522752099574,2.1692284868233433,0.006681816598841444,-2.9451332686212557,0.014073402039693532,-2.2466699248773234,0.013589777858109263,-0.2978141882878631,0.00844912948502867,1.0614774494615427,0.007452523866613266,2.6816264684969533,0.009721633367704232,6.1306065024358025,0.02174613129401013,7.7303566884884845,0.04460425040659814,1.5819531411399401,0.007402048330613491,4.747798488959785,0.01968404892438249,6.186350464547108,0.027706526064576725,2.0428934243771155,0.007196670396355779,0.66417,0.001493479866285448,66417.0,0.40453,0.0015520485788144646,40453.0,0.23966,0.001349900308911736,23966.0,100000
beat CV 30%,12 scenarios,repro_e1b,116,20260920,"1,116",100000,0.03,0.25,2.4,20.0,2.4/20,3,0.3,True,True,0.0,10.0,sinus,0.0,A3,Largest view mean,SL,0.9493747124740424,0.005877126202676106,1.858510489671287,0.008620840773006655,2.0869449068652903,0.008018405712939509,1.521037708461567,0.004518632261831535,-2.137188609127066,0.012043738530348303,-1.6523592642911185,0.011635861360838037,-0.23725724201660325,0.008321434451336568,0.7590910845132743,0.006136169136143338,1.8973779667642339,0.007673313977230773,4.187113497327167,0.011786996222941158,5.2167259980441605,0.016562636424129598,1.1468320322234784,0.004626711284137151,3.2593652917334124,0.013441395064493364,4.225729468273187,0.02060179635132581,2.024839972714216,0.006939918600144583,0.55299,0.0015722342697575321,55299.0,0.26326,0.0013926743065052934,26326.0,0.12148,0.0010330663560488263,12148.0,100000
beat CV 30%,12 scenarios,repro_e1b,116,20260920,"1,116",100000,0.03,0.25,2.4,20.0,2.4/20,3,0.3,True,True,0.0,10.0,sinus,0.0,A4,Largest view mean after review,AP,1.1902046979333922,0.008228422588443515,2.60205569298598,0.009634880135285486,2.8613306948769783,0.011610240076862186,2.0636994789974765,0.006267692629510173,-3.1315983532410656,0.014650524042124144,-2.4150549979142886,0.008792285403233568,-0.431420586751873,0.006554516732255539,0.9205847639369269,0.007509595749569308,2.472034146381527,0.0076153312146659295,5.727394575701584,0.02478115645930358,7.20184798841065,0.034705074614378724,1.5287155616888928,0.0076024655159533374,4.484918120625316,0.019983475466400773,5.835729393960384,0.021156412551448834,2.0395158813376124,0.006147691393209613,0.65399,0.0015042841483576166,65399.0,0.38779,0.0015408079565604534,38779.0,0.2215,0.0013131555505727416,22150.0,100000
beat CV 30%,12 scenarios,repro_e1b,116,20260920,"1,116",100000,0.03,0.25,2.4,20.0,2.4/20,3,0.3,True,True,0.0,10.0,sinus,0.0,A4,Largest view mean after review,SL,0.8593158527816733,0.005706019392629713,1.8044017653800488,0.008503465678829956,1.9985637110413121,0.007500510960091732,1.4701821694232284,0.004281167626007504,-2.2305272297139416,0.015964079997879615,-1.7222434591953972,0.01020610924550351,-0.2865781703343755,0.007876270070019982,0.7022431755409286,0.0063043225154153035,1.8142499582960367,0.0072785802769936864,3.9642969544523075,0.017526045689642174,4.9225861082060325,0.03094310957324544,1.1224747250663065,0.003957235884701958,3.1314936723089906,0.010905870889826958,4.019843130969942,0.019294225695532047,2.0113660168859377,0.007006776984098137,0.54547,0.001574587181136694,54547.0,0.25235,0.001373570083759835,25235.0,0.1109,0.0009929813190589238,11090.0,100000
beat CV 30%,12 scenarios,repro_e1b,188,20260920,"1,188",100000,0.03,0.5,2.4,40.0,2.4/40,3,0.3,True,True,0.0,10.0,sinus,0.0,A1,Anchor-view mean,AP,0.3676974253343972,0.008464518119320716,2.6767156552818365,0.010836572470530853,2.701839456326268,0.010551527620130332,1.9819040037850442,0.005806915435762013,-4.341846990866719,0.020241659170445007,-3.48417047277423,0.015683351392317305,-1.2881993533444414,0.008274025952932213,0.14579859544487306,0.006381938530864439,1.7563520286651593,0.010115724565227061,4.962142092586235,0.02773886680652216,6.394222969363144,0.0326681313748026,1.5071874812422625,0.006003667150614109,4.224334670421199,0.012437466006772199,5.410884634357961,0.031096609655432143,2.002666968863954,0.00767910669845411,0.651,0.0015073121773541138,65100.0,0.38021,0.0015350907331490213,38021.0,0.20888,0.0012854926899831052,20888.0,100000
beat CV 30%,12 scenarios,repro_e1b,188,20260920,"1,188",100000,0.03,0.5,2.4,40.0,2.4/40,3,0.3,True,True,0.0,10.0,sinus,0.0,A1,Anchor-view mean,SL,0.22750100228051182,0.005904539734755789,1.867179409679476,0.006874594614371629,1.880978678874419,0.007032859093833856,1.4028126680454158,0.003962591463780446,-3.1105191139816974,0.010850257192067956,-2.5450827169103607,0.016417337265834216,-0.9447077164553335,0.008641553250947613,0.11360772609383085,0.006855857500652152,1.2573622906179989,0.005636933679593644,3.3663362764672247,0.02089702458729957,4.326796076289913,0.03003698195598059,1.0957588463421164,0.004357490190321352,2.933775788398177,0.012424947038680573,3.728007646010899,0.019876444744906928,1.9819510385103065,0.007734180767367497,0.53672,0.0015768691816380965,53672.0,0.23532,0.001341433925320215,23532.0,0.09413,0.0009234150913863168,9413.0,100000
beat CV 30%,12 scenarios,repro_e1b,188,20260920,"1,188",100000,0.03,0.5,2.4,40.0,2.4/40,3,0.3,True,True,0.0,10.0,sinus,0.0,A2,Mean across views,AP,-2.2518435090451208,0.007921216878805978,2.504908717719684,0.007681565181082784,3.368279104774406,0.00930868636351744,2.6241825666158043,0.006677585323210263,-7.866159442801153,0.05216608072843178,-6.6034328419369634,0.027007758969145295,-3.609424027062355,0.009641347680595923,-2.0325061378310805,0.008780788574964633,-0.6634212960687362,0.007948206419394404,1.3717926009798425,0.0199840887153426,2.1333743303675186,0.026576472508975817,2.1675101062920348,0.009260285445940727,5.38963916984723,0.018942772634375587,6.640254755446973,0.033704577915431716,1.9714087072044202,0.006625211231043217,0.76013,0.0013503050881189776,76013.0,0.53389,0.0015775026716300673,53389.0,0.34489,0.0015031330210596799,34489.0,100000
beat CV 30%,12 scenarios,repro_e1b,188,20260920,"1,188",100000,0.03,0.5,2.4,40.0,2.4/40,3,0.3,True,True,0.0,10.0,sinus,0.0,A2,Mean across views,SL,-1.4347678697998687,0.005551846779505567,1.7556481043508219,0.005505994955597395,2.267339472491498,0.006487416994437666,1.7526883136992668,0.004548552129927196,-5.305413228641805,0.020308851584337043,-4.457993031337817,0.022182188173314226,-2.4062106259446145,0.007441718319487256,-1.2999838312881784,0.006075457792256716,-0.3087685334913942,0.004924104158022071,1.121622042897015,0.009073828341492292,1.643685445818277,0.014739054279398426,1.427050181805084,0.0046772006680277705,3.6274364860328867,0.009819230311883417,4.483150995011821,0.016187986255726667,1.9772738266164644,0.004935777489658794,0.63749,0.001520185843573081,63749.0,0.34677,0.0015050600223911338,34677.0,0.16486,0.001173376241450286,16486.0,100000
beat CV 30%,12 scenarios,repro_e1b,188,20260920,"1,188",100000,0.03,0.5,2.4,40.0,2.4/40,3,0.3,True,True,0.0,10.0,sinus,0.0,A3,Largest view mean,AP,0.9888961025959546,0.008489402146397077,2.6845846755736966,0.011840852838022007,2.860915642256128,0.011748342530937235,2.0602547112460625,0.006277123735578733,-3.5077370486284454,0.012071221734809253,-2.7383002574860282,0.012441056351247337,-0.6967660011951098,0.009570131023824981,0.705613088815296,0.00668814880659261,2.3296522831164994,0.011118200161816917,5.668651647603794,0.02690821066062541,7.203330425984923,0.03747376999662577,1.5215163298598164,0.007430876283027553,4.4721535147928675,0.017512715998902792,5.799479500119681,0.02994886790723827,2.0271410364082567,0.006654415377398985,0.65233,0.0015059733433895833,65233.0,0.38619,0.0015396339951430013,38619.0,0.22099,0.00131207248237283,22099.0,100000
beat CV 30%,12 scenarios,repro_e1b,188,20260920,"1,188",100000,0.03,0.5,2.4,40.0,2.4/40,3,0.3,True,True,0.0,10.0,sinus,0.0,A3,Largest view mean,SL,0.6652763886015804,0.00587301241319348,1.8572095952133325,0.007626274654567563,1.9727609235557222,0.007820635026645826,1.4458308631665557,0.0042442629400066415,-2.54941212503997,0.02004306012920073,-2.022347212134556,0.009449511340467183,-0.5085050616983278,0.006904544087697447,0.5204217085372838,0.006603700455858628,1.639134119133778,0.006333982468471182,3.838125105287412,0.023613633581751264,4.856178556081097,0.021371361987764268,1.1046320405721959,0.004164125205154108,3.0559825953495765,0.00945686167819918,3.9385585272174484,0.012312394013831562,1.9964702667156216,0.006305385985683786,0.53979,0.0015761242206755151,53979.0,0.24322,0.0013567019997036932,24322.0,0.10466,0.0009680200638416541,10466.0,100000
beat CV 30%,12 scenarios,repro_e1b,188,20260920,"1,188",100000,0.03,0.5,2.4,40.0,2.4/40,3,0.3,True,True,0.0,10.0,sinus,0.0,A4,Largest view mean after review,AP,0.8613955588009741,0.008295052003288396,2.623125763993386,0.011506156534298333,2.7609277923481064,0.011039979998028419,2.0017953912541007,0.006012964029370581,-3.640960995272762,0.029577991112169952,-2.8460358652924427,0.013045839307395574,-0.7764777822554392,0.007787731390429198,0.6156829914849018,0.007205112305842978,2.1948447268623283,0.012227633864040896,5.407866199536137,0.03338392777296442,6.894330586131852,0.05028199056353328,1.4928583958511021,0.00558203840235569,4.325210188893514,0.01632185675966264,5.585942552532716,0.026713915304530458,2.0232121129767027,0.006051239873560786,0.64695,0.0015113096886475651,64695.0,0.37742,0.0015328866350777543,37742.0,0.21123,0.0012907822709504497,21123.0,100000
beat CV 30%,12 scenarios,repro_e1b,188,20260920,"1,188",100000,0.03,0.5,2.4,40.0,2.4/40,3,0.3,True,True,0.0,10.0,sinus,0.0,A4,Largest view mean after review,SL,0.6074821032117076,0.00575217176605474,1.81899642732462,0.007610707865876551,1.917745921873444,0.007321039426823959,1.4170081314874226,0.004086384801632728,-2.6062364888115153,0.01077606602979788,-2.0619379850626744,0.011958870437608283,-0.5374623254198365,0.008569500619081885,0.48129248740614994,0.0073074142144848395,1.5892562388962708,0.006877338218179688,3.6941853133130294,0.010890790504966077,4.6719429453443375,0.024400991343501214,1.0920409694772828,0.004974604414820297,2.9847961735316018,0.009919451265882557,3.829813509951299,0.023952164371627244,1.997039058338843,0.00891118545318775,0.53547,0.0015771552843648594,53547.0,0.23702,0.0013447732879560033,23702.0,0.09879,0.0009435599392725403,9879.0,100000
beat CV 30%,12 scenarios,repro_e1b,260,20260920,"1,260",100000,0.06,0.1,4.8,8.0,4.8/8,3,0.3,True,True,0.0,10.0,sinus,0.0,A1,Anchor-view mean,AP,0.07718486945188932,0.00835380366814729,2.6417046717214836,0.012951169727818748,2.642818815324216,0.013502662682069956,1.9502500471112718,0.0056400778849699604,-4.693009348330346,0.022519496139875052,-3.7869964526017608,0.02096896988927986,-1.526044857938317,0.00915498567999582,-0.10749715311856534,0.009983100670298747,1.466491777468781,0.010996064154819539,4.5572704654496965,0.024808804669916917,5.910895895736018,0.028485592152456645,1.4999449712917037,0.0041769660099656505,4.141302968594759,0.014960953714991702,5.290355651730156,0.01997528382738589,2.0017852230559154,0.008589182209190572,0.64774,0.0015105392825080716,64774.0,0.37818,0.001533492378852924,37818.0,0.20381,0.0012738582491784555,20381.0,100000
beat CV 30%,12 scenarios,repro_e1b,260,20260920,"1,260",100000,0.06,0.1,4.8,8.0,4.8/8,3,0.3,True,True,0.0,10.0,sinus,0.0,A1,Anchor-view mean,SL,0.05489732151349946,0.0058566214015123895,1.8520263022066654,0.006349457337153885,1.8528304941252483,0.0063690931547979975,1.3947546752731061,0.0038570132386541623,-3.330184573824593,0.017277035236084867,-2.742728158848963,0.012225852856452127,-1.108122083624136,0.0076694747195301055,-0.03759072671171326,0.0048093786866735865,1.0889824944783872,0.006402102432647269,3.158073059848447,0.021789205349993217,4.065492194267609,0.0301005882047151,1.0995173054174718,0.003565220061407883,2.9306155156256155,0.012177501116224444,3.677074915538212,0.016905877360710867,1.9845716740938137,0.006392763125869092,0.53889,0.0015763488443234891,53889.0,0.23456,0.0013399313654064524,23456.0,0.09345,0.0009204189127783067,9345.0,100000
beat CV 30%,12 scenarios,repro_e1b,260,20260920,"1,260",100000,0.06,0.1,4.8,8.0,4.8/8,3,0.3,True,True,0.0,10.0,sinus,0.0,A2,Mean across views,AP,-0.032419159151149346,0.0061729585623964,1.9520608959011254,0.006360175596870569,1.9523203215069393,0.006797090794888571,1.4708940828867105,0.004059608004616913,-3.691504602536254,0.019861922341856186,-2.9938200350574413,0.012551886655926452,-1.240124484995408,0.008363936771208598,-0.1223861175406058,0.007128374175904167,1.061995728173889,0.008862516865678564,3.229766525212432,0.02276596033909489,4.143216722719338,0.035368492471484256,1.157804406382529,0.004313699764181529,3.1018213719758507,0.009148230865865834,3.909441596592309,0.020624806948937417,2.002459101370581,0.008707151101989295,0.55655,0.0015709936266579824,55655.0,0.25752,0.0013827633550250022,25752.0,0.10905,0.0009856880718564064,10905.0,100000
beat CV 30%,12 scenarios,repro_e1b,260,20260920,"1,260",100000,0.06,0.1,4.8,8.0,4.8/8,3,0.3,True,True,0.0,10.0,sinus,0.0,A2,Mean across views,SL,-0.01631017229506428,0.004465263352876168,1.4120402547568862,0.004295410787523025,1.4121273895075388,0.0043019248407937145,1.0810177344674077,0.002873173640925833,-2.6878842755789063,0.006840614568149473,-2.216066670141028,0.006145599852902583,-0.9168878057656003,0.005982671169722647,-0.05729523630413791,0.004723957661088638,0.8211179251853375,0.005033440959060786,2.3079810968263783,0.01270734080020729,2.9328619614083475,0.01787234336626838,0.8691914136475443,0.0028471722563722657,2.2580037361803247,0.00570230036221099,2.797116249749068,0.010609145014423177,1.9807818122729892,0.005860458798313099,0.44012,0.001569759171338075,44012.0,0.13824,0.0010914655395384684,13824.0,0.0388,0.0006106927214237943,3880.0,100000
beat CV 30%,12 scenarios,repro_e1b,260,20260920,"1,260",100000,0.06,0.1,4.8,8.0,4.8/8,3,0.3,True,True,0.0,10.0,sinus,0.0,A3,Largest view mean,AP,1.8196939765334483,0.008559666196483247,2.7068041191637415,0.014693667376111106,3.2615949227131993,0.014835507518729025,2.3401225875103027,0.00718462200403469,-2.3307696932682087,0.024416121178398174,-1.7017751480076768,0.010617292953206844,0.09189878115553007,0.009718420861509662,1.43427911535084,0.009676236077016013,3.084020492379667,0.009952434566430763,6.642583244897028,0.03661003617007792,8.311966056256443,0.06078744790283055,1.7057179212031635,0.008375039522343832,5.1357869863955115,0.02096931868483005,6.6551638818286865,0.039052268670702085,2.0404630371120716,0.0074230622659668365,0.68319,0.0014711948338000647,68319.0,0.43589,0.0015680877140644908,43589.0,0.27188,0.0014069870845178358,27188.0,100000
beat CV 30%,12 scenarios,repro_e1b,260,20260920,"1,260",100000,0.06,0.1,4.8,8.0,4.8/8,3,0.3,True,True,0.0,10.0,sinus,0.0,A3,Largest view mean,SL,1.2383453083513647,0.0059048831675793225,1.867288012674039,0.008337324916364597,2.240586699359517,0.008623315854649444,1.638765541078039,0.00483187293470972,-1.7642393951490105,0.011936509922271224,-1.3055339888559412,0.00925738113557484,0.038002052134573194,0.00624762601019405,1.0175653131642572,0.007080457194744949,2.157163326202539,0.007301046232050392,4.540324185136585,0.017998473555253438,5.6068723598614465,0.027955452371696943,1.2350672207655529,0.005145168931079885,3.5216499530436756,0.01765575574303778,4.549542994808463,0.016761497182090936,2.0305141488651044,0.0055005691575599125,0.58151,0.0015599875637324805,58151.0,0.29461,0.0014415788147028243,29461.0,0.1441,0.001110563775746355,14410.0,100000
beat CV 30%,12 scenarios,repro_e1b,260,20260920,"1,260",100000,0.06,0.1,4.8,8.0,4.8/8,3,0.3,True,True,0.0,10.0,sinus,0.0,A4,Largest view mean after review,AP,1.5017642309265962,0.008093347085153716,2.559341068337047,0.013162416377617656,2.9673990306495903,0.013894975111465719,2.1493692196065157,0.006469706965556032,-2.6954623898998764,0.01882449968703942,-1.9757723278164607,0.012875227584768438,-0.11051211122536952,0.008552240288478334,1.2094993513662566,0.008600235695908919,2.7581869255809814,0.011909705123606604,6.007916364225182,0.027936914445419223,7.44324429444081,0.058438740126152335,1.5969584818415372,0.005537870644618812,4.678380072260928,0.017255802007978417,6.04670736836696,0.02662380910532275,2.0377129283631534,0.008536123217609751,0.66498,0.0014925870145489006,66498.0,0.40599,0.0015529395348821537,40599.0,0.23979,0.0013501509393397467,23979.0,100000
beat CV 30%,12 scenarios,repro_e1b,260,20260920,"1,260",100000,0.06,0.1,4.8,8.0,4.8/8,3,0.3,True,True,0.0,10.0,sinus,0.0,A4,Largest view mean after review,SL,1.0883860578036169,0.005603790523747556,1.7720741585510158,0.007845730281292996,2.079615260512712,0.007448052686377727,1.5421289323825313,0.004412094122115496,-1.9006651320520338,0.011186422331279327,-1.4200701844523917,0.009448096481421196,-0.046446527881124355,0.007079495509978808,0.9193809052538733,0.007025027663919438,2.011167144414738,0.0076020646712247775,4.163474440187431,0.021832627029840856,5.1179643517252575,0.029815414653969953,1.184992446124329,0.004694795482680758,3.2792944825362342,0.009695453709685949,4.186816433503466,0.018994228179761923,2.0132649115448604,0.006937692961264953,0.56658,0.0015670580831609274,56658.0,0.27344,0.0014095054678858114,27344.0,0.12469,0.0010447124192810191,12469.0,100000
beat CV 30%,12 scenarios,repro_e1b,332,20260920,"1,332",100000,0.06,0.25,4.8,20.0,4.8/20,3,0.3,True,True,0.0,10.0,sinus,0.0,A1,Anchor-view mean,AP,0.09704507808160408,0.008409463908733499,2.6593059852580203,0.009220662181046807,2.6610628236337757,0.009967132792120624,1.9664393054939882,0.005669571371077018,-4.665843369798448,0.02753816949358454,-3.800671142906853,0.023750701857969042,-1.5302169373348526,0.00845356851368502,-0.09747943368517209,0.0066644158788280086,1.4739025653693913,0.009142504811447051,4.64016539014271,0.03299304653182996,6.038913525198717,0.02550711157080743,1.5060464814926573,0.0057659852243043454,4.159810290059735,0.014107139752286682,5.345134995001967,0.030214771335218632,2.008646675880803,0.0099101848509665,0.65246,0.001505841785846043,65246.0,0.37878,0.0015339677688921628,37878.0,0.20672,0.0012805734715353118,20672.0,100000
beat CV 30%,12 scenarios,repro_e1b,332,20260920,"1,332",100000,0.06,0.25,4.8,20.0,4.8/20,3,0.3,True,True,0.0,10.0,sinus,0.0,A1,Anchor-view mean,SL,0.05468199426900885,0.005879872865638326,1.8593790607638312,0.006963327425494561,1.8601736583446469,0.006672431254782038,1.394526131290682,0.0038930169071394872,-3.3254678420682664,0.02279657540527611,-2.724230267179228,0.010567110913707529,-1.1046637229362724,0.00688998848601361,-0.04213865792594795,0.006003973806672653,1.0901522141312752,0.007708909142453442,3.1437175867030245,0.02347616824711637,4.0621036325333035,0.0393590680591019,1.097956113372547,0.0037762480943741984,2.9192032414351967,0.01085852242939855,3.6747093772973125,0.018410622910381834,1.975465764076783,0.006501330001125319,0.53816,0.0015765272417563867,53816.0,0.23363,0.0013380845380617774,23363.0,0.09263,0.0009167861424563529,9263.0,100000
beat CV 30%,12 scenarios,repro_e1b,332,20260920,"1,332",100000,0.06,0.25,4.8,20.0,4.8/20,3,0.3,True,True,0.0,10.0,sinus,0.0,A2,Mean across views,AP,-0.9313066354841094,0.006553418565796026,2.0723729128349473,0.00725363305717463,2.2720076126311364,0.0066973566018976565,1.7408971500882977,0.004616618911972763,-5.161838899434359,0.031341791134620274,-4.270186428835134,0.01606107312437628,-2.144648193548716,0.009329163560596092,-0.9066762654693048,0.006228843846563033,0.29615016181311504,0.007804986022244969,2.324936692233967,0.025098003711059927,3.1459691172301243,0.019382995726529784,1.3950889534756268,0.004932761112564279,3.640219001177743,0.013199212520626575,4.527022647567275,0.02239709170033175,1.9925208975531032,0.006414527287450131,0.62803,0.0015284250688208435,62803.0,0.33963,0.0014976029617358533,33963.0,0.16381,0.0011703686765288962,16381.0,100000
beat CV 30%,12 scenarios,repro_e1b,332,20260920,"1,332",100000,0.06,0.25,4.8,20.0,4.8/20,3,0.3,True,True,0.0,10.0,sinus,0.0,A2,Mean across views,SL,-0.6029343355346111,0.00467082055133131,1.4770431484130355,0.005231932771079691,1.5953571570892309,0.004522574307045619,1.2286830699193647,0.003217938357856833,-3.6067461242752685,0.017523937241941043,-3.017994491946204,0.013603338210133752,-1.4910252481915687,0.005798609268978188,-0.5813413015236915,0.005480687056698143,0.30805279181717693,0.00629051777155731,1.722026205492822,0.010848692246508683,2.258707205119511,0.014661760065551775,0.9917785093107527,0.0041049446052081945,2.5726331591181824,0.007930270381095514,3.183206284009755,0.011333121159942968,1.9952938248746723,0.004257732353128575,0.49685,0.0015811074520727553,49685.0,0.18674,0.0012323480531083741,18674.0,0.06163,0.0007604718476051562,6163.0,100000
beat CV 30%,12 scenarios,repro_e1b,332,20260920,"1,332",100000,0.06,0.25,4.8,20.0,4.8/20,3,0.3,True,True,0.0,10.0,sinus,0.0,A3,Largest view mean,AP,1.2440043242909702,0.00848506762141944,2.6832139784232747,0.011029145831504283,2.95755169295283,0.012116288976554788,2.109710603247929,0.006554598500131725,-3.1054754144856886,0.018893557842870893,-2.38279018661541,0.01406952894750435,-0.4411573735428478,0.00797524928560711,0.9179882231600294,0.008260014601270037,2.537671510554034,0.012694380166652839,5.976232079803522,0.028205095106061628,7.53466035449272,0.042880199785267956,1.5375893986726612,0.006887238750114889,4.606250791281447,0.02264915288752258,6.038919256964623,0.026782453381441973,2.0418643134299184,0.0075546722534302994,0.65386,0.0015044171642200844,65386.0,0.39026,0.0015425859211078,39026.0,0.22833,0.0013273861951218267,22833.0,100000
beat CV 30%,12 scenarios,repro_e1b,332,20260920,"1,332",100000,0.06,0.25,4.8,20.0,4.8/20,3,0.3,True,True,0.0,10.0,sinus,0.0,A3,Largest view mean,SL,0.8421285957094038,0.0058144560020076,1.8386924321180584,0.006597966295888202,2.022359172783389,0.007901866904166494,1.472217404231088,0.004384668475196076,-2.2391386545639698,0.01789817581348926,-1.7482525303859,0.009131158072934412,-0.32223387101390166,0.007495944821945649,0.6658347400200695,0.00610083048950769,1.7747858818641067,0.008622422740643934,4.030205458425253,0.017127018325440904,5.0322583146398365,0.0258669809085571,1.1139619540229178,0.003777551138707301,3.1348240611733025,0.011168702870280392,4.083691444359693,0.023834482045435024,2.0192711063976216,0.009340652018005971,0.54296,0.0015752918408980603,54296.0,0.24937,0.0013681542424010533,24937.0,0.11139,0.0009948983259609999,11139.0,100000
beat CV 30%,12 scenarios,repro_e1b,332,20260920,"1,332",100000,0.06,0.25,4.8,20.0,4.8/20,3,0.3,True,True,0.0,10.0,sinus,0.0,A4,Largest view mean after review,AP,1.0202219793491005,0.008145646025387686,2.5758794453722835,0.009948183931359244,2.7705489442868987,0.011111660453859364,1.9989692635927903,0.006066382890077016,-3.363927321576087,0.024975257910228334,-2.5815848077845795,0.016397096987839622,-0.5816490850726925,0.0075518365548168645,0.766795339628259,0.0060624058890157125,2.306479306142981,0.010826189278172273,5.512878157871475,0.02206763174948728,6.901161347334656,0.030049204579521344,1.4812867202049027,0.004514292318833045,4.312212310368682,0.016887130057272152,5.65300094125447,0.026147606151162198,2.040390209641099,0.008858730466739,0.64323,0.0015148767840982974,64323.0,0.37301,0.0015292924504488996,37301.0,0.21056,0.0012892807545294392,21056.0,100000
beat CV 30%,12 scenarios,repro_e1b,332,20260920,"1,332",100000,0.06,0.25,4.8,20.0,4.8/20,3,0.3,True,True,0.0,10.0,sinus,0.0,A4,Largest view mean after review,SL,0.7442408587723987,0.005630672921410676,1.7805751191092005,0.00779120835308877,1.9298472753509468,0.007288133781586704,1.4202804484459235,0.004131744214314305,-2.3515111689678374,0.022060742075871137,-1.824036853449024,0.014376224172733274,-0.3810167030352467,0.005493494944314536,0.6015844768440493,0.006094207316190655,1.6802996676412942,0.01005368085129416,3.7711717313310507,0.014181313770661256,4.7321331337534795,0.029474711393206475,1.0914613745501645,0.0029103195234682117,3.004997484940607,0.010775726397087359,3.860682883398746,0.01837900699644937,2.0005121300060766,0.007943449572160999,0.53516,0.0015772246967379125,53516.0,0.23779,0.0013462760337315672,23779.0,0.10048,0.0009507037898315122,10048.0,100000
beat CV 30%,12 scenarios,repro_e1b,404,20260920,"1,404",100000,0.06,0.5,4.8,40.0,4.8/40,3,0.3,True,True,0.0,10.0,sinus,0.0,A1,Anchor-view mean,AP,0.09276067115502921,0.008390502525077724,2.6533098692639667,0.01002823026057302,2.6549175889119563,0.01003919080024661,1.957633355660318,0.005671235501751197,-4.676593425603614,0.023558654510938092,-3.7975128623181678,0.023589685189688705,-1.523539457707343,0.010549299254576726,-0.08922115442951206,0.010660675899899217,1.4667648987408675,0.0077505738396638595,4.586527427348639,0.03545744086631868,6.027177839775846,0.061389356987612186,1.4980730291402478,0.006653773373120645,4.1493233175489515,0.013174402700099112,5.317186146494613,0.024532328123461965,2.002768812373462,0.006389408026358365,0.64817,0.0015101180453858565,64817.0,0.3768,0.001532389506620298,37680.0,0.20444,0.0012753206906500028,20444.0,100000
beat CV 30%,12 scenarios,repro_e1b,404,20260920,"1,404",100000,0.06,0.5,4.8,40.0,4.8/40,3,0.3,True,True,0.0,10.0,sinus,0.0,A1,Anchor-view mean,SL,0.06683161428169074,0.00590863167021033,1.8684733932869508,0.006107738400434988,1.869658892461546,0.006604976087649131,1.4029089100473133,0.003908306844571938,-3.3340513230715745,0.019791258417767348,-2.746804445769089,0.01159813417376995,-1.0996986072071093,0.007203210293774083,-0.03229686026126055,0.007737365557226313,1.1014613367041155,0.006727295929720429,3.1777078796705647,0.018668751336741164,4.086134581283738,0.018509577655664567,1.1008235558055786,0.003724967230155386,2.9428327126742357,0.008460789594847909,3.68919373654649,0.01295000759947979,1.9731908057781544,0.006314568388995519,0.53819,0.0015765199773551872,53819.0,0.23757,0.0013458472985446752,23757.0,0.09462,0.0009255649928557151,9462.0,100000
beat CV 30%,12 scenarios,repro_e1b,404,20260920,"1,404",100000,0.06,0.5,4.8,40.0,4.8/40,3,0.3,True,True,0.0,10.0,sinus,0.0,A2,Mean across views,AP,-2.328951683002231,0.007994289583373114,2.528016335841758,0.008397160034049639,3.437269065315628,0.009404959687119819,2.6852607363970096,0.0067854546253989755,-8.021475918333739,0.03832018882101343,-6.7584435757931125,0.020516347742423873,-3.684856251834808,0.008916488481467031,-2.1013617933094926,0.008892615498444532,-0.7247922756274399,0.010294681334616475,1.3046612596551206,0.014209965239213513,2.0675838424985895,0.017548613208211536,2.2202521688972157,0.009091475408826587,5.512297572353282,0.01971814192076365,6.782846638977483,0.020316119527948037,1.9733243194200294,0.004455088188969903,0.77087,0.001329020101804333,77087.0,0.54465,0.0015748218232549357,54465.0,0.35575,0.001513908641563288,35575.0,100000
beat CV 30%,12 scenarios,repro_e1b,404,20260920,"1,404",100000,0.06,0.5,4.8,40.0,4.8/40,3,0.3,True,True,0.0,10.0,sinus,0.0,A2,Mean across views,SL,-1.4870671301193312,0.005601471023850519,1.7713406682802997,0.005364846510765928,2.3127872872591224,0.0066246881491457054,1.7910688967529986,0.0046271791125673395,-5.436237987849776,0.028410383260701683,-4.5373098031128505,0.020649309631232682,-2.4653011476859037,0.0064943804645388875,-1.3430763980071418,0.0059491055345682695,-0.35010726465817554,0.0066159759468109305,1.0886532028111755,0.01140445739664267,1.6055861095956436,0.018624731245212196,1.4630989933995884,0.00548451127871184,3.688475638162815,0.013493447078350311,4.5558629427453265,0.015864514963838266,1.9698581740928136,0.005004210048234035,0.64697,0.0015112902404898934,64697.0,0.35717,0.0015152544047122912,35717.0,0.17288,0.0011957947382389672,17288.0,100000
beat CV 30%,12 scenarios,repro_e1b,404,20260920,"1,404",100000,0.06,0.5,4.8,40.0,4.8/40,3,0.3,True,True,0.0,10.0,sinus,0.0,A3,Largest view mean,AP,0.7879339874367263,0.00846979117241631,2.678383141082344,0.010399226613958364,2.7918639797865437,0.01148179305230551,2.0064049162190196,0.006139121665691707,-3.769517444172766,0.024498726096466913,-2.9613184296314596,0.018145981311127136,-0.8584921310542041,0.005247324151154403,0.529219034886186,0.00780549665909152,2.117510743499257,0.011675926035480571,5.430209482009982,0.034809404144332305,6.987429618773565,0.043840426908993646,1.4858540496949786,0.005612203840914231,4.319796068022751,0.01568813229842955,5.659493376038947,0.019796544611907885,2.0271379325835395,0.006419265130978053,0.6422,0.0015158468260348735,64220.0,0.37562,0.0015314359784202537,37562.0,0.21027,0.0012886292216925705,21027.0,100000
beat CV 30%,12 scenarios,repro_e1b,404,20260920,"1,404",100000,0.06,0.5,4.8,40.0,4.8/40,3,0.3,True,True,0.0,10.0,sinus,0.0,A3,Largest view mean,SL,0.5557775914926723,0.005897555423924856,1.8649707766682428,0.007507831554068039,1.9460138611715916,0.008243348181512683,1.4267788410762634,0.004184841214938788,-2.7050087285091977,0.020911300734573274,-2.1579484335021655,0.009224542231634979,-0.6106491407099566,0.005929862627142696,0.42192774854960824,0.006362664511392482,1.5417148539863375,0.006224499054774752,3.704588815540051,0.01305194217440907,4.6631504957402035,0.026966012574820664,1.0911718850021321,0.0036141621610256613,3.0127378096217545,0.009225354741844351,3.8570953041775526,0.014741821637664295,1.9820492449398075,0.009058658176245828,0.53441,0.0015773900972809484,53441.0,0.23972,0.0013500160058310421,23972.0,0.10096,0.0009527175782990466,10096.0,100000
beat CV 30%,12 scenarios,repro_e1b,404,20260920,"1,404",100000,0.06,0.5,4.8,40.0,4.8/40,3,0.3,True,True,0.0,10.0,sinus,0.0,A4,Largest view mean after review,AP,0.6499022241922312,0.00825323372350997,2.609901662800387,0.010125931981465467,2.6895894620985072,0.010899470548959822,1.9486893444411963,0.005862197266255604,-3.9278448956739735,0.017919968541293244,-3.086604264403778,0.018323324989682893,-0.9427638641990812,0.008176944627868474,0.4355584294992436,0.00840018324916137,1.9760964566610386,0.01024583154566365,5.110970247585274,0.02802558214653216,6.586655991911497,0.04298252371248608,1.4589598644706476,0.006732272109455463,4.175324697885894,0.012929852052857073,5.422502262598884,0.023927909937167584,2.0161077885723375,0.006397531135717033,0.63678,0.0015208261951978603,63678.0,0.36727,0.0015244105323042084,36727.0,0.20111,0.0012675360661535435,20111.0,100000
beat CV 30%,12 scenarios,repro_e1b,404,20260920,"1,404",100000,0.06,0.5,4.8,40.0,4.8/40,3,0.3,True,True,0.0,10.0,sinus,0.0,A4,Largest view mean after review,SL,0.4949396349790713,0.005776056356078239,1.826549397869979,0.006917869110960629,1.8924097289713373,0.007297587137509258,1.3997991172950583,0.004027149403061253,-2.772686390082989,0.013511983825280703,-2.203411681815196,0.011903457574154876,-0.6472308794221407,0.007978800401862812,0.38199952061493603,0.006362824344581088,1.4867943476150338,0.00889926395158013,3.554408537376829,0.01627916582624411,4.463795226638432,0.028060696129428464,1.0812387704181292,0.0039113947528484645,2.9517589904854606,0.008960342189831499,3.7508949069025683,0.015234758307580594,1.9820733583638113,0.007790033284211679,0.5307,0.001578155600693417,53070.0,0.23394,0.0013387011481282894,23394.0,0.09556,0.0009296681472439508,9556.0,100000
beat CV 30%,12 scenarios,repro_e1b,476,20260920,"1,476",100000,0.125,0.1,10.0,8.0,10/8,3,0.3,True,True,0.0,10.0,sinus,0.0,A1,Anchor-view mean,AP,-0.4918950559731966,0.008542548245308033,2.7013909477048186,0.009019973615566954,2.745796937739914,0.009231267560432686,2.0642830358845004,0.005725529803217241,-5.59648700173736,0.012930699810306392,-4.615095072470312,0.021700972939549288,-2.096473794977234,0.00978159378286764,-0.5937786862401198,0.010050935986312461,0.9655029471693555,0.013975258394785639,3.9772978897094817,0.02085364815400354,5.303673741047842,0.04085284916067598,1.6137609368229824,0.005653182555532473,4.369852912797012,0.0176973771658234,5.469970982898471,0.01762442242150126,1.9921250940722677,0.005063459939931457,0.67346,0.001482941766894439,67346.0,0.40835,0.0015543496308745982,40835.0,0.23051,0.0013318225854069303,23051.0,100000
beat CV 30%,12 scenarios,repro_e1b,476,20260920,"1,476",100000,0.125,0.1,10.0,8.0,10/8,3,0.3,True,True,0.0,10.0,sinus,0.0,A1,Anchor-view mean,SL,-0.3161395477697234,0.00591689524572455,1.871086565311124,0.007129989289850704,1.897596937946116,0.006428697777922325,1.4382933496799624,0.003914334810904505,-3.8905218317182317,0.008792191919264508,-3.1961016537629754,0.012855801860824002,-1.4535809887837623,0.004744366402475267,-0.3692424383294022,0.006287889565599411,0.7412010703442249,0.007767414661010675,2.742944669521588,0.01786739475877871,3.5902015571164916,0.025784701704280568,1.142445030941479,0.004615219082212258,3.013221361495629,0.01037102691886538,3.7799482947384244,0.013454117174277181,1.9919658485693443,0.006412731074553279,0.55344,0.0015720819520622963,55344.0,0.25039,0.001370017692951445,25039.0,0.10117,0.0009535965137310434,10117.0,100000
beat CV 30%,12 scenarios,repro_e1b,476,20260920,"1,476",100000,0.125,0.1,10.0,8.0,10/8,3,0.3,True,True,0.0,10.0,sinus,0.0,A2,Mean across views,AP,-0.21125234748841046,0.006219084187250805,1.9666470992049645,0.007600878186030264,1.9779508816253595,0.006343874829895849,1.4928996080504102,0.004103117456249977,-3.9973230317935236,0.018898943802965452,-3.248478390221025,0.018625563866650926,-1.4052104293107255,0.007742658649885352,-0.26943160038896163,0.008813014643001873,0.9040932065250096,0.010752618007517336,3.008349369787717,0.01346723611621261,3.969182606077526,0.020277318706670794,1.1751747931116858,0.0048027669323267,3.146461907206111,0.01101684380769963,3.984889934495037,0.016532530424451408,2.0146556577888814,0.005076187041898835,0.56569,0.001567433647399468,56569.0,0.26367,0.0013933704859081808,26367.0,0.11348,0.0010030069271944235,11348.0,100000
beat CV 30%,12 scenarios,repro_e1b,476,20260920,"1,476",100000,0.125,0.1,10.0,8.0,10/8,3,0.3,True,True,0.0,10.0,sinus,0.0,A2,Mean across views,SL,-0.1339215063159493,0.004467926254365812,1.412882338146079,0.00437327069107592,1.419208056957841,0.00420118703085855,1.0863103099404492,0.0028880612187914896,-2.8543341100241837,0.01709705003042334,-2.353047368003952,0.009189532843336033,-1.016538846876915,0.005337547570026674,-0.16091310452667118,0.005647521596370607,0.7081519090081905,0.006167839540908723,2.1722591607423647,0.016789909883072694,2.7900473356721593,0.01245197090589727,0.8726810175113591,0.0035211910768579483,2.2726233008782213,0.007089092240491159,2.825969398449122,0.008211633182518843,1.9912298162305813,0.00435063411920827,0.44091,0.0015700585081454767,44091.0,0.14071,0.0010995939973462933,14071.0,0.04046,0.00062308096103155,4046.0,100000
beat CV 30%,12 scenarios,repro_e1b,476,20260920,"1,476",100000,0.125,0.1,10.0,8.0,10/8,3,0.3,True,True,0.0,10.0,sinus,0.0,A3,Largest view mean,AP,1.679355116332635,0.008606028629007457,2.721465207627979,0.015042948418009268,3.197894998175117,0.013107964944499832,2.2791415630019833,0.007093727141718286,-2.5471291376551424,0.023001291372663192,-1.879395484357989,0.018217287025294397,-0.039452708369055456,0.008835207272016542,1.3082307683456795,0.01038965319149304,2.9361172697176374,0.016498546849821268,6.516431760167275,0.03726103370041016,8.153341843211017,0.05497808183359578,1.6548820605073578,0.008415433956484914,4.985751793372376,0.02388580553907115,6.53500328804221,0.042860099067050544,2.043532790092051,0.00954756257121197,0.67516,0.001480942181180616,67516.0,0.42254,0.001562049770013747,42254.0,0.25881,0.0013850176312957174,25881.0,100000
beat CV 30%,12 scenarios,repro_e1b,476,20260920,"1,476",100000,0.125,0.1,10.0,8.0,10/8,3,0.3,True,True,0.0,10.0,sinus,0.0,A3,Largest view mean,SL,1.1331972296976618,0.0058985774241425955,1.8652939615139674,0.007504970805173769,2.1825266850692335,0.008396238872536887,1.5908607109313915,0.004725047360108384,-1.9110330111946292,0.016303638215195936,-1.4378121549710383,0.011325750750151025,-0.05162267189570913,0.00667847757330452,0.9277626711322964,0.007015568726087888,2.0565472757059178,0.007193232527357247,4.3956594909313935,0.01970332777457958,5.484663917949697,0.042342031921301294,1.198850845965914,0.005221385140255841,3.4065421442937733,0.014170027344859627,4.41343542908622,0.024280489749710758,2.022167911750512,0.008254185591325463,0.57008,0.001565531199305846,57008.0,0.28147,0.0014221274172872135,28147.0,0.1338,0.001076557290626003,13380.0,100000
beat CV 30%,12 scenarios,repro_e1b,476,20260920,"1,476",100000,0.125,0.1,10.0,8.0,10/8,3,0.3,True,True,0.0,10.0,sinus,0.0,A4,Largest view mean after review,AP,1.2916618047576096,0.008102202376648831,2.562141357383975,0.011623933280340951,2.8693018153208856,0.011110500002805019,2.0779046366584177,0.006257191367379606,-3.0444247208698716,0.013675118223642329,-2.2763800868646853,0.02506803681244122,-0.295770373396093,0.00837059705532316,1.033482518514249,0.010861084175184362,2.56503141082833,0.014175427691278724,5.7445288139719874,0.04825226387560271,7.185705294840393,0.04806418004104123,1.5424775862883657,0.006927008438734282,4.50075992193556,0.016921085952676673,5.850517436413293,0.03662853214111322,2.039003845874264,0.009119635117587808,0.65567,0.0015025539960347514,65567.0,0.39166,0.0015435752148826437,39166.0,0.22632,0.0013232507608159536,22632.0,100000
beat CV 30%,12 scenarios,repro_e1b,476,20260920,"1,476",100000,0.125,0.1,10.0,8.0,10/8,3,0.3,True,True,0.0,10.0,sinus,0.0,A4,Largest view mean after review,SL,0.9470186956161463,0.005605533396522323,1.772625303315032,0.007240054644960573,2.009729696699175,0.007541406011494258,1.4855855575923023,0.00428026555898227,-2.1259331947387334,0.012443741612336832,-1.5966184353473027,0.009867751529403038,-0.16591009498511405,0.006024960557538249,0.8036575545281022,0.0069500127233045675,1.8774003605002672,0.006791062801961761,3.9624569923376667,0.018809570494436326,4.908869576772969,0.027379971856485923,1.143467010575534,0.0041229876664012665,3.145307222745989,0.010078715480499868,4.025147089162296,0.01930604943447439,2.0028300799720915,0.008208976830076783,0.55274,0.0015723183278204193,55274.0,0.25746,0.001382658122602981,25746.0,0.11242,0.0009989081219011087,11242.0,100000
beat CV 30%,12 scenarios,repro_e1b,548,20260920,"1,548",100000,0.125,0.25,10.0,20.0,10/20,3,0.3,True,True,0.0,10.0,sinus,0.0,A1,Anchor-view mean,AP,-0.5034629109561317,0.008481379111159445,2.682047569063826,0.01248422305592638,2.7288792812504505,0.009450823838674103,2.0547155922107674,0.005678871557225163,-5.536779380160923,0.02918009449442275,-4.559711754782693,0.020611446389325574,-2.1104436205591464,0.008987467206472734,-0.6082323273739085,0.008842154680503537,0.9494215752291177,0.012819704611516377,3.935973716302199,0.03409099451113352,5.241013336427813,0.0433935237970133,1.6172334762871166,0.006335183038673495,4.316268901762062,0.01181940701855603,5.419853513976728,0.018839190457641864,1.9861096645847947,0.006240075987253914,0.67332,0.0014831054500607838,67332.0,0.40851,0.0015544438873758037,40851.0,0.22959,0.0013299565101912167,22959.0,100000
beat CV 30%,12 scenarios,repro_e1b,548,20260920,"1,548",100000,0.125,0.25,10.0,20.0,10/20,3,0.3,True,True,0.0,10.0,sinus,0.0,A1,Anchor-view mean,SL,-0.3236136630065169,0.005945268945626142,1.8800591170446364,0.007146606607254756,1.9076982833363136,0.006121788515039391,1.451084755960654,0.003916224084592208,-3.890443722664202,0.017568322933582504,-3.2391922680042295,0.014487888755694392,-1.475173991448123,0.006593766364712744,-0.37060469120478023,0.00689086182126028,0.7515026297976113,0.00774673171406934,2.746408946609174,0.015813732573388545,3.5801855538687195,0.02628037870712314,1.1570092371126952,0.005555604192188608,3.0380256287172434,0.01232988888641721,3.780786400870732,0.012771617958718841,1.9818576312070866,0.005401437343575668,0.55751,0.0015706450900824158,55751.0,0.25589,0.0013798924157339225,25589.0,0.10363,0.0009637988540146746,10363.0,100000
beat CV 30%,12 scenarios,repro_e1b,548,20260920,"1,548",100000,0.125,0.25,10.0,20.0,10/20,3,0.3,True,True,0.0,10.0,sinus,0.0,A2,Mean across views,AP,-1.1341598554952912,0.006636831847337739,2.098750508513017,0.006973139715565113,2.3855876062856667,0.006989618888454738,1.8302016657085955,0.00483881545859759,-5.4854483967916225,0.026858784075044956,-4.5688930602345,0.017141059830517252,-2.33838436515516,0.008452641945833856,-1.0762511877854641,0.007123028580566015,0.12411198982989458,0.009245982230512218,2.120100116589116,0.016971111654851958,2.915722479580096,0.028150401800338714,1.4693353016838047,0.006381504970014221,3.833624289708553,0.0102781227379018,4.7351656683987,0.016042091581663923,1.9849053775775187,0.005064918767977183,0.64439,0.0015137751745222935,64439.0,0.36351,0.0015210867164629372,36351.0,0.18522,0.001228468768833787,18522.0,100000
beat CV 30%,12 scenarios,repro_e1b,548,20260920,"1,548",100000,0.125,0.25,10.0,20.0,10/20,3,0.3,True,True,0.0,10.0,sinus,0.0,A2,Mean across views,SL,-0.7265451897034535,0.004734279028633075,1.4971104809250029,0.0053247620149787685,1.6640869242256549,0.005048423444805514,1.2801634110440916,0.003362109808119178,-3.827039624289981,0.012677207440151975,-3.202429530291964,0.012953801270727578,-1.6140297921498206,0.006525517260119246,-0.6880668333556019,0.005291672866714768,0.2021831386958186,0.004603974773808019,1.6035818647804747,0.015677397300724608,2.1444316008124242,0.017233150680024262,1.033163021956691,0.004131940570213316,2.6706871382462025,0.010565366295380366,3.312581453554511,0.009873216573758318,1.9906300598425444,0.004911429280963807,0.51357,0.001580556405510414,51357.0,0.20572,0.0012782772844731301,20572.0,0.06995,0.0008065791808619908,6995.0,100000
beat CV 30%,12 scenarios,repro_e1b,548,20260920,"1,548",100000,0.125,0.25,10.0,20.0,10/20,3,0.3,True,True,0.0,10.0,sinus,0.0,A3,Largest view mean,AP,0.9557377139970931,0.00850602087316775,2.689839978414431,0.013151028218861764,2.8545755087301234,0.012548630223438764,2.0334814858935575,0.006335293613965453,-3.506134686902272,0.021153933014252932,-2.752251718186882,0.01726686992162736,-0.6955351034473332,0.006969218781731708,0.6696140714697787,0.008728811421021733,2.265077205372347,0.012562447130875258,5.606732758407153,0.03660139102550436,7.108645034625424,0.05178576632309564,1.490233371802188,0.00648124662693057,4.412618750209107,0.015556824501747744,5.756598098020131,0.030326183811003667,2.0166214137320164,0.007584763458071068,0.643,0.0015150940564862632,64300.0,0.37893,0.0015340862267160865,37893.0,0.21518,0.0012995290208379342,21518.0,100000
beat CV 30%,12 scenarios,repro_e1b,548,20260920,"1,548",100000,0.125,0.25,10.0,20.0,10/20,3,0.3,True,True,0.0,10.0,sinus,0.0,A3,Largest view mean,SL,0.673037443660772,0.005807813814600215,1.836591988032756,0.008122244075660666,1.9560203987623013,0.00752431087803587,1.4323720096548134,0.0042122962499940115,-2.5022318936317527,0.014475502152231824,-1.9601216055320052,0.011045786173150017,-0.4784868216761684,0.006336571347230252,0.5215895157248212,0.005548172778474354,1.6345571922409272,0.00851065579580458,3.833640235620597,0.020116584362711964,4.818760610678309,0.027787302729606493,1.08239335070794,0.0052272603548493704,3.0535325262404616,0.011703971299587399,3.947959692111537,0.01869919920737633,2.0183632515334007,0.007385154869126656,0.53169,0.0015779598977794082,53169.0,0.24063,0.0013517662634494176,24063.0,0.10439,0.0009669163764255935,10439.0,100000
beat CV 30%,12 scenarios,repro_e1b,548,20260920,"1,548",100000,0.125,0.25,10.0,20.0,10/20,3,0.3,True,True,0.0,10.0,sinus,0.0,A4,Largest view mean after review,AP,0.6752510856036762,0.00816338929374338,2.5814903594862417,0.012044251584697924,2.668330913474674,0.011185831956728731,1.9314476013110489,0.005821970390283353,-3.871285408156445,0.025343666749611835,-3.035635065675422,0.01764518271318321,-0.8838402318798448,0.009029386216548814,0.4742796992410607,0.007940036551392186,1.9894901510143168,0.009443855062347302,5.0361185025238075,0.028900245950210714,6.4213149974440595,0.03555225740702385,1.446207857812958,0.005968643614959592,4.158675245616197,0.018002661274541885,5.3405610557399275,0.025624320220371366,2.001461298810762,0.00704165878945711,0.63419,0.0015231317864846758,63419.0,0.36381,0.0015213555925555342,36381.0,0.19863,0.0012616502015218006,19863.0,100000
beat CV 30%,12 scenarios,repro_e1b,548,20260920,"1,548",100000,0.125,0.25,10.0,20.0,10/20,3,0.3,True,True,0.0,10.0,sinus,0.0,A4,Largest view mean after review,SL,0.5490117160189985,0.00562366532762195,1.7783591233802385,0.007473952303897362,1.8611672172118598,0.006821945251104147,1.3795046707086713,0.0039508554556904885,-2.6507831481389026,0.011142916391008922,-2.080209505732774,0.00981818765856269,-0.5560388822155371,0.005688194237096018,0.44264696694078465,0.007234423216435275,1.5182451499466043,0.007599214152331197,3.531213975803509,0.018194452824222745,4.4436535424787635,0.021127437285845943,1.0580612414883217,0.003914287241648166,2.9212350561066613,0.010286472211091203,3.72997020851299,0.016392631807792126,2.00410268030656,0.005762666658521215,0.52296,0.0015794709190105401,52296.0,0.22837,0.0013274680527229272,22837.0,0.0937,0.000921522164681892,9370.0,100000
beat CV 30%,12 scenarios,repro_e1b,620,20260920,"1,620",100000,0.125,0.5,10.0,40.0,10/40,3,0.3,True,True,0.0,10.0,sinus,0.0,A1,Anchor-view mean,AP,-0.5014755388409103,0.008471424497271078,2.678899643752348,0.008924888788798518,2.7254190966380243,0.009262210034054695,2.050584528224601,0.005677186429359942,-5.5563025237106025,0.024634000702387943,-4.597347762058983,0.010837482437885881,-2.0963438063641293,0.01124849239550506,-0.6006099808148577,0.008236381397978014,0.9571975174878198,0.012107628552829767,3.916569867191382,0.01800401483706884,5.274511232170086,0.044393423791477295,1.6082711245398609,0.009052110754129528,4.336301023888436,0.010522091112959289,5.448108092441593,0.019351200192278203,1.9989982821952694,0.004763257470806743,0.67241,0.001484165731648592,67241.0,0.40628,0.0015531148109524935,40628.0,0.22734,0.0013253547615638614,22734.0,100000
beat CV 30%,12 scenarios,repro_e1b,620,20260920,"1,620",100000,0.125,0.5,10.0,40.0,10/40,3,0.3,True,True,0.0,10.0,sinus,0.0,A1,Anchor-view mean,SL,-0.32621891035409656,0.005932493027040008,1.8760190168513304,0.006864194996454073,1.9041614780755676,0.006104677712353178,1.4482160882236923,0.003909624510820462,-3.8678160430672874,0.01989918258941535,-3.223307494505325,0.008626882590168906,-1.479830061888363,0.0066223933622642115,-0.37643511330922674,0.0063989428791909175,0.7446888141231691,0.006361913855943379,2.740184005574635,0.016013579454436936,3.5898777956039325,0.026373050567889963,1.1532267850399753,0.005562576177205208,3.034100332403925,0.010002000446041923,3.765443209115699,0.014745479867027185,1.9774810342877156,0.00538438258730547,0.55762,0.0015706047739644752,55762.0,0.25526,0.0013787760238704472,25526.0,0.1031,0.000961615255702612,10310.0,100000
beat CV 30%,12 scenarios,repro_e1b,620,20260920,"1,620",100000,0.125,0.5,10.0,40.0,10/40,3,0.3,True,True,0.0,10.0,sinus,0.0,A2,Mean across views,AP,-2.550784948582214,0.008079098536157065,2.554835281518854,0.008087901799205753,3.6102107830116976,0.009697500856017047,2.8423903703417257,0.007038812701902796,-8.350257056039144,0.03509383927068349,-7.05647278493737,0.030388898248806,-3.9121582333020593,0.014813132002830182,-2.286749607627302,0.010254927346551751,-0.9235561375750216,0.010277715127030233,1.070151402814373,0.013314974303888378,1.8399190496732358,0.019000987742078375,2.3736471331680606,0.009688031128025163,5.7543109959020295,0.0248902807388466,7.065748250614412,0.02551174623300382,1.9571567078197156,0.004875809373453807,0.79074,0.0012863524105003262,79074.0,0.57582,0.0015628542081717028,57582.0,0.38596,0.0015394637975606961,38596.0,100000
beat CV 30%,12 scenarios,repro_e1b,620,20260920,"1,620",100000,0.125,0.5,10.0,40.0,10/40,3,0.3,True,True,0.0,10.0,sinus,0.0,A2,Mean across views,SL,-1.6243865788453509,0.0056217484581643625,1.7777529560339196,0.006432147494771215,2.408112482041592,0.006555997908853074,1.8799417613923692,0.004759041235806805,-5.588871660945825,0.031476389833305564,-4.720812756877947,0.02150896435809021,-2.614883882506657,0.008255064655571985,-1.4703123942776541,0.007503657983087443,-0.46054055598653076,0.005445561464543005,0.9479753878930945,0.011090669924473995,1.4466663743290373,0.016179325746279522,1.5558955916116057,0.009580167637324447,3.8495598153371056,0.010183106616627479,4.732400456970952,0.02475687242340324,1.965190784177504,0.006272045028334458,0.66866,0.001488468355054954,66866.0,0.38344,0.00153757525474365,38344.0,0.19298,0.0012479532026482402,19298.0,100000
beat CV 30%,12 scenarios,repro_e1b,620,20260920,"1,620",100000,0.125,0.5,10.0,40.0,10/40,3,0.3,True,True,0.0,10.0,sinus,0.0,A3,Largest view mean,AP,0.3967476418456486,0.008485509883358815,2.6833538339283574,0.00827859697176665,2.712512577941366,0.010637707472524044,1.9747454796010238,0.005880594661833966,-4.362968550967241,0.01776373454752756,-3.480700966186762,0.019442782223965307,-1.2283107659438537,0.010235279466217717,0.1921034403033719,0.007050251053567435,1.761070589727849,0.015216545698301871,4.99487353580714,0.025604912161938925,6.4337210955127935,0.03583469362621084,1.4853564668138381,0.006932191371198804,4.224266871586594,0.01721446115291956,5.465208170090188,0.024589494498365855,2.0148139457616643,0.007017793239423693,0.6449,0.00151328777831581,64490.0,0.37399,0.001530102872031812,37399.0,0.20661,0.0012803214748648092,20661.0,100000
beat CV 30%,12 scenarios,repro_e1b,620,20260920,"1,620",100000,0.125,0.5,10.0,40.0,10/40,3,0.3,True,True,0.0,10.0,sinus,0.0,A3,Largest view mean,SL,0.3014226436225679,0.005881240133490095,1.8598114288221426,0.007876191359344694,1.8840699487758858,0.007181987483563094,1.3946606245154958,0.004005817470729321,-3.044739366052316,0.013138833889956108,-2.4649821223297415,0.015144093415127046,-0.8533607772971532,0.007712886361616534,0.19254938641725827,0.005021050907960916,1.3049239495483675,0.008928621215440283,3.434596879752145,0.020875933521891415,4.355336835692126,0.023577336649101065,1.072848188249896,0.004467809045597799,2.9496091153828834,0.011649695170632217,3.747294650977346,0.018993488589907466,1.988936054848723,0.0071054552337527395,0.52924,0.001578432837975693,52924.0,0.23234,0.001335507859954407,23234.0,0.09554,0.0009295811336295504,9554.0,100000
beat CV 30%,12 scenarios,repro_e1b,620,20260920,"1,620",100000,0.125,0.5,10.0,40.0,10/40,3,0.3,True,True,0.0,10.0,sinus,0.0,A4,Largest view mean after review,AP,0.21608870697313637,0.008264095082039971,2.6133363259442373,0.00812484132927244,2.622241938973885,0.009886628439264909,1.9275532661014771,0.005622030594085245,-4.574687256762647,0.021621044934897683,-3.654466159001508,0.015938323568014123,-1.349875459807667,0.008353999234068127,0.0711693051161113,0.0077417976709979654,1.591597286011809,0.00887952485135387,4.587904917024215,0.023592869163069723,5.952546522494925,0.03445994160451075,1.4669314224481944,0.006118031519888998,4.114945133549879,0.017986519433679484,5.252418527510855,0.01968417523174813,2.00302590292877,0.006146723281241265,0.64124,0.0015167440865221792,64124.0,0.36768,0.001524766925139708,36768.0,0.19932,0.0012632954428794555,19932.0,100000
beat CV 30%,12 scenarios,repro_e1b,620,20260920,"1,620",100000,0.125,0.5,10.0,40.0,10/40,3,0.3,True,True,0.0,10.0,sinus,0.0,A4,Largest view mean after review,SL,0.22054897480768393,0.0057435489071968136,1.8162696399312994,0.007397894328607755,1.8296022154749492,0.006390565519248422,1.3685487854475262,0.003839965148348722,-3.1319911146720583,0.01060117717400159,-2.542431625072134,0.009372586866023245,-0.9052335402184296,0.007240025522648989,0.14199051931765116,0.006902214128593735,1.2336507333632403,0.0069580067204909855,3.2439896352887687,0.012811207380069037,4.110018909835383,0.026120446602318974,1.0638993437992212,0.0024243487578435186,2.891376223358782,0.012308097744012876,3.6390270261624287,0.02026164224006588,1.988971698538181,0.007679508834010319,0.52576,0.001579039019150572,52576.0,0.22723,0.0013251283979298005,22723.0,0.0902,0.0009058916049947697,9020.0,100000
beat CV 30%,12 scenarios,repro_e1b,692,20260920,"1,692",100000,0.25,0.1,20.0,8.0,20/8,3,0.3,True,True,0.0,10.0,sinus,0.0,A1,Anchor-view mean,AP,-1.6240507316096584,0.009570935643080218,3.026595597102186,0.011863662242398447,3.4347823925877923,0.010733134462320338,2.6084725172530066,0.007066577069330215,-8.034388195649743,0.045543909643633744,-6.629976350507656,0.02489030950787299,-3.3041184864897843,0.012505113966973734,-1.517665490622659,0.010367459416743866,0.1369595135291446,0.011982610970852752,2.99852784177353,0.029919340217726933,4.204367522707819,0.03982631551494839,2.0706530944116768,0.010899837401509096,5.473591611410562,0.020835855725497173,6.909560311047372,0.0255561992148897,2.0116442677585913,0.005408215565796621,0.74099,0.001385365727524685,74099.0,0.51408,0.0015805117955902765,51408.0,0.33624,0.0014939299260674846,33624.0,100000
beat CV 30%,12 scenarios,repro_e1b,692,20260920,"1,692",100000,0.25,0.1,20.0,8.0,20/8,3,0.3,True,True,0.0,10.0,sinus,0.0,A1,Anchor-view mean,SL,-1.0451327686049972,0.006670670107608093,2.109451105964207,0.0064334260442592845,2.354154195167742,0.007256234372136332,1.7896179047092633,0.004836665300701648,-5.468465129589242,0.03376052573007143,-4.5137738266870535,0.01585225131154379,-2.2402688942875413,0.009056505062869622,-0.9790818950736355,0.007330130652330377,0.22102151908681034,0.0071761166431271355,2.180617637791973,0.022264288952923345,2.9869296853209866,0.017027431672185327,1.4217504913470058,0.005128138446400797,3.7598215705705145,0.008525468924483987,4.705305374315823,0.021736937434859657,1.9987243758179372,0.007288833624460083,0.63238,0.0015247148441593923,63238.0,0.34833,0.001506639343373191,34833.0,0.17457,0.001200397080552931,17457.0,100000
beat CV 30%,12 scenarios,repro_e1b,692,20260920,"1,692",100000,0.25,0.1,20.0,8.0,20/8,3,0.3,True,True,0.0,10.0,sinus,0.0,A2,Mean across views,AP,-0.5994602906788232,0.006342385961496335,2.005638543820541,0.0061097922873576075,2.093298445683184,0.006376922948359347,1.5965133833531664,0.004281427016884861,-4.58820360627712,0.023156878943194042,-3.7886466153486293,0.014122009604684365,-1.7837794552445272,0.00909562277655088,-0.6182892782511198,0.008684294627349938,0.5726711774980338,0.007900917322788005,2.619615248210072,0.009629854028692764,3.4706667766225934,0.020314164005525,1.2750212216501131,0.004237200747401527,3.3514333263309393,0.011182296497317579,4.173957267278921,0.017885244627460786,1.9939618623834972,0.005886710062743829,0.59415,0.0015528547179308179,59415.0,0.29726,0.0014453251966253132,29726.0,0.13458,0.0010792044458766837,13458.0,100000
beat CV 30%,12 scenarios,repro_e1b,692,20260920,"1,692",100000,0.25,0.1,20.0,8.0,20/8,3,0.3,True,True,0.0,10.0,sinus,0.0,A2,Mean across views,SL,-0.3794367045271845,0.004591830590375433,1.4520643295222015,0.00438849701718838,1.5008137608994128,0.004436397277863943,1.1509537371772207,0.0030459099089598864,-3.2542123577973197,0.008393819820236011,-2.7084357310428975,0.008298349024141078,-1.2703240146495216,0.004190439667055105,-0.3810254866505256,0.00597355936650676,0.5005152823469363,0.006341484419250363,1.9353804093923679,0.014651762643739484,2.5211864191870856,0.019960616930927134,0.924079943852727,0.0032956032972531915,2.406493240639576,0.008957105754304145,2.9799558976620495,0.014170714232666949,1.9855600843346555,0.0069943945014642435,0.46606,0.0015774919220078436,46606.0,0.16168,0.0011642146606189083,16168.0,0.04869,0.0006805827201744104,4869.0,100000
beat CV 30%,12 scenarios,repro_e1b,692,20260920,"1,692",100000,0.25,0.1,20.0,8.0,20/8,3,0.3,True,True,0.0,10.0,sinus,0.0,A3,Largest view mean,AP,1.463038233521982,0.008578535721414537,2.7127711868785624,0.012775565920031257,3.0821315341546542,0.0134459066147637,2.190980362153595,0.006855061515665786,-2.809054860794791,0.0107880497142972,-2.1476063137924655,0.013113499737402055,-0.24944866774630725,0.006397122203039833,1.107781451292814,0.008677400024099929,2.749402025046588,0.014155690403335735,6.26078530282696,0.040441195163861646,7.813195902388077,0.03849824798403122,1.5842766928111747,0.0061941140168952575,4.798896941991905,0.024421472497021986,6.294659128047328,0.033689090154708105,2.04230710412357,0.00853418174113952,0.66297,0.0014947935613321326,66297.0,0.40615,0.001553036308332809,40615.0,0.24365,0.0013575149262531148,24365.0,100000
beat CV 30%,12 scenarios,repro_e1b,692,20260920,"1,692",100000,0.25,0.1,20.0,8.0,20/8,3,0.3,True,True,0.0,10.0,sinus,0.0,A3,Largest view mean,SL,1.0057406771282,0.0059387551531921105,1.8779992750149255,0.007452509328073436,2.1303427700194413,0.008683278825109988,1.544624998919019,0.004639520940402233,-2.0821630355460505,0.011600707695316296,-1.5866092724570031,0.010728292931138422,-0.18386647856875027,0.005899016917663616,0.8068762317735956,0.0062771394722955605,1.94544289816651,0.007837630788645187,4.265885506253418,0.02234202706202749,5.346902156935301,0.02681191153358804,1.160888896540748,0.006009129619279815,3.3080836868606824,0.012567215907884375,4.307086060576211,0.02340030087535171,2.0217807768732468,0.008215529430415,0.55821,0.0015703872003426417,55821.0,0.26832,0.0014011580125025157,26832.0,0.12511,0.0010462193264320822,12511.0,100000
beat CV 30%,12 scenarios,repro_e1b,692,20260920,"1,692",100000,0.25,0.1,20.0,8.0,20/8,3,0.3,True,True,0.0,10.0,sinus,0.0,A4,Largest view mean after review,AP,0.9591844845988182,0.008302721306256868,2.625551010538012,0.01060255205921867,2.7952609984134194,0.011474239794474277,2.017107975766455,0.006119474578196769,-3.6504209034224346,0.032832335990377666,-2.762136680471723,0.017899261760007702,-0.600337914528414,0.010534056216090389,0.7593098080190281,0.010260099862147392,2.2833952267706774,0.015052307827882706,5.407532148709519,0.02452181411700612,6.8553676211724355,0.049512670681505895,1.4909727041280645,0.007192260324804528,4.365330047194483,0.018853934899476836,5.6840304262908194,0.024507119911897857,2.033452486017247,0.008100598668714884,0.64521,0.001512990601094402,64521.0,0.37872,0.0015339203421299297,37872.0,0.21494,0.0012990026805207138,21494.0,100000
beat CV 30%,12 scenarios,repro_e1b,692,20260920,"1,692",100000,0.25,0.1,20.0,8.0,20/8,3,0.3,True,True,0.0,10.0,sinus,0.0,A4,Largest view mean after review,SL,0.7526036332940698,0.005703050366049061,1.8034628767372047,0.0060508722526688204,1.954189870978046,0.007144010988630431,1.4430245969457196,0.004167199815220209,-2.4665126913753306,0.018061359635795787,-1.8769051505841643,0.01292565761564201,-0.3494567888483493,0.004522858485586627,0.6388220997427931,0.005269850112299675,1.7183427922174057,0.006715921154910511,3.76736410126382,0.019620113502610618,4.686902322137651,0.021682310833365765,1.1092510939311122,0.004247885186465244,3.059088270247288,0.01121206039974963,3.9299819513226377,0.01600794753119275,2.011054304234897,0.0064862121267704334,0.54125,0.0015757488299218247,54125.0,0.2452,0.0013604299320435435,24520.0,0.10491,0.0009690402050482735,10491.0,100000
beat CV 30%,12 scenarios,repro_e1b,764,20260920,"1,764",100000,0.25,0.25,20.0,20.0,20/20,3,0.3,True,True,0.0,10.0,sinus,0.0,A1,Anchor-view mean,AP,-1.6335613892526153,0.009567872310553565,3.025626886300716,0.012387895241430911,3.438437046592848,0.010525842809525893,2.6157502807279878,0.007057442596117662,-7.967307987913432,0.040155049867599595,-6.635049454940585,0.030659623074923942,-3.311875075074205,0.017238053926105393,-1.5364247017800539,0.010317484616033382,0.13291310262551614,0.014238355346740336,3.0007544987283192,0.021497919806420917,4.274165955936228,0.026929974476633423,2.07483224685102,0.006851725822036717,5.524333707167869,0.016594594828892813,6.884322243227064,0.03182571510805302,2.0021661440766376,0.0050339595786319255,0.74132,0.0013847911669273459,74132.0,0.5151,0.001580417634677619,51510.0,0.3381,0.0014959558482789523,33810.0,100000
beat CV 30%,12 scenarios,repro_e1b,764,20260920,"1,764",100000,0.25,0.25,20.0,20.0,20/20,3,0.3,True,True,0.0,10.0,sinus,0.0,A1,Anchor-view mean,SL,-1.042481462790485,0.0066066592366907225,2.089209091253215,0.007842235105388833,2.3348487272820493,0.007194153805160425,1.778584046057387,0.004783492711610691,-5.407417777073852,0.0384207860246955,-4.471953656378214,0.020825541822508342,-2.232052360122708,0.007518753808766728,-0.9752612448743578,0.007930521397533731,0.21604413868270023,0.006214678327364123,2.1464361944929333,0.015563387690953294,2.9465206816343144,0.02272352584040439,1.4135528437054257,0.006373176092481755,3.7380014852247365,0.014762445617041473,4.662338364178395,0.02344420680843182,1.996848151103018,0.005732496474697911,0.63102,0.0015258891165481191,63102.0,0.34659,0.0015048766457753274,34659.0,0.17305,0.0011962595767641736,17305.0,100000
beat CV 30%,12 scenarios,repro_e1b,764,20260920,"1,764",100000,0.25,0.25,20.0,20.0,20/20,3,0.3,True,True,0.0,10.0,sinus,0.0,A2,Mean across views,AP,-1.5057583379734543,0.006868049251687359,2.171867871754709,0.008029883589127962,2.6427771481221005,0.007489707694512079,2.0397222228712852,0.0053139745449963085,-6.180653070184695,0.02353457178630418,-5.163004957812505,0.017390588968032517,-2.7170820308808477,0.009255447382573497,-1.4015763263132328,0.006335535623000375,-0.18017492900049392,0.008256969625430773,1.758507512559741,0.013047540326082616,2.545175276416105,0.024153756415227195,1.6601705054758447,0.006325671769144682,4.243735400588195,0.011744593046103442,5.264034384553186,0.026729548021566366,1.991857084239469,0.005968588475470764,0.68499,0.00146894077450386,68499.0,0.41416,0.0015576632960945058,41416.0,0.22735,0.001325375333631949,22735.0,100000
beat CV 30%,12 scenarios,repro_e1b,764,20260920,"1,764",100000,0.25,0.25,20.0,20.0,20/20,3,0.3,True,True,0.0,10.0,sinus,0.0,A2,Mean across views,SL,-0.9631390738654036,0.004874174051368516,1.5413491714415064,0.004152288807816866,1.817517644023585,0.005167226335106365,1.400484980602681,0.003663366792582485,-4.2315243386161425,0.018697358780679647,-3.549774833769273,0.01857155668433666,-1.8512129753955513,0.006935842036220126,-0.894187489686862,0.006240120890646105,0.009046718068723592,0.006290758971411018,1.368102415410445,0.009391170105904786,1.8985075688951416,0.009251617081677795,1.1324669010059285,0.0031774203532954405,2.923947602968213,0.00977644378989777,3.6086067514191473,0.011119366760788165,1.9854589930860227,0.004206634403234051,0.55088,0.0015729311033862864,55088.0,0.24195,0.001354290210774633,24195.0,0.09298,0.0009183393686432047,9298.0,100000
beat CV 30%,12 scenarios,repro_e1b,764,20260920,"1,764",100000,0.25,0.25,20.0,20.0,20/20,3,0.3,True,True,0.0,10.0,sinus,0.0,A3,Largest view mean,AP,0.6226257213350962,0.008622701030513984,2.7267374839105236,0.01162244829107866,2.7969064596546094,0.011814680728755708,2.0111710715755504,0.006146474147069823,-4.145980418531679,0.030354697748530658,-3.272149569524885,0.021822929012233743,-1.0275146315179535,0.008191171160266663,0.3939480755388898,0.008588409539900733,1.977451475134838,0.007869189047419848,5.25428939345844,0.03443096122767173,6.7703138642454315,0.04028832239527779,1.494224152277733,0.005264894193929745,4.346931267490321,0.019609736544230094,5.608522005697642,0.029774107617999236,2.0052590555317464,0.007520518574929057,0.64493,0.0015132590495351415,64493.0,0.37608,0.001531808844471137,37608.0,0.21318,0.0012951227262309932,21318.0,100000
beat CV 30%,12 scenarios,repro_e1b,764,20260920,"1,764",100000,0.25,0.25,20.0,20.0,20/20,3,0.3,True,True,0.0,10.0,sinus,0.0,A3,Largest view mean,SL,0.45597483912013415,0.005919354088002968,1.8718641195118157,0.006234684010844936,1.926591107908878,0.0075525635811413494,1.412066442674222,0.0041446819382617225,-2.8719644353479032,0.023066604585742972,-2.279848657941389,0.014807735253994715,-0.6972456982437356,0.007472857029043007,0.3302802008370933,0.006519950840535521,1.4435499346869765,0.009018533976447923,3.596784407752078,0.017894351356359958,4.595122220742456,0.03045277370654758,1.080831828966688,0.004301948872620003,2.9973414448621516,0.011467923266048776,3.8423426977698476,0.016058566152370748,1.9943737319229748,0.005120319775503012,0.53074,0.001578147814369744,53074.0,0.23459,0.0013399907906399954,23459.0,0.09982,0.0009479238766905284,9982.0,100000
beat CV 30%,12 scenarios,repro_e1b,764,20260920,"1,764",100000,0.25,0.25,20.0,20.0,20/20,3,0.3,True,True,0.0,10.0,sinus,0.0,A4,Largest view mean after review,AP,0.2203703533616432,0.00845104645146896,2.672455539852555,0.010058804240190186,2.6815126859560485,0.010104023050877937,1.959575956536295,0.00578844181241092,-4.849336456650993,0.05137182286560498,-3.8245633144276088,0.026217591608739422,-1.331492511298221,0.00906548963321685,0.1088723665275908,0.009074052392316194,1.6319341931653066,0.010406661733200977,4.616203438903879,0.026742710372946565,5.941497319154872,0.05051851864578167,1.4795383056652076,0.00538779930115179,4.23130863750884,0.021170481099288176,5.411622820153478,0.02952921097058763,2.018123146870012,0.0069615699013810305,0.64191,0.0015161185702312337,64191.0,0.37091,0.0015275332137141895,37091.0,0.20625,0.0012794957502860257,20625.0,100000
beat CV 30%,12 scenarios,repro_e1b,764,20260920,"1,764",100000,0.25,0.25,20.0,20.0,20/20,3,0.3,True,True,0.0,10.0,sinus,0.0,A4,Largest view mean after review,SL,0.2640334737110786,0.005774824913351078,1.8261599814873914,0.006001518603597912,1.8451397249593833,0.006657072315256612,1.3703902990694798,0.003907155357421097,-3.203994579988086,0.022217084167241326,-2.509816157014382,0.012160604159180546,-0.828656074003415,0.006725571682364759,0.2014760142234273,0.006731620304934613,1.2860958951727568,0.0058923695619624815,3.2478818788033186,0.014293667722376524,4.129743037452825,0.028439158212330437,1.0600840269011451,0.004214136767541662,2.9030146787463993,0.008951405768153014,3.7024921691192847,0.017813885335724033,2.0066188587429536,0.006924414323070836,0.52386,0.0015793375206079288,52386.0,0.22515,0.001320823521519813,22515.0,0.09195,0.000913757065636157,9195.0,100000
beat CV 30%,12 scenarios,repro_e1b,836,20260920,"1,836",100000,0.25,0.5,20.0,40.0,20/40,3,0.3,True,True,0.0,10.0,sinus,0.0,A1,Anchor-view mean,AP,-1.6331333750467418,0.00955326324270978,3.021007093412887,0.00877967900162716,3.434169071886817,0.010045264911682488,2.6214654989711894,0.0070153296906548595,-7.985907010361519,0.03488588840149216,-6.606006131346123,0.038303781930647395,-3.329045267194312,0.011154563951026748,-1.53957869536374,0.00943994522883982,0.1310139287637555,0.009876144521942739,3.0058006994476925,0.015183216866839459,4.260335223917799,0.03783177725537943,2.087615719022701,0.007423652387592378,5.504005263226095,0.018413798512248083,6.895717036094413,0.022260254895438362,2.007972494000051,0.004268447425914608,0.7442,0.0013797331626079008,74420.0,0.51785,0.0015801309360303026,51785.0,0.33923,0.0014971740282946403,33923.0,100000
beat CV 30%,12 scenarios,repro_e1b,836,20260920,"1,836",100000,0.25,0.5,20.0,40.0,20/40,3,0.3,True,True,0.0,10.0,sinus,0.0,A1,Anchor-view mean,SL,-1.0529455479884815,0.0066333506079561755,2.0976496439604153,0.006112976638555944,2.34707996337912,0.0073076539026341375,1.7879132517823082,0.004808506712414725,-5.420478796560794,0.0398166502515566,-4.496675982687463,0.014568266645219772,-2.2421516085598885,0.006993822062101782,-0.9890768594397565,0.006409192373227231,0.21640779888609774,0.006329110444965203,2.143058852155041,0.01725679908358555,2.9591281037021973,0.03044898729396285,1.419977121895776,0.0041001003625162295,3.761266194150791,0.009498674765821096,4.668336432622194,0.02159082074627457,1.9889976078621252,0.007773094135410891,0.63346,0.0015237730421555566,63346.0,0.34833,0.001506639343373191,34833.0,0.17617,0.0012047162782165765,17617.0,100000
beat CV 30%,12 scenarios,repro_e1b,836,20260920,"1,836",100000,0.25,0.5,20.0,40.0,20/40,3,0.3,True,True,0.0,10.0,sinus,0.0,A2,Mean across views,AP,-2.906543623176413,0.008422256178578212,2.6633512561732986,0.008961892946696061,3.942253773260698,0.010246759542298572,3.133129556311177,0.007566320932507419,-9.064796797400373,0.05755988662331787,-7.6477797885782905,0.02616600489853524,-4.308651759101846,0.013089571076405076,-2.603798685877323,0.00643586204114603,-1.17487713727785,0.007322039559631743,0.8159349741064318,0.014902767033669936,1.5340754506056293,0.02227182162919576,2.6516044957055724,0.0069828959015494785,6.253098258939129,0.017877394617562135,7.654453220777574,0.026962757181580834,1.9416439582595566,0.004801888705449547,0.81888,0.0012178486999623555,81888.0,0.62453,0.0015313140732717114,62453.0,0.43832,0.0015690620688806416,43832.0,100000
beat CV 30%,12 scenarios,repro_e1b,836,20260920,"1,836",100000,0.25,0.5,20.0,40.0,20/40,3,0.3,True,True,0.0,10.0,sinus,0.0,A2,Mean across views,SL,-1.863385090835706,0.005870308195635428,1.8563544465361266,0.005456281299740104,2.6302511985369246,0.00721831000968875,2.0648536560028825,0.00515230753446394,-6.112607841952765,0.03520966812850446,-5.137769681907656,0.01576136676687673,-2.857073805132716,0.006213887848579911,-1.6771094831344981,0.0053046463266105655,-0.6495106078071045,0.004956313626287443,0.7605624660573553,0.01035851136834066,1.2491698890018037,0.015041547324308012,1.729084717360491,0.004292158080005462,4.181224785361259,0.013552627201586412,5.142469962548001,0.014144356217400173,1.9551250334601107,0.004539574252967727,0.70579,0.0014410082439042463,70579.0,0.43124,0.0015661164145746,43124.0,0.22918,0.001329121994400815,22918.0,100000
beat CV 30%,12 scenarios,repro_e1b,836,20260920,"1,836",100000,0.25,0.5,20.0,40.0,20/40,3,0.3,True,True,0.0,10.0,sinus,0.0,A3,Largest view mean,AP,-0.15970374480894897,0.00896185659465213,2.83398789029011,0.009397064845069041,2.838470069164614,0.01012311725132259,2.094854247142203,0.006056842991295601,-5.575618080682054,0.02872036536317498,-4.485354421473415,0.021024186916634394,-1.8001010266458202,0.009185963179524654,-0.25863538947707276,0.006104475206347641,1.3567210759103916,0.012230834509505363,4.494808559992042,0.03088221540223286,5.9505186641971815,0.0425580385735899,1.5980418268945566,0.006592623234248496,4.4906861611165825,0.01773851626979077,5.7476967886144115,0.02256024401913078,2.0249277422558865,0.006923135103780876,0.66736,0.0014899349999244933,66736.0,0.40499,0.0015523308278198949,40499.0,0.23268,0.0013361886753000115,23268.0,100000
beat CV 30%,12 scenarios,repro_e1b,836,20260920,"1,836",100000,0.25,0.5,20.0,40.0,20/40,3,0.3,True,True,0.0,10.0,sinus,0.0,A3,Largest view mean,SL,-0.05022557853479426,0.006188987880526395,1.9571298113641467,0.006433247330901804,1.9577643892201202,0.007187841238554043,1.4564428072765028,0.004137188500853765,-3.8244689349806587,0.03069303401464817,-3.08756131728553,0.018673470963517114,-1.2082575091932455,0.007004403877396561,-0.09367352412177388,0.005841093408981666,1.037849100255564,0.007464739116970999,3.110656939294017,0.023454019659034302,4.03355785203971,0.030795388012578348,1.124943449447982,0.0040940408447055635,3.0984052027724864,0.010736099382404704,3.929087399254489,0.013112797775587388,2.006925563100905,0.005221989997711892,0.54814,0.0015737933167986194,54814.0,0.25051,0.0013702362566360591,25051.0,0.10847,0.0009833832370952842,10847.0,100000
beat CV 30%,12 scenarios,repro_e1b,836,20260920,"1,836",100000,0.25,0.5,20.0,40.0,20/40,3,0.3,True,True,0.0,10.0,sinus,0.0,A4,Largest view mean after review,AP,-0.4360472429842921,0.00885502780325287,2.8002056602396435,0.008959881823178575,2.8339390477275517,0.009715151954337429,2.100663739921787,0.006015362468379091,-6.09595704343583,0.05212051792121768,-4.8643776162845365,0.022796581738069973,-2.0184123917677788,0.011339808062697795,-0.4458087930991441,0.008979961828432319,1.1204748795082071,0.011233853413089941,4.0099899429019,0.029506768697852886,5.3645985629264645,0.05544408493116283,1.6076232934243002,0.006075383512527616,4.519472923181922,0.012861039723713623,5.763677842730877,0.01448616118286315,2.033804448741617,0.005201480750403952,0.66854,0.0014886042738081872,66854.0,0.4075,0.0015538460348438643,40750.0,0.23502,0.0013408415253116231,23502.0,100000
beat CV 30%,12 scenarios,repro_e1b,836,20260920,"1,836",100000,0.25,0.5,20.0,40.0,20/40,3,0.3,True,True,0.0,10.0,sinus,0.0,A4,Largest view mean after review,SL,-0.1897159308608126,0.006096813130153323,1.9279815959705107,0.0056029571200074645,1.9372836647463472,0.006850599504778538,1.4481332238220488,0.004069391506973781,-4.091155789770624,0.021566667404337096,-3.2856227737808403,0.01758349110275086,-1.3079056520123942,0.005995156929500733,-0.1822070585555533,0.004790255540534973,0.9235425480779271,0.006389025504108944,2.8465076722358784,0.01522600066318036,3.669222463338926,0.02217435126439118,1.1220881131648281,0.0033138316281442572,3.084586884450715,0.01543342466468425,3.9062944759095983,0.015472662677281677,2.0163771299961164,0.006095359797957457,0.54732,0.0015740419867335178,54732.0,0.24904,0.0013675491888776798,24904.0,0.10728,0.0009786265968182144,10728.0,100000
beat CV 5%,12 scenarios,repro_e1b,28,20260920,"1,28",100000,0.03,0.1,2.4,8.0,2.4/8,3,0.05,True,True,0.0,10.0,sinus,0.0,A1,Anchor-view mean,AP,-0.1040929517685124,0.0051651243393666165,1.6333557310371012,0.005409085301039588,1.6366611158728568,0.0051033714902370755,1.253552078324369,0.0033275785008283713,-3.1926571368541095,0.013587157970921705,-2.633853832645749,0.00938039261635229,-1.1394679823742968,0.007513043604008941,-0.15142716948191115,0.00619610629821421,0.8594552124502184,0.004147397821330716,2.568111911232638,0.013498398632828224,3.288112494761385,0.02478819430456415,1.0068664512514385,0.0035145836962429252,2.602445050487436,0.006871972113187146,3.2387154221794883,0.013260226429317503,1.9788552381243756,0.0053230565154841905,0.50268,0.001581116117177989,50268.0,0.19342,0.0012490344414786967,19342.0,0.06497,0.0007794158010972064,6497.0,100000
beat CV 5%,12 scenarios,repro_e1b,28,20260920,"1,28",100000,0.03,0.1,2.4,8.0,2.4/8,3,0.05,True,True,0.0,10.0,sinus,0.0,A1,Anchor-view mean,SL,-0.06749702547557875,0.0040462362354169385,1.2795322455022788,0.003288546538726277,1.2813048988045281,0.003549080964780739,0.9965587327853032,0.0025468007813805394,-2.502995619837443,0.009160851212698797,-2.097985817166339,0.009531749187546873,-0.8970855123817496,0.005030081038881878,-0.0872503417337176,0.0056939540566053985,0.7287259469566878,0.005185094787874054,2.0238513121054575,0.008427770887102292,2.5321372866197636,0.013856667547712085,0.81727689703325,0.002977043649740902,2.066040037822102,0.005146674624766717,2.515889533433476,0.006721190755023677,1.9635369659327997,0.003982835642033128,0.41091,0.001555837304797645,41091.0,0.11005,0.0009896413365457204,11005.0,0.0234,0.00047804225754633867,2340.0,100000
beat CV 5%,12 scenarios,repro_e1b,28,20260920,"1,28",100000,0.03,0.1,2.4,8.0,2.4/8,3,0.05,True,True,0.0,10.0,sinus,0.0,A2,Mean across views,AP,-0.3876646309407477,0.004874306675653984,1.5413911109230194,0.0050579510150045755,1.5893856247145806,0.004457548646921674,1.225025835382769,0.0032022938987237254,-3.441488509014206,0.013570195431531717,-2.846187427941952,0.014186620018173956,-1.347669143885278,0.007321112296439919,-0.3953424654749549,0.004736042626843514,0.5447265524851259,0.005360753804890134,2.1022636949574003,0.014381539170454163,2.744413668398471,0.016253909904904898,0.9890936235169563,0.005092515509796473,2.553681535739344,0.005816149970547079,3.175597315818734,0.013209352645803718,1.9980030437163436,0.005088960911040188,0.49561,0.0015810778851783362,49561.0,0.18676,0.0012323988899702889,18676.0,0.06038,0.0007532214521639702,6038.0,100000
beat CV 5%,12 scenarios,repro_e1b,28,20260920,"1,28",100000,0.03,0.1,2.4,8.0,2.4/8,3,0.05,True,True,0.0,10.0,sinus,0.0,A2,Mean across views,SL,-0.24958577836941695,0.0037271777987697694,1.1786371088525198,0.003175878123026425,1.204767447798184,0.0031563640117292,0.9405753142700909,0.0023807317138715223,-2.5557321569249254,0.015679087017350497,-2.1514414403030577,0.0062866903197067656,-1.0048183255117018,0.006434042996094848,-0.2535880047329868,0.004101525976504353,0.4981415830288287,0.0049080969309422805,1.6655568126563753,0.008040973799138519,2.0934007894697637,0.014419441822549875,0.7722022165811357,0.0029294290122230207,1.950172420765365,0.006361552448242805,2.3748912654865872,0.009548058942537834,1.9712445499975162,0.005146135018191016,0.3847,0.0015385249754228884,38470.0,0.09257,0.0009165194766070167,9257.0,0.01792,0.0004195101143000011,1792.0,100000
beat CV 5%,12 scenarios,repro_e1b,28,20260920,"1,28",100000,0.03,0.1,2.4,8.0,2.4/8,3,0.05,True,True,0.0,10.0,sinus,0.0,A3,Largest view mean,AP,0.525974899019579,0.005645596356939926,1.7852943237879118,0.0073399652790307225,1.8611538206687184,0.007389127505239151,1.363957529243019,0.00400440936706704,-2.609137890256648,0.018662163780506526,-2.05713081742819,0.0131969625954211,-0.5917086055910541,0.007439386328118001,0.4020583039314838,0.006992096319260456,1.4631212797369297,0.007126871757563546,3.5450156402793924,0.02790566864251026,4.497518809044276,0.031532517815434626,1.0450620186383697,0.002824078750185256,2.8825151527136352,0.011411814728553146,3.702949773236638,0.015498987480683,1.9895989961249718,0.005379077907057652,0.51791,0.0015801241467049353,51791.0,0.21887,0.0013075393802864982,21887.0,0.09006,0.0009052579543975297,9006.0,100000
beat CV 5%,12 scenarios,repro_e1b,28,20260920,"1,28",100000,0.03,0.1,2.4,8.0,2.4/8,3,0.05,True,True,0.0,10.0,sinus,0.0,A3,Largest view mean,SL,0.45463905053561376,0.004175357231487634,1.3203638896355838,0.005152650482525619,1.3964383386736137,0.004826623656428986,1.0570603994209096,0.0028856050880367422,-1.9569991549626466,0.010227846531521438,-1.5498801168171539,0.005912738980051103,-0.39077282865898955,0.005298855979968668,0.394582441114808,0.005527947505417749,1.2182610706820818,0.0042969271252995805,2.6520412694276714,0.010612045243803575,3.249585969119564,0.01959969746033273,0.8443381847848772,0.003453826442134464,2.1980926050261935,0.007776140284355713,2.7527698607643676,0.009697499777574625,1.9712792069136724,0.006250602183512641,0.42446,0.001562989790113806,42446.0,0.12909,0.0010603101994227915,12909.0,0.03683,0.000595596768795802,3683.0,100000
beat CV 5%,12 scenarios,repro_e1b,28,20260920,"1,28",100000,0.03,0.1,2.4,8.0,2.4/8,3,0.05,True,True,0.0,10.0,sinus,0.0,A4,Largest view mean after review,AP,0.4207846291910013,0.005262781113633523,1.6642375145999355,0.005532336659474646,1.7166008599264215,0.005820307917755115,1.2931780051573851,0.003569904625471569,-2.669060586411641,0.015425090047252201,-2.1010719805466183,0.010341468361808485,-0.633930963104623,0.00723359646601863,0.34744651153885053,0.005631702000299097,1.3744264847830276,0.006172077143438021,3.1900976467880815,0.016769915241509212,3.9640154713959896,0.019899951434972363,1.0185575623694438,0.0030016109697257876,2.723205406602113,0.00908490342758293,3.421404391738654,0.016057691333568862,1.9931275065802456,0.0063676098235821614,0.50774,0.0015809493742685121,50774.0,0.20387,0.0012739977358692596,20387.0,0.07563,0.0008361226172039602,7563.0,100000
beat CV 5%,12 scenarios,repro_e1b,28,20260920,"1,28",100000,0.03,0.1,2.4,8.0,2.4/8,3,0.05,True,True,0.0,10.0,sinus,0.0,A4,Largest view mean after review,SL,0.4206697731414184,0.004037204095611561,1.2766760321092727,0.004045809053909233,1.3441906300745512,0.0039590804827998,1.0336422614729648,0.0027174243497701473,-1.974022002676641,0.00962191227146164,-1.564047744630348,0.0071297507680711724,-0.40427065618192315,0.005836802459197647,0.37798332243488186,0.004904653799801883,1.1911765969484118,0.005537914857555312,2.5464998089521655,0.009154411371781659,3.0731599550259614,0.012900504283416516,0.8369267847120594,0.003442918929214728,2.156897103693578,0.00593348585849264,2.662488244351523,0.009048702277797641,1.9807370954548738,0.0045303328570525814,0.42036,0.0015609531395913202,42036.0,0.1232,0.0010393351721172531,12320.0,0.03133,0.0005508941014387429,3133.0,100000
beat CV 5%,12 scenarios,repro_e1b,100,20260920,"1,100",100000,0.03,0.25,2.4,20.0,2.4/20,3,0.05,True,True,0.0,10.0,sinus,0.0,A1,Anchor-view mean,AP,-0.09326767048530761,0.005156805876913208,1.6307252022387648,0.004933383789746306,1.6333820590809622,0.005274910306423143,1.2488230982997872,0.003329247518538571,-3.1580512616259484,0.01579340618079081,-2.628344922061716,0.009695648417171304,-1.122498124730365,0.0060137037733802535,-0.14596485826966799,0.0058973861843528265,0.8702250745701823,0.005440066066792867,2.5850797589514487,0.014619705280131979,3.2868295527283693,0.01789598454733795,1.0033737429279368,0.0041109487407773836,2.6087280728733218,0.007963635422737826,3.213087401208027,0.01031336417550407,1.9671376842573507,0.004776172505089121,0.50119,0.0015811343519764535,50119.0,0.19239,0.001246499450060047,19239.0,0.06353,0.000771323143047063,6353.0,100000
beat CV 5%,12 scenarios,repro_e1b,100,20260920,"1,100",100000,0.03,0.25,2.4,20.0,2.4/20,3,0.05,True,True,0.0,10.0,sinus,0.0,A1,Anchor-view mean,SL,-0.06122601682956023,0.004033783752997506,1.2755944248054178,0.0036350295413513033,1.2770565728737753,0.0035120390803222603,0.995207289284109,0.0025306962403641984,-2.5052162428450537,0.016631476789559063,-2.082685119141514,0.007631082516812952,-0.8927707156174907,0.005707325406122221,-0.08321278153355749,0.004542634682996787,0.7402486103635755,0.0045391734554252805,2.0175134315666305,0.012875821540913804,2.512859245199218,0.012347774104738975,0.8181702123432282,0.0036701324433341927,2.0545312296716762,0.005455573549746103,2.508883627252156,0.012204119611808676,1.964582995416081,0.005987058277249401,0.41191,0.0015564066046505971,41191.0,0.1086,0.0009839006047360679,10860.0,0.02295,0.0004735324434502878,2295.0,100000
beat CV 5%,12 scenarios,repro_e1b,100,20260920,"1,100",100000,0.03,0.25,2.4,20.0,2.4/20,3,0.05,True,True,0.0,10.0,sinus,0.0,A2,Mean across views,AP,-1.2474920707838322,0.00550316468681713,1.7402534749349325,0.004792861089809443,2.1411885341721013,0.005907757622101623,1.6572392473240145,0.004287499036322915,-5.0339170447051975,0.021085544732958275,-4.20164276898605,0.013789617486058135,-2.239822247541617,0.0069589586314565575,-1.151202146911218,0.00488344219907172,-0.14705691579056235,0.006230417635890049,1.364283706901248,0.010216387144505849,1.9353124565521622,0.012334927452478727,1.3479723087703999,0.004736566421429301,3.4494965140592986,0.012134694757129959,4.2440979925885305,0.01726041769709939,1.9821225103979585,0.005062722570904083,0.61665,0.001537506999984065,61665.0,0.32032,0.0014755171893271865,32032.0,0.14526,0.0011142689639400355,14526.0,100000
beat CV 5%,12 scenarios,repro_e1b,100,20260920,"1,100",100000,0.03,0.25,2.4,20.0,2.4/20,3,0.05,True,True,0.0,10.0,sinus,0.0,A2,Mean across views,SL,-0.7985538368857258,0.0041189150146768525,1.3025152935044724,0.0035944847434924284,1.5278145681845876,0.004286047670016987,1.1827502688687246,0.003058314093635762,-3.551066360018984,0.016229921928550644,-2.987328995021517,0.01333190278887491,-1.5789249436393276,0.005544069236045874,-0.7416103062148944,0.00631931022791844,0.04713711638695628,0.004804977869857574,1.1963839537946535,0.007325119971463629,1.6003202568696029,0.013166923764687824,0.9595152473075543,0.003843385086242706,2.4551119516525324,0.005919418233674992,3.0259211382676026,0.010695639173180909,1.9805552331282763,0.004756337703850265,0.48314,0.0015802396666328813,48314.0,0.17287,0.001195767381642433,17287.0,0.05162,0.0006996811816820573,5162.0,100000
beat CV 5%,12 scenarios,repro_e1b,100,20260920,"1,100",100000,0.03,0.25,2.4,20.0,2.4/20,3,0.05,True,True,0.0,10.0,sinus,0.0,A3,Largest view mean,AP,0.25920207464288686,0.005444055691644904,1.7215615694401198,0.006699938963797073,1.7409567240830346,0.006447031545897577,1.2969196531340834,0.0036727962343106896,-2.8540146763050673,0.017092370999927785,-2.318154663212037,0.009148004390576569,-0.8171302063050749,0.005324643675943573,0.16626213231760367,0.005222593559404263,1.2139384890375144,0.006315495649091767,3.114252881395277,0.018199982047722035,3.9663491277975704,0.01839403973707644,1.01121591523389,0.0036454124903974702,2.714656288720564,0.011881728523669092,3.4375422105300006,0.013538747051424821,1.9745133023571053,0.00661979367639113,0.50443,0.0015810767694833796,50443.0,0.20383,0.0012739047495790258,20383.0,0.07526,0.0008342417659168114,7526.0,100000
beat CV 5%,12 scenarios,repro_e1b,100,20260920,"1,100",100000,0.03,0.25,2.4,20.0,2.4/20,3,0.05,True,True,0.0,10.0,sinus,0.0,A3,Largest view mean,SL,0.2512402854786982,0.004118666356477853,1.3024366608777012,0.004221699318490897,1.3264410930128478,0.004230875214212194,1.0129205601463862,0.0027082194270743915,-2.171472997367261,0.010215347850484838,-1.7644097801894767,0.006638691993883981,-0.5826171769962478,0.004297554638524191,0.20835388952610367,0.004586754232000408,1.027763129448504,0.005451277036702544,2.3895263084295886,0.01574035361575666,2.938951903699643,0.018150337891477002,0.8154137661515883,0.0025674612798379666,2.1043719866219246,0.005680210185879449,2.6026172698063097,0.009226888185712557,1.9621054289676632,0.005429083795439406,0.41113,0.0015559631200642258,41113.0,0.11511,0.0010092556063753125,11511.0,0.02915,0.0005319800513177162,2915.0,100000
beat CV 5%,12 scenarios,repro_e1b,100,20260920,"1,100",100000,0.03,0.25,2.4,20.0,2.4/20,3,0.05,True,True,0.0,10.0,sinus,0.0,A4,Largest view mean after review,AP,0.20233148820302885,0.005228206126517347,1.6533039436641264,0.005138877554580469,1.6656303993126758,0.005639770304461423,1.261205754150762,0.0034404890782803103,-2.878855698477092,0.014483261127829515,-2.3453885616277783,0.01065071771341348,-0.8385278086527732,0.005467744081587333,0.13900555483507437,0.007229432241933492,1.1636820761936923,0.006191697412456758,2.9309127510671584,0.011686498457912755,3.6685465799101853,0.02553506805884237,0.9984300997937083,0.0035586654140641683,2.639001211852548,0.00890382106416481,3.2959879044381313,0.015250415669120406,1.9788230965274316,0.0076001167725151504,0.49935,0.001581137494021314,49935.0,0.19632,0.0012560989515161612,19632.0,0.06789,0.00079549323001519,6789.0,100000
beat CV 5%,12 scenarios,repro_e1b,100,20260920,"1,100",100000,0.03,0.25,2.4,20.0,2.4/20,3,0.05,True,True,0.0,10.0,sinus,0.0,A4,Largest view mean after review,SL,0.23241093745897917,0.0040349861161639656,1.2759746454234884,0.0038687395495864336,1.2969617798922222,0.0038104691714029326,0.9999399504335057,0.0026119662639398755,-2.1777599132970864,0.009324938697822928,-1.771594679707275,0.00795016469061251,-0.5885150631340672,0.004860919956436646,0.19970950887494654,0.005288600366785157,1.0133950079154004,0.0051706528107599145,2.3349895576475608,0.009282208694903602,2.844771765172972,0.014135909764783013,0.8116897535389342,0.0026315758405399594,2.08027551033907,0.006661877894923202,2.5593049403364594,0.008745139027487638,1.9733079108538867,0.004715011568257864,0.40882,0.0015546260244830587,40882.0,0.11175,0.0009963028530522232,11175.0,0.0262,0.0005051094930804608,2620.0,100000
beat CV 5%,12 scenarios,repro_e1b,172,20260920,"1,172",100000,0.03,0.5,2.4,40.0,2.4/40,3,0.05,True,True,0.0,10.0,sinus,0.0,A1,Anchor-view mean,AP,-0.09854232035759251,0.00516544813888497,1.6334581254354275,0.004805941404021519,1.6364196755716438,0.005375865848699734,1.2492482789330002,0.0033425428415707528,-3.1854446334995936,0.015001854709820852,-2.631165076687001,0.00710607755369538,-1.1276533419092778,0.006271805241985575,-0.1402163414967008,0.005209462717365354,0.8626566595222211,0.006504408531102017,2.5657453623024,0.01733891457420866,3.2453766641142856,0.015210605835788156,1.0010960669235747,0.003545501078048491,2.6040818435265103,0.007074974266964037,3.2171493845077173,0.007694885499159015,1.9659684080637099,0.004859761683123331,0.50047,0.0015811381315369002,50047.0,0.19284,0.0012476086501784123,19284.0,0.06343,0.0007707569986707873,6343.0,100000
beat CV 5%,12 scenarios,repro_e1b,172,20260920,"1,172",100000,0.03,0.5,2.4,40.0,2.4/40,3,0.05,True,True,0.0,10.0,sinus,0.0,A1,Anchor-view mean,SL,-0.06342933546501069,0.004056387290409559,1.2827422909453094,0.0031951091576569043,1.284303161757108,0.003616349027690166,0.9991949606252357,0.002551569227879115,-2.529606513699924,0.009019484562899107,-2.103813607300234,0.00836321497840373,-0.8954750638381286,0.0037588775717716178,-0.08499930004079914,0.005050526441863865,0.7404198462752726,0.006013628840489307,2.0304329688738525,0.00845752436510169,2.509072467333411,0.012372521700834777,0.8207833942488634,0.003101331461539081,2.0735518268523365,0.006860086516312799,2.5210417233664186,0.008827479315068169,1.9629646632009206,0.005873685215800054,0.41272,0.0015568628764281072,41272.0,0.11136,0.000994781133717362,11136.0,0.02307,0.0004747396665542074,2307.0,100000
beat CV 5%,12 scenarios,repro_e1b,172,20260920,"1,172",100000,0.03,0.5,2.4,40.0,2.4/40,3,0.05,True,True,0.0,10.0,sinus,0.0,A2,Mean across views,AP,-2.5993127354737378,0.0072593541605090045,2.2956093489028007,0.0068978972083194295,3.467880661346794,0.008966571568196378,2.7581207684797353,0.006647563687492441,-7.924187415492182,0.021970468485380715,-6.725155881801766,0.02133507043207567,-3.819005745552624,0.009925573710120933,-2.307738192377397,0.007027647060186998,-1.07335620253671,0.007440058395652763,0.5641749315711315,0.012002187868897209,1.1227916273239502,0.016401190805542976,2.334615927202688,0.009156472071051002,5.505238849917475,0.01673629280823763,6.726638482540206,0.023959344883195195,1.9396972212786106,0.004702726702745308,0.79256,0.001282219350969248,79256.0,0.57177,0.0015647653725079681,57177.0,0.37451,0.0015305301692550852,37451.0,100000
beat CV 5%,12 scenarios,repro_e1b,172,20260920,"1,172",100000,0.03,0.5,2.4,40.0,2.4/40,3,0.05,True,True,0.0,10.0,sinus,0.0,A2,Mean across views,SL,-1.6648684377493406,0.005197988715762008,1.6437483593661524,0.004514033043246309,2.339587263780977,0.0062541967529796605,1.8372916167967848,0.004580446550485026,-5.381378463332462,0.026863647616924054,-4.567817907220044,0.014417141372187017,-2.564800847196066,0.006572635251389275,-1.4968543328366053,0.0055934053067709585,-0.571248907326804,0.005473800528726268,0.6643794767729327,0.009021688846930706,1.082795764604991,0.015453747915552847,1.537802481749763,0.005287394214205614,3.729404071227996,0.013524340086056599,4.568479847894312,0.013890115275760869,1.952686235994998,0.004343913114234421,0.66664,0.0014907417965563318,66664.0,0.37463,0.0015306285084892416,37463.0,0.18006,0.001215065415522967,18006.0,100000
beat CV 5%,12 scenarios,repro_e1b,172,20260920,"1,172",100000,0.03,0.5,2.4,40.0,2.4/40,3,0.05,True,True,0.0,10.0,sinus,0.0,A3,Largest view mean,AP,0.09982404321579941,0.005342688395477603,1.6895064158259667,0.004936034054475568,1.6924444523829323,0.005964958522402019,1.2738964599608018,0.003523589717015297,-3.0136868184581607,0.01659867858360056,-2.460059323057085,0.01297395991282298,-0.9561503364230131,0.004860670718823714,0.031048989485615852,0.005292688684273429,1.0550698265819685,0.007591652481819053,2.8793351192460457,0.019994134043405904,3.6606509567261143,0.02223467399240942,1.0041724465625874,0.004409161203530584,2.658587456051951,0.008849135842014308,3.32965603630127,0.012691951785693873,1.967365033229405,0.005917609945604582,0.50158,0.0015811309357545314,50158.0,0.19797,0.001260070946812123,19797.0,0.07003,0.0008070055706127435,7003.0,100000
beat CV 5%,12 scenarios,repro_e1b,172,20260920,"1,172",100000,0.03,0.5,2.4,40.0,2.4/40,3,0.05,True,True,0.0,10.0,sinus,0.0,A3,Largest view mean,SL,0.11760642398853896,0.004110808077889231,1.2999516549948833,0.004131697856181088,1.3052542578150261,0.004075797644112116,1.0039675418834915,0.0026376974994050642,-2.3316450678072957,0.012037474165568544,-1.9199596561392722,0.010837318532147158,-0.7224354701127607,0.005783863405722607,0.08736826531333852,0.004702453089649693,0.9067659965418069,0.006588056798492419,2.2442009045810893,0.01180594531963173,2.7727170299510813,0.02153219819760779,0.8148320382294107,0.003085377570026975,2.080956678149114,0.007341163146571091,2.55838034176781,0.00814759370130704,1.9600628202895092,0.0056722665582269625,0.40952,0.001555034950089547,40952.0,0.11226,0.0009982869948066038,11226.0,0.02633,0.0005063272765711916,2633.0,100000
beat CV 5%,12 scenarios,repro_e1b,172,20260920,"1,172",100000,0.03,0.5,2.4,40.0,2.4/40,3,0.05,True,True,0.0,10.0,sinus,0.0,A4,Largest view mean after review,AP,0.06740670767506388,0.005218102372794365,1.6501088561959236,0.004360241618686478,1.6514768157450586,0.005498101758623179,1.254773842251862,0.0033954820085549085,-3.0305001389339874,0.011881788504408554,-2.4736786106106714,0.01300724237405476,-0.9694198521257462,0.007093436554848757,0.014534739786998152,0.004369236304327371,1.0277727654419733,0.006329260003478581,2.772152685003775,0.018209596408242195,3.4961390765123284,0.018974697654626706,0.9979363105556134,0.0043008401009624235,2.6204798445741755,0.006127716424489114,3.2565754530174362,0.0098086411075128,1.9719171483180904,0.005019547534727849,0.4991,0.0015811362686372103,49910.0,0.19373,0.0012497947315459447,19373.0,0.06606,0.000785468499686652,6606.0,100000
beat CV 5%,12 scenarios,repro_e1b,172,20260920,"1,172",100000,0.03,0.5,2.4,40.0,2.4/40,3,0.05,True,True,0.0,10.0,sinus,0.0,A4,Largest view mean after review,SL,0.10619840560874792,0.004060954117512107,1.2841864484777332,0.003641849820630825,1.2885637137756711,0.0037595520138361616,0.9970142596337481,0.002581405962267579,-2.335066138389882,0.016652670104020686,-1.9245912307148325,0.006364872335980164,-0.7265560186609075,0.0054312748617046675,0.08184846111404642,0.005596327254264972,0.8987515731596648,0.006360800438706538,2.215742276524397,0.016289391692010186,2.719367915290726,0.013335948446912672,0.8130500950622479,0.0027833107312054037,2.0684214235875302,0.007645559356807037,2.53275138560878,0.007706915681559247,1.9655616237923277,0.004573941532171606,0.40837,0.0015543614222567413,40837.0,0.11053,0.000991529722701241,11053.0,0.02481,0.0004918786832136559,2481.0,100000
beat CV 5%,12 scenarios,repro_e1b,244,20260920,"1,244",100000,0.06,0.1,4.8,8.0,4.8/8,3,0.05,True,True,0.0,10.0,sinus,0.0,A1,Anchor-view mean,AP,-0.35319260135387587,0.005274613990852204,1.6679793989283507,0.005850349829600381,1.7049552684301568,0.005645251894329046,1.3042646549549173,0.0034724317631386627,-3.5902366629962574,0.014781778929051557,-2.9896657277586383,0.01074761024478094,-1.3895395787861018,0.006957118662532493,-0.3665045595727494,0.006000753960307246,0.6418308674284361,0.005298907176528755,2.3069471326136206,0.014826120478054455,3.0235326135076748,0.019023689320807054,1.0492147894541435,0.00529468719909146,2.722301243566731,0.009223870069064095,3.3764372787026447,0.010514731955252571,1.9803670754432816,0.004130946056991012,0.51976,0.0015799036122498107,51976.0,0.21204,0.0012925905709078958,21204.0,0.0748,0.0008318951857055071,7480.0,100000
beat CV 5%,12 scenarios,repro_e1b,244,20260920,"1,244",100000,0.06,0.1,4.8,8.0,4.8/8,3,0.05,True,True,0.0,10.0,sinus,0.0,A1,Anchor-view mean,SL,-0.23013691245727888,0.004099627096276854,1.296415918157726,0.003442386981809934,1.3166777982429037,0.0035671443265044775,1.028348447793871,0.002600282015036589,-2.7565351922517727,0.008157823243240603,-2.3158150154292407,0.007975282057898036,-1.0682321248035551,0.005117776538057784,-0.23701181577447672,0.0047154411848622894,0.5975820090420434,0.004783693133990326,1.8672369819699244,0.00818674140138362,2.336910428857721,0.014273612343826342,0.8497466008677104,0.00287700896053833,2.1290326002622595,0.007594834040902925,2.5883122412951667,0.00842412493754561,1.965790146039714,0.004606119939433945,0.42772,0.0015645306056450287,42772.0,0.11974,0.001026656380684404,11974.0,0.02616,0.000504734131994261,2616.0,100000
beat CV 5%,12 scenarios,repro_e1b,244,20260920,"1,244",100000,0.06,0.1,4.8,8.0,4.8/8,3,0.05,True,True,0.0,10.0,sinus,0.0,A2,Mean across views,AP,-0.46462339781314166,0.004891225115260981,1.5467411912844309,0.004603865190625098,1.615010616227733,0.004621501104684659,1.2427961356826862,0.0032614838539189363,-3.551472107055673,0.015834983922677907,-2.9559065606947375,0.011503552621505906,-1.411329925865827,0.006180616621594251,-0.4649080185454073,0.006359992474342795,0.47810171869792506,0.005657300295259441,2.010808716977027,0.011032865523818372,2.6232254352437945,0.019326553508820617,1.001917050663581,0.005025735269686256,2.603278601911699,0.010873557528765199,3.2165803220310187,0.01005287238453987,1.9916775095535646,0.004000103323767974,0.50074,0.0015811370984199946,50074.0,0.19178,0.0012449916931449785,19178.0,0.06391,0.0007734695333366402,6391.0,100000
beat CV 5%,12 scenarios,repro_e1b,244,20260920,"1,244",100000,0.06,0.1,4.8,8.0,4.8/8,3,0.05,True,True,0.0,10.0,sinus,0.0,A2,Mean across views,SL,-0.2994679582051607,0.0037330231579831862,1.1804855737381446,0.003195138679972148,1.217872453228804,0.0032084046711275066,0.9494431674205724,0.002412004979140706,-2.645533751335164,0.009870297127305498,-2.212422732227585,0.007350532713799571,-1.0526434739728208,0.005505899801098512,-0.2981281413719188,0.004507659530114534,0.45005203506247504,0.004553115925878847,1.6002944396166192,0.010659332609792134,2.0186047261197406,0.013026182202141853,0.7767528883660189,0.00345373553605914,1.9685384216705857,0.006735606233815212,2.4106675986865915,0.00944517533558977,1.9794089211029184,0.00527631660444724,0.38893,0.0015416337279003725,38893.0,0.09523,0.00092823082851196,9523.0,0.01873,0.0004287095415313263,1873.0,100000
beat CV 5%,12 scenarios,repro_e1b,244,20260920,"1,244",100000,0.06,0.1,4.8,8.0,4.8/8,3,0.05,True,True,0.0,10.0,sinus,0.0,A3,Largest view mean,AP,0.44205135373110405,0.005695538320807579,1.8010873594522734,0.007710840427630238,1.8545329968909963,0.00817427796189298,1.3560375280054904,0.0040005885365867085,-2.7419277267384135,0.016821524927357206,-2.187882158874016,0.013268656435363638,-0.6714951534507372,0.007565850226507108,0.323303065007682,0.0059435783460732505,1.387494252180343,0.006908549062983753,3.4540282610035935,0.03133166311877771,4.430765908006464,0.037130988030263434,1.0388670387531893,0.004110299566448367,2.856446166506808,0.011397021327729108,3.678310597025805,0.02122772851595252,1.983416096231371,0.009201395626498958,0.5151,0.001580417634677619,51510.0,0.21761,0.0013048213973567418,21761.0,0.08762,0.0008941070159662097,8762.0,100000
beat CV 5%,12 scenarios,repro_e1b,244,20260920,"1,244",100000,0.06,0.1,4.8,8.0,4.8/8,3,0.05,True,True,0.0,10.0,sinus,0.0,A3,Largest view mean,SL,0.40165916312342176,0.004188431308189165,1.3244982757036419,0.004173686468591101,1.3840549926596504,0.004640317396224517,1.0493380976736324,0.002853955018103881,-2.0275730441878523,0.007810514404050871,-1.6206409857642332,0.009000041036677522,-0.4461194617277564,0.00517653567029819,0.3522150423805017,0.004936947139409592,1.1677432592613388,0.006491132925407455,2.5813547534595926,0.01140108866852978,3.182621547430758,0.011083808684774347,0.8376191956032417,0.002465429065239694,2.185103686886686,0.006974369998292449,2.7228335985243075,0.012204177838555761,1.9672871475229547,0.006579323518826518,0.42312,0.0015623362813427845,42312.0,0.12648,0.0010511080325066497,12648.0,0.03539,0.0005842734625156271,3539.0,100000
beat CV 5%,12 scenarios,repro_e1b,244,20260920,"1,244",100000,0.06,0.1,4.8,8.0,4.8/8,3,0.05,True,True,0.0,10.0,sinus,0.0,A4,Largest view mean after review,AP,0.31479027288277944,0.005283131333797585,1.6706728192603677,0.005867996487477121,1.700062549861125,0.00606270662854595,1.2811805584751483,0.003533838618331343,-2.819498047984743,0.015468036970427082,-2.2555877160226907,0.01067882375599598,-0.7279787268785154,0.006887743532567942,0.2543630545121376,0.005482644446764696,1.2778900700926763,0.005989515637421365,3.0543699597309977,0.01157505154627729,3.8206368939821442,0.021686622040102577,1.0105817890764124,0.003840987985710683,2.6962105055446277,0.013356215173768901,3.3745588106139013,0.016968625851268328,1.9849615597317656,0.007282411259676311,0.50432,0.001581079813292169,50432.0,0.20194,0.0012694890168882913,20194.0,0.07247,0.0008198664470509816,7247.0,100000
beat CV 5%,12 scenarios,repro_e1b,244,20260920,"1,244",100000,0.06,0.1,4.8,8.0,4.8/8,3,0.05,True,True,0.0,10.0,sinus,0.0,A4,Largest view mean after review,SL,0.3578564787976194,0.004038459605203957,1.2770730591028887,0.0034236805853381895,1.326258100276058,0.003897745270499092,1.0225974080489577,0.0026706969543953017,-2.059583872066514,0.010575820140981499,-1.6438548234688446,0.008653309781407569,-0.4642885308611495,0.005629088331109406,0.3291927696837771,0.004066763875685883,1.1327314923028409,0.004823412055495713,2.4567737843396475,0.011458522441171692,2.990493731067816,0.01762559246674486,0.8291703629659128,0.003313348749632438,2.133084640770007,0.006817293671483936,2.6233187622591823,0.008811523596111401,1.9779851008737617,0.004541833927264493,0.41782,0.0015596360075350916,41782.0,0.1193,0.001025024438733048,11930.0,0.02955,0.000535507212836578,2955.0,100000
beat CV 5%,12 scenarios,repro_e1b,316,20260920,"1,316",100000,0.06,0.25,4.8,20.0,4.8/20,3,0.05,True,True,0.0,10.0,sinus,0.0,A1,Anchor-view mean,AP,-0.3642078129451799,0.005238339817154949,1.6565084980159608,0.004538983036827099,1.6960661233588048,0.0050786784488081,1.304167164458873,0.003428994108996496,-3.5744737952869574,0.01686743780312211,-2.9847607624362262,0.010551918435395838,-1.401524322461168,0.006696674063587088,-0.37685695442543654,0.0062026937709101435,0.6307418584195599,0.006094768546594844,2.302291669379879,0.009233033155157269,2.984321071608335,0.018786757898760973,1.0534133589735517,0.004569996973460926,2.726757004168874,0.009750964114866721,3.342383157849587,0.007155835129147887,1.9706679544017411,0.004249010810745609,0.52142,0.0015796872589218412,52142.0,0.21343,0.0012956760208478043,21343.0,0.07363,0.0008258851197351845,7363.0,100000
beat CV 5%,12 scenarios,repro_e1b,316,20260920,"1,316",100000,0.06,0.25,4.8,20.0,4.8/20,3,0.05,True,True,0.0,10.0,sinus,0.0,A1,Anchor-view mean,SL,-0.23488220781581462,0.004087507607997088,1.2925833994537483,0.00333527088850208,1.3137445674001451,0.003488991057907964,1.027087781829791,0.00259040959504713,-2.73728712564449,0.014348541563815794,-2.314038968579044,0.011495205316890614,-1.0701422697768992,0.005737181029087404,-0.24354843652001645,0.005360251526715547,0.5829623400446913,0.00560917950383347,1.8621231973766987,0.008260910250326778,2.3389345479596995,0.014618083176044948,0.8453962561885269,0.0031253832236879005,2.1306901730828005,0.006362942950467922,2.5811473595349574,0.006488302045855102,1.96472542957339,0.0043149423015496876,0.4258,0.001563631542275865,42580.0,0.1209,0.0010309373889815035,12090.0,0.02515,0.0004951512647666367,2515.0,100000
beat CV 5%,12 scenarios,repro_e1b,316,20260920,"1,316",100000,0.06,0.25,4.8,20.0,4.8/20,3,0.05,True,True,0.0,10.0,sinus,0.0,A2,Mean across views,AP,-1.3401436174074455,0.0055796416189784585,1.764437604344131,0.0046865181939912655,2.2156700662555724,0.006173751220131449,1.7182581924811349,0.004423575696757523,-5.1676016733068195,0.01936930686955196,-4.3638436422177085,0.017935621988540047,-2.3409953804579975,0.007094539312040914,-1.2341841285789008,0.006179348714586932,-0.21353297966187945,0.006465964150582618,1.2873620697347337,0.011532883940525911,1.8474234763218442,0.014153868239266652,1.4052552343267397,0.0064271243094119156,3.554685862050118,0.010263225354193774,4.397405114374158,0.015819684843239593,1.9846840833146535,0.004774073415516433,0.63058,0.0015262662402084376,63058.0,0.33785,0.001495685052074801,33785.0,0.15763,0.0011523141199343172,15763.0,100000
beat CV 5%,12 scenarios,repro_e1b,316,20260920,"1,316",100000,0.06,0.25,4.8,20.0,4.8/20,3,0.05,True,True,0.0,10.0,sinus,0.0,A2,Mean across views,SL,-0.86083764986822,0.004130683121267765,1.3062366955619649,0.0032571088722780023,1.5643780558804297,0.004194735174925751,1.2170748715961213,0.003108081592913394,-3.611762464955509,0.013620340348592474,-3.056030127606177,0.01009949985186866,-1.6455449615168285,0.0069246062198473,-0.7998771724986282,0.00505943272715145,-0.006992790462283849,0.005754314775212195,1.148143538686436,0.007319184532144942,1.550425783292564,0.01377484015877186,0.9953007175363155,0.0035692231019256895,2.539245367250197,0.008199411154688339,3.082108960387575,0.01205243393899199,1.9701816634425806,0.0054953797008624235,0.4978,0.0015811235245862354,49780.0,0.18503,0.001227981673723187,18503.0,0.0557,0.0007252414080842324,5570.0,100000
beat CV 5%,12 scenarios,repro_e1b,316,20260920,"1,316",100000,0.06,0.25,4.8,20.0,4.8/20,3,0.05,True,True,0.0,10.0,sinus,0.0,A3,Largest view mean,AP,0.09554105049938659,0.00552038451693574,1.74569886334453,0.0047631312576988044,1.7483026451869528,0.006239246036170216,1.3090822743025792,0.0036645315758854556,-3.1077867028694617,0.015438367660327763,-2.540447673641538,0.011961252328477973,-0.990515417256181,0.005388222125622315,0.01828598298611439,0.0054316842963358395,1.0670941975380335,0.006261076112632452,2.9669266086113604,0.012707326070336878,3.8468720984713607,0.01603363081097583,1.0272610943493534,0.0035192425343754754,2.7420943726808864,0.01024992680706562,3.449862866038999,0.01136751006680223,1.9732641116436063,0.005056904206830578,0.51189,0.0015806917090312076,51189.0,0.20825,0.001284063617972256,20825.0,0.07711,0.0008435878608657191,7711.0,100000
beat CV 5%,12 scenarios,repro_e1b,316,20260920,"1,316",100000,0.06,0.25,4.8,20.0,4.8/20,3,0.05,True,True,0.0,10.0,sinus,0.0,A3,Largest view mean,SL,0.1489476927331952,0.004161920552610045,1.3161148386914383,0.003964778806876055,1.3245098573478595,0.004077562969380386,1.015892746153935,0.0026875556058965507,-2.3383060340172213,0.01595861454453601,-1.909501397424012,0.008927600420292923,-0.6946658206662851,0.004573782791854207,0.11849847953512116,0.004381135858952901,0.9423830479927413,0.005290774518728978,2.3023452266364988,0.016104272855144576,2.8456417676865673,0.01536276188014715,0.8180652851587893,0.0024121236020056497,2.1081207992214446,0.00857689766882703,2.594450579969415,0.0106656627388124,1.9588005069017975,0.005097466823282421,0.41327,0.001557170212597197,41327.0,0.11641,0.0010141928411303246,11641.0,0.02866,0.000527623013144802,2866.0,100000
beat CV 5%,12 scenarios,repro_e1b,316,20260920,"1,316",100000,0.06,0.25,4.8,20.0,4.8/20,3,0.05,True,True,0.0,10.0,sinus,0.0,A4,Largest view mean after review,AP,0.021759317805046204,0.005283747389733568,1.6708676332527452,0.004462830493189253,1.6710009568448763,0.005391103500379687,1.2715055400653597,0.00342859973554181,-3.1531201173488235,0.01705620242172666,-2.5768706345465473,0.015757134190307612,-1.022973945517085,0.007267526064066994,-0.02117851402904858,0.006529401252814763,1.0074007354665095,0.006333357219221244,2.7551467609951894,0.009595771382209652,3.479827617650986,0.0316563746573352,1.014754794747628,0.0025345287699511765,2.6588872744409766,0.009025135880721397,3.3045024238276133,0.011347670108097396,1.977558666433714,0.004890885034356643,0.50651,0.0015810048067605614,50651.0,0.19994,0.0012647687393353775,19994.0,0.06931,0.0008031570450416283,6931.0,100000
beat CV 5%,12 scenarios,repro_e1b,316,20260920,"1,316",100000,0.06,0.25,4.8,20.0,4.8/20,3,0.05,True,True,0.0,10.0,sinus,0.0,A4,Largest view mean after review,SL,0.12188533616449465,0.004067172665771457,1.2861529261016553,0.0035676625991135314,1.2919089916082667,0.003677234592527438,1.00058696399461,0.0025843011602652358,-2.354328259518553,0.009288679005693364,-1.9247144989622258,0.007115352646192761,-0.7058935259026153,0.005152860416723111,0.10569211866424322,0.004525559479720355,0.9204574552883767,0.004806583727091036,2.225346079766263,0.011121672018330019,2.726025127245297,0.012834835792375975,0.8131067249006358,0.002785833253276267,2.0785821863186595,0.010190481538243803,2.5400056171992706,0.008387452534989103,1.9660871111650662,0.004231663054778842,0.41015,0.0015554001976983286,41015.0,0.11217,0.0009979373281925074,11217.0,0.02515,0.0004951512647666367,2515.0,100000
beat CV 5%,12 scenarios,repro_e1b,388,20260920,"1,388",100000,0.06,0.5,4.8,40.0,4.8/40,3,0.05,True,True,0.0,10.0,sinus,0.0,A1,Anchor-view mean,AP,-0.3668247517677487,0.005273708729403944,1.667693130122906,0.006369361051270556,1.707551745267137,0.0053641494340249205,1.3078209242184378,0.0034718142900157264,-3.571885883556821,0.015321372349711078,-2.9869762618750704,0.013523359960415487,-1.3990886101594404,0.006728995864265363,-0.3894984989401391,0.006326268737636634,0.6273891143225345,0.009510833567072092,2.295149243917367,0.01338146846520162,3.0105904713934675,0.027739489133365162,1.049637363135489,0.004865507529237807,2.7286356876845583,0.008455695958083596,3.3690145590320277,0.015654447395952002,1.973008764372739,0.0063714939546629925,0.52099,0.0015797449791026398,52099.0,0.21349,0.001295808704631976,21349.0,0.0745,0.0008303598617467007,7450.0,100000
beat CV 5%,12 scenarios,repro_e1b,388,20260920,"1,388",100000,0.06,0.5,4.8,40.0,4.8/40,3,0.05,True,True,0.0,10.0,sinus,0.0,A1,Anchor-view mean,SL,-0.23320367078842918,0.00408014639400437,1.2902555791976589,0.0034971501870402124,1.3111547445382974,0.003536292105206871,1.0232060848822933,0.0025926488266116462,-2.7419215155107013,0.012149270713284765,-2.30797212908169,0.010336018488773899,-1.0641834723279044,0.004906502847674161,-0.243090068150698,0.003988312841001722,0.5769199422128131,0.004304220336661926,1.8545994583949876,0.010606343533968587,2.3322806069241993,0.010591111313701366,0.8409353897306584,0.002701109859691204,2.127231458726361,0.005593983318297212,2.5797063614976574,0.01203271089514532,1.9675071704873863,0.0064070949761065275,0.42383,0.0015626840086850572,42383.0,0.11978,0.001026804516935916,11978.0,0.0256,0.0004994460931872428,2560.0,100000
beat CV 5%,12 scenarios,repro_e1b,388,20260920,"1,388",100000,0.06,0.5,4.8,40.0,4.8/40,3,0.05,True,True,0.0,10.0,sinus,0.0,A2,Mean across views,AP,-2.683815843872719,0.007326022193705417,2.3166916321052384,0.008808256772362058,3.545401801134462,0.009150221598490963,2.8309912089402323,0.006749376460439296,-8.087916858982817,0.023928908552906584,-6.845347921214455,0.020960707205707352,-3.898084832640013,0.010175326672606622,-2.3983777978677367,0.006218205862776515,-1.1418992848767058,0.008204807739065656,0.49632586205601825,0.010231490815667326,1.0379955394808384,0.011361831341394029,2.421438364965974,0.006667082294095153,5.598486859782668,0.014510786456905428,6.847751697253489,0.022304423919906568,1.9314458787329374,0.004888889102177885,0.80222,0.001259615304765705,80222.0,0.58806,0.0015564235811629172,58806.0,0.38839,0.0015412436793057743,38839.0,100000
beat CV 5%,12 scenarios,repro_e1b,388,20260920,"1,388",100000,0.06,0.5,4.8,40.0,4.8/40,3,0.05,True,True,0.0,10.0,sinus,0.0,A2,Mean across views,SL,-1.7140039406204588,0.0051713328343058204,1.6353190295220525,0.005791083219474769,2.3689768031992475,0.006204027328622277,1.8706875074635132,0.004596303372842975,-5.48710531085204,0.024686038571110024,-4.6089180951410595,0.01643902975724484,-2.6039811290095614,0.006753902686906458,-1.544461446301061,0.005176722145727694,-0.6235379742920089,0.005394324382485787,0.6042301165092075,0.009568107064042628,1.0219387110744138,0.011967181921405832,1.577192836075818,0.004759104344606168,3.7682274534262903,0.01039573790119329,4.61090051794713,0.016757325551132938,1.9463679474278586,0.0042453536369372715,0.6786,0.0014768278166394347,67860.0,0.38387,0.0015379005920409812,38387.0,0.18588,0.0012301570046136386,18588.0,100000
beat CV 5%,12 scenarios,repro_e1b,388,20260920,"1,388",100000,0.06,0.5,4.8,40.0,4.8/40,3,0.05,True,True,0.0,10.0,sinus,0.0,A3,Largest view mean,AP,-0.10649262033376228,0.005490448656249187,1.7362323129958304,0.00813988492545733,1.739486469579443,0.006380703140042162,1.3070712741675654,0.003629588180505182,-3.359586178055328,0.013788912745410655,-2.7669046809217024,0.01730611056106934,-1.171565054623383,0.008196744039490939,-0.16093957952984805,0.005572242720408033,0.876184610119753,0.0069040543127686345,2.6916380357760614,0.018978722726344942,3.51903549861745,0.03143820969963494,1.0279872622761568,0.0042130152052400095,2.735219937156027,0.012391974554261453,3.4257083694111894,0.02002614107713684,1.9693791410975594,0.008298034481986776,0.51191,0.0015806902033605446,51191.0,0.20956,0.0012870299390457085,20956.0,0.07666,0.0008413277862997277,7666.0,100000
beat CV 5%,12 scenarios,repro_e1b,388,20260920,"1,388",100000,0.06,0.5,4.8,40.0,4.8/40,3,0.05,True,True,0.0,10.0,sinus,0.0,A3,Largest view mean,SL,-0.009104263019682706,0.004146907691164915,1.3113673550551246,0.0037255736394532462,1.3113924014824876,0.003977627329791615,1.010924403753915,0.002641569341223853,-2.524686493248952,0.01600093889718489,-2.084723572147093,0.00920370948388441,-0.8478173691063978,0.004005551638848939,-0.03235156580923304,0.00462735704968573,0.7915949012616885,0.004319569573370113,2.1228994029943142,0.012250287159855475,2.658166210325409,0.013065621607475462,0.8205404112724852,0.0023209226267748642,2.1035302337575734,0.006024830944866416,2.5807300714419106,0.009371357903659908,1.9679312374575886,0.005417959745540319,0.41381,0.0015574700122313752,41381.0,0.11546,0.001010588879812162,11546.0,0.02708,0.0005132901090026964,2708.0,100000
beat CV 5%,12 scenarios,repro_e1b,388,20260920,"1,388",100000,0.06,0.5,4.8,40.0,4.8/40,3,0.05,True,True,0.0,10.0,sinus,0.0,A4,Largest view mean after review,AP,-0.14897424682251173,0.005337461507319139,1.687853528660396,0.006985252921329774,1.6944067905707714,0.005656392209807945,1.2869122584159025,0.0034855176945538845,-3.3815537598690524,0.018235202854299647,-2.788367400500263,0.013057564260619417,-1.190660631599585,0.008095987568132398,-0.18022457132605219,0.005693341560437838,0.8415545464791823,0.009204811456026021,2.570220277212093,0.015302088587660936,3.3069573088164494,0.017233182118691286,1.0220127174551337,0.003911375612810694,2.693646554217956,0.011091501116216502,3.351886405305669,0.017394396399628108,1.978206428325612,0.006843305674425673,0.5092,0.0015808711522448627,50920.0,0.20541,0.001277563039149145,20541.0,0.07247,0.0008198664470509816,7247.0,100000
beat CV 5%,12 scenarios,repro_e1b,388,20260920,"1,388",100000,0.06,0.5,4.8,40.0,4.8/40,3,0.05,True,True,0.0,10.0,sinus,0.0,A4,Largest view mean after review,SL,-0.02395205721815797,0.004089083210314409,1.2930816486546857,0.0035608130587424323,1.2932970001244883,0.003705536948523137,1.0029702462298467,0.0025820040326333077,-2.5330583636978106,0.01174088662132799,-2.0929510548201304,0.008637217552123922,-0.8527851486798073,0.00391046396535876,-0.03889160341583797,0.004251680736813027,0.7815845023903012,0.00452950604147331,2.085040389048255,0.00991324879320661,2.5784437715397583,0.015784982582070953,0.8179338159016227,0.0029868848363894147,2.089529022871556,0.007049209846663928,2.551712108783653,0.007112765960149346,1.9730287076657829,0.004295040025363665,0.41247,0.001556722515736186,41247.0,0.11345,0.0010028913076699788,11345.0,0.02512,0.0004948634720809366,2512.0,100000
beat CV 5%,12 scenarios,repro_e1b,460,20260920,"1,460",100000,0.125,0.1,10.0,8.0,10/8,3,0.05,True,True,0.0,10.0,sinus,0.0,A1,Anchor-view mean,AP,-0.9345468754519893,0.005805981948146996,1.8360127009966132,0.005620168714356079,2.0601666901519335,0.0062477108445827155,1.5774740730711312,0.004190322062561464,-4.768935382231722,0.02447061474669633,-3.9726546355631585,0.014212071015876583,-2.0099700019451254,0.008160032224323677,-0.875551430370825,0.005571370763512473,0.19621701505131783,0.005848496948234737,1.8715700332208942,0.014001180022512851,2.550303241328404,0.023580364499582954,1.263476846785633,0.004020026952765794,3.301500194296082,0.014173764314977858,4.107678286366695,0.016388049056848993,1.9938572475724092,0.006168903760648555,0.59227,0.0015539827769315848,59227.0,0.29562,0.0014430135675037848,29562.0,0.13056,0.001065429896332931,13056.0,100000
beat CV 5%,12 scenarios,repro_e1b,460,20260920,"1,460",100000,0.125,0.1,10.0,8.0,10/8,3,0.05,True,True,0.0,10.0,sinus,0.0,A1,Anchor-view mean,SL,-0.5944574016419935,0.004386315586041005,1.3870747788185844,0.004213080774613669,1.5090847572741415,0.004228423744829688,1.1698113381878994,0.0030147758234360575,-3.393637481205959,0.01929540224084403,-2.869113538903704,0.00996012531065205,-1.4528130144969116,0.00602281216177553,-0.5654979079189175,0.005720498078141102,0.28816389290772126,0.005513641156727176,1.5910872252416255,0.014703180870991915,2.047124858438582,0.01258613014478194,0.9524138994946729,0.004477887341142149,2.4367413790952104,0.006999212531864621,2.977995808884833,0.011553529826659038,1.973378761219472,0.005507276226730118,0.47941,0.0015797976196336035,47941.0,0.17029,0.0011886602369895276,17029.0,0.04865,0.0006803174075385695,4865.0,100000
beat CV 5%,12 scenarios,repro_e1b,460,20260920,"1,460",100000,0.125,0.1,10.0,8.0,10/8,3,0.05,True,True,0.0,10.0,sinus,0.0,A2,Mean across views,AP,-0.6665104053727418,0.004947804277142823,1.5646330932494306,0.004841076525295208,1.7006729127596092,0.004869432556389668,1.3116367493864618,0.0034233158091889473,-3.8266724488749397,0.01008742685331488,-3.2148809842197568,0.011842897077326884,-1.6118915925284285,0.005415710250162632,-0.643729320827156,0.005433983659358659,0.2926762997237322,0.005370791919202024,1.8118234117994114,0.011988297273054829,2.3879816067114414,0.022748866961121782,1.0584821815396062,0.003839273941775538,2.738965923264643,0.010515245560690206,3.3753879703662824,0.012919956263111645,1.9847367151213013,0.005031836590607444,0.52428,0.0015792735089274436,52428.0,0.21627,0.001301911237757782,21627.0,0.07511,0.0008334775815821323,7511.0,100000
beat CV 5%,12 scenarios,repro_e1b,460,20260920,"1,460",100000,0.125,0.1,10.0,8.0,10/8,3,0.05,True,True,0.0,10.0,sinus,0.0,A2,Mean across views,SL,-0.4278304597942706,0.0037681017278389396,1.191578391518695,0.0032158043269407974,1.2660504598440878,0.003330037902652831,0.9876057701075213,0.002505044680181584,-2.814121430638375,0.016151878007790377,-2.3804994703016775,0.008096239147626989,-1.178134751703349,0.004372775279359392,-0.4159077512529774,0.004202313289447882,0.3316527767228068,0.0067396300099734074,1.4880141930917017,0.008850722084279767,1.8949492278332567,0.01195868892111222,0.8134285640749628,0.0031353636786987434,2.053409651185352,0.007123479325111937,2.5035225773458825,0.010568458982485525,1.9774271695728363,0.006192572865865298,0.40721,0.0015536731184518833,40721.0,0.10837,0.0009829849597018257,10837.0,0.02226,0.00046652430161782567,2226.0,100000
beat CV 5%,12 scenarios,repro_e1b,460,20260920,"1,460",100000,0.125,0.1,10.0,8.0,10/8,3,0.05,True,True,0.0,10.0,sinus,0.0,A3,Largest view mean,AP,0.3105787393285432,0.005713630853186305,1.8068087205479852,0.007233307488141889,1.8332987373566882,0.006996339763609832,1.3492167476235284,0.003925065393677104,-2.9216853185836005,0.016810396206292717,-2.3415898506796,0.013473172972656823,-0.8038653187892799,0.007555671087612609,0.19540456673035944,0.0061333281174723985,1.2737495611817533,0.007010516322250358,3.326433683470551,0.01552075418171948,4.283373623505949,0.029907584558872224,1.0372072980560434,0.004242739268190534,2.8509868437581347,0.011462354450835958,3.6473500757329367,0.013934199079754992,1.9895012206203821,0.005161044547715501,0.51504,0.0015804233559397938,51504.0,0.2164,0.0013021944555249804,21640.0,0.08731,0.0008926755508021938,8731.0,100000
beat CV 5%,12 scenarios,repro_e1b,460,20260920,"1,460",100000,0.125,0.1,10.0,8.0,10/8,3,0.05,True,True,0.0,10.0,sinus,0.0,A3,Largest view mean,SL,0.3115073776379901,0.004228548459000364,1.3371844326836277,0.004524397640121682,1.3729825828146045,0.004566227846774302,1.0404637809411983,0.002832886016953371,-2.151708251767341,0.0104856224801399,-1.7377737620830902,0.010548381252776053,-0.5421615189505999,0.005716857177794215,0.25767573101363705,0.005426281935019295,1.0937903153218165,0.006541550054886803,2.517412891262014,0.014649658938799928,3.1035286371219857,0.013113465261458544,0.8326654309266257,0.0033881592273568577,2.166999386010334,0.009390941427462175,2.6909799558120966,0.010815364378763974,1.959951997566937,0.006802074376845213,0.41904,0.0015602739451775767,41904.0,0.12406,0.0010424448014163628,12406.0,0.03334,0.0005677010163809821,3334.0,100000
beat CV 5%,12 scenarios,repro_e1b,460,20260920,"1,460",100000,0.125,0.1,10.0,8.0,10/8,3,0.05,True,True,0.0,10.0,sinus,0.0,A4,Largest view mean after review,AP,0.11867189043314287,0.005332375428974985,1.6862451694678375,0.006565413620224304,1.6904074523335717,0.005696371826423777,1.27607139749426,0.0035058970816558063,-3.1390635232794564,0.022510925169583793,-2.5058641518704086,0.011770333512007763,-0.9086595516723446,0.008361236205889484,0.08696835607110831,0.006192443777335992,1.109262635419725,0.007187849922371,2.845416891441355,0.019513682721958546,3.551057294056771,0.021906051182377286,1.0087848052066393,0.0038394560675393758,2.6820657542397424,0.01170566943246771,3.352402467171382,0.010364003570739168,1.983191959159587,0.004783455008339684,0.50357,0.001581098526657969,50357.0,0.20029,0.0012655983403118069,20029.0,0.07197,0.0008172534435534672,7197.0,100000
beat CV 5%,12 scenarios,repro_e1b,460,20260920,"1,460",100000,0.125,0.1,10.0,8.0,10/8,3,0.05,True,True,0.0,10.0,sinus,0.0,A4,Largest view mean after review,SL,0.2414949534015989,0.004055934116157909,1.2825989846640937,0.003897617040884451,1.305129693700304,0.003837139110034819,1.0064656756329877,0.0026275411797411176,-2.215872909911676,0.01492299980919716,-1.7850242937324958,0.009649296011060205,-0.5799619652884256,0.005432184767309697,0.2158099081942524,0.004900520334196816,1.0334899591710203,0.007046768886326096,2.3485337671500592,0.016551226006079344,2.83341663269927,0.015175853005245921,0.8192216151259148,0.0034619871681207466,2.0935388909794224,0.005977920361188876,2.5728909888041462,0.008273653900995832,1.9713680573073815,0.0054872229487802635,0.41134,0.0015560829168138823,41134.0,0.11424,0.0010059285382173029,11424.0,0.02621,0.0005052032848270091,2621.0,100000
beat CV 5%,12 scenarios,repro_e1b,532,20260920,"1,532",100000,0.125,0.25,10.0,20.0,10/20,3,0.05,True,True,0.0,10.0,sinus,0.0,A1,Anchor-view mean,AP,-0.9162378461409368,0.005780184294283831,1.8278547665469889,0.00455864931233874,2.044629899947434,0.005821341171139131,1.5719233235410315,0.0041347135191239755,-4.718329930371811,0.018602361051297783,-3.9362578854752885,0.015581992840322748,-1.992398482244563,0.006102284235484647,-0.8662521354380717,0.006878157041238309,0.21583992751518744,0.00546536982964688,1.9093040499239997,0.012267247061276888,2.554945549893007,0.021204243258820192,1.2677510547927304,0.0041885300621826325,3.2859281033350274,0.009348692588409929,4.072793014661551,0.02281672364455131,1.9919463247437885,0.008142333046338683,0.59177,0.0015542788266588463,59177.0,0.29397,0.001440665259871286,29397.0,0.12846,0.0010581022086736233,12846.0,100000
beat CV 5%,12 scenarios,repro_e1b,532,20260920,"1,532",100000,0.125,0.25,10.0,20.0,10/20,3,0.05,True,True,0.0,10.0,sinus,0.0,A1,Anchor-view mean,SL,-0.5827377867181094,0.00440791213327232,1.3939042067032203,0.0044220636762991195,1.5108053600132216,0.004198475298638248,1.1721513806997352,0.003014304335330144,-3.3980556214545015,0.013932004442119948,-2.865811911732114,0.0085258219926492,-1.4415629924301838,0.005901333426051355,-0.5576557454710835,0.005487047483325789,0.3128859482183999,0.006004773671022994,1.6042219909582862,0.009733987094291054,2.0634222291836832,0.015709907998665142,0.9559086698479602,0.004148720042587929,2.4371091936331344,0.006769003609972758,2.977002099370697,0.010636188681458256,1.9704736150424065,0.004190923798195305,0.48152,0.001580058510309033,48152.0,0.16906,0.001185237176264734,16906.0,0.04821,0.000677390551306999,4821.0,100000
beat CV 5%,12 scenarios,repro_e1b,532,20260920,"1,532",100000,0.125,0.25,10.0,20.0,10/20,3,0.05,True,True,0.0,10.0,sinus,0.0,A2,Mean across views,AP,-1.516716634686106,0.005692027486899777,1.7999771362887529,0.006683527027784266,2.3537872975098866,0.0063892138556740415,1.837283987370484,0.0046526592814317485,-5.4960184026354195,0.03523131927712034,-4.6192027984374775,0.02716105884698738,-2.5258326039009207,0.010517952307275721,-1.3941933858951963,0.007588162283722227,-0.3688926207127694,0.006992153348887794,1.1499454688670403,0.014667637136254833,1.6898109310297444,0.021955415233496756,1.5165387307087546,0.006451964091599919,3.75911372045386,0.015960582731605305,4.6432675844924365,0.016111493745139295,1.972679345072782,0.004599666536548519,0.66058,0.0014973779202325645,66058.0,0.37184,0.001528316113897907,37184.0,0.18246,0.0012213449488166722,18246.0,100000
beat CV 5%,12 scenarios,repro_e1b,532,20260920,"1,532",100000,0.125,0.25,10.0,20.0,10/20,3,0.05,True,True,0.0,10.0,sinus,0.0,A2,Mean across views,SL,-0.9724570609795743,0.004210788598997078,1.3315682718300168,0.004311627980039618,1.648856897142012,0.004517197734266165,1.2818441229702893,0.0032796577074658126,-3.8305952091729254,0.01719517949388211,-3.23122600329319,0.01163304997693498,-1.7564853947558954,0.006417489803326436,-0.901000060622581,0.0054500236746647494,-0.09856471361326202,0.0054074974116613125,1.049072604876298,0.012658984440281396,1.434799026280973,0.010873361594893863,1.0519135142418206,0.005146121045968216,2.6552265923135505,0.009575482978834995,3.246515890240452,0.013289905991778941,1.968949455751852,0.004883218152046867,0.52171,0.001579647669260459,52171.0,0.20422,0.001274810541217792,20422.0,0.06707,0.0007910222190305403,6707.0,100000
beat CV 5%,12 scenarios,repro_e1b,532,20260920,"1,532",100000,0.125,0.25,10.0,20.0,10/20,3,0.05,True,True,0.0,10.0,sinus,0.0,A3,Largest view mean,AP,-0.14239718627435805,0.005814933477498261,1.838843423125798,0.006644219948837878,1.8443395240520408,0.006439740522464868,1.3802505347021763,0.003868477357503765,-3.6358836082052997,0.019798917213551783,-2.9773209663822326,0.008930560168987887,-1.2499897070252135,0.007911109474201226,-0.19244754368034434,0.004334070572685495,0.8793499714681796,0.009246860039340422,2.820111341572205,0.014577360771678611,3.68871281609619,0.019289120986946476,1.0777443283102515,0.004565991712310667,2.9113274964486813,0.009712991980115214,3.661138169947582,0.013936429358979754,1.9850673491527244,0.006412938552595431,0.5298,0.001578328102772044,52980.0,0.22971,0.0013302004206133752,22971.0,0.09187,0.0009133997104225509,9187.0,100000
beat CV 5%,12 scenarios,repro_e1b,532,20260920,"1,532",100000,0.125,0.25,10.0,20.0,10/20,3,0.05,True,True,0.0,10.0,sinus,0.0,A3,Largest view mean,SL,0.003129386283857747,0.004312729982354776,1.3638049677538877,0.004584874961929583,1.3638017390694277,0.0043058384667367874,1.0432730268095576,0.0027776686095776874,-2.621361527748318,0.012723206620382415,-2.1495320825343884,0.01100742521966152,-0.857249606597221,0.005290107082411894,-0.01362075903425497,0.0039382642153503065,0.8292404422998197,0.007466337198207761,2.191365010435616,0.010485441320597425,2.748716669240103,0.01887000621996896,0.8432354298999802,0.003475879769904121,2.17007534657067,0.006401084765628818,2.68441680912116,0.00918806376920657,1.9683336164044172,0.005408248489554019,0.42467,0.0015630911396972346,42467.0,0.12562,0.001048043966634988,12562.0,0.03255,0.0005611639466323545,3255.0,100000
beat CV 5%,12 scenarios,repro_e1b,532,20260920,"1,532",100000,0.125,0.25,10.0,20.0,10/20,3,0.05,True,True,0.0,10.0,sinus,0.0,A4,Largest view mean after review,AP,-0.2668837127172721,0.005543340678214672,1.752958238942089,0.004899954823174258,1.77314939442869,0.005518863919134065,1.345517165473908,0.0036519250662281947,-3.756107914098282,0.019357429653216292,-3.078458136063826,0.012586739595663374,-1.3216027466936002,0.00686750301673734,-0.26212618436913715,0.006826205401364018,0.7784181406275616,0.00604264503418787,2.5095002600170493,0.021058489004927718,3.215359905066613,0.021250809503057713,1.0643497434237164,0.004864167848634707,2.832184359608218,0.008310337327573055,3.519497739816126,0.01211975252777081,1.9848850586840205,0.005635071164286419,0.52509,0.0015791468959536349,52509.0,0.22242,0.0013151020629593735,22242.0,0.0847,0.0008804879896966227,8470.0,100000
beat CV 5%,12 scenarios,repro_e1b,532,20260920,"1,532",100000,0.125,0.25,10.0,20.0,10/20,3,0.05,True,True,0.0,10.0,sinus,0.0,A4,Largest view mean after review,SL,-0.04138430498562544,0.0042174735670050525,1.3336822443290728,0.004579469941312347,1.3343175043648672,0.0039179344938677085,1.0291075865699826,0.002685792231723268,-2.671018563736777,0.017302351600674466,-2.184863571932184,0.01366443208642759,-0.8819257157193552,0.004936202120987641,-0.038611195833013756,0.00550860029893763,0.7936267784848865,0.006115810602536294,2.08710299102467,0.008631000918539071,2.5778069780764317,0.014072622383880113,0.8377702498868143,0.004304051219086703,2.140086537255612,0.00749115162906788,2.629050093064912,0.012909048933196166,1.9703332111470242,0.006414279803468918,0.42162,0.001561590777380553,42162.0,0.12156,0.0010333594069828755,12156.0,0.02936,0.0005338350906412953,2936.0,100000
beat CV 5%,12 scenarios,repro_e1b,604,20260920,"1,604",100000,0.125,0.5,10.0,40.0,10/40,3,0.05,True,True,0.0,10.0,sinus,0.0,A1,Anchor-view mean,AP,-0.9200104344310484,0.0057564929842920855,1.820362916514287,0.006215344697960875,2.0396340872987313,0.005869065114493415,1.5661587269723363,0.00413191375116975,-4.704544617436553,0.022985001495888772,-3.9169864672589365,0.013756478852846164,-1.9939743164225003,0.006736247997368378,-0.85928689362335,0.006024954393777033,0.207983731557136,0.007233524809512321,1.8828908254961947,0.010043097068245082,2.5318170531630715,0.022013492285725227,1.255347390917687,0.004033270468261064,3.290755322118406,0.011104035398887404,4.058408313555569,0.021777808187769136,1.989772743468158,0.007302328746027967,0.58945,0.0015556307322112147,58945.0,0.29269,0.0014388278698301614,29269.0,0.1286,0.0010585935952951916,12860.0,100000
beat CV 5%,12 scenarios,repro_e1b,604,20260920,"1,604",100000,0.125,0.5,10.0,40.0,10/40,3,0.05,True,True,0.0,10.0,sinus,0.0,A1,Anchor-view mean,SL,-0.5869180689336727,0.004404065881350586,1.3926879150504723,0.003948122571375078,1.511301774157688,0.004204131923116674,1.1722453809928686,0.0030164265582676483,-3.418462245882668,0.011103958910154567,-2.8797670094585794,0.01122751534673115,-1.4415569078644008,0.004986615920225138,-0.5606132166512601,0.0045964593139224035,0.3084090334140719,0.006161178628196895,1.5905836000512517,0.006789790494854281,2.0717836623591723,0.01380979462269743,0.9551628974260866,0.0028514979761418684,2.4445693089265035,0.008777478032705507,2.988902749127617,0.00934583796961115,1.9777008141166634,0.0046329739326196944,0.47977,0.0015798441287038414,47977.0,0.16945,0.0011863249870924914,16945.0,0.04928,0.0006844814212233959,4928.0,100000
beat CV 5%,12 scenarios,repro_e1b,604,20260920,"1,604",100000,0.125,0.5,10.0,40.0,10/40,3,0.05,True,True,0.0,10.0,sinus,0.0,A2,Mean across views,AP,-2.865927068418538,0.007490197712304571,2.3686084895865047,0.007210750775773349,3.7180355075460976,0.009327591400043243,2.9875723440771726,0.006998748821585088,-8.438739756053415,0.03490124435501647,-7.165166681133569,0.024976193875615758,-4.104863829663085,0.012051876024612423,-2.5486570689784602,0.008214920859353618,-1.2813521196361555,0.0074631790308453076,0.3386050473613494,0.008577483119875832,0.8924733591304616,0.016521028510763744,2.563866827334707,0.009112045674496333,5.87149335375137,0.013226576711940892,7.166491964071682,0.024824322058886468,1.9274942236368164,0.005062216421703654,0.82063,0.001213245247672539,82063.0,0.61595,0.0015380364023650415,61595.0,0.41732,0.0015593717247660995,41732.0,100000
beat CV 5%,12 scenarios,repro_e1b,604,20260920,"1,604",100000,0.125,0.5,10.0,40.0,10/40,3,0.05,True,True,0.0,10.0,sinus,0.0,A2,Mean across views,SL,-1.8314641339779485,0.0052914206817060595,1.673294141231201,0.0050895534060366706,2.4807551588162475,0.006396850417541187,1.9677994078422423,0.004776959773573382,-5.69091418380144,0.019978270658744586,-4.8181826510468655,0.012330677938327188,-2.73306160661361,0.00637342189059131,-1.6435460307719825,0.004847672487341987,-0.7163224365492956,0.005510843441939556,0.5199071178236664,0.00825121211101919,0.9322877036606243,0.010509707175020519,1.6663565489123413,0.005233029288966924,3.9485627757488615,0.0113276096063897,4.818484345353211,0.013302146394074283,1.9423457926627743,0.003533985686692568,0.69986,0.0014493308124786416,69986.0,0.41067,0.0015556996853506142,41067.0,0.2061,0.0012791512420351238,20610.0,100000
beat CV 5%,12 scenarios,repro_e1b,604,20260920,"1,604",100000,0.125,0.5,10.0,40.0,10/40,3,0.05,True,True,0.0,10.0,sinus,0.0,A3,Largest view mean,AP,-0.46900822407742715,0.005802714769878368,1.8349795285115462,0.006160775013756425,1.8939601138382027,0.005991439637995753,1.4350979081828894,0.003908444937159713,-4.112690704193163,0.02136212555790745,-3.3869272127738403,0.01997053838273112,-1.563479277061814,0.007296592238792162,-0.4700058277897319,0.006277213768184218,0.611659059035941,0.005419512431874395,2.40598680313876,0.009155105240643708,3.2243917615950535,0.02283015038385298,1.1320895361854322,0.0033976379319736265,3.0306966448089705,0.01139599911514193,3.794783790789963,0.013474803916694846,2.003623921677869,0.004911854807421581,0.5504,0.0015730856302185205,55040.0,0.24904,0.0013675491888776798,24904.0,0.10268,0.0009598792507393833,10268.0,100000
beat CV 5%,12 scenarios,repro_e1b,604,20260920,"1,604",100000,0.125,0.5,10.0,40.0,10/40,3,0.05,True,True,0.0,10.0,sinus,0.0,A3,Largest view mean,SL,-0.23436781947256335,0.0043754094867468766,1.3836259674028444,0.004465436114225422,1.4033281684152157,0.004163733580191268,1.0780211882154154,0.0028411412110446194,-2.988902737062055,0.016415632589152997,-2.4659337000476356,0.009087563289076348,-1.090328678098217,0.004273287160494401,-0.2270807919670048,0.004393359653985676,0.6195287454802303,0.005168007433968299,1.9680434153504331,0.010905116010587218,2.4877786654151333,0.012877793019257252,0.8692279147874393,0.003641127880374212,2.257739001768976,0.006178854180262165,2.7898706176857315,0.010802443937090535,1.988038635921022,0.005624611881336505,0.43864,0.001569187529902019,43864.0,0.13837,0.0010918962546872298,13837.0,0.03761,0.0006016268602713811,3761.0,100000
beat CV 5%,12 scenarios,repro_e1b,604,20260920,"1,604",100000,0.125,0.5,10.0,40.0,10/40,3,0.05,True,True,0.0,10.0,sinus,0.0,A4,Largest view mean after review,AP,-0.5392158401684902,0.005650932153103745,1.7869816506887173,0.0058082400830858525,1.8665543681212677,0.005647230574629615,1.4214418330125278,0.003825628000661028,-4.190377405345661,0.02243619649576156,-3.449089343486253,0.016969500547426984,-1.6020305822556837,0.005596564640725199,-0.510456863838777,0.006072488288099866,0.5532304857335903,0.007711712429460047,2.237400456912804,0.011399619708284828,2.9248614410073133,0.027525824094567997,1.127360632711298,0.003364805787134606,2.9985466071532594,0.01613646459742217,3.7395668055328004,0.017781818655963032,2.0034598881235723,0.00633564459232511,0.54872,0.0015736148245361697,54872.0,0.24642,0.0013627075386890616,24642.0,0.09994,0.0009484302631190129,9994.0,100000
beat CV 5%,12 scenarios,repro_e1b,604,20260920,"1,604",100000,0.125,0.5,10.0,40.0,10/40,3,0.05,True,True,0.0,10.0,sinus,0.0,A4,Largest view mean after review,SL,-0.26038511153574784,0.004317220150761774,1.365224883678272,0.004132290881068476,1.3898275975580587,0.003965771407080762,1.0715833717663286,0.0027988170030649176,-3.021197042041816,0.010462442860578838,-2.491823254309484,0.010985144012347446,-1.1049076563145408,0.0048090498582821104,-0.24108568436415823,0.005506082414436145,0.6001840934458079,0.00742146427464888,1.9073816631987042,0.006165159899510052,2.3990957866314937,0.016987731856288994,0.8662985692761058,0.004553601868384895,2.2451665365015256,0.006716258738641158,2.7714563634189493,0.009475530560947597,1.9941008282526742,0.00501382644947667,0.43726,0.00156864174495007,43726.0,0.13665,0.0010861711536401617,13665.0,0.03616,0.000590359673419518,3616.0,100000
beat CV 5%,12 scenarios,repro_e1b,676,20260920,"1,676",100000,0.25,0.1,20.0,8.0,20/8,3,0.05,True,True,0.0,10.0,sinus,0.0,A1,Anchor-view mean,AP,-2.005528280810344,0.007742092109622247,2.4482644921224312,0.008398861125808019,3.1648195475456995,0.00980415554694382,2.3944994769032024,0.006544079651575261,-7.700356343967539,0.060064442721685894,-6.341965974312944,0.029259358743021255,-3.259168543408391,0.008110527049679716,-1.7277176276228379,0.007185985287132394,-0.43434073874358203,0.008208188009623469,1.3742127752398048,0.01459794619367558,2.005790364422916,0.014897565424859,1.8779778821971136,0.005318869755660512,5.072647903831092,0.020870652700924024,6.368501890407922,0.02519122589881966,2.0122796243933276,0.005003670398368104,0.71782,0.001423216243583525,71782.0,0.47312,0.0015788523224165077,47312.0,0.29343,0.001439891784475486,29343.0,100000
beat CV 5%,12 scenarios,repro_e1b,676,20260920,"1,676",100000,0.25,0.1,20.0,8.0,20/8,3,0.05,True,True,0.0,10.0,sinus,0.0,A1,Anchor-view mean,SL,-1.2885706800071126,0.005539474308464853,1.7517355854735086,0.007001689609235674,2.174617500392332,0.006910077073725958,1.6491763086538007,0.0044824088032845676,-5.239302409438525,0.02883149198480936,-4.345786474669962,0.016913054676670036,-2.2358438741878865,0.00785844238588081,-1.1293550593387967,0.006917841878239949,-0.14947613633967483,0.005573857851520346,1.2224709370150981,0.008079253205680289,1.698656614914984,0.011048443408659944,1.3043779802210889,0.005403215605998695,3.481544542321156,0.011966713037084645,4.361356766722014,0.016270188631571873,2.005574206008718,0.005469296022685931,0.6031,0.0015471599464825865,60310.0,0.31055,0.0014632453570744724,31055.0,0.14645,0.0011180447106444358,14645.0,100000
beat CV 5%,12 scenarios,repro_e1b,676,20260920,"1,676",100000,0.25,0.1,20.0,8.0,20/8,3,0.05,True,True,0.0,10.0,sinus,0.0,A2,Mean across views,AP,-1.013805174997753,0.0052510067568775475,1.6605141360667082,0.004103271589371586,1.945528348767406,0.005474612133318643,1.5039982096963302,0.0039026723817655803,-4.498707313213896,0.030758727291933165,-3.7852352172185886,0.01619420910775586,-1.9891696834823906,0.006758646867518595,-0.9510003869723573,0.006360918849560559,0.02454243260897293,0.006036217976453247,1.5355268645957507,0.009969295545179077,2.115298213456984,0.014562893629789662,1.2208155386234159,0.004788276177166188,3.130100096932058,0.01263558722437341,3.8635349674206685,0.015934431972934766,1.9858538529486964,0.005972938013634192,0.58007,0.0015607331453518886,58007.0,0.2765,0.0014143823740417583,27650.0,0.11289,0.0010007289737986006,11289.0,100000
beat CV 5%,12 scenarios,repro_e1b,676,20260920,"1,676",100000,0.25,0.1,20.0,8.0,20/8,3,0.05,True,True,0.0,10.0,sinus,0.0,A2,Mean across views,SL,-0.6502294961883459,0.003941860129984139,1.2465256228557269,0.0027310624216501382,1.405919267912608,0.0037956680178367033,1.0928040240598353,0.0027971345638855543,-3.230053372112765,0.012450965514087812,-2.732947181990491,0.01370917979719387,-1.4136658475357753,0.006175838246640044,-0.6132600425164205,0.005165840129157231,0.15836248056600732,0.005497741334773902,1.2953465461749032,0.006470529996185077,1.6977585386564895,0.01449678366314562,0.8910039414018276,0.0025949225905679647,2.2735570372201273,0.0071757743170904895,2.788955515864375,0.009858942565611735,1.9837238022956922,0.004207539121738524,0.44932,0.0015729956694155265,44932.0,0.14274,0.0011061884667632365,14274.0,0.03685,0.0005957522765378241,3685.0,100000
beat CV 5%,12 scenarios,repro_e1b,676,20260920,"1,676",100000,0.25,0.1,20.0,8.0,20/8,3,0.05,True,True,0.0,10.0,sinus,0.0,A3,Largest view mean,AP,0.23419079472991883,0.005804944555501732,1.835684648637919,0.007930664877080206,1.8505539063209855,0.008402971574379033,1.3618809907240064,0.003962127743726488,-3.0609802392245884,0.013846196960163603,-2.471383066300045,0.010421035041556026,-0.8938098560266203,0.005879157674180391,0.12744613830165008,0.007819353748347276,1.2138756946481282,0.007714979749192467,3.269581746342202,0.014458316208859836,4.186248836256862,0.024576572781852407,1.0488477493847532,0.0035901280788664205,2.874346973595446,0.009112938903912222,3.644190202418459,0.01541488424363435,1.9692429331406682,0.0070510641014667995,0.51921,0.001579971442463439,51921.0,0.22173,0.0013136430531160283,22173.0,0.08909,0.0009008494430258587,8909.0,100000
beat CV 5%,12 scenarios,repro_e1b,676,20260920,"1,676",100000,0.25,0.1,20.0,8.0,20/8,3,0.05,True,True,0.0,10.0,sinus,0.0,A3,Largest view mean,SL,0.24983007532786775,0.004275194399285911,1.3519351741738812,0.003993623584093839,1.3748183532451619,0.004566834814623146,1.043138252072936,0.0028319535862070077,-2.2640889009096963,0.014433420324106149,-1.8313344575597945,0.006212235116430785,-0.6107718553556027,0.006809463821966834,0.20240989110706487,0.004719365686612711,1.04082835589174,0.004878392301316935,2.4659197958811303,0.01460961698161999,3.081493047085099,0.01776184212689424,0.8346194494073556,0.0024607597142366293,2.1720790264150045,0.007737224181303298,2.7049256073558974,0.009601518581815552,1.9674785406894744,0.005096661907798086,0.4204,0.0015609735423766798,42040.0,0.1251,0.0010461834925097986,12510.0,0.03425,0.0005751255297758917,3425.0,100000
beat CV 5%,12 scenarios,repro_e1b,676,20260920,"1,676",100000,0.25,0.1,20.0,8.0,20/8,3,0.05,True,True,0.0,10.0,sinus,0.0,A4,Largest view mean after review,AP,-0.07978820032173527,0.005591912878515566,1.7683181173337632,0.005266583513458036,1.7701084293092795,0.006310818098652327,1.319298783964575,0.0037319545785370087,-3.613880419246043,0.026637743144652188,-2.8529414553442742,0.011605126990180785,-1.0973209824228745,0.005524841739976181,-0.07000279385147845,0.00783962510699688,0.9544632172649004,0.005460671195403144,2.682974655439835,0.015251686119546953,3.404973622318889,0.0221465331223835,1.0242960293113876,0.004386993667033973,2.7687937965248213,0.007881073598062196,3.5074211009259706,0.014547236186603784,1.9814724583254,0.005797760903173973,0.50995,0.0015808257256889515,50995.0,0.20988,0.0012877514729170375,20988.0,0.08068,0.0008612243470780423,8068.0,100000
beat CV 5%,12 scenarios,repro_e1b,676,20260920,"1,676",100000,0.25,0.1,20.0,8.0,20/8,3,0.05,True,True,0.0,10.0,sinus,0.0,A4,Largest view mean after review,SL,0.11187031494918534,0.004189892214112773,1.3249602547202253,0.0037464742528902253,1.3296680370522365,0.004466729796025005,1.0174096476683987,0.002707216331603145,-2.4850414757012365,0.019939826672470542,-1.9973866360870214,0.010505242582598969,-0.7019357695685184,0.005070414657236159,0.11789479326156949,0.005190861145389249,0.9336100479000605,0.004910188711041091,2.223544340188127,0.007850054077011667,2.704615608823163,0.016975763634954198,0.8223274885817609,0.0025150939788270254,2.114368508999209,0.0071750544553165,2.6054300294254613,0.010330666251700116,1.959459020464599,0.00616164121228336,0.41344,0.0015572648021450943,41344.0,0.11731,0.0010175871653082108,11731.0,0.02915,0.0005319800513177162,2915.0,100000
beat CV 5%,12 scenarios,repro_e1b,748,20260920,"1,748",100000,0.25,0.25,20.0,20.0,20/20,3,0.05,True,True,0.0,10.0,sinus,0.0,A1,Anchor-view mean,AP,-2.0186363291670224,0.007776256097333647,2.459068093634634,0.008410429812684646,3.1814851953774506,0.010066169034467425,2.4001302691419375,0.006603988455636537,-7.689013738214822,0.031123059857657405,-6.399066747881205,0.0281166998212005,-3.273344577991277,0.009227093765025316,-1.7391973631299154,0.005168343604264685,-0.4317779785244289,0.007661270715608837,1.3553005175620225,0.009768498722111073,2.002339906862108,0.01654501319371261,1.883319102996205,0.006953227939240938,5.0856054634229135,0.013870348980171893,6.41999301844759,0.031311029650760915,2.017923272997008,0.00759114469490116,0.71632,0.0014255022188688449,71632.0,0.47437,0.0015790601733309596,47437.0,0.29422,0.0014410225244596282,29422.0,100000
beat CV 5%,12 scenarios,repro_e1b,748,20260920,"1,748",100000,0.25,0.25,20.0,20.0,20/20,3,0.05,True,True,0.0,10.0,sinus,0.0,A1,Anchor-view mean,SL,-1.2850057626781273,0.005582740837838426,1.7654176634006158,0.006998018287765307,2.1835540225438947,0.006981858676227897,1.655701102555627,0.0045017577613490544,-5.223009560728816,0.027534336691082805,-4.327019010533602,0.01577036750382203,-2.2467752266951115,0.007356059169606821,-1.133470359592181,0.0052854239185026654,-0.13871879670229992,0.0059171469330985965,1.2503088780639564,0.011222389988292817,1.723206848839345,0.012972254802014662,1.3104835478589054,0.004391178166608445,3.472442244186326,0.012005579222033465,4.347549410285742,0.0171144072919076,1.9910427520454652,0.006133755654458108,0.60563,0.0015454523709904488,60563.0,0.31311,0.0014665337633344825,31311.0,0.14662,0.0011185820291780126,14662.0,100000
beat CV 5%,12 scenarios,repro_e1b,748,20260920,"1,748",100000,0.25,0.25,20.0,20.0,20/20,3,0.05,True,True,0.0,10.0,sinus,0.0,A2,Mean across views,AP,-1.8900742060069105,0.006093708212701094,1.9269997348609256,0.006870335434584406,2.6991982789500573,0.007428294319226197,2.1220447817395875,0.005275059354765529,-6.215066390300026,0.01859687919670551,-5.254887159133454,0.01997902455650317,-2.9290229470058318,0.005578222298494649,-1.718371982836981,0.006389340975036346,-0.6452539178644883,0.006531484590563327,0.8718581051400888,0.012842956690199098,1.4153351826131761,0.015498473638480583,1.7845243997118878,0.006290898013968211,4.288596508822144,0.012062161710162982,5.263594463327426,0.014368905771531326,1.9500584689817138,0.004754128939703754,0.71315,0.001430269476357515,71315.0,0.44638,0.0015720206601695793,44638.0,0.2423,0.0013549564937664973,24230.0,100000
beat CV 5%,12 scenarios,repro_e1b,748,20260920,"1,748",100000,0.25,0.25,20.0,20.0,20/20,3,0.05,True,True,0.0,10.0,sinus,0.0,A2,Mean across views,SL,-1.2061947782525289,0.004481504780325827,1.4171762450762166,0.0050395673257550835,1.860987444559177,0.005155844069984772,1.4537292309019836,0.0036741789444975858,-4.295339355216815,0.023823557263521394,-3.6242639486766364,0.013403847315373854,-2.0220306838739983,0.005621380625430519,-1.1080969166573245,0.0050973616845069415,-0.27715646296121643,0.00459591587575637,0.9007229299900028,0.006904245726439091,1.2986967629117654,0.011380229532364174,1.2042884274798868,0.005429705412727771,2.9819141407045233,0.006873182945063407,3.634146575837811,0.01225437970398814,1.9528055315271902,0.00411493614018712,0.57721,0.0015621735367749641,57721.0,0.26144,0.001389565134853347,26144.0,0.09826,0.000941302142778821,9826.0,100000
beat CV 5%,12 scenarios,repro_e1b,748,20260920,"1,748",100000,0.25,0.25,20.0,20.0,20/20,3,0.05,True,True,0.0,10.0,sinus,0.0,A3,Largest view mean,AP,-0.4071830000754301,0.006159621140162578,1.9478432326637005,0.006236802211403257,1.9899380175401473,0.007021447880639845,1.4906368639740137,0.0041687797161011645,-4.251596741984051,0.019828220698199915,-3.4828526553386925,0.01713530182395899,-1.5420013622406286,0.00685573434756482,-0.4113524079662123,0.0077711752534390215,0.7028218903110499,0.00835019568819437,2.6467491403137275,0.015054209357399411,3.513257677716373,0.03487968112950776,1.1622485365195612,0.004190936020883394,3.1515522921676937,0.009025763557012555,3.987633965400129,0.017588813976800614,2.003898578876052,0.006681891979495236,0.56039,0.0015695637862157754,56039.0,0.26356,0.0013931838586489582,26356.0,0.11372,0.0010039310812999067,11372.0,100000
beat CV 5%,12 scenarios,repro_e1b,748,20260920,"1,748",100000,0.25,0.25,20.0,20.0,20/20,3,0.05,True,True,0.0,10.0,sinus,0.0,A3,Largest view mean,SL,-0.16871754775699227,0.004557613737799041,1.4412440106718414,0.005981202997837531,1.4510786117146117,0.004899917047610461,1.1057283696297402,0.00297153620203248,-2.997595099399211,0.01887378643214132,-2.4661350528727337,0.011245549961696088,-1.049803540539928,0.004894767867992902,-0.16697116038168258,0.005106617711750403,0.7104700146551775,0.006217740362833901,2.114512551911162,0.011312385846355737,2.665610342013151,0.019138683548982093,0.8855542714690166,0.002636514850921582,2.309885250110662,0.008124168600691947,2.857002838805693,0.012292827623119328,1.9688821926951459,0.005554933354968065,0.44698,0.001572224155774233,44698.0,0.14675,0.0011189925714677467,14675.0,0.04175,0.0006325103754089731,4175.0,100000
beat CV 5%,12 scenarios,repro_e1b,748,20260920,"1,748",100000,0.25,0.25,20.0,20.0,20/20,3,0.05,True,True,0.0,10.0,sinus,0.0,A4,Largest view mean after review,AP,-0.6600217572656861,0.00614199682944341,1.9422699362573912,0.007594250036724478,2.051341878192985,0.007426439351245498,1.5247018590550212,0.004339708026225079,-4.795713625726376,0.03151170462052553,-3.8727343264105434,0.017212871905568895,-1.7303039830339086,0.006915071387955195,-0.5663734254077708,0.006020772016701675,0.5212795548983147,0.008265770310130928,2.232726531206048,0.013847417338384665,2.9161520207412615,0.015752618564530464,1.1797399450302004,0.004295274660940221,3.236167837719312,0.012856283544163849,4.110779877553186,0.018063835510337602,2.0039467439597867,0.006805176639329808,0.56538,0.0015675632542261253,56538.0,0.27019,0.0014042341823926662,27019.0,0.12053,0.0010295752478570958,12053.0,100000
beat CV 5%,12 scenarios,repro_e1b,748,20260920,"1,748",100000,0.25,0.25,20.0,20.0,20/20,3,0.05,True,True,0.0,10.0,sinus,0.0,A4,Largest view mean after review,SL,-0.2758273908679594,0.004542879371421182,1.4365845949084974,0.005277336769944929,1.462817627091106,0.00480811180191153,1.1107936376279262,0.0030099534291304557,-3.2362938868145443,0.015707671926258944,-2.6144709507189017,0.012060141029297424,-1.1255836325721809,0.005455079162397951,-0.23324602241145853,0.005483477472730491,0.6296439320101076,0.004688259076408086,1.943844579739138,0.009141401541961582,2.414264781490869,0.016173518544830682,0.8859030083977157,0.002655062920268108,2.3158114744564062,0.006090038550755191,2.875428746793757,0.014925514153951828,1.965678218214875,0.007356327382185118,0.44728,0.0015723250350992953,44728.0,0.14768,0.0011219207529946133,14768.0,0.04286,0.0006404921576412938,4286.0,100000
beat CV 5%,12 scenarios,repro_e1b,820,20260920,"1,820",100000,0.25,0.5,20.0,40.0,20/40,3,0.05,True,True,0.0,10.0,sinus,0.0,A1,Anchor-view mean,AP,-2.0139681768289983,0.007775968099180446,2.4589770206220303,0.008302680312053978,3.178454866684005,0.009988181640037168,2.396593792616592,0.0066022398640992125,-7.737294807667592,0.03487430184514603,-6.382414337520184,0.02340590019816679,-3.2677866822754615,0.008292633188699763,-1.7307074944154741,0.008032861460774582,-0.42714520518763166,0.007718600138319899,1.3454722197082105,0.009887961961801164,2.002864055883256,0.018113425401773176,1.8783906418445482,0.007970963325935125,5.079739751293762,0.013363140420195553,6.407575145665994,0.02002795255428942,2.0159402648214546,0.004266804829905307,0.71654,0.001425168159902543,71654.0,0.4738,0.0015789666240931123,47380.0,0.29402,0.0014407367545807945,29402.0,100000
beat CV 5%,12 scenarios,repro_e1b,820,20260920,"1,820",100000,0.25,0.5,20.0,40.0,20/40,3,0.05,True,True,0.0,10.0,sinus,0.0,A1,Anchor-view mean,SL,-1.2881761044362232,0.005570962222970234,1.7616929383340747,0.006229629081299077,2.182413491847166,0.0067723895577762126,1.652829078976995,0.004506778224113717,-5.266047824186343,0.0273550018131444,-4.359351430589388,0.024716789086761393,-2.247857188497679,0.008615966017458187,-1.1322728474999109,0.00560835916074361,-0.1397609171218277,0.006647363259515178,1.2305120405240992,0.010154812445475732,1.7108091016144635,0.012626101896954163,1.3063253435504647,0.004705937546300193,3.4829173306953,0.009955061480467582,4.379194740131199,0.02597134412787834,2.006583425409777,0.009844587054194647,0.60328,0.0015470398883028194,60328.0,0.31172,0.0014647547289563534,31172.0,0.14685,0.001119308168021658,14685.0,100000
beat CV 5%,12 scenarios,repro_e1b,820,20260920,"1,820",100000,0.25,0.5,20.0,40.0,20/40,3,0.05,True,True,0.0,10.0,sinus,0.0,A2,Mean across views,AP,-3.2354708120419162,0.007911954561085737,2.5019797156788743,0.009077864551999765,4.090001378266117,0.010060855186729065,3.322100207195935,0.007544414096370585,-9.217496883372727,0.044977763234505495,-7.786323357150492,0.029044626346629868,-4.527204696162273,0.011181286473364398,-2.8741807980726093,0.009841867184771688,-1.5454601449068175,0.00908476291341152,0.10053950609308053,0.01580666287990217,0.6401529810625531,0.01572474833691756,2.8807297596746126,0.007647543865266547,6.39386033393197,0.015887422218771537,7.786323357150482,0.029044626346630614,1.9037459005579491,0.004683821445475065,0.85332,0.0011187715477254507,85332.0,0.67149,0.0014852312274524799,67149.0,0.47834,0.001579654533117922,47834.0,100000
beat CV 5%,12 scenarios,repro_e1b,820,20260920,"1,820",100000,0.25,0.5,20.0,40.0,20/40,3,0.05,True,True,0.0,10.0,sinus,0.0,A2,Mean across views,SL,-2.07065232533331,0.005634986413841216,1.781939165184241,0.007496388466631159,2.731826584495046,0.007187222314822795,2.1772383117935794,0.005217793639827644,-6.242745239595357,0.044220286964760894,-5.275846677901586,0.01952160681116654,-3.0000950146043643,0.007625198507187032,-1.8474214340572843,0.006258733650509036,-0.8856921200894377,0.0063945349326873235,0.3789934277527109,0.011309428431542451,0.7828969140599483,0.01613753785899428,1.859271144681391,0.006358470920501145,4.297034128527327,0.012223078031851962,5.276734417449349,0.019596739473776235,1.9315773729556507,0.004112288359974346,0.73974,0.0013875328190713183,73974.0,0.46327,0.0015768668526543387,46327.0,0.25039,0.001370017692951445,25039.0,100000
beat CV 5%,12 scenarios,repro_e1b,820,20260920,"1,820",100000,0.25,0.5,20.0,40.0,20/40,3,0.05,True,True,0.0,10.0,sinus,0.0,A3,Largest view mean,AP,-0.9717354181149879,0.006763926874676434,2.1389414850801813,0.008569730050553254,2.349317911375418,0.008007033302798252,1.7471971667177146,0.004966509212250292,-5.618419069429168,0.03508740780979141,-4.566299082095739,0.02082254898357278,-2.1291609451666704,0.007612982813855861,-0.8537614640615581,0.007187110888159717,0.306946559383926,0.009330002173640288,2.1748539767190316,0.014630552461437614,2.9555186285727775,0.022590739140538895,1.339782787157879,0.005565348447389144,3.7416694774349946,0.012518177254696053,4.765255117201463,0.023338297218416664,2.0283568665305176,0.00689421425662572,0.61144,0.0015413666870670328,61144.0,0.33005,0.001487000327841255,33005.0,0.16588,0.001176281537728107,16588.0,100000
beat CV 5%,12 scenarios,repro_e1b,820,20260920,"1,820",100000,0.25,0.5,20.0,40.0,20/40,3,0.05,True,True,0.0,10.0,sinus,0.0,A3,Largest view mean,SL,-0.5605858703763986,0.0049333157662633815,1.5600514238211143,0.005769759972764089,1.657707038480413,0.005440024316456297,1.2477965531515147,0.003451098806834823,-3.8762915879506,0.018630105768619974,-3.148297351265657,0.014987716768123965,-1.4506117171393957,0.006631435687293753,-0.48790774933021375,0.005545845954479066,0.41281826124585086,0.006991112486366281,1.7834534453661828,0.010895005675550611,2.297575633989323,0.01754247946321714,0.9824030086455819,0.003933464884305291,2.6390049550035295,0.008685484524261466,3.314621430931562,0.01312809323401632,1.9995218419112277,0.005279982701846847,0.49278,0.0015809739770154348,49278.0,0.19078,0.0012425095235047497,19078.0,0.06885,0.0008006851909458548,6885.0,100000
beat CV 5%,12 scenarios,repro_e1b,820,20260920,"1,820",100000,0.25,0.5,20.0,40.0,20/40,3,0.05,True,True,0.0,10.0,sinus,0.0,A4,Largest view mean after review,AP,-1.1458147582257978,0.006799558483077796,2.150209189004531,0.007272519710012527,2.4364410074229177,0.008264702341370639,1.7996747944790525,0.005193690779390599,-5.98972741980638,0.04188335167375186,-4.866390393227094,0.018822484070492536,-2.276365874058309,0.01042401690136144,-0.9604893588045487,0.007151107917982673,0.19192348297575923,0.007764265597387658,1.9189343033800201,0.013367505472514243,2.595921773458981,0.018040270998197275,1.364766870978294,0.007339388852225154,3.880293108050658,0.00952358361226756,4.9669957059528,0.020985964552908506,2.038627527126754,0.005839251833133361,0.617,0.0015372410351015223,61700.0,0.33944,0.0014973993669024975,33944.0,0.1759,0.0012039899916527546,17590.0,100000
beat CV 5%,12 scenarios,repro_e1b,820,20260920,"1,820",100000,0.25,0.5,20.0,40.0,20/40,3,0.05,True,True,0.0,10.0,sinus,0.0,A4,Largest view mean after review,SL,-0.6343875359399437,0.004955907271115483,1.5671954849314529,0.006257302160807428,1.6907172066104388,0.005748445234551556,1.264652468052199,0.0035485087004149835,-4.068997111088222,0.028424096150027976,-3.284134179386451,0.01789562317988888,-1.5034904662474242,0.006671030872378602,-0.5337438093993978,0.004641735746282753,0.36179245570545326,0.006852304512018752,1.6779984470544105,0.014179900153301795,2.138605330087224,0.011556817275540131,0.9885086106230765,0.0037119107430501294,2.6769210568729527,0.008853591286622437,3.3877198644741693,0.01949989837732028,2.003717624229952,0.007817656059195167,0.49532,0.0015810695670969068,49532.0,0.19479,0.0012523851480275548,19479.0,0.07251,0.0008200749959607353,7251.0,100000
two views,12 scenarios,repro_e1b,12,20260920,"1,12",100000,0.03,0.1,2.4,8.0,2.4/8,2,0.15,True,True,0.0,10.0,sinus,0.0,A1,Anchor-view mean,AP,0.010117992740803277,0.006053845037226827,1.9143938919343608,0.0061472947983096295,1.9144110577963545,0.0064408649618368586,1.442792921089723,0.003979113115265166,-3.5536473546653533,0.016818090427170192,-2.897252516367754,0.010693590893967089,-1.1797193387042004,0.006616317076692849,-0.0708616185122306,0.004604258463718105,1.0941224591552778,0.007170412846952625,3.190462128465468,0.02188822695855658,4.087730472995663,0.036378991649339124,1.140298623818004,0.0040613152312518495,3.0270088922308624,0.006669219062390869,3.806023332350283,0.01580649402894598,1.9880909676374994,0.005639496807130914,0.55311,0.0015721937790870437,55311.0,0.25022,0.0013697078213984178,25022.0,0.10235,0.0009585117500583914,10235.0,100000
two views,12 scenarios,repro_e1b,12,20260920,"1,12",100000,0.03,0.1,2.4,8.0,2.4/8,2,0.15,True,True,0.0,10.0,sinus,0.0,A1,Anchor-view mean,SL,0.003918916054019609,0.004517742501455257,1.428635618674517,0.004103547790203963,1.4286338505198768,0.004348397499907659,1.0993363688636542,0.0028852427134825943,-2.694256220810287,0.011533901682888505,-2.22395895293197,0.010251723339247195,-0.9115825011517513,0.0038923774996090944,-0.0341821036749832,0.005034502999914079,0.8698430170290183,0.00662934892220705,2.343753275517975,0.009918343582193193,2.9502082882005447,0.022455142721327297,0.8913543283217837,0.0033180478244271574,2.279253960884282,0.005510829246876964,2.8124414845932044,0.007966229290992385,1.9686230195159964,0.005402253223081464,0.45004,0.0015732259799532934,45004.0,0.14361,0.0011089912889648862,14361.0,0.03901,0.0006122762440271549,3901.0,100000
two views,12 scenarios,repro_e1b,12,20260920,"1,12",100000,0.03,0.1,2.4,8.0,2.4/8,2,0.15,True,True,0.0,10.0,sinus,0.0,A2,Mean across views,AP,-0.20502247902748946,0.005473723451249981,1.7309433387827577,0.006702047907718981,1.7430344509890094,0.006234921246737827,1.3241111460843213,0.0035845663883739337,-3.526798590730074,0.013458800217968272,-2.901011269771578,0.009094957088365146,-1.2667282158863908,0.008118020509732577,-0.2456619248281635,0.005629944233744406,0.7976017443959067,0.0064143471437039384,2.609172569407645,0.016877812076793144,3.3887900866203613,0.022456704114150038,1.0532347628520227,0.005198846124550704,2.7768066553757693,0.008681232797819047,3.471327913287859,0.012191370009703573,1.9915429160440314,0.006305538594755028,0.52147,0.0015796804711713062,52147.0,0.21697,0.0013034339994798356,21697.0,0.07999,0.0008578554650988709,7999.0,100000
two views,12 scenarios,repro_e1b,12,20260920,"1,12",100000,0.03,0.1,2.4,8.0,2.4/8,2,0.15,True,True,0.0,10.0,sinus,0.0,A2,Mean across views,SL,-0.12927778278250954,0.004099409618510081,1.2963471456493807,0.0037376924398950825,1.3027708401692288,0.0036534375429224768,1.0081588335880387,0.002609280430689675,-2.6140055502476938,0.011163201193765553,-2.182280720626764,0.010559157539557471,-0.9575422316341224,0.004465206753364543,-0.15149648150690753,0.004107721894717495,0.6684460780286616,0.005816465298085104,1.988521934625831,0.008976720863460389,2.513881838440521,0.02202305207062528,0.8175841790986897,0.0029569041172645624,2.1005505463960605,0.006952866201593412,2.573011148717917,0.00780118163862188,1.9750297361458327,0.005082920297620083,0.41177,0.001556327302015871,41177.0,0.11567,0.0010113874188460127,11567.0,0.02667,0.0005094969195196375,2667.0,100000
two views,12 scenarios,repro_e1b,12,20260920,"1,12",100000,0.03,0.1,2.4,8.0,2.4/8,2,0.15,True,True,0.0,10.0,sinus,0.0,A3,Largest view mean,AP,0.5680174017635293,0.006192767683113823,1.9583250898923539,0.009285632627575794,2.039029812444269,0.010455565895182772,1.4903392408120604,0.004400625965520279,-2.8327581737149603,0.018663751094573692,-2.2613125684031727,0.012537162669140772,-0.6490898851251274,0.006302144280331826,0.4187751188892448,0.00896029425183222,1.5940742002566741,0.008661597266162776,3.8755194347434334,0.02698464638808891,4.909462830253623,0.0307943385953537,1.135648704966047,0.003446719606369968,3.16655769432132,0.011856350932427076,4.063869799417177,0.019452436061603295,1.9930408935736204,0.009635062246645619,0.55078,0.0015729634185193246,55078.0,0.2576,0.0013829036119701182,25760.0,0.1138,0.0010042388162185326,11380.0,100000
two views,12 scenarios,repro_e1b,12,20260920,"1,12",100000,0.03,0.1,2.4,8.0,2.4/8,2,0.15,True,True,0.0,10.0,sinus,0.0,A3,Largest view mean,SL,0.4301007105998305,0.004523647042120609,1.430502798378477,0.004718785721188617,1.4937551385834866,0.005160342174826219,1.1257102589214139,0.003104980624590648,-2.1484099776788805,0.008739105906046821,-1.718316952803626,0.009100806127413784,-0.4885852559885946,0.005713763377453699,0.35561369673811716,0.003797779111962068,1.2480843784784688,0.005661438275555543,2.812029548418683,0.014409847256939327,3.510912350970153,0.020048571723073207,0.8931358176347977,0.0034879023192119405,2.344071734538445,0.005912664874172393,2.9478910529982025,0.01114846523070057,1.973476761253962,0.0055753822301137825,0.45078,0.0015734592196812729,45078.0,0.15005,0.0011293139399653224,15005.0,0.04718,0.000670477796798671,4718.0,100000
two views,12 scenarios,repro_e1b,12,20260920,"1,12",100000,0.03,0.1,2.4,8.0,2.4/8,2,0.15,True,True,0.0,10.0,sinus,0.0,A4,Largest view mean after review,AP,0.4677327120479544,0.005954500997773648,1.8829785482709933,0.007284652339826265,1.9401924252729006,0.006774255739725164,1.4453116682767775,0.004093210943752066,-2.942634566248103,0.028821121806252674,-2.347584066719132,0.011292492787553609,-0.7064058405885201,0.0063544066622521125,0.3617110670192929,0.006382984582402533,1.5077514087088162,0.006302566339249204,3.6339052533644702,0.012574083121872512,4.527709925483806,0.03178672139349622,1.1203777143580358,0.005174323070478482,3.058016406208001,0.010516070189744977,3.876460095099977,0.01947508656665466,1.997977130827489,0.006914497308719787,0.5458,0.0015744915369731271,54580.0,0.24919,0.0013678243450823647,24919.0,0.10511,0.0009698550814425833,10511.0,100000
two views,12 scenarios,repro_e1b,12,20260920,"1,12",100000,0.03,0.1,2.4,8.0,2.4/8,2,0.15,True,True,0.0,10.0,sinus,0.0,A4,Largest view mean after review,SL,0.3912275890346963,0.004423061959679645,1.3986950024635514,0.004634030398086783,1.4523729455141046,0.0045875566484208175,1.1065539930749038,0.0029747845007901457,-2.186604356676475,0.010581449864655585,-1.7490885390598068,0.00759032554700077,-0.5102532223107862,0.0072008735845632485,0.33420587874273977,0.0035821718746123247,1.216336638041971,0.006429626317099208,2.7146281031843564,0.011184588506614796,3.3490643714243604,0.02025342785904809,0.8872126239104716,0.0030629209849762787,2.3051283470139685,0.007759054264756968,2.874722166246983,0.013900444298374759,1.9793278132356023,0.006531182415851487,0.44756,0.0015724186668950482,44756.0,0.14536,0.0011145872348093712,14536.0,0.04284,0.0006403493921290158,4284.0,100000
two views,12 scenarios,repro_e1b,84,20260920,"1,84",100000,0.03,0.25,2.4,20.0,2.4/20,2,0.15,True,True,0.0,10.0,sinus,0.0,A1,Anchor-view mean,AP,0.005695726250675537,0.0060115055351231995,1.9010049657698653,0.005382678526737625,1.9010039934151663,0.006516882848047359,1.4370079829371516,0.003935530114676538,-3.5407151091600024,0.02192777734635071,-2.893162401205387,0.01414623218163825,-1.177790461380847,0.008722465185597595,-0.07007790548299209,0.007989044077052388,1.0952625861688692,0.007101643566614767,3.1489492842149467,0.01599310173634809,4.034904452115286,0.02840299552260606,1.1388032884919106,0.0034326339160127943,3.010176012206651,0.006622523093412926,3.776920059897587,0.009604640031349917,1.9868028015618868,0.005296208683523318,0.55188,0.001572604418154801,55188.0,0.24915,0.0013677509915916714,24915.0,0.10089,0.0009524243166782334,10089.0,100000
two views,12 scenarios,repro_e1b,84,20260920,"1,84",100000,0.03,0.25,2.4,20.0,2.4/20,2,0.15,True,True,0.0,10.0,sinus,0.0,A1,Anchor-view mean,SL,0.00794664811550784,0.004516741575375492,1.4283190980563654,0.003929740683925056,1.428334062512815,0.004471344014069302,1.0999499866236822,0.0028814172270363045,-2.682663917215995,0.012798219190543947,-2.2302613408092693,0.00993982004983096,-0.9097780428434926,0.005525455311854113,-0.02589367763359407,0.005556059445556545,0.8695807582426975,0.005732306795892428,2.3702717667832944,0.014469383049234964,2.9550412674920845,0.020454771779675567,0.8897463647555393,0.0027987398587928157,2.2927392680460073,0.006298994097282755,2.811097614298585,0.010826044995600094,1.9680953413329132,0.005248390855665658,0.45065,0.0015734184996370165,45065.0,0.14481,0.001112834506564206,14481.0,0.03884,0.0006109947168347693,3884.0,100000
two views,12 scenarios,repro_e1b,84,20260920,"1,84",100000,0.03,0.25,2.4,20.0,2.4/20,2,0.15,True,True,0.0,10.0,sinus,0.0,A2,Mean across views,AP,-0.8690467421585638,0.005967198786906802,1.8869939417619235,0.005377044515286006,2.077487128441775,0.006056590544525753,1.5892517350261193,0.004231134119894644,-4.816849850500946,0.02106180677010724,-3.9892921281987697,0.017611738719000767,-1.9619188879768101,0.007452543830475225,-0.819978179958166,0.007646913661552957,0.2800950498934287,0.005761596718666887,2.064824700827374,0.017887963791609205,2.7518065418148123,0.021022608562558595,1.267756245208147,0.004863294529393281,3.3337932657161535,0.012985036981596457,4.162743134216733,0.014659714359134664,2.003739554978138,0.005397640354775223,0.5939,0.0015530060849848592,59390.0,0.29661,0.0014444116722735247,29661.0,0.13331,0.0010748881053393418,13331.0,100000
two views,12 scenarios,repro_e1b,84,20260920,"1,84",100000,0.03,0.25,2.4,20.0,2.4/20,2,0.15,True,True,0.0,10.0,sinus,0.0,A2,Mean across views,SL,-0.5526142868091614,0.0043980610083813945,1.39078900748621,0.0031447449858276228,1.4965484524028756,0.004369465831468265,1.1525293475199512,0.0030188449561372745,-3.389245870761715,0.01642789332132822,-2.839414450232105,0.011509146246096325,-1.3913963797462872,0.006628897916226939,-0.5257518026032395,0.006344087111161763,0.32025666170343514,0.005204500759862785,1.6325778243383728,0.010188201131296572,2.116501430468788,0.011899016655858944,0.9295012658027506,0.004325451406714551,2.4119745302306073,0.009123536725755345,2.97155378020314,0.009501220512851124,1.985604793103744,0.004670551766301169,0.46883,0.0015780634686222224,46883.0,0.16386,0.0011705122827206898,16386.0,0.04817,0.0006771237043554153,4817.0,100000
two views,12 scenarios,repro_e1b,84,20260920,"1,84",100000,0.03,0.25,2.4,20.0,2.4/20,2,0.15,True,True,0.0,10.0,sinus,0.0,A3,Largest view mean,AP,0.31019077165275855,0.006101317597808324,1.9294060337141465,0.006660698726889816,1.9541721346070462,0.007303633679470429,1.4532613830488146,0.00413138857115284,-3.170818681528338,0.017870200824516503,-2.5727551719987707,0.015483805545032162,-0.8951597610297908,0.007747964161676901,0.20316308059691757,0.007005894527573975,1.3695124800128242,0.007215717103447413,3.5493284639954337,0.02681170111107201,4.488038060243608,0.036474188073907,1.1301865885161133,0.004241871507218645,3.057632464617081,0.009040983353663962,3.8985531261911888,0.015382831046128476,1.9949896210013902,0.00573724621086924,0.54774,0.0015739151578150583,54774.0,0.24993,0.0013691785679742436,24993.0,0.10539,0.0009709940674381075,10539.0,100000
two views,12 scenarios,repro_e1b,84,20260920,"1,84",100000,0.03,0.25,2.4,20.0,2.4/20,2,0.15,True,True,0.0,10.0,sinus,0.0,A3,Largest view mean,SL,0.2493146405543867,0.004516665259865586,1.4282949649731551,0.00419432484294419,1.4498840976772454,0.005169373754857646,1.1003098053137519,0.0029857848950304725,-2.388006059763284,0.01228730693334546,-1.9384693509824988,0.01037619432446594,-0.6651250989952667,0.005752738866957816,0.1957413358780622,0.005103692797026871,1.0808256100881548,0.005739021589761048,2.6167001263629364,0.013185631608304927,3.2362770717672884,0.015314983560100389,0.8754349115044646,0.0023166137167463293,2.2971960514263294,0.00749833660672346,2.8500527480707674,0.00812995363260317,1.9657107438012673,0.00450357608003918,0.4435,0.0015710116167616328,44350.0,0.14389,0.0011098903905341284,14389.0,0.04144,0.0006302596798145984,4144.0,100000
two views,12 scenarios,repro_e1b,84,20260920,"1,84",100000,0.03,0.25,2.4,20.0,2.4/20,2,0.15,True,True,0.0,10.0,sinus,0.0,A4,Largest view mean after review,AP,0.2572335110988597,0.005967132577354635,1.8869730044631527,0.006167243064651052,1.9044160764217857,0.006707487401902699,1.429213330431923,0.003980157898760222,-3.211717676645065,0.012478933634224443,-2.608201635789306,0.009904859938774395,-0.9206845735965214,0.007195627099451127,0.16923576749175862,0.007348905460657938,1.321529424579575,0.007546585617523874,3.403285652982555,0.017817951296714353,4.297024729938481,0.03358610025558697,1.1205829394055358,0.005082381474515648,3.0082654346495867,0.009157719240683844,3.793445406274923,0.014813334656635452,1.9919204911368116,0.006727576941671599,0.54461,0.0015748331590997187,54461.0,0.24532,0.0013606546130447653,24532.0,0.10081,0.0009520889869124629,10081.0,100000
two views,12 scenarios,repro_e1b,84,20260920,"1,84",100000,0.03,0.25,2.4,20.0,2.4/20,2,0.15,True,True,0.0,10.0,sinus,0.0,A4,Largest view mean after review,SL,0.2277092891814543,0.004443116335061834,1.4050367527895242,0.004072369708410197,1.4233622363214808,0.004609323915138462,1.0890700714356465,0.00289809391538229,-2.4024392818572013,0.00988248493805423,-1.9520007964166504,0.01462258153477365,-0.6749463585757606,0.004854315531878067,0.18479803204127832,0.005170413092531801,1.0623172500120546,0.006231370399227823,2.561936732618298,0.010975883863938577,3.146575205200789,0.02265015792472524,0.8724061007499375,0.00266538438750712,2.2771353500541074,0.0047151047161077975,2.812050040649815,0.01029207932947222,1.9756390670566342,0.005197245289005243,0.44161,0.0015703203746369719,44161.0,0.14122,0.0011012579697781987,14122.0,0.039,0.0006122009474020764,3900.0,100000
two views,12 scenarios,repro_e1b,156,20260920,"1,156",100000,0.03,0.5,2.4,40.0,2.4/40,2,0.15,True,True,0.0,10.0,sinus,0.0,A1,Anchor-view mean,AP,0.010754298381997412,0.006001094216168986,1.8977126176356856,0.006672671756257397,1.8977336011504837,0.006410355458286742,1.4333395227302745,0.003933123571636114,-3.4993952200737306,0.023277373085408396,-2.8640710910693645,0.009516393733317183,-1.1822683212261564,0.007898485674970077,-0.0730057840204339,0.00687925106420914,1.0917027052551014,0.008740447289594224,3.1463626226068495,0.022551019844506276,4.0281680742146815,0.013510603685850463,1.1372447855267298,0.00517200802913389,2.9903488289151205,0.011496409649190732,3.755560323740398,0.01987725765588219,1.9789712957939005,0.007016263720699148,0.55169,0.001572666982867002,55169.0,0.2483,0.0013661885301816876,24830.0,0.09912,0.0009449615103272725,9912.0,100000
two views,12 scenarios,repro_e1b,156,20260920,"1,156",100000,0.03,0.5,2.4,40.0,2.4/40,2,0.15,True,True,0.0,10.0,sinus,0.0,A1,Anchor-view mean,SL,0.006799806905061232,0.004517572297199368,1.4285817953629107,0.005488163903417178,1.4285908353887768,0.004682274622552852,1.0992285313819956,0.0028854405842435034,-2.681225797248469,0.01374022029986996,-2.2226855203509195,0.008808801318009587,-0.913106526366559,0.006121183423775393,-0.030823807384887658,0.0050346363829642865,0.8702141604954814,0.005541966684235188,2.3423376887493266,0.012097612267842771,2.95270389639888,0.02855522564481194,0.8915579953237605,0.002876077470485886,2.278051646884365,0.00949106093341023,2.8037964926465597,0.011949632756367902,1.9626308829592445,0.0059196564194580045,0.45107,0.0015735496658828407,45107.0,0.1438,0.0011096015501070643,14380.0,0.03908,0.000612803015658376,3908.0,100000
two views,12 scenarios,repro_e1b,156,20260920,"1,156",100000,0.03,0.5,2.4,40.0,2.4/40,2,0.15,True,True,0.0,10.0,sinus,0.0,A2,Mean across views,AP,-1.8789285803589755,0.007415104132049573,2.344861814460261,0.007608525473762299,3.004778620004205,0.008512959435256613,2.3049794988697547,0.0060957372179554605,-7.161984739915987,0.0282971200344165,-6.0022690081483,0.018636392141447067,-3.162732399980384,0.012418578980071225,-1.6564556796658896,0.00875076801352108,-0.36487750990265866,0.008135174981029586,1.4845677848999943,0.014950137705311105,2.1899178129440426,0.017950150887978873,1.8383552117537363,0.006543658699727103,4.859515576725575,0.012228448325926141,6.0358867469639055,0.023214695413887283,2.00876254469471,0.00478139105089576,0.71334,0.001429986169163884,71334.0,0.46456,0.001577162028454908,46456.0,0.28288,0.00142428545453501,28288.0,100000
two views,12 scenarios,repro_e1b,156,20260920,"1,156",100000,0.03,0.5,2.4,40.0,2.4/40,2,0.15,True,True,0.0,10.0,sinus,0.0,A2,Mean across views,SL,-1.195299049669269,0.005256140577846178,1.6621375928027489,0.005322066031586216,2.0472942066382642,0.005798496664853872,1.5705286465741246,0.00415315613423156,-4.8751527875370995,0.022034278084047072,-4.078738331895455,0.015005496517581093,-2.134311595128831,0.007093027937476228,-1.070929154177216,0.0055424630557028304,-0.11439911451275908,0.005953189207726787,1.2444587419627127,0.007907281511673277,1.7426166627198874,0.016956227584129725,1.2561684792114916,0.004382280179011692,3.3035728728527363,0.01329516014236907,4.103431939711865,0.01353477230787503,2.004319616793064,0.004518060516742401,0.58968,0.001555498304724245,58968.0,0.29421,0.0014410082439042463,29421.0,0.13052,0.0010652911789740867,13052.0,100000
two views,12 scenarios,repro_e1b,156,20260920,"1,156",100000,0.03,0.5,2.4,40.0,2.4/40,2,0.15,True,True,0.0,10.0,sinus,0.0,A3,Largest view mean,AP,0.17354466791327194,0.006058906475192118,1.9159944591549574,0.007119326898101218,1.923828425022863,0.006909206937563012,1.4396968406633024,0.004035350170630865,-3.328830165192007,0.018928379079962452,-2.6921094708751783,0.01608495315518702,-1.027200749919024,0.005725314927047037,0.06971844454449272,0.007501361888312552,1.242298055714247,0.009486012956101589,3.354028751951183,0.021482430224727105,4.272433295003511,0.03178741195376826,1.1304768118206185,0.004601438634907162,3.0097619325521507,0.01406391539289787,3.814059095450249,0.024227373709812393,1.9825359922129866,0.008260558179855517,0.54891,0.0015735558836596812,54891.0,0.24779,0.0013652476548231094,24779.0,0.10089,0.0009524243166782334,10089.0,100000
two views,12 scenarios,repro_e1b,156,20260920,"1,156",100000,0.03,0.5,2.4,40.0,2.4/40,2,0.15,True,True,0.0,10.0,sinus,0.0,A3,Largest view mean,SL,0.14319457777948633,0.004524648756986976,1.430819568432854,0.005731701950559251,1.4379599619146042,0.004865022281987683,1.0980009423235735,0.0029362074246211465,-2.5250005269681433,0.011434597119669723,-2.0717109141062084,0.011852892217773511,-0.7742730707590479,0.0072821798483379075,0.0989492992634815,0.004461574701822251,0.9922656596132398,0.006938331048544426,2.4939760627017904,0.015502094224986685,3.1183870627477983,0.01607736040053146,0.8835358847078858,0.00330334511304299,2.280210598150697,0.006647106706738995,2.8350743429224137,0.009076303669383882,1.9715947717679079,0.005465684283973965,0.44699,0.0015722275277452688,44699.0,0.14286,0.0011065758916585884,14286.0,0.0404,0.0006226382577387933,4040.0,100000
two views,12 scenarios,repro_e1b,156,20260920,"1,156",100000,0.03,0.5,2.4,40.0,2.4/40,2,0.15,True,True,0.0,10.0,sinus,0.0,A4,Largest view mean after review,AP,0.1454655917117492,0.00599081118195176,1.8944608366972975,0.006515157476071125,1.900027949882121,0.006651905699101708,1.4281237791870505,0.003963059913119693,-3.349545901321165,0.019117058561945798,-2.7107755139580476,0.01002211950139193,-1.0424231333285388,0.007097795223491917,0.05433701823592729,0.007648297255840924,1.2148003337034528,0.009404172371733945,3.281987701188751,0.016294113465123283,4.167587875168697,0.019911800592984936,1.1268106791621744,0.004466745876076754,2.984454165264114,0.009583009325524562,3.7638959910791425,0.0188540446856015,1.9809687490716423,0.006748433916939361,0.54757,0.0015739666295700172,54757.0,0.24569,0.0013613464801438319,24569.0,0.09858,0.0009426663439414817,9858.0,100000
two views,12 scenarios,repro_e1b,156,20260920,"1,156",100000,0.03,0.5,2.4,40.0,2.4/40,2,0.15,True,True,0.0,10.0,sinus,0.0,A4,Largest view mean after review,SL,0.1312824901215427,0.004489840213871331,1.4198121406050932,0.005782158390242382,1.4258616511278308,0.004752615319227858,1.092464268327764,0.00289760533320315,-2.533985261076248,0.012407592482742433,-2.0806834758531103,0.011885271956087523,-0.7802199868946461,0.006964711600470703,0.09235703000451556,0.005189540973004458,0.9839093796082838,0.005660254256147303,2.461856588882376,0.015381189539917238,3.0698535099222317,0.02095840436479973,0.8820167198251014,0.002665901274229637,2.269738827789901,0.009114673250509799,2.8100777130612333,0.01389606640046884,1.9707926858391294,0.00639360805855307,0.4462,0.0015719591597748335,44620.0,0.14157,0.001102397093156545,14157.0,0.03907,0.0006127277951913068,3907.0,100000
two views,12 scenarios,repro_e1b,228,20260920,"1,228",100000,0.06,0.1,4.8,8.0,4.8/8,2,0.15,True,True,0.0,10.0,sinus,0.0,A1,Anchor-view mean,AP,-0.254191820620844,0.006072541267592193,1.9203061590957367,0.006448173259972759,1.9370473279127987,0.006212873041952837,1.47486937988427,0.003971055819474494,-3.8986945274131246,0.023462002393552825,-3.2239312431914056,0.013959562608087814,-1.4380646289317127,0.006961452049788953,-0.30743097928334473,0.0053659906712290205,0.8529821885239572,0.008738059574973988,2.884938287951541,0.02004797450159297,3.7579967331442288,0.03372767049134261,1.1793552702472807,0.003481360670061991,3.0865813931309862,0.011240067601091728,3.843515753397573,0.015614724128590718,1.98421365240416,0.005011465815381834,0.56582,0.001567379110489865,56582.0,0.26268,0.001391686809594745,26268.0,0.10819,0.0009822673968935343,10819.0,100000
two views,12 scenarios,repro_e1b,228,20260920,"1,228",100000,0.06,0.1,4.8,8.0,4.8/8,2,0.15,True,True,0.0,10.0,sinus,0.0,A1,Anchor-view mean,SL,-0.16708404584968056,0.00452504045759898,1.4309434350423356,0.004200425938939799,1.4406580845839563,0.004129791752364912,1.1147079899893975,0.0028860529153713404,-2.915895877178645,0.010849841608691959,-2.4294527683464446,0.011322208109087706,-1.0817607765301764,0.006528534622492398,-0.1900940647782241,0.005202694621846375,0.7131047523707088,0.005644245292924175,2.1523827527171457,0.01338137821431254,2.720440408338016,0.01840376775495818,0.9087917980140245,0.0052645649686688094,2.3102405815137455,0.008124788051249393,2.839143352743425,0.00820607664798395,1.9707266999187623,0.004089874006210201,0.45855,0.0015756963460641772,45855.0,0.15054,0.0011308302631252844,15054.0,0.04042,0.0006227858668916628,4042.0,100000
two views,12 scenarios,repro_e1b,228,20260920,"1,228",100000,0.06,0.1,4.8,8.0,4.8/8,2,0.15,True,True,0.0,10.0,sinus,0.0,A2,Mean across views,AP,-0.34002939439895535,0.005474668291838938,1.7312421236114455,0.004912968294726936,1.764309867236785,0.005168071887453635,1.3517930529712143,0.003585328024246717,-3.6967651678801907,0.027519849291501863,-3.07548573054997,0.011161339101820645,-1.4071595994252584,0.0055853405635907655,-0.3698602269342448,0.0067581958074547695,0.6826624643602401,0.006244565997154762,2.4883610700942835,0.015618055677273451,3.230461041758102,0.03136103100959202,1.082861161697802,0.0047764698416524936,2.8403052849189967,0.011703362130754003,3.5136400930119365,0.013239037872355336,1.9915096311935871,0.00584736561496877,0.53185,0.0015779276837041677,53185.0,0.22725,0.001325169564621826,22725.0,0.08509,0.0008823247242370578,8509.0,100000
two views,12 scenarios,repro_e1b,228,20260920,"1,228",100000,0.06,0.1,4.8,8.0,4.8/8,2,0.15,True,True,0.0,10.0,sinus,0.0,A2,Mean across views,SL,-0.21798452821701902,0.004093436411753766,1.2944582518208747,0.0038062292022087254,1.3126776695089677,0.0036149171740988504,1.01773780442919,0.002621715657458174,-2.7348293724495734,0.013779828735498517,-2.2839051180135077,0.006358633829932451,-1.0376356468948496,0.006110641932391189,-0.23280383693295503,0.0037167898426063786,0.5815575309086214,0.006002367926867756,1.8859712794271517,0.012763360001934967,2.382342654123047,0.012993147621567237,0.8298979247791518,0.0034911641720066144,2.1240694570620815,0.008586850152609906,2.5964395822641984,0.009918791357684252,1.9779719291145148,0.0051644742130789924,0.41783,0.0015596412763837714,41783.0,0.11888,0.0010234624839240568,11888.0,0.02744,0.0005165950677271319,2744.0,100000
two views,12 scenarios,repro_e1b,228,20260920,"1,228",100000,0.06,0.1,4.8,8.0,4.8/8,2,0.15,True,True,0.0,10.0,sinus,0.0,A3,Largest view mean,AP,0.41767989490232454,0.006180217908758298,1.9543565027838905,0.006319537547192681,1.9984813332843256,0.007595975278886258,1.4736922795506229,0.004268696436206314,-3.0572235803626246,0.01756091281437416,-2.446367493197302,0.01577583977828911,-0.8068190696771058,0.00785629380162074,0.28096642281670814,0.0071175439826346495,1.467209903201176,0.01035480244349355,3.7123187109103384,0.02268922406135423,4.720367852448625,0.038346650585117756,1.1337285869805886,0.0045059401478989005,3.1244884206269736,0.014357747024502248,3.9733999274300715,0.02186285229678505,1.9882096776456468,0.008076255922699926,0.55048,0.0015730599785132161,55048.0,0.25386,0.0013762815860135598,25386.0,0.11069,0.0009921578699985199,11069.0,100000
two views,12 scenarios,repro_e1b,228,20260920,"1,228",100000,0.06,0.1,4.8,8.0,4.8/8,2,0.15,True,True,0.0,10.0,sinus,0.0,A3,Largest view mean,SL,0.3359394128488764,0.004521246022390525,1.4297435292730702,0.005033912055594158,1.468673349297885,0.00501956234204587,1.1074723167641263,0.0030504356733043274,-2.2794899707346135,0.011707081905067713,-1.848899607743835,0.012634536703069467,-0.5737105396886518,0.006114889530555891,0.2710163729012134,0.00486748300317458,1.1590294281767266,0.006341651520033881,2.707741293161431,0.014982889686477076,3.3892175664589304,0.014365607509807296,0.8742729206876638,0.004008002401061238,2.3110782810329615,0.006264983621505084,2.896579341587138,0.010174135074754242,1.9722420529873979,0.004960301569637631,0.44325,0.0015709215050409109,44325.0,0.14676,0.0011190241391498218,14676.0,0.04449,0.0006520018397213308,4449.0,100000
two views,12 scenarios,repro_e1b,228,20260920,"1,228",100000,0.06,0.1,4.8,8.0,4.8/8,2,0.15,True,True,0.0,10.0,sinus,0.0,A4,Largest view mean after review,AP,0.3010025182584481,0.005948543652489485,1.8810946702803915,0.005896572547166863,1.9050155614544557,0.006618528494167919,1.4274371267325052,0.003989390246445969,-3.1935111059856,0.026408907040779712,-2.5555317845743573,0.011574804623050045,-0.874182481384874,0.006780150783960725,0.2132542713021488,0.00623583400605594,1.3574252704593297,0.007331321122686917,3.4289283665831842,0.01572207673417011,4.301507374871435,0.014508806804139213,1.116995190330591,0.003583112171807536,3.0178054629123294,0.012913814065318444,3.7920674339168654,0.012719871195712718,1.9905703190275617,0.005503756305600528,0.54481,0.001574776377458082,54481.0,0.24494,0.0013599426326135968,24494.0,0.10163,0.0009555173630028918,10163.0,100000
two views,12 scenarios,repro_e1b,228,20260920,"1,228",100000,0.06,0.1,4.8,8.0,4.8/8,2,0.15,True,True,0.0,10.0,sinus,0.0,A4,Largest view mean after review,SL,0.28792712505438506,0.004417500258901924,1.3969362382513586,0.004603564474165301,1.4262935773442307,0.004470212219268148,1.088005127299842,0.0029164476978163554,-2.3217462494577537,0.013820471583302399,-1.8905624078974999,0.011276837635574282,-0.6011576523487394,0.006145627158338168,0.24211500231404126,0.005539281417605892,1.1186500205001195,0.0055858274815716,2.592593267281175,0.011162188667236315,3.1906685315835706,0.017585330329712552,0.8687736056691562,0.0032803582070554194,2.2731572001183187,0.0071086190584225585,2.819921081860201,0.01073171620449707,1.9770972306493277,0.0046931425547305314,0.44019,0.0015697858576888758,44019.0,0.14189,0.001103436576790891,14189.0,0.03989,0.0006188601449439123,3989.0,100000
two views,12 scenarios,repro_e1b,300,20260920,"1,300",100000,0.06,0.25,4.8,20.0,4.8/20,2,0.15,True,True,0.0,10.0,sinus,0.0,A1,Anchor-view mean,AP,-0.27269826127192004,0.00601747923356578,1.9028940150832208,0.006079886630175458,1.9223250932877987,0.005764894094802502,1.4671053587290375,0.003928041573332807,-3.91910105512353,0.0225990894502239,-3.2246923769855966,0.013097566397110754,-1.4542255898832992,0.007083088460927,-0.319083395836814,0.005993904626486536,0.8367105154624856,0.007636203966170932,2.8523374565339807,0.013002767781168528,3.717918081510968,0.018701439326725414,1.1741423560746704,0.004600867128716378,3.0715970450647276,0.008388127198385996,3.8364159305195136,0.01790391019107911,1.995716512214903,0.00598654749461331,0.56394,0.0015681571235051672,56394.0,0.26034,0.0013876710143258019,26034.0,0.10736,0.0009789475491567463,10736.0,100000
two views,12 scenarios,repro_e1b,300,20260920,"1,300",100000,0.06,0.25,4.8,20.0,4.8/20,2,0.15,True,True,0.0,10.0,sinus,0.0,A1,Anchor-view mean,SL,-0.16999629506560512,0.00452702433672771,1.4315707927072614,0.003203134791678259,1.4416217190786156,0.004068771224020482,1.116046779185333,0.002885690722860257,-2.924143212513734,0.012498641157532934,-2.436450127466956,0.010421597626414128,-1.085679678004133,0.0068231918300634695,-0.19452926260984027,0.005986858047355253,0.7139325979584668,0.006085367231323762,2.161463337936422,0.01130659424851369,2.741871354060584,0.0124298095762204,0.9120195992632532,0.0033044331699204005,2.31174258546289,0.007447913798660179,2.842801840348345,0.012799364933246975,1.9719471500230075,0.0070079766120172545,0.45979,0.0015760176264877242,45979.0,0.15044,0.0011305211470821763,15044.0,0.04103,0.0006272681970258017,4103.0,100000
two views,12 scenarios,repro_e1b,300,20260920,"1,300",100000,0.06,0.25,4.8,20.0,4.8/20,2,0.15,True,True,0.0,10.0,sinus,0.0,A2,Mean across views,AP,-1.0059258556433572,0.006023631894688636,1.9048396573651605,0.006090101657695973,2.1541273553765663,0.006208985606028749,1.650480384028023,0.004377440264702215,-4.997144411732889,0.0339310706879684,-4.150139814173597,0.02496011135783393,-2.10577122024846,0.009376353644472963,-0.9395189618601125,0.0063968179697171165,0.16163424865219866,0.00531282267610914,1.9141485911960243,0.010321936014435689,2.6423531681969727,0.027497384883790457,1.3209957805208834,0.004186244445732579,3.4662607112394523,0.015004806223460069,4.300599742092399,0.023596248600918305,1.9964463713616434,0.007645240351299113,0.60752,0.001544148469545594,60752.0,0.31505,0.0014689911419065807,31505.0,0.1474,0.0011210407664309092,14740.0,100000
two views,12 scenarios,repro_e1b,300,20260920,"1,300",100000,0.06,0.25,4.8,20.0,4.8/20,2,0.15,True,True,0.0,10.0,sinus,0.0,A2,Mean across views,SL,-0.6490414806482769,0.0044140734137065925,1.3958525746507535,0.002984011947215088,1.5393634300311096,0.004273286108738317,1.1897538792594098,0.0030889076027853387,-3.5454165872083463,0.018385064782816558,-2.9627494536412136,0.009942970326529164,-1.492644674953608,0.006968479162378187,-0.6144896614136592,0.005490234297392332,0.23912695772378645,0.005706458315306595,1.5363086484268116,0.007570445124706764,2.0101539319382273,0.00965870400753753,0.9664692408254145,0.0037686419650233777,2.482322666581949,0.008023411780681479,3.061627635001538,0.011689200328651136,1.9888920155389584,0.00586437665073361,0.48519,0.001580445076236438,48519.0,0.17503,0.0012016426219970727,17503.0,0.05381,0.0007135438591985779,5381.0,100000
two views,12 scenarios,repro_e1b,300,20260920,"1,300",100000,0.06,0.25,4.8,20.0,4.8/20,2,0.15,True,True,0.0,10.0,sinus,0.0,A3,Largest view mean,AP,0.10381205655564048,0.006128089001456453,1.9378718948829292,0.008001258085507305,1.940640840183638,0.006780274403122574,1.4525826830253765,0.004069529433034317,-3.4575991888954674,0.02168688102522109,-2.8191745672744712,0.01156600998653446,-1.1012543984803453,0.006762563540291951,0.01658173138834007,0.00633534128761637,1.1806880477575645,0.006513226068550685,3.319257875890365,0.01733833679932126,4.2738741733754715,0.03602053948986753,1.1408429613647826,0.004935913097144269,3.050320463101907,0.011850284423630404,3.8682192359184917,0.01414001730852744,1.9932690046616004,0.006057409214875984,0.55164,0.0015726834086999201,55164.0,0.25055,0.001370309080098355,25055.0,0.10474,0.0009683466961785948,10474.0,100000
two views,12 scenarios,repro_e1b,300,20260920,"1,300",100000,0.06,0.25,4.8,20.0,4.8/20,2,0.15,True,True,0.0,10.0,sinus,0.0,A3,Largest view mean,SL,0.11652010820791109,0.004515304878282307,1.4278647745441442,0.003493304943061263,1.4326040492832062,0.004568486261925288,1.0933132033638127,0.0029275060574911094,-2.5615800764596877,0.010623667989797027,-2.093248179713236,0.008701332117058092,-0.7956848197767071,0.005842566177636486,0.06940919545084157,0.005444665335390102,0.9627169021592965,0.007598845967970484,2.4585718654086866,0.012223063289021138,3.087608395690762,0.0213491955906797,0.8788175546792796,0.003569396379438567,2.27797652516057,0.00785114638767645,2.8251367458293952,0.010395576976127256,1.972029010558035,0.005763435455376155,0.44416,0.0015712475756544542,44416.0,0.14227,0.0011046684891857829,14227.0,0.04046,0.00062308096103155,4046.0,100000
two views,12 scenarios,repro_e1b,300,20260920,"1,300",100000,0.06,0.25,4.8,20.0,4.8/20,2,0.15,True,True,0.0,10.0,sinus,0.0,A4,Largest view mean after review,AP,0.03644658304180527,0.0059696607431757465,1.887772480692883,0.0068863506762624664,1.8881148416945923,0.0060884313804399764,1.4277877377337107,0.003906936262028859,-3.5310215611792546,0.023225159330009664,-2.8664034477796347,0.016239507895383618,-1.1414361726086144,0.006302770063721143,-0.024099902184580024,0.006653560289037835,1.1220650143569304,0.007046959124470468,3.1567389854168257,0.01604602866972671,4.027744127763334,0.02643055153517255,1.131860978665499,0.0038583679461984275,2.9998554184274795,0.011974430944207626,3.7789332617633753,0.01345916482011092,2.00143189297308,0.0058882863322115755,0.54879,0.0015735931364237708,54879.0,0.24605,0.0013620183460585251,24605.0,0.09997,0.000948556793766193,9997.0,100000
two views,12 scenarios,repro_e1b,300,20260920,"1,300",100000,0.06,0.25,4.8,20.0,4.8/20,2,0.15,True,True,0.0,10.0,sinus,0.0,A4,Largest view mean after review,SL,0.09223024425455606,0.004446817361899632,1.4062071202384094,0.003173278122743456,1.4092214548394464,0.004152007308323269,1.083257662737796,0.0028503790441980668,-2.581118939046191,0.011122706409149554,-2.1145843732867102,0.010382197440793047,-0.8086289898123207,0.006195335979141886,0.05524101231106693,0.004684280542857984,0.9423681202575107,0.006664567972222603,2.399147657304234,0.01078192256148126,2.9978392638573688,0.015243341661469498,0.8756086134802548,0.0040344851928237405,2.2586629863711174,0.004829365936027367,2.7923431569293897,0.0088489261597159,1.981479310679047,0.004974210630597557,0.44249,0.0015706450900824156,44249.0,0.13983,0.0010967113161630092,13983.0,0.0384,0.0006076630645349444,3840.0,100000
two views,12 scenarios,repro_e1b,372,20260920,"1,372",100000,0.06,0.5,4.8,40.0,4.8/40,2,0.15,True,True,0.0,10.0,sinus,0.0,A1,Anchor-view mean,AP,-0.2505510995946991,0.006083830409394474,1.9238760991881194,0.005537030713959161,1.9401129053596229,0.006280032025819558,1.4738498012702,0.003989762858925852,-3.901277011638562,0.019933718437031102,-3.2215572067280953,0.016369987890139694,-1.4359358007783403,0.008770693386828579,-0.3047765784791796,0.007346883000415773,0.8522326104301914,0.008484957561814999,2.888151080991235,0.012698581069142,3.762829359329971,0.0324088018208763,1.175050903756555,0.006272419036754651,3.081552231411021,0.009282016625970465,3.8386629135611217,0.015083263960791326,1.9785770729923473,0.005691309168489277,0.56384,0.0015681978650667779,56384.0,0.26307,0.0013923511593703652,26307.0,0.10801,0.000981548979419774,10801.0,100000
two views,12 scenarios,repro_e1b,372,20260920,"1,372",100000,0.06,0.5,4.8,40.0,4.8/40,2,0.15,True,True,0.0,10.0,sinus,0.0,A1,Anchor-view mean,SL,-0.16289741931934562,0.004556730309126747,1.4409646459963665,0.004151508914322094,1.4501358268938902,0.00428970863888053,1.1171875062031138,0.002923686953779932,-2.930444756555373,0.010966484903002545,-2.438719674362598,0.008095271724836648,-1.0793322151382554,0.006069767284293578,-0.1898108931514355,0.005880485154521723,0.7134193138746048,0.006060107729980191,2.1729834561028296,0.01304526652847789,2.7700483171734125,0.02473078793224652,0.9078429324165573,0.004101356464890423,2.3263382994715456,0.006526650121871923,2.8634609428972833,0.012062009524624696,1.9746156806777586,0.005427698877489878,0.45841,0.0015756594552757902,45841.0,0.15043,0.0011304902259639399,15043.0,0.04153,0.0006309140916162834,4153.0,100000
two views,12 scenarios,repro_e1b,372,20260920,"1,372",100000,0.06,0.5,4.8,40.0,4.8/40,2,0.15,True,True,0.0,10.0,sinus,0.0,A2,Mean across views,AP,-2.0101637459289763,0.00751582653439041,2.376713034740353,0.00846100253308434,3.112790813290128,0.008895448887965611,2.3977453536691127,0.006277199430872252,-7.357391440257752,0.03527630850772459,-6.174316176057876,0.03562255840017137,-3.3095422702511037,0.011719940291509008,-1.7851676948105233,0.009498239261693953,-0.4709753142116986,0.009177927610674538,1.3813978326327323,0.014582992098205716,2.077905368197532,0.014519159767721019,1.9369581028873846,0.006607434939343912,5.022144947883697,0.020546860132127573,6.205037447220839,0.031075063157516642,1.9934000771038956,0.006957490739886474,0.72655,0.0014095215411621066,72655.0,0.48611,0.001580528607460175,48611.0,0.30209,0.0014520042420736931,30209.0,100000
two views,12 scenarios,repro_e1b,372,20260920,"1,372",100000,0.06,0.5,4.8,40.0,4.8/40,2,0.15,True,True,0.0,10.0,sinus,0.0,A2,Mean across views,SL,-1.2832994753810618,0.00532108651457783,1.68267530128727,0.00443238971858146,2.1161817972740002,0.006003823989762711,1.6279280011266621,0.0042756217129238635,-5.030438064395749,0.01775385022012884,-4.2051021158153254,0.017623351615759786,-2.233596815735804,0.007274313828242908,-1.1556626690037817,0.005414620801042474,-0.18279054661450234,0.005862550461585562,1.1825970106669659,0.005438400889287976,1.6664799180992387,0.012948575426326136,1.3096661168095691,0.004430243962843039,3.4067345971151077,0.010497809030001113,4.223842983703636,0.014205863689919768,1.9959735922238153,0.005205503324780549,0.60583,0.0015453155376815443,60583.0,0.31092,0.0014637238592029576,31092.0,0.14184,0.0011032742832133811,14184.0,100000
two views,12 scenarios,repro_e1b,372,20260920,"1,372",100000,0.06,0.5,4.8,40.0,4.8/40,2,0.15,True,True,0.0,10.0,sinus,0.0,A3,Largest view mean,AP,-0.04457201286826267,0.006152009964374091,1.9454363675473456,0.005777755584058374,1.9459371719766128,0.0069729762584387475,1.461930978849244,0.004061336953293923,-3.6505923979892856,0.030724724490763956,-2.988530793944345,0.021845360070722304,-1.2457757852139062,0.00876429901919576,-0.12114499717359273,0.007677601422340495,1.0435728854871549,0.008102411484108785,3.164120378215885,0.016727045342415477,4.067296166069538,0.025663080696667315,1.1526254980368678,0.004937410860107024,3.0665274752515885,0.009447503409043488,3.8412540836531193,0.012554184664911457,1.9739866933891355,0.005732537001473068,0.55605,0.0015711728023995323,55605.0,0.25669,0.0013813046148478617,25669.0,0.10602,0.0009735489694925469,10602.0,100000
two views,12 scenarios,repro_e1b,372,20260920,"1,372",100000,0.06,0.5,4.8,40.0,4.8/40,2,0.15,True,True,0.0,10.0,sinus,0.0,A3,Largest view mean,SL,-0.0015551981205184989,0.0045632851246277285,1.4430374606588945,0.004398109753324458,1.4430310834957563,0.0045539944863171875,1.1029623638315222,0.0029424843077236924,-2.736282989697834,0.017829453173201008,-2.2470590630383027,0.010848832208197514,-0.9165608423619396,0.007923320325392072,-0.03957231207263123,0.005416780261324021,0.8596481386313972,0.005491046206347866,2.352396454025443,0.010505406935442715,2.9679611358105715,0.014610123136844164,0.8896122731910814,0.0032737825172347973,2.297626215274427,0.009042225504730798,2.8441236473574087,0.012915476683167554,1.9709372028684875,0.006498135282993349,0.44888,0.001572853284956992,44888.0,0.14455,0.0011120040355142601,14455.0,0.04071,0.000624921562278019,4071.0,100000
two views,12 scenarios,repro_e1b,372,20260920,"1,372",100000,0.06,0.5,4.8,40.0,4.8/40,2,0.15,True,True,0.0,10.0,sinus,0.0,A4,Largest view mean after review,AP,-0.08222134401397238,0.006062198651189107,1.9170355366158196,0.005653838733697882,1.918788380152142,0.00639385220923747,1.449997871154049,0.003974004043988566,-3.6881599732345305,0.02323336703748421,-3.019790773903937,0.015604025278706041,-1.2668611589664112,0.007750545363901081,-0.1431451669767787,0.005546635416339592,1.0086929087180607,0.009769180871381416,3.073251063667793,0.017225844008174507,3.9313318760272105,0.024991315322255004,1.148599258540242,0.004556157101275247,3.0419273075276845,0.012505547416633027,3.8003074555703265,0.016294705508751273,1.980576646638332,0.006514926897265567,0.55479,0.0015716171795319622,55479.0,0.25457,0.0013775489650099558,25457.0,0.10384,0.0009646618806607837,10384.0,100000
two views,12 scenarios,repro_e1b,372,20260920,"1,372",100000,0.06,0.5,4.8,40.0,4.8/40,2,0.15,True,True,0.0,10.0,sinus,0.0,A4,Largest view mean after review,SL,-0.01564556349018321,0.004524972716315786,1.430922013367684,0.003875140919514389,1.4310003901533601,0.004351308088156818,1.0977556159438917,0.0029029349825895664,-2.7491468804801933,0.01643338212789113,-2.257816145526851,0.012599074982005892,-0.9236870242722894,0.008115605426415314,-0.046668794406707015,0.0053443124775336024,0.8488084685200703,0.005867572683315148,2.318493492559252,0.00954208643017043,2.91872918227513,0.013907267450858888,0.8879921190163693,0.0034008986142724826,2.28803762510742,0.007372263826799906,2.823292620260007,0.009574346479997697,1.9729502798789837,0.0048067583238573025,0.44799,0.0015725614770176713,44799.0,0.14349,0.0011086055200115145,14349.0,0.03955,0.0006163261920444401,3955.0,100000
two views,12 scenarios,repro_e1b,444,20260920,"1,444",100000,0.125,0.1,10.0,8.0,10/8,2,0.15,True,True,0.0,10.0,sinus,0.0,A1,Anchor-view mean,AP,-0.8363037788078922,0.006436081711560683,2.0352677415486617,0.007198805574031972,2.2003811867695,0.0066540953376009815,1.6824213337446636,0.004484591324088879,-4.936345710958102,0.026024253469901094,-4.10738375987064,0.017851129345113875,-2.0410818871805905,0.008017989558233386,-0.8090034716404788,0.00598893668746817,0.3810416914726755,0.00729720682494979,2.3472142664351927,0.012625753722514056,3.154099938923358,0.03150802975431427,1.346776940071528,0.0047455997239779545,3.527581530366468,0.009812108308309045,4.374525757582905,0.01980012263951804,1.988076331449364,0.006333608001629969,0.61374,0.0015396857224771554,61374.0,0.32411,0.0014800767138901957,32411.0,0.1535,0.0011399024081034305,15350.0,100000
two views,12 scenarios,repro_e1b,444,20260920,"1,444",100000,0.125,0.1,10.0,8.0,10/8,2,0.15,True,True,0.0,10.0,sinus,0.0,A1,Anchor-view mean,SL,-0.5404943256789227,0.00477144831561142,1.5088644415106038,0.005116830020049051,1.6027424160566761,0.004536606912562885,1.236579175690509,0.003224384578693559,-3.585234527893254,0.017948561033291986,-2.9986247275033535,0.014665266639363747,-1.4635876181770007,0.005400574972041929,-0.5191832505905856,0.005463155087821326,0.4020797355816744,0.006712456274685403,1.8350207910461747,0.010641310915654512,2.3821346861686212,0.018561842079053748,1.0017801477476862,0.004298343949394729,2.585421943007305,0.007398861003049592,3.186756266856315,0.012331099949590254,1.98831467547785,0.005334651126037482,0.50064,0.0015811375348147296,50064.0,0.19188,0.0012452391962992492,19188.0,0.06177,0.0007612783137591665,6177.0,100000
two views,12 scenarios,repro_e1b,444,20260920,"1,444",100000,0.125,0.1,10.0,8.0,10/8,2,0.15,True,True,0.0,10.0,sinus,0.0,A2,Mean across views,AP,-0.6320626724843021,0.005576754740438853,1.7635246931927895,0.006639493126776261,1.873363676720376,0.0054638871185072385,1.4380676970537194,0.0037966658776058815,-4.157435294457947,0.026637336275719348,-3.463890876168916,0.014294982875110659,-1.6993927516087788,0.006781295026565653,-0.6249565130231742,0.006418558429255037,0.42415016810096295,0.008467120826557397,2.188498988009798,0.01736911918950274,2.908679480320625,0.025789603459395988,1.157238361733337,0.004164498232240144,3.0126906930757102,0.013335001044440322,3.7218522945976473,0.019635244929736752,1.986721713913738,0.007175587892749677,0.5577,0.0015705754041114995,55770.0,0.25412,0.001376746256940617,25412.0,0.10133,0.0009542653252633673,10133.0,100000
two views,12 scenarios,repro_e1b,444,20260920,"1,444",100000,0.125,0.1,10.0,8.0,10/8,2,0.15,True,True,0.0,10.0,sinus,0.0,A2,Mean across views,SL,-0.40838875589258233,0.004152345567063022,1.3130869624022599,0.004292866054374107,1.3751223599362263,0.003731578110536289,1.0661666731909272,0.00274637519714676,-3.0266946199411966,0.018176577443909214,-2.5328683105105663,0.010204129299947897,-1.2304712384803753,0.006331793819732411,-0.3988926405787525,0.00425191467081701,0.4132185041280192,0.0058291209381685985,1.691013137370515,0.013236449050586562,2.1804159902312343,0.01418507654197402,0.8668798188663136,0.0025954711577104114,2.226522448088027,0.008294415106179037,2.722904123485513,0.014666937169805801,1.9801176992073581,0.00740794000434718,0.43744,0.0015687136335227024,43744.0,0.13589,0.0010836231259067886,13589.0,0.03375,0.000571059869891065,3375.0,100000
two views,12 scenarios,repro_e1b,444,20260920,"1,444",100000,0.125,0.1,10.0,8.0,10/8,2,0.15,True,True,0.0,10.0,sinus,0.0,A3,Largest view mean,AP,0.17493735160566445,0.006272423845243535,1.9835145800921077,0.008673421498212106,1.9912041138778012,0.007499409323786496,1.4736470832910866,0.004234708998020821,-3.4465785358837624,0.013931986568783049,-2.78220637621031,0.011035676295793415,-1.0399985582467064,0.0073915520519173125,0.0626878408252658,0.006204808857624165,1.245528786755706,0.009385743069658989,3.4606500182883018,0.02081201821610496,4.499324086285408,0.041251441643670395,1.1384481218642273,0.005677251692488233,3.104976447858415,0.012003716272904487,3.9353736201905467,0.01909853203596651,1.9763788115757468,0.007106551303852438,0.55212,0.0015725250573520283,55212.0,0.25471,0.0013777983012763515,25471.0,0.10925,0.0009864808031583786,10925.0,100000
two views,12 scenarios,repro_e1b,444,20260920,"1,444",100000,0.125,0.1,10.0,8.0,10/8,2,0.15,True,True,0.0,10.0,sinus,0.0,A3,Largest view mean,SL,0.17718582448384418,0.0045637299900606445,1.4431781394609238,0.0052611172305468,1.454007266482699,0.004806541133715965,1.1034624326428442,0.0029941889651422912,-2.4999822425455664,0.014190589372936,-2.0438118515989894,0.011843758853841197,-0.7380491408244297,0.00498864891687943,0.12974728362165422,0.004758042348879711,1.020770386186045,0.005284335257102368,2.5471817791025915,0.012250523855450567,3.1891188131633808,0.019618243736789876,0.8797578643912543,0.004469254378869863,2.2919812246631253,0.007806867297625701,2.867494342507472,0.01675268259292846,1.9721320578019212,0.008082335707263431,0.44547,0.0015717076035319036,44547.0,0.14394,0.0011100507934324448,14394.0,0.04245,0.0006375578209072492,4245.0,100000
two views,12 scenarios,repro_e1b,444,20260920,"1,444",100000,0.125,0.1,10.0,8.0,10/8,2,0.15,True,True,0.0,10.0,sinus,0.0,A4,Largest view mean after review,AP,-0.011200782447538868,0.006100184693792633,1.9290477780081532,0.007383985692156806,1.9290706506274808,0.006617061832406418,1.4475227340232197,0.004032378664852759,-3.7593292996316796,0.013949002978110655,-3.0164710225800553,0.013203157102893132,-1.1677151594819288,0.007425642021824709,-0.049368392610730005,0.005976746401424415,1.0927301328778332,0.007628627457908513,3.094116502860512,0.01944662188231889,3.937046366755349,0.02995660730633374,1.1315629770632274,0.004913938568477538,3.0523447507646146,0.011079994498144227,3.846361339817485,0.012872530479268696,1.9938934525629506,0.0057321237601648,0.54992,0.0015732386773786105,54992.0,0.2508,0.0013707638746334105,25080.0,0.10474,0.0009683466961785948,10474.0,100000
two views,12 scenarios,repro_e1b,444,20260920,"1,444",100000,0.125,0.1,10.0,8.0,10/8,2,0.15,True,True,0.0,10.0,sinus,0.0,A4,Largest view mean after review,SL,0.10098197308642796,0.004490431335135356,1.4199990695618605,0.0051348021714228125,1.4235780809184306,0.004344932066466757,1.090499850132671,0.002893774357585705,-2.649887521427067,0.012350419893859422,-2.137819167091458,0.009763523812689127,-0.7865504440444064,0.004925630216918623,0.0846902925046722,0.0034279560769099266,0.9650446900469527,0.004823510965941842,2.398449534724552,0.008805724479449693,2.975940355959354,0.02179382873841862,0.876761863396943,0.0033914606769082137,2.2670708348045725,0.008362716946208134,2.8223518780979453,0.010203454136953404,1.9825760988656742,0.004693483273827986,0.44356,0.0015710331836087997,44356.0,0.14086,0.001100083907708862,14086.0,0.03958,0.0006165502704565135,3958.0,100000
two views,12 scenarios,repro_e1b,516,20260920,"1,516",100000,0.125,0.25,10.0,20.0,10/20,2,0.15,True,True,0.0,10.0,sinus,0.0,A1,Anchor-view mean,AP,-0.8289593648258617,0.006472574721244634,2.0468078444762483,0.00618386993786735,2.208292119833443,0.006405036148170667,1.6910519486261701,0.004491010535215588,-4.976565989550008,0.017602855300157334,-4.143883320682429,0.012395086110068235,-2.0432834825280413,0.006984720786365999,-0.8086568421539382,0.008778629102695622,0.3895810120238157,0.008974226080102907,2.3908986203603484,0.01765630712798888,3.2397312062870403,0.030312575329006546,1.3522684803777096,0.005728749987969423,3.554590434366096,0.008668302522535826,4.404491685603129,0.011592494615871031,1.99452402426511,0.0037877699640864898,0.61467,0.0015389957475574778,61467.0,0.32691,0.0014833740320633901,32691.0,0.15505,0.0011445938034953709,15505.0,100000
two views,12 scenarios,repro_e1b,516,20260920,"1,516",100000,0.125,0.25,10.0,20.0,10/20,2,0.15,True,True,0.0,10.0,sinus,0.0,A1,Anchor-view mean,SL,-0.5331366938988278,0.0047625284324098694,1.5060437267726463,0.003918576067051476,1.5976169001533327,0.0044138895290969735,1.2364024604724475,0.003199529578520482,-3.569976853271515,0.012895442656863744,-2.9878603036481644,0.00959348666123917,-1.4574533427041914,0.006010685897474022,-0.5214226838055356,0.00624121705084316,0.40734184103873594,0.006766526061034106,1.864501726054285,0.013997832102770698,2.4310042728506174,0.02002545809114669,1.002738063672472,0.005220970555137971,2.5797528578197815,0.006916576326434319,3.1749388388106397,0.013511481370548712,1.9872967283370138,0.005753775929304173,0.50103,0.0015811354752202607,50103.0,0.19059,0.0012420364402866769,19059.0,0.06149,0.0007596642672918083,6149.0,100000
two views,12 scenarios,repro_e1b,516,20260920,"1,516",100000,0.125,0.25,10.0,20.0,10/20,2,0.15,True,True,0.0,10.0,sinus,0.0,A2,Mean across views,AP,-1.288550878547208,0.006224421454325515,1.9683348912486351,0.0064209167287406325,2.35258727091879,0.006792128937610979,1.8105335881369096,0.004750428991252061,-5.526494939348495,0.0388135814621487,-4.599263747733258,0.020438284451546055,-2.400193848008692,0.006350413390393552,-1.193414767324417,0.0075722839438898785,-0.07825516316002168,0.005110980059647973,1.687882033161761,0.013433291902045692,2.377398833830339,0.017722042158556096,1.4636867874301753,0.00503332981737142,3.7647439257587174,0.011943366541413236,4.67511257905126,0.016480823474941127,1.9872217438401,0.0045551016925503875,0.64397,0.0015141751520217203,64397.0,0.35911,0.001517069569597914,35911.0,0.17915,0.0012126635044397106,17915.0,100000
two views,12 scenarios,repro_e1b,516,20260920,"1,516",100000,0.125,0.25,10.0,20.0,10/20,2,0.15,True,True,0.0,10.0,sinus,0.0,A2,Mean across views,SL,-0.8227300369461032,0.0045279959043588456,1.4318780293687896,0.003710657984119502,1.651405129559514,0.004599191126780725,1.2750877219027825,0.0033185858681076966,-3.8513752023556767,0.02646526029043305,-3.2360363681215603,0.009702101806577287,-1.6750151947376208,0.005132403678498423,-0.7595130240713264,0.005092499967398852,0.09468084114883302,0.0057656333706898035,1.3827026866014025,0.011336695661447925,1.8499653241090757,0.022161973804279023,1.0359665526133115,0.0030877096452171593,2.6608763994993025,0.01068737239278616,3.281363918611115,0.010928783065659723,1.9870132772848819,0.005013981664184634,0.51438,0.0015804847851213248,51438.0,0.20229,0.001270310024757736,20229.0,0.06873,0.0008000386684404698,6873.0,100000
two views,12 scenarios,repro_e1b,516,20260920,"1,516",100000,0.125,0.25,10.0,20.0,10/20,2,0.15,True,True,0.0,10.0,sinus,0.0,A3,Largest view mean,AP,-0.24885689625383145,0.006432187113215427,2.0340361614144085,0.0070462753811805804,2.0491928869004723,0.007072233946717432,1.5392560621038065,0.004277733701395863,-4.146192816724789,0.01846874854797374,-3.391237635802879,0.015092013229648295,-1.468682435152666,0.008921049979281918,-0.29604949991795415,0.005269348167836706,0.8899024299677274,0.008125039613477592,3.0488558888524504,0.02169295494013678,3.9862264497074538,0.0253660470825456,1.2042250208181149,0.004539339418649237,3.244596129552238,0.01657723543874399,4.0818817545322865,0.014647690397873638,1.9919460879577708,0.00622309710605074,0.57308,0.0015641589228719696,57308.0,0.27861,0.0014176969630354719,27861.0,0.12327,0.0010395888951888626,12327.0,100000
two views,12 scenarios,repro_e1b,516,20260920,"1,516",100000,0.125,0.25,10.0,20.0,10/20,2,0.15,True,True,0.0,10.0,sinus,0.0,A3,Largest view mean,SL,-0.10696677482682596,0.004669997424193158,1.4767828527569902,0.0038327123410276187,1.480644344951881,0.004559054482415544,1.1328575052284056,0.00301488082449712,-2.987247309695097,0.011922844013581456,-2.445031929957617,0.00801728955425834,-1.0264971204411375,0.004507266346019076,-0.12794486261935223,0.004788926481645486,0.778486508648558,0.005696269723362244,2.275041311170417,0.010785473393791215,2.8933600106608055,0.01925594173321377,0.9068227292430864,0.0035447728045144736,2.3732269985484384,0.00872010891235868,2.9468953343290365,0.009106641004791347,1.990278991964682,0.005119134625122956,0.45859,0.001575706863283904,45859.0,0.15498,0.0011443828013387829,15498.0,0.04676,0.0006676338996785588,4676.0,100000
two views,12 scenarios,repro_e1b,516,20260920,"1,516",100000,0.125,0.25,10.0,20.0,10/20,2,0.15,True,True,0.0,10.0,sinus,0.0,A4,Largest view mean after review,AP,-0.35320657641027137,0.006298572711714006,1.9917835777199373,0.006287818140869901,2.0228487422632697,0.006489094658689089,1.5292836061795154,0.0041871544253930405,-4.288285305951262,0.019948393022626455,-3.5119574984529076,0.01552450417724124,-1.5392733786279655,0.008631580275848887,-0.36200391862678183,0.006336567556245141,0.8043744136310338,0.0074622999899818165,2.8288446411008286,0.019908038373496074,3.6853211993485253,0.03132188191113104,1.2023896600274822,0.005106726299432527,3.2220141005067084,0.011123623334653878,4.042486519583591,0.015612304135972054,1.9984126519814052,0.005670806319418995,0.57237,0.0015644889999613292,57237.0,0.27752,0.0014159895818825787,27752.0,0.12162,0.0010335791000208934,12162.0,100000
two views,12 scenarios,repro_e1b,516,20260920,"1,516",100000,0.125,0.25,10.0,20.0,10/20,2,0.15,True,True,0.0,10.0,sinus,0.0,A4,Largest view mean after review,SL,-0.14633120107233047,0.004617167183707208,1.4600764638299855,0.0038077897535764324,1.4673836520844654,0.004281063994182301,1.1271017527200258,0.002971304848164675,-3.0484081990110776,0.018834322635178414,-2.49153137087969,0.007704989527736664,-1.051148538733835,0.004647566156066987,-0.15087087494953466,0.004674925449521561,0.7481156964157045,0.006471690658285608,2.2013656954944723,0.012477972168338727,2.7761796046326914,0.013269082432799317,0.9053207613597187,0.0030110642653083893,2.36013727230666,0.007952712159208676,2.925506419870134,0.008542541358365597,1.993688845936343,0.0036699935285434185,0.4576,0.001575443556589699,45760.0,0.15373,0.0011406011007359233,15373.0,0.04561,0.0006597706260512057,4561.0,100000
two views,12 scenarios,repro_e1b,588,20260920,"1,588",100000,0.125,0.5,10.0,40.0,10/40,2,0.15,True,True,0.0,10.0,sinus,0.0,A1,Anchor-view mean,AP,-0.8336100803854293,0.006495668091386058,2.0541106093258708,0.007014795842573973,2.216807156195899,0.0066494040873809265,1.6965896342551954,0.004512026084896408,-5.016773203122931,0.0180827158315855,-4.156283584493212,0.016575936552009656,-2.044260514053883,0.00855016489379029,-0.8148405653701332,0.004874730940527827,0.4021721587098148,0.007755915203164122,2.3814910815710997,0.018334790356199334,3.2063563624168627,0.028252654338650568,1.3581017779808846,0.0051509681658307395,3.5656666730708353,0.008548124600815223,4.416043093908569,0.01806238567277159,1.9920736368817116,0.005174088741080806,0.61644,0.0015376661744344903,61644.0,0.32689,0.0014833506931942965,32689.0,0.15535,0.0011454971737197782,15535.0,100000
two views,12 scenarios,repro_e1b,588,20260920,"1,588",100000,0.125,0.5,10.0,40.0,10/40,2,0.15,True,True,0.0,10.0,sinus,0.0,A1,Anchor-view mean,SL,-0.5335621504320213,0.004770739827889737,1.5086403980211256,0.005097535499335977,1.6002067550652563,0.004536126672375149,1.2350481444505856,0.0032176514620551643,-3.589123530644023,0.023607354386678915,-2.9955913014592013,0.013819526097631905,-1.4592038468903736,0.007174560634467807,-0.5112162130157094,0.004473548625720167,0.4123984182237739,0.005703225316377757,1.8611486498941476,0.01035593022092322,2.3871216520270915,0.016243603584088696,0.9989860053865807,0.003591543847624813,2.5799186655603132,0.008086351308622765,3.1669376649716345,0.01368064974407383,1.979080300059405,0.004670904250663997,0.49958,0.001581138272258312,49958.0,0.19039,0.0012415379490776752,19039.0,0.06144,0.0007593755750615106,6144.0,100000
two views,12 scenarios,repro_e1b,588,20260920,"1,588",100000,0.125,0.5,10.0,40.0,10/40,2,0.15,True,True,0.0,10.0,sinus,0.0,A2,Mean across views,AP,-2.3160302005247564,0.007754721894956584,2.452258380923981,0.007587853876060193,3.373056021005726,0.009225306088132733,2.620228819349236,0.006717107245402914,-7.947257629985684,0.032943758776676726,-6.695021010677114,0.03305422950909377,-3.6352591234893286,0.010578399380909828,-2.0471278447127217,0.006865680661093348,-0.7143732436141716,0.007443429937486057,1.1254496317912284,0.008374714022018306,1.7798882052519909,0.014196216652536198,2.1400278920277427,0.007583566453470391,5.426380321541223,0.016134157088273218,6.709715932323687,0.0243654929506519,1.9892097523844525,0.004515485763680347,0.75699,0.0013563043165160243,75699.0,0.52904,0.0015784697602424951,52904.0,0.34301,0.0015011800021982706,34301.0,100000
two views,12 scenarios,repro_e1b,588,20260920,"1,588",100000,0.125,0.5,10.0,40.0,10/40,2,0.15,True,True,0.0,10.0,sinus,0.0,A2,Mean across views,SL,-1.4849589748347332,0.005498750496000847,1.7388575852343278,0.005608175260941188,2.2866347811603323,0.0064571386037827125,1.763696219905637,0.004602277096456928,-5.437892588075293,0.02054340863744563,-4.563315016451725,0.017157914187648348,-2.4352500675496236,0.006953427573469869,-1.3224648124452676,0.0058782701027856295,-0.34018897734659714,0.004803987736610465,1.007347981606003,0.010202339163513471,1.474603863573711,0.015635399235408968,1.4250522082583954,0.005984939760783284,3.6854218927954823,0.011365201208076046,4.572749426362635,0.015455245332659743,1.9997725321234878,0.005408107094026547,0.63691,0.0015207092157937363,63691.0,0.34714,0.0015054362171809206,34714.0,0.1692,0.0011856279348935734,16920.0,100000
two views,12 scenarios,repro_e1b,588,20260920,"1,588",100000,0.125,0.5,10.0,40.0,10/40,2,0.15,True,True,0.0,10.0,sinus,0.0,A3,Largest view mean,AP,-0.5157154856763162,0.006509898409728783,2.058610631105099,0.007679084880682206,2.1222153080891646,0.006853716014263469,1.6072061465240473,0.004382585336895957,-4.602085122034043,0.01991719300204193,-3.7767814055911906,0.014267441084382208,-1.7355301992445809,0.007555022592171997,-0.5288883752319684,0.0069382502245164904,0.6728688559217697,0.009350550011483742,2.7473923499517414,0.021649271361848625,3.641240445226307,0.02274951398863353,1.268985906779942,0.004695513585399964,3.38702601218727,0.009879211460124538,4.233771612922473,0.02255607722646828,1.9949774166573826,0.006903010712913269,0.59204,0.001554119166602098,59204.0,0.29884,0.0014475311893012875,29884.0,0.13706,0.0010875410631327905,13706.0,100000
two views,12 scenarios,repro_e1b,588,20260920,"1,588",100000,0.125,0.5,10.0,40.0,10/40,2,0.15,True,True,0.0,10.0,sinus,0.0,A3,Largest view mean,SL,-0.29530942812104827,0.004757379149472211,1.5044153805326819,0.005342945927240022,1.5331179546480118,0.004643831992813198,1.1739005624451844,0.0031183615193456126,-3.2984672272779747,0.016510891669484027,-2.7127762209655444,0.013883666922384925,-1.2162672925832145,0.006942532977947497,-0.2956772832591643,0.004019274170845423,0.6201638246117154,0.006460078691911727,2.0956884852070945,0.011743418369843654,2.6819989228244,0.01824526025862144,0.9411103177829605,0.0030691269212134264,2.4576942588686994,0.008990855764040344,3.0485461246759598,0.016449458652629555,1.9884615632042968,0.006285395396555346,0.47392,0.0015789864901258656,47392.0,0.16888,0.0011847343398416373,16888.0,0.05307,0.0007088975603004994,5307.0,100000
two views,12 scenarios,repro_e1b,588,20260920,"1,588",100000,0.125,0.5,10.0,40.0,10/40,2,0.15,True,True,0.0,10.0,sinus,0.0,A4,Largest view mean after review,AP,-0.572368661873935,0.006427518540662095,2.032559829145381,0.006901453731617605,2.1116022426480483,0.006687080548891104,1.6030491888485643,0.00434639646195608,-4.667708920248133,0.027107821200983127,-3.829483093769271,0.013332020975996926,-1.773191473672076,0.005608976945759413,-0.5637737111751786,0.006133315191187079,0.6290579542734083,0.008630036168082493,2.6294478895457543,0.01834741729112162,3.4623784169087783,0.019986494985719024,1.2690181666881348,0.00459215943869818,3.3796003998539423,0.00959416335201789,4.208458507796772,0.02027586735523175,1.993016687896281,0.0061286285886277,0.59203,0.001554125088594866,59203.0,0.29835,0.0014468492578703562,29835.0,0.13652,0.0010857361079009945,13652.0,100000
two views,12 scenarios,repro_e1b,588,20260920,"1,588",100000,0.125,0.5,10.0,40.0,10/40,2,0.15,True,True,0.0,10.0,sinus,0.0,A4,Largest view mean after review,SL,-0.31743920705128015,0.004716162805761415,1.4913816282376349,0.004886348971853802,1.5247834498795148,0.004446112148669927,1.1708751560240724,0.0030887302865204346,-3.3320919201139314,0.019643228611180667,-2.739943681703068,0.012214998188689676,-1.229536241532993,0.007480336548829612,-0.307562689834165,0.005849954127438756,0.602956922059315,0.00606682225155086,2.056735371852494,0.010533420425571727,2.6159497504105085,0.013487460434647382,0.9404372654496463,0.0029827386643550215,2.454524947656312,0.006820628497690098,3.0390224950120253,0.01827517492699178,1.9930846542518301,0.0074732133268156555,0.47374,0.0015789566567832062,47374.0,0.16838,0.0011833350142711066,16838.0,0.05251,0.0007053559378072889,5251.0,100000
two views,12 scenarios,repro_e1b,660,20260920,"1,660",100000,0.25,0.1,20.0,8.0,20/8,2,0.15,True,True,0.0,10.0,sinus,0.0,A1,Anchor-view mean,AP,-1.914655076113301,0.008199120561220222,2.5927895783773933,0.009656416015062591,3.223103261245422,0.010046085175398681,2.4369003435816943,0.006670798938403681,-7.7730953031398275,0.03757194793823599,-6.4212119056399795,0.02809807950903318,-3.2800690517564415,0.011428715468058698,-1.6781626566320615,0.008946079792795074,-0.2808269338718966,0.009449811703197947,1.7577121660815067,0.016934388152378608,2.5565709794833578,0.03194991366655176,1.9197406339778504,0.008339037176059303,5.151718060079077,0.018778714125919426,6.475204726681563,0.025772508407957175,2.00899698267176,0.005265888923094983,0.72226,0.0014163350323987613,72226.0,0.48292,0.00158021604092605,48292.0,0.3021,0.0014520178717908397,30210.0,100000
two views,12 scenarios,repro_e1b,660,20260920,"1,660",100000,0.25,0.1,20.0,8.0,20/8,2,0.15,True,True,0.0,10.0,sinus,0.0,A1,Anchor-view mean,SL,-1.2278498033868666,0.00580605610447547,1.8360361512867027,0.006499427752997671,2.208757609657829,0.006824454012133006,1.676429491891343,0.004547763207433398,-5.300161206509911,0.03459484236598553,-4.3907459816352965,0.018079166786885086,-2.239303169963243,0.007185766601915601,-1.0931826674803484,0.005980521741043486,-0.045141023088262955,0.007309061507317895,1.443935803901522,0.015342057496234825,1.979529686437388,0.017765519496083838,1.329414564796838,0.004805201532567162,3.5263210696748684,0.012055011574546784,4.424744975875537,0.015187576467862618,2.0032732231586965,0.0054084714627106205,0.60938,0.0015428415848686475,60938.0,0.31868,0.0014735096117772697,31868.0,0.15177,0.0011346182930836255,15177.0,100000
two views,12 scenarios,repro_e1b,660,20260920,"1,660",100000,0.25,0.1,20.0,8.0,20/8,2,0.15,True,True,0.0,10.0,sinus,0.0,A2,Mean across views,AP,-1.1653352518397604,0.00613622848337754,1.940445825067369,0.005723578169293489,2.263470476039354,0.006566522269179766,1.7394333835446072,0.004580055760602865,-5.272105906548852,0.027348857536440636,-4.3930491330269685,0.018498292044510534,-2.2808331209081736,0.007855393235807456,-1.0917787053922066,0.006351110813041373,0.042310714497477475,0.004847636224912947,1.7872692309658655,0.01282192558325249,2.469264094048575,0.02172953487928676,1.4048620546218409,0.005558855908602607,3.6329566411366008,0.01037463196958592,4.490723275305265,0.011350201767916764,1.9839990505037126,0.004382699964882303,0.63067,0.001526189212057273,63067.0,0.33991,0.0014979025065070158,33991.0,0.16441,0.0011720893818305837,16441.0,100000
two views,12 scenarios,repro_e1b,660,20260920,"1,660",100000,0.25,0.1,20.0,8.0,20/8,2,0.15,True,True,0.0,10.0,sinus,0.0,A2,Mean across views,SL,-0.7446757140218694,0.004478549698648476,1.4162417661989903,0.004244099785864396,1.6000820610121886,0.004483598001723385,1.2358897228708228,0.0032137976342180097,-3.6991981049084317,0.015871854160010208,-3.110685591133683,0.011987325179725894,-1.589662690267389,0.005635656616871684,-0.696607400311319,0.005573479284984902,0.1633631917539793,0.005504157104776493,1.4502577496320184,0.007990070941903769,1.9128642364033355,0.010531528486669443,1.0012595560119995,0.003923167079498832,2.586812037651862,0.006102962894939437,3.182468808194988,0.00862590686663785,1.9889409960522928,0.003852454705181315,0.50059,0.001581137729294953,50059.0,0.18941,0.001239087776955289,18941.0,0.06193,0.0007621986296235385,6193.0,100000
two views,12 scenarios,repro_e1b,660,20260920,"1,660",100000,0.25,0.1,20.0,8.0,20/8,2,0.15,True,True,0.0,10.0,sinus,0.0,A3,Largest view mean,AP,-0.043480698123537095,0.006459534084719094,2.0426840331203393,0.0067382253861248175,2.0431365359890887,0.007335727734621668,1.5274717219073704,0.0042909852668371945,-3.8382085242102573,0.013695655409429764,-3.131075195422472,0.013300728813978889,-1.2965245732223825,0.006829646901308979,-0.13578975959847206,0.006959430385063063,1.080881116007894,0.008440503777963824,3.310767528100646,0.015387429583400851,4.302565291864582,0.023963173602555794,1.1950132334654922,0.004443092997622175,3.212762303345303,0.008902347492630386,4.058301839865389,0.016887045207295254,1.9863096608473856,0.006910086354782926,0.57063,0.0015652840096928096,57063.0,0.2729,0.0014086361843996483,27290.0,0.11934,0.001025172982476616,11934.0,100000
two views,12 scenarios,repro_e1b,660,20260920,"1,660",100000,0.25,0.1,20.0,8.0,20/8,2,0.15,True,True,0.0,10.0,sinus,0.0,A3,Largest view mean,SL,0.023164972368819214,0.0046808504380603435,1.4802148770867598,0.004767776800567139,1.4803887286564283,0.0046102306949531964,1.1281361358154087,0.0030312849349555227,-2.7847540674840214,0.012762705309473495,-2.2932741892342947,0.012024752405060964,-0.9126328924249693,0.006966004278027302,-0.013658338198528686,0.004577348129620636,0.8889577625429967,0.006280324421565486,2.45135575462151,0.01125147259539638,3.1062865085945797,0.011847297998954573,0.9013323213503144,0.0037700450946946715,2.3662222421439676,0.008393232479257764,2.933307561604157,0.00983142724961954,1.9814441334380932,0.004495037260082681,0.45584,0.001574959981713821,45584.0,0.1535,0.0011399024081034305,15350.0,0.04619,0.000663750584933829,4619.0,100000
two views,12 scenarios,repro_e1b,660,20260920,"1,660",100000,0.25,0.1,20.0,8.0,20/8,2,0.15,True,True,0.0,10.0,sinus,0.0,A4,Largest view mean after review,AP,-0.42208451859967916,0.006870669267758548,2.1726963935838297,0.007599657797085285,2.2133047131919086,0.008434913418518073,1.6199302962524205,0.004769241380329166,-5.058419170869166,0.03696480947095837,-3.9489261496070043,0.023085846637573838,-1.5813109631353903,0.008016267998043584,-0.3460962645699448,0.006450004974715043,0.8458397435490208,0.008795239823580226,2.8496184651996344,0.013799570896401306,3.6412755127471828,0.020194090034835,1.2333415297079906,0.005190768630857943,3.433609315933214,0.012801348144111739,4.4467606940869775,0.016744542111104446,2.0091046061498234,0.005945921311339505,0.58168,0.0015598986428611316,58168.0,0.2901,0.001435067907800882,29010.0,0.13757,0.0010892405386323078,13757.0,100000
two views,12 scenarios,repro_e1b,660,20260920,"1,660",100000,0.25,0.1,20.0,8.0,20/8,2,0.15,True,True,0.0,10.0,sinus,0.0,A4,Largest view mean after review,SL,-0.1513601250748868,0.0049014541441033755,1.549975894223783,0.005578137054661932,1.5573410467475564,0.005315498871150806,1.1662334873631408,0.0032637727265390146,-3.3654352818303503,0.019012505793482473,-2.653496925641497,0.012187383002352718,-1.0378658169258492,0.005875467122516352,-0.10615634312355615,0.005951041883969273,0.7874445851036881,0.005040107523709839,2.230687583175527,0.009593559344773545,2.7926487985117716,0.01068819246889128,0.9144673786475148,0.0038306374047972613,2.450009087391882,0.009773302760576157,3.0862957336145302,0.010120921392148206,1.9817725475483574,0.004823681855565336,0.46222,0.0015766187605125088,46222.0,0.163,0.0011680368144883107,16300.0,0.05483,0.0007198865959302201,5483.0,100000
two views,12 scenarios,repro_e1b,732,20260920,"1,732",100000,0.25,0.25,20.0,20.0,20/20,2,0.15,True,True,0.0,10.0,sinus,0.0,A1,Anchor-view mean,AP,-1.9198317808912735,0.008135686824986455,2.572730069678088,0.008964422202002303,3.210082224639404,0.009635323064323473,2.437194167440377,0.0066066300991517125,-7.758192264653005,0.026588248079083016,-6.407501201627687,0.02513072544339513,-3.2810818751156394,0.00851180217888795,-1.6919253505018252,0.008879539456499438,-0.29601290347057185,0.008631758274554579,1.753831626161426,0.016491421615584555,2.5538366185363293,0.02243960948546781,1.9270503338706737,0.006695256473776608,5.141788113457147,0.01629945347932433,6.454700589206243,0.0313706723636983,2.0107586465114036,0.006514212174279549,0.7232,0.0014148560350791877,72320.0,0.4842,0.0015803492019170952,48420.0,0.30339,0.001453769266080419,30339.0,100000
two views,12 scenarios,repro_e1b,732,20260920,"1,732",100000,0.25,0.25,20.0,20.0,20/20,2,0.15,True,True,0.0,10.0,sinus,0.0,A1,Anchor-view mean,SL,-1.2323151229617606,0.005794088914800744,1.8322517936303642,0.005972567852153022,2.2081018151515552,0.006851820741794535,1.678173034639405,0.004538137819171679,-5.284374854336913,0.02013423095153423,-4.394141569317128,0.019050465346298635,-2.2443955669202102,0.00852400970541274,-1.097988074606188,0.00759394371513844,-0.050678531066320254,0.008270192603047002,1.4313251918226584,0.009747487081609982,1.9790508871209123,0.01410661776331448,1.3300116650388323,0.00434761463838176,3.5332532359524262,0.012788595014723084,4.430007658337635,0.020744652387262964,2.0062515360205784,0.006708475804594714,0.61024,0.0015422293681550743,61024.0,0.31949,0.0014745037805987476,31949.0,0.15149,0.0011337582630349381,15149.0,100000
two views,12 scenarios,repro_e1b,732,20260920,"1,732",100000,0.25,0.25,20.0,20.0,20/20,2,0.15,True,True,0.0,10.0,sinus,0.0,A2,Mean across views,AP,-1.8228414276802825,0.0067923524380971885,2.1479304374984967,0.007076351341966251,2.8171457006602143,0.00785067482899621,2.1861525921435527,0.005618788404447607,-6.602605842365404,0.04340034431110728,-5.523928901724649,0.015999947310331327,-3.006193229627174,0.008840670086529754,-1.6506863825550773,0.007897720373811456,-0.44626658516339357,0.007281637996951812,1.2935490588451573,0.010860233292954886,1.9720365751204068,0.022112196155646757,1.7886978283388166,0.006269532971314958,4.5143152185966215,0.015537045668200947,5.559192600948493,0.019088775427111355,1.9733422377286571,0.004174517416141527,0.70886,0.0014365844924681596,70886.0,0.4498,0.0015731495796649472,44980.0,0.2599,0.0013869101989674745,25990.0,100000
two views,12 scenarios,repro_e1b,732,20260920,"1,732",100000,0.25,0.25,20.0,20.0,20/20,2,0.15,True,True,0.0,10.0,sinus,0.0,A2,Mean across views,SL,-1.164945476217604,0.004892103518045161,1.5470189666345349,0.004348355751900984,1.9365799010136435,0.005576162117288996,1.4956519781137005,0.0038902210826566907,-4.542761315921303,0.017459817266481485,-3.8087776647184124,0.009669625476613259,-2.0417345152350435,0.008172462552801152,-1.0663427781113013,0.004789681069507722,-0.15861890372847354,0.004998880201028864,1.1267985115654429,0.010869898917970945,1.5877212667045293,0.00989397544496524,1.216714773952206,0.005449919844880115,3.1152053013087,0.01062804625805098,3.825766251046054,0.01620801501378551,1.975527190509193,0.006026251449706681,0.57959,0.0015609786414297923,57959.0,0.27226,0.001407602544754733,27226.0,0.11147,0.0009952107269317388,11147.0,100000
two views,12 scenarios,repro_e1b,732,20260920,"1,732",100000,0.25,0.25,20.0,20.0,20/20,2,0.15,True,True,0.0,10.0,sinus,0.0,A3,Largest view mean,AP,-0.7167469959959316,0.007023054819721674,2.2208849362543717,0.0066955642735958025,2.3336681068763343,0.0073355273107905475,1.7585197062525881,0.004851431553841822,-5.241924988523832,0.03543637187826945,-4.29518992004855,0.016781715232757205,-1.9935501453205036,0.006740720933194968,-0.6856117810855487,0.008099066352445923,0.5771170211987386,0.007450819219587558,2.752125165460642,0.017311998152017147,3.6714106802085165,0.029608240106555828,1.3752232512314295,0.004936468803675692,3.717776404857614,0.012073630736012959,4.691956647373716,0.013293176046893358,2.0105501007399043,0.0038759817950475227,0.61971,0.0015351531386151676,61971.0,0.33771,0.001495533202239255,33771.0,0.16957,0.001186659239630316,16957.0,100000
two views,12 scenarios,repro_e1b,732,20260920,"1,732",100000,0.25,0.25,20.0,20.0,20/20,2,0.15,True,True,0.0,10.0,sinus,0.0,A3,Largest view mean,SL,-0.40237316115429705,0.005039775362108351,1.5937169039862245,0.004510826277548076,1.6437190549278908,0.0052289368747902715,1.2494291209517325,0.003377499978914769,-3.640639533835045,0.014830411155158686,-2.9908699512529817,0.01003418863296562,-1.3491532326171072,0.007322015755933383,-0.3742157931039971,0.0068157540493348125,0.5732457343171908,0.006185286813292233,2.0771740895337953,0.011874770283055877,2.6906285118909268,0.014685701190390121,0.9951958704983399,0.002894332581902331,2.6306033377435587,0.007673539012697657,3.2788373241099396,0.009153764500645712,1.9947674843094039,0.004137437759737488,0.49751,0.0015811192235249054,49751.0,0.19271,0.0012472884826695066,19271.0,0.0673,0.0007922796854646722,6730.0,100000
two views,12 scenarios,repro_e1b,732,20260920,"1,732",100000,0.25,0.25,20.0,20.0,20/20,2,0.15,True,True,0.0,10.0,sinus,0.0,A4,Largest view mean after review,AP,-0.9509485793444469,0.0071658892336279485,2.2660531438742773,0.006992744399093874,2.4574882912134512,0.008126246574527951,1.828794467214267,0.0051911332539265,-5.888601699669829,0.029446483223857498,-4.743484781907,0.015121049683934474,-2.1840594243734905,0.009261025108020111,-0.8253623102716618,0.007400182859939669,0.4200991458928327,0.0071806686111251785,2.427453360708903,0.016970174275791065,3.221203086657281,0.0192868682795214,1.4061074777057723,0.004697712732654994,3.8883388191848383,0.014305529464989877,4.96420583727961,0.01795334929907887,2.020032345638725,0.004531889123508875,0.62681,0.0015294418063463546,62681.0,0.34932,0.0015076323742875782,34932.0,0.18226,0.0012208246901172994,18226.0,100000
two views,12 scenarios,repro_e1b,732,20260920,"1,732",100000,0.25,0.25,20.0,20.0,20/20,2,0.15,True,True,0.0,10.0,sinus,0.0,A4,Largest view mean after review,SL,-0.5093172188547761,0.005133494963212244,1.6233536440752976,0.005010795369326576,1.7013684875370105,0.0056337200032587605,1.2803539462508273,0.003543107472705946,-3.9869455960656315,0.02473703102282943,-3.211834543027773,0.022688878664707916,-1.4311770958428705,0.007904456264483717,-0.43887903129750416,0.007569153257721748,0.5073592547564438,0.008217943480485436,1.9405491162102677,0.011981690576289988,2.4939744600744183,0.012868341138922474,1.0061764388143022,0.0038088595164936954,2.7005925313870662,0.007893134606055882,3.398696726108408,0.014688167847465454,1.9976252945818562,0.005485956111652996,0.50261,0.0015811172881857944,50261.0,0.20005,0.0012650296340402465,20005.0,0.07414,0.0008285122835540822,7414.0,100000
two views,12 scenarios,repro_e1b,804,20260920,"1,804",100000,0.25,0.5,20.0,40.0,20/40,2,0.15,True,True,0.0,10.0,sinus,0.0,A1,Anchor-view mean,AP,-1.9128818093664788,0.008178909659981274,2.586398330229414,0.009500658101123254,3.2169094243785366,0.009887538140413168,2.4377259801083735,0.0066378026115452,-7.7489901071257306,0.04631561334078858,-6.45106775567009,0.019428489484664614,-3.2727669095902208,0.011277806226184517,-1.6796612752391242,0.007015543756354527,-0.2854864502679062,0.009796294805176511,1.7694919632874209,0.012720402506522836,2.579818748020025,0.015328970598522652,1.9228502485207986,0.007053180938964845,5.149511111848983,0.0191480020895611,6.50098314854186,0.01421667043233036,2.020878517522377,0.004808535848530144,0.72415,0.0014133533793782786,72415.0,0.48247,0.0015801667605034604,48247.0,0.3031,0.0014533767233584005,30310.0,100000
two views,12 scenarios,repro_e1b,804,20260920,"1,804",100000,0.25,0.5,20.0,40.0,20/40,2,0.15,True,True,0.0,10.0,sinus,0.0,A1,Anchor-view mean,SL,-1.2181602961933906,0.005771422253657356,1.8250839660139302,0.004724205222001882,2.1942681424357136,0.006610779917512113,1.6698728951057804,0.00450150803473003,-5.262277676517632,0.024547347928762113,-4.355769038931846,0.017434116472605232,-2.2373572119133174,0.009262974171245032,-1.0890725480879166,0.007835493299726435,-0.045972592009242974,0.007476700094597175,1.4573109036322018,0.008188581782903152,2.0102242782050244,0.01997064554632287,1.3280447391448411,0.005856155108843497,3.5098915733275224,0.010131291907911668,4.396237526927855,0.01990387666307721,2.0035097087304377,0.006832683933671902,0.60949,0.0015427635590070177,60949.0,0.31843,0.001473201734658224,31843.0,0.14927,0.001126891596827308,14927.0,100000
two views,12 scenarios,repro_e1b,804,20260920,"1,804",100000,0.25,0.5,20.0,40.0,20/40,2,0.15,True,True,0.0,10.0,sinus,0.0,A2,Mean across views,AP,-2.8339697144878397,0.008355491661700243,2.642238462151785,0.006654719307994751,3.8746275458768435,0.010435595858458855,3.04573483195444,0.007573833451852651,-9.05283998876512,0.03615472980822423,-7.598787214826561,0.02367533942133068,-4.204552348209246,0.008240979115373017,-2.505206004369801,0.009146764212462717,-1.0798186143454158,0.008851156188496984,0.7699748384997304,0.009882341032321256,1.4211643113062022,0.017104470051364715,2.5477531988156326,0.009189390535401699,6.1702873237090445,0.020317408546001343,7.602652477596027,0.024915587514404793,1.962163430569303,0.004876570336808747,0.80176,0.0012607176622860487,80176.0,0.60451,0.0015462136330404023,60451.0,0.42056,0.0015610550483567194,42056.0,100000
two views,12 scenarios,repro_e1b,804,20260920,"1,804",100000,0.25,0.5,20.0,40.0,20/40,2,0.15,True,True,0.0,10.0,sinus,0.0,A2,Mean across views,SL,-1.8133276473286606,0.005878372726033474,1.8589046749678755,0.00591685158125474,2.596853710149652,0.0071664048560543024,2.019007128734227,0.005164577503435466,-6.095064368935099,0.034242367697607294,-5.120599799283506,0.014912484651616539,-2.805216797652629,0.008247693462694366,-1.603807861065778,0.0057825210922583066,-0.5816460389603111,0.006126088229571372,0.791811403608111,0.01020811729379098,1.2505690084225893,0.017365512893563535,1.6563169177889305,0.006522003029835701,4.159240398195282,0.010338176847335926,5.123858001649822,0.019028619997295795,1.9731022897529886,0.005494119348417259,0.6882,0.0014648575357351307,68820.0,0.41399,0.0015575695165866593,41399.0,0.22224,0.001314721956917127,22224.0,100000
two views,12 scenarios,repro_e1b,804,20260920,"1,804",100000,0.25,0.5,20.0,40.0,20/40,2,0.15,True,True,0.0,10.0,sinus,0.0,A3,Largest view mean,AP,-1.2188426427235763,0.007629159021150643,2.412551913845674,0.007190941159021616,2.702947635573883,0.00882806256645043,2.0241920051182087,0.005664454724964531,-6.502534004504858,0.02454304137421443,-5.280002699510271,0.026607869296381377,-2.514840221883845,0.008140733817719343,-1.0886155021336572,0.007871131229389735,0.23450471749900448,0.00920642590351502,2.3543503998914033,0.015195314687321637,3.2614717603994823,0.021091435965316208,1.5732010106764842,0.005209231470502849,4.300416398399772,0.014531491531521867,5.4801611068091685,0.019512844807866025,2.0274758691896135,0.0047416233984944696,0.66354,0.00149417090187167,66354.0,0.39711,0.0015472997379305665,39711.0,0.22118,0.0013124763144529504,22118.0,100000
two views,12 scenarios,repro_e1b,804,20260920,"1,804",100000,0.25,0.5,20.0,40.0,20/40,2,0.15,True,True,0.0,10.0,sinus,0.0,A3,Largest view mean,SL,-0.7446830305237442,0.005431656691697489,1.7176406613859057,0.004917397923430514,1.872114514313113,0.005930884371312007,1.4129906049237877,0.0038836650060900093,-4.4178685464363445,0.01985012844531521,-3.6147680357343237,0.009929639405413419,-1.7225384974853408,0.006901741474050589,-0.6583163566909747,0.006499908841633999,0.32655279737928744,0.006459553139865769,1.8426475213092155,0.010872505955795355,2.4184139992245193,0.01542031947626485,1.1097338728015793,0.0042717433416395376,2.988231171918014,0.006946412620249351,3.756729439749462,0.01827991064014471,2.006677161587961,0.007008409604098133,0.54266,0.0015753733665388658,54266.0,0.24286,0.001356019986578369,24286.0,0.09894,0.0009441974179164016,9894.0,100000
two views,12 scenarios,repro_e1b,804,20260920,"1,804",100000,0.25,0.5,20.0,40.0,20/40,2,0.15,True,True,0.0,10.0,sinus,0.0,A4,Largest view mean after review,AP,-1.3524762523398883,0.007668536514373357,2.4250041705588363,0.007087661332197617,2.7766487775588087,0.009124952872122564,2.07115423480495,0.005848190122504617,-6.772553110769977,0.020559571039701685,-5.5375590145016504,0.02223312151916439,-2.627720730393957,0.007805034827126707,-1.1768747676298084,0.007344439980660597,0.14044082026593463,0.007949957266697836,2.164220788810921,0.009516565373504373,2.9819221722781215,0.025132557901482767,1.598668279965766,0.00562802302430501,4.422331089429248,0.017012975461086276,5.654385222802747,0.01587028748628706,2.036406357369406,0.004260909808082733,0.66792,0.0014893047827761784,66792.0,0.40463,0.0015521100576312234,40463.0,0.22982,0.001330423870802084,22982.0,100000
two views,12 scenarios,repro_e1b,804,20260920,"1,804",100000,0.25,0.5,20.0,40.0,20/40,2,0.15,True,True,0.0,10.0,sinus,0.0,A4,Largest view mean after review,SL,-0.8040433780040112,0.005445629406914998,1.722059221904328,0.00524240797524161,1.9005115265575747,0.006070885234406982,1.4297413560955035,0.0039595446647845076,-4.556353157443671,0.019864677020640903,-3.7261756408177886,0.012076701807393028,-1.7700511968226729,0.007457980144046393,-0.6951020190916704,0.006408135037219318,0.28745854653044467,0.005940902849069388,1.756483357428765,0.009153775876231712,2.297064399182069,0.016709670813474197,1.1175441340077903,0.0050916261095244435,3.0306011499007033,0.007885838300661224,3.817753434790907,0.011839392070105583,2.0088030940312485,0.005131177187129526,0.54544,0.00157459584147806,54544.0,0.24667,0.001363172443603523,24667.0,0.10269,0.0009599206420324547,10269.0,100000
four views,12 scenarios,repro_e1b,60,20260920,"1,60",100000,0.03,0.1,2.4,8.0,2.4/8,4,0.15,True,True,0.0,10.0,sinus,0.0,A1,Anchor-view mean,AP,0.011197937107068222,0.0060253870328104715,1.9053946807724793,0.006967525585767566,1.9054180585957028,0.00666672693078385,1.4366247047784024,0.0039582105844358706,-3.5228538523521666,0.018226212135271425,-2.8753378090915174,0.010938262571688437,-1.1761265487318697,0.005543549251852925,-0.06936880190603034,0.004931935296369497,1.0844025354244864,0.007999969902870932,3.1569954511721217,0.01572900870936882,4.07176029981087,0.02750822460449746,1.1349856124415703,0.004161683493448695,3.007105823327125,0.009491624578910883,3.788329447808953,0.013682694709438043,1.9881880675577097,0.005507784354567545,0.55162,0.0015726899745340784,55162.0,0.24945,0.0013683007618941092,24945.0,0.10059,0.0009511658735467753,10059.0,100000
four views,12 scenarios,repro_e1b,60,20260920,"1,60",100000,0.03,0.1,2.4,8.0,2.4/8,4,0.15,True,True,0.0,10.0,sinus,0.0,A1,Anchor-view mean,SL,0.0004108748044474254,0.004523232839519109,1.4303718160151264,0.0035954954255826223,1.4303647231504262,0.004379243699445284,1.101675503293929,0.002884896270755253,-2.6931305086182715,0.013130198260255164,-2.242411333079317,0.01015457833685445,-0.9251491540581221,0.004739791007522418,-0.042112442460751964,0.004338893051554114,0.8639177902537254,0.005467041916900157,2.3428786548236173,0.013202828194008835,2.933955053550477,0.01979093725222231,0.8961152823887673,0.0021197230358383813,2.289755763394081,0.00637507195674355,2.802348589026758,0.011607359749094185,1.9591846356882259,0.005979849064463319,0.45327,0.0015742182412232428,45327.0,0.14451,0.0011118761617194607,14451.0,0.03852,0.000608573821323264,3852.0,100000
four views,12 scenarios,repro_e1b,60,20260920,"1,60",100000,0.03,0.1,2.4,8.0,2.4/8,4,0.15,True,True,0.0,10.0,sinus,0.0,A2,Mean across views,AP,-0.33549272008997505,0.005040629718338886,1.593987075148389,0.004402298429593002,1.628902929282629,0.004773602041091692,1.2492070420806867,0.003305778950891942,-3.4479953101334777,0.016095901130925613,-2.863585380783449,0.012347692466310982,-1.31336415853753,0.006095827200309575,-0.3511990731824035,0.004365185232331965,0.6177475967915596,0.005015682857555929,2.245318615095237,0.012233428931328585,2.8908986313392093,0.013535859285169698,1.0027196516371895,0.0037229002760769733,2.61940158904442,0.010883188103111207,3.237484273231041,0.011507372931653414,1.9875243730188599,0.004922752547502249,0.50122,0.0015811341233431147,50122.0,0.19368,0.0012496721874155638,19368.0,0.06483,0.0007786338748089503,6483.0,100000
four views,12 scenarios,repro_e1b,60,20260920,"1,60",100000,0.03,0.1,2.4,8.0,2.4/8,4,0.15,True,True,0.0,10.0,sinus,0.0,A2,Mean across views,SL,-0.21635805625411428,0.0038030876058877425,1.2026418975762054,0.0034549682567681737,1.2219426659366701,0.003322943376162805,0.9496942232108564,0.00243152354202685,-2.5681508793418986,0.010251434713116056,-2.154185535298946,0.00773072846103687,-0.9821673340735725,0.003952239875849549,-0.22164521098642775,0.004104916308862988,0.5372879386353557,0.005050953604124872,1.7335114032394465,0.010237804866959079,2.177178986641366,0.00893418300447988,0.7768946410806195,0.0030295505896861326,1.9739163990909638,0.006289495227401235,2.4148352283943018,0.009374388731552843,1.9762262958084287,0.005300370952479916,0.38634,0.0015397447983351007,38634.0,0.0962,0.000932446030609815,9620.0,0.01928,0.0004348365394030267,1928.0,100000
four views,12 scenarios,repro_e1b,60,20260920,"1,60",100000,0.03,0.1,2.4,8.0,2.4/8,4,0.15,True,True,0.0,10.0,sinus,0.0,A3,Largest view mean,AP,1.1747284418395503,0.006460369608288196,2.042948248872051,0.008075211077283956,2.356604065866959,0.0092742747882684,1.7126719619663557,0.005118948795985139,-2.1763192850805155,0.014926095141683093,-1.6420112842217565,0.01183258474620875,-0.11972755358114817,0.006640152455800335,0.9538025923189166,0.006732464906723446,2.1879413539331747,0.007479309313740354,4.7168460055914165,0.027000312809108716,5.914527018350951,0.03025439789473921,1.283335645087662,0.004728931683704594,3.684690605589951,0.011809360668065651,4.7514696253910875,0.027641803887909593,2.016235859986558,0.008511742373144122,0.59567,0.0015519254205663363,59567.0,0.31188,0.0014649602916120288,31188.0,0.15699,0.0011504092310999595,15699.0,100000
four views,12 scenarios,repro_e1b,60,20260920,"1,60",100000,0.03,0.1,2.4,8.0,2.4/8,4,0.15,True,True,0.0,10.0,sinus,0.0,A3,Largest view mean,SL,0.8631584596499027,0.0046249354608328365,1.462533008751223,0.004529914507283454,1.6982414251584137,0.0059924916735052585,1.2724811168573031,0.0035564425956981314,-1.6606177750893134,0.012145208314323102,-1.2585560858409253,0.00879078734662081,-0.08329094747764976,0.004944820524742134,0.7543404116475834,0.004640761679199703,1.6574940670756924,0.006384221218703458,3.3425559995773533,0.012473518802970898,4.130688818295748,0.014822164840395415,1.0026389726116465,0.0036819281065740444,2.654002524872322,0.0072515901542428395,3.363184725636609,0.00843737364022173,1.9803925848310335,0.004891410642027744,0.50114,0.0015811347203828015,50114.0,0.1958,0.0012548400694909292,19580.0,0.0707,0.0008105646797140867,7070.0,100000
four views,12 scenarios,repro_e1b,60,20260920,"1,60",100000,0.03,0.1,2.4,8.0,2.4/8,4,0.15,True,True,0.0,10.0,sinus,0.0,A4,Largest view mean after review,AP,0.9701395538563133,0.005905189767191477,1.8673849679844523,0.006496891090975036,2.104343722243264,0.007564306456583374,1.5669163043253478,0.00444190896703129,-2.29835220497646,0.024932897830184063,-1.7422340529865268,0.011630798289175475,-0.21718597766052516,0.0073971294187451025,0.8306951017034465,0.007177939137296151,1.9773200553706358,0.007881267388319669,4.151659119143349,0.017592477878327805,5.105832991051362,0.02946312926359197,1.213176549499988,0.003863182855001976,3.3207812361115554,0.012454130583933644,4.215951348873292,0.02370296846199643,2.0034518621221347,0.009891316231933385,0.57604,0.0015627473193066113,57604.0,0.28261,0.0014238735474051056,28261.0,0.12874,0.0010590845688612407,12874.0,100000
four views,12 scenarios,repro_e1b,60,20260920,"1,60",100000,0.03,0.1,2.4,8.0,2.4/8,4,0.15,True,True,0.0,10.0,sinus,0.0,A4,Largest view mean after review,SL,0.7869029295753758,0.004366953467714465,1.380951939394829,0.003314258064407752,1.5894103967226523,0.00500909281895907,1.2152968081793447,0.0032392739466350438,-1.700867321252082,0.008315423952510207,-1.2958700919704702,0.007393392875221071,-0.11328498705109757,0.005316259733586631,0.7146155539004619,0.004422515080372864,1.5912259096831773,0.00306783606614538,3.0993610428043734,0.01355626677880413,3.749079044020265,0.018982041070321806,0.9779591016466918,0.0035083337444253896,2.5326297617430167,0.0038917544588907512,3.1406227639406477,0.010646029870665295,1.975967170226506,0.005608861761918899,0.49115,0.0015808911331903915,49115.0,0.18154,0.0012189472031224322,18154.0,0.05807,0.0007395801180399592,5807.0,100000
four views,12 scenarios,repro_e1b,132,20260920,"1,132",100000,0.03,0.25,2.4,20.0,2.4/20,4,0.15,True,True,0.0,10.0,sinus,0.0,A1,Anchor-view mean,AP,0.012327103284196287,0.006022996714448343,1.9046387957367543,0.005938657735730176,1.9046691637162372,0.006285986742968845,1.439641993191343,0.0039436164960130644,-3.5631897277898785,0.018160457238134288,-2.8960904695677536,0.014012784632410033,-1.178084855425987,0.0057072788391343,-0.05890788909317779,0.004213358158436108,1.0936632599480238,0.00777053525684854,3.153732479694428,0.021351419338968097,4.065636251171797,0.03106682459648586,1.1378510351118027,0.004410971684343181,3.0174040612584516,0.011122262322527006,3.7923480685289928,0.018796906225424917,1.9910796797537629,0.005804539145720098,0.55285,0.0015722813917998265,55285.0,0.25103,0.0013711817498056192,25103.0,0.10145,0.0009547664504998069,10145.0,100000
four views,12 scenarios,repro_e1b,132,20260920,"1,132",100000,0.03,0.25,2.4,20.0,2.4/20,4,0.15,True,True,0.0,10.0,sinus,0.0,A1,Anchor-view mean,SL,0.011059844774031848,0.004531516764782317,1.432991423194961,0.004038438604168385,1.4330269378042257,0.004390542738822353,1.102591666411995,0.0028945918542920323,-2.689404703039256,0.013731217733622398,-2.2228789744260102,0.006274514336937312,-0.9121559667803347,0.004138652006417325,-0.026877948312825417,0.005222396363834058,0.8785691782561287,0.0048701074671536095,2.3514528362481144,0.013500103405724887,2.9618097045720386,0.01927260139286166,0.8957956616638469,0.0029136286677675593,2.2803288194143088,0.0068814971023329575,2.8182005749372863,0.01134054433895779,1.9666068380092776,0.005981948901288045,0.45252,0.0015739938043080092,45252.0,0.14381,0.001109633650805526,14381.0,0.03977,0.0006179672086769653,3977.0,100000
four views,12 scenarios,repro_e1b,132,20260920,"1,132",100000,0.03,0.25,2.4,20.0,2.4/20,4,0.15,True,True,0.0,10.0,sinus,0.0,A2,Mean across views,AP,-1.382583283395634,0.005691487119637915,1.7998062571567057,0.0058090527886150885,2.2695388751461936,0.00633021358586809,1.7609973017636238,0.004527378608133129,-5.29576919490812,0.01559664470417166,-4.458277913563449,0.016205699643502335,-2.397293995581392,0.007138526351041176,-1.2681257854703833,0.006870782648228301,-0.2433928459927026,0.005913047216271631,1.3133687171937025,0.01640856818971802,1.8920726212262273,0.02010244025897332,1.4442844594539954,0.005603565662783445,3.6385937005973212,0.012039425719552126,4.496423702039752,0.020385581142889662,1.9812058525545688,0.00675219821622414,0.64082,0.0015171345609404593,64082.0,0.35001,0.0015083202574387178,35001.0,0.16629,0.001177444843294156,16629.0,100000
four views,12 scenarios,repro_e1b,132,20260920,"1,132",100000,0.03,0.25,2.4,20.0,2.4/20,4,0.15,True,True,0.0,10.0,sinus,0.0,A2,Mean across views,SL,-0.8841867853792647,0.004207915184692373,1.3306596184435993,0.003625727010734138,1.5976306159577631,0.0043476227493642544,1.2400968542065405,0.0031852684708951226,-3.694609891101364,0.012535276428136418,-3.116077408211176,0.009058613015491625,-1.67098415299682,0.006822142918439886,-0.8208889394331071,0.004331973314489364,-0.020725714778130344,0.004041917812730582,1.1451085907251173,0.006298785089852213,1.5533309969787483,0.009737993728885336,1.0134368489651326,0.0036002554202329584,2.581085184475439,0.007207262931618834,3.1507386226413185,0.012515354327726635,1.9721321006060486,0.005621601657446832,0.50542,0.0015810459310216134,50542.0,0.19197,0.0012454618384358472,19197.0,0.06015,0.0007518774999958437,6015.0,100000
four views,12 scenarios,repro_e1b,132,20260920,"1,132",100000,0.03,0.25,2.4,20.0,2.4/20,4,0.15,True,True,0.0,10.0,sinus,0.0,A3,Largest view mean,AP,0.735274093870229,0.006284150502719881,1.9872228747886973,0.007286906942167494,2.1188778295722006,0.008056885950692863,1.5485066493865878,0.00457361053367188,-2.7081178721292134,0.011245597667391543,-2.1310120472614003,0.009592874140908255,-0.510291095649142,0.007178170905314231,0.5737535682356398,0.005436387522354181,1.7669045714076996,0.007474453701180514,4.140428705737189,0.022446820345700173,5.238467032460135,0.02673740935494516,1.170901802860885,0.004614173876298918,3.3015243403613197,0.010222343055841531,4.270122627091692,0.01725573446673938,2.015275523437718,0.005223326373319861,0.56236,0.0015687932636265366,56236.0,0.27218,0.0014074730818029878,27218.0,0.12535,0.0010470786861549613,12535.0,100000
four views,12 scenarios,repro_e1b,132,20260920,"1,132",100000,0.03,0.25,2.4,20.0,2.4/20,4,0.15,True,True,0.0,10.0,sinus,0.0,A3,Largest view mean,SL,0.5672950948100133,0.004574104545576387,1.4464588619750847,0.004837204248706763,1.5537200653751515,0.005473288426177185,1.165673303837155,0.0032484801721638463,-2.008836130788789,0.00954913909535083,-1.5932643269063456,0.011813995268211544,-0.35900177193059135,0.003940708276424432,0.48523072590908733,0.004644263454287468,1.3778877999881813,0.006651701015917596,2.991856388753716,0.02040315738303368,3.708035835944727,0.018877942146165023,0.9174468094116233,0.003344552900771795,2.4272939439810903,0.010861988920050298,3.0813599492920583,0.014497843611174267,1.98321436271601,0.006670910456234308,0.46381,0.0015769917054315788,46381.0,0.16281,0.0011674883464086482,16281.0,0.05411,0.0007154167170258184,5411.0,100000
four views,12 scenarios,repro_e1b,132,20260920,"1,132",100000,0.03,0.25,2.4,20.0,2.4/20,4,0.15,True,True,0.0,10.0,sinus,0.0,A4,Largest view mean after review,AP,0.6050045168101172,0.0059361795139129606,1.8771847863596145,0.006376333422214306,1.972262140100401,0.0068785656240217905,1.4707007220116193,0.0041555680770430856,-2.809819767650555,0.014079478294834961,-2.215224189116916,0.010680990467260239,-0.5715538595827254,0.005283981624894286,0.49441090806769106,0.006825059631893241,1.6424612632871896,0.008518772500902428,3.757590927499152,0.025140752315237814,4.70113545647216,0.02620826167969154,1.1390660665413908,0.003632546204001669,3.115374411749826,0.013094704506686377,3.9540936072792374,0.01680167923636484,2.004851954962715,0.004957905990704756,0.55231,0.0015724619674256036,55231.0,0.2569,0.0013816743103930102,25690.0,0.11006,0.000989680738420224,11006.0,100000
four views,12 scenarios,repro_e1b,132,20260920,"1,132",100000,0.03,0.25,2.4,20.0,2.4/20,4,0.15,True,True,0.0,10.0,sinus,0.0,A4,Largest view mean after review,SL,0.5181320935022001,0.00441499827074746,1.396145040126672,0.004362365145517141,1.48918177103319,0.004770849525383645,1.1332701089358106,0.0030551113581595924,-2.039925202587431,0.01534864699312165,-1.621474716234984,0.008732905599792649,-0.3802411489092934,0.005470037641229597,0.45798585037379413,0.004476546533404107,1.3363582115403976,0.005235739178212134,2.835347742089112,0.011120346192567776,3.4767381833434303,0.012503777981749214,0.9053692177730643,0.0032455273116102847,2.3599860612318797,0.007003024149730825,2.945194838983418,0.009492504478782764,1.977726894239412,0.00494166282144688,0.45764,0.0015754543166972502,45764.0,0.1546,0.0011432359336549913,15460.0,0.04706,0.0006696667559316351,4706.0,100000
four views,12 scenarios,repro_e1b,204,20260920,"1,204",100000,0.03,0.5,2.4,40.0,2.4/40,4,0.15,True,True,0.0,10.0,sinus,0.0,A1,Anchor-view mean,AP,0.016133265015841888,0.006024912601617664,1.9052446524562492,0.005117704743802477,1.905303432102443,0.00647838038820105,1.436997180868552,0.003956306260789742,-3.5308373883676643,0.015825089824654814,-2.8936136504408294,0.013954070509567644,-1.1674407275270868,0.007304434257844485,-0.0538875354597943,0.007108345580697462,1.1028258792972256,0.006695185352390408,3.1526376663631437,0.01091649017705119,4.068481270592612,0.020468208021577793,1.137610021085215,0.004738857158569901,3.0102264903561022,0.011110477462499997,3.778278103035782,0.013066437205171914,1.9830322243562906,0.0058814862342890465,0.55148,0.0015727358633921972,55148.0,0.24968,0.0013687216576061037,24968.0,0.10113,0.0009534291955882199,10113.0,100000
four views,12 scenarios,repro_e1b,204,20260920,"1,204",100000,0.03,0.5,2.4,40.0,2.4/40,4,0.15,True,True,0.0,10.0,sinus,0.0,A1,Anchor-view mean,SL,0.005876383916847884,0.004499697424699681,1.422929264364499,0.004080050550832709,1.4229342837938508,0.0043606518485209255,1.0947128682891918,0.002874637325886041,-2.6841685323120186,0.021975841883442683,-2.2255186178017685,0.010938057861918194,-0.9064386963211178,0.004804694422842081,-0.028820831246951784,0.004863473976365578,0.8661680320753218,0.005951249504470919,2.3336011947012167,0.011221923557740404,2.9326763147031043,0.0210978465999715,0.8870621259101581,0.0031869257281649075,2.275847017073604,0.004932246384674357,2.7959818271321684,0.011152606292576745,1.964940938577624,0.006529121498337107,0.44767,0.0015724553128785568,44767.0,0.14318,0.0011076077265891567,14318.0,0.03895,0.0006118243007596217,3895.0,100000
four views,12 scenarios,repro_e1b,204,20260920,"1,204",100000,0.03,0.5,2.4,40.0,2.4/40,4,0.15,True,True,0.0,10.0,sinus,0.0,A2,Mean across views,AP,-2.9652188611713894,0.007470666062304098,2.3624320395402325,0.008941708153052796,3.7912467903371,0.009442195501667843,3.073545168639354,0.007019203367043123,-8.473761961666463,0.03519476380583586,-7.20749247898063,0.02650700241035401,-4.190650846639688,0.012587253696228427,-2.6646250785599204,0.00929463641841936,-1.3936191430017464,0.0072645989914079745,0.25088326804057626,0.013043559400685266,0.8013616930446902,0.017001735258329036,2.678425685440611,0.008563121320049556,5.945221087251938,0.018043283277274197,7.207709967567825,0.027028273663925396,1.9011450233043123,0.004866019393432879,0.83577,0.0011715737582414518,83577.0,0.63825,0.0015194964215160232,63825.0,0.43747,0.001568725594551195,43747.0,100000
four views,12 scenarios,repro_e1b,204,20260920,"1,204",100000,0.03,0.5,2.4,40.0,2.4/40,4,0.15,True,True,0.0,10.0,sinus,0.0,A2,Mean across views,SL,-1.8986469103587744,0.00529300208565546,1.67379422506929,0.005325837201603902,2.531090512450937,0.006650674459162919,2.0187052193099073,0.004828324484194708,-5.741315032754614,0.02743928002336373,-4.88317885253085,0.01825222923747317,-2.7986329867138795,0.006554151675929701,-1.7189863575408724,0.006034122132795603,-0.7791722252389552,0.004621431789296923,0.4488319565244481,0.007980469791689185,0.8462073492061423,0.00866490712929633,1.7353936580509657,0.005924299058318599,3.995495220025042,0.010886029782540434,4.884027660432593,0.01840395126245427,1.9296139890719397,0.004484600220972514,0.71223,0.0014316369201023001,71223.0,0.42876,0.0015650075475856337,42876.0,0.2162,0.0013017586565873109,21620.0,100000
four views,12 scenarios,repro_e1b,204,20260920,"1,204",100000,0.03,0.5,2.4,40.0,2.4/40,4,0.15,True,True,0.0,10.0,sinus,0.0,A3,Largest view mean,AP,0.44997427458013817,0.006221646321524178,1.9674573172024683,0.00618301775492984,2.0182483578376833,0.0075846595393273,1.48724443950944,0.004314451327287183,-3.0482546988849677,0.018339307271158303,-2.454576971753113,0.012768285849902217,-0.7796777587020021,0.008007258367697478,0.32151664770099764,0.005651003039196173,1.5024073855217612,0.007269765220642239,3.750729026474149,0.022316175006461512,4.797192767368628,0.024063281735688075,1.1425720997655144,0.004464952576634826,3.137593580104365,0.011906539343452874,4.016653000877328,0.01635684812261402,1.9901678528705464,0.0068430436847981045,0.55325,0.001572146422888148,55325.0,0.25788,0.0013833940349734055,25788.0,0.11266,0.0009998386089764687,11266.0,100000
four views,12 scenarios,repro_e1b,204,20260920,"1,204",100000,0.03,0.5,2.4,40.0,2.4/40,4,0.15,True,True,0.0,10.0,sinus,0.0,A3,Largest view mean,SL,0.3451380381129582,0.004553711896962048,1.4400101402606058,0.004508688295264284,1.4807865251662007,0.0052495636465798735,1.1180506066588396,0.0030703436307253982,-2.2992072549532545,0.012055572667115272,-1.841148293814758,0.009516987364670989,-0.572621617902451,0.0053735132230096384,0.2859260636185321,0.004893704208996004,1.1751933732619313,0.005960695165066766,2.7068125681587585,0.018567787092786368,3.3942508491632375,0.02371584500455997,0.8879429010147013,0.003113561368827537,2.328468793201093,0.00775897144174468,2.91932892262759,0.010963629497840792,1.9714718313633561,0.005752309932753459,0.44853,0.0015727391363477925,44853.0,0.14923,0.0011267670881774992,14923.0,0.04579,0.0006610088947964315,4579.0,100000
four views,12 scenarios,repro_e1b,204,20260920,"1,204",100000,0.03,0.5,2.4,40.0,2.4/40,4,0.15,True,True,0.0,10.0,sinus,0.0,A4,Largest view mean after review,AP,0.368772886960649,0.005999671437533937,1.8972626955263876,0.00531404080771384,1.9327605081685593,0.006823178143143033,1.4440063698910799,0.004062542664271813,-3.1054178565214667,0.020464059349659735,-2.508859964918123,0.009959423352565817,-0.817430245239795,0.007224578571559808,0.2759209826581608,0.00668387570498927,1.4289649516716971,0.0067685397315343275,3.514858976786603,0.019378305816680968,4.446017704383134,0.024823348376633112,1.1261433774734222,0.0033948154899557373,3.043364236986276,0.008152458617114031,3.8423234428616144,0.015013380217405134,1.9879976989505619,0.005787093488332311,0.54791,0.0015738635007522094,54791.0,0.24941,0.0013682275099558552,24941.0,0.10419,0.0009660975307907582,10419.0,100000
four views,12 scenarios,repro_e1b,204,20260920,"1,204",100000,0.03,0.5,2.4,40.0,2.4/40,4,0.15,True,True,0.0,10.0,sinus,0.0,A4,Largest view mean after review,SL,0.31407498701195663,0.004448039536386083,1.4065936057459427,0.004194925264044357,1.4412247861233223,0.004593877278075083,1.1000510086192403,0.002944529389945593,-2.321988826916182,0.008553225829648079,-1.8593930080312229,0.013442840241808909,-0.5868826109305711,0.006358457861324108,0.27067867951856606,0.005279464084521014,1.1485420607263341,0.006408575849728391,2.6259183965368256,0.013950584674407391,3.2503641058639197,0.019443185590107957,0.8826188070232561,0.0034930337090394305,2.292855232630294,0.0063888695275082456,2.846560470202465,0.013138998305370195,1.975098192599979,0.00695838701402337,0.44542,0.0015716902481087043,44542.0,0.14466,0.0011123555384857848,14466.0,0.0419,0.0006335960069318618,4190.0,100000
four views,12 scenarios,repro_e1b,276,20260920,"1,276",100000,0.06,0.1,4.8,8.0,4.8/8,4,0.15,True,True,0.0,10.0,sinus,0.0,A1,Anchor-view mean,AP,-0.25550566062721364,0.0060427553359568556,1.9108870204759636,0.006851437916402666,1.927883770548423,0.0060495428703795685,1.4672063145127952,0.003954816182793867,-3.901416421122799,0.017673343780475574,-3.2242781123611475,0.013510807586425342,-1.4369552540156099,0.006126729145599309,-0.3046612787856482,0.008412328270694148,0.8536320793941552,0.007690579450135744,2.8599480095111094,0.018844183261591454,3.7211002900167567,0.025632181238865695,1.1685062854182582,0.0039199916974024,3.0803891510988954,0.013581052245625336,3.827782933105291,0.015315648736256099,1.985484286750547,0.005202325127604075,0.5628,0.0015686177354601088,56280.0,0.26038,0.0013877400894980298,26038.0,0.10757,0.0009797892380507148,10757.0,100000
four views,12 scenarios,repro_e1b,276,20260920,"1,276",100000,0.06,0.1,4.8,8.0,4.8/8,4,0.15,True,True,0.0,10.0,sinus,0.0,A1,Anchor-view mean,SL,-0.1638420935908155,0.004523131005666186,1.4303396133233115,0.0037003379227374157,1.4396857929284457,0.004128800215904946,1.1149281011232763,0.002880345132225881,-2.917018917011524,0.014639859037716483,-2.4201480302720113,0.007474469816025669,-1.0797584401018416,0.005051586961991657,-0.1853384791754551,0.004868861981131104,0.7165175195969937,0.00471631641803893,2.1608894363983118,0.01487205291350435,2.7341758294650917,0.017968495222067567,0.9098720106056706,0.0032315364301556187,2.3093271916690874,0.005315562947859307,2.8407076125506703,0.009026845949170553,1.9731441586100706,0.004472500898094784,0.45934,0.0015759021682832978,45934.0,0.14925,0.0011268293459969882,14925.0,0.0402,0.0006211598827999117,4020.0,100000
four views,12 scenarios,repro_e1b,276,20260920,"1,276",100000,0.06,0.1,4.8,8.0,4.8/8,4,0.15,True,True,0.0,10.0,sinus,0.0,A2,Mean across views,AP,-0.39701461745173816,0.00505184304961828,1.5975330418484788,0.004689290936992995,1.6461187396873305,0.004759807062823374,1.264036867107353,0.00333455967562655,-3.5436633956172856,0.020357498988945254,-2.9441125246413327,0.015236692215247576,-1.3759276779849738,0.005621203793246312,-0.4093161345225744,0.008194797891521282,0.5664421944340388,0.005713976486191718,2.166946368498579,0.012868285912552149,2.8418081001804336,0.011624528435796899,1.0147338128338816,0.003446044368246927,2.6507952129376964,0.0094000973320727,3.281901973900289,0.01238271021980027,1.9937212880060309,0.005449503224168222,0.50596,0.001581026496931661,50596.0,0.19917,0.0012629382847154486,19917.0,0.06777,0.0007948410350504055,6777.0,100000
four views,12 scenarios,repro_e1b,276,20260920,"1,276",100000,0.06,0.1,4.8,8.0,4.8/8,4,0.15,True,True,0.0,10.0,sinus,0.0,A2,Mean across views,SL,-0.2557052926622772,0.0038029670741139693,1.2026037820826512,0.0037314273460116137,1.2294822450187846,0.0033232254978085825,0.956507312624339,0.0024427982294405438,-2.6008695128946426,0.01571701750026205,-2.18761602027701,0.008551252603888835,-1.0218970125090767,0.004691140520372075,-0.2578654226716459,0.0049837221219744595,0.4985914548225887,0.0044447712176447374,1.6858469189678524,0.007991575179863814,2.137256651828128,0.010241809958130068,0.781165512216317,0.003163658420825689,1.987852174491948,0.005231991540145946,2.4239034173230545,0.008613970752754758,1.9714830589408154,0.004311264487396594,0.39245,0.0015441275773070049,39245.0,0.09802,0.0009402769783420202,9802.0,0.01987,0.0004413069577969511,1987.0,100000
four views,12 scenarios,repro_e1b,276,20260920,"1,276",100000,0.06,0.1,4.8,8.0,4.8/8,4,0.15,True,True,0.0,10.0,sinus,0.0,A3,Largest view mean,AP,1.1106457885146197,0.0065029085411217585,2.0564002405707487,0.009763253611691733,2.337150771590314,0.009580163469316174,1.6929087558173492,0.005095448593812449,-2.2785219382693316,0.018122347072906858,-1.728436704403471,0.012723940078603535,-0.17945766918670247,0.007970316828861224,0.8928792391372431,0.006526059893352146,2.1314371546628004,0.007010056440084574,4.696572061571331,0.02735328581022155,5.873861743815326,0.02862065058665721,1.2641239433496474,0.004180400213463573,3.617667106875208,0.011966333132090551,4.731526016404694,0.015394046729740945,2.0244847161422657,0.007105246336954214,0.59045,0.0015550524026540068,59045.0,0.30671,0.0014582145792029373,30671.0,0.15297,0.001138288975172825,15297.0,100000
four views,12 scenarios,repro_e1b,276,20260920,"1,276",100000,0.06,0.1,4.8,8.0,4.8/8,4,0.15,True,True,0.0,10.0,sinus,0.0,A3,Largest view mean,SL,0.8217056803958444,0.004649396291353037,1.4702682025415423,0.005706780688951872,1.6843002094976007,0.0061484717483553586,1.2577200624992833,0.0035426261308531604,-1.7281049525274077,0.007364650425866624,-1.3233401138663177,0.007958528490595806,-0.11547865096386523,0.006163881141934954,0.7114945451547601,0.005014709264353551,1.6153025231686144,0.006773754875799232,3.301737958532495,0.014792151172893321,4.093941909538531,0.027109637712669873,0.9874794704386995,0.002932267938355461,2.6249844681725434,0.009914409100157954,3.3346101730121394,0.01808102947811222,1.9798193660539882,0.007451481707491065,0.49487,0.0015810556065489919,49487.0,0.19102,0.0012431064298763803,19102.0,0.06891,0.0008010081890967157,6891.0,100000
four views,12 scenarios,repro_e1b,276,20260920,"1,276",100000,0.06,0.1,4.8,8.0,4.8/8,4,0.15,True,True,0.0,10.0,sinus,0.0,A4,Largest view mean after review,AP,0.8720554713306738,0.005912471806942669,1.8696877511470174,0.008424679574037842,2.0630506718314234,0.00800992385228483,1.5346328560099745,0.004360159495694607,-2.441879596296855,0.020897029234885643,-1.8731808908027832,0.014164128361423467,-0.3013340120032828,0.006007407263850498,0.7463859416995282,0.007549761673622214,1.889967314534024,0.007088261204766798,4.019493920171755,0.01190158120909495,4.995098144846663,0.03677147555706127,1.1898936795090782,0.005239535352397862,3.239467878925222,0.011080412245916224,4.106199297731028,0.017228326194153265,1.9903530988338978,0.0076640361422075755,0.56899,0.001566015261419888,56899.0,0.27435,0.001410964483961237,27435.0,0.12175,0.0010340548220476515,12175.0,100000
four views,12 scenarios,repro_e1b,276,20260920,"1,276",100000,0.06,0.1,4.8,8.0,4.8/8,4,0.15,True,True,0.0,10.0,sinus,0.0,A4,Largest view mean after review,SL,0.7284562896391095,0.004366117953785235,1.3806877266915127,0.004369056395054984,1.5610663347742046,0.004784368802487625,1.1930712635624954,0.003183581625808781,-1.7842326412717715,0.010904087789732972,-1.3724210557186425,0.005607754492049358,-0.15958721963542688,0.0041029702368464245,0.6596241336919897,0.004291101693041219,1.5296220270606606,0.0051092281543240435,3.032332873683085,0.01462054743034225,3.662831368926422,0.01861681700278339,0.960385468754589,0.0031415516614462058,2.483719241434358,0.009425760319238351,3.0817690242719187,0.014880972054461697,1.974143542540536,0.006849744365220875,0.48284,0.0015802073737329542,48284.0,0.17478,0.001200966076123718,17478.0,0.05487,0.0007201338979662046,5487.0,100000
four views,12 scenarios,repro_e1b,348,20260920,"1,348",100000,0.06,0.25,4.8,20.0,4.8/20,4,0.15,True,True,0.0,10.0,sinus,0.0,A1,Anchor-view mean,AP,-0.2465416853924175,0.00601684566149354,1.902693662002206,0.005348114506569395,1.9185905690448353,0.006175610233921444,1.4598248997055683,0.003936897932373586,-3.8650522832547827,0.019499896475811997,-3.206715730191169,0.012111446911601471,-1.4172629256077673,0.00735823438964833,-0.3028421005237445,0.00591245519448303,0.850952665003833,0.007108867352696868,2.8594414635855183,0.013096776044153026,3.7012244905084386,0.018555123677085998,1.159503799835488,0.003946873977078818,3.061569802771659,0.011592740423396955,3.7973393221742713,0.010160102518430362,1.979233810194723,0.004116700459989119,0.56112,0.0015692811908641485,56112.0,0.25755,0.0013828159584702514,25755.0,0.10594,0.0009732251353104276,10594.0,100000
four views,12 scenarios,repro_e1b,348,20260920,"1,348",100000,0.06,0.25,4.8,20.0,4.8/20,4,0.15,True,True,0.0,10.0,sinus,0.0,A1,Anchor-view mean,SL,-0.1596184996447166,0.004527073428628769,1.431586316929463,0.004128649795813662,1.4404502608055116,0.004058406782907178,1.1147191196371484,0.002884972376359365,-2.9240011165899005,0.008688147748240003,-2.4378850165547656,0.008401251642570976,-1.071718221642533,0.0054282302673036185,-0.1800374308520687,0.005338871464820108,0.7247459219802914,0.0059214023686270266,2.167571801798271,0.012409192929900966,2.7366490180903322,0.009404766617943124,0.9066358132581853,0.0025031777799998005,2.3237489370823297,0.007783338866354572,2.8476526039473185,0.012380367116186657,1.9769183854740584,0.005111809420789587,0.45843,0.0015756647330571311,45843.0,0.15001,0.0011291899747163893,15001.0,0.04049,0.0006233021731070733,4049.0,100000
four views,12 scenarios,repro_e1b,348,20260920,"1,348",100000,0.06,0.25,4.8,20.0,4.8/20,4,0.15,True,True,0.0,10.0,sinus,0.0,A2,Mean across views,AP,-1.4417384515189018,0.0057061715365317065,1.8044498775062894,0.006945869455436349,2.3096788873406147,0.006431481331402719,1.7958893894411998,0.004592841122561361,-5.370611512476209,0.015256950416837877,-4.52335448327871,0.012733309413764642,-2.4567398043850277,0.00800538950142168,-1.327470942797225,0.004675429452676512,-0.29116360726877133,0.007250264614654748,1.2442771645780837,0.015702015702997698,1.8097186785997796,0.018071342580540772,1.4770243478602696,0.004558112821066141,3.6990429662997664,0.009192851232906755,4.547454127436273,0.021821730370907445,1.9688685524039462,0.006579789717596527,0.65033,0.0015079817343058236,65033.0,0.35839,0.001516399050052459,35839.0,0.17436,0.0011998274475940281,17436.0,100000
four views,12 scenarios,repro_e1b,348,20260920,"1,348",100000,0.06,0.25,4.8,20.0,4.8/20,4,0.15,True,True,0.0,10.0,sinus,0.0,A2,Mean across views,SL,-0.9254422632369926,0.004209028076971199,1.3310115458827496,0.0037924305036638787,1.6211160976133203,0.004390661272866508,1.2600080305203678,0.0032255349463940317,-3.7651528919154527,0.017238803347110192,-3.1876903241497314,0.01010994031860003,-1.7096076512908345,0.004971292121338215,-0.8579654026093615,0.005718356100217521,-0.061082100221427904,0.003990010745919672,1.10549479845712,0.008223608941139899,1.5057106315476563,0.008522348681008849,1.0303451802162225,0.004881537248717831,2.6182266240294045,0.0064746973307162285,3.2074948749023457,0.01696506708616023,1.9785719724975672,0.007619353408223784,0.51238,0.001580654091191365,51238.0,0.19784,0.0012597592404900231,19784.0,0.06393,0.0007735822845696507,6393.0,100000
four views,12 scenarios,repro_e1b,348,20260920,"1,348",100000,0.06,0.25,4.8,20.0,4.8/20,4,0.15,True,True,0.0,10.0,sinus,0.0,A3,Largest view mean,AP,0.6169276582830224,0.0063282218638624895,2.0011594628681455,0.007522635837690397,2.0940866469631434,0.008208022199417851,1.5315696538851236,0.004516097513810233,-2.8844348307697656,0.02921516008944569,-2.26716383661839,0.011448111780747944,-0.6308885177648738,0.006936017644521867,0.46453853346896956,0.005028534898002126,1.6585684315048956,0.010257512551113679,4.0073010065093095,0.025470803926950714,5.085434560707903,0.03336608197248484,1.1609326891638,0.005568573093820406,3.261921914732347,0.011744991975955368,4.198072036520297,0.01781752218018845,2.0047269976189215,0.0055109273237805645,0.55907,0.0015700660339616293,55907.0,0.26731,0.001399483347167804,26731.0,0.12238,0.001036354840776073,12238.0,100000
four views,12 scenarios,repro_e1b,348,20260920,"1,348",100000,0.06,0.25,4.8,20.0,4.8/20,4,0.15,True,True,0.0,10.0,sinus,0.0,A3,Largest view mean,SL,0.486718543340558,0.004573033599919939,1.4461201992226207,0.004722008970353247,1.5258236000255472,0.0052027888343565585,1.1485086488340754,0.0031765950838981254,-2.1500651592300644,0.008097154958434508,-1.698202280664762,0.008836663755169293,-0.43258605299463726,0.006647959993383595,0.4059032533065583,0.0053858471597678995,1.311967304991866,0.006943001776664509,2.9001834632482737,0.012202320558114798,3.597168123401479,0.02336688671328437,0.9081773193567142,0.003068882865976922,2.396602706066039,0.008041552067927728,3.0267968260301776,0.011251988221319481,1.9837134685683846,0.004945415044842017,0.45948,0.001575938227215775,45948.0,0.15896,0.0011562513498370498,15896.0,0.05156,0.0006992965493980361,5156.0,100000
four views,12 scenarios,repro_e1b,348,20260920,"1,348",100000,0.06,0.25,4.8,20.0,4.8/20,4,0.15,True,True,0.0,10.0,sinus,0.0,A4,Largest view mean after review,AP,0.4629101356898891,0.005925804450033428,1.873903903086708,0.0062282010668218675,1.930224473104009,0.006802681377396782,1.4444328275830438,0.004048946427328068,-3.0019906654193322,0.01730486649984589,-2.359797929509012,0.010800030510102967,-0.7061995964952121,0.006971764728069483,0.3762861279312042,0.006206495186565672,1.5165760059405506,0.00787193301836979,3.5823714331401346,0.01793946045801995,4.461876502544833,0.02946618184422261,1.1249450081489836,0.0040260828044554635,3.0484472662822895,0.009772365625159584,3.844327739599158,0.020140444661836107,1.9916480146047806,0.008005012299926572,0.54731,0.0015740449926860416,54731.0,0.24954,0.0013684655216701662,24954.0,0.1048,0.0009685915547845748,10480.0,100000
four views,12 scenarios,repro_e1b,348,20260920,"1,348",100000,0.06,0.25,4.8,20.0,4.8/20,4,0.15,True,True,0.0,10.0,sinus,0.0,A4,Largest view mean after review,SL,0.42666433980712326,0.004403013187619591,1.3923550240636198,0.0043112755093699315,1.4562539563459118,0.004489838160109513,1.1132362085172742,0.002968820545796997,-2.1958532143000946,0.013129157975102458,-1.7312157737866332,0.007455611672073962,-0.46211366249939734,0.005114347732182455,0.3728294310434661,0.004678699110280248,1.2599885425410464,0.006741522367097705,2.7296411110689034,0.013027501199642647,3.3354904931556737,0.01582888923757761,0.8955472645897475,0.0028126486457047354,2.3225534144661517,0.00817819141231161,2.8916882468265004,0.00908670094966945,1.9857032725819577,0.004665292794024152,0.45273,0.0015740570100857211,45273.0,0.14977,0.0011284455994863022,14977.0,0.04387,0.0006476528630369822,4387.0,100000
four views,12 scenarios,repro_e1b,420,20260920,"1,420",100000,0.06,0.5,4.8,40.0,4.8/40,4,0.15,True,True,0.0,10.0,sinus,0.0,A1,Anchor-view mean,AP,-0.24303790120354168,0.006050957695091492,1.9134808341811775,0.0067305568370731724,1.9288441383665735,0.0063247734673167934,1.4677222161474541,0.0039575836931225895,-3.8812137717299526,0.01780941082613119,-3.2056559143037044,0.012214115883424984,-1.4183943985923713,0.00773889780362106,-0.30572655082370437,0.0073395281812278146,0.8629278327999137,0.007701252202336448,2.882486128045732,0.01523694204712146,3.721848628530823,0.016614059474354934,1.1689979263658767,0.00576234757247882,3.076516026247501,0.00931213075227319,3.8108939052413673,0.015074286578860554,1.97573968235121,0.005268530339523834,0.56344,0.0015683601831212115,56344.0,0.26029,0.0013875846493097278,26029.0,0.107,0.0009775019181566859,10700.0,100000
four views,12 scenarios,repro_e1b,420,20260920,"1,420",100000,0.06,0.5,4.8,40.0,4.8/40,4,0.15,True,True,0.0,10.0,sinus,0.0,A1,Anchor-view mean,SL,-0.15478486428267577,0.004543566249987632,1.4368018049830906,0.004710161156772471,1.4451080018529432,0.00424512227979262,1.1178098080872796,0.002896285135187607,-2.906023629299311,0.013913176455055793,-2.415497769295424,0.008110839474341195,-1.072773770772978,0.0056437005783138774,-0.18600765949174347,0.0054778686926697,0.7259340987640559,0.00573217182455618,2.189439859600425,0.009583721409204124,2.7705788398770084,0.013391246446197175,0.9116977518482985,0.0033197035951196227,2.3204530749945182,0.007238811044636079,2.845916234481366,0.011098232085564541,1.96934501146785,0.004765483253478639,0.45923,0.001575873748432913,45923.0,0.15046,0.0011305829841281002,15046.0,0.04054,0.0006236706534702431,4054.0,100000
four views,12 scenarios,repro_e1b,420,20260920,"1,420",100000,0.06,0.5,4.8,40.0,4.8/40,4,0.15,True,True,0.0,10.0,sinus,0.0,A2,Mean across views,AP,-3.0284935625503038,0.007528799840310509,2.3808155542893186,0.009132862924879673,3.8522719632870612,0.009456342476502608,3.1314598260889794,0.007095075036113496,-8.609166204190805,0.05169799070553934,-7.332006346827405,0.027643730486867173,-4.2657203780320305,0.0129828454827274,-2.717355010606603,0.006338447595371531,-1.4469077630781568,0.005092819453678142,0.21280360242245816,0.010757440957667336,0.7609613034936435,0.009571188912241884,2.7277479337616297,0.008069486611697695,6.031201630613267,0.015877716062104166,7.332864989394209,0.028026155310135185,1.9035169529249,0.004760412245093888,0.84192,0.001153649485762465,84192.0,0.64756,0.0015107152160483458,64756.0,0.44821,0.0015726340829957872,44821.0,100000
four views,12 scenarios,repro_e1b,420,20260920,"1,420",100000,0.06,0.5,4.8,40.0,4.8/40,4,0.15,True,True,0.0,10.0,sinus,0.0,A2,Mean across views,SL,-1.940433020532431,0.005328289778289047,1.6849531732786982,0.005690107719672128,2.569886984410522,0.006636943343189339,2.0568974405187155,0.004871874143476855,-5.798478186876434,0.03229184451923891,-4.92552093432716,0.01987146570960877,-2.8428054042427937,0.006484881300066472,-1.7548950723839196,0.0062691730941662575,-0.8177679780025886,0.007875297249656146,0.4264378627897346,0.007741188924330962,0.8333667388646491,0.011636162705166514,1.771204063203331,0.006485238458290699,4.055848652959549,0.013293350599981239,4.926856616721063,0.02047123956748061,1.917149137922569,0.005846496642662731,0.72286,0.0014153918906083928,72286.0,0.43877,0.0015692383091806038,43877.0,0.22466,0.001319802577660765,22466.0,100000
four views,12 scenarios,repro_e1b,420,20260920,"1,420",100000,0.06,0.5,4.8,40.0,4.8/40,4,0.15,True,True,0.0,10.0,sinus,0.0,A3,Largest view mean,AP,0.2770829475725928,0.006286946103572021,1.988106921400844,0.009132884448284336,2.007312772107563,0.008048212852652028,1.4825603120961226,0.00427941327688924,-3.295671632780908,0.02269391433102631,-2.653666615460382,0.01264445735141188,-0.9491550148528942,0.0077977484883547735,0.16346631936188016,0.008000491578961636,1.3518399313957317,0.007227570350206942,3.580459958852072,0.023382924380499187,4.605775894551135,0.027600037151632097,1.1456272273861927,0.004901518649743118,3.1244792436445867,0.006771467798042111,3.965793567440783,0.019290102928547635,1.9756729606602004,0.007229091289273811,0.55345,0.001572078552426691,55345.0,0.25639,0.0013807757526115528,25639.0,0.11068,0.000992118630003489,11068.0,100000
four views,12 scenarios,repro_e1b,420,20260920,"1,420",100000,0.06,0.5,4.8,40.0,4.8/40,4,0.15,True,True,0.0,10.0,sinus,0.0,A3,Largest view mean,SL,0.24062695334078738,0.0045763563457686925,1.4471709437194138,0.00534914448205778,1.4670324222669398,0.00492881364136916,1.1126168899437636,0.003023701253370678,-2.437001710808524,0.016448842309758734,-1.974999938687623,0.010740600986514243,-0.6806695645857743,0.007705496290960278,0.1833384906772797,0.005036463437209865,1.08362573687515,0.00652344013787653,2.6264673843348523,0.014205750637564971,3.2629160889656434,0.017899318073816818,0.8890253809626985,0.003231850543558954,2.3184316773388485,0.009826831880247048,2.8873990981002406,0.011125261901186444,1.9681903782593104,0.006095404312659479,0.44889,0.0015728565347799526,44889.0,0.1463,0.0011175701767674369,14630.0,0.04364,0.000646030575127834,4364.0,100000
four views,12 scenarios,repro_e1b,420,20260920,"1,420",100000,0.06,0.5,4.8,40.0,4.8/40,4,0.15,True,True,0.0,10.0,sinus,0.0,A4,Largest view mean after review,AP,0.18163425341958203,0.006027717297872901,1.9061315752873986,0.007729588717101562,1.914756446900515,0.007086871591701897,1.4366851824651583,0.004002803967060764,-3.3785203749046135,0.015048487363668164,-2.712716109144839,0.016606064767230727,-0.9963960373663698,0.008376946481935222,0.10846465110461168,0.00652460039687326,1.2602916957208956,0.0080802949051388,3.31083588007604,0.017987497650181893,4.1737615200812765,0.030140554757061906,1.1283784627794722,0.004622190618820821,3.0175706778868294,0.010398691367132087,3.779532886790025,0.016445589447320764,1.9738974598613264,0.006717082628622891,0.5477,0.0015739272854868487,54770.0,0.24775,0.0013651737526776582,24775.0,0.10161,0.0009554339741709,10161.0,100000
four views,12 scenarios,repro_e1b,420,20260920,"1,420",100000,0.06,0.5,4.8,40.0,4.8/40,4,0.15,True,True,0.0,10.0,sinus,0.0,A4,Largest view mean after review,SL,0.206353711706708,0.004476780408644126,1.4156822675734788,0.005066406188314628,1.4306355564902944,0.004483906104036803,1.095810799144275,0.0029084794089447364,-2.472940651794708,0.015205683298247376,-1.9996091058949426,0.009700578926717463,-0.6984570832630353,0.00753461807453109,0.16592966522742025,0.00525848259616533,1.0587610828579297,0.0048012042236036685,2.5392338055830432,0.010252527539320013,3.120007684121668,0.015536616054916873,0.8826688104902018,0.00347109872645129,2.285470637230425,0.010453640652862545,2.8271465743987143,0.014772612643220525,1.9761472875275166,0.007593299598560853,0.44602,0.0015718974508535852,44602.0,0.14221,0.001104474154971496,14221.0,0.03993,0.0006191574525110716,3993.0,100000
four views,12 scenarios,repro_e1b,492,20260920,"1,492",100000,0.125,0.1,10.0,8.0,10/8,4,0.15,True,True,0.0,10.0,sinus,0.0,A1,Anchor-view mean,AP,-0.8265092131408948,0.006449824285454322,2.0396135249903686,0.005660009217536399,2.2007042533009984,0.0063871102846852455,1.6868967342073045,0.004469338422634576,-4.988825411739977,0.03460304809495082,-4.120691715353947,0.012121883065826245,-2.0385147092358284,0.00828078223721495,-0.8066503731636177,0.008755135931841006,0.3951147068599128,0.00940340460426796,2.3714896703212522,0.01960159097605033,3.204946943233991,0.028081585504414506,1.3515736270129861,0.00392405723424734,3.5291415095944547,0.008249301841622076,4.381042205031604,0.013509527926286777,1.9907455526839448,0.00458222995846128,0.61648,0.001537635878873799,61648.0,0.32492,0.001481036777396159,32492.0,0.15411,0.0011417535106142656,15411.0,100000
four views,12 scenarios,repro_e1b,492,20260920,"1,492",100000,0.125,0.1,10.0,8.0,10/8,4,0.15,True,True,0.0,10.0,sinus,0.0,A1,Anchor-view mean,SL,-0.526334953393801,0.004779382740840435,1.511373527075403,0.0042723071311821376,1.6003923203418016,0.004622525796058284,1.234704438964473,0.0032198926924967425,-3.560920726340603,0.014001599958360403,-2.9817727694501746,0.015486540076751444,-1.4542427131631763,0.0062925329370786855,-0.5114599079420792,0.004997753100077632,0.4173457359937065,0.00611822911504531,1.879166456011386,0.008558687299678604,2.3984331524870415,0.014803761125185267,0.9996961771541779,0.004199081717036129,2.5756790475478044,0.009021887735255096,3.158927397368239,0.01239083995252778,1.9738456359835415,0.0057709424809280945,0.49988,0.0015811387845473908,49988.0,0.18981,0.0012400893673441442,18981.0,0.0604,0.000753338171075912,6040.0,100000
four views,12 scenarios,repro_e1b,492,20260920,"1,492",100000,0.125,0.1,10.0,8.0,10/8,4,0.15,True,True,0.0,10.0,sinus,0.0,A2,Mean across views,AP,-0.5428852817862438,0.00509894577356836,1.61242823101652,0.004217124779166774,1.7013592301777987,0.004851157747668985,1.3080249779971331,0.0034405024692681623,-3.7689784325413345,0.022097850675567556,-3.1475637920075346,0.013915230709533172,-1.5152117248932484,0.007794928859483807,-0.5418188326981026,0.0047194043855877405,0.43228882442310823,0.00851799369504588,2.028588624462126,0.015563949770668498,2.6744458825998607,0.024191791986446852,1.0517707711435689,0.004587361410047268,2.7354569179564434,0.00576545651325856,3.3960757225937828,0.008718679340009031,1.9960956289277483,0.0048237011965011935,0.5218,0.0015796352743592426,52180.0,0.21349,0.001295808704631976,21349.0,0.07586,0.0008372888414400373,7586.0,100000
four views,12 scenarios,repro_e1b,492,20260920,"1,492",100000,0.125,0.1,10.0,8.0,10/8,4,0.15,True,True,0.0,10.0,sinus,0.0,A2,Mean across views,SL,-0.3490210037266041,0.003830316135564114,1.2112523146876877,0.0031893996972782394,1.2605289205555377,0.0034750502687030988,0.9787662416200883,0.0025118839809651437,-2.7530721895181953,0.01250702614648726,-2.3097904703064405,0.010738964896080413,-1.108105560636504,0.00438666693986168,-0.3437939326194359,0.004329822044433273,0.41802325038131616,0.005064223234842783,1.595192892794064,0.008044853436189109,2.0243196703277815,0.013232191980302725,0.8013255999741302,0.003605221519907922,2.0343513675036986,0.007241380263518519,2.478544357657643,0.012898399399052577,1.9662732978512734,0.007735955037591323,0.40218,0.001550584559448468,40218.0,0.10524,0.0009703841631024282,10524.0,0.02222,0.0004661144880820591,2222.0,100000
four views,12 scenarios,repro_e1b,492,20260920,"1,492",100000,0.125,0.1,10.0,8.0,10/8,4,0.15,True,True,0.0,10.0,sinus,0.0,A3,Largest view mean,AP,1.0033366563077915,0.006522587915236366,2.0626234050836203,0.007808193080568332,2.2936994600288276,0.008855621793373274,1.6634293865400334,0.00499408132671053,-2.453356160833628,0.02055240339353268,-1.8765205903066005,0.008701724423483265,-0.2913635187910837,0.008949546980754761,0.7963278898363537,0.00830463102731279,2.024678087529127,0.010523251050201141,4.603238266305134,0.021252848243146858,5.820379481482083,0.03116144831698527,1.2419584872159017,0.005498494694490087,3.578060476432762,0.014321241661710605,4.664585912329392,0.016961395691010447,2.0336517462801194,0.005930590628965603,0.58313,0.0015591324610179855,58313.0,0.29736,0.0014454654281580034,29736.0,0.14742,0.0011211036687122204,14742.0,100000
four views,12 scenarios,repro_e1b,492,20260920,"1,492",100000,0.125,0.1,10.0,8.0,10/8,4,0.15,True,True,0.0,10.0,sinus,0.0,A3,Largest view mean,SL,0.7534008030242605,0.004663998692175787,1.474885887132203,0.005225401423293151,1.6561640610686932,0.006107385912895348,1.2316044817891763,0.003501488337882822,-1.8104394342659718,0.008554661000343782,-1.3905404246751156,0.010929131283642679,-0.18858546824380218,0.006178830853349443,0.6446275141117568,0.0053856085348796216,1.5493340662353408,0.00700158872583358,3.2330887547022735,0.011597269977649607,3.997482786322495,0.02118121041580983,0.9572876889989015,0.002526488338973432,2.5891095962649375,0.005548733769361872,3.26931195116936,0.010048878742925874,1.9740266245481326,0.005691727629096127,0.48173,0.0015800829316842833,48173.0,0.18395,0.0012252036463380282,18395.0,0.06569,0.0007834208568834506,6569.0,100000
four views,12 scenarios,repro_e1b,492,20260920,"1,492",100000,0.125,0.1,10.0,8.0,10/8,4,0.15,True,True,0.0,10.0,sinus,0.0,A4,Largest view mean after review,AP,0.7006683534577384,0.0059220544646248555,1.8727180535783594,0.006793778366107791,1.999493430598464,0.007248085873203758,1.4902851864711066,0.004215497375647762,-2.7046518571646208,0.021939210781574934,-2.1018320228515806,0.012013568232971531,-0.4614750352979615,0.005253073298059753,0.598366348981771,0.00594475327371164,1.7341003914629498,0.00728495271849003,3.8224388681165067,0.021630814899862894,4.753702698550169,0.024558030396293166,1.1590779017846198,0.005084199648500965,3.1435503466663435,0.010166858236200062,3.9828345808999566,0.020006834849455743,1.9919218137705323,0.007773160685078088,0.55818,0.0015703983176251813,55818.0,0.26051,0.0013879644804533004,26051.0,0.11303,0.0010012702886833306,11303.0,100000
four views,12 scenarios,repro_e1b,492,20260920,"1,492",100000,0.125,0.1,10.0,8.0,10/8,4,0.15,True,True,0.0,10.0,sinus,0.0,A4,Largest view mean after review,SL,0.6296442127328162,0.004354593500697434,1.3770433746369917,0.004193047938115114,1.5141602714953943,0.00497681935554684,1.154181583728027,0.00309928347383088,-1.9210539183068722,0.009987952464612562,-1.4765696718288903,0.009630650029644727,-0.2510218277153555,0.004630307415765169,0.5702941216456856,0.004993101044104526,1.436320248554869,0.006621711911826173,2.9101906109669704,0.006599176850058197,3.497647554378605,0.019574983476305454,0.9225842696887956,0.004354259234793747,2.4121748987348526,0.006237918813123785,2.9850205510916537,0.008003984872261914,1.9714032967881454,0.004866199694755041,0.46587,0.0015774509282383397,46587.0,0.16315,0.001168469415517582,16315.0,0.04918,0.0006838225471567898,4918.0,100000
four views,12 scenarios,repro_e1b,564,20260920,"1,564",100000,0.125,0.25,10.0,20.0,10/20,4,0.15,True,True,0.0,10.0,sinus,0.0,A1,Anchor-view mean,AP,-0.8263714238868467,0.006475609237317964,2.0477674427150596,0.007100816640624242,2.208211786977317,0.00685574444708602,1.6875889884459512,0.004503624079395809,-4.942743213687467,0.03289254407017579,-4.1104063485353945,0.019278876577732678,-2.038371812887079,0.011015056308923639,-0.804957376313042,0.0060584970754246695,0.39307208037003827,0.007486504610567677,2.3729800150822054,0.01671124089264205,3.232387066483121,0.0328480268055488,1.3483860144625996,0.005369822165273984,3.5364908041361467,0.011804923754028192,4.374735912743437,0.017353390612340133,1.981121529439773,0.005272019637580394,0.61462,0.0015390329937983785,61462.0,0.32534,0.0014815325997088286,32534.0,0.15455,0.001143084850306398,15455.0,100000
four views,12 scenarios,repro_e1b,564,20260920,"1,564",100000,0.125,0.25,10.0,20.0,10/20,4,0.15,True,True,0.0,10.0,sinus,0.0,A1,Anchor-view mean,SL,-0.5279672854974212,0.004780882811709033,1.5118478911350464,0.004753692028161745,1.601377732967629,0.004672907169884638,1.2388034498638298,0.003209029376804703,-3.53646442007243,0.014968189986542781,-2.9823177255691693,0.011366064171404193,-1.4626314346814346,0.0078836812555979,-0.5139708438443951,0.004217367659746029,0.41968087318439906,0.005791831348754898,1.870207041291181,0.009372489375863002,2.4191370466473057,0.019344963132128485,1.006959728383169,0.004260782849421431,2.5848461177992177,0.008778403887496759,3.165318480216858,0.010047982632124424,1.9766220143144972,0.005114332601332997,0.50327,0.0015811050158038207,50327.0,0.19267,0.001247189925793181,19267.0,0.06095,0.0007565388126196831,6095.0,100000
four views,12 scenarios,repro_e1b,564,20260920,"1,564",100000,0.125,0.25,10.0,20.0,10/20,4,0.15,True,True,0.0,10.0,sinus,0.0,A2,Mean across views,AP,-1.593395566821816,0.005832688429744881,1.8444580320104824,0.006070422356112811,2.4373963247615436,0.006697833828086496,1.9023205815788702,0.0048188177698136785,-5.67117480381034,0.027389338216901832,-4.762313143993744,0.02563583291876955,-2.6199540753457127,0.007807576747000105,-1.457864743237983,0.005104722413006372,-0.4172215313316532,0.008897881316848776,1.1256452162727832,0.013486640340817658,1.6941253347551009,0.016852491993117537,1.5697279321228832,0.005868811089659078,3.8862580571781162,0.013135191683734315,4.784114025175538,0.022421837714207617,1.9627969307139985,0.005774690750805145,0.67229,0.0014843050761214826,67229.0,0.38784,0.001540844360732128,38784.0,0.19799,0.0012601188828836745,19799.0,100000
four views,12 scenarios,repro_e1b,564,20260920,"1,564",100000,0.125,0.25,10.0,20.0,10/20,4,0.15,True,True,0.0,10.0,sinus,0.0,A2,Mean across views,SL,-1.023517882638702,0.004279786147275283,1.3533872123826725,0.003603712330048747,1.696828655507882,0.00462607709595979,1.3200384366397369,0.0033715536171329066,-3.9342203675636873,0.013011875552542258,-3.330470221856378,0.011323062567406198,-1.8130948268426201,0.006610764217912625,-0.9443944605705683,0.00493744974998897,-0.13893898248545944,0.00495941801195178,1.0184002578159979,0.008246875184575574,1.4091068759657857,0.01479890986824364,1.0855493112372256,0.004151408465654441,2.7325537543695577,0.007405056097181448,3.3502743436501863,0.008753568329548435,1.9744329121123945,0.0035292578886248816,0.53313,0.0015776641058856602,53313.0,0.2168,0.0013030646952473235,21680.0,0.07413,0.0008284608807903967,7413.0,100000
four views,12 scenarios,repro_e1b,564,20260920,"1,564",100000,0.125,0.25,10.0,20.0,10/20,4,0.15,True,True,0.0,10.0,sinus,0.0,A3,Largest view mean,AP,0.40240597011457646,0.006515812945175584,2.0604809714364682,0.008657191223364998,2.099397518960449,0.008489277901466316,1.5326026372975718,0.004537201433662237,-3.2549343862237996,0.012425998332590863,-2.61258731117139,0.015729523510420403,-0.8544886374915452,0.00890921122148349,0.26451388870806936,0.007045010879426747,1.4767438634826633,0.010392623339559409,3.855365809500956,0.024046348217179526,4.920349444371603,0.037236052798971485,1.165561887610627,0.00572173808682575,3.2545379536073655,0.010986033727718817,4.180597450894273,0.02077282481492213,1.9913319955547837,0.00825286575660643,0.56055,0.0015695021424005768,56055.0,0.26796,0.00140056216713147,26796.0,0.12139,0.0010327365002748765,12139.0,100000
four views,12 scenarios,repro_e1b,564,20260920,"1,564",100000,0.125,0.25,10.0,20.0,10/20,4,0.15,True,True,0.0,10.0,sinus,0.0,A3,Largest view mean,SL,0.35524265207902955,0.004671409925389637,1.4772295248548486,0.005151108336695738,1.5193362329939786,0.005399306169487867,1.1434248523763921,0.0031638144787240834,-2.3776724460577308,0.012809742503817128,-1.8934650849033932,0.009487386559082116,-0.5783849624669872,0.007154834442154247,0.29737424284102554,0.005577278638615055,1.1956828657361769,0.007742706901392235,2.7930694944351764,0.01631214479417781,3.481156308650634,0.029788597026149402,0.9033860115695713,0.003307507411003368,2.3888685134349306,0.008601485175546097,3.0088850588517806,0.013992223940353021,1.9803944601008574,0.0066992461540347,0.45683,0.0015752344304896335,45683.0,0.15631,0.001148377916454335,15631.0,0.05051,0.0006925224898875126,5051.0,100000
four views,12 scenarios,repro_e1b,564,20260920,"1,564",100000,0.125,0.25,10.0,20.0,10/20,4,0.15,True,True,0.0,10.0,sinus,0.0,A4,Largest view mean after review,AP,0.18947815117999978,0.006102404455635349,1.9297497283367646,0.0068180424905500085,1.93902004745961,0.007013367856720675,1.4494171982443578,0.004073088655964836,-3.468362248846789,0.017252316839983205,-2.786125153458542,0.011097233375146108,-0.9754683428731783,0.006459031060684215,0.13440101414637784,0.00610211144448641,1.2833844187081,0.010122250927494419,3.3332038997054507,0.014084907705100694,4.208933687750935,0.04109747957438547,1.1315905066190965,0.005810982414033476,3.062270842235511,0.011562396480393027,3.863694798322706,0.01745729730733311,1.9926017801542029,0.0057419783286730705,0.54941,0.0015733996691877116,54941.0,0.25123,0.0013715447025161084,25123.0,0.10557,0.0009717251416938846,10557.0,100000
four views,12 scenarios,repro_e1b,564,20260920,"1,564",100000,0.125,0.25,10.0,20.0,10/20,4,0.15,True,True,0.0,10.0,sinus,0.0,A4,Largest view mean after review,SL,0.2662738583594955,0.004475841996111846,1.4153855154747939,0.004927471642567178,1.4402075863916028,0.004578888370473464,1.1030003025220385,0.002928475372107853,-2.4632807281600804,0.014863104628193432,-1.9653121955457387,0.011321950544288913,-0.6265740048284276,0.006498066840224156,0.2453990416422358,0.005494218240236797,1.1178993367545322,0.006859805212895824,2.57208906593827,0.011330952981991028,3.15724440261539,0.017662512700468168,0.8872277113552709,0.0025807131720779384,2.301846268085973,0.007757142322833683,2.8531338545006504,0.01157018332260362,1.9810573707982557,0.005782044200165641,0.44821,0.0015726340829957872,44821.0,0.14562,0.00111541389448043,14562.0,0.04185,0.0006332343760409727,4185.0,100000
four views,12 scenarios,repro_e1b,636,20260920,"1,636",100000,0.125,0.5,10.0,40.0,10/40,4,0.15,True,True,0.0,10.0,sinus,0.0,A1,Anchor-view mean,AP,-0.8263863372648149,0.0064519207461575,2.0402764840750764,0.005905335767240959,2.2012725598177063,0.0064326120346656045,1.6872357216035965,0.004470857290180596,-4.982011372479602,0.0215640288241944,-4.127978618989841,0.021469669730385766,-2.030757799528321,0.0085344224075872,-0.806314536664684,0.005928502999195998,0.3998793653273316,0.00682887633061225,2.361831527420846,0.018734333797030947,3.1983236801291937,0.02396885373385677,1.3550955112407896,0.004011885951987247,3.542445306923816,0.011670224893503243,4.410516598866238,0.01564475007784875,2.0036213049562046,0.005328457811528108,0.61593,0.0015380514786573303,61593.0,0.32424,0.0014802311387077357,32424.0,0.15293,0.0011381670136671508,15293.0,100000
four views,12 scenarios,repro_e1b,636,20260920,"1,636",100000,0.125,0.5,10.0,40.0,10/40,4,0.15,True,True,0.0,10.0,sinus,0.0,A1,Anchor-view mean,SL,-0.5307153523065838,0.004764775659745592,1.5067543624527537,0.004632488635069447,1.5974807638457553,0.004508510274431714,1.235161574360054,0.0032036400225228254,-3.554110517740754,0.021281381809554446,-2.979531554983661,0.012649180617465384,-1.4581521821462875,0.005648024796527233,-0.5131548540421382,0.00526495997460061,0.41520138932441975,0.005578390245962528,1.8613843804257328,0.013327143254863975,2.424996751069378,0.01734471631878954,1.000566807062824,0.004681127049214709,2.5868336631952866,0.008478353759221333,3.1680436276262003,0.01336526214483402,1.9831497814092556,0.005626638485908127,0.50019,0.0015811387159259621,50019.0,0.191,0.0012430567163247217,19100.0,0.06096,0.0007565968437681987,6096.0,100000
four views,12 scenarios,repro_e1b,636,20260920,"1,636",100000,0.125,0.5,10.0,40.0,10/40,4,0.15,True,True,0.0,10.0,sinus,0.0,A2,Mean across views,AP,-3.1646210990854704,0.007654587185355456,2.4205930054060714,0.007306318105057685,3.9842237143379324,0.009556126051981724,3.254714330658478,0.0072669980328602625,-8.882335453484325,0.0380178966775201,-7.5548579885686635,0.02114964024131616,-4.423743633422648,0.009445852779810452,-2.8466069130914207,0.008716344756980406,-1.535755275717555,0.008782613804702506,0.11060012739460656,0.011827437924081674,0.66260627839396,0.01300004586178184,2.8544247600783024,0.009716080211039608,6.222770795110544,0.018493123879092764,7.554857988568663,0.021149640241310823,1.896193218613998,0.00376650917249796,0.85462,0.0011146508673122717,85462.0,0.66775,0.0014894963494416493,66775.0,0.47166,0.001578596985934029,47166.0,100000
four views,12 scenarios,repro_e1b,636,20260920,"1,636",100000,0.125,0.5,10.0,40.0,10/40,4,0.15,True,True,0.0,10.0,sinus,0.0,A2,Mean across views,SL,-2.0334196230945993,0.005380646382558553,1.7015097852830716,0.005218079193628777,2.6513962287151145,0.00658918446775659,2.1350373985646396,0.004971460533681129,-5.957531800202344,0.02348477882543076,-5.07185232698291,0.01091335274155303,-2.946127064878233,0.005903119306218093,-1.8437946296840542,0.00537342835039767,-0.8881381079187844,0.005658239725358372,0.3488932718311176,0.007830387263615438,0.7482888198819299,0.011223226249469248,1.8535784808856821,0.005301465248033932,4.174454753188454,0.012796008441169328,5.072420373599481,0.011344315724803372,1.9131129171355925,0.0034603833585313513,0.73986,0.0013873254138809684,73986.0,0.4614,0.0015764201216680784,46140.0,0.24094,0.0013523605894878777,24094.0,100000
four views,12 scenarios,repro_e1b,636,20260920,"1,636",100000,0.125,0.5,10.0,40.0,10/40,4,0.15,True,True,0.0,10.0,sinus,0.0,A3,Largest view mean,AP,-0.055018860865200366,0.006542517279695053,2.0689256234845264,0.006694748941484119,2.069646710438616,0.007204004160525125,1.5439915546852525,0.004358378804734401,-3.9958446716385607,0.02089247610933422,-3.232047644125905,0.011824905988523392,-1.2983624061344834,0.00790670277361726,-0.12526506914465418,0.007741613379315274,1.09370731003708,0.009175957872292698,3.3050257886454726,0.019965659855962124,4.346486473185289,0.02319623372299982,1.2020405471314035,0.004573065014085875,3.26727949938022,0.012300401816750512,4.146464349855331,0.015556037561777035,2.0034648082409094,0.005140159548354261,0.57246,0.0015644473413956763,57246.0,0.27601,0.001413607017172736,27601.0,0.12332,0.001039770059195782,12332.0,100000
four views,12 scenarios,repro_e1b,636,20260920,"1,636",100000,0.125,0.5,10.0,40.0,10/40,4,0.15,True,True,0.0,10.0,sinus,0.0,A3,Largest view mean,SL,0.03069711520026519,0.004728886057517187,1.4954050737168323,0.004518673198733828,1.4957126345044751,0.0053813926376683405,1.1343042519826958,0.00308304987657812,-2.835688906290241,0.015565291730570741,-2.313278331944329,0.008775225821853687,-0.8953735222274705,0.007235084760273778,-0.0017435889574222152,0.004375120171638703,0.9078019836353339,0.005575703145073122,2.4492267723574606,0.009473184728487358,3.0958924825427045,0.01484369107694294,0.9014570909944477,0.003219155902174998,2.378518525504878,0.005606196556575266,2.9598935093447185,0.010042543128410792,1.9789185710297366,0.006279342996193213,0.4561,0.0015750326663279083,45610.0,0.15517,0.001144955331443109,15517.0,0.04773,0.0006741798506333455,4773.0,100000
four views,12 scenarios,repro_e1b,636,20260920,"1,636",100000,0.125,0.5,10.0,40.0,10/40,4,0.15,True,True,0.0,10.0,sinus,0.0,A4,Largest view mean after review,AP,-0.19654107313404773,0.006274927232039022,1.9843062205059205,0.00631630341876333,1.9940060670558168,0.006344984916262766,1.5050696715856093,0.004136233295589682,-4.1322730618890064,0.017673714912720694,-3.3589218666316563,0.00972512552401756,-1.3814282246995395,0.007480440323848759,-0.21242562514215102,0.006924213994165538,0.9655482649474494,0.010889161710949908,2.9564142467721197,0.016065357046026768,3.8139544235796072,0.04761783607992672,1.185818683106743,0.00381306628773207,3.17596303425637,0.01398501184137432,4.002004060344507,0.014528286489023542,2.007016992808619,0.004174503885895422,0.56756,0.0015666385875497898,56756.0,0.26857,0.001401571100943509,26857.0,0.11584,0.0010120330745583368,11584.0,100000
four views,12 scenarios,repro_e1b,636,20260920,"1,636",100000,0.125,0.5,10.0,40.0,10/40,4,0.15,True,True,0.0,10.0,sinus,0.0,A4,Largest view mean after review,SL,-0.02385221015846595,0.004607090727308865,1.4568900085337717,0.004477143469719598,1.4570779662084,0.004495970661643318,1.1158154863995589,0.0029631752906784407,-2.892073886944472,0.011110192414048144,-2.3592494197733718,0.012595709888065132,-0.927300522995907,0.005740925778925826,-0.03142387858650242,0.00469598883796757,0.8628809417866967,0.005674168147096559,2.3145879602993737,0.013476623310271368,2.8887475240111313,0.013500575367215172,0.8937671438264752,0.0034162329943410717,2.3393774644232153,0.007924898196031344,2.890464328595377,0.008275385461700124,1.9837403321092877,0.005072464397214225,0.45255,0.0015740028510139363,45255.0,0.15,0.0011291589790636215,15000.0,0.04368,0.000646313063460735,4368.0,100000
four views,12 scenarios,repro_e1b,708,20260920,"1,708",100000,0.25,0.1,20.0,8.0,20/8,4,0.15,True,True,0.0,10.0,sinus,0.0,A1,Anchor-view mean,AP,-1.9332603487930395,0.008262071687564617,2.6126964724295254,0.008307882104556543,3.2501707911173683,0.010131762568009869,2.4559303297595774,0.006732058903052308,-7.84719359188005,0.03525901250939173,-6.498081122190327,0.026987102088443418,-3.2944020969027936,0.010758756284500574,-1.6898261675602746,0.006019419634430523,-0.30244383903648986,0.008768776091149615,1.7612487744015428,0.017825249524452694,2.5696585494991053,0.030854566133685642,1.9291646221175756,0.0073510839950084485,5.201824875705147,0.022411555611551476,6.5611868439459675,0.02479192913508395,2.018720635197855,0.005299984247399202,0.72334,0.0014146350921704156,72334.0,0.48473,0.001580401300619561,48473.0,0.30479,0.001455654683982434,30479.0,100000
four views,12 scenarios,repro_e1b,708,20260920,"1,708",100000,0.25,0.1,20.0,8.0,20/8,4,0.15,True,True,0.0,10.0,sinus,0.0,A1,Anchor-view mean,SL,-1.2404281886045445,0.005815838835423553,1.8391297224399585,0.00638749859872493,2.218338658335438,0.006806446140306707,1.6835765772228397,0.004567950500896301,-5.310904997169956,0.029043657959146117,-4.400161720434867,0.014211018500148328,-2.2430426526403346,0.008284336431492918,-1.1064397537862622,0.00655389710713394,-0.06505239764344095,0.007618197627237749,1.4336686584960445,0.01114169765502756,1.9789657861105314,0.02409459762653583,1.3307118760685865,0.0057752777378457,3.543749785866142,0.013067435364258594,4.439351461690065,0.013419360947069985,2.0012054719459273,0.005622845178060711,0.61064,0.0015419428990724657,61064.0,0.31985,0.0014749439904620108,31985.0,0.15221,0.0011359670589414113,15221.0,100000
four views,12 scenarios,repro_e1b,708,20260920,"1,708",100000,0.25,0.1,20.0,8.0,20/8,4,0.15,True,True,0.0,10.0,sinus,0.0,A2,Mean across views,AP,-0.8316286155111704,0.005254204540328608,1.6615253639836427,0.005238425304286614,1.858021819740729,0.005171055555585755,1.433887869943133,0.0037366089189381437,-4.258704592587165,0.019864436928135804,-3.5675656414206762,0.015674604939520092,-1.8140675739972179,0.005359477390609246,-0.7933211829651601,0.005967372051204168,0.19370246322160822,0.007397042899360046,1.7697666378704022,0.011722922108413837,2.3963692616264725,0.027351475092901662,1.1596890056574023,0.0036057066995237247,2.999070953981612,0.009261772662889571,3.6950769928519276,0.013049444359887988,1.9887156079617752,0.0041685214110542485,0.56072,0.0015694364644674216,56072.0,0.25392,0.0013763888752819822,25392.0,0.0999,0.0009482615145623069,9990.0,100000
four views,12 scenarios,repro_e1b,708,20260920,"1,708",100000,0.25,0.1,20.0,8.0,20/8,4,0.15,True,True,0.0,10.0,sinus,0.0,A2,Mean across views,SL,-0.5341291480666099,0.003918681674479504,1.2391959516517752,0.003463481258749992,1.349401792402265,0.003654694744871238,1.0471945345738505,0.0026912377205619916,-3.06351749817135,0.014208648807167747,-2.5758837793742555,0.008637362853742144,-1.2955975453704702,0.0047923977803879326,-0.5077834911640247,0.0043018673603499764,0.25949185872047853,0.005341935269879872,1.4209194628596806,0.006775884911637873,1.8436957260740863,0.010834593465115144,0.8553100843527397,0.0029318388646169015,2.1846222047785653,0.0067981926080588825,2.675180387793217,0.007903597344944203,1.9824935781586168,0.003961287509168659,0.42928,0.0015652433727698705,42928.0,0.12849,0.001058207540608174,12849.0,0.03146,0.0005519988079697274,3146.0,100000
four views,12 scenarios,repro_e1b,708,20260920,"1,708",100000,0.25,0.1,20.0,8.0,20/8,4,0.15,True,True,0.0,10.0,sinus,0.0,A3,Largest view mean,AP,0.9072937089114381,0.006520209336417211,2.061871232417344,0.008270707923852377,2.2526545097219635,0.008679609544320772,1.633338818468836,0.004905793219307799,-2.550684078077883,0.011116657856684043,-1.973416703352393,0.012007969790086085,-0.3915324894284571,0.005150827167152441,0.7022773613538202,0.00660192278388481,1.9492910038060245,0.008726287248639431,4.495312672988349,0.031136807764332974,5.649294898077089,0.026220124174637705,1.218144217118466,0.003941352619457542,3.4982595375836127,0.016456034542404605,4.563756625110513,0.025324919717002806,2.025946102881884,0.00770511327278745,0.5765,0.0015625227998336535,57650.0,0.29071,0.0014359585505856357,29071.0,0.14193,0.001103566378157653,14193.0,100000
four views,12 scenarios,repro_e1b,708,20260920,"1,708",100000,0.25,0.1,20.0,8.0,20/8,4,0.15,True,True,0.0,10.0,sinus,0.0,A3,Largest view mean,SL,0.6877864855347396,0.004697161188959904,1.485372789405785,0.004987216125442826,1.6368752273365603,0.005951004610539505,1.2184778741763915,0.003456420296856224,-1.9123452416148807,0.014292219748427518,-1.4890385754961146,0.007616415378196423,-0.2652532059868723,0.004379125151542804,0.5859228713851454,0.004844075134325458,1.4969325828810238,0.007524523127280264,3.1855931924239056,0.011098698901157495,3.9501157310705235,0.023490447982373503,0.9501369574379299,0.004012916041199491,2.5518490767476956,0.011384494756297221,3.2337421870987124,0.01571274822444454,1.9755581446244332,0.006694084364761283,0.47817,0.0015796311313088255,47817.0,0.17859,0.0012111796394424733,17859.0,0.06308,0.000768771185724335,6308.0,100000
four views,12 scenarios,repro_e1b,708,20260920,"1,708",100000,0.25,0.1,20.0,8.0,20/8,4,0.15,True,True,0.0,10.0,sinus,0.0,A4,Largest view mean after review,AP,0.5002622598576675,0.006039331053339175,1.9098041672335644,0.007529672541960986,1.97422840935415,0.007245356419838825,1.464409667811485,0.004187003305608862,-3.0334046770739547,0.019624916592461225,-2.362182114563748,0.010527377759848019,-0.6503158432516698,0.005486590692101495,0.42779523769348327,0.005407228531253079,1.5531151680220492,0.008830312359889361,3.6119905623448516,0.024359398604281917,4.5354407032917194,0.020045259834494993,1.1291407206988224,0.003523081264042607,3.0863283869718385,0.008908119845332673,3.931955324987358,0.017424803894965132,1.9916415478357237,0.006209462747165497,0.54928,0.00157344043929219,54928.0,0.25288,0.001374524301713142,25288.0,0.108,0.0009815090422405695,10800.0,100000
four views,12 scenarios,repro_e1b,708,20260920,"1,708",100000,0.25,0.1,20.0,8.0,20/8,4,0.15,True,True,0.0,10.0,sinus,0.0,A4,Largest view mean after review,SL,0.4973443592950748,0.004408714588864527,1.3941579654424716,0.004605071798405892,1.4802055288253029,0.0046903735669764635,1.1283140180022104,0.0030297278154899298,-2.1252986317586733,0.01456836248347835,-1.6520711282190124,0.009684355109343144,-0.37839912566773304,0.00514288335503431,0.46162038629519797,0.004058358404378809,1.3220130760522666,0.0053503531053106235,2.7614411379415396,0.01774420728271411,3.3606732393562444,0.0161322751024546,0.9020787636885994,0.004514211470963637,2.3520059978605206,0.006182097173645336,2.921115244943116,0.00896178678690235,1.9734524618762401,0.004734629546993644,0.45573,0.0015749291003089633,45573.0,0.15301,0.0011384109095577046,15301.0,0.04527,0.0006574239659458727,4527.0,100000
four views,12 scenarios,repro_e1b,780,20260920,"1,780",100000,0.25,0.25,20.0,20.0,20/20,4,0.15,True,True,0.0,10.0,sinus,0.0,A1,Anchor-view mean,AP,-1.923210349170205,0.008234572002375297,2.60400030841594,0.008869322435114735,3.237203707709731,0.01003421524612974,2.443273684272499,0.006715613634224057,-7.877068224578226,0.034509091639644114,-6.492892947246408,0.03110234895097233,-3.2903376607159958,0.00887141339011066,-1.6691656062694835,0.00721410960168993,-0.2809570179540488,0.007474577616657597,1.7620704385840054,0.01441334921002806,2.5495300921744755,0.020492036945260944,1.9060153118101717,0.007263092049127563,5.193275140827209,0.015548474574213721,6.538312063412627,0.030497409224037878,2.019740694056716,0.006262912342041552,0.72078,0.0014186479182658395,72078.0,0.47999,0.0015798721464093226,47999.0,0.3026,0.0014526983169261263,30260.0,100000
four views,12 scenarios,repro_e1b,780,20260920,"1,780",100000,0.25,0.25,20.0,20.0,20/20,4,0.15,True,True,0.0,10.0,sinus,0.0,A1,Anchor-view mean,SL,-1.2244543716468037,0.005824689560208556,1.84192856736635,0.006298816350669374,2.211776532228505,0.0069036798602657885,1.6762616419318044,0.004563028772138542,-5.307640685256428,0.015798648947378938,-4.395848933361377,0.017559203897506648,-2.229452022985724,0.007577168908878969,-1.0814764368908574,0.004793089752035174,-0.048324584312757324,0.007094712902689169,1.4490704465332125,0.012076981261462559,1.990062407309549,0.014613758052149506,1.3180349985365902,0.004917288009909764,3.5413692045325718,0.014361081908414714,4.44034072254638,0.01914392452155837,2.0075901239771525,0.006357316846751253,0.60874,0.0015432939201590863,60874.0,0.31656,0.00147088329380682,31656.0,0.152,0.0011353237423748345,15200.0,100000
four views,12 scenarios,repro_e1b,780,20260920,"1,780",100000,0.25,0.25,20.0,20.0,20/20,4,0.15,True,True,0.0,10.0,sinus,0.0,A2,Mean across views,AP,-1.870610434051408,0.0061079633352191095,1.9315076004090939,0.006149922543140553,2.688841330239475,0.0072427526546316665,2.112233741169264,0.005261524499144842,-6.229626170230954,0.01866575916411378,-5.243021185597962,0.020871984597226282,-2.909777334099117,0.007850764288793275,-1.6980079434361768,0.005922134711763468,-0.6253591352051633,0.004169655854318608,0.8992417236192529,0.008334430008793357,1.4450646766818858,0.008653520140254101,1.7711076001536639,0.0074265412827025645,4.27320924488035,0.011955447619442134,5.257144212365252,0.02308673591515593,1.9551708586304115,0.005863024238724884,0.71231,0.0014315182985208397,71231.0,0.44202,0.0015704722843781738,44202.0,0.23971,0.0013499967255515845,23971.0,100000
four views,12 scenarios,repro_e1b,780,20260920,"1,780",100000,0.25,0.25,20.0,20.0,20/20,4,0.15,True,True,0.0,10.0,sinus,0.0,A2,Mean across views,SL,-1.1881899043169015,0.004439771865698334,1.4039791387141929,0.0039145531339030235,1.8392751178361098,0.005086946049450297,1.4324499374529216,0.0036483331072102196,-4.276412053726622,0.01511587852066901,-3.590632793885938,0.009986390557252686,-1.9806411189716855,0.005649352643158017,-1.084038757129726,0.004412576430209692,-0.2700623222340619,0.005403598951767763,0.890287337492221,0.00946402556740761,1.2751906066073404,0.009922120098293337,1.1795153442324144,0.003907912869154756,2.9390148431787217,0.007607260802170307,3.5983379895932552,0.01436232938457291,1.9563892071930309,0.005662418799650363,0.56884,0.001566081269921839,56884.0,0.25214,0.0013731912481515457,25214.0,0.09412,0.0009233711366509134,9412.0,100000
four views,12 scenarios,repro_e1b,780,20260920,"1,780",100000,0.25,0.25,20.0,20.0,20/20,4,0.15,True,True,0.0,10.0,sinus,0.0,A3,Largest view mean,AP,0.19798451757213487,0.006695764625947021,2.117386689437795,0.008255660592694086,2.1266121951457655,0.00804492939209207,1.567185146106967,0.004545801151252089,-3.756735453530771,0.014481730371105894,-2.98085437855814,0.010143762584421973,-1.0655681823115133,0.007985547113332223,0.10401839149996617,0.006465901363476034,1.3433746877937962,0.007978598933632787,3.685591714962391,0.030458742835827862,4.730057083617381,0.02442409743165926,1.2034890450677738,0.0047800901492721,3.3234204226993795,0.00978886445832509,4.261978765128122,0.0153330497544957,2.0041165826362577,0.006990450576081804,0.57244,0.001564456603424972,57244.0,0.27827,0.0014171655058602013,27827.0,0.12892,0.00105971521457418,12892.0,100000
four views,12 scenarios,repro_e1b,780,20260920,"1,780",100000,0.25,0.25,20.0,20.0,20/20,4,0.15,True,True,0.0,10.0,sinus,0.0,A3,Largest view mean,SL,0.228039014858657,0.004776200785708069,1.510367304512329,0.005017552480394589,1.527477782078548,0.005083765072497666,1.1519438393770596,0.0031721031318403215,-2.6387629714824654,0.009444556428430149,-2.099902240419059,0.008300164527828823,-0.7023756469661442,0.006599563123011206,0.1833493314034782,0.006258392264549339,1.0949935509726803,0.0060189798164468475,2.6917925605599815,0.012294790163362152,3.3711900580049527,0.0174689562179726,0.9083459701971828,0.0038872142331880183,2.4214867730178122,0.007566343536422571,3.0402191209390312,0.008595581624211965,1.9903524336714007,0.004983904080752465,0.45934,0.0015759021682832978,45934.0,0.16175,0.0011644180413408235,16175.0,0.05233,0.0007042128307550212,5233.0,100000
four views,12 scenarios,repro_e1b,780,20260920,"1,780",100000,0.25,0.25,20.0,20.0,20/20,4,0.15,True,True,0.0,10.0,sinus,0.0,A4,Largest view mean after review,AP,-0.13685611799874062,0.006446959888093218,2.038707723011882,0.007469070151836464,2.0432858864119283,0.007073072991314438,1.5218863723014144,0.00431149356069349,-4.296462503621315,0.035824580850975604,-3.398538582432421,0.014665019725707041,-1.3020613548407898,0.009249517986048523,-0.11859940035449812,0.0052685583306418746,1.0536190200956792,0.006489161300871815,3.049508374597052,0.022749475025974526,3.880586513854812,0.024400986791223718,1.179354158554601,0.004195261860022011,3.2325378256243535,0.007827802588449234,4.102776397066082,0.013684119897132913,2.0079306691001917,0.005924686704741363,0.56495,0.0015677419988633335,56495.0,0.26945,0.0014030206609312638,26945.0,0.12038,0.0010290221358163292,12038.0,100000
four views,12 scenarios,repro_e1b,780,20260920,"1,780",100000,0.25,0.25,20.0,20.0,20/20,4,0.15,True,True,0.0,10.0,sinus,0.0,A4,Largest view mean after review,SL,0.08290481624385171,0.004659002698189903,1.4733060151150135,0.005008673208883208,1.475629396706492,0.004656482178610869,1.1224839612141164,0.003029060990557826,-2.8898564758221617,0.02153226372741197,-2.265904601705533,0.012667808942168717,-0.8037045312252621,0.004271422887394331,0.0878262786355748,0.005361537977551697,0.9795733395413797,0.006319828035843758,2.4237861039139257,0.013910373704247692,2.9729544547109286,0.013612410787008844,0.8939245406534186,0.004311406027171861,2.3574589010681013,0.008113664631455976,2.933504905837178,0.00943103078468082,1.9879685999645766,0.004750604594185314,0.45231,0.0015739303158018147,45231.0,0.15343,0.0011396895853696305,15343.0,0.04612,0.0006632717813988471,4612.0,100000
four views,12 scenarios,repro_e1b,852,20260920,"1,852",100000,0.25,0.5,20.0,40.0,20/40,4,0.15,True,True,0.0,10.0,sinus,0.0,A1,Anchor-view mean,AP,-1.9286450106549389,0.008214625163590544,2.59769256414794,0.009199082634666171,3.2353687200823193,0.010139823608380996,2.44381275493089,0.0067048004653930465,-7.819642436192271,0.032552516127144326,-6.463299454031267,0.02719050787837549,-3.291667281199204,0.012559027201151814,-1.6868282418784126,0.008916814187257267,-0.295958078972824,0.006804814829033884,1.7455698542418934,0.017137566991613437,2.524760974075208,0.0271980224163748,1.9227525586824985,0.00638447722701969,5.167511280485451,0.022726213284652734,6.521619362125128,0.030494929448306254,2.015726776872342,0.006627611837663676,0.72251,0.0014159424419798992,72251.0,0.48334,0.0015802608784627934,48334.0,0.30267,0.0014527934164911404,30267.0,100000
four views,12 scenarios,repro_e1b,852,20260920,"1,852",100000,0.25,0.5,20.0,40.0,20/40,4,0.15,True,True,0.0,10.0,sinus,0.0,A1,Anchor-view mean,SL,-1.2443822224351972,0.005825726905987495,1.842256604904611,0.006557988537953244,2.2231424998711713,0.006883163036866193,1.6871161559097263,0.00457823395145764,-5.338967928150202,0.03331765228223373,-4.422945063105031,0.013550258866863053,-2.255282441536975,0.008926260794992452,-1.1038624262385186,0.0076322176400225195,-0.058104813686184587,0.006307905909476017,1.4338113975361062,0.013115424455501488,1.956838192981776,0.01506424351528816,1.3342372708481613,0.006746889318651623,3.5688408960131146,0.00871134761223151,4.457169855519442,0.014416826021113363,2.004896157478763,0.004981594890357323,0.61083,0.0015418064440778552,61083.0,0.32022,0.001475395376161929,32022.0,0.15332,0.0011393549824352373,15332.0,100000
four views,12 scenarios,repro_e1b,852,20260920,"1,852",100000,0.25,0.5,20.0,40.0,20/40,4,0.15,True,True,0.0,10.0,sinus,0.0,A2,Mean across views,AP,-3.4478676768259633,0.007940313309992834,2.5109475394927983,0.008199035157014166,4.265276780516213,0.010095905816426526,3.5156894276334496,0.007637127855783889,-9.398098258405929,0.04899402060419829,-8.005785207437881,0.02846377192941078,-4.734883263701504,0.012030825821425109,-3.089459366845705,0.00880781549710411,-1.7645128506440348,0.008784776764233867,-0.08706078170006411,0.009540688201694614,0.4446397166359922,0.014540302052507914,3.0931852634318364,0.009687883899940061,6.633881450499903,0.015704762336512676,8.00578520743786,0.028463771929409753,1.876967338675017,0.004719038006873295,0.8773,0.0010375196865602119,87730.0,0.7108,0.0014337480950292489,71080.0,0.51814,0.0015800979096245904,51814.0,100000
four views,12 scenarios,repro_e1b,852,20260920,"1,852",100000,0.25,0.5,20.0,40.0,20/40,4,0.15,True,True,0.0,10.0,sinus,0.0,A2,Mean across views,SL,-2.22067589754133,0.005625068315623666,1.7788027871417693,0.006323833610518772,2.845260823908902,0.007050744459567412,2.3005935679038854,0.0052941537751129124,-6.378355183010487,0.024492447017166026,-5.428010910478551,0.016884759516213214,-3.1465238615697055,0.007845625054406162,-1.999277499575307,0.006219320971122163,-1.0248702895009192,0.006244810875724051,0.2171730484156205,0.006193853118624967,0.6079862233172536,0.0106571212676582,2.0051454405609284,0.006141133075402762,4.480448144170165,0.013147757288447606,5.428010910478551,0.016884759516211465,1.9077375490031143,0.004998867155105123,0.76745,0.0013359285066948756,76745.0,0.50141,0.0015811325431474745,50141.0,0.27538,0.0014126070069201838,27538.0,100000
four views,12 scenarios,repro_e1b,852,20260920,"1,852",100000,0.25,0.5,20.0,40.0,20/40,4,0.15,True,True,0.0,10.0,sinus,0.0,A3,Largest view mean,AP,-0.4627328225032958,0.007186529882068701,2.2725802900198353,0.009048302528952076,2.319200550490785,0.008123896896617777,1.719448054557319,0.004921599133629071,-5.051034758827126,0.02513876583030398,-4.058265775712635,0.012793385739437894,-1.7454820219647142,0.008483053777284618,-0.44340782305275894,0.008206529182359146,0.8207442992328136,0.007609321882924956,3.0706242312475824,0.0198755473051963,4.048703446494351,0.034159431454832356,1.3232221553256243,0.00602139150162911,3.6589564437693403,0.012700990801131011,4.652919143532648,0.02885751369457463,2.0062599340742677,0.00866218081338761,0.60562,0.0015454592055437761,60562.0,0.32261,0.0014782854524752653,32261.0,0.15973,0.0011585177042238068,15973.0,100000
four views,12 scenarios,repro_e1b,852,20260920,"1,852",100000,0.25,0.5,20.0,40.0,20/40,4,0.15,True,True,0.0,10.0,sinus,0.0,A3,Largest view mean,SL,-0.24057627969126447,0.005116592838838091,1.6180087230435205,0.0062779935805437875,1.6357881875942053,0.005429673875154698,1.2302076965425084,0.0034094041152036092,-3.536477595663927,0.017873941997038387,-2.858121413818916,0.017560728468541533,-1.185862293096063,0.008452905275913776,-0.21665116389516692,0.0049293574585170035,0.7262422375429487,0.005024110235922605,2.2630593428602666,0.008772083144381868,2.8901139965853204,0.018661183427562726,0.964243940382131,0.003646057526586682,2.5985407122347803,0.011957570275010732,3.2713938519242998,0.018739492880247923,1.999888418766259,0.00768509698644029,0.48481,0.0015804090100350605,48481.0,0.18508,0.0012281099038766849,18508.0,0.06553,0.0007825331884335642,6553.0,100000
four views,12 scenarios,repro_e1b,852,20260920,"1,852",100000,0.25,0.5,20.0,40.0,20/40,4,0.15,True,True,0.0,10.0,sinus,0.0,A4,Largest view mean after review,AP,-0.7225776058995936,0.007073953954593654,2.2369806559671277,0.007823234782192334,2.3507766399413956,0.008163116671250508,1.7412529578158629,0.0049942105381437065,-5.517260346334873,0.021896787979160875,-4.418764145825946,0.0208038587500406,-1.9469334437549464,0.012688967332083571,-0.6165424233706345,0.0075636523913974575,0.6159334919785775,0.0079859939265489,2.609731056542207,0.014545686647756283,3.436130226376712,0.03188213552641514,1.335055088989877,0.005607993119651698,3.7191225769546454,0.014852134008229287,4.733165845952589,0.02774648047283552,2.0134477115063496,0.008404697282783764,0.60872,0.0015433080107353813,60872.0,0.32719,0.0014837004546066567,32719.0,0.16422,0.0011715450977235148,16422.0,100000
four views,12 scenarios,repro_e1b,852,20260920,"1,852",100000,0.25,0.5,20.0,40.0,20/40,4,0.15,True,True,0.0,10.0,sinus,0.0,A4,Largest view mean after review,SL,-0.35440598741052803,0.005081130119814787,1.6067944266298984,0.006019180276282877,1.645407583390219,0.005544022867266474,1.2342555127031005,0.0034409174427075338,-3.7740990487082415,0.023039479265812183,-3.01618821260187,0.014937722619103559,-1.270404456024347,0.008174413314275984,-0.2855702819364714,0.0055188784887776655,0.6407016044358602,0.005903277117750801,2.0687975607679325,0.01152767352664155,2.6242543186040934,0.018101327864350703,0.9650309776181505,0.0032808213066346814,2.6092117241574857,0.010314412019264486,3.2958776844954016,0.013100775102442673,2.003076756036661,0.005252652662905734,0.4853,0.0015804553457785511,48530.0,0.18542,0.001228980974628981,18542.0,0.06643,0.0007875090799476537,6643.0,100000
window +-15%,12 scenarios,repro_e1b,38,20260920,"1,38",100000,0.03,0.1,2.4,8.0,2.4/8,3,0.15,True,True,0.15,10.0,sinus,0.0,A1,Anchor-view mean,AP,0.05415058725117522,0.006408638843354106,2.026589544642601,0.007151694628628944,2.0273027395785093,0.00686323269135193,1.5303093905511795,0.004204910520291589,-3.7309284021743423,0.017405294480152027,-3.051581845779297,0.01729442145104733,-1.210929068161163,0.007095011267980328,-0.012902592333557727,0.006348985846176787,1.2100144939828041,0.009847549669423611,3.393469118989502,0.024263063578044367,4.337998181881383,0.032896475103025825,1.210655917820059,0.005182047526251959,3.2072770678418094,0.014059157808067893,4.018183807782381,0.015026475928359045,1.9820344191010122,0.0050111281974776056,0.57547,0.0015630236053879674,57547.0,0.2786,0.001417681346424506,27860.0,0.11956,0.0010259893098858292,11956.0,100000
window +-15%,12 scenarios,repro_e1b,38,20260920,"1,38",100000,0.03,0.1,2.4,8.0,2.4/8,3,0.15,True,True,0.15,10.0,sinus,0.0,A1,Anchor-view mean,SL,0.10198335484096875,0.004780038390078299,1.511580861569183,0.004715794457761114,1.5150097217377325,0.004532197511713547,1.1676173456322356,0.003052758605710054,-2.775511328490024,0.012828080583753365,-2.268445885231984,0.008404283093972991,-0.8712231517858829,0.007648963911918212,0.06596967737250603,0.005491853259030875,1.030022958151019,0.006483755036320592,2.57174442247581,0.007150733519263561,3.1874993140014465,0.021118037371908985,0.9510593453958336,0.003883037866277097,2.4206303759399233,0.006919766921138905,2.9828109312980424,0.012308648839004151,1.9688394658462824,0.005328310658074728,0.47872,0.0015797061802753068,47872.0,0.16662,0.0011783792920787432,16662.0,0.04892,0.0006821058099737899,4892.0,100000
window +-15%,12 scenarios,repro_e1b,38,20260920,"1,38",100000,0.03,0.1,2.4,8.0,2.4/8,3,0.15,True,True,0.15,10.0,sinus,0.0,A2,Mean across views,AP,-0.22600155388393733,0.005301301598764606,1.6764187615588229,0.005571240351308036,1.6915757336476929,0.005063694247237062,1.291524239302834,0.0034545702135205273,-3.5092167425003837,0.020179147459956533,-2.8890391631107706,0.010390287486085888,-1.2511599145308185,0.007346714293661986,-0.24324898745352108,0.006442564320891368,0.7721946590608515,0.005593590055720988,2.491288902902548,0.011771325388640943,3.185764343240112,0.02499534172578555,1.030322930442217,0.003906693730284534,2.7149536116829736,0.007942012397812302,3.3667644107996093,0.013971793049747773,1.9903125493172926,0.005463468418411457,0.51179,0.001580699199405124,51179.0,0.20791,0.0012832904265987495,20791.0,0.07438,0.0008297446330046371,7438.0,100000
window +-15%,12 scenarios,repro_e1b,38,20260920,"1,38",100000,0.03,0.1,2.4,8.0,2.4/8,3,0.15,True,True,0.15,10.0,sinus,0.0,A2,Mean across views,SL,-0.07606561931624974,0.003972855890178363,1.25632734285794,0.0036077294090778944,1.2586217014141035,0.0035414622885418675,0.9736280268357528,0.002522267659199943,-2.535173254883035,0.012173723722116527,-2.095756495357251,0.008363584724046426,-0.8675384009676584,0.004879222104297132,-0.08346370138385284,0.005277924895840644,0.7105639598153244,0.005619120542804698,1.9537377631840513,0.009615215164776238,2.4193270498232584,0.01190297807933922,0.7915262229964983,0.0034221692933757144,2.03099835080092,0.005096873624594162,2.4804740602550566,0.01472459653609964,1.9707860252752365,0.009125235295138371,0.39393,0.0015451509800016308,39393.0,0.10448,0.0009672844958955974,10448.0,0.0228,0.00047201864369958945,2280.0,100000
window +-15%,12 scenarios,repro_e1b,38,20260920,"1,38",100000,0.03,0.1,2.4,8.0,2.4/8,3,0.15,True,True,0.15,10.0,sinus,0.0,A3,Largest view mean,AP,1.0990277210129749,0.006508711566875204,2.058235318440899,0.008282512021740154,2.3332707074632855,0.00899799317488809,1.70760424926051,0.005028185761152543,-2.391874077641852,0.014114606647647545,-1.8093229805570719,0.014418071496717519,-0.19148365824928915,0.007652136124630221,0.9085768603873734,0.006439387764306065,2.146739413700691,0.006825556537383434,4.630446066519048,0.022729592978795274,5.773676169750307,0.03200310190376866,1.2989988962050787,0.004857728845817604,3.628586372900101,0.015397889823193692,4.683593428345008,0.02183566678244085,2.0073082019004027,0.007531550207972879,0.60077,0.001548694311670318,60077.0,0.31436,0.0014681205345611103,31436.0,0.15547,0.0011458581024716803,15547.0,100000
window +-15%,12 scenarios,repro_e1b,38,20260920,"1,38",100000,0.03,0.1,2.4,8.0,2.4/8,3,0.15,True,True,0.15,10.0,sinus,0.0,A3,Largest view mean,SL,0.8871794000027602,0.004683083469801934,1.4809210237258477,0.005789668798718136,1.7263233865738152,0.005811316576221235,1.3079506676800892,0.0035629625042213125,-1.7404622387548665,0.010740410766013191,-1.3122389317427245,0.011222027455270522,-0.060976932126403316,0.005926760375532372,0.794934771795162,0.005815962696404029,1.7173816316629307,0.006976626274017263,3.3533979036006665,0.015425743898669221,4.089285134199598,0.02403882868251742,1.0461830866779893,0.004704588064953587,2.724028601055552,0.009210517828417914,3.3830172568761427,0.015929029767914448,1.9596660064892713,0.007110885871827859,0.51828,0.001580081775098998,51828.0,0.20934,0.00128653318806784,20934.0,0.07542,0.000835055828073788,7542.0,100000
window +-15%,12 scenarios,repro_e1b,38,20260920,"1,38",100000,0.03,0.1,2.4,8.0,2.4/8,3,0.15,True,True,0.15,10.0,sinus,0.0,A4,Largest view mean after review,AP,0.9219077558993476,0.006137517509844655,1.9408534510274014,0.008011514283096363,2.1486713009744327,0.007807957336708712,1.6041891212172923,0.00452038279005199,-2.563995057188526,0.016627892350375092,-1.9501521214836286,0.010028819074461997,-0.2905644087209134,0.0077796163037295125,0.8024284849887158,0.0063898131954310275,1.9863226943492078,0.007142967016370399,4.183894377943356,0.022455970327731088,5.183253694336033,0.02757706096552715,1.2551687555529114,0.005413340477236646,3.388116838703936,0.01439700732832862,4.278053005893629,0.012956807302228753,1.991022546796018,0.006639332077478736,0.58832,0.0015562762531118953,58832.0,0.29498,0.001442105403914707,29498.0,0.13525,0.0010814686195169973,13525.0,100000
window +-15%,12 scenarios,repro_e1b,38,20260920,"1,38",100000,0.03,0.1,2.4,8.0,2.4/8,3,0.15,True,True,0.15,10.0,sinus,0.0,A4,Largest view mean after review,SL,0.8138692441492449,0.0044985032972743345,1.4225516481164422,0.004390543653652296,1.6389069838154187,0.0049103944312607626,1.2609199795963266,0.003310751980641905,-1.79805109085003,0.015449197410223398,-1.3669236769665414,0.009875460831660767,-0.09760739294982645,0.005784622830679759,0.7534408558100938,0.006230198903370401,1.6527395164296563,0.0060309786723033165,3.1787112646520552,0.011047929016636407,3.799375331757685,0.02492223310799751,1.0249713303520993,0.0035529525249083853,2.6204832259619804,0.008193642453265645,3.223847578437363,0.010337334017351367,1.9670717193065839,0.005287994260121153,0.50985,0.001580831988226453,50985.0,0.1972,0.0012582216021035403,19720.0,0.06537,0.0007816441843959437,6537.0,100000
window +-15%,12 scenarios,repro_e1b,110,20260920,"1,110",100000,0.03,0.25,2.4,20.0,2.4/20,3,0.15,True,True,0.15,10.0,sinus,0.0,A1,Anchor-view mean,AP,0.06562974696112504,0.006390327752226184,2.0207990692018876,0.006785316674930116,2.0218544224262573,0.006593857043102849,1.529616439971986,0.004181131825134649,-3.6974738621403853,0.0190402667604158,-3.0379917915842665,0.011298305579283706,-1.196682980986592,0.00599703761782438,-0.009891246935280318,0.007480704986419026,1.2223689057040559,0.00766581874399884,3.4074144867953944,0.022702364310281227,4.324435539866351,0.028316151593556414,1.209491551179946,0.004024569772900233,3.2073426006699166,0.01062678341026976,4.001830071626,0.01951176589269482,1.979286949266971,0.006265238166463086,0.57521,0.0015631489241271926,57521.0,0.27688,0.001414982210488881,27688.0,0.11988,0.0010271746959500123,11988.0,100000
window +-15%,12 scenarios,repro_e1b,110,20260920,"1,110",100000,0.03,0.25,2.4,20.0,2.4/20,3,0.15,True,True,0.15,10.0,sinus,0.0,A1,Anchor-view mean,SL,0.11568496426622081,0.004772091104542597,1.50906770921833,0.00495691508143865,1.5134878886562735,0.004762024113349327,1.163034861009523,0.0030626865351103044,-2.740862584571592,0.012547703433346257,-2.2497680268354574,0.008848168154572062,-0.8550916556295698,0.005654047930597572,0.07642048258925094,0.004219094870842025,1.033397236948559,0.0069054079161297854,2.597547732284018,0.016213308025902037,3.200510275677588,0.01350057830004123,0.9406415249927766,0.0032556396155722137,2.4233019835052736,0.008413845475685496,2.974776716624284,0.01505209596088991,1.96551075097495,0.0073351760355466885,0.47431,0.0015790504231974355,47431.0,0.16531,0.0011746599673948203,16531.0,0.0485,0.0006793213525276531,4850.0,100000
window +-15%,12 scenarios,repro_e1b,110,20260920,"1,110",100000,0.03,0.25,2.4,20.0,2.4/20,3,0.15,True,True,0.15,10.0,sinus,0.0,A2,Mean across views,AP,-1.0900345174337396,0.005846472811501103,1.8488170362591756,0.006094388408490317,2.1462212144871815,0.006371995443378366,1.6441971175920893,0.00436222462628919,-5.056119338566787,0.028311493633919292,-4.194683683591521,0.01547910570510266,-2.148436991121434,0.00560486841039616,-1.0028561841325203,0.006683830639742524,0.058770114405841234,0.007464766184458292,1.720041509575327,0.01494712791281927,2.3364275176073717,0.025757825102898934,1.3197973867985962,0.00436604911774459,3.4467766243485887,0.012487076123691132,4.283126940452702,0.01894064156735978,1.9956595860395094,0.005736213714871183,0.60699,0.0015445165583443902,60699.0,0.31317,0.0014666102109967736,31317.0,0.14429,0.0011111723354187684,14429.0,100000
window +-15%,12 scenarios,repro_e1b,110,20260920,"1,110",100000,0.03,0.25,2.4,20.0,2.4/20,3,0.15,True,True,0.15,10.0,sinus,0.0,A2,Mean across views,SL,-0.6124219634329177,0.004262769027696555,1.34800592667425,0.004604253278031039,1.4805953088012096,0.004207747381814287,1.1365889887652632,0.0030005615181681084,-3.4499698375821657,0.018426134209690706,-2.880367351404837,0.008828446326281807,-1.4140619166972954,0.005706273363890385,-0.5598781158607908,0.0046747919225069825,0.25079200756604303,0.004123940770477744,1.4603422958747048,0.00984638938623624,1.9045908880679552,0.012288804381489195,0.9076201707540728,0.004241069144798236,2.399435114712956,0.008688419323872308,2.967254863325541,0.012069798584287505,2.004095815843177,0.004556439064247252,0.45988,0.0015760405629297743,45988.0,0.15873,0.0011555725295281124,15873.0,0.04799,0.0006759212964539584,4799.0,100000
window +-15%,12 scenarios,repro_e1b,110,20260920,"1,110",100000,0.03,0.25,2.4,20.0,2.4/20,3,0.15,True,True,0.15,10.0,sinus,0.0,A3,Largest view mean,AP,0.6944264337144544,0.006453768828478075,2.040860899018727,0.007593852535559624,2.1557596410204947,0.00824714514480741,1.5883547348571505,0.004609175751271357,-2.9321679705635213,0.01865014786645018,-2.295314336321334,0.012265155349556401,-0.5792980417002942,0.00485514518939408,0.5541569487418849,0.005754660512095391,1.7850223247440118,0.007143773367111853,4.126358058958129,0.013351584900219274,5.171088744394681,0.038147132869927686,1.216117658431453,0.004550027434563032,3.3667580114329,0.015381484904789001,4.292751648481888,0.024011078594133383,1.9912941901304835,0.007877752027636452,0.57692,0.0015623165927557705,57692.0,0.28528,0.0014279191909908628,28528.0,0.13277,0.0010730429958766797,13277.0,100000
window +-15%,12 scenarios,repro_e1b,110,20260920,"1,110",100000,0.03,0.25,2.4,20.0,2.4/20,3,0.15,True,True,0.15,10.0,sinus,0.0,A3,Largest view mean,SL,0.618314320932246,0.004684122792393073,1.4812496863870144,0.0047679554302423235,1.6051141055654574,0.0054715084941596905,1.2129794571081585,0.003324279138927099,-2.099383335771711,0.010827221411701926,-1.6255646188828816,0.008315791838314006,-0.31972675939761697,0.00658407895072502,0.5508748756888386,0.005358204071562671,1.4612782092328993,0.006650545711679711,3.0619168173802183,0.013833454014259408,3.761504460739593,0.03280414750757232,0.9624076144003646,0.003617314530046473,2.5328459581673415,0.01022242715539331,3.1542978293851838,0.012049428878640989,1.9651548873990938,0.005309180859795421,0.48398,0.0015803270534924091,48398.0,0.17967,0.0012140374421738401,17967.0,0.05917,0.0007461160171179814,5917.0,100000
window +-15%,12 scenarios,repro_e1b,110,20260920,"1,110",100000,0.03,0.25,2.4,20.0,2.4/20,3,0.15,True,True,0.15,10.0,sinus,0.0,A4,Largest view mean after review,AP,0.5836703083467619,0.006209803339501887,1.963712237454582,0.007142611831044251,2.0486088496140424,0.0070734639792525275,1.5313343789612637,0.004303291480768945,-3.0375230964392794,0.02158093681044035,-2.3795480270911726,0.00880381381417009,-0.6397826118349632,0.006334606131185274,0.4870195725375952,0.005600012417417688,1.679123750746362,0.007634800156723883,3.8349827820369216,0.017040666867268902,4.794408209863516,0.0244322006257237,1.192977694730954,0.0052837456136585305,3.233049553727666,0.010572129701036114,4.080792114476594,0.025604086883679954,1.9919820785922187,0.00815178286866421,0.56972,0.0015656919288289124,56972.0,0.27401,0.0014104202207143798,27401.0,0.12158,0.0010334326470554332,12158.0,100000
window +-15%,12 scenarios,repro_e1b,110,20260920,"1,110",100000,0.03,0.25,2.4,20.0,2.4/20,3,0.15,True,True,0.15,10.0,sinus,0.0,A4,Largest view mean after review,SL,0.5732612457476827,0.0045710088357301904,1.4454799125661857,0.005065785468851038,1.5549983084835677,0.004967979924228693,1.1877252453490046,0.003173859723322608,-2.1430711180663877,0.012926878356189936,-1.6618391793237643,0.010661986513663993,-0.3458589466281947,0.006296122085112339,0.5263592935552399,0.005352127185498768,1.4253473717764074,0.006086347828787442,2.9477748508046124,0.012878004640140384,3.589225455233646,0.027035445527525123,0.9528531265342979,0.0033966069765397084,2.480680717288236,0.009040273662561849,3.064435896700744,0.011892055881887686,1.9707004695646118,0.005667329666001261,0.47957,0.0015798183917779915,47957.0,0.17332,0.0011969969824523368,17332.0,0.05382,0.0007136063873032527,5382.0,100000
window +-15%,12 scenarios,repro_e1b,182,20260920,"1,182",100000,0.03,0.5,2.4,40.0,2.4/40,3,0.15,True,True,0.15,10.0,sinus,0.0,A1,Anchor-view mean,AP,0.0504576225381497,0.006365278872811667,2.0128779180234098,0.00566825590277504,2.0135001782377198,0.006612449337311828,1.5247639170341787,0.004158479599597068,-3.7277917262039373,0.019613640898661508,-3.0489623955010434,0.010661537963298206,-1.2086513995117452,0.00845043492349806,-0.02423137819393073,0.0067456315784437315,1.2121825507748407,0.008240271056531358,3.372929274443211,0.024769522615171242,4.267832736001537,0.025098887829288572,1.2102459489295416,0.00459767222847829,3.199305209429089,0.007908190535425075,3.9740944204059088,0.019400423033603845,1.973724394643046,0.006983133506299348,0.5752,0.001563153735241675,57520.0,0.27607,0.001413702072927673,27607.0,0.11909,0.001024243974353767,11909.0,100000
window +-15%,12 scenarios,repro_e1b,182,20260920,"1,182",100000,0.03,0.5,2.4,40.0,2.4/40,3,0.15,True,True,0.15,10.0,sinus,0.0,A1,Anchor-view mean,SL,0.103643588896198,0.004748447742739346,1.5015910217341601,0.00438271528795306,1.5051561521370325,0.004504477140995508,1.1587769092571645,0.0030376641425473843,-2.7539344258628486,0.01585059094124169,-2.259984194846293,0.010566491519584081,-0.8602011361844335,0.006056488924712769,0.07482185434001298,0.005004449432346964,1.0158303377677147,0.0044020491674313395,2.5492206348805264,0.01578255756002587,3.1695177657748737,0.017261832575109815,0.9391979740226957,0.0028689528630152766,2.4010079092378835,0.007438195750472803,2.9518549700209453,0.008979497997744456,1.9611619471042114,0.004383523353012139,0.47272,0.0015787837141293293,47272.0,0.16372,0.0011701100871285574,16372.0,0.04726,0.0006710178268868869,4726.0,100000
window +-15%,12 scenarios,repro_e1b,182,20260920,"1,182",100000,0.03,0.5,2.4,40.0,2.4/40,3,0.15,True,True,0.15,10.0,sinus,0.0,A2,Mean across views,AP,-2.4273455132320723,0.007488177437662673,2.367969622649757,0.008018511171594344,3.391051503825704,0.009210745711549223,2.6561975286296753,0.006666250392382858,-7.885927596296988,0.04188493695383873,-6.658440161354768,0.02082351284122708,-3.6778443316903466,0.010770806540362528,-2.1462932518005915,0.007189683264279213,-0.8694278504921211,0.008112314143727421,0.8583172132449873,0.012356549790386168,1.4668722234595517,0.03011463642979184,2.2039512516942517,0.009781430380128757,5.419432034796392,0.018459564466362134,6.6632777540504415,0.017581056575235832,1.9649591716708195,0.004491183334640935,0.76952,0.0013317618766130828,76952.0,0.54336,0.001575182244694245,54336.0,0.35149,0.0015097840239583938,35149.0,100000
window +-15%,12 scenarios,repro_e1b,182,20260920,"1,182",100000,0.03,0.5,2.4,40.0,2.4/40,3,0.15,True,True,0.15,10.0,sinus,0.0,A2,Mean across views,SL,-1.4706615758555377,0.005300450823806582,1.6761497228944637,0.00585154226528928,2.2298644060745367,0.0064368731664548795,1.712282547287646,0.00451708329763111,-5.312757842264776,0.030355397247832212,-4.447348408637577,0.01396079872104295,-2.3839905487376125,0.007061797108361049,-1.2878709774863237,0.00604380510689006,-0.36109431737887,0.004207292292733485,0.8938955173659662,0.007426663005921551,1.3156157980686922,0.01611334451103588,1.3726657936284707,0.00485633433571923,3.5832874832431534,0.010490004440292263,4.451405826367179,0.013610162309952096,1.9962674924272432,0.004337018107594229,0.62202,0.0015333333610144926,62202.0,0.33327,0.0014906411610444681,33327.0,0.15779,0.001152789295144607,15779.0,100000
window +-15%,12 scenarios,repro_e1b,182,20260920,"1,182",100000,0.03,0.5,2.4,40.0,2.4/40,3,0.15,True,True,0.15,10.0,sinus,0.0,A3,Largest view mean,AP,0.42353597515722574,0.006430754548319903,2.0335831446178227,0.006731353082230865,2.077210093784939,0.0075032071068669645,1.5468745283872762,0.004384062256800818,-3.2782138224238317,0.010415628425257967,-2.641465684895746,0.010282507317133762,-0.843705025057091,0.007833258830545359,0.3204451134225952,0.00762316745096756,1.5475358096868033,0.008763911484933789,3.78980492152098,0.02061780993763874,4.820935073723363,0.02416867300564789,1.201177211453488,0.004558456928103622,3.2479107612010263,0.009679378754348524,4.10416427854958,0.014877665347744283,1.9758060539130515,0.004365390922549335,0.5722,0.0015645675440836679,57220.0,0.27707,0.0014152816507677897,27707.0,0.12307,0.0010388636825878553,12307.0,100000
window +-15%,12 scenarios,repro_e1b,182,20260920,"1,182",100000,0.03,0.5,2.4,40.0,2.4/40,3,0.15,True,True,0.15,10.0,sinus,0.0,A3,Largest view mean,SL,0.4031974198895943,0.0046986691069655214,1.485849634948038,0.004765868468533929,1.5395763117135397,0.0050492627225821275,1.1709720869801894,0.003160901109491644,-2.3953578180632666,0.010299714999362282,-1.897822232296082,0.014927360568361941,-0.5373199389163774,0.005090331862658956,0.35663805452757735,0.004375758832173273,1.2827084526183734,0.0058246839144337524,2.8266976863024493,0.013434581826842453,3.459282291674349,0.013900105597424758,0.9368392717071803,0.0032753183539903545,2.436622389425362,0.00834403565130132,3.0202452855171336,0.01245127844986908,1.9617379551362528,0.0058262127118305,0.47183,0.001578627413609684,47183.0,0.16702,0.0011795097269628597,16702.0,0.05127,0.0006974337753507498,5127.0,100000
window +-15%,12 scenarios,repro_e1b,182,20260920,"1,182",100000,0.03,0.5,2.4,40.0,2.4/40,3,0.15,True,True,0.15,10.0,sinus,0.0,A4,Largest view mean after review,AP,0.35701503665504425,0.006270518011920327,1.982911902677909,0.006239174886253021,2.0147853560077786,0.006796490152498702,1.51579056389284,0.0041973284536273355,-3.3299459394118953,0.024557975475496596,-2.688720933375153,0.016128616792097282,-0.8799334265251431,0.007441956799282286,0.2778393408992912,0.006699167869283008,1.4863428401908934,0.008961380991565912,3.6209679636319922,0.016005899730694235,4.564360049959989,0.028564333965955074,1.1902898238362867,0.004323619372305984,3.181180235089624,0.009370371022458624,3.983842931904176,0.014781868855420838,1.9773038949409534,0.005065584530226461,0.5689,0.001566054884095701,56890.0,0.27123,0.0014059313180237504,27123.0,0.11702,0.001016495546473274,11702.0,100000
window +-15%,12 scenarios,repro_e1b,182,20260920,"1,182",100000,0.03,0.5,2.4,40.0,2.4/40,3,0.15,True,True,0.15,10.0,sinus,0.0,A4,Largest view mean after review,SL,0.378656012364005,0.004637992573934368,1.4666620304579496,0.004718313222120839,1.5147463075747467,0.004712880454421168,1.1591065127529605,0.003083728226975876,-2.4172208264822306,0.0149794348879777,-1.9162168417072494,0.015493286015888121,-0.5508453103397559,0.005201370437721023,0.3434615224542128,0.0051578899869125375,1.2622208130283172,0.006746703815027255,2.7705067871664557,0.011207202661247317,3.378405040853537,0.01537201945616344,0.9322137182713706,0.0029761588518217317,2.4128099755497074,0.00775045932352321,2.981390146129008,0.008453573705736829,1.968243877684375,0.004176212799015565,0.46972,0.0015782367426973687,46972.0,0.16397,0.001170828079181568,16397.0,0.04874,0.0006809141825516634,4874.0,100000
window +-15%,12 scenarios,repro_e1b,254,20260920,"1,254",100000,0.06,0.1,4.8,8.0,4.8/8,3,0.15,True,True,0.15,10.0,sinus,0.0,A1,Anchor-view mean,AP,-0.2047135394964648,0.006426791330520961,2.032329865107025,0.007031002978199138,2.0426039778215217,0.006584932270509871,1.5537022456219312,0.004193158624164985,-4.074138588418045,0.01961071336795895,-3.3666930487356184,0.011723560917693755,-1.4588579804631359,0.006651874673123397,-0.2526685865895688,0.005663764095662074,0.9812501447175153,0.007228490209753603,3.093932450154345,0.019982037100197556,3.9956886045018445,0.030625891971420485,1.2395575394880471,0.005238269985265932,3.252183429197342,0.012183222536611638,4.042684150873226,0.016526159578310048,1.979181571547134,0.006661531609139588,0.58519,0.001558020102245154,58519.0,0.28556,0.0014283398979234598,28556.0,0.12458,0.0010443171146735076,12458.0,100000
window +-15%,12 scenarios,repro_e1b,254,20260920,"1,254",100000,0.06,0.1,4.8,8.0,4.8/8,3,0.15,True,True,0.15,10.0,sinus,0.0,A1,Anchor-view mean,SL,-0.06578913191387928,0.004757538239585329,1.5044656892437487,0.005174548719251554,1.5058959412321784,0.004333962310915986,1.1656779110705755,0.003014841094864728,-2.993536876412366,0.009623193979014556,-2.4637629776646537,0.011486717667764147,-1.0222763473888026,0.005982854966433143,-0.08427847023324198,0.005941420477124818,0.8645950659303763,0.006622295336723116,2.3866730436000108,0.014510638336721607,2.9617542796952043,0.015399520392626166,0.9482287207816307,0.003381870170625126,2.4294589716588817,0.010448304693473647,2.9793793067032555,0.010376681579855556,1.9784762181279403,0.005219451356390119,0.47708,0.0015794767285401835,47708.0,0.16732,0.001180355953092117,16732.0,0.04862,0.0006801183397027314,4862.0,100000
window +-15%,12 scenarios,repro_e1b,254,20260920,"1,254",100000,0.06,0.1,4.8,8.0,4.8/8,3,0.15,True,True,0.15,10.0,sinus,0.0,A2,Mean across views,AP,-0.3184533884802868,0.0053130228737652075,1.6801253541671322,0.005104808495975043,1.7100308588261648,0.005135337352289464,1.305617542461487,0.003492249370764128,-3.6316992251997187,0.00996622061588137,-2.992834213010099,0.014656193202111405,-1.340920000572132,0.006694065007123819,-0.32599946679216796,0.005039905983728811,0.6892380026228351,0.00697339467262379,2.3837206178834527,0.013441087443396876,3.078430420045415,0.032301635429441165,1.0416552345981218,0.003946816495080937,2.7484471437637445,0.009213965343700907,3.4093839758912505,0.01723070274597125,1.993755819255561,0.006654662103847906,0.51649,0.0015802787092788412,51649.0,0.21074,0.0012896846606826027,21074.0,0.07674,0.0008417301966782468,7674.0,100000
window +-15%,12 scenarios,repro_e1b,254,20260920,"1,254",100000,0.06,0.1,4.8,8.0,4.8/8,3,0.15,True,True,0.15,10.0,sinus,0.0,A2,Mean across views,SL,-0.1334908894507565,0.003959323235177014,1.2520479415985866,0.003937173565665264,1.259137875447773,0.003529833852899569,0.973350837958316,0.0025259111541385097,-2.6064754528974388,0.017943917227968162,-2.156683605003954,0.006518772406184742,-0.9177256400276408,0.004885663629756112,-0.13084431747056025,0.004248480070257635,0.6524781731644025,0.0062575111285372055,1.8855097178286215,0.012090647906173129,2.34948812833009,0.012002517851696958,0.7918749544014108,0.0029255245291770677,2.0365746050646214,0.007399193573636459,2.4910349151280893,0.011401545873733597,1.9783654861801618,0.005980962832056108,0.39599,0.0015465507424588434,39599.0,0.10566,0.000972090347652933,10566.0,0.023,0.0004740358636221525,2300.0,100000
window +-15%,12 scenarios,repro_e1b,254,20260920,"1,254",100000,0.06,0.1,4.8,8.0,4.8/8,3,0.15,True,True,0.15,10.0,sinus,0.0,A3,Largest view mean,AP,0.9968709966056638,0.006488097299075466,2.0517165145865146,0.008174115363485536,2.2810634240840484,0.00868473621426963,1.671899724973373,0.004907163880068964,-2.5251439750627735,0.017608098277852733,-1.9303198733455476,0.010690091593765065,-0.28832946709981244,0.00854942966326778,0.8246542811492779,0.007081493326633053,2.0562932769182507,0.007824109925020856,4.4953738323843115,0.02025100813753792,5.640189506036859,0.05070414380057577,1.2694257148306072,0.00428554610623978,3.5444890584870903,0.01714220395734639,4.570330199278306,0.024819297348120082,2.0035962836559458,0.00826473018672583,0.5928,0.0015536671458198502,59280.0,0.30535,0.0014564043995401827,30535.0,0.14846,0.0011243648358073104,14846.0,100000
window +-15%,12 scenarios,repro_e1b,254,20260920,"1,254",100000,0.06,0.1,4.8,8.0,4.8/8,3,0.15,True,True,0.15,10.0,sinus,0.0,A3,Largest view mean,SL,0.8223121188809417,0.004647488336020938,1.4696648540892125,0.006259350465926152,1.6840695962624872,0.005654109811556771,1.2755109438813175,0.0034773184048027235,-1.7998774119542198,0.011342368419044043,-1.368297149291967,0.0112039965659316,-0.11954270395807365,0.0052686956867299085,0.7335504216867685,0.0035216369021964424,1.650950837794534,0.006437263051973966,3.2771917399622503,0.013722294790400434,4.009852570702251,0.017568134354270105,1.0153228280814162,0.003450504619459065,2.6691656142705176,0.006686274306427143,3.3179466304050917,0.018257410887206848,1.970195672298059,0.0075894221491251985,0.50678,0.0015809934585569922,50678.0,0.19882,0.0012621038293262564,19882.0,0.06999,0.000806792413821548,6999.0,100000
window +-15%,12 scenarios,repro_e1b,254,20260920,"1,254",100000,0.06,0.1,4.8,8.0,4.8/8,3,0.15,True,True,0.15,10.0,sinus,0.0,A4,Largest view mean after review,AP,0.7948313887197908,0.006110141063073432,1.9321962584234589,0.006930253262332185,2.089282648120171,0.007236715201212707,1.5633762885337954,0.004382893763193522,-2.7311561762099337,0.017440146002249336,-2.0979629775997273,0.008037175878460581,-0.412147998483958,0.005675130385599744,0.6946308798304703,0.0066534179656581975,1.8617337397616298,0.0073377582497858775,4.017862035244605,0.019754547994156,4.9645990461195915,0.03946643033264689,1.218510617180903,0.003983499395514708,3.290396197290235,0.012209588738837544,4.162727310258373,0.017674110484009933,1.9924194143878908,0.0062739004415529355,0.57876,0.0015613995721787553,57876.0,0.28292,0.0014243464241538994,28292.0,0.12754,0.0010548627797017012,12754.0,100000
window +-15%,12 scenarios,repro_e1b,254,20260920,"1,254",100000,0.06,0.1,4.8,8.0,4.8/8,3,0.15,True,True,0.15,10.0,sinus,0.0,A4,Largest view mean after review,SL,0.7421258273789182,0.004462580815786672,1.4111919620458173,0.005218633870981042,1.5944257846566676,0.0047796089499410055,1.2264400001810096,0.0032218766103358576,-1.8717745050506052,0.012578989648567082,-1.4289478061903815,0.009789819775420856,-0.16189781330489939,0.0055675363293706676,0.6874718476789099,0.004216034193041545,1.5793369485293216,0.005292562627420558,3.0755397505514446,0.01486373906642566,3.692646598112557,0.021439971304001527,0.9931623345082445,0.003456435606988515,2.560280027384553,0.007085557617497742,3.142467264222686,0.013241629479874291,1.9709084577425864,0.006013149855473451,0.49726,0.0015811150887901867,49726.0,0.18567,0.0012296204743741054,18567.0,0.05936,0.0007472375151181852,5936.0,100000
window +-15%,12 scenarios,repro_e1b,326,20260920,"1,326",100000,0.06,0.25,4.8,20.0,4.8/20,3,0.15,True,True,0.15,10.0,sinus,0.0,A1,Anchor-view mean,AP,-0.2186056731333526,0.006391993140803038,2.0213257113110963,0.0061786564522675076,2.0331023618984565,0.006417457632818767,1.5475418817139042,0.004169696301489736,-4.096624877873924,0.028762665151167554,-3.3766984598802017,0.013861850449650447,-1.4564574677317084,0.007535672846970837,-0.2660089787655586,0.007591462414943018,0.9684608542031172,0.0093480086038781,3.058267076532168,0.016816404075491013,3.932154336371678,0.020715388021773327,1.2315480820933904,0.004533721218622623,3.239326056371877,0.00861100382171294,4.0218130742356575,0.014733593006223759,1.9781655609706716,0.004887875588636142,0.58323,0.0015590791099235472,58323.0,0.28543,0.0014281446533877442,28543.0,0.12293,0.0010383555031876126,12293.0,100000
window +-15%,12 scenarios,repro_e1b,326,20260920,"1,326",100000,0.06,0.25,4.8,20.0,4.8/20,3,0.15,True,True,0.15,10.0,sinus,0.0,A1,Anchor-view mean,SL,-0.0636100337214425,0.004752846609020659,1.5029820653913069,0.0049239941031710656,1.5043200243721657,0.004253577514976233,1.1645320667492962,0.003011399790410405,-2.9854854828273054,0.020212765839942803,-2.454323131377089,0.012647264150225587,-1.0193014100465794,0.006322094969589739,-0.08223972643630928,0.004222224669495685,0.8716998059594868,0.006770617707322625,2.3765033953781076,0.00979090937277313,2.944495770276415,0.016993423396632908,0.9481130200758556,0.0036144920519922542,2.4157131640503438,0.008003528111302338,2.9676978161323997,0.014224347745877476,1.9727835620422463,0.00561798490484892,0.47722,0.0015794969819534319,47722.0,0.16772,0.0011814821268220693,16772.0,0.04799,0.0006759212964539584,4799.0,100000
window +-15%,12 scenarios,repro_e1b,326,20260920,"1,326",100000,0.06,0.25,4.8,20.0,4.8/20,3,0.15,True,True,0.15,10.0,sinus,0.0,A2,Mean across views,AP,-1.1870010647523708,0.005907049682595913,1.8679731248777773,0.006013386953913416,2.2132013531879466,0.00651431364615288,1.6947121388615058,0.0045013678570641185,-5.207252506819285,0.03600449344492617,-4.338836767254691,0.016915466390968543,-2.246800739101962,0.009701088697451826,-1.0792844745758838,0.006790294172784764,-0.014666301982215746,0.0062578176132993425,1.6181683429376708,0.01415360225861658,2.2254294785348114,0.019157093789390726,1.3557321521289634,0.005070084659004799,3.5572722802933794,0.011752985951587646,4.404609969037288,0.022086461173089225,1.9901532965777315,0.007050922804651738,0.61692,0.0015373019013843702,61692.0,0.3278,0.0014844095122303683,32780.0,0.15596,0.0011473294138999487,15596.0,100000
window +-15%,12 scenarios,repro_e1b,326,20260920,"1,326",100000,0.06,0.25,4.8,20.0,4.8/20,3,0.15,True,True,0.15,10.0,sinus,0.0,A2,Mean across views,SL,-0.6810594643833524,0.004302451246318814,1.3605545460197588,0.004129508488798457,1.5214901102650795,0.004481112183448236,1.1655843790968523,0.003092498624716902,-3.558135315682511,0.01595611542189327,-2.9764359108727407,0.012936322401157371,-1.482872082115715,0.005179289061932635,-0.6166394079458315,0.004386235770926277,0.19990040673161258,0.004679698982528364,1.3958470869900328,0.008144328048423435,1.8206752480465838,0.019121394931824767,0.9325825814000622,0.003947919806606892,2.453409591498856,0.009961324611383096,3.0384241340156386,0.015276080383362181,1.9970055102666906,0.006245690691924947,0.47079,0.00157843839252598,47079.0,0.16824,0.0011829425277670932,16824.0,0.05228,0.0007038948898805843,5228.0,100000
window +-15%,12 scenarios,repro_e1b,326,20260920,"1,326",100000,0.06,0.25,4.8,20.0,4.8/20,3,0.15,True,True,0.15,10.0,sinus,0.0,A3,Largest view mean,AP,0.5332238895883512,0.006436605067826934,2.035433241331569,0.00746456848561037,2.104109019623382,0.007661829414365623,1.5564022629631984,0.004477618576175975,-3.141152481560577,0.017497539337797553,-2.481415858406873,0.015097665294991675,-0.7237789231176932,0.009199627194105171,0.41325330849332786,0.00698815138834266,1.6374684030619773,0.011714316098476734,3.916091192994377,0.0226910383218741,4.9983041274071,0.03138943912604859,1.198394852054392,0.005312371389406667,3.2828015965438144,0.013732939211419732,4.1947834383241585,0.02608331580730053,1.99361506423987,0.008958523199908043,0.57141,0.001564930068405614,57141.0,0.27795,0.0014166643833314933,27795.0,0.12534,0.0010470429045650422,12534.0,100000
window +-15%,12 scenarios,repro_e1b,326,20260920,"1,326",100000,0.06,0.25,4.8,20.0,4.8/20,3,0.15,True,True,0.15,10.0,sinus,0.0,A3,Largest view mean,SL,0.5119752800752881,0.004649047243779267,1.4701578240070554,0.004139810902089974,1.5567469612165796,0.005058982462453233,1.1842900509779433,0.0031951969981451407,-2.2433588481994513,0.016478098080150615,-1.7580618664126693,0.010656687010138308,-0.425627405799361,0.004532154307563606,0.45972064943183155,0.00539788292645022,1.373482044673986,0.006161777196477339,2.9217387898776126,0.01614348794447061,3.5801672583454236,0.01729760474888091,0.9443037164141801,0.004173421319511887,2.470408197239537,0.00734721547927599,3.070396898890827,0.011884015443559775,1.9723159738762859,0.005316481789095061,0.47574,0.0015792765824895903,47574.0,0.17276,0.001195466362554798,17276.0,0.05386,0.0007138564309439259,5386.0,100000
window +-15%,12 scenarios,repro_e1b,326,20260920,"1,326",100000,0.06,0.25,4.8,20.0,4.8/20,3,0.15,True,True,0.15,10.0,sinus,0.0,A4,Largest view mean after review,AP,0.4032053770625223,0.006169219129903495,1.9508783835177232,0.006244109667476678,1.9921001440952166,0.006709095821948518,1.4977446362224593,0.0041536023415626195,-3.2775291184601323,0.02260313958002453,-2.5934745132935997,0.013102775030239792,-0.8014097437609535,0.008894277315808828,0.3318838186170625,0.006892688764259669,1.515520499269527,0.007812381178667414,3.6003381422793064,0.018477641527212475,4.524043820188232,0.018986447712000705,1.1749908403396438,0.006106919460453986,3.148968537475451,0.011985534273431237,3.9598756502531955,0.019456355129133084,1.9877894502395683,0.006364339313374241,0.56412,0.0015680836253210478,56412.0,0.26714,0.0013992005588906833,26714.0,0.11428,0.0010060819131661198,11428.0,100000
window +-15%,12 scenarios,repro_e1b,326,20260920,"1,326",100000,0.06,0.25,4.8,20.0,4.8/20,3,0.15,True,True,0.15,10.0,sinus,0.0,A4,Largest view mean after review,SL,0.4596281018527704,0.004532419303885974,1.4332768311194533,0.004330574787952154,1.5051644175344618,0.004420543125548381,1.158134761998218,0.0030401530214671443,-2.2905041294078874,0.013863131638413309,-1.7966571852326962,0.008886912614481029,-0.4526620918758424,0.005265496648677599,0.4270168239875187,0.0042889597424893506,1.329274067412117,0.005031943859529888,2.8040165607066556,0.016857108897514253,3.3916601095662426,0.016354480791625273,0.93342727411944,0.0032223731106800547,2.4129098044486854,0.009520765518192276,2.9687967127088517,0.013698622219795127,1.972406919884471,0.005831841717575808,0.47079,0.00157843839252598,47079.0,0.16582,0.0011761110814884792,16582.0,0.0482,0.0006773238516396716,4820.0,100000
window +-15%,12 scenarios,repro_e1b,398,20260920,"1,398",100000,0.06,0.5,4.8,40.0,4.8/40,3,0.15,True,True,0.15,10.0,sinus,0.0,A1,Anchor-view mean,AP,-0.20861319145304458,0.006433242145013782,2.034369791763079,0.006078981944633795,2.0450277569465607,0.006661430437396988,1.5566254907426873,0.004194130659605111,-4.0954690829555025,0.01948036736390242,-3.3843454255304577,0.013013573374417555,-1.4622070986302895,0.007525413863987097,-0.2623919848095442,0.007103688045626164,0.9808725787208998,0.010574804735969159,3.0996137856311594,0.013484601248904429,4.01784471160513,0.02565348287771794,1.2386880826402633,0.0031365653208915655,3.265177741379939,0.012258669309136685,4.063203304654274,0.014472302289852114,1.9868695135566568,0.005552617358853842,0.5854,0.0015579051318998856,58540.0,0.28566,0.0014284899873642798,28566.0,0.12532,0.0010469713348511506,12532.0,100000
window +-15%,12 scenarios,repro_e1b,398,20260920,"1,398",100000,0.06,0.5,4.8,40.0,4.8/40,3,0.15,True,True,0.15,10.0,sinus,0.0,A1,Anchor-view mean,SL,-0.061822143407458646,0.004786400942001411,1.513592877149995,0.004349630673581951,1.5148473406718956,0.004560861585280397,1.1686022043695645,0.003048180842551436,-2.996119971033207,0.01014269440234944,-2.4632872354574684,0.007836730952289055,-1.0246510004496625,0.006252353800391331,-0.08100353229411539,0.005913932966976624,0.8665995972243155,0.006639883602081004,2.396343642226562,0.012620137016872715,2.99090230806488,0.014501617275950562,0.9488940048542827,0.004070161551073042,2.433060636537705,0.007009797438087477,2.9933222627461036,0.009091996729971021,1.9759893834704458,0.004999755414610873,0.47796,0.001579601970117789,47796.0,0.16735,0.0011804405004065218,16735.0,0.04954,0.0006861908510028388,4954.0,100000
window +-15%,12 scenarios,repro_e1b,398,20260920,"1,398",100000,0.06,0.5,4.8,40.0,4.8/40,3,0.15,True,True,0.15,10.0,sinus,0.0,A2,Mean across views,AP,-2.5044224678366587,0.007505996410435583,2.3736044766024493,0.006241243187927218,3.4505178986305998,0.009159694437907472,2.717090926823338,0.006725723678165362,-7.994391338297515,0.0363847309389927,-6.749183037664234,0.02348226545861258,-3.7636363865294813,0.011879219089803343,-2.2289036215359466,0.010660893631283856,-0.9333435744072136,0.008629723782067656,0.7949752306384005,0.01267805574124883,1.3950410420588126,0.013670975320661406,2.274511543268922,0.007045186032872832,5.5147236399891595,0.01551517021860259,6.753122529803644,0.018867764826882346,1.9571330241421852,0.0054131679744314175,0.778,0.0013142145943490354,77800.0,0.55646,0.0015710259972387473,55646.0,0.36339,0.0015209789870343378,36339.0,100000
window +-15%,12 scenarios,repro_e1b,398,20260920,"1,398",100000,0.06,0.5,4.8,40.0,4.8/40,3,0.15,True,True,0.15,10.0,sinus,0.0,A2,Mean across views,SL,-1.5219537537838137,0.005335196292979071,1.687137204990087,0.0057827271837360295,2.272167844328169,0.006507039630521533,1.7510763522185164,0.004578754510227512,-5.374898756316827,0.030981390621945708,-4.526904969501677,0.019692643194583928,-2.4334753148132635,0.006948676758328119,-1.3448708771054005,0.005657313538150819,-0.40186981926316445,0.0063641283013921275,0.8596692789931641,0.010160831051494339,1.2899234149230643,0.012336845887436486,1.4201081635752113,0.004720579104648474,3.640059412556235,0.009631663154888552,4.529113624915184,0.013804059843865867,1.9933006429172246,0.004721113671583867,0.63428,0.0015230524665946345,63428.0,0.34297,0.001501138165193331,34297.0,0.16584,0.0011761679063807173,16584.0,100000
window +-15%,12 scenarios,repro_e1b,398,20260920,"1,398",100000,0.06,0.5,4.8,40.0,4.8/40,3,0.15,True,True,0.15,10.0,sinus,0.0,A3,Largest view mean,AP,0.235410919327846,0.006486988098534657,2.05136575457743,0.006515532721722827,2.0648190426711053,0.007585942635216651,1.5420858373279036,0.004342197374565047,-3.581097812033115,0.0224419495887367,-2.879323957880158,0.012893584195803961,-1.0274522113090008,0.006417020344235086,0.14460853556204079,0.011082404040734054,1.372848914865296,0.0062639052693576345,3.6325435880446024,0.013594704053675756,4.619491384871092,0.0365434651468748,1.1987227627165495,0.0035906680829305604,3.2542419795742896,0.01178397693711998,4.112892336911405,0.015415891250959494,1.9918899680384858,0.0064130607951769555,0.57207,0.0015646274799453064,57207.0,0.27609,0.001413733751100256,27609.0,0.12305,0.0010387911123031425,12305.0,100000
window +-15%,12 scenarios,repro_e1b,398,20260920,"1,398",100000,0.06,0.5,4.8,40.0,4.8/40,3,0.15,True,True,0.15,10.0,sinus,0.0,A3,Largest view mean,SL,0.28523399879097594,0.004733202298884155,1.4967699890818982,0.0045252445846953255,1.5236982742913747,0.005038203088219683,1.1617366086004042,0.0031177463072838076,-2.559651801939398,0.014893481570842979,-2.059290481134828,0.009707186704597212,-0.6597399956790038,0.0061557838951273695,0.2510810509524397,0.0051569858629143305,1.173694937925745,0.005901005174496962,2.7309895658965737,0.009257392661474032,3.3666451021245414,0.023719245491743216,0.9317826076672646,0.003802146148914874,2.424460825538441,0.007100797187432203,3.0093993014514835,0.013462303539376691,1.975062485944642,0.006814394884343094,0.47,0.0015782902141241325,47000.0,0.1639,0.0011706271396136345,16390.0,0.05053,0.0006926522872264265,5053.0,100000
window +-15%,12 scenarios,repro_e1b,398,20260920,"1,398",100000,0.06,0.5,4.8,40.0,4.8/40,3,0.15,True,True,0.15,10.0,sinus,0.0,A4,Largest view mean after review,AP,0.1545695038789419,0.006316831124149443,1.9975573946954095,0.006011844632629643,2.003518748171887,0.006752736818622417,1.5114258142473267,0.004158962225447403,-3.6516883362649124,0.02332783878514355,-2.9386909018380565,0.015501324510014283,-1.075861305022642,0.006964914226588906,0.09186769345041546,0.008320290296281391,1.2998746045092102,0.006949142923023975,3.431859829711938,0.017924855759894734,4.343969573029163,0.03040801049161701,1.1860936066125403,0.003378060689048528,3.183978120963771,0.012039188388966471,3.988268986471781,0.01821487107417609,1.9906322264819742,0.006818720339194344,0.56843,0.0015662609460112321,56843.0,0.2702,0.0014042505474451488,27020.0,0.11711,0.001016834538654151,11711.0,100000
window +-15%,12 scenarios,repro_e1b,398,20260920,"1,398",100000,0.06,0.5,4.8,40.0,4.8/40,3,0.15,True,True,0.15,10.0,sinus,0.0,A4,Largest view mean after review,SL,0.25515542598283447,0.004670811989511577,1.4770404409279085,0.004117931934398154,1.4989099169264146,0.004712405610681684,1.14961540783879,0.003041586106566847,-2.593957408852376,0.012009495162210032,-2.086598036777445,0.00890989181171841,-0.6779468516382177,0.004874779273728231,0.232613316544946,0.004628472240689081,1.1490687036382305,0.0044852189052747675,2.659351158003324,0.008885406087291143,3.254864236192599,0.02258236599730774,0.9270343786263568,0.004368692095895153,2.3981792965943947,0.009188641450706385,2.9650882879609615,0.012343882404077341,1.9781631000487438,0.0064952559801334745,0.46782,0.0015778607276943045,46782.0,0.16075,0.001161505219531966,16075.0,0.04776,0.0006743810673499071,4776.0,100000
window +-15%,12 scenarios,repro_e1b,470,20260920,"1,470",100000,0.125,0.1,10.0,8.0,10/8,3,0.15,True,True,0.15,10.0,sinus,0.0,A1,Anchor-view mean,AP,-0.7743610557502106,0.006801885638073809,2.150945100030095,0.007621677943948251,2.286078214400772,0.0068381785859256815,1.7487514978570309,0.004656225382791763,-5.147886648575488,0.02698171207567674,-4.260506600382202,0.01975281877629608,-2.0564585781381934,0.00844679880322364,-0.7573547427170602,0.00815259717903987,0.5238704878795706,0.008563631418491795,2.615526161984371,0.017196341237844703,3.4616189423685118,0.027565117734456458,1.3945375074439958,0.005165329887490201,3.6707922641304322,0.011342182066479016,4.565929273897781,0.014846613624177534,1.997276053433108,0.004265746056000784,0.62654,0.0015296654157037088,62654.0,0.34103,0.0014990948572388607,34103.0,0.16719,0.0011799894232576832,16719.0,100000
window +-15%,12 scenarios,repro_e1b,470,20260920,"1,470",100000,0.125,0.1,10.0,8.0,10/8,3,0.15,True,True,0.15,10.0,sinus,0.0,A1,Anchor-view mean,SL,-0.42053532141359434,0.0049944030766292365,1.579368927510086,0.00526808388751944,1.6343901681296003,0.004754122861861089,1.2595913152778897,0.003293435572275686,-3.593409615554423,0.01698101772046437,-2.986896594786743,0.014392220034804141,-1.3945886597643498,0.006105623991609626,-0.40361811878059894,0.005486715010292602,0.5669779818394752,0.006054695210635554,2.074609931846282,0.010621946776262983,2.6458553294878433,0.019319859557929326,1.0221522562107608,0.002911796047033351,2.6274645610759464,0.0059465201757063395,3.2371583089619214,0.011866889571560667,1.9806520940263197,0.005391949496464295,0.50944,0.0015808570030208299,50944.0,0.1983,0.0012608612532709537,19830.0,0.06593,0.0007847498652436966,6593.0,100000
window +-15%,12 scenarios,repro_e1b,470,20260920,"1,470",100000,0.125,0.1,10.0,8.0,10/8,3,0.15,True,True,0.15,10.0,sinus,0.0,A2,Mean across views,AP,-0.5044184175403816,0.0053592108357528485,1.6947312702033543,0.005459749382401509,1.7681977539342808,0.005206609381560284,1.3547287666065313,0.0035933914042430245,-3.9020893967277153,0.01861977263078824,-3.2420352350493475,0.009761423681329812,-1.5326617684850092,0.004528569231387614,-0.49274641834015753,0.006086573234320134,0.5234084753070809,0.007333176034276473,2.1803590684073817,0.010820361800758287,2.861909927963605,0.03195594402023868,1.087050678282349,0.0034680553761517264,2.845287489616527,0.008055592825477737,3.5239791259177746,0.013621774402974974,1.9929779449594027,0.0053324988019583155,0.53309,0.0015776725005526339,53309.0,0.22924,0.0013292442303805573,22924.0,0.0858,0.0008856543343765671,8580.0,100000
window +-15%,12 scenarios,repro_e1b,470,20260920,"1,470",100000,0.125,0.1,10.0,8.0,10/8,3,0.15,True,True,0.15,10.0,sinus,0.0,A2,Mean across views,SL,-0.24932038092123981,0.00398999515222451,1.2617472534059702,0.0036102547687218455,1.2861379645119364,0.003634500397181575,0.9923155590170963,0.002587406790138327,-2.7928304366708123,0.009420952920733732,-2.3205976188683675,0.007749235893012878,-1.0311002163138836,0.004820000506904064,-0.23779635198364124,0.0040196351236563834,0.5404584614525303,0.004854198529567879,1.758708188616335,0.010777618303781508,2.2142590875164396,0.01462363812000471,0.8031482166295947,0.002458055645069921,2.081484023431581,0.008624744503865826,2.5649947162505216,0.00844056822873319,1.9943387000661983,0.00442964947198206,0.40301,0.0015511058632472511,40301.0,0.11204,0.0009974318944168568,11204.0,0.02607,0.0005038884311035529,2607.0,100000
window +-15%,12 scenarios,repro_e1b,470,20260920,"1,470",100000,0.125,0.1,10.0,8.0,10/8,3,0.15,True,True,0.15,10.0,sinus,0.0,A3,Largest view mean,AP,0.851040947338981,0.006558453145140612,2.0739649866139205,0.008623262738742107,2.241775735090478,0.009026573516326662,1.636987161158156,0.004843402666713977,-2.7111603967104956,0.020877963438524317,-2.1163465929119245,0.012161903352523297,-0.4443963599571674,0.007163319300851547,0.6796166596457596,0.005436703730499169,1.9226485747409674,0.008176466203633638,4.398786887429831,0.0248924439807054,5.549340739908488,0.04482036247131805,1.2408676311947695,0.004232835800350188,3.4801954091867087,0.016620073468063542,4.502457179265095,0.02403798841836948,2.008433363243347,0.006895426906894155,0.5847,0.001558287232829686,58470.0,0.29555,0.0014429144032131636,29555.0,0.1413,0.001101518542739976,14130.0,100000
window +-15%,12 scenarios,repro_e1b,470,20260920,"1,470",100000,0.125,0.1,10.0,8.0,10/8,3,0.15,True,True,0.15,10.0,sinus,0.0,A3,Largest view mean,SL,0.7295847299995841,0.004669408983575569,1.476596771495056,0.005198033865538879,1.6470003340794843,0.005671462031468998,1.2440386012307394,0.003413194557892779,-1.9428233087589866,0.008283034048216079,-1.4917726321091511,0.008088324006577425,-0.20735097769008737,0.004166844823263948,0.6560750471949461,0.00477813143784129,1.5569925160945204,0.005022300510071013,3.1825202083436386,0.010632592517902351,3.9091892986239305,0.009994483503244334,0.9877872551448239,0.003469836240439991,2.5963708137894113,0.013427092454397462,3.243044698979998,0.016468576664347947,1.9690613486077706,0.007537519875335658,0.49507,0.0015810619693737498,49507.0,0.18743,0.0012340988416654477,18743.0,0.06518,0.0007805867511045777,6518.0,100000
window +-15%,12 scenarios,repro_e1b,470,20260920,"1,470",100000,0.125,0.1,10.0,8.0,10/8,3,0.15,True,True,0.15,10.0,sinus,0.0,A4,Largest view mean after review,AP,0.5845451854447266,0.0061714090382809185,1.9515708933516973,0.0075675787040221975,2.037224567718207,0.007204145801390716,1.5232602115425125,0.004277827213728676,-3.074439145761482,0.02228084289357011,-2.3787058980305176,0.013603633859079698,-0.6117736101444924,0.006409431897287201,0.5083611680233044,0.005507918118272643,1.6739334201818217,0.007149890605812296,3.78832958314966,0.016844814199822523,4.730448094360033,0.032551869874552,1.189444847970472,0.004105696899055316,3.216622468845359,0.0092530467999992,4.052906700167368,0.014878996665177448,1.9894255961711798,0.005566323357233702,0.5693,0.001565878379696201,56930.0,0.27191,0.001407035720584236,27191.0,0.11967,0.0010263970532888333,11967.0,100000
window +-15%,12 scenarios,repro_e1b,470,20260920,"1,470",100000,0.125,0.1,10.0,8.0,10/8,3,0.15,True,True,0.15,10.0,sinus,0.0,A4,Largest view mean after review,SL,0.6193862210422026,0.004494321071037926,1.421229112056726,0.004898604612383608,1.550326185308305,0.0048437265899815285,1.190191367113291,0.0031416009615452384,-2.0762517920692085,0.012293615829169598,-1.598471954227019,0.009448999331436583,-0.2754675097469719,0.006056627986467346,0.5885431721597627,0.003916433724664454,1.4596565530249945,0.005028793540169467,2.949632995236313,0.008662017751262904,3.544457348588137,0.010756460057017431,0.96327038018087,0.0030914198634249047,2.471583257939809,0.008800026265383882,3.0554005159010096,0.011093502078369556,1.970811397533996,0.005193315133447697,0.48425,0.0015803541928947446,48425.0,0.1724,0.0011944799705311095,17240.0,0.05377,0.0007132936779475898,5377.0,100000
window +-15%,12 scenarios,repro_e1b,542,20260920,"1,542",100000,0.125,0.25,10.0,20.0,10/20,3,0.15,True,True,0.15,10.0,sinus,0.0,A1,Anchor-view mean,AP,-0.7721435989938507,0.006757568676862239,2.1369308463895056,0.0066076551114166845,2.2721429345408097,0.006660398549373727,1.7356649805801525,0.004636940900413046,-5.112802922059556,0.02111670921283802,-4.248859051371607,0.019848975827789085,-2.0501943853860247,0.01006384520979991,-0.7407699046878573,0.008784237626346742,0.50716924150475,0.010251510080875161,2.5968577221534637,0.01978992127329271,3.4634621351869854,0.029341284094374163,1.38370448086686,0.005378353741680635,3.666606975584381,0.01364018960253706,4.547087093065756,0.015471405635885392,2.001232855531029,0.0049116735532883,0.62099,0.0015341493405141495,62099.0,0.33856,0.001496452894013039,33856.0,0.16591,0.0011763667451097043,16591.0,100000
window +-15%,12 scenarios,repro_e1b,542,20260920,"1,542",100000,0.125,0.25,10.0,20.0,10/20,3,0.15,True,True,0.15,10.0,sinus,0.0,A1,Anchor-view mean,SL,-0.42079504448630595,0.004984840317937657,1.5763449176920896,0.0041523702384156785,1.6315351422402515,0.00464407137767503,1.2587993206977777,0.003282288780706797,-3.6040636578669556,0.02008395933756976,-2.9835715414313806,0.017440102558764062,-1.395357542085083,0.006931878096804656,-0.40210711102746455,0.006457176014792574,0.5688349457795683,0.005626191464614171,2.0815471148966505,0.008429390448499267,2.633523370589498,0.014290302740740087,1.0195504605557562,0.0032377269135113254,2.621265189111518,0.007049081441927554,3.229691734535248,0.013186829497015063,1.9795416297932613,0.005767041214238838,0.50827,0.0015809225379505474,50827.0,0.19819,0.001260597968822733,19819.0,0.06524,0.0007809208820360742,6524.0,100000
window +-15%,12 scenarios,repro_e1b,542,20260920,"1,542",100000,0.125,0.25,10.0,20.0,10/20,3,0.15,True,True,0.15,10.0,sinus,0.0,A2,Mean across views,AP,-1.372985973904838,0.0060106442671634865,1.9007326089270236,0.006235416319076209,2.3447470668141244,0.006615454949176355,1.805361474090086,0.0047313118059541534,-5.544713350750796,0.030734354965034346,-4.618856178641356,0.01802262348988948,-2.4371451430092925,0.007917501548441397,-1.2479775293050883,0.006826845410518036,-0.1703256692661954,0.0073944181164331746,1.4486195824265728,0.011170964021590625,2.071926945652547,0.01855766761636996,1.4565787911727686,0.00506801286891366,3.7728224346357817,0.013532783057385131,4.666354289492066,0.014812702621141942,1.9901311981732752,0.004292177655324569,0.64319,0.0015149145979229325,64319.0,0.35911,0.001517069569597914,35911.0,0.17893,0.0012120810826838277,17893.0,100000
window +-15%,12 scenarios,repro_e1b,542,20260920,"1,542",100000,0.125,0.25,10.0,20.0,10/20,3,0.15,True,True,0.15,10.0,sinus,0.0,A2,Mean across views,SL,-0.7938294507288461,0.004390124738392766,1.3882793385571994,0.004331901654671927,1.5992077555821376,0.004641921212703196,1.2245860044570933,0.0032524838844386118,-3.765241053205643,0.017564181788162197,-3.140175251580942,0.013518070772544155,-1.6060233690253554,0.005647774534608946,-0.7150508939495575,0.005305086613806221,0.10102928654268195,0.005521528958835288,1.3018137082461456,0.01010366715572599,1.7187751657117716,0.009532127350355838,0.9808938354547196,0.0040709894569359514,2.5781910166530406,0.009962398469941595,3.18485825847775,0.013000217317388,1.9915225194230064,0.004969656627376387,0.49198,0.0015809354180357906,49198.0,0.18769,0.00123475691494318,18769.0,0.06178,0.0007613358759443824,6178.0,100000
window +-15%,12 scenarios,repro_e1b,542,20260920,"1,542",100000,0.125,0.25,10.0,20.0,10/20,3,0.15,True,True,0.15,10.0,sinus,0.0,A3,Largest view mean,AP,0.28648964406117383,0.006621746056216691,2.0939799624882114,0.0068291366678355685,2.1134768870123932,0.007546471267736251,1.56733964357323,0.004483582380340857,-3.640543620753627,0.02315107886267533,-2.895330034925133,0.013519327143252312,-0.9786361621788455,0.006347500763896166,0.19619043970029093,0.005740074793460095,1.4303392742681336,0.0095108490586403,3.7463548157773903,0.019120937166344613,4.80173453104292,0.030260843306327532,1.2060159240368726,0.005427020607434663,3.3311294189564418,0.012143306571706753,4.237436140325314,0.017124131851361014,2.004959773331302,0.006469677303846627,0.57264,0.001564363865601606,57264.0,0.28138,0.00142198908434629,28138.0,0.12962,0.0010621612664751055,12962.0,100000
window +-15%,12 scenarios,repro_e1b,542,20260920,"1,542",100000,0.125,0.25,10.0,20.0,10/20,3,0.15,True,True,0.15,10.0,sinus,0.0,A3,Largest view mean,SL,0.35851580017650864,0.004774685600998013,1.509888161036365,0.005247478614385167,1.5518611536446778,0.005237390455264194,1.1748726691784048,0.0032061776790819163,-2.50487114761372,0.010877759959173228,-1.9877259749707406,0.013902282619399197,-0.5810126857294566,0.0075792981850342665,0.32261861248225765,0.005985989083940956,1.2376370284063583,0.005907335709031026,2.795720700857414,0.01163435003255903,3.455021564922024,0.01616246841599767,0.9363656625428782,0.0042974413239486135,2.448780978275128,0.009122836464905627,3.049425913110346,0.013662441784722989,1.9650120798168766,0.007489943513338098,0.47213,0.001578680661501876,47213.0,0.16824,0.0011829425277670932,16824.0,0.05334,0.0007105972445767011,5334.0,100000
window +-15%,12 scenarios,repro_e1b,542,20260920,"1,542",100000,0.125,0.25,10.0,20.0,10/20,3,0.15,True,True,0.15,10.0,sinus,0.0,A4,Largest view mean after review,AP,0.10281772963690591,0.006372035589116098,2.0150145793259697,0.0065184989623582375,2.017625990511213,0.006625319973759391,1.5164803441459898,0.004208467315546551,-3.855328938698771,0.020916661881736014,-3.0764583729049773,0.014384227589274576,-1.098613919064145,0.006058779237290793,0.07510882836018418,0.00671978694039213,1.2681990864459705,0.007816007920603137,3.3521995335719588,0.01664263055534891,4.23872123814022,0.032494855481839224,1.18309031406233,0.004376448892394185,3.2163241579338124,0.015120151747126472,4.054106532385176,0.0166721845972361,2.009344918954961,0.004703716847210718,0.56597,0.0015673160469413946,56597.0,0.27149,0.0014063540802372637,27149.0,0.11984,0.0010270266520397608,11984.0,100000
window +-15%,12 scenarios,repro_e1b,542,20260920,"1,542",100000,0.125,0.25,10.0,20.0,10/20,3,0.15,True,True,0.15,10.0,sinus,0.0,A4,Largest view mean after review,SL,0.28008365464053625,0.004649346781930879,1.4702525462875766,0.004605544962109673,1.4966856005976683,0.004515904217568798,1.1473252821257014,0.0030392790613051565,-2.6115753052488215,0.015292129698357354,-2.0653642948527717,0.01254253692508994,-0.6315924167816331,0.006274089257931225,0.2734751044051482,0.005556179131400407,1.1735451252791402,0.004815774669960217,2.635399651175193,0.006898293248300274,3.2193057218124106,0.014309643351330236,0.9245959814700848,0.003595941941506595,2.3949802635622843,0.008050076617552636,2.9617039712009965,0.011273008329360781,1.97884176210308,0.005293595171996461,0.46677,0.001577643074652819,46677.0,0.161,0.0011622349160131096,16100.0,0.04773,0.0006741798506333455,4773.0,100000
window +-15%,12 scenarios,repro_e1b,614,20260920,"1,614",100000,0.125,0.5,10.0,40.0,10/40,3,0.15,True,True,0.15,10.0,sinus,0.0,A1,Anchor-view mean,AP,-0.7588054410582995,0.006771045144443889,2.141192479626649,0.007828965966083387,2.271661305110656,0.006712783849165223,1.7365742968352134,0.004631172901620903,-5.083143210926918,0.033974122383060246,-4.213908159074228,0.024463638461690404,-2.032381053325408,0.007399656998649179,-0.7351040626269825,0.0077641962836227565,0.532711778018744,0.010469346691069558,2.604198565571161,0.018120462529274028,3.482075093614416,0.02478628473997891,1.3881200252855366,0.00490660082278863,3.6576426408977873,0.013859630486670958,4.531425792415191,0.022743956168791855,1.994762943851112,0.005669524378211351,0.62264,0.001532838642519166,62264.0,0.33715,0.0014949243375502318,33715.0,0.16501,0.0011738044977763545,16501.0,100000
window +-15%,12 scenarios,repro_e1b,614,20260920,"1,614",100000,0.125,0.5,10.0,40.0,10/40,3,0.15,True,True,0.15,10.0,sinus,0.0,A1,Anchor-view mean,SL,-0.41737155468371734,0.0049795856410245806,1.5746832429507271,0.004130501466799953,1.6290492730472477,0.004679865026811497,1.2554193930243986,0.003282886624570831,-3.6148092564413568,0.019649939978809622,-2.975901028722825,0.0132827098365624,-1.3886543525559358,0.0071510161968856715,-0.39368584688021624,0.0054787185356631775,0.5705912314431161,0.007566833691388478,2.08323998736746,0.011737692737625458,2.6496202818399754,0.01856071379091335,1.0138574335942314,0.0031493705677292584,2.6222696716989002,0.006924485943659532,3.235182685006652,0.010374133548586623,1.9859329846757932,0.004857372421251253,0.5062,0.0015810172674578858,50620.0,0.19774,0.001259519322598903,19774.0,0.06472,0.0007780187761230445,6472.0,100000
window +-15%,12 scenarios,repro_e1b,614,20260920,"1,614",100000,0.125,0.5,10.0,40.0,10/40,3,0.15,True,True,0.15,10.0,sinus,0.0,A2,Mean across views,AP,-2.6957716551506694,0.0076996382442603515,2.4348394011202594,0.007076314880531615,3.6325705005591225,0.009580669827659824,2.8745091644649436,0.007023400054879215,-8.370975773470734,0.03502613149211352,-7.080687546442922,0.01856006177633994,-3.9569376478890264,0.0121836912486788,-2.3859265444772393,0.007933794932363446,-1.091731096922275,0.008207399002034545,0.6379932297574824,0.008207602226450195,1.235490158983489,0.016158501637898767,2.4168629831342994,0.009228658843878933,5.784689979569309,0.013935799083828967,7.082058997152708,0.01848955015221865,1.949599875917795,0.004031813154338195,0.79962,0.0012658114219740633,79962.0,0.58598,0.001557586079804259,58598.0,0.392,0.001543813460234105,39200.0,100000
window +-15%,12 scenarios,repro_e1b,614,20260920,"1,614",100000,0.125,0.5,10.0,40.0,10/40,3,0.15,True,True,0.15,10.0,sinus,0.0,A2,Mean across views,SL,-1.6420266895997018,0.005444842792291613,1.7218104725192587,0.0052568180171243374,2.379254779615188,0.006765048373726906,1.8424925663329192,0.004760354094288315,-5.572802446828954,0.0185699415117209,-4.7053772258730495,0.010687324398310102,-2.571165861794794,0.009243880149021989,-1.4449232851374347,0.005328410935188361,-0.4985387969616921,0.005668308244142161,0.7725491372803568,0.00977393754526183,1.1960973562509825,0.00986055443145031,1.4989734584968055,0.00443536507609637,3.8299337081502487,0.010539936669153467,4.706837886661077,0.011489702305621302,1.9782824130429377,0.0041768797016789655,0.65434,0.001503925411714291,65434.0,0.36942,0.0015262662402084376,36942.0,0.18607,0.001230641926394514,18607.0,100000
window +-15%,12 scenarios,repro_e1b,614,20260920,"1,614",100000,0.125,0.5,10.0,40.0,10/40,3,0.15,True,True,0.15,10.0,sinus,0.0,A3,Largest view mean,AP,-0.1241393210233648,0.0067304981323871044,2.128370388585274,0.007091441680914331,2.131976965735245,0.007153245963169336,1.6022603415586103,0.004447591889289934,-4.257220637506141,0.03522162190302375,-3.462899282554724,0.014121483902913168,-1.4000152828399712,0.008315945330712457,-0.16093784085218088,0.007080903239001017,1.087977019508569,0.006575001008868078,3.3263769439943665,0.013496430894043144,4.2635462971217155,0.027947518312363157,1.2527248219276803,0.006021787007415951,3.4022449042348053,0.011828962120543794,4.259991464521109,0.021036690886078954,1.9981414119321808,0.006826971832783047,0.58771,0.001556621199585821,58771.0,0.29559,0.0014429710735146426,29559.0,0.13687,0.0010869066339847227,13687.0,100000
window +-15%,12 scenarios,repro_e1b,614,20260920,"1,614",100000,0.125,0.5,10.0,40.0,10/40,3,0.15,True,True,0.15,10.0,sinus,0.0,A3,Largest view mean,SL,0.06465287144718929,0.004853885261136191,1.5349332926311539,0.004674327202679961,1.5362866420078496,0.004734458497194877,1.1720252040611996,0.0031409288958704337,-2.9526979034021696,0.019982886014433245,-2.387047331811704,0.013916763547002097,-0.8771094333401117,0.006207924065485869,0.05899966400802947,0.006548227234662985,0.9918463908475639,0.0060803472762534115,2.533492179720522,0.013705745284512011,3.143543550022714,0.014359787761203406,0.9347800422970849,0.003302282670856895,2.460893471419411,0.009852752695688496,3.0492568766103982,0.00958666958919211,1.9848228795540215,0.004348875940275032,0.4719,0.0015786398892717744,47190.0,0.16962,0.0011867984479261844,16962.0,0.05304,0.0007087083913712325,5304.0,100000
window +-15%,12 scenarios,repro_e1b,614,20260920,"1,614",100000,0.125,0.5,10.0,40.0,10/40,3,0.15,True,True,0.15,10.0,sinus,0.0,A4,Largest view mean after review,AP,-0.2338724602603593,0.0065824821036200255,2.0815636104735766,0.006790958509512093,2.094650343862999,0.006642259525865907,1.5836634925281998,0.004335422472339665,-4.393296130523699,0.03278210412073089,-3.581711687216061,0.013622424174247904,-1.4755371234423968,0.0061996144918178685,-0.23409869767091696,0.006535156298481629,0.9953304759261292,0.00985530858126581,3.073097300655823,0.017199901504907876,3.926461272775172,0.036731540631215316,1.2430582933770526,0.004667565298820371,3.3611693546971724,0.010158919122188696,4.196225535088566,0.025518661179000958,2.0033059681692733,0.008244189825029185,0.58541,0.0015578996498491165,58541.0,0.29227,0.001438221982518693,29227.0,0.1334,0.0010751950520719485,13340.0,100000
window +-15%,12 scenarios,repro_e1b,614,20260920,"1,614",100000,0.125,0.5,10.0,40.0,10/40,3,0.15,True,True,0.15,10.0,sinus,0.0,A4,Largest view mean after review,SL,0.019199045505723298,0.004798486182851506,1.5174145658657958,0.004436049810991444,1.5175284322148186,0.004544312139571548,1.1623432802595597,0.003085223103792353,-3.0158448072692736,0.0155524345005137,-2.438638220875883,0.007135266586752934,-0.9104239197081239,0.004568475317305163,0.029715285826559246,0.006305888835954043,0.9526960279421164,0.007070165672490389,2.445863828022216,0.01222098485861381,3.0111304352762716,0.01667885956880133,0.9310847226686105,0.0030790120526632517,2.441905673510946,0.00637187055501147,3.0144632006325556,0.012047581259783953,1.9864294708686114,0.0055801255766257316,0.47005,0.001578299710131127,47005.0,0.16717,0.0011799330112341124,16717.0,0.05085,0.0006947249635647189,5085.0,100000
window +-15%,12 scenarios,repro_e1b,686,20260920,"1,686",100000,0.25,0.1,20.0,8.0,20/8,3,0.15,True,True,0.15,10.0,sinus,0.0,A1,Anchor-view mean,AP,-1.8448069368688025,0.00838706098208529,2.6522215578118185,0.01041834840559239,3.230715320675761,0.010645726076918214,2.4401667788726877,0.006695634701848092,-7.799258466749839,0.05961138535875313,-6.4155908596363345,0.02688882138271748,-3.2452142686064738,0.012571086437113773,-1.6252862357453872,0.009864098570801423,-0.17526106971094269,0.008529259870005097,1.9756781186989498,0.014929084748098155,2.7878457916278565,0.015839371042135716,1.9223309663520673,0.007477702048466484,5.144566384864175,0.021481155832823805,6.466554209209833,0.031228281382755997,2.001585892704789,0.0059929291741619446,0.72361,0.0014142084991259245,72361.0,0.48272,0.0015801942969141485,48272.0,0.30222,0.0014521813647062132,30222.0,100000
window +-15%,12 scenarios,repro_e1b,686,20260920,"1,686",100000,0.25,0.1,20.0,8.0,20/8,3,0.15,True,True,0.15,10.0,sinus,0.0,A1,Anchor-view mean,SL,-1.1010699818508025,0.005974421347997913,1.8892779161206856,0.006093602382320093,2.1867076749222343,0.006915539618618924,1.6493223369988983,0.004540315956747155,-5.301003723907315,0.01793058299045733,-4.347733559219185,0.017609155810682436,-2.14457417642272,0.009317052418401427,-0.9673692795681985,0.006106263117025102,0.10736647879390915,0.0051465714836030334,1.6630721129716128,0.010998289933481625,2.228630861187554,0.016163282907675002,1.2927273149280465,0.00645051053014748,3.4973033166339813,0.014983975520154217,4.4072453076388225,0.01931040089014053,2.0154707271494607,0.006225655532568376,0.60011,0.0015491222931066481,60011.0,0.30792,0.001459812568790939,30792.0,0.14634,0.0011176967585172645,14634.0,100000
window +-15%,12 scenarios,repro_e1b,686,20260920,"1,686",100000,0.25,0.1,20.0,8.0,20/8,3,0.15,True,True,0.15,10.0,sinus,0.0,A2,Mean across views,AP,-0.8648581176280093,0.005616148253894142,1.77598201594831,0.006625808081230457,1.9753632940493953,0.0059956205050071655,1.510556636829793,0.004025288801262681,-4.575966439346322,0.02637338746947431,-3.821588212163417,0.015057321462831548,-1.8908151842928,0.009330539865082931,-0.8013130390501138,0.005308631269086647,0.22900907474582954,0.005310163070248529,1.8675686225358301,0.01723309370337418,2.524903632364213,0.021512264455085944,1.2052531732672105,0.005199664373654727,3.1780511782215037,0.014721293894154396,3.9586361860796218,0.022356795465801695,2.004004123193267,0.007145740612761753,0.57335,0.0015640325364262727,57335.0,0.27475,0.0014116034765471498,27475.0,0.11725,0.0010173614770571963,11725.0,100000
window +-15%,12 scenarios,repro_e1b,686,20260920,"1,686",100000,0.25,0.1,20.0,8.0,20/8,3,0.15,True,True,0.15,10.0,sinus,0.0,A2,Mean across views,SL,-0.47818360346885586,0.0041650266543401815,1.3170970743025803,0.004313202808190743,1.4012090901488776,0.0040382843256055,1.0759416516702156,0.002838563957289589,-3.223502655033706,0.01624378641197684,-2.6710172744634195,0.013372392322211043,-1.2686658045857386,0.007122238701880355,-0.44084167717854617,0.00513969730144249,0.35975878427477215,0.0034196853979148287,1.5749456512367297,0.00650298573861161,2.013356699730805,0.013024244748308732,0.8635371802624996,0.004551541714840645,2.2581437379484144,0.00830174698901872,2.7986479056142985,0.013098344948925679,1.9973092704650837,0.005269950872092992,0.43643,0.0015683075435003174,43643.0,0.13826,0.0010915318245475025,13826.0,0.03861,0.0006092558403495202,3861.0,100000
window +-15%,12 scenarios,repro_e1b,686,20260920,"1,686",100000,0.25,0.1,20.0,8.0,20/8,3,0.15,True,True,0.15,10.0,sinus,0.0,A3,Largest view mean,AP,0.7102050121651864,0.006594753038313103,2.085444020738507,0.009027034451158112,2.2030488946391786,0.008826298541986624,1.6086578683952713,0.004759902258755321,-2.971965148133606,0.0246213789321616,-2.2972713284245723,0.019732408421706146,-0.576893705698897,0.009128810386715718,0.5637523652656395,0.007779173839282103,1.7873191887264093,0.008494739725609171,4.220310753238887,0.02274873425472773,5.367228871838136,0.03527216978749317,1.2242368147354266,0.004990310311267693,3.4053962786790253,0.015880179790443334,4.397905881183692,0.019122882140676107,1.9962815586550988,0.006498269714650428,0.58005,0.0015607434045992314,58005.0,0.28644,0.0014296577436575509,28644.0,0.13581,0.0010833542536954383,13581.0,100000
window +-15%,12 scenarios,repro_e1b,686,20260920,"1,686",100000,0.25,0.1,20.0,8.0,20/8,3,0.15,True,True,0.15,10.0,sinus,0.0,A3,Largest view mean,SL,0.6333831051752253,0.004749613299292929,1.5019596030792661,0.005940631357616615,1.6300411799635444,0.005620628571434922,1.2274079240539717,0.0033919250308665125,-2.1083172663788337,0.014838591456099844,-1.6285739172511886,0.008596044099090944,-0.3083961958346739,0.005882268384811761,0.5626196831007779,0.0053353073865934015,1.4768369451539252,0.0046028780496259565,3.1112154468890116,0.014702986278369785,3.8478593440662396,0.021137268864061788,0.9717929290332856,0.0036693559069540366,2.5673013769780155,0.008650734720286506,3.2127273433755934,0.011932839420080183,1.9709485765552535,0.005575640981266354,0.4878,0.0015806680866013586,48780.0,0.18184,0.001219730357087172,18184.0,0.06266,0.0007663793081757884,6266.0,100000
window +-15%,12 scenarios,repro_e1b,686,20260920,"1,686",100000,0.25,0.1,20.0,8.0,20/8,3,0.15,True,True,0.15,10.0,sinus,0.0,A4,Largest view mean after review,AP,0.3282478056719047,0.006413312026763818,2.0280673349924414,0.008851268918951216,2.054449465579675,0.0074153357075840785,1.5277821404878018,0.00434357364903505,-3.65807665312826,0.027725886873150623,-2.81789763313979,0.028980549006267006,-0.8480247621007664,0.007059391615226099,0.30915012175765577,0.005535586945529213,1.482869815276493,0.007615250206135242,3.5365118208623896,0.0168114834819031,4.418884868110267,0.03649500677034074,1.1887411689587828,0.005317893709863947,3.2203702649118617,0.014049494203109707,4.099230139325488,0.021444358574160174,1.9952937309990573,0.007758144469981228,0.56861,0.0015661821985324697,56861.0,0.26967,0.0014033819547792396,26967.0,0.12087,0.0010308270616354617,12087.0,100000
window +-15%,12 scenarios,repro_e1b,686,20260920,"1,686",100000,0.25,0.1,20.0,8.0,20/8,3,0.15,True,True,0.15,10.0,sinus,0.0,A4,Largest view mean after review,SL,0.4530380784040701,0.004662365617010886,1.4743694634210687,0.004891645333094317,1.5423965370485748,0.004860522714068723,1.1773162988388652,0.003151068611155879,-2.4567609739508995,0.022845886838198833,-1.8530726047973705,0.012009958109992383,-0.43981114763149576,0.006913133442538885,0.4485790533050902,0.004811355223225387,1.3376268167647203,0.0061923194270028774,2.8032329920073806,0.00985167684127953,3.3919010130976877,0.013782025624144347,0.9454760265125683,0.0037662376762865454,2.4617200431280826,0.008227260561388457,3.0398471612463998,0.008738807836294474,1.9708596902475188,0.005417009225276238,0.47575,0.0015792781183186196,47575.0,0.16805,0.0011824093939917764,16805.0,0.05244,0.0007049116710624105,5244.0,100000
window +-15%,12 scenarios,repro_e1b,758,20260920,"1,758",100000,0.25,0.25,20.0,20.0,20/20,3,0.15,True,True,0.15,10.0,sinus,0.0,A1,Anchor-view mean,AP,-1.862786238908784,0.008429271422235323,2.6655696710030505,0.0089889021309227,3.2519475995505425,0.010178710817693521,2.4555995968155186,0.006741838964803761,-7.876247349371672,0.027983529321835367,-6.477813561644425,0.026752909767768573,-3.26858869663627,0.012716495912162559,-1.6467855469047792,0.007427857930203186,-0.18972189422186014,0.008346435381639995,1.9514001766027758,0.0165947341926653,2.7917058128563155,0.02257136136586967,1.9342107796234012,0.00857499196144011,5.191268834922482,0.015763448248929626,6.544956326868398,0.03023517401115802,2.012626626509292,0.005987309635331418,0.72336,0.0014146035147701282,72336.0,0.48594,0.0015805135760252108,48594.0,0.30431,0.00145501004773163,30431.0,100000
window +-15%,12 scenarios,repro_e1b,758,20260920,"1,758",100000,0.25,0.25,20.0,20.0,20/20,3,0.15,True,True,0.15,10.0,sinus,0.0,A1,Anchor-view mean,SL,-1.1108405783120656,0.0059831077781769835,1.8920248065308745,0.0070420027161383235,2.1940120467705255,0.006978757183322761,1.657180991828159,0.004546933797961649,-5.263408943545415,0.018622506566955178,-4.367407001798761,0.020296287020989363,-2.157443251257624,0.008240927753815679,-0.9748652858652416,0.007003783869012062,0.10480455268864797,0.008114900623529113,1.6687467155469775,0.01500189706337896,2.2364406811637028,0.012466373201909344,1.2978570043005233,0.005463655970089004,3.5177060810092726,0.011132370015126262,4.41775295254285,0.021599677340646106,2.01354999807114,0.0065594366557095345,0.59976,0.0015493480641869987,59976.0,0.31074,0.0014634912107696445,31074.0,0.14872,0.0011251771487192583,14872.0,100000
window +-15%,12 scenarios,repro_e1b,758,20260920,"1,758",100000,0.25,0.25,20.0,20.0,20/20,3,0.15,True,True,0.15,10.0,sinus,0.0,A2,Mean across views,AP,-1.7383112604706126,0.006382190437512541,2.0182258243486166,0.007152830128887875,2.6636292504760872,0.0075168908356125,2.0633871292480337,0.005326708845687446,-6.277365967321754,0.03719051304570963,-5.243955596926779,0.02282853738085269,-2.829645963166847,0.008167064933061907,-1.567141036226484,0.005779947470226413,-0.44708155480573364,0.006670867728100011,1.1780489971379755,0.010803046491483044,1.7745910406144594,0.022783651537162705,1.687064103861299,0.0063536723869256715,4.241477020977035,0.01355424141542378,5.263361489454507,0.020889975127470296,1.9760112968100771,0.005106179696124452,0.69356,0.0014578563934763945,69356.0,0.42319,0.0015623707111310043,42319.0,0.23064,0.0013320855468024568,23064.0,100000
window +-15%,12 scenarios,repro_e1b,758,20260920,"1,758",100000,0.25,0.25,20.0,20.0,20/20,3,0.15,True,True,0.15,10.0,sinus,0.0,A2,Mean across views,SL,-1.028878443926914,0.004611728644583121,1.4583566467523805,0.004825989497027368,1.7847615228548672,0.005111619330648451,1.3701945620013494,0.0036165641640395485,-4.242813441220145,0.031079859169559913,-3.559141008213844,0.016900010919941633,-1.8554286993773734,0.004114955159083373,-0.925494373167288,0.005534580763284794,-0.0769840312947847,0.006077067596699593,1.1308040728187325,0.008645033511004796,1.5430477552946686,0.012460463242113915,1.098605303671075,0.00461305997348759,2.8741070691638475,0.010963139549267795,3.5794307041227764,0.014525607656990002,2.005551250565506,0.0059801634760423645,0.53907,0.0015763043332427912,53907.0,0.23199,0.001334805753283975,23199.0,0.08892,0.0009000735169973617,8892.0,100000
window +-15%,12 scenarios,repro_e1b,758,20260920,"1,758",100000,0.25,0.25,20.0,20.0,20/20,3,0.15,True,True,0.15,10.0,sinus,0.0,A3,Largest view mean,AP,-0.00754460290087819,0.006969085907531362,2.2038184677180706,0.008485107387976245,2.2038203628085866,0.007985145165112152,1.6328889722527755,0.004680298816338605,-4.280967443523831,0.020349190921627788,-3.4066327128807865,0.013913151192342947,-1.299640517094871,0.00878576163276989,-0.05714629336748578,0.006344519139882066,1.2088142979723138,0.007332823088038601,3.5320191848672775,0.01610773279154347,4.586945138717443,0.031109549107291783,1.2579811604794084,0.006783070964428589,3.468608592654988,0.01190602207321665,4.428294973771441,0.01672637357931789,2.009372019835567,0.006347544987978685,0.58795,0.0015564857773201783,58795.0,0.29761,0.001445815644886996,29761.0,0.14207,0.0011040204486330858,14207.0,100000
window +-15%,12 scenarios,repro_e1b,758,20260920,"1,758",100000,0.25,0.25,20.0,20.0,20/20,3,0.15,True,True,0.15,10.0,sinus,0.0,A3,Largest view mean,SL,0.16584590730296025,0.004952552396472675,1.566134580417891,0.004642142631231759,1.574883443679127,0.0051061037222670845,1.1935220098184143,0.003249267041949535,-2.9209167115471484,0.014555162020279473,-2.3130050500904478,0.01280059803255485,-0.7855464066242617,0.004387863344792513,0.14893623673098233,0.006217758534899046,1.09094536074632,0.005112986950603852,2.6751739794902107,0.010085962128435488,3.325553700991487,0.01958234520164099,0.9437725849278804,0.003382894095664752,2.503666636908548,0.008924836768260305,3.129941846840715,0.01488327150717085,1.9874117411055987,0.007378185095137519,0.476,0.001579316307773715,47600.0,0.17453,0.001200288628205733,17453.0,0.05793,0.000738742953265884,5793.0,100000
window +-15%,12 scenarios,repro_e1b,758,20260920,"1,758",100000,0.25,0.25,20.0,20.0,20/20,3,0.15,True,True,0.15,10.0,sinus,0.0,A4,Largest view mean after review,AP,-0.31003852519995456,0.006906147421511577,2.1839155708875517,0.007776373263263545,2.2058022152951646,0.0076273918060950074,1.6385015812586528,0.004670008340669052,-4.895509685458747,0.02176441938143221,-3.84621368642722,0.0217013640944708,-1.5354901356845652,0.006690219886712879,-0.25978656266475975,0.006024074162804666,0.9717525144595467,0.007413095349397242,3.0448515425241793,0.014179182959032472,3.9086101247485674,0.035001154028915335,1.262036206655286,0.005402947447064974,3.481920683153248,0.01586883276256471,4.45719169125031,0.025464301658886798,2.020666975644451,0.00865548549826314,0.58926,0.0015557398638589937,58926.0,0.29952,0.0014484742648732147,29952.0,0.14378,0.0011095373432201368,14378.0,100000
window +-15%,12 scenarios,repro_e1b,758,20260920,"1,758",100000,0.25,0.25,20.0,20.0,20/20,3,0.15,True,True,0.15,10.0,sinus,0.0,A4,Largest view mean after review,SL,0.02756109947849557,0.0049349687824330295,1.5605741534316317,0.0052720463482283835,1.5608097093004114,0.00489619584082045,1.185572058786096,0.0032102276362177304,-3.201954752579089,0.0264396031775505,-2.518893860431716,0.010174389321462108,-0.8895385818525352,0.005212498254933137,0.05775536427514094,0.0053811477897596285,0.9855079784340783,0.006048509084112582,2.4569301953108185,0.009629866725944411,3.019923734618746,0.013311307277780456,0.9394895478817646,0.0037083517958949644,2.4873000913259835,0.010003776061448668,3.106888110427081,0.011095101191766219,1.9905617526044577,0.005039289741231924,0.47396,0.0015789930918151606,47396.0,0.17245,0.001194617083001913,17245.0,0.05639,0.000729452999856742,5639.0,100000
window +-15%,12 scenarios,repro_e1b,830,20260920,"1,830",100000,0.25,0.5,20.0,40.0,20/40,3,0.15,True,True,0.15,10.0,sinus,0.0,A1,Anchor-view mean,AP,-1.8444514797132259,0.008370880541719711,2.6471048533018426,0.00996774794637872,3.2263129565727864,0.010039729727558988,2.4386468056062123,0.006679926401295733,-7.814495902646291,0.03286222726448268,-6.443418057757038,0.026767049199239095,-3.2553216968643595,0.011824318868758248,-1.6222454135887734,0.007089396838913255,-0.16923445382251856,0.009979074218838868,1.9502144471186527,0.015513447419998482,2.760958302970114,0.033279985558397285,1.9124565251264634,0.006330275109982049,5.164907680272505,0.0179129138166375,6.501613963208536,0.020312763465089412,2.015183911394325,0.004974206942044433,0.72108,0.0014181806429365757,72108.0,0.48105,0.0015800028401873206,48105.0,0.30213,0.001452058756042606,30213.0,100000
window +-15%,12 scenarios,repro_e1b,830,20260920,"1,830",100000,0.25,0.5,20.0,40.0,20/40,3,0.15,True,True,0.15,10.0,sinus,0.0,A1,Anchor-view mean,SL,-1.1035358849034869,0.005959006878720784,1.884403432936844,0.005025777608366233,2.1837427132267444,0.00671636564225494,1.6507966808267867,0.004520644857066401,-5.249245087798717,0.02262748142491474,-4.336665840423239,0.018048752820026756,-2.1519962331306948,0.009174225790743668,-0.9740327354142191,0.005976310059261816,0.09786823672433798,0.004776432672881924,1.6798010548477587,0.013813855758300695,2.259880639446747,0.020205940089465507,1.2955147439927437,0.004791969410820197,3.4988704781804367,0.011672138074840313,4.393539307136111,0.015595318769372861,2.0119308380629346,0.005018753620228704,0.60027,0.0015490188091175654,60027.0,0.30978,0.001462246051798397,30978.0,0.1462,0.001117253596995776,14620.0,100000
window +-15%,12 scenarios,repro_e1b,830,20260920,"1,830",100000,0.25,0.5,20.0,40.0,20/40,3,0.15,True,True,0.15,10.0,sinus,0.0,A2,Mean across views,AP,-3.0497051758897458,0.008076411522274039,2.5539855731213685,0.009205594348197208,3.977873645446486,0.010345925892566133,3.1817053367376302,0.0075500244318690195,-9.103869703260576,0.0445490790257638,-7.649047693862971,0.033922784664154555,-4.365459495634195,0.012175758557774783,-2.701161260684607,0.009015798254484049,-1.352671178590269,0.007828682047859942,0.3969875917789767,0.009293720276938238,0.9600443366633638,0.02119565763977314,2.718321900819996,0.010311968835034125,6.266180552067528,0.019307815611939463,7.653639641298683,0.03367789588505321,1.9240529799280792,0.005132990863202207,0.83037,0.0011868262850982024,83037.0,0.63755,0.0015201315650298169,63755.0,0.4493,0.0015729892243750432,44930.0,100000
window +-15%,12 scenarios,repro_e1b,830,20260920,"1,830",100000,0.25,0.5,20.0,40.0,20/40,3,0.15,True,True,0.15,10.0,sinus,0.0,A2,Mean across views,SL,-1.8713609510715106,0.005707228778436171,1.8047842067518776,0.005562302940301546,2.599847162753215,0.007198786872575458,2.0279719056926817,0.005144474399794388,-6.1066607362535335,0.0236839621051565,-5.10382251558568,0.022628205672763572,-2.8255822761008944,0.01057213863850085,-1.64449562082165,0.005419699761395591,-0.6649174837061674,0.006719675064770426,0.6068859505414972,0.00791168692631716,1.0290602125350476,0.008410680041631539,1.6750382534114967,0.00619239717308044,4.153014651301472,0.017878062642095748,5.1062913932647405,0.024866865790965628,1.9640736834149988,0.007149609894081272,0.69325,0.0014582675937563723,69325.0,0.41725,0.0015593345936648747,41725.0,0.22326,0.001316871187322435,22326.0,100000
window +-15%,12 scenarios,repro_e1b,830,20260920,"1,830",100000,0.25,0.5,20.0,40.0,20/40,3,0.15,True,True,0.15,10.0,sinus,0.0,A3,Largest view mean,AP,-0.645739814746758,0.007508199095284238,2.3743010267113784,0.009834262931761803,2.4605342714008738,0.008568452268720496,1.8272107717803872,0.005211100509294047,-5.566644531438105,0.03728421457669764,-4.520528440719757,0.016539565404073222,-1.9627449030024302,0.007893331846772223,-0.5833070774514408,0.007417973340982267,0.7449658157909775,0.00875806546153793,2.967300672438812,0.02281474552844093,3.9274217747157474,0.0276045382991551,1.4026377860649224,0.003760623224880481,3.9026212561259706,0.015091132844701668,4.958357703663374,0.024686776783818976,2.0151549040771526,0.005781788531490233,0.62644,0.0015297481047545048,62644.0,0.34775,0.0015060542403910956,34775.0,0.18138,0.0012185290131958286,18138.0,100000
window +-15%,12 scenarios,repro_e1b,830,20260920,"1,830",100000,0.25,0.5,20.0,40.0,20/40,3,0.15,True,True,0.15,10.0,sinus,0.0,A3,Largest view mean,SL,-0.2655361171393893,0.005331897049404581,1.6860938925649804,0.005399875087071085,1.7068666072438834,0.005480039299367837,1.2854747202347927,0.0035510012224317924,-3.7949414556540835,0.031795281478773495,-3.0410682087659584,0.013607414886071348,-1.2413080015440634,0.0071113448288235735,-0.21330023940642606,0.005398159920841697,0.7628457988276893,0.0046723589994318694,2.3395892555001137,0.012794997235915507,2.9348897554505387,0.0236206720926532,1.0084438502847575,0.0040233283345046285,2.7121378215112397,0.009306038386022373,3.4147874064991033,0.017331612302979246,2.000617618276005,0.007191924269768912,0.50343,0.0015811016257660352,50343.0,0.20335,0.0012727874036931699,20335.0,0.07538,0.0008348524156999248,7538.0,100000
window +-15%,12 scenarios,repro_e1b,830,20260920,"1,830",100000,0.25,0.5,20.0,40.0,20/40,3,0.15,True,True,0.15,10.0,sinus,0.0,A4,Largest view mean after review,AP,-0.8573099637862295,0.007489897365462349,2.368513511575559,0.009712074369840791,2.518884779016417,0.008847336324243104,1.8639209449761787,0.0053578054713839356,-5.974765735436764,0.03746855053062494,-4.832913953906529,0.03437265694270528,-2.1330890110277414,0.007721027187633762,-0.724166077379838,0.006437060337871957,0.5863139253379779,0.008768276350599086,2.6403045484521868,0.015750952668786757,3.477430500346536,0.02991097117162621,1.4220407554376742,0.0035272355897836465,3.996313074659571,0.014477191127333585,5.086996172028137,0.030027724652867543,2.01954301935737,0.0067335219429310415,0.63077,0.001526103558412731,63077.0,0.35438,0.0015125964947731434,35438.0,0.18847,0.0012367257541589405,18847.0,100000
window +-15%,12 scenarios,repro_e1b,830,20260920,"1,830",100000,0.25,0.5,20.0,40.0,20/40,3,0.15,True,True,0.15,10.0,sinus,0.0,A4,Largest view mean after review,SL,-0.35848214651512245,0.00533685830183074,1.6876627783363505,0.004747022851888415,1.7253076887023733,0.005690672491041407,1.2938196143460698,0.00360933574710562,-3.988424445333859,0.021827990146377492,-3.1917600922391496,0.020737714769401505,-1.3171941678408265,0.00770550448652542,-0.273557859457481,0.005283918454306853,0.6951318455821096,0.00571431963951666,2.194479286607149,0.011595654326352732,2.729507420500691,0.009490543851350418,1.010468365098643,0.004190183923599986,2.7287744660185838,0.006232588630286238,3.4545953939123786,0.01271941788703795,2.0023068444739995,0.006636029205403216,0.50425,0.0015810817104122102,50425.0,0.2048,0.0012761542226549267,20480.0,0.07717,0.0008438885655108737,7717.0,100000
median span 13 mm,12 scenarios,repro_e1b,37,20260920,"1,37",100000,0.03,0.1,2.4,8.0,2.4/8,3,0.15,True,True,0.0,13.0,sinus,0.0,A1,Anchor-view mean,AP,0.0031270766018797803,0.007414721653205064,2.344740864029713,0.00786486269976203,2.3447312255270716,0.008196440382647817,1.7513561091075658,0.004930051322713928,-4.35580662885441,0.019996194593064055,-3.541852033097641,0.012288272298779166,-1.4305340283548416,0.0068817125900972175,-0.10851077586301194,0.006057126368948072,1.2853280707412345,0.008998707848353781,3.9043713108691,0.02265882221384672,5.053847733255122,0.03794153137701518,1.3645317230874063,0.005848542993376439,3.706636494896642,0.012779821141366025,4.6799700846880015,0.019228334866727224,1.9959516185638684,0.005147188392932729,0.61796,0.001536507202716603,61796.0,0.33195,0.0014891581430459292,33195.0,0.16553,0.0011752864293439282,16553.0,100000
median span 13 mm,12 scenarios,repro_e1b,37,20260920,"1,37",100000,0.03,0.1,2.4,8.0,2.4/8,3,0.15,True,True,0.0,13.0,sinus,0.0,A1,Anchor-view mean,SL,0.006213347901077632,0.005333132798395528,1.6864846707077452,0.005714966672444223,1.6864876838918528,0.005585620376143909,1.2771543852294243,0.0034830008835820183,-3.166322492322929,0.018699318370931407,-2.595750145162759,0.011186091097959695,-1.0473823436117766,0.004912105934978124,-0.050366345993657635,0.004892621236802154,0.9751070997783522,0.007706448669910955,2.7758397998145146,0.012961520906745055,3.5430032773183924,0.017709251829904214,1.0124818082132916,0.004914051719891187,2.679485466789137,0.008293131164456518,3.339933583045221,0.010620062332910813,1.9804079300109472,0.004922132204254523,0.50491,0.0015810625917401246,50491.0,0.20175,0.0012690427002272225,20175.0,0.07163,0.000815470067507079,7163.0,100000
median span 13 mm,12 scenarios,repro_e1b,37,20260920,"1,37",100000,0.03,0.1,2.4,8.0,2.4/8,3,0.15,True,True,0.0,13.0,sinus,0.0,A2,Mean across views,AP,-0.3612946332878415,0.006382611580332056,2.0183590014016057,0.0052487463047640286,2.0504307188615023,0.006469012636092019,1.5520910288416507,0.004237095141739683,-4.285218441021177,0.024421297897580085,-3.507505287020602,0.018070971821957837,-1.5714871627118752,0.008453340603291372,-0.39723860023475766,0.00473349910602173,0.7907554893935114,0.0068878621781497005,2.9322020337526227,0.020734306012720055,3.834777472793286,0.01626158727141526,1.225631578358267,0.005135243262350146,3.2695923396291775,0.012250746912173307,4.090013693018483,0.017211053779105655,1.9947095287810825,0.006219765150047652,0.57994,0.0015607997834443724,57994.0,0.28419,0.0014262750222169638,28419.0,0.12642,0.0010508947787480915,12642.0,100000
median span 13 mm,12 scenarios,repro_e1b,37,20260920,"1,37",100000,0.03,0.1,2.4,8.0,2.4/8,3,0.15,True,True,0.0,13.0,sinus,0.0,A2,Mean across views,SL,-0.23434147498414168,0.004591841879255816,1.4520678993796257,0.004466750693862433,1.4708487435133015,0.004309926929625159,1.127605661831178,0.0029864869274870373,-3.0806315105832884,0.01679624734920152,-2.5461623787154473,0.012235055090714998,-1.12915665885287,0.005258587922714963,-0.2468526676633469,0.003946505179487758,0.6350898364828483,0.004440252442937077,2.1217407019561247,0.007791643878431446,2.7182070667823797,0.016959720172120545,0.9049374728677217,0.0031579948376949255,2.367276701011908,0.008247106519764423,2.9259794082629234,0.010962344489523237,1.989313599489411,0.004838598253303034,0.45647,0.0015751353564059185,45647.0,0.15561,0.001146278883605556,15561.0,0.04584,0.0006613523599413553,4584.0,100000
median span 13 mm,12 scenarios,repro_e1b,37,20260920,"1,37",100000,0.03,0.1,2.4,8.0,2.4/8,3,0.15,True,True,0.0,13.0,sinus,0.0,A3,Largest view mean,AP,1.1287665901348984,0.007907471332546127,2.5005619943332507,0.010452735696636429,2.7435126707208357,0.011559249686961044,1.9595776176765725,0.006072029483005516,-2.9825620401945114,0.023756419162269036,-2.303081897733702,0.01248918538263003,-0.4201976517979693,0.009783239770648414,0.8642799197167603,0.007489621894363272,2.3195098900263673,0.016015703151637774,5.481311014950402,0.035676452566242904,6.958866035951053,0.03476909072918755,1.4360479943992943,0.006582307871210614,4.230775595382915,0.018809706096963325,5.565368734900592,0.02911087385632686,2.0285558708348654,0.009361865111471076,0.63453,0.0015228318328036092,63453.0,0.36166,0.0015194145069729985,36166.0,0.20067,0.0012664973395155633,20067.0,100000
median span 13 mm,12 scenarios,repro_e1b,37,20260920,"1,37",100000,0.03,0.1,2.4,8.0,2.4/8,3,0.15,True,True,0.0,13.0,sinus,0.0,A3,Largest view mean,SL,0.7969098109148562,0.005500084361839532,1.739279390648661,0.007972924250655555,1.9131460463173067,0.007537991954583071,1.4019123113911471,0.004116778611457761,-2.1899710483223855,0.013513141570837606,-1.6950657939306015,0.01131422483403233,-0.3002867818915964,0.0058468947126370545,0.6521436716299593,0.006270193036993157,1.6992088625886344,0.007039934995595719,3.7471733526954445,0.014876590030936112,4.681521352771021,0.027407644758727583,1.0671966838685423,0.004824831826283458,2.982130570489827,0.010878854508049813,3.814839213832222,0.019692076191200933,1.9940135888609039,0.008358511762107144,0.52628,0.0015789533292659412,52628.0,0.23106,0.0013329338933345493,23106.0,0.09836,0.0009417287847358177,9836.0,100000
median span 13 mm,12 scenarios,repro_e1b,37,20260920,"1,37",100000,0.03,0.1,2.4,8.0,2.4/8,3,0.15,True,True,0.0,13.0,sinus,0.0,A4,Largest view mean after review,AP,0.8759289129911707,0.007319525957248489,2.314637341762947,0.007569508335109133,2.474821995424539,0.009557208766850647,1.8112594917100049,0.005333021098628384,-3.195523091024234,0.015259544199793135,-2.4758035207552824,0.022297729069184882,-0.5538743793738456,0.006071377233280737,0.7083958025653994,0.005241421695261052,2.0785232718353135,0.013451656736983779,4.7849604383346165,0.019764022683924697,6.036675769235979,0.032570295113419634,1.3736840296784125,0.005136886233418304,3.8619658644601436,0.01915011874622212,4.966967038162413,0.020478059858162836,2.006999714462439,0.005777756673012918,0.62036,0.0015346448136295252,62036.0,0.33862,0.0014965176096524892,33862.0,0.17543,0.0012027232229403406,17543.0,100000
median span 13 mm,12 scenarios,repro_e1b,37,20260920,"1,37",100000,0.03,0.1,2.4,8.0,2.4/8,3,0.15,True,True,0.0,13.0,sinus,0.0,A4,Largest view mean after review,SL,0.6930391097428799,0.005203190129161953,1.6453931907057469,0.006857317587962444,1.785383680463816,0.006301237447603873,1.336400326713163,0.003743852387125018,-2.271250864276982,0.014760447127771779,-1.7555488947756244,0.01260663552477006,-0.3475222164524513,0.006674443672431606,0.5943295497482435,0.005073349427430303,1.6041853923606793,0.006087461964091428,3.4651057392442857,0.013981334499036104,4.275455338764532,0.02018561098484185,1.0419460403967324,0.004130546089209702,2.8282793191322533,0.010370276722435104,3.563326729933656,0.018782834703741504,1.995832475072225,0.0070919458989431045,0.51661,0.0015802661418254837,51661.0,0.21692,0.0013033254144686967,21692.0,0.08498,0.0008818072329029741,8498.0,100000
median span 13 mm,12 scenarios,repro_e1b,109,20260920,"1,109",100000,0.03,0.25,2.4,20.0,2.4/20,3,0.15,True,True,0.0,13.0,sinus,0.0,A1,Anchor-view mean,AP,0.009956803117626438,0.007342047820469711,2.321759380255931,0.008910960713669739,2.321769121180771,0.008062638518104506,1.7371513194365433,0.004871284096475131,-4.283218072824692,0.03775509037039541,-3.4721567523016894,0.01230192542732561,-1.4143990451407242,0.00670532688175633,-0.09648438547648652,0.010149732122092968,1.2926166087576538,0.008946959254006251,3.8487389304820145,0.022519964116589387,5.014035261800423,0.02823294409111978,1.3578378066692567,0.0057508170669121434,3.64925067159433,0.012582447162016822,4.644991676053504,0.02168011816633717,2.000626002679897,0.0065751479883216285,0.61651,0.0015376131499827907,61651.0,0.33056,0.0014875822209209145,33056.0,0.16239,0.0011662739296580372,16239.0,100000
median span 13 mm,12 scenarios,repro_e1b,109,20260920,"1,109",100000,0.03,0.25,2.4,20.0,2.4/20,3,0.15,True,True,0.0,13.0,sinus,0.0,A1,Anchor-view mean,SL,0.006472811784552665,0.005275930658204918,1.6683957657038868,0.006240409541412778,1.6683999798809477,0.006221138651110298,1.2654654019802165,0.003438266468635182,-3.090717844784565,0.012703654013038959,-2.5507302132783054,0.009180354784073566,-1.0358019628833761,0.004972770486604363,-0.05856029247363814,0.007438754380865541,0.9733755469156185,0.005673886984786052,2.7474580255621794,0.012224003117085547,3.5002486175301297,0.02165168434819303,1.0057733085660834,0.004009081833986749,2.6408717562837154,0.007360785850163268,3.2854381141717894,0.01428389457337216,1.9692149087691964,0.0070849656760634165,0.50254,0.0015811184282020117,50254.0,0.1983,0.0012608612532709537,19830.0,0.068,0.0007960904471226872,6800.0,100000
median span 13 mm,12 scenarios,repro_e1b,109,20260920,"1,109",100000,0.03,0.25,2.4,20.0,2.4/20,3,0.15,True,True,0.0,13.0,sinus,0.0,A2,Mean across views,AP,-1.4978897129903477,0.0071243596244450775,2.2529203283388255,0.00873014804863223,2.705415465621605,0.007833979130955819,2.0780906030666992,0.005477994428158361,-6.352198954323973,0.02084306374947069,-5.2973791034588835,0.029258594863694434,-2.7503429762147973,0.01058335252763519,-1.373484921972289,0.007716040075180181,-0.1192329489163515,0.009167109209161509,1.8881618946745833,0.013150985259438003,2.6952959463823944,0.024411706013806045,1.674589881416182,0.007227432382190556,4.344322754490152,0.017685841684725145,5.40081509516038,0.024979749311314466,1.996297856573194,0.0062018171803111585,0.68691,0.0014665082744396635,68691.0,0.42132,0.001561439904703348,42132.0,0.23535,0.001341493114033762,23535.0,100000
median span 13 mm,12 scenarios,repro_e1b,109,20260920,"1,109",100000,0.03,0.25,2.4,20.0,2.4/20,3,0.15,True,True,0.0,13.0,sinus,0.0,A2,Mean across views,SL,-0.9513008965479526,0.005026610495720553,1.589553807698501,0.005152579990977276,1.8524657720262112,0.005343426118962642,1.4255306554041887,0.0037409969020160794,-4.334935999477297,0.012958840058664165,-3.6002187745303194,0.016889708809805767,-1.8708292383425253,0.006943577440953469,-0.8873452226733733,0.005627164077372966,0.048681635900287734,0.0049649334046979335,1.469464768286474,0.01463953805109346,2.008451321423782,0.015694386880877754,1.1500068734538207,0.0034398805900146814,2.9757714428662774,0.009532417851948263,3.673809970142465,0.015209453008895505,1.983199919599099,0.005394991518617778,0.5576,0.0015706121099749613,55760.0,0.24998,0.0013692698769782383,24998.0,0.09774,0.0009390787634698166,9774.0,100000
median span 13 mm,12 scenarios,repro_e1b,109,20260920,"1,109",100000,0.03,0.25,2.4,20.0,2.4/20,3,0.15,True,True,0.0,13.0,sinus,0.0,A3,Largest view mean,AP,0.661492693230186,0.007653715507232269,2.4203173565804903,0.010533866235806443,2.509073556195719,0.009910014503132412,1.8218773116005293,0.005455495334344262,-3.5406155224712403,0.023098871713309835,-2.7931181505502645,0.01429723072233889,-0.8253712340785697,0.009928192581489276,0.46004505754906466,0.007256860552279046,1.899810744667727,0.011636535340986867,4.813790300737156,0.025247718743429445,6.136586330547233,0.03474453635823597,1.3690259906382707,0.005378242613889166,3.8957579244913076,0.01812404612235107,5.061819868669107,0.021534975577584447,2.017405929040951,0.006646600192060849,0.61743,0.0015369131240899727,61743.0,0.3392,0.0014971418102504518,33920.0,0.17673,0.001206219329558269,17673.0,100000
median span 13 mm,12 scenarios,repro_e1b,109,20260920,"1,109",100000,0.03,0.25,2.4,20.0,2.4/20,3,0.15,True,True,0.0,13.0,sinus,0.0,A3,Largest view mean,SL,0.49227645515224444,0.005427410742440121,1.7162979743376274,0.007682780441299777,1.7854930378540643,0.007682328163792941,1.3162688795749418,0.0038150179282011964,-2.5436429535734484,0.012205477162541141,-2.0350050498586114,0.012536955270570528,-0.581023419321168,0.006052168130988584,0.3805559230678339,0.005173554551779181,1.41695293234686,0.007806224231127945,3.3618068078703085,0.014316913207628389,4.242542278490936,0.033936945000940716,1.0127443658804367,0.003659697434169583,2.770513500446046,0.010155671336927333,3.538917395393518,0.010189623125597277,1.9820393137163093,0.006894219879399676,0.50543,0.0015810455878942898,50543.0,0.20855,0.0012847447119953442,20855.0,0.08064,0.0008610295604681642,8064.0,100000
median span 13 mm,12 scenarios,repro_e1b,109,20260920,"1,109",100000,0.03,0.25,2.4,20.0,2.4/20,3,0.15,True,True,0.0,13.0,sinus,0.0,A4,Largest view mean after review,AP,0.5094621879980993,0.00728133599923062,2.3025606166546795,0.009330676889077167,2.358237497902842,0.008687760828043014,1.7410162625728065,0.005030081283329116,-3.644835735255843,0.019628172317555113,-2.891230873317992,0.014439193777850926,-0.9071763038070642,0.008097603696493982,0.36955283660880944,0.007787475698441354,1.752521128039643,0.010596940698644398,4.391154623812712,0.025746531452276726,5.539522270739826,0.036352661957835306,1.3355280251867994,0.005137759171846773,3.6955217401599842,0.013220485250723934,4.747584432554871,0.021694486729810565,2.0131918166753144,0.006946942822313147,0.60935,0.0015428628503531998,60935.0,0.32601,0.0014823207476791249,32601.0,0.1626,0.0011668814849846577,16260.0,100000
median span 13 mm,12 scenarios,repro_e1b,109,20260920,"1,109",100000,0.03,0.25,2.4,20.0,2.4/20,3,0.15,True,True,0.0,13.0,sinus,0.0,A4,Largest view mean after review,SL,0.42625776453766395,0.005222586276187754,1.65152679094905,0.007372538985039998,1.7056403922409031,0.006760347175563366,1.2778141005072445,0.003572692312974805,-2.589117455014652,0.01124147900665705,-2.0705471387129544,0.015438683708096639,-0.6106570357859882,0.0057239503807620185,0.3451187625955048,0.006460362665262746,1.3596818760222784,0.007132625034243139,3.1584256640151778,0.012284995669555489,3.949063091093519,0.020110203314776795,0.9997472986655875,0.0035771154594998176,2.6843067587751257,0.010437749209000051,3.385526580099695,0.014015624802543298,1.9849005660869259,0.006872224818552206,0.49989,0.0015811387918206296,49989.0,0.20021,0.0012654088505301359,20021.0,0.07279,0.0008215328106655266,7279.0,100000
median span 13 mm,12 scenarios,repro_e1b,181,20260920,"1,181",100000,0.03,0.5,2.4,40.0,2.4/40,3,0.15,True,True,0.0,13.0,sinus,0.0,A1,Anchor-view mean,AP,0.014734609928689104,0.007390021284576064,2.336929921638372,0.008068792049931826,2.3369646884289654,0.008498884802255273,1.7421658653486436,0.004925734783198398,-4.325839779473747,0.02767946311107928,-3.5115811851973824,0.018337642104149395,-1.4085510972289315,0.00858891046740948,-0.08998424200190946,0.008470480290706442,1.288596920932946,0.008814261072655767,3.9064684550916353,0.017817757466267962,4.9992188106396425,0.029275438107051396,1.3520030640433136,0.004024159805204368,3.680436530311654,0.008539754814646708,4.649532353386079,0.01871721930432633,1.9895603799267276,0.005895884922152658,0.61505,0.0015387121156993598,61505.0,0.33038,0.0014873770725676795,33038.0,0.16389,0.0011705984277283136,16389.0,100000
median span 13 mm,12 scenarios,repro_e1b,181,20260920,"1,181",100000,0.03,0.5,2.4,40.0,2.4/40,3,0.15,True,True,0.0,13.0,sinus,0.0,A1,Anchor-view mean,SL,0.015226308252502981,0.005308893578808666,1.6788195564478003,0.005150306266995247,1.6788802099088422,0.005617293839011381,1.2739524317054078,0.003457883627212772,-3.1386598371923973,0.01583460652464762,-2.5612780834605298,0.010609686973797836,-1.040673347210525,0.007187852066928945,-0.046149777629615585,0.0076322167774942025,0.9918402034039944,0.007307282217034834,2.783507041542866,0.011723000343656198,3.552972768250474,0.02638911683235531,1.0170688430549135,0.004250383237201381,2.6622105831776137,0.005760840040546364,3.3221704393231644,0.007556527826266949,1.9788013580215753,0.005690947256156649,0.50714,0.0015809776102146417,50714.0,0.19918,0.0012629621039445325,19918.0,0.07009,0.0008073251631158291,7009.0,100000
median span 13 mm,12 scenarios,repro_e1b,181,20260920,"1,181",100000,0.03,0.5,2.4,40.0,2.4/40,3,0.15,True,True,0.0,13.0,sinus,0.0,A2,Mean across views,AP,-3.258709115141147,0.009386763285193986,2.968355183805769,0.010221646229437288,4.407973398627266,0.01169898817272154,3.4850086292796467,0.008535231213636729,-10.201112423018632,0.041216981273502734,-8.579579239208703,0.02563433779574235,-4.787229843743065,0.014715907167685689,-2.891709355258918,0.011059650647767233,-1.311767496223632,0.009301755247206837,0.7847288402340022,0.013126511955547718,1.5548667855159353,0.028778413255072646,2.9372900070290973,0.01165421351043324,6.985501965925737,0.021451689443111856,8.584276017021734,0.028003560677499185,1.9474427907607283,0.004112203408145499,0.83523,0.0011731191205499975,83523.0,0.65959,0.001498435957590447,65959.0,0.48956,0.001580794124483008,48956.0,100000
median span 13 mm,12 scenarios,repro_e1b,181,20260920,"1,181",100000,0.03,0.5,2.4,40.0,2.4/40,3,0.15,True,True,0.0,13.0,sinus,0.0,A2,Mean across views,SL,-2.076709085601731,0.0064675798060255885,2.045228313595086,0.006201301238064574,2.914727714789708,0.008090091692040908,2.273514377039289,0.005767844742008797,-6.8668751697494,0.03379603328908746,-5.736465101947259,0.023670233741002532,-3.136530202003515,0.008070609879354998,-1.8321522819717073,0.005851733229542832,-0.7388645157234432,0.005100776346941021,0.7444359973499034,0.017308088264780964,1.261228481175182,0.009337962896537232,1.8792829246585938,0.005921298810548213,4.640909347936048,0.019259735486171277,5.743323195606356,0.02576887291103702,1.9704493035366517,0.005611773320156066,0.72947,0.0014047900878779009,72947.0,0.47194,0.0015786470042412901,47194.0,0.27351,0.0014096179620734122,27351.0,100000
median span 13 mm,12 scenarios,repro_e1b,181,20260920,"1,181",100000,0.03,0.5,2.4,40.0,2.4/40,3,0.15,True,True,0.0,13.0,sinus,0.0,A3,Largest view mean,AP,0.385591387309978,0.007591934196542833,2.4007803907195777,0.01021684180239416,2.4315364617801722,0.009716002598330362,1.778743978161074,0.005242582292908001,-3.909317013573568,0.026499876655011117,-3.134356413114402,0.013286731876064887,-1.0796994358257335,0.008695149960031881,0.22898475680189323,0.006800336087221216,1.6381502496042115,0.011245243339358592,4.4096466403785035,0.02541047146288274,5.696482253023451,0.04821171328233549,1.35120234187018,0.004308452629221748,3.7774440368412603,0.013165441349860996,4.839594166347684,0.032789531860325294,1.9903440653341176,0.008320701477701335,0.61398,0.0015395082318714634,61398.0,0.33233,0.001489586422803323,33233.0,0.16942,0.0011862413902743404,16942.0,100000
median span 13 mm,12 scenarios,repro_e1b,181,20260920,"1,181",100000,0.03,0.5,2.4,40.0,2.4/40,3,0.15,True,True,0.0,13.0,sinus,0.0,A3,Largest view mean,SL,0.2956442255234772,0.005391469493999938,1.704932353635532,0.006104585426078417,1.7303672357668087,0.006387025499170661,1.290569415313938,0.0036450166543075175,-2.8158255741349834,0.013741213296749764,-2.265886528933354,0.012146359710008246,-0.7720123503226358,0.006634703133225356,0.21225994918783098,0.0064367519440015515,1.246432237635681,0.006977703622565155,3.1186690738747758,0.013415887330629145,3.957828829536659,0.022930959605577467,1.007252283466348,0.0037810955965042023,2.712010408880802,0.007996209466983586,3.4321317054430893,0.017294729379419033,1.9834701180770724,0.00773374853331448,0.50303,0.0015811097972626695,50303.0,0.20074,0.0012666627506957011,20074.0,0.07532,0.0008345471682295734,7532.0,100000
median span 13 mm,12 scenarios,repro_e1b,181,20260920,"1,181",100000,0.03,0.5,2.4,40.0,2.4/40,3,0.15,True,True,0.0,13.0,sinus,0.0,A4,Largest view mean after review,AP,0.29655178688504563,0.007355820142443419,2.326114570866541,0.00799165461397643,2.3449302443809232,0.008714151341741562,1.736116069134137,0.004984599975668586,-3.9747470005769108,0.025214172152106713,-3.1932913988022027,0.012129094568004718,-1.1264150120341672,0.008237786781497105,0.17753119609184775,0.006945682351073709,1.5599833458739387,0.007994376159981335,4.172644270160769,0.019658822657080025,5.315901059545088,0.045138464475221914,1.334506713761856,0.003884545865005339,3.6808611890070697,0.00877945320207177,4.671701445662783,0.016534607750778415,1.9922560412436243,0.005723674358280725,0.61018,0.0015422722444497275,61018.0,0.32611,0.0014824380860595833,32611.0,0.16251,0.0011666211891612462,16251.0,100000
median span 13 mm,12 scenarios,repro_e1b,181,20260920,"1,181",100000,0.03,0.5,2.4,40.0,2.4/40,3,0.15,True,True,0.0,13.0,sinus,0.0,A4,Largest view mean after review,SL,0.25647022743732534,0.005278196716085949,1.66911235612527,0.005756551706521594,1.6886933337853944,0.005880284969225638,1.2710744741572138,0.003515774761541709,-2.84995485632567,0.010482249226990023,-2.292270806464852,0.010485176842398095,-0.7910138852222466,0.007420676988706385,0.1895437777024851,0.00611179082574343,1.2106132813648685,0.006690252613170108,3.0095756799238873,0.012510986738789228,3.802193743594323,0.023288506117297072,1.0009154886082297,0.0040946027497721455,2.6708062611608345,0.008544878771424503,3.357059238300463,0.0060567967836850645,1.9879626283448637,0.005943683549609691,0.50037,0.0015811383971683188,50037.0,0.19663,0.001256847815369864,19663.0,0.07134,0.0008139447425962036,7134.0,100000
median span 13 mm,12 scenarios,repro_e1b,253,20260920,"1,253",100000,0.06,0.1,4.8,8.0,4.8/8,3,0.15,True,True,0.0,13.0,sinus,0.0,A1,Anchor-view mean,AP,-0.3533467439618423,0.007446723735990516,2.354860811176842,0.008660962870980808,2.381211437019084,0.008227047738077177,1.7937670273016557,0.004952365379774322,-4.851438061227388,0.02859234213618074,-4.0005147185879855,0.02267609822876251,-1.774124906605936,0.008810787769851202,-0.4168699949488017,0.007523540750837208,0.972868944290441,0.007978331653971148,3.473077221403898,0.027929136654696544,4.596514269094896,0.03495451292908128,1.414458964942587,0.003349634663984389,3.790764153177414,0.01476174656882168,4.754407696745123,0.02060222770951513,1.9966339917705593,0.006306691334731575,0.62997,0.0015267868191073696,62997.0,0.34711,0.0015054057522807596,34711.0,0.17492,0.0012013450528470162,17492.0,100000
median span 13 mm,12 scenarios,repro_e1b,253,20260920,"1,253",100000,0.06,0.1,4.8,8.0,4.8/8,3,0.15,True,True,0.0,13.0,sinus,0.0,A1,Anchor-view mean,SL,-0.21183937902844815,0.005354316715231709,1.6931836134043374,0.005828063225841576,1.706375692073888,0.005204945705124398,1.3062235603706653,0.0034720456044440165,-3.440080591952986,0.015936670712429598,-2.859359815389506,0.010941095529688845,-1.2631604445680986,0.006356577192500037,-0.2519249776881083,0.006339504946956134,0.789981074430972,0.006734481986276335,2.526768192222997,0.0114352283665995,3.287646609517442,0.024657491395686064,1.0480464097818665,0.004409340697730557,2.716147707104478,0.006247227088010785,3.3764300600078276,0.008791607917203419,1.9787143450831721,0.004680221121980057,0.51926,0.0015799653553163753,51926.0,0.21167,0.0012917655015520424,21167.0,0.07444,0.0008300523260614357,7444.0,100000
median span 13 mm,12 scenarios,repro_e1b,253,20260920,"1,253",100000,0.06,0.1,4.8,8.0,4.8/8,3,0.15,True,True,0.0,13.0,sinus,0.0,A2,Mean across views,AP,-0.4899109799826614,0.006371413136703668,2.014817742590135,0.0068063172417640256,2.0735145789837652,0.006335694518256984,1.576648312615598,0.004258709833029305,-4.494138082608844,0.017026045414292406,-3.6884466058046277,0.011316559307633395,-1.6948436692045865,0.006587324508500398,-0.5081994127473997,0.005055037652559136,0.676651948090742,0.006836869746358102,2.7677401168344162,0.020395754795878806,3.6297640463160836,0.028256214492855432,1.2490481184028432,0.004650145734885401,3.3250502829606594,0.0111267137145124,4.155857858521958,0.019895929110123552,2.0042578434913896,0.005943054576537542,0.58699,0.0015570251760970342,58699.0,0.2923,0.00143826530932231,29230.0,0.13135,0.001068162803602522,13135.0,100000
median span 13 mm,12 scenarios,repro_e1b,253,20260920,"1,253",100000,0.06,0.1,4.8,8.0,4.8/8,3,0.15,True,True,0.0,13.0,sinus,0.0,A2,Mean across views,SL,-0.30956767169098304,0.004598855881300042,1.4542859215769088,0.004185892737440954,1.4868619759673587,0.004341732530876212,1.1451929063555795,0.002998834333233126,-3.1600815621482843,0.012558170712791122,-2.6172421107742303,0.01248158728504878,-1.2153807325676715,0.006126860686983844,-0.31746318809324325,0.005988908551023507,0.5765054809752317,0.005108591376356314,2.0350190466925917,0.006842736737907652,2.619712568332473,0.01409873294890226,0.929881382777014,0.0036227597478564882,2.384821549836019,0.008244781083360218,2.937999276540663,0.011554794238137324,1.9759731057949668,0.005714620268531081,0.46921,0.0015781380671538215,46921.0,0.15966,0.0011583120667592133,15966.0,0.04614,0.0006634086252077222,4614.0,100000
median span 13 mm,12 scenarios,repro_e1b,253,20260920,"1,253",100000,0.06,0.1,4.8,8.0,4.8/8,3,0.15,True,True,0.0,13.0,sinus,0.0,A3,Largest view mean,AP,0.9908792756660681,0.007863188536659483,2.4865585447170373,0.010447027537094797,2.6767056815264274,0.011190087768879484,1.9195160132775138,0.005899361306744047,-3.193678340098473,0.026808089542113785,-2.476780571484997,0.01002624905479122,-0.548300095775585,0.008136600987631684,0.7422950474964427,0.006975700483761328,2.2101609647040954,0.010990915744551497,5.2990037874367335,0.019565839402189176,6.7071021144529235,0.04032210481304733,1.4135202453514628,0.006895896879080973,4.137062977106972,0.01830254061166071,5.416342150215958,0.02549581233332876,2.023510536700926,0.006832598682570273,0.62936,0.0015273047842523115,62936.0,0.35486,0.0015130577662468808,35486.0,0.19462,0.0012519706689854998,19462.0,100000
median span 13 mm,12 scenarios,repro_e1b,253,20260920,"1,253",100000,0.06,0.1,4.8,8.0,4.8/8,3,0.15,True,True,0.0,13.0,sinus,0.0,A3,Largest view mean,SL,0.7191758899420013,0.005496953211246063,1.738289233891426,0.006598435176689655,1.8811786743534236,0.007772080404180398,1.381121551636722,0.004039000839284955,-2.2740870457661453,0.010219282751818038,-1.7734956142869704,0.011025032731377369,-0.3832355327303949,0.005894027267059417,0.5866181176968173,0.005612795528707481,1.631351753313456,0.006119435752093184,3.667850432444237,0.01818725979535812,4.5911936676340765,0.025642396085616415,1.0577349896715542,0.004781648043457127,2.923564104739272,0.010114544238948368,3.751182250574563,0.017559178551763525,1.994059523274085,0.008104760704802634,0.52253,0.001579532839481345,52253.0,0.2251,0.0013207194630200617,22510.0,0.09407,0.0009231513153324324,9407.0,100000
median span 13 mm,12 scenarios,repro_e1b,253,20260920,"1,253",100000,0.06,0.1,4.8,8.0,4.8/8,3,0.15,True,True,0.0,13.0,sinus,0.0,A4,Largest view mean after review,AP,0.6995579113740337,0.007233130228097237,2.287316613340051,0.008402138135155264,2.391891770723438,0.009136649947670225,1.762530461030358,0.005113373410364485,-3.440175938826357,0.014635434332243385,-2.6877128643409507,0.018256018071352492,-0.7098406327477162,0.009629569302986666,0.5558531232319948,0.0071408763478476665,1.9174067743411083,0.00866827713187024,4.562926576286033,0.020317548924325246,5.737566336284863,0.028492792295591946,1.3462904631811146,0.006125661210181592,3.754501529960934,0.015695469261807482,4.8092482747749985,0.017212987205018397,2.010646273230172,0.005965323393478148,0.61379,0.0015396487778061593,61379.0,0.32925,0.001486083569319034,32925.0,0.16736,0.001180468679804763,16736.0,100000
median span 13 mm,12 scenarios,repro_e1b,253,20260920,"1,253",100000,0.06,0.1,4.8,8.0,4.8/8,3,0.15,True,True,0.0,13.0,sinus,0.0,A4,Largest view mean after review,SL,0.592921035631259,0.005169256042739372,1.6346622903645118,0.004944269205399667,1.73886441013259,0.005763615362662026,1.308492347569429,0.0036214780522340426,-2.374003482323622,0.011487176086383995,-1.8705430782308812,0.011234632581383424,-0.44884531040159725,0.00577239911054796,0.5144759280972191,0.004967315759712883,1.5147079397238044,0.006429312537141453,3.3420863634292917,0.02097555769858473,4.104053853831038,0.01666458821882199,1.0277841843536182,0.0036230125870103033,2.7519530036351667,0.00989664240943092,3.4649369591682597,0.013884713466847168,1.9926435545966779,0.00497019795711998,0.51107,0.0015807512615841875,51107.0,0.2086,0.0012848581244635534,20860.0,0.07887,0.0008523468959291164,7887.0,100000
median span 13 mm,12 scenarios,repro_e1b,325,20260920,"1,325",100000,0.06,0.25,4.8,20.0,4.8/20,3,0.15,True,True,0.0,13.0,sinus,0.0,A1,Anchor-view mean,AP,-0.3440264641697605,0.007465959521711457,2.360943700722954,0.008923644440117028,2.385865382933615,0.008398686971949187,1.7933043399238213,0.004976382154005755,-4.80093491189511,0.027539006250365164,-3.960420591109226,0.013297275815531985,-1.7565040651526385,0.00987582376675757,-0.4196572183033265,0.006960763024819016,0.9724208314269203,0.007646909591320105,3.4909120877806803,0.02753524662214688,4.623538381304044,0.030248199683858352,1.4067446223780982,0.005455095041036961,3.7717322051743682,0.010757858355647621,4.721162570337161,0.01315416931213066,1.978805092738346,0.005167869067661231,0.62956,0.0015271352474486336,62956.0,0.34618,0.0015044580672122438,34618.0,0.17489,0.0012012638673497176,17489.0,100000
median span 13 mm,12 scenarios,repro_e1b,325,20260920,"1,325",100000,0.06,0.25,4.8,20.0,4.8/20,3,0.15,True,True,0.0,13.0,sinus,0.0,A1,Anchor-view mean,SL,-0.21444151462198824,0.005345067145349857,1.6902586425839827,0.006898456616137516,1.703798953010722,0.00669713740420467,1.2937668944930119,0.003505867062651123,-3.4394798034222123,0.01964438255716865,-2.842537935655156,0.011312777730364107,-1.2595688856084275,0.006689761625648388,-0.25047865417748216,0.005617526846600629,0.7644514193500096,0.006871295592915238,2.5299784983548,0.017364301579277736,3.2695346978317543,0.02132858473409686,1.0316555399702847,0.003773916296917636,2.71003335681866,0.009766750710625997,3.367108856943063,0.010319195474707134,1.9762360171622162,0.005843878648827504,0.51237,0.0015806548740949114,51237.0,0.20766,0.0012827210312456876,20766.0,0.07347,0.000825058537923219,7347.0,100000
median span 13 mm,12 scenarios,repro_e1b,325,20260920,"1,325",100000,0.06,0.25,4.8,20.0,4.8/20,3,0.15,True,True,0.0,13.0,sinus,0.0,A2,Mean across views,AP,-1.6310627145334782,0.007213549830418361,2.2811247479243386,0.008477110663236488,2.804254563878436,0.008146809201100691,2.1606184672977014,0.00565296687929419,-6.573124593224046,0.034743409660242267,-5.4951565971226355,0.02259624612517369,-2.8910421198863503,0.008003365242746016,-1.504503603286091,0.008410432799174063,-0.23198667702853948,0.008547691870666901,1.7711406976753472,0.020895801013364346,2.5926182721062947,0.0311834121212481,1.7557722830414164,0.006419963138224134,4.490205760028601,0.01811624655472691,5.560780671043715,0.02112350554083308,1.9829799842967373,0.005429538658611769,0.69965,0.0014496202175052608,69965.0,0.44313,0.0015708781082566527,44313.0,0.25242,0.0013736962677389788,25242.0,100000
median span 13 mm,12 scenarios,repro_e1b,325,20260920,"1,325",100000,0.06,0.25,4.8,20.0,4.8/20,3,0.15,True,True,0.0,13.0,sinus,0.0,A2,Mean across views,SL,-1.035743956052823,0.005080739300372763,1.606670838670831,0.004772743582459317,1.9115781209313276,0.005485292420314182,1.4709896612815878,0.003860486021446454,-4.47923182103926,0.03292336455891761,-3.7323099132826365,0.01364017915864143,-1.9556686332605981,0.008048877881067546,-0.9569223798647943,0.006673439149685186,-0.023679477399096704,0.007860789696611999,1.390365866419939,0.009995478660862412,1.9280624238846733,0.013494054737220108,1.1899071212839623,0.004990518516422937,3.072115470622308,0.010037204444139858,3.7913136351364356,0.019080866411227696,1.9833422414822859,0.006614008839374318,0.57032,0.0015654235771828658,57032.0,0.26382,0.0013936247974257634,26382.0,0.10713,0.0009780243509238408,10713.0,100000
median span 13 mm,12 scenarios,repro_e1b,325,20260920,"1,325",100000,0.06,0.25,4.8,20.0,4.8/20,3,0.15,True,True,0.0,13.0,sinus,0.0,A3,Largest view mean,AP,0.45153202494913147,0.007779447365628617,2.460077261278313,0.01203653568051676,2.501159887174739,0.010267075445822577,1.8136582285545604,0.005446534931450497,-3.875923838127441,0.02342900724440542,-3.0941898667033576,0.021310547529724392,-1.0411588702725372,0.008862520023560097,0.2721785760922435,0.008056543460304485,1.7050854137996736,0.009291628665292434,4.618959817676753,0.034449332659538145,5.96259372575525,0.0488525966793591,1.3632234106962615,0.005431941726185752,3.863584306244726,0.019178394991784378,5.0084089697344245,0.028560407267607966,2.002434548633284,0.00814569170976919,0.61734,0.0015369818619619426,61734.0,0.33566,0.0014932928862081945,33566.0,0.1746,0.0012004784046370847,17460.0,100000
median span 13 mm,12 scenarios,repro_e1b,325,20260920,"1,325",100000,0.06,0.25,4.8,20.0,4.8/20,3,0.15,True,True,0.0,13.0,sinus,0.0,A3,Largest view mean,SL,0.35709790054445884,0.005447112681607999,1.722528274546885,0.008121667615102617,1.7591455016996642,0.007488252517457069,1.2998563292222327,0.003748306910240621,-2.741647980933419,0.016854760953511662,-2.187574983902405,0.009543384871019692,-0.7140291948645336,0.006011489141704097,0.26182410610524065,0.005854121872357956,1.291516345442462,0.007103664759939275,3.2244109485553096,0.01825390886055586,4.11295883415528,0.03839654658850643,1.0023980229670686,0.004495671880769973,2.7327691667109515,0.010209042437570275,3.481931479877922,0.016441204420835975,1.9793311448733057,0.007670017298229784,0.50089,0.001581136325242071,50089.0,0.20243,0.0012706380094267603,20243.0,0.07809,0.0008484807122144852,7809.0,100000
median span 13 mm,12 scenarios,repro_e1b,325,20260920,"1,325",100000,0.06,0.25,4.8,20.0,4.8/20,3,0.15,True,True,0.0,13.0,sinus,0.0,A4,Largest view mean after review,AP,0.2716462257953058,0.007402767763583305,2.3409607122194123,0.009894375069819642,2.3566573631253847,0.009233622222620556,1.7377480018560876,0.005033975715207382,-4.026807375052524,0.023721080773060257,-3.239046720435936,0.013705035234462731,-1.140582794833589,0.008544490835892335,0.15835430120803018,0.007257870480877517,1.5345312989987625,0.007969980202812485,4.135099633257776,0.027210834102160172,5.2984407978101755,0.05909364470795343,1.3315066905651305,0.004572757532865472,3.6817577834266046,0.013324398536249988,4.689513376774631,0.02825198914809771,1.9899003776074715,0.007372600734968569,0.61037,0.0015421363853433975,61037.0,0.32385,0.001479767473287611,32385.0,0.162,0.0011651437679531225,16200.0,100000
median span 13 mm,12 scenarios,repro_e1b,325,20260920,"1,325",100000,0.06,0.25,4.8,20.0,4.8/20,3,0.15,True,True,0.0,13.0,sinus,0.0,A4,Largest view mean after review,SL,0.28339281996427734,0.005252528503399426,1.6609953545697655,0.0074689532421458316,1.6849894567189336,0.007029845572025645,1.262771972886761,0.0035279014439667145,-2.803295757060305,0.01544847411539779,-2.240124462355629,0.012236936145646261,-0.7521340727674957,0.006156470435808997,0.2203422986971395,0.00564415915907588,1.2247415672707722,0.008538250460975949,3.0142425807981574,0.013792687183086383,3.760677483679435,0.02478359802251444,0.988554623067404,0.0041062819908706,2.653837881342773,0.007305201648458923,3.3403871188177594,0.012860224267850657,1.9824379941950914,0.007473265357249216,0.49531,0.001581069270778482,49531.0,0.19429,0.001251165040672093,19429.0,0.07037,0.0008088143365445496,7037.0,100000
median span 13 mm,12 scenarios,repro_e1b,397,20260920,"1,397",100000,0.06,0.5,4.8,40.0,4.8/40,3,0.15,True,True,0.0,13.0,sinus,0.0,A1,Anchor-view mean,AP,-0.32386968973833297,0.007519881587747258,2.377995355204468,0.008948834653780656,2.3999368609790825,0.008752487527802732,1.8006456986932626,0.00501736701710705,-4.809153087293351,0.024390466171107506,-3.952381185422763,0.016315955920763542,-1.7596055127561145,0.008011005862251166,-0.4005141373626344,0.00789754976569006,0.9807520036228254,0.007333830195057459,3.559770055600782,0.02228108046233704,4.665033687798559,0.041098918323216466,1.414700095803835,0.004779777911457961,3.789688951518825,0.01210104176643993,4.755290178387581,0.012342758305501965,1.981423034790842,0.005347334325462295,0.63033,0.0015264799084822572,63033.0,0.34984,0.0015081511011831672,34984.0,0.1753,0.0012023722801195976,17530.0,100000
median span 13 mm,12 scenarios,repro_e1b,397,20260920,"1,397",100000,0.06,0.5,4.8,40.0,4.8/40,3,0.15,True,True,0.0,13.0,sinus,0.0,A1,Anchor-view mean,SL,-0.20872566990450345,0.005357895145856614,1.6943152125266971,0.0046209070877302385,1.7071150335100669,0.005310480887667015,1.304109595065151,0.0034836073791623774,-3.4700840021740804,0.02258265625665304,-2.8568023516741508,0.011583652505746526,-1.2651307529057276,0.006702248924222936,-0.24573248888470856,0.006620110891402019,0.7866272431302626,0.007266995614713839,2.5489895923283616,0.014374802414878457,3.2858065721905043,0.02309498463893221,1.044502283381088,0.0033669584304997203,2.7237270137815957,0.011182194588591004,3.392618386537193,0.01362006679605037,1.987340231877342,0.005543216724280636,0.51829,0.0015800806178799865,51829.0,0.21122,0.0012907598986643487,21122.0,0.07497,0.0008327634664176858,7497.0,100000
median span 13 mm,12 scenarios,repro_e1b,397,20260920,"1,397",100000,0.06,0.5,4.8,40.0,4.8/40,3,0.15,True,True,0.0,13.0,sinus,0.0,A2,Mean across views,AP,-3.397502877102731,0.009464848272311824,2.9930478248414967,0.010920130002670935,4.527832980395471,0.012050733124227412,3.599862200204521,0.008684664104780453,-10.412205874436976,0.06234846861000692,-8.785763191557708,0.03645416418925281,-4.942371111223949,0.013548736037028226,-3.0080103728304195,0.008965773549753548,-1.434737282083303,0.012093884902627984,0.701294120880083,0.015861814503215187,1.4153086369975156,0.014954776814443757,3.0400096413106588,0.009796275924139654,7.1580019671403585,0.024980138805152787,8.79147410102062,0.036538230735089765,1.941651588979935,0.005055889222845561,0.84647,0.001139993592525853,84647.0,0.67689,0.0014788844711470872,67689.0,0.50659,0.0015810014924091628,50659.0,100000
median span 13 mm,12 scenarios,repro_e1b,397,20260920,"1,397",100000,0.06,0.5,4.8,40.0,4.8/40,3,0.15,True,True,0.0,13.0,sinus,0.0,A2,Mean across views,SL,-2.1697347748227056,0.006547801548451275,2.070596655988339,0.008663815113303995,2.9991793262757582,0.008155366525072632,2.3542545479252537,0.005875880087867669,-7.015005646217399,0.03739548665049796,-5.865667526553183,0.022052915244172373,-3.246738779125536,0.010563512877090371,-1.9278314742103364,0.007061439406471332,-0.8075503247856892,0.008805335640108597,0.7048381784116523,0.010130285716853574,1.2166390243859533,0.014331667660946493,1.96742479245794,0.006261888667414943,4.752234071269211,0.014858629776098194,5.867404294518009,0.0222946975025917,1.9563366028545812,0.004048173542453113,0.74251,0.001382710743069569,74251.0,0.49233,0.0015809527858225243,49233.0,0.2909,0.0014362353219441444,29090.0,100000
median span 13 mm,12 scenarios,repro_e1b,397,20260920,"1,397",100000,0.06,0.5,4.8,40.0,4.8/40,3,0.15,True,True,0.0,13.0,sinus,0.0,A3,Largest view mean,AP,0.13260069893957832,0.007705930252421127,2.436829108804701,0.010336158265966476,2.440422026928155,0.009575592964441623,1.7964588612926768,0.005223430399100075,-4.287404140021965,0.047916479583706116,-3.4731794822665467,0.017112905806545516,-1.3470642199760408,0.007474253224560632,-0.012458196425512824,0.0076163929801082095,1.4127524776202347,0.0073046388066631196,4.194064056407814,0.022842463339339224,5.4914944386328735,0.04497539024566463,1.3772811873228243,0.006171048414952074,3.809216135162437,0.019552843856373132,4.869233290847734,0.018530897202838594,1.9952423134685473,0.005500058155427524,0.62105,0.0015341020093201105,62105.0,0.3394,0.0014973564705840756,33940.0,0.17303,0.0011962049117939617,17303.0,100000
median span 13 mm,12 scenarios,repro_e1b,397,20260920,"1,397",100000,0.06,0.5,4.8,40.0,4.8/40,3,0.15,True,True,0.0,13.0,sinus,0.0,A3,Largest view mean,SL,0.12439851177923786,0.00545437471834194,1.7248247321999914,0.0061662535751247464,1.7292962719956617,0.006268464363831248,1.2942101724662758,0.0036269805359426936,-3.0794387143119017,0.017625029192937465,-2.506700410449384,0.01343969750172923,-0.9406327033969433,0.005235212500410569,0.056095547054798356,0.005915964782642886,1.093131831973987,0.006839709727642206,2.9597083313665977,0.014403397188046676,3.77935174672117,0.02699722089268886,1.0163498121028063,0.0026526063281468084,2.716759831248155,0.01529516745598953,3.4242234562840363,0.014524038935430876,1.9801253907361842,0.006343894234790535,0.50669,0.0015809972925340512,50669.0,0.20434,0.0012750888769023122,20434.0,0.07575,0.0008367313637004411,7575.0,100000
median span 13 mm,12 scenarios,repro_e1b,397,20260920,"1,397",100000,0.06,0.5,4.8,40.0,4.8/40,3,0.15,True,True,0.0,13.0,sinus,0.0,A4,Largest view mean after review,AP,0.025661919957893336,0.007490666297473679,2.3687566692277207,0.009855871628611368,2.3688838262070075,0.009098843279748563,1.757908722368424,0.005021347149733193,-4.383897343699166,0.027949677731457057,-3.549846910311027,0.014028564060183806,-1.4060757976998597,0.007785483150222343,-0.07925606675371011,0.007373577109737203,1.3090749857434205,0.007982237935057777,3.9189296414217836,0.02045311073972141,5.077385315810387,0.03418628356027153,1.3623942583561535,0.005635626399025118,3.720098116171235,0.01217364184222577,4.705841025489108,0.02069895352970137,1.9865225020443376,0.006858750418723391,0.61741,0.001536928403992847,61741.0,0.33314,0.0014904956907015867,33314.0,0.16635,0.0011776148670087348,16635.0,100000
median span 13 mm,12 scenarios,repro_e1b,397,20260920,"1,397",100000,0.06,0.5,4.8,40.0,4.8/40,3,0.15,True,True,0.0,13.0,sinus,0.0,A4,Largest view mean after review,SL,0.0801529043413395,0.005322359283911335,1.6830777862902588,0.0055026284502762935,1.6849768530367777,0.005709148763433722,1.2736298803144226,0.0034885901070503067,-3.1122018078506843,0.014866921524093524,-2.533700985968293,0.013604685721648,-0.9619283801709584,0.0071193962054571635,0.03161899970582649,0.0067155080785032285,1.054329524325197,0.006062370508251208,2.835142069962045,0.010755607462510166,3.5852902649145886,0.0179224150875325,1.0095756568654584,0.003695820407932138,2.6722055583303677,0.010076982134604447,3.3500377271436235,0.014117568276924978,1.9881802655662373,0.005434089321709037,0.50368,0.0015810960046752378,50368.0,0.20004,0.0012650059225157802,20004.0,0.07151,0.0008148393700601364,7151.0,100000
median span 13 mm,12 scenarios,repro_e1b,469,20260920,"1,469",100000,0.125,0.1,10.0,8.0,10/8,3,0.15,True,True,0.0,13.0,sinus,0.0,A1,Anchor-view mean,AP,-1.0657579967480484,0.008028549856347792,2.5388503854276676,0.009333110728346455,2.753459084425595,0.008338579301626764,2.0912069840800864,0.005664293745529216,-6.279160023675969,0.03997384281867524,-5.186583060965143,0.020993109998320603,-2.5206822882737434,0.008766031533229888,-1.0260301989701706,0.007840995745509406,0.4142867275372737,0.008572278864671172,2.8829790129107473,0.02846816948303545,3.968864163411842,0.031268249638350724,1.6510806228505892,0.005701800417765418,4.422007816936677,0.014415603490668056,5.537495425498958,0.0170593932528345,2.011105033962815,0.0037880303718424973,0.67968,0.0014755171893271865,67968.0,0.4186,0.0015600449993509802,41860.0,0.23806,0.0013468015310356609,23806.0,100000
median span 13 mm,12 scenarios,repro_e1b,469,20260920,"1,469",100000,0.125,0.1,10.0,8.0,10/8,3,0.15,True,True,0.0,13.0,sinus,0.0,A1,Anchor-view mean,SL,-0.680501018343245,0.005698786365426037,1.8021144813458911,0.005224304742621988,1.9263088443125431,0.005897140634952364,1.4727958950909215,0.003926262129066731,-4.32094104490335,0.02194343528002714,-3.5927848119073196,0.01784858924228295,-1.750773329726134,0.008990476004369152,-0.6596416882242759,0.006272288544612664,0.4101943623585269,0.006265084365370565,2.1398971219704293,0.015228482485102886,2.855336327927806,0.024233246392577193,1.1800328380059981,0.005127080318506827,3.0932227269992363,0.010543888259209247,3.834418673259628,0.013068490312671446,1.9905523896548618,0.0044781965463732264,0.56534,0.00156757993225226,56534.0,0.26392,0.001393794222975544,26392.0,0.10887,0.000984973720969245,10887.0,100000
median span 13 mm,12 scenarios,repro_e1b,469,20260920,"1,469",100000,0.125,0.1,10.0,8.0,10/8,3,0.15,True,True,0.0,13.0,sinus,0.0,A2,Mean across views,AP,-0.711699829088104,0.00650097450822594,2.055788645668701,0.005677842805364657,2.1754864604760997,0.006478395951354733,1.6597243882803747,0.004447556717370696,-4.833004581575994,0.022529893205342624,-4.004465555802664,0.018133123682298774,-1.921499425716719,0.007646114267222528,-0.7133211252415235,0.007124474504938718,0.4891958145621733,0.007344198488983006,2.5775526746484823,0.014998553285156114,3.4246105857280007,0.029336144306736162,1.3214953174838513,0.004469351443891453,3.4908577441267585,0.017197248139497703,4.338746569903118,0.012693273894925135,1.9943799461540175,0.004832492142460919,0.60893,0.0015431599239871413,60893.0,0.31632,0.0014705837534802295,31632.0,0.14837,0.001124083373687201,14837.0,100000
median span 13 mm,12 scenarios,repro_e1b,469,20260920,"1,469",100000,0.125,0.1,10.0,8.0,10/8,3,0.15,True,True,0.0,13.0,sinus,0.0,A2,Mean across views,SL,-0.44966364718523183,0.004649911738711207,1.4704312013081158,0.004045348330827369,1.537642250883207,0.004596414144015087,1.1798236270573004,0.0031182841827434127,-3.3805387391783857,0.015231719612586124,-2.811150924741479,0.010924260130011026,-1.3421882730316617,0.00655812819740694,-0.44588001495090523,0.0042980862626966435,0.44256184308328694,0.006049735991254097,1.8972839423081544,0.01155914752965047,2.459878856117785,0.012389425285668616,0.9518224604505878,0.003278177041291376,2.464508185540654,0.008093131165743405,3.048262704460365,0.013675007507055484,1.9824264731991281,0.00567279990651772,0.47885,0.0015797236388052182,47885.0,0.17211,0.0011936839946149903,17211.0,0.05304,0.0007087083913712325,5304.0,100000
median span 13 mm,12 scenarios,repro_e1b,469,20260920,"1,469",100000,0.125,0.1,10.0,8.0,10/8,3,0.15,True,True,0.0,13.0,sinus,0.0,A3,Largest view mean,AP,0.8332009642485695,0.007971351318514083,2.520762619589084,0.009896300721830422,2.654883140309668,0.010773462586910261,1.9088131015063963,0.005835127317316107,-3.424523998655957,0.015720278479644783,-2.6947509102730045,0.01455456359692748,-0.7186918800529334,0.00927560810574922,0.5945602422780882,0.006722023366077548,2.0766728672813093,0.008285451735094847,5.211775685192983,0.01958157987098541,6.6451072268301825,0.04408480611591866,1.4094817173177603,0.005150761943244689,4.116773447165282,0.01297135737225712,5.401089212348365,0.026625588380588587,2.0343980984859384,0.0077947813219512935,0.62758,0.0015288013069068198,62758.0,0.35333,0.0015115816587270435,35333.0,0.19266,0.0012471652833526115,19266.0,100000
median span 13 mm,12 scenarios,repro_e1b,469,20260920,"1,469",100000,0.125,0.1,10.0,8.0,10/8,3,0.15,True,True,0.0,13.0,sinus,0.0,A3,Largest view mean,SL,0.6215076706443462,0.005592319018970609,1.7684465502225506,0.006905109671317321,1.874471581974982,0.00804704815955678,1.362006212672335,0.004072590544441579,-2.4232071333319167,0.017740769669873084,-1.9075647496799004,0.01267735797949028,-0.47309362196332305,0.005572912476387607,0.48257513536539487,0.004855159977912891,1.534947835196215,0.00795009659627137,3.5924057452479015,0.015599284038775377,4.559129988100614,0.02749694524137354,1.0334079668689506,0.00453294389452738,2.8826658473517686,0.010893393110606747,3.7235936584667315,0.015398740012748343,1.986476452496269,0.007666707537522911,0.51308,0.0015805977147901992,51308.0,0.21847,0.0013066784573872794,21847.0,0.09055,0.0009074728508335662,9055.0,100000
median span 13 mm,12 scenarios,repro_e1b,469,20260920,"1,469",100000,0.125,0.1,10.0,8.0,10/8,3,0.15,True,True,0.0,13.0,sinus,0.0,A4,Largest view mean after review,AP,0.45105965019514943,0.007378612325429758,2.333322091974958,0.008017386890483839,2.37650843655408,0.008505719915079622,1.7553412824958723,0.005066157317857819,-3.886237999699296,0.02533180898490005,-3.0526577975011855,0.020682320305918576,-0.9496543775963897,0.008178866998672561,0.34655641365644074,0.006520723000181906,1.7194999209854869,0.00987772058929363,4.310398263789676,0.028545790917040684,5.462828084205778,0.03689769084645063,1.3408140297308222,0.004598393473965805,3.735621653524035,0.012427898976922183,4.78906459289994,0.018076567730277934,2.0151683533865543,0.0058591258703616055,0.61161,0.0015412436793057743,61161.0,0.32878,0.0014855427008336045,32878.0,0.16638,0.0011776998581981744,16638.0,100000
median span 13 mm,12 scenarios,repro_e1b,469,20260920,"1,469",100000,0.125,0.1,10.0,8.0,10/8,3,0.15,True,True,0.0,13.0,sinus,0.0,A4,Largest view mean after review,SL,0.4448850672728239,0.005235709820016588,1.6556768198962666,0.006282554063241651,1.7143981574788394,0.006165428369279719,1.2817914193051816,0.003600256604202072,-2.632067577620682,0.01604348672392497,-2.061170024561461,0.01057637962572352,-0.5720817905769588,0.00632882553065179,0.3805017239138584,0.006735228791861894,1.384330380666669,0.009375141877569767,3.1635276726890322,0.015080845340974607,3.9340764336704197,0.029444306505187208,1.0011430345896264,0.0038754011044709337,2.702793924571839,0.007470693861192495,3.4071759426612074,0.011344395500790513,1.9873889433430878,0.005471839143232528,0.50048,0.0015811381014952488,50048.0,0.20011,0.0012651718772562091,20011.0,0.07461,0.000830923269020672,7461.0,100000
median span 13 mm,12 scenarios,repro_e1b,541,20260920,"1,541",100000,0.125,0.25,10.0,20.0,10/20,3,0.15,True,True,0.0,13.0,sinus,0.0,A1,Anchor-view mean,AP,-1.0801654577146467,0.008075566328933905,2.553718299519566,0.007575491698639572,2.772754831312979,0.008950512146205977,2.1019865759437,0.005718264148906397,-6.306403338798422,0.02842140049467013,-5.188935392056126,0.030492354440772203,-2.5370116238607086,0.01066994670273485,-1.0552101482164309,0.008711458258017607,0.3966566791494195,0.0087102332346242,2.8782401821440726,0.020698694737586686,3.979184650773011,0.039715313194411996,1.6622053525691278,0.0064843561805343446,4.4353804096083245,0.0184921052027971,5.539532582137264,0.02637758304530184,1.9978443530523529,0.007615879562612185,0.6832,0.0014711823816237059,68320.0,0.42067,0.0015611109861249455,42067.0,0.23823,0.0013471320169159368,23823.0,100000
median span 13 mm,12 scenarios,repro_e1b,541,20260920,"1,541",100000,0.125,0.25,10.0,20.0,10/20,3,0.15,True,True,0.0,13.0,sinus,0.0,A1,Anchor-view mean,SL,-0.6850645039218848,0.005728467919396515,1.8115006128498836,0.005888806007883485,1.9367021013941557,0.006067466375049851,1.4776332214767376,0.003959079143740983,-4.345939800624621,0.023334003971807692,-3.6001392313955582,0.011911903962230554,-1.7585821725830004,0.006403847450302942,-0.6529662516562555,0.005801181584162114,0.40561649459596727,0.005899260120927321,2.1303281038198887,0.014404899627158524,2.81033915562,0.016716116573712216,1.1825126320550314,0.004376228738111232,3.0898955720797177,0.008573510015746254,3.8434280593063757,0.01642194462874698,1.9845220679729954,0.006225228457047689,0.56654,0.0015670750728666448,56654.0,0.26565,0.0013967106983910447,26565.0,0.10903,0.000985608741337048,10903.0,100000
median span 13 mm,12 scenarios,repro_e1b,541,20260920,"1,541",100000,0.125,0.25,10.0,20.0,10/20,3,0.15,True,True,0.0,13.0,sinus,0.0,A2,Mean across views,AP,-1.863128432279043,0.007434665363516071,2.3510476189874496,0.008279492270495532,2.9997695224240233,0.008724231320455906,2.3172069468902894,0.006024288709052617,-7.042407678148984,0.03536509105489736,-5.891454925886082,0.03267327149237579,-3.1324996533882876,0.009102379792389249,-1.7025160492659768,0.006829064023894384,-0.411903675434937,0.007969796756884407,1.5751800657124875,0.02150265227510523,2.3732081392862496,0.017354183929649325,1.8901782101928477,0.005930391252482697,4.789436110886153,0.016190994184210807,5.946124850935311,0.022742445504632572,1.9821939007268887,0.00487252649112019,0.72412,0.001413400953728276,72412.0,0.47449,0.0015790796050231285,47449.0,0.28365,0.0014254566899769353,28365.0,100000
median span 13 mm,12 scenarios,repro_e1b,541,20260920,"1,541",100000,0.125,0.25,10.0,20.0,10/20,3,0.15,True,True,0.0,13.0,sinus,0.0,A2,Mean across views,SL,-1.1915461738323483,0.005234251665075366,1.6552157108166974,0.004704373613354292,2.039483742597239,0.005924987105616458,1.5707307370147336,0.0041137766240690625,-4.77977124696338,0.024574444674736417,-4.007536383985892,0.014229764811513248,-2.125922084557935,0.008127633442957605,-1.0878890548552866,0.005424421228464296,-0.14251209274172916,0.005339878320177169,1.2610578936815482,0.010337692812299753,1.7914578217005177,0.01246399073076995,1.269246264353066,0.005215046114154047,3.2706526479235136,0.008211227958316655,4.044460108613277,0.01593347925225189,1.9830803375087187,0.0054701537893092145,0.5945,0.001552642102997339,59450.0,0.29418,0.0014409653972250686,29418.0,0.12696,0.0010528112765353533,12696.0,100000
median span 13 mm,12 scenarios,repro_e1b,541,20260920,"1,541",100000,0.125,0.25,10.0,20.0,10/20,3,0.15,True,True,0.0,13.0,sinus,0.0,A3,Largest view mean,AP,0.12543374974884014,0.008102750736491252,2.562314763991917,0.010629667404515531,2.565370328193868,0.010457764121948888,1.8756384606034708,0.005534560431725112,-4.584177660042288,0.030573770895683496,-3.6654374571030526,0.01980618401324315,-1.3932186343883477,0.009144365173980028,-0.014096767322602233,0.01018116338369323,1.4580670715234967,0.011190467435657062,4.384485180218747,0.02466415997014256,5.697937466739466,0.03977190799835074,1.423504177966338,0.00548149301423152,4.001177936437436,0.01715716695248971,5.130514525238231,0.02356329808882927,1.9999118524343176,0.008097641957100546,0.63144,0.001525527864052309,63144.0,0.35454,0.0015127504367872448,35454.0,0.18816,0.0012359442317515788,18816.0,100000
median span 13 mm,12 scenarios,repro_e1b,541,20260920,"1,541",100000,0.125,0.25,10.0,20.0,10/20,3,0.15,True,True,0.0,13.0,sinus,0.0,A3,Largest view mean,SL,0.1509013266710346,0.00562721235906352,1.7794807932089975,0.006755127407707372,1.7858587397305163,0.006811351452244622,1.3274994790740264,0.003777632647357965,-3.1608555275762633,0.012978210887098525,-2.5425128096146374,0.008494545313051364,-0.9354335178688453,0.006540544882118797,0.08499329338711448,0.006869219104742857,1.1394641850011797,0.008201700024497641,3.031370372478377,0.017434983290573535,3.9143309777317654,0.031575690316552205,1.0371317603010062,0.004204872905189453,2.7726844379661597,0.008798199168432101,3.530455067789582,0.012951882985359747,1.9768949185322031,0.006208461780034104,0.51507,0.0015804204981586388,51507.0,0.21198,0.0012924568836135309,21198.0,0.08117,0.0008636054139478284,8117.0,100000
median span 13 mm,12 scenarios,repro_e1b,541,20260920,"1,541",100000,0.125,0.25,10.0,20.0,10/20,3,0.15,True,True,0.0,13.0,sinus,0.0,A4,Largest view mean after review,AP,-0.13666765917966905,0.007680122117210478,2.428667859861977,0.008941642148334128,2.4324980243191296,0.008635112699080688,1.8099438743667315,0.005139237513212472,-4.879161332777469,0.02604950493100828,-3.9092660111153803,0.022430136351808877,-1.5512786327173238,0.009765032260739517,-0.18611034418472583,0.008694262069652944,1.2171506642301204,0.010216400742996313,3.7782009351770376,0.026091630980334728,4.89767825341463,0.03117483607786809,1.3960058361030407,0.005093258856519732,3.851066958699844,0.014339812440373096,4.890417119981303,0.02272598822666989,2.0104506030791782,0.007290580380786959,0.62583,0.0015302509960787478,62583.0,0.34478,0.0015030194662744723,34478.0,0.17746,0.001208171959615021,17746.0,100000
median span 13 mm,12 scenarios,repro_e1b,541,20260920,"1,541",100000,0.125,0.25,10.0,20.0,10/20,3,0.15,True,True,0.0,13.0,sinus,0.0,A4,Largest view mean after review,SL,0.03592838274657272,0.00542739705549386,1.7162936461451876,0.00591156808745035,1.7166610824057056,0.006028737019269445,1.294375825347486,0.003565850823989195,-3.300299149461329,0.013395462570609667,-2.657297200093672,0.009836949105585534,-1.0032568335476255,0.007119893670653744,0.01603828551263531,0.005460448864222838,1.0457078634818735,0.007585518804697127,2.7565634539360993,0.010092759821937938,3.513967162064836,0.016027482691559635,1.0245674355352463,0.004254632292171723,2.7031611016897474,0.007921189509075405,3.403274620951759,0.01903983916082417,1.9824965194541815,0.00715062673218901,0.51025,0.0015808065583745533,51025.0,0.20507,0.0012767783484223093,20507.0,0.07455,0.0008306160213961684,7455.0,100000
median span 13 mm,12 scenarios,repro_e1b,613,20260920,"1,613",100000,0.125,0.5,10.0,40.0,10/40,3,0.15,True,True,0.0,13.0,sinus,0.0,A1,Anchor-view mean,AP,-1.0843896448031165,0.00806347326376447,2.54989413653674,0.012285720887374396,2.7708836117202034,0.010889760441518338,2.1048223765740572,0.005698729005914406,-6.26589785030421,0.03746283727611346,-5.182876170761158,0.018730013166558312,-2.552354879147484,0.011257102589947025,-1.0573174914776216,0.008314368389291693,0.3950716602191502,0.010823987647644319,2.9017659479916844,0.016078910020842642,3.9799224653609686,0.030961625730252507,1.6723473148480137,0.006756724382792729,4.438242432045042,0.010875581778318247,5.534993491602976,0.022858595462524355,1.9975553892596647,0.008518315919363084,0.68461,0.0014694187554948385,68461.0,0.42156,0.0015615606501189765,42156.0,0.24135,0.001353145141882422,24135.0,100000
median span 13 mm,12 scenarios,repro_e1b,613,20260920,"1,613",100000,0.125,0.5,10.0,40.0,10/40,3,0.15,True,True,0.0,13.0,sinus,0.0,A1,Anchor-view mean,SL,-0.692528121402596,0.005668350781175114,1.7924899045308047,0.004461846580044191,1.9216095145938688,0.0056153315456624504,1.474906233360669,0.0038951892147500943,-4.320303889737537,0.02425784363585697,-3.601918153461912,0.012575619139148198,-1.7655527590976763,0.0069304958500005474,-0.6672110720575057,0.0048465212730246865,0.40765221234695614,0.007014299431840931,2.113165880883993,0.014356647245658669,2.8184962855552396,0.026558961494556225,1.1853398104090211,0.002822983973924757,3.0891116095327273,0.006720620113455592,3.8318806566358816,0.01119031258461657,1.9940995439157927,0.005828801858049697,0.56851,0.0015662259731596842,56851.0,0.26531,0.0013961396917930528,26531.0,0.1091,0.0009858863524767954,10910.0,100000
median span 13 mm,12 scenarios,repro_e1b,613,20260920,"1,613",100000,0.125,0.5,10.0,40.0,10/40,3,0.15,True,True,0.0,13.0,sinus,0.0,A2,Mean across views,AP,-3.6382346563674637,0.009747569092151916,3.0824519981059777,0.010228268442098645,4.768455380971663,0.012366950681923816,3.8112532131241936,0.009062338435385226,-10.938353440822498,0.04084752097181271,-9.204646456425285,0.027182961239894485,-5.20828537399999,0.014144571933605915,-3.2094154821887817,0.009131570599620187,-1.6101042726965942,0.011481520060670448,0.4997611251646744,0.014618573544152748,1.2348855770274396,0.01836735502827615,3.2363842567646843,0.010450138338254571,7.538318717698726,0.022271950577068617,9.207608883299589,0.026625123312131786,1.9309416042859906,0.004439329460941283,0.86118,0.0010933846880215583,86118.0,0.70378,0.0014438618756653977,70378.0,0.53841,0.001576466529616154,53841.0,100000
median span 13 mm,12 scenarios,repro_e1b,613,20260920,"1,613",100000,0.125,0.5,10.0,40.0,10/40,3,0.15,True,True,0.0,13.0,sinus,0.0,A2,Mean across views,SL,-2.325081059261375,0.006671697938931259,2.1097761347673742,0.007766413333681913,3.139603917601163,0.008380305755105243,2.4813894220298027,0.006082644403726157,-7.239314485949086,0.03570006135102136,-6.1153122133791955,0.025804215871804394,-3.4248658674016834,0.009013622770345717,-2.0620252151072345,0.008329191292495656,-0.9252349207788393,0.005444459336778601,0.579885910609933,0.010695179817507401,1.077623871018415,0.013654471148312872,2.0916293985134926,0.008840725347750197,4.984143427934508,0.013145287850869315,6.116916665472383,0.028664180624967697,1.9483083936734467,0.006201507654605484,0.76323,0.0013442840737730995,76323.0,0.52039,0.0015798235594521306,52039.0,0.31805,0.0014727328253963787,31805.0,100000
median span 13 mm,12 scenarios,repro_e1b,613,20260920,"1,613",100000,0.125,0.5,10.0,40.0,10/40,3,0.15,True,True,0.0,13.0,sinus,0.0,A3,Largest view mean,AP,-0.3710408271494438,0.008137170068818882,2.573199112561675,0.01568553498541157,2.5997997528200525,0.01225925729400925,1.9295333643856103,0.005509891205266258,-5.319356139355986,0.03391312992341715,-4.3168622865830315,0.01518274144195877,-1.867542807487116,0.006873830493282131,-0.4325175274330899,0.008114459621965012,1.0362089938648047,0.012382031338549721,3.7687121654640077,0.03205627901190196,5.006838115110463,0.0510094128526364,1.4956009269442943,0.006246462110837961,4.095155557079518,0.014352095990984729,5.185606333550428,0.021841251622236504,1.9946175961919765,0.010364542769258543,0.64957,0.0015087372703688339,64957.0,0.3738,0.0015299462735664936,37380.0,0.20113,0.0012675832244866607,20113.0,100000
median span 13 mm,12 scenarios,repro_e1b,613,20260920,"1,613",100000,0.125,0.5,10.0,40.0,10/40,3,0.15,True,True,0.0,13.0,sinus,0.0,A3,Largest view mean,SL,-0.18821387808768858,0.005671285371768997,1.7934179035584825,0.006255509430732348,1.8032581837416244,0.006015073962581939,1.3601412394409167,0.003744021773043402,-3.6550855308224985,0.01929315244421311,-3.0099164436863797,0.010761545093918298,-1.2700339037685984,0.007336578084469748,-0.21086396183221812,0.006032295697216869,0.8506525950362873,0.0069742066852573345,2.681395771612601,0.01691117825714467,3.4928283160418787,0.02439565096732886,1.074007796286185,0.00464502101829416,2.8720260619687177,0.007342424587347396,3.591086091295897,0.012462319333374163,1.9914431131789818,0.0063721124441554035,0.5292,0.0015784402427713251,52920.0,0.22565,0.0013218626157812316,22565.0,0.08831,0.0008972811371025249,8831.0,100000
median span 13 mm,12 scenarios,repro_e1b,613,20260920,"1,613",100000,0.125,0.5,10.0,40.0,10/40,3,0.15,True,True,0.0,13.0,sinus,0.0,A4,Largest view mean after review,AP,-0.5296566174569907,0.007884115803162605,2.493176327452159,0.012291393534057173,2.5488040671855923,0.011333082110627968,1.9078980241357506,0.005344488624704309,-5.498345432792477,0.026372871376345343,-4.464918244408739,0.013448235043945671,-1.9705996250313116,0.008691313570339266,-0.5371757734365703,0.006311943055801373,0.8950556480398211,0.010424533750445476,3.40129015684612,0.027915731068507883,4.518858231690367,0.04359317412757218,1.4880863735933865,0.006160444147007455,4.055212769695165,0.011608409212532802,5.105030780951921,0.021041813007492974,2.002912207602106,0.00908681441406412,0.64831,0.001509980608815888,64831.0,0.37109,0.0015276852159394618,37109.0,0.19819,0.001260597968822733,19819.0,100000
median span 13 mm,12 scenarios,repro_e1b,613,20260920,"1,613",100000,0.125,0.5,10.0,40.0,10/40,3,0.15,True,True,0.0,13.0,sinus,0.0,A4,Largest view mean after review,SL,-0.2617563419718192,0.005537796606436543,1.7512050495090543,0.005149628331840751,1.7706509652659452,0.005525052140081117,1.3449529666151008,0.0036418671331978577,-3.7524060612223766,0.01869526306962993,-3.0806463177692462,0.012659471242190228,-1.3150258121440825,0.008451919811781908,-0.2545893728104336,0.006772837205375308,0.7919623921330197,0.006151665457546958,2.525475469175155,0.010360629120283984,3.2309472939890913,0.018016193041034915,1.0686071991085786,0.0040142710200877195,2.839817387828522,0.008965798228306706,3.5364032890402366,0.010365039110820007,1.997233423420116,0.005338924532749935,0.5273,0.0015787802570338912,52730.0,0.22258,0.0013154396360152752,22258.0,0.0853,0.0008833114399802597,8530.0,100000
median span 13 mm,12 scenarios,repro_e1b,685,20260920,"1,685",100000,0.25,0.1,20.0,8.0,20/8,3,0.15,True,True,0.0,13.0,sinus,0.0,A1,Anchor-view mean,AP,-2.5072067147584174,0.010353144119206528,3.2739516360670438,0.010732373642063201,4.123680108621741,0.013040731196900695,3.1088640025719574,0.008567249062278614,-10.014151895273256,0.04210238749694081,-8.263312990045923,0.040910549517460426,-4.168026057866111,0.012974162036057127,-2.1646884222357152,0.009672893311780149,-0.47623635394504005,0.012511024584230715,2.069134467633426,0.01345289882874878,3.1066291601844243,0.025975483889432518,2.4332999505961377,0.008305594501485715,6.6005125324217975,0.01936939906364181,8.325900622305008,0.022154983552683027,2.0190461924767913,0.004676247590604809,0.77942,0.0013111996934105803,77942.0,0.57754,0.0015620100780724816,57754.0,0.40901,0.0015547373408392815,40901.0,100000
median span 13 mm,12 scenarios,repro_e1b,685,20260920,"1,685",100000,0.25,0.1,20.0,8.0,20/8,3,0.15,True,True,0.0,13.0,sinus,0.0,A1,Anchor-view mean,SL,-1.6001814027932229,0.007139637078155988,2.257751483396252,0.007273621143527914,2.767303978280242,0.008819396754802297,2.087073281143244,0.005746415794769916,-6.713307914117386,0.04942092186215845,-5.493670797743807,0.030680508379290008,-2.791483470843252,0.01134820782075209,-1.4021978692630799,0.011624689981336906,-0.1786229565116615,0.00828924710861735,1.6050163513187963,0.0177062058114878,2.295822303652361,0.00961548295201975,1.637597595121826,0.005782956723723591,4.413400901695573,0.01477139081119875,5.549260215402189,0.02803893652739063,2.005294777500667,0.006533495817061249,0.67744,0.0014782254442404922,67744.0,0.41303,0.0015570363486444366,41303.0,0.23515,0.0013410983465055796,23515.0,100000
median span 13 mm,12 scenarios,repro_e1b,685,20260920,"1,685",100000,0.25,0.1,20.0,8.0,20/8,3,0.15,True,True,0.0,13.0,sinus,0.0,A2,Mean across views,AP,-1.2004649678127042,0.006817566585471481,2.1559038509946884,0.007101075780359319,2.4675881087542018,0.007228005255997217,1.8906848150099875,0.005014306679918238,-5.7332066192149345,0.03542650445028919,-4.774919069078659,0.033098743974344334,-2.4276806196655194,0.008933807279205654,-1.1256953352848948,0.006072412902737477,0.10191187808334723,0.008051999873271024,2.103240831821971,0.014854890716960716,2.9282591976798544,0.017956063647991502,1.5168265157874457,0.00531036262137952,3.961145478993947,0.016067309752485343,4.920560917218394,0.01973974446023533,1.9940770908085674,0.00471389756071915,0.6542,0.001504069014374008,65420.0,0.37704,0.0015325822601087355,37704.0,0.19694,0.0012575954691394207,19694.0,100000
median span 13 mm,12 scenarios,repro_e1b,685,20260920,"1,685",100000,0.25,0.1,20.0,8.0,20/8,3,0.15,True,True,0.0,13.0,sinus,0.0,A2,Mean across views,SL,-0.766164080495243,0.004843231030831256,1.5315641291831954,0.004912595624253388,1.712504780476534,0.004905694387226752,1.317940537028505,0.0034579145755573694,-3.9550237708596523,0.017997585339182207,-3.3031157754805998,0.01559038210425104,-1.6756729282024994,0.006215063711523865,-0.723569544287942,0.004769153900896808,0.18838506945310196,0.006753375196661542,1.5988996121558694,0.014601991727369677,2.135636823394675,0.021122328914778353,1.0612797736118535,0.0041595106999418145,2.7551312238792556,0.007670283029308515,3.4176267523480783,0.017444630887621958,1.995688882922163,0.0063492426961833095,0.52527,0.0015791181941197435,52527.0,0.21566,0.0013005797338110417,21566.0,0.07735,0.0008447897815433139,7735.0,100000
median span 13 mm,12 scenarios,repro_e1b,685,20260920,"1,685",100000,0.25,0.1,20.0,8.0,20/8,3,0.15,True,True,0.0,13.0,sinus,0.0,A3,Largest view mean,AP,0.6649328121658097,0.008020017899216572,2.5361523436843103,0.009454551391091555,2.6218581262881195,0.010861946066951976,1.884879977883724,0.005763159478413965,-3.691151028747615,0.014063927095509663,-2.919080631253251,0.015828704477662197,-0.8793992355201037,0.00708631150137416,0.44498628029489673,0.008568427881269419,1.921457947947856,0.009195535034631922,5.00948802898456,0.035348048501518084,6.445144261385319,0.03765741541697524,1.393853756479035,0.00441107693888433,4.037744929736716,0.01448224686819732,5.258912221620594,0.02640980611640235,2.005795877699099,0.008036708597448462,0.62464,0.0015312245766052738,62464.0,0.34993,0.0015082406807270517,34993.0,0.18783,0.0012351108901633083,18783.0,100000
median span 13 mm,12 scenarios,repro_e1b,685,20260920,"1,685",100000,0.25,0.1,20.0,8.0,20/8,3,0.15,True,True,0.0,13.0,sinus,0.0,A3,Largest view mean,SL,0.5035339848128781,0.005564469758137443,1.7596398406840583,0.006312864567856793,1.8302589651359351,0.007279710030148966,1.3459243221031094,0.003922181768023469,-2.6150863760788514,0.019209739327495392,-2.0709582178311736,0.009204259938807916,-0.5926895378207293,0.006793873971735028,0.38907753069937634,0.0048871071963458405,1.4355714866592058,0.004700970349171241,3.4624233354480842,0.020412134429607466,4.399217239534321,0.026666841021620362,1.0323842830017274,0.0029979813148405805,2.8408048343856005,0.00599742908781708,3.6466985010084314,0.012876191393041686,1.9924494677929838,0.005902454802411267,0.5131,0.0015805960584538985,51310.0,0.21573,0.0013007327438793875,21573.0,0.08701,0.0008912870463548766,8701.0,100000
median span 13 mm,12 scenarios,repro_e1b,685,20260920,"1,685",100000,0.25,0.1,20.0,8.0,20/8,3,0.15,True,True,0.0,13.0,sinus,0.0,A4,Largest view mean after review,AP,0.12581856638198566,0.00773630188609138,2.446433462670527,0.008538215328556907,2.4496544957511155,0.009358411143865554,1.7916885822774093,0.005282695410073548,-4.641306130920341,0.04486817151704366,-3.6074537566465885,0.019617153422537125,-1.2550771257873388,0.007603360325415301,0.0880200660376822,0.006730779589789887,1.4543195862859997,0.010084687666696589,4.010594433796846,0.013798493440591468,5.14172405341203,0.031323965265844494,1.3564759508392754,0.004871295978967725,3.808179950035334,0.02089162583544042,4.906806942824205,0.022325394765298812,2.0030608199380686,0.006099310294057819,0.61575,0.001538187041617501,61575.0,0.33484,0.001492387933481104,33484.0,0.17199,0.00119335426382948,17199.0,100000
median span 13 mm,12 scenarios,repro_e1b,685,20260920,"1,685",100000,0.25,0.1,20.0,8.0,20/8,3,0.15,True,True,0.0,13.0,sinus,0.0,A4,Largest view mean after review,SL,0.22921592896760595,0.005422907815527042,1.7148740238193674,0.00618625048265589,1.730116600617928,0.006460850637873195,1.2898223071865633,0.0036464711220155154,-3.105419357279217,0.01942051489859416,-2.4056987290380816,0.010481406343996918,-0.7764700583721496,0.007626662454940735,0.21081171955492284,0.0065919583224669405,1.2141781236764435,0.008388895628297055,2.9482141949111766,0.012930973237129478,3.6972558548008942,0.025634226593319723,1.0055644587118253,0.0033490766570534298,2.7157668378109205,0.007604294422767978,3.431136335162115,0.014800478132813735,1.9831821357801267,0.005689203823757371,0.50224,0.0015811229629601868,50224.0,0.20148,0.0012684077010173028,20148.0,0.07546,0.000835259171754492,7546.0,100000
median span 13 mm,12 scenarios,repro_e1b,757,20260920,"1,757",100000,0.25,0.25,20.0,20.0,20/20,3,0.15,True,True,0.0,13.0,sinus,0.0,A1,Anchor-view mean,AP,-2.499982354184986,0.010341463947468404,3.270258041451604,0.011500319773718778,4.116356700170505,0.013412185643424425,3.1036148901929717,0.008551046846330129,-10.034139679089968,0.04383356449053593,-8.248733793307606,0.028830431240230287,-4.169403791358924,0.01205145070045808,-2.17112598800403,0.009102428081960346,-0.4587172241121067,0.013147801773523591,2.0950957790836178,0.019960737056665914,3.083202620350326,0.03819330421951852,2.4360025180077107,0.008665187988571587,6.550218881209225,0.017551700637769497,8.298563097539251,0.027145412154597735,2.0159970823703186,0.004778138403167938,0.78074,0.0013083770572736287,78074.0,0.57936,0.0015610957382556651,57936.0,0.40887,0.0015546553415468007,40887.0,100000
median span 13 mm,12 scenarios,repro_e1b,757,20260920,"1,757",100000,0.25,0.25,20.0,20.0,20/20,3,0.15,True,True,0.0,13.0,sinus,0.0,A1,Anchor-view mean,SL,-1.5983912638300406,0.00715539166366766,2.2627335207771297,0.009446794879915297,2.7703368781985342,0.008975256194392467,2.0819082780150877,0.005779669320312803,-6.686752301258822,0.036638990386619254,-5.508706349108085,0.023837570836009216,-2.792454673737643,0.007520231316587552,-1.3926846718174275,0.00938858225133976,-0.17094287401912744,0.006579393777658294,1.586733839470753,0.012369394251668156,2.2780335245671806,0.03167224963146125,1.6214223780228414,0.005905460957311909,4.40963813605683,0.013679133624615005,5.565963107744511,0.02188736658050439,2.0091286195359346,0.005715178342782201,0.67509,0.0014810249555628698,67509.0,0.41132,0.0015560715202072172,41132.0,0.23397,0.0013387607669034824,23397.0,100000
median span 13 mm,12 scenarios,repro_e1b,757,20260920,"1,757",100000,0.25,0.25,20.0,20.0,20/20,3,0.15,True,True,0.0,13.0,sinus,0.0,A2,Mean across views,AP,-2.333986240638874,0.007870465371063331,2.4888596818042408,0.008429371801177591,3.41201587671821,0.009703921110564714,2.661226420716869,0.006752608294854957,-7.957878841315164,0.04239255002215628,-6.663387677911238,0.028743317955320893,-3.6504019850328318,0.011098533619379137,-2.1077897607907055,0.007838487713596853,-0.7469883677741587,0.008343055374409668,1.197504105652948,0.01691033268666236,1.9601361380664624,0.01782229588010605,2.2121763668041945,0.008591460444862921,5.411041134638163,0.020361413303865074,6.679586313866722,0.021460041979842664,1.9576656601877744,0.003948468974989509,0.76834,0.001334142587582002,76834.0,0.5446,0.0015748359914606982,54460.0,0.35053,0.001508836369855923,35053.0,100000
median span 13 mm,12 scenarios,repro_e1b,757,20260920,"1,757",100000,0.25,0.25,20.0,20.0,20/20,3,0.15,True,True,0.0,13.0,sinus,0.0,A2,Mean across views,SL,-1.4971090866465255,0.005524489702730752,1.746997037077571,0.006488756749364454,2.300718093311506,0.006797267072363216,1.7795499492590103,0.004611428182519019,-5.391550047293798,0.033460471458788145,-4.503156212542644,0.018536726244875103,-2.4458446061101924,0.006486775923682316,-1.3544442839954831,0.0054049714109990835,-0.37356314312617855,0.008470518060006909,1.031240197885572,0.009815076386330477,1.5394364300574435,0.011709681418501969,1.4581687047369576,0.005868774502470359,3.65707565497904,0.010220024270941156,4.518802456600558,0.01783117711367505,1.9640835049445298,0.00607650499945125,0.64636,0.0015118821065149225,64636.0,0.35263,0.0015109006688065235,35263.0,0.16946,0.0011863528497036621,16946.0,100000
median span 13 mm,12 scenarios,repro_e1b,757,20260920,"1,757",100000,0.25,0.25,20.0,20.0,20/20,3,0.15,True,True,0.0,13.0,sinus,0.0,A3,Largest view mean,AP,-0.23732728442298395,0.008456718219332067,2.674249110333271,0.01091965389250016,2.6847459894684333,0.011011988205153816,1.9747072447647014,0.005751891349542979,-5.356466142402635,0.02379428497529161,-4.302541220315264,0.022027502147416157,-1.7770559270842237,0.011906129681537057,-0.308630049240028,0.010096613141588192,1.1916702850748297,0.011748537115431543,4.0860618694412905,0.03242518155976774,5.379321597939239,0.035053878140834244,1.5106201537843762,0.005393128390539671,4.212676110135413,0.011022625952200979,5.366810596347757,0.01968128130620286,1.9990012527815935,0.006584187925388148,0.65065,0.001507662354441471,65065.0,0.37991,0.0015348563186826317,37991.0,0.20924,0.0012863072043644938,20924.0,100000
median span 13 mm,12 scenarios,repro_e1b,757,20260920,"1,757",100000,0.25,0.25,20.0,20.0,20/20,3,0.15,True,True,0.0,13.0,sinus,0.0,A3,Largest view mean,SL,-0.08670061887297564,0.00587168236830151,1.856788998088443,0.006730036562028953,1.8588028147389404,0.006708885803663343,1.3826886418436426,0.003928530841361134,-3.6749015619809478,0.026489835774425572,-2.9621301954938692,0.014305806672393192,-1.179407232509483,0.008436716219648902,-0.11502998339321113,0.006495919675081044,0.9484052432255998,0.007176740845982554,2.8816951019225496,0.016262901993847542,3.744154719764783,0.026514371170147207,1.0683537703532973,0.004107515746773609,2.927071723889631,0.008392394992686722,3.7132133229457707,0.015473269700725208,1.9976370239504253,0.006388324485033048,0.5268,0.0015788659221099175,52680.0,0.23096,0.0013327320750998678,23096.0,0.09354,0.0009208163139301997,9354.0,100000
median span 13 mm,12 scenarios,repro_e1b,757,20260920,"1,757",100000,0.25,0.25,20.0,20.0,20/20,3,0.15,True,True,0.0,13.0,sinus,0.0,A4,Largest view mean after review,AP,-0.6656481706773161,0.008317594035406047,2.6302541804514306,0.008694809828253049,2.7131633490333287,0.01008121000826901,2.0026823254726867,0.005788395604397413,-6.187619354758488,0.03264998382657491,-4.931411142223732,0.02211765880088629,-2.1009461734362143,0.010885691865409155,-0.591065920922242,0.00715486956338142,0.8543662862316062,0.008516797690749995,3.3572498453532043,0.023709956366261137,4.416273854201527,0.027558937303605896,1.5299495929434612,0.00545055514332046,4.27609039863232,0.013403029956037241,5.456770064110659,0.026806247086034494,2.011220616722118,0.00803796579024789,0.655,0.0015032464867745408,65500.0,0.3858,0.0015393451854603631,38580.0,0.21486,0.001298827087798834,21486.0,100000
median span 13 mm,12 scenarios,repro_e1b,757,20260920,"1,757",100000,0.25,0.25,20.0,20.0,20/20,3,0.15,True,True,0.0,13.0,sinus,0.0,A4,Largest view mean after review,SL,-0.30029455092249563,0.0058179356177109915,1.839792783218539,0.006662251607952204,1.8641299456105276,0.006768533407865121,1.3847586286529932,0.003946440888811943,-4.117707360335932,0.019699792924582085,-3.2689447018827082,0.02176495570465806,-1.334267482058858,0.00958085311770434,-0.25208573393804157,0.007678688107462261,0.7862958823974804,0.006075557862251312,2.518043112296164,0.013222103445057025,3.2339020143442507,0.01928145744905218,1.068624737953166,0.004774450063865754,2.9318882585276076,0.010091568872025398,3.72505783925259,0.011424929692432367,1.998282280709022,0.005320543027656098,0.52679,0.0015788676192132131,52679.0,0.23132,0.0013334581268266358,23132.0,0.09396,0.0009226674287087411,9396.0,100000
median span 13 mm,12 scenarios,repro_e1b,829,20260920,"1,829",100000,0.25,0.5,20.0,40.0,20/40,3,0.15,True,True,0.0,13.0,sinus,0.0,A1,Anchor-view mean,AP,-2.5007455417718645,0.010391288291265814,3.2860138823839136,0.012314679026746139,4.1293471059041895,0.01316036467312636,3.1165838130907884,0.008566496507839248,-10.002917931617455,0.0488013437977047,-8.22822210839194,0.04859190907264497,-4.2020338640928685,0.015540073175852662,-2.180856204746399,0.010240708086579807,-0.45354854187425864,0.010298583013044212,2.0835700121513887,0.02197614501582516,3.124093802195483,0.02381080404692617,2.450606552134213,0.010568163305638747,6.567193464835518,0.029236802154150778,8.306392909331977,0.03929542572429029,2.0115511475059575,0.0063076898282581045,0.77909,0.0013119023283003962,77909.0,0.57858,0.0015614902612568545,57858.0,0.41315,0.0015571033282990568,41315.0,100000
median span 13 mm,12 scenarios,repro_e1b,829,20260920,"1,829",100000,0.25,0.5,20.0,40.0,20/40,3,0.15,True,True,0.0,13.0,sinus,0.0,A1,Anchor-view mean,SL,-1.6124986692699983,0.007131496091503098,2.255177077373836,0.009034137840864168,2.772350041115553,0.009180161458358274,2.084716813807351,0.0057791988682185805,-6.70485714251687,0.03191824562693424,-5.523011289506832,0.017065660776348215,-2.7946594737658508,0.010043160112929758,-1.407842095250678,0.0073069463540479185,-0.19860318377262476,0.00789253318003109,1.5966113292693884,0.01677375593338565,2.2487171905432075,0.02651319135423199,1.6350673335303316,0.005718603346562939,4.396245370172798,0.015563264341295898,5.568141637361177,0.021565173591510216,2.008455481732977,0.005518438267736166,0.67596,0.00147999350809387,67596.0,0.41154,0.0015561967369198536,41154.0,0.23483,0.0013404658559620234,23483.0,100000
median span 13 mm,12 scenarios,repro_e1b,829,20260920,"1,829",100000,0.25,0.5,20.0,40.0,20/40,3,0.15,True,True,0.0,13.0,sinus,0.0,A2,Mean across views,AP,-4.115348930936778,0.010271170150989621,3.2480291912262764,0.012461794043285963,5.242679177051008,0.013193568148272898,4.240611886086679,0.009748328479781939,-11.886624114515868,0.07069034163103177,-10.036631139233283,0.03829835648923246,-5.742738237747332,0.018210301031290708,-3.6354000816682968,0.010396264905249785,-1.9532116683783918,0.00900354361689033,0.1644872371654153,0.017613430047635905,0.9044871381269847,0.019027556284114653,3.6479226718268625,0.011322165139741306,8.231595674804188,0.023916227641251692,10.036811557575994,0.03822541554507145,1.9144432109274463,0.0041388389076032405,0.88823,0.000996380786145538,88823.0,0.75134,0.001366851141858542,75134.0,0.59812,0.0015503949999919376,59812.0,100000
median span 13 mm,12 scenarios,repro_e1b,829,20260920,"1,829",100000,0.25,0.5,20.0,40.0,20/40,3,0.15,True,True,0.0,13.0,sinus,0.0,A2,Mean across views,SL,-2.6361380352259323,0.007044847976466776,2.22777653752633,0.00789065348976696,3.451400065485691,0.009229609972513568,2.750465180890756,0.006593289901266238,-7.947975036907532,0.04881181332399724,-6.68248536663233,0.02578521068851734,-3.7540313077916303,0.008186075154245348,-2.3274629801031255,0.008639298866303767,-1.1559499008499698,0.00618690929532002,0.3444200117458191,0.00925789713357071,0.8387567564019649,0.01214718092385207,2.342086439247746,0.006599423161995467,5.443148280362871,0.01601876444211359,6.682634392866454,0.025851179674442674,1.9362097311445854,0.0050028542491088665,0.80007,0.0012647450142222346,80007.0,0.5764,0.0015625717263537055,57640.0,0.36743,0.0015245497535338098,36743.0,100000
median span 13 mm,12 scenarios,repro_e1b,829,20260920,"1,829",100000,0.25,0.5,20.0,40.0,20/40,3,0.15,True,True,0.0,13.0,sinus,0.0,A3,Largest view mean,AP,-1.0351804746148483,0.009238193832725347,2.9213733977532668,0.011506171955981597,3.0993444145333378,0.011577661091906504,2.286777832907748,0.006615607839864628,-7.173286601341096,0.049849484497012125,-5.799667415022943,0.030678047947174804,-2.602895524610201,0.00905854307795438,-0.9345989087374198,0.0083196601213278,0.6054440404533983,0.006994686031589687,3.395064021860286,0.03154758642627343,4.637556880101394,0.024276720413181217,1.7370677206497631,0.006284488587035026,4.926797380567513,0.02098868397453214,6.272641429334371,0.020512791134723363,2.023860723552026,0.005578213593711339,0.69073,0.0014615815649494214,69073.0,0.44259,0.001570681673350778,44259.0,0.26974,0.0014034968200890231,26974.0,100000
median span 13 mm,12 scenarios,repro_e1b,829,20260920,"1,829",100000,0.25,0.5,20.0,40.0,20/40,3,0.15,True,True,0.0,13.0,sinus,0.0,A3,Largest view mean,SL,-0.6192341937896562,0.006341569580263683,2.005380381407121,0.007036931395764877,2.098799953636876,0.007622562270743144,1.5602640443623303,0.004439095699381674,-4.812437159076164,0.019017004144508534,-3.8984014944392404,0.020426777727183522,-1.7263007911982355,0.007633737217214349,-0.5629525743763448,0.0061625043780834604,0.5529015059877487,0.009537651650263268,2.4163155695457794,0.015295327946188689,3.2177264132045402,0.02549356892841098,1.2041969865839772,0.005482526952299364,3.3196170346313494,0.012674444563172398,4.218440625114418,0.019368893488069548,2.009929825758073,0.007348235744934195,0.57247,0.001564442709401658,57247.0,0.27976,0.0014194870284719055,27976.0,0.12938,0.0010613237752919698,12938.0,100000
median span 13 mm,12 scenarios,repro_e1b,829,20260920,"1,829",100000,0.25,0.5,20.0,40.0,20/40,3,0.15,True,True,0.0,13.0,sinus,0.0,A4,Largest view mean after review,AP,-1.337987098756404,0.009214290540129828,2.913814512935339,0.01023312859497056,3.2063124596771644,0.011931955873071474,2.357564764494484,0.006871954011812824,-7.756111074196105,0.031212627249046877,-6.238725978713232,0.021192489255701528,-2.8578968152123245,0.01045444470371814,-1.1404991215292468,0.01030993848839467,0.3785018187145859,0.0070114718968666825,2.906676526940578,0.027145739958588575,3.9802002130257748,0.030978154835167228,1.7795158154971809,0.0063012155909417675,5.08616247146639,0.028368421905774686,6.488041536286059,0.026788863711692607,2.023521293660607,0.006280917388557719,0.69726,0.0014528884761054442,69726.0,0.45288,0.0015741019839896019,45288.0,0.28169,0.0014224652681172922,28169.0,100000
median span 13 mm,12 scenarios,repro_e1b,829,20260920,"1,829",100000,0.25,0.5,20.0,40.0,20/40,3,0.15,True,True,0.0,13.0,sinus,0.0,A4,Largest view mean after review,SL,-0.7684442308667025,0.006322002606120119,1.9991927608859927,0.007795734355503242,2.1417838974589207,0.0077672096824167106,1.5854494414779463,0.004553689787438614,-5.139715933865853,0.02704589483293465,-4.1411589655077945,0.019451533575207857,-1.8419351140453584,0.007826533397942788,-0.6553121501213388,0.007654478873916537,0.44504020645750164,0.00820586257173892,2.173725594163798,0.016968261228185205,2.888079339483322,0.02175766447135623,1.214229850991476,0.005520130918137156,3.3788535614378743,0.017097908544673274,4.3359784769980525,0.019617383561398336,2.0244705743387055,0.007256232122533884,0.57559,0.001562965616704347,57559.0,0.2852,0.0014277988653868584,28520.0,0.13479,0.001079915070271732,13479.0,100000
"zero underestimation in all views, overestimation on",single cell (new seed),zero_under,8,20261005,"72,1,8",100000,0.0,0.0,0.0,0.0,0/0,3,0.15,True,False,0.0,10.0,sinus,0.0,A1,Anchor-view mean,AP,0.27680422592347464,0.006102670172478179,1.9298337553803657,0.0062529155810723295,1.9495747383240645,0.006872373330055818,1.4597824692641117,0.004086433043224291,-3.2301718784406472,0.01385446699809346,-2.608004775175699,0.010053301193216417,-0.9400833383020549,0.005490059107334606,0.17463711018110395,0.005890104129797595,1.3540101440696775,0.007634969069472652,3.516309566947987,0.012242315869348284,4.440601019979584,0.02001581537692587,1.1392507538216967,0.003975086791775314,3.0730025870394972,0.00963043122551421,3.873746994201385,0.01663807633221514,1.98697024435771,0.006799218947541734,0.55236,0.001572445326235542,55236.0,0.25388,0.001376317352938631,25388.0,0.10685,0.0009768985489803945,10685.0,100000
"zero underestimation in all views, overestimation on",single cell (new seed),zero_under,8,20261005,"72,1,8",100000,0.0,0.0,0.0,0.0,0/0,3,0.15,True,False,0.0,10.0,sinus,0.0,A1,Anchor-view mean,SL,0.17669725885552304,0.004570964547098403,1.4454659072710956,0.004647987022959223,1.456218636281385,0.004657026842268339,1.114643094096718,0.0029633634116632075,-2.5041568792749995,0.017420883362973098,-2.062609701563124,0.007826638325000305,-0.7594575882029694,0.004192288542453187,0.12659894332628285,0.004037411229716817,1.0422971361663493,0.005845353481410241,2.5685999021757135,0.014333034164571781,3.179969597134941,0.02627034610559977,0.9015498267455335,0.0034465692904955907,2.3109461298356972,0.006910089206631263,2.8692721488078057,0.01025164637352003,1.9703580748937597,0.005147809434612604,0.45571,0.0015749234771886538,45571.0,0.14881,0.0011254580574148465,14881.0,0.04232,0.0006366240460428745,4232.0,100000
"zero underestimation in all views, overestimation on",single cell (new seed),zero_under,8,20261005,"72,1,8",100000,0.0,0.0,0.0,0.0,0/0,3,0.15,True,False,0.0,10.0,sinus,0.0,A2,Mean across views,AP,0.4012410518297702,0.005298806209078273,1.6756296500529722,0.004838606576790595,1.7229918828778228,0.005889678916496165,1.2914022161085323,0.0036069299336643373,-2.636808447037588,0.01650037973477557,-2.105544813859865,0.009502709421791353,-0.6604808615667668,0.00598928707434055,0.3050062740056858,0.004588607234592178,1.3406270079392213,0.005674940780239716,3.222095124791442,0.011845554161622343,4.0352725716959075,0.016772929288597627,1.009646358651222,0.004074211028147014,2.7284218832657343,0.008563154117340998,3.438789452938968,0.009863732189493534,1.9958245230937122,0.004816120590091722,0.50378,0.0015810936455504462,50378.0,0.20363,0.0012734395278143364,20363.0,0.07678,0.0008419313012354393,7678.0,100000
"zero underestimation in all views, overestimation on",single cell (new seed),zero_under,8,20261005,"72,1,8",100000,0.0,0.0,0.0,0.0,0/0,3,0.15,True,False,0.0,10.0,sinus,0.0,A2,Mean across views,SL,0.25723204569420915,0.003947270394214591,1.2482364986268832,0.003785919785302609,1.274459532858052,0.0038570317984141147,0.9777738936361154,0.0025849796825824257,-2.0559417949606464,0.010227411119169715,-1.6683833386258766,0.007623060473150788,-0.5587013147872628,0.005217679414084966,0.21063804777666695,0.002533179426855301,1.0044992467708354,0.00463158544829358,2.339271087522997,0.010647500995807128,2.880439587637586,0.007753678998757217,0.7869663282558403,0.002987458549581733,2.039151896414087,0.005476932864733761,2.5169283704460805,0.0093710190672393,1.974898618241505,0.00467180692047392,0.3941,0.0015452675820064304,39410.0,0.10612,0.0009739535183980805,10612.0,0.02588,0.0005020978550043806,2588.0,100000
"zero underestimation in all views, overestimation on",single cell (new seed),zero_under,8,20261005,"72,1,8",100000,0.0,0.0,0.0,0.0,0/0,3,0.15,True,False,0.0,10.0,sinus,0.0,A3,Largest view mean,AP,1.525788416822846,0.006607080341175463,2.0893422561836843,0.00975476609231941,2.5871485660616518,0.009699044197325035,1.9028821353670475,0.005542930638079339,-1.801014940508431,0.016828091076364952,-1.2942361268532332,0.0074130778886582396,0.1917762534263201,0.005335235288258536,1.271877524581413,0.0060622400134865365,2.547572794144009,0.008410436466684077,5.221967772061453,0.025769427028201914,6.409862618449022,0.023298119931016107,1.4501821814874445,0.00467821222547758,4.057018601513575,0.013873976626321739,5.232612527694802,0.028619742392907935,2.0225404123816015,0.00759903532955237,0.63758,0.0015201044161504168,63758.0,0.36232,0.0015200138736208956,36232.0,0.19526,0.0012535291476467548,19526.0,100000
"zero underestimation in all views, overestimation on",single cell (new seed),zero_under,8,20261005,"72,1,8",100000,0.0,0.0,0.0,0.0,0/0,3,0.15,True,False,0.0,10.0,sinus,0.0,A3,Largest view mean,SL,1.07688896795654,0.004729027797580142,1.4954498958602958,0.0055353987773923774,1.8428341967282789,0.006257118677767244,1.3869480114833053,0.0038372227122644444,-1.4443159846649176,0.00898578723055117,-1.058478510586133,0.0068437022493600735,0.10623860841285027,0.005939145550441089,0.947532731272883,0.004414318547098946,1.8689110457788092,0.00437580911030337,3.6594844365927663,0.016827297938677956,4.4286778241503715,0.024875638614347072,1.0997575078797093,0.0043478654295066015,2.8958450706818715,0.00798753172646408,3.665623494704217,0.012598425271680374,1.9891227877212567,0.005194490727133681,0.539,0.0015763216676808068,53900.0,0.23175,0.001334323564582444,23175.0,0.0908,0.0009085998018930007,9080.0,100000
"zero underestimation in all views, overestimation on",single cell (new seed),zero_under,8,20261005,"72,1,8",100000,0.0,0.0,0.0,0.0,0/0,3,0.15,True,False,0.0,10.0,sinus,0.0,A4,Largest view mean after review,AP,1.3206664114025177,0.0060561033950761655,1.9151080473919235,0.006320489689532654,2.326319394881919,0.007779765859038873,1.7482510394234783,0.004853250234838862,-1.9390332335581302,0.010409862600873095,-1.416931976596023,0.0076809406441579915,0.09440782586803209,0.005062393211334617,1.148082011736518,0.005629865815791785,2.3427192923564544,0.006493389348491024,4.635823072333879,0.02167460334198823,5.640348736173398,0.025718026400318544,1.3702450818335419,0.0039602457391394235,3.6897549294807312,0.010768707234380302,4.660633671075066,0.028577733835151897,2.0034367083594873,0.010322191470453228,0.61961,0.0015352310832575011,61961.0,0.334,0.001491455664778541,33400.0,0.16652,0.0011780963016663792,16652.0,100000
"zero underestimation in all views, overestimation on",single cell (new seed),zero_under,8,20261005,"72,1,8",100000,0.0,0.0,0.0,0.0,0/0,3,0.15,True,False,0.0,10.0,sinus,0.0,A4,Largest view mean after review,SL,0.9980103610786079,0.004474491520998453,1.4149584577466243,0.005132804483342375,1.731505731118031,0.005333339586699228,1.3265674003516708,0.00351901039022752,-1.4865352333928217,0.011172774917650148,-1.104922883038012,0.011436000863651924,0.07372762844553704,0.004907359780130254,0.9053204545925206,0.004732526375021272,1.7967240922914072,0.004834957510588471,3.410154313745493,0.014727198932967417,4.075969872880567,0.01464702213373581,1.0743184817770841,0.004419043765095602,2.7649932947960574,0.008318872555907955,3.4196607950318114,0.012751055375743886,1.974963601664628,0.005117504657224898,0.52968,0.001578350713878256,52968.0,0.21745,0.0013044749805956417,21745.0,0.07787,0.0008473857628022788,7787.0,100000
"zero underestimation in all views, overestimation on, beat CV 30%",single cell (new seed),zero_under,10,20261005,"72,1,10",100000,0.0,0.0,0.0,0.0,0/0,3,0.3,True,False,0.0,10.0,sinus,0.0,A1,Anchor-view mean,AP,0.6119339650173456,0.008560106129453186,2.706943238184022,0.010303230828639348,2.7752354128749332,0.010974855760852569,2.0218683969837192,0.006011668588930041,-4.038793854035203,0.032165606950858815,-3.2401378054827683,0.01219213796578543,-1.079266124005921,0.007460223414647246,0.3630750018024713,0.00966259232598787,1.993004772970354,0.012958222513285577,5.318602758856634,0.029490079463807446,6.786707217330166,0.041840155428124255,1.5221438653837294,0.006491431181906105,4.3369738336833015,0.018210997895010468,5.61319516373568,0.02724625284551889,2.022601447680734,0.007654636817910564,0.65237,0.0015059328773222263,65237.0,0.38461,0.0015384574999004685,38461.0,0.21518,0.0012995290208379342,21518.0,100000
"zero underestimation in all views, overestimation on, beat CV 30%",single cell (new seed),zero_under,10,20261005,"72,1,10",100000,0.0,0.0,0.0,0.0,0/0,3,0.3,True,False,0.0,10.0,sinus,0.0,A1,Anchor-view mean,SL,0.3989875877314163,0.006028110759035596,1.9062559986318919,0.0068485131737819034,1.9475540273287626,0.007207035508626684,1.4413235293453839,0.004141944384975656,-2.956551244290482,0.01741961048077784,-2.390329097444738,0.011430943097738903,-0.8053621008938876,0.009316705154706338,0.2647183225443186,0.00820216013704385,1.423314102034846,0.008647061152220564,3.641414642262679,0.026257578038056447,4.625325859432979,0.035739264096371064,1.1114088180711228,0.005051658401640013,3.036485747839625,0.010369844138898111,3.895854018567974,0.018319861301468243,2.000383026041887,0.005847373996109088,0.5432,0.0015752262059780494,54320.0,0.24493,0.0013599238769137045,24493.0,0.10319,0.0009619866106136821,10319.0,100000
"zero underestimation in all views, overestimation on, beat CV 30%",single cell (new seed),zero_under,10,20261005,"72,1,10",100000,0.0,0.0,0.0,0.0,0/0,3,0.3,True,False,0.0,10.0,sinus,0.0,A2,Mean across views,AP,0.7591383770611433,0.0064283745293483045,2.0328305165353564,0.005757212045211254,2.1699423173175227,0.00758480428361306,1.6007852745301578,0.0046326640574393205,-2.780875708861481,0.01324201076610503,-2.1789492767894147,0.011448831462207683,-0.5295341954443828,0.005380005728619136,0.5888326099102246,0.008883992317204898,1.8419086483822549,0.00850066099233534,4.288571407481863,0.020293788617533677,5.363009052580891,0.02878641256293925,1.2202503346785978,0.0046460703225174845,3.4275641255109823,0.00841890011856329,4.403129104405414,0.021154155264490104,2.029145691692188,0.006714659339610025,0.57692,0.0015623165927557705,57692.0,0.28733,0.001430983826253812,28733.0,0.13655,0.0010858365323565054,13655.0,100000
"zero underestimation in all views, overestimation on, beat CV 30%",single cell (new seed),zero_under,10,20261005,"72,1,10",100000,0.0,0.0,0.0,0.0,0/0,3,0.3,True,False,0.0,10.0,sinus,0.0,A2,Mean across views,SL,0.49026395385685334,0.0046178318804523015,1.4602866593967654,0.0042191476307614,1.5403812994490174,0.005104283701873306,1.1570601677350523,0.0032155818383299392,-2.1326709061334914,0.013216310848328179,-1.686305450761228,0.01316252225980708,-0.4526453450956409,0.0060502918135503835,0.4009488539880728,0.006223661094136906,1.3169049238902604,0.005383747931090739,2.9519521302894995,0.020141873406651273,3.673892116949434,0.023327703620187837,0.9048722296802802,0.0031666546749619224,2.431588349045239,0.008688953452477248,3.0606576690484557,0.016725687569889906,1.9869480823632626,0.0072078189077211035,0.45813,0.001575585297913128,45813.0,0.16248,0.0011665343955494841,16248.0,0.05331,0.0007104086422616211,5331.0,100000
"zero underestimation in all views, overestimation on, beat CV 30%",single cell (new seed),zero_under,10,20261005,"72,1,10",100000,0.0,0.0,0.0,0.0,0/0,3,0.3,True,False,0.0,10.0,sinus,0.0,A3,Largest view mean,AP,2.6556807797967714,0.009123471893634176,2.885095135241346,0.011187611681404757,3.92126651808263,0.013672597398987898,2.911218466010923,0.008307350456712713,-1.5622572044832095,0.016458870006348082,-0.992010909986318,0.01353217163163665,0.783141389586389,0.005643775244205611,2.1671367887945108,0.007204076358747797,3.984003356057249,0.011925044386393257,7.9153148789295145,0.027553515883349238,9.726737506379504,0.05118303254476763,2.2303859854519987,0.007431268109694389,6.206516167091313,0.022530447181632107,7.916088516900795,0.029282214283427904,2.0187580926714213,0.006339656775724353,0.76203,0.0013466264482030641,76203.0,0.54462,0.0015748303260986563,54462.0,0.37219,0.00152860918452036,37219.0,100000
"zero underestimation in all views, overestimation on, beat CV 30%",single cell (new seed),zero_under,10,20261005,"72,1,10",100000,0.0,0.0,0.0,0.0,0/0,3,0.3,True,False,0.0,10.0,sinus,0.0,A3,Largest view mean,SL,1.7735353990163096,0.006291503413370393,1.98954806929743,0.007266511263732697,2.6652747979512115,0.009243829733394897,1.993045887095444,0.0055959710108410676,-1.2676981930054128,0.009649146846055551,-0.8378290827358537,0.008930332683410034,0.4789148303448775,0.006476210245295965,1.4976516454046056,0.006455605464220988,2.7240849395646167,0.0095367931643237,5.322401491039595,0.036564971750066046,6.534022634989231,0.03572713758038099,1.5572592557330174,0.005592334849266969,4.188461636987833,0.012685769197757903,5.326370930802049,0.036735945814450985,1.9984321822636877,0.009150033936753024,0.66263,0.0014951638141019864,66263.0,0.38942,0.0015419859389760985,38942.0,0.21163,0.0012916762098142088,21163.0,100000
"zero underestimation in all views, overestimation on, beat CV 30%",single cell (new seed),zero_under,10,20261005,"72,1,10",100000,0.0,0.0,0.0,0.0,0/0,3,0.3,True,False,0.0,10.0,sinus,0.0,A4,Largest view mean after review,AP,2.28613965873033,0.008579213823718538,2.7129856216552874,0.011056564670758237,3.5477671738176566,0.0121725603949835,2.636410356351975,0.007507362195222302,-1.945968809035958,0.014763773045798305,-1.2866078570615211,0.02032476923320003,0.5496654287592755,0.009178523869511021,1.9024189288844733,0.00832716175273058,3.5695307075653933,0.014578615216757747,7.145471386700313,0.02411977677003028,8.813400448800326,0.05356051574786807,2.0239173323128843,0.0057848352355227015,5.614692256640482,0.01957107933147872,7.151416596280384,0.026792710948942457,2.015751385563709,0.005905696119749743,0.73813,0.0013903024962215959,73813.0,0.50513,0.0015810556065489919,50513.0,0.32847,0.0014851850359466998,32847.0,100000
"zero underestimation in all views, overestimation on, beat CV 30%",single cell (new seed),zero_under,10,20261005,"72,1,10",100000,0.0,0.0,0.0,0.0,0/0,3,0.3,True,False,0.0,10.0,sinus,0.0,A4,Largest view mean after review,SL,1.598673423379353,0.005949089785431018,1.8812673726804408,0.006433358046807583,2.4687827467118595,0.008321177717750927,1.8595310133481666,0.005135230307833143,-1.427726718790864,0.012926041370764401,-0.9540505009613243,0.010335626566714589,0.3859769297555018,0.0076102869792851816,1.3771644613782472,0.005399671769206936,2.5412484750084463,0.009407704479525348,4.898736441602323,0.023011472582035918,5.996531271635928,0.03596343003859601,1.4706857919339416,0.00549543230649739,3.8926343731016813,0.013356624694331989,4.905407796584752,0.02059523918977597,1.9869742702626234,0.006189064705177207,0.64447,0.0015136988442223242,64447.0,0.3623,0.001519995756573024,36230.0,0.18493,0.0012277251121484809,18493.0,100000
"zero underestimation in all views, overestimation on, beat CV 5%",single cell (new seed),zero_under,6,20261005,"72,1,6",100000,0.0,0.0,0.0,0.0,0/0,3,0.05,True,False,0.0,10.0,sinus,0.0,A1,Anchor-view mean,AP,0.1666362675178124,0.005179898793389747,1.638027823626954,0.005141993919721762,1.6464737973246992,0.005594939542127061,1.2474166773894462,0.0033982924339128833,-2.8658883413784757,0.01575544801441799,-2.335259679769519,0.009523644528677697,-0.8689465113403569,0.00630277672465542,0.10802050072914549,0.006739502754812338,1.1164692497244988,0.008721901774297297,2.868786485752896,0.01780198035615531,3.6080372246326324,0.028198626716030576,0.9943291880153882,0.002916428372842689,2.595112382030144,0.005764272577528761,3.243260363671942,0.014750711872068894,1.9698220335736947,0.0069609944909923335,0.4976,0.001581120615259949,49760.0,0.18963,0.001239638911538356,18963.0,0.0649,0.0007790249675074606,6490.0,100000
"zero underestimation in all views, overestimation on, beat CV 5%",single cell (new seed),zero_under,6,20261005,"72,1,6",100000,0.0,0.0,0.0,0.0,0/0,3,0.05,True,False,0.0,10.0,sinus,0.0,A1,Anchor-view mean,SL,0.10310320377222877,0.004063634241734245,1.2850339781731475,0.0035157767254246916,1.2891571209764745,0.0039673733396735425,0.9969796234296656,0.0025845007113063853,-2.3160234345359454,0.01120068578576005,-1.9056648716377766,0.007526531778909081,-0.7361182713919825,0.005802627280104656,0.07294784264083498,0.004811417892988184,0.8960400789920407,0.004878386649929374,2.2026609254385874,0.010201439649532943,2.729385931721302,0.017543925095350424,0.816893535663648,0.0028192774550205393,2.054065730335485,0.006502341653874966,2.5262804182516967,0.009382102018165816,1.9596373298067506,0.0060130081257964456,0.41055,0.0015556307322112147,41055.0,0.10812,0.0009819881139810195,10812.0,0.02479,0.0004916854268737279,2479.0,100000
"zero underestimation in all views, overestimation on, beat CV 5%",single cell (new seed),zero_under,6,20261005,"72,1,6",100000,0.0,0.0,0.0,0.0,0/0,3,0.05,True,False,0.0,10.0,sinus,0.0,A2,Mean across views,AP,0.2916746575737121,0.004889110259136185,1.5460724150566396,0.004404760859018514,1.573337254078313,0.004973423397149682,1.1906040158541416,0.003252480239955945,-2.564381385023251,0.016217282872855694,-2.060647396697892,0.007727376026689242,-0.6922674059208371,0.0060844355895635985,0.22096407474605506,0.00608128636092053,1.1854976495484983,0.006402744434195997,2.890404820584948,0.010164136939928741,3.606216506916446,0.020284415662878807,0.9452725359034839,0.0030345691190032022,2.5071998235470754,0.009567798991936225,3.13859755113486,0.011071229143921566,1.9948663536690372,0.004707138580929926,0.47472,0.001579116593542098,47472.0,0.17171,0.0011925840678962637,17171.0,0.05863,0.0007429167052907075,5863.0,100000
"zero underestimation in all views, overestimation on, beat CV 5%",single cell (new seed),zero_under,6,20261005,"72,1,6",100000,0.0,0.0,0.0,0.0,0/0,3,0.05,True,False,0.0,10.0,sinus,0.0,A2,Mean across views,SL,0.18435315784513504,0.00372733305257452,1.1786862044163617,0.002779618860925891,1.1930102104664644,0.0034187291638716278,0.921231026181813,0.0023971076421435257,-2.026558054253648,0.00896477834026038,-1.6579294418378512,0.009834461505805941,-0.5851343729716679,0.005654129858541964,0.14446412188073854,0.0050493533331460675,0.910579972134331,0.006034934481013428,2.134969201440845,0.006173809624625289,2.613966453993179,0.010406014793177822,0.7503854354050563,0.0026402508944052654,1.9097481013772222,0.005645648467438159,2.347232069456523,0.008398297859902601,1.9674869911957926,0.004615251644740982,0.37185,0.0015283244992474602,37185.0,0.08663,0.0008895237101955181,8663.0,0.01804,0.00042088666407953575,1804.0,100000
"zero underestimation in all views, overestimation on, beat CV 5%",single cell (new seed),zero_under,6,20261005,"72,1,6",100000,0.0,0.0,0.0,0.0,0/0,3,0.05,True,False,0.0,10.0,sinus,0.0,A3,Largest view mean,AP,1.0672176753355034,0.005874450021613216,1.8576642069123128,0.006996631939392967,2.1423901052396155,0.008369848452824931,1.5606192473548874,0.004641470102304641,-2.0148318747435803,0.011939435824079784,-1.5134542710064534,0.010064556231437961,-0.10361647717021505,0.006882992562372878,0.8831075900718277,0.007257655129489774,1.986608295596979,0.010179520876455378,4.283829074139573,0.016658885870890268,5.326159580762091,0.0314404497613185,1.183070285393116,0.004712238672326,3.3193165247570717,0.012599214314271025,4.308627939575424,0.015073834674000908,2.0111313663360697,0.006356686068373961,0.56559,0.0015674755242108247,56559.0,0.27332,0.001409312518925451,27332.0,0.12654,0.0010513212087654277,12654.0,100000
"zero underestimation in all views, overestimation on, beat CV 5%",single cell (new seed),zero_under,6,20261005,"72,1,6",100000,0.0,0.0,0.0,0.0,0/0,3,0.05,True,False,0.0,10.0,sinus,0.0,A3,Largest view mean,SL,0.817911954737726,0.004256853798037701,1.346135366813754,0.0038166736182014926,1.5751324613141047,0.005294284600753085,1.1909823575868552,0.0032597759443579754,-1.5382988414244207,0.008512460699097292,-1.1668132544400713,0.005726818514781608,-0.05411751163742273,0.0050609054126310345,0.7252853391365979,0.004280810919347534,1.5739610513045346,0.00554068803734404,3.066059476096402,0.009938160191846318,3.7400330607769767,0.017849447534549635,0.9475566194476492,0.0030198548190850305,2.477694010229262,0.0056430699825409155,3.088077647737508,0.011241331895602667,1.9605193363618323,0.004553489435838313,0.47719,0.0015794926524045625,47719.0,0.17236,0.0011943702541506967,17236.0,0.05509,0.0007214921475664167,5509.0,100000
"zero underestimation in all views, overestimation on, beat CV 5%",single cell (new seed),zero_under,6,20261005,"72,1,6",100000,0.0,0.0,0.0,0.0,0/0,3,0.05,True,False,0.0,10.0,sinus,0.0,A4,Largest view mean after review,AP,0.9192789918859777,0.005325769879668188,1.684156311367235,0.006456225754602001,1.91870476681958,0.006565862712020645,1.4434587851971614,0.0039973374843266345,-2.0774545032932115,0.015824877905431262,-1.5708134939896565,0.007500490184927293,-0.15553090646989687,0.006110876773397695,0.8106898183383899,0.006230708664398587,1.8493731378161038,0.008400823412639978,3.7717093361146086,0.018739102829889834,4.583979074386054,0.02746457367804349,1.1354255752182665,0.0047499803332107715,3.0379729215016913,0.00954895963158917,3.8247547542721527,0.01170991731697674,1.993404519764662,0.005792520017527047,0.55094,0.0015729116834711351,55094.0,0.25075,0.001370672964277037,25075.0,0.10362,0.0009637577268172743,10362.0,100000
"zero underestimation in all views, overestimation on, beat CV 5%",single cell (new seed),zero_under,6,20261005,"72,1,6",100000,0.0,0.0,0.0,0.0,0/0,3,0.05,True,False,0.0,10.0,sinus,0.0,A4,Largest view mean after review,SL,0.76810239199576,0.004055407913110166,1.2824325846498348,0.0032923403813948427,1.4948572414876018,0.004479926572326463,1.151160347640188,0.0030156875183282037,-1.5623558322961035,0.00864657125785994,-1.1868121470059045,0.0055058901295228085,-0.07220525072991812,0.0046772143965490755,0.7026873437920642,0.0035944162973506836,1.5331500143613273,0.00545898361935588,2.919826542161462,0.01097676115934516,3.4688835911089697,0.013931091218964917,0.9331199818306255,0.003763866450732398,2.3919637313894397,0.007075917074976847,2.9413166826988726,0.009183742235713359,1.9676237978228823,0.004932799855467031,0.47047,0.0015783788490093245,47047.0,0.16242,0.001166360765801045,16242.0,0.04622,0.0006639556581579827,4622.0,100000
"zero underestimation in all views, overestimation on, two views",single cell (new seed),zero_under,2,20261005,"72,1,2",100000,0.0,0.0,0.0,0.0,0/0,2,0.15,True,False,0.0,10.0,sinus,0.0,A1,Anchor-view mean,AP,0.2679095449111891,0.0061061229345563284,1.9309256146189266,0.006223114063710532,1.9494132370302375,0.006996791780793695,1.4562581896096771,0.004098220161621319,-3.241502921709865,0.01485506386384913,-2.618671475537577,0.010898435381077239,-0.9502660413508508,0.006969422992050607,0.1563869742386963,0.007029241814561632,1.333089492977979,0.006432295262350436,3.499372336033964,0.01717049409408641,4.45444913601121,0.020965045643149636,1.1385091660047437,0.004284478145419005,3.0707456813076894,0.013218557016991041,3.8553727395374935,0.01912832180231886,1.9777093262231156,0.005383032437136135,0.5525,0.0015723986453822709,55250.0,0.25145,0.0013719435028455072,25145.0,0.10628,0.000974600233942102,10628.0,100000
"zero underestimation in all views, overestimation on, two views",single cell (new seed),zero_under,2,20261005,"72,1,2",100000,0.0,0.0,0.0,0.0,0/0,2,0.15,True,False,0.0,10.0,sinus,0.0,A1,Anchor-view mean,SL,0.16986125396731513,0.004558590668111115,1.441552943161983,0.005066630914098155,1.4515188434152153,0.004726056057962945,1.1100088948995959,0.0029576949707377917,-2.4953209538137515,0.011750903859141374,-2.0653321898661448,0.010487824126645551,-0.7633450324721758,0.0058811944132600436,0.11875846018304292,0.005598666466289623,1.0229579068231966,0.005468117397046581,2.5532823841057435,0.013205195484363533,3.179008121418486,0.029058853667018623,0.8948247928202036,0.0032993086453667036,2.3050641698581162,0.006066008410305324,2.8449847903772,0.013971701975508193,1.96000541314597,0.006025366967914355,0.45092,0.0015735029507439762,45092.0,0.14873,0.0011252083678146016,14873.0,0.04078,0.0006254357808760225,4078.0,100000
"zero underestimation in all views, overestimation on, two views",single cell (new seed),zero_under,2,20261005,"72,1,2",100000,0.0,0.0,0.0,0.0,0/0,2,0.15,True,False,0.0,10.0,sinus,0.0,A2,Mean across views,AP,0.3647719823737751,0.005539214422457381,1.751653402301947,0.005107357765471116,1.7892226127635606,0.006274791673226499,1.337761654617665,0.0037572934816345878,-2.805253314343985,0.0187868356579654,-2.256704302284575,0.012133819126890249,-0.7418639489888402,0.005934592831372118,0.2636650415018833,0.007621746667938094,1.3378151685836832,0.007727666376462682,3.3235433256219467,0.018893884098460732,4.172750783541651,0.024483330713536557,1.0420050017688016,0.003387123388977259,2.826071968334022,0.01043168857990954,3.5550284444495204,0.016967409627052576,1.9869123154879915,0.006217303784401982,0.51658,0.0015802692922410409,51658.0,0.21863,0.0013070230414954436,21863.0,0.0847,0.0008804879896966227,8470.0,100000
"zero underestimation in all views, overestimation on, two views",single cell (new seed),zero_under,2,20261005,"72,1,2",100000,0.0,0.0,0.0,0.0,0/0,2,0.15,True,False,0.0,10.0,sinus,0.0,A2,Mean across views,SL,0.228805537457307,0.004122766618212886,1.303733277486255,0.00420924802029708,1.3236523091777503,0.004056647926629346,1.0141550500639178,0.0026898925732145845,-2.1812371349906376,0.009261543717372459,-1.7767724523144663,0.009631234671227708,-0.6203787072417131,0.00545612792502153,0.17916412904534162,0.00456691924303473,1.0033359083113216,0.008097920559701995,2.42147027943871,0.01233091364190788,2.992697548293746,0.015062951855429186,0.8167527444429896,0.0028270702652882585,2.1132354129763486,0.006875239841735621,2.6286218776811476,0.01053610214483525,1.9858854621075237,0.00466568155826203,0.41065,0.0015556881998009756,41065.0,0.11729,0.0010175119453844264,11729.0,0.02993,0.0005388338807090734,2993.0,100000
"zero underestimation in all views, overestimation on, two views",single cell (new seed),zero_under,2,20261005,"72,1,2",100000,0.0,0.0,0.0,0.0,0/0,2,0.15,True,False,0.0,10.0,sinus,0.0,A3,Largest view mean,AP,1.084845041242237,0.0063915981975359,2.021200819284026,0.005853544856361097,2.2939269087864957,0.00887329209593089,1.6710535388985934,0.004969613093635717,-2.2666618660842452,0.014153930407621482,-1.7373124459853633,0.017640926925348955,-0.19305683055520273,0.005560793230386088,0.8815374650340644,0.006527328612254298,2.1030962354809306,0.008687730040931532,4.574441694044572,0.017055693164931704,5.686677206493222,0.03667338935223411,1.2592578296167822,0.00436383612316213,3.572354454831815,0.01660761883964627,4.60718675465591,0.020177165406427548,2.008427878416207,0.006839254536586271,0.59021,0.0015551918077844932,59021.0,0.30263,0.0014527390787749878,30263.0,0.14929,0.0011269538406696168,14929.0,100000
"zero underestimation in all views, overestimation on, two views",single cell (new seed),zero_under,2,20261005,"72,1,2",100000,0.0,0.0,0.0,0.0,0/0,2,0.15,True,False,0.0,10.0,sinus,0.0,A3,Largest view mean,SL,0.7602068747839169,0.004631680432406073,1.4646659560436743,0.006038231583585711,1.6501937470486403,0.005782379931358499,1.2362810949598444,0.003456530637282659,-1.7949844415683818,0.009283736658665718,-1.3858338239976735,0.01141926964032774,-0.18590033775245907,0.005014024637401547,0.6538769559029898,0.00458213526190953,1.5681300357034915,0.007465213528293909,3.2550447043034274,0.01632234668969641,3.9888713476584727,0.02587074954664368,0.9681380874353906,0.0028636471148334747,2.598275716421873,0.007788476008547027,3.2853011468026185,0.014903397661682704,1.9908578327110718,0.0055400642035346465,0.48574,0.0015804956576972932,48574.0,0.18613,0.0012307949589594523,18613.0,0.06637,0.0007871786525306692,6637.0,100000
"zero underestimation in all views, overestimation on, two views",single cell (new seed),zero_under,2,20261005,"72,1,2",100000,0.0,0.0,0.0,0.0,0/0,2,0.15,True,False,0.0,10.0,sinus,0.0,A4,Largest view mean after review,AP,0.9401299869272985,0.0060508368548504166,1.9134426211416973,0.005858106526564176,2.131917081899502,0.007552410188719754,1.5845111589550536,0.004510449174299111,-2.406282871359706,0.020182627911790096,-1.8522586109225294,0.012381642317175964,-0.2699667439197637,0.006778795831802568,0.7953693692893733,0.006403672063863222,1.9693755024352946,0.00934409262886413,4.208264577706587,0.01754748582233422,5.1838298568444365,0.022153074006074257,1.2234413483110052,0.004183656030523763,3.362978251714181,0.013617414851528502,4.26646270673953,0.01640143377771133,2.0012329480179334,0.005029751109339464,0.58027,0.001560630408200481,58027.0,0.28669,0.001430030922392939,28669.0,0.13309,0.0010741371043772765,13309.0,100000
"zero underestimation in all views, overestimation on, two views",single cell (new seed),zero_under,2,20261005,"72,1,2",100000,0.0,0.0,0.0,0.0,0/0,2,0.15,True,False,0.0,10.0,sinus,0.0,A4,Largest view mean after review,SL,0.7037933049687685,0.004499259728032247,1.4227908525251634,0.005590199736199449,1.5873369468421137,0.005328383731336725,1.2038790339241174,0.0032715815101164052,-1.8514239689955956,0.011639538766277031,-1.436424257084976,0.008088387155039695,-0.21767948758274958,0.008124181227450712,0.6226275922350992,0.0038903328510377882,1.5201854777933712,0.007076191946726482,3.1128674184128613,0.012660861357558114,3.76820419024158,0.017437254894921768,0.9562457811640974,0.003357519808299338,2.521577828533695,0.010159837861363147,3.1524537710082474,0.012289752810024441,1.986001634548868,0.005587011324382086,0.48049,0.0015799346818777035,48049.0,0.17823,0.0012102233971461632,17823.0,0.05896,0.000744873938327822,5896.0,100000
"zero underestimation in all views, overestimation on, four views",single cell (new seed),zero_under,14,20261005,"72,1,14",100000,0.0,0.0,0.0,0.0,0/0,4,0.15,True,False,0.0,10.0,sinus,0.0,A1,Anchor-view mean,AP,0.26071570256361376,0.006108244559729282,1.9315965314076946,0.006859935089408417,1.9491024927021858,0.006917686503030689,1.4609024447373744,0.004080173062298282,-3.232138467717271,0.019452150693326845,-2.6209451248956213,0.012856571835700279,-0.9652726238209812,0.006718582483766316,0.16192909173836334,0.006254944122926242,1.3373378527361246,0.007633784813334483,3.4965717772166753,0.0212061435380379,4.443324518254032,0.024437294338471995,1.1486382650685845,0.003922274918534268,3.065905402133021,0.013215611271945836,3.851911285043587,0.01708941744776819,1.9762487090678313,0.00558782337902583,0.55641,0.0015710439583283468,55641.0,0.25312,0.001374955510552978,25312.0,0.10585,0.0009728606143739194,10585.0,100000
"zero underestimation in all views, overestimation on, four views",single cell (new seed),zero_under,14,20261005,"72,1,14",100000,0.0,0.0,0.0,0.0,0/0,4,0.15,True,False,0.0,10.0,sinus,0.0,A1,Anchor-view mean,SL,0.17120000497140833,0.004578178005708033,1.4477470031724735,0.004078337790530499,1.4578271046949418,0.004438076017525243,1.1176822527254853,0.0029598226461661817,-2.5153010967496847,0.014362431959457963,-2.066154077721554,0.009814546324998017,-0.767758846323423,0.005709827273519834,0.11701618237345768,0.00551402855076489,1.0354784950677742,0.006311426704095016,2.57344485435002,0.013057529932154423,3.1938148219928753,0.01023305022691405,0.9032744375488762,0.003960976496319824,2.3286781918499417,0.007136092764589353,2.862086447788636,0.009919166082911378,1.9632550654129477,0.0049231564455753,0.45584,0.001574959981713821,45584.0,0.14975,0.0011283835230097964,14975.0,0.04239,0.0006371270509090005,4239.0,100000
"zero underestimation in all views, overestimation on, four views",single cell (new seed),zero_under,14,20261005,"72,1,14",100000,0.0,0.0,0.0,0.0,0/0,4,0.15,True,False,0.0,10.0,sinus,0.0,A2,Mean across views,AP,0.4294477611209491,0.005189802742888302,1.6411597274516259,0.005974650048076265,1.6964090593039112,0.005761969441416782,1.2717573778143325,0.0035502809367118026,-2.5156127695103723,0.019388778852569767,-2.0230717410236996,0.016957770309721586,-0.6190939678835403,0.006517125405659049,0.33179134350715067,0.006082991135048744,1.354740378265339,0.007403162732209587,3.210279930807372,0.01998712893078068,3.980762214859251,0.0184079160021658,0.9923553034733388,0.00307123454972575,2.6847847155262845,0.008664105265330294,3.386670818860095,0.014223906477408035,1.9963762868902328,0.0053931570146585886,0.4967,0.0015811043925054412,49670.0,0.19857,0.0012615068572940855,19857.0,0.07264,0.0008207522793145322,7264.0,100000
"zero underestimation in all views, overestimation on, four views",single cell (new seed),zero_under,14,20261005,"72,1,14",100000,0.0,0.0,0.0,0.0,0/0,4,0.15,True,False,0.0,10.0,sinus,0.0,A2,Mean across views,SL,0.27664091865380214,0.0038905293228810364,1.2302933963976714,0.0034633052319345864,1.261006305644395,0.003825851628563473,0.9647607310073222,0.002567840003939943,-1.9953202358586979,0.010452246861833192,-1.6234123957510782,0.007902239001594516,-0.5224845546505865,0.006954740059365274,0.22032148414067176,0.005096342696323866,1.0143743393586417,0.004498412436903407,2.328900125173318,0.01367226619577048,2.8712367814127635,0.01925672538631026,0.7736130342078127,0.002578304289863646,2.01125228904428,0.005048705365137683,2.484456814673763,0.012027235344289015,1.9702175980826397,0.007251469118993837,0.38855,0.0015413594567783336,38855.0,0.10186,0.0009564755114481499,10186.0,0.0242,0.0004859460875446987,2420.0,100000
"zero underestimation in all views, overestimation on, four views",single cell (new seed),zero_under,14,20261005,"72,1,14",100000,0.0,0.0,0.0,0.0,0/0,4,0.15,True,False,0.0,10.0,sinus,0.0,A3,Largest view mean,AP,1.8507256039892084,0.006897409915172401,2.181152528777356,0.010720315947885618,2.8605181420137047,0.010477440509738182,2.1206511559497283,0.006070782132439211,-1.5014757858498444,0.00884338458318469,-1.0161296192298883,0.010405923575333192,0.44486376999593324,0.008637714059615359,1.5416569037708008,0.009917074087689872,2.8831804942163273,0.007684535795777596,5.752494081192552,0.01774920729282795,7.088268370366268,0.045156079016551505,1.631038730309438,0.009141196401782018,4.4961429319416615,0.01792974716730565,5.752850233584418,0.017733748510538168,2.011121743676344,0.005318889058586135,0.67809,0.0014774435755723467,67809.0,0.41306,0.0015570531024984343,41306.0,0.23595,0.0013426749327368854,23595.0,100000
"zero underestimation in all views, overestimation on, four views",single cell (new seed),zero_under,14,20261005,"72,1,14",100000,0.0,0.0,0.0,0.0,0/0,4,0.15,True,False,0.0,10.0,sinus,0.0,A3,Largest view mean,SL,1.3059898344928964,0.0048761325193072335,1.5419684933825824,0.006472543088872199,2.020705942415914,0.006750835319903417,1.533267386721209,0.004162164040666347,-1.2308964732475067,0.012907687539290788,-0.8462350346519524,0.008402740723270035,0.30421010898368217,0.005651529346855695,1.1470603785145892,0.0053927723035333795,2.098187677278368,0.007019145646141704,3.9792611085745953,0.011710970061143472,4.826217409509677,0.018798694048325102,1.2299111838357661,0.004890018885592801,3.1726410122327495,0.009792086656585283,3.9808928647816484,0.0107875374542163,1.9700505557093455,0.004868796551307485,0.58375,0.0015588006206696224,58375.0,0.27487,0.0014117948969308539,27487.0,0.11644,0.001014306296934018,11644.0,100000
"zero underestimation in all views, overestimation on, four views",single cell (new seed),zero_under,14,20261005,"72,1,14",100000,0.0,0.0,0.0,0.0,0/0,4,0.15,True,False,0.0,10.0,sinus,0.0,A4,Largest view mean after review,AP,1.5756260141838518,0.006115702541641992,1.9339549523669453,0.007594187251596516,2.4945423813878063,0.008191928110378478,1.89213753103571,0.005140606658773704,-1.652165670238435,0.01604379857672569,-1.135818677997112,0.01180475896828311,0.32943625000571974,0.006232672375052688,1.3782057638190333,0.007621750839249685,2.587941117134346,0.005782036049637313,4.93577151935224,0.019027083567160586,5.97896912505839,0.026491620929129923,1.50518802264289,0.006703943759693349,3.9358775129854577,0.014859035164326555,4.943747094540842,0.01707931551863807,1.9818252563784675,0.004770467541769956,0.65373,0.0015045500559968087,65373.0,0.37376,0.0015299132733589836,37376.0,0.19319,0.0012484695586997706,19319.0,100000
"zero underestimation in all views, overestimation on, four views",single cell (new seed),zero_under,14,20261005,"72,1,14",100000,0.0,0.0,0.0,0.0,0/0,4,0.15,True,False,0.0,10.0,sinus,0.0,A4,Largest view mean after review,SL,1.1981067067068714,0.00450503374256238,1.4246167562409762,0.004795537674924361,1.8614436030913006,0.00553592666073949,1.4420368046694636,0.003722252001985053,-1.2816242837168441,0.01544309356297026,-0.8894981406554723,0.006490144180823049,0.26410077565116796,0.005768295424140244,1.0894975249277268,0.006684844838483852,1.9935897040496378,0.005925169856271612,3.6355251556959503,0.012250973406010333,4.322338833846025,0.016572164020539664,1.1837313400807719,0.00404693069825288,2.9647664592920453,0.008114967469628129,3.639816727672803,0.012543277250273358,1.9553730887297134,0.0048898416848315585,0.56991,0.0015656072045695242,56991.0,0.25414,0.0013767819740249361,25414.0,0.09663,0.0009343053200105413,9663.0,100000
"zero underestimation in all views, overestimation on, window +-15%",single cell (new seed),zero_under,9,20261005,"72,1,9",100000,0.0,0.0,0.0,0.0,0/0,3,0.15,True,False,0.15,10.0,sinus,0.0,A1,Anchor-view mean,AP,0.30667996831267563,0.0064858351403294,2.0510011571798707,0.005736427078451708,2.073792729194498,0.007186687217246496,1.558113821890141,0.004327720336225727,-3.472241898651389,0.023718313754599065,-2.8003607803127144,0.016309187517136156,-0.9821845868103447,0.008517828108309868,0.21046818849501037,0.007247423021124224,1.4697043529237344,0.011654284286468307,3.703148824988192,0.020402792177937522,4.685914750120509,0.019107132278172036,1.2248161801453157,0.004974553440542807,3.277006720637736,0.01100542042393362,4.1065511048308005,0.01834824176452245,1.9802128954448912,0.007715971452154223,0.579,0.0015612783224012302,57900.0,0.2831,0.0014246206161641773,28310.0,0.12639,0.00105078812279165,12639.0,100000
"zero underestimation in all views, overestimation on, window +-15%",single cell (new seed),zero_under,9,20261005,"72,1,9",100000,0.0,0.0,0.0,0.0,0/0,3,0.15,True,False,0.15,10.0,sinus,0.0,A1,Anchor-view mean,SL,0.2622863426049496,0.004801886005308442,1.5184896841262068,0.004649113431173178,1.5409678738395491,0.004701828770534517,1.1827431777529605,0.003123636215674958,-2.5805152561762053,0.01229075048715769,-2.1004871972482864,0.009282348876178306,-0.7174900232157828,0.0069375398634482985,0.21262763131463291,0.005702241632168081,1.184808042780995,0.006198156288230822,2.7610522849019756,0.011810780479964096,3.3963808830785513,0.01340786006557618,0.9582481282023574,0.002901752563517529,2.461249536341304,0.008504183901464254,3.0219966487161103,0.01098127883006265,1.9611029535524054,0.0046257615964935715,0.4814,0.0015800444297550621,48140.0,0.17117,0.0011910954248086085,17117.0,0.05142,0.000698398049825456,5142.0,100000
"zero underestimation in all views, overestimation on, window +-15%",single cell (new seed),zero_under,9,20261005,"72,1,9",100000,0.0,0.0,0.0,0.0,0/0,3,0.15,True,False,0.15,10.0,sinus,0.0,A2,Mean across views,AP,0.4334168660853064,0.005391019338286603,1.7047900018999447,0.005718566172443201,1.759013947442065,0.005875379400111048,1.3219059078953357,0.003669752450847569,-2.695581415013366,0.022574525283816666,-2.14783268488812,0.017897779409096665,-0.6429628563936092,0.006152133923581943,0.34525392925524123,0.004978165450454153,1.3992852683906007,0.007972582864528134,3.28911887582094,0.014288834712227786,4.097255347356668,0.027909008373438977,1.03542242218482,0.0026557494102205236,2.786446377814374,0.008979995018941974,3.509555867297518,0.018661721896505654,1.9951836495674569,0.008353649026776587,0.51465,0.0015804599884210926,51465.0,0.2143,0.001297595892410268,21430.0,0.08129,0.0008641871087906832,8129.0,100000
"zero underestimation in all views, overestimation on, window +-15%",single cell (new seed),zero_under,9,20261005,"72,1,9",100000,0.0,0.0,0.0,0.0,0/0,3,0.15,True,False,0.15,10.0,sinus,0.0,A2,Mean across views,SL,0.34501381068568165,0.004008198639479078,1.2675037015141981,0.0040072623677853145,1.3136148968627432,0.003999698274805728,1.0063826314828166,0.002669803783355021,-2.0185316952255286,0.009643557833602906,-1.6201768185685992,0.009796629983692011,-0.4719186162410969,0.005722226143566253,0.30020380130971525,0.00394997553436558,1.1109382081071422,0.0055959118278109685,2.4441815477242184,0.013745110161503028,2.9723611541773405,0.01451588892192291,0.8103272109958635,0.0027194155047903148,2.100678303263608,0.008930154673122187,2.599704736434596,0.011957594637557481,1.979046326776114,0.0066932204161974165,0.40859,0.0015544909517266415,40859.0,0.11469,0.0010076517448999928,11469.0,0.02841,0.0005253843535926817,2841.0,100000
"zero underestimation in all views, overestimation on, window +-15%",single cell (new seed),zero_under,9,20261005,"72,1,9",100000,0.0,0.0,0.0,0.0,0/0,3,0.15,True,False,0.15,10.0,sinus,0.0,A3,Largest view mean,AP,1.7115323119761463,0.006807087201035848,2.1525899786653766,0.008811674031714225,2.750080023336204,0.009938643394005396,2.0456151981960153,0.005812428390944814,-1.7303882159493862,0.01609912040835811,-1.2006999480065659,0.009937040389032306,0.33184279705135555,0.004686637617028079,1.4549001304773084,0.007546223593789792,2.7658007444216297,0.009652058207576886,5.482218748614498,0.01429931523764869,6.735592979161879,0.03137385240812632,1.5900110982538238,0.005774151126394491,4.3072350897806295,0.014208146175866125,5.486065536843802,0.023495968994358588,1.9948748728367884,0.0074974810045592335,0.66951,0.0014875024702500495,66951.0,0.40138,0.0015500777257931293,40138.0,0.22187,0.0013139395081205223,22187.0,100000
"zero underestimation in all views, overestimation on, window +-15%",single cell (new seed),zero_under,9,20261005,"72,1,9",100000,0.0,0.0,0.0,0.0,0/0,3,0.15,True,False,0.15,10.0,sinus,0.0,A3,Largest view mean,SL,1.279398924588092,0.004829317907174649,1.5271644131709505,0.005917707907352086,1.9922523511798127,0.0064033895637695525,1.5284504602058464,0.004040946610297561,-1.3246590273425543,0.014449376824061626,-0.9146511018536952,0.010763988634292286,0.2918193812172736,0.004469067301869576,1.151996159358519,0.004882245538234662,2.1001037556076367,0.007732553189722492,3.877199388713011,0.013498181247203232,4.714996099947185,0.022682560844586572,1.2452551575223052,0.003708860017236741,3.119507623205246,0.013050224367513855,3.8800731763975533,0.013513606852997134,1.9475811756978338,0.0050151389376122246,0.58971,0.0015554810056699502,58971.0,0.27813,0.0014169463754849722,27813.0,0.11184,0.0009966534723764324,11184.0,100000
"zero underestimation in all views, overestimation on, window +-15%",single cell (new seed),zero_under,9,20261005,"72,1,9",100000,0.0,0.0,0.0,0.0,0/0,3,0.15,True,False,0.15,10.0,sinus,0.0,A4,Largest view mean after review,AP,1.4776809368616477,0.006286221326167325,1.9878777266612975,0.0075630420380941475,2.4769253704425256,0.008233133650296065,1.8748858714492211,0.005118582283861942,-1.9410320088228457,0.017908104090507145,-1.3727803083878443,0.015350398389550896,0.21081687457323328,0.006503107668048099,1.3036430400639847,0.006345022432038591,2.53085015668463,0.007060880713168892,4.8797318071191285,0.017437584411295975,5.916137319205707,0.045031622078103746,1.4928865717813253,0.006255711724833211,3.911352027977795,0.014066378899408314,4.902582296196892,0.016109620837101858,1.9793015787637558,0.006180715526391268,0.65006,0.0015082506303661868,65006.0,0.3704,0.0015271013063971885,37040.0,0.19018,0.0012410139709124954,19018.0,100000
"zero underestimation in all views, overestimation on, window +-15%",single cell (new seed),zero_under,9,20261005,"72,1,9",100000,0.0,0.0,0.0,0.0,0/0,3,0.15,True,False,0.15,10.0,sinus,0.0,A4,Largest view mean after review,SL,1.1826355767301677,0.004577873522853736,1.4476507172396689,0.004910961366010325,1.869304295599417,0.005462293853446008,1.4552575210553176,0.0037101723172070973,-1.4051603468697706,0.007039364157794498,-0.9753177419869072,0.008982311633309543,0.24469121757822698,0.0052810506284759464,1.0960280202207136,0.005712899507037981,2.007906717988506,0.006485261040823394,3.620571238877548,0.01779814579769183,4.327326175954374,0.021432519403757136,1.2077806080046132,0.004298962218245615,2.961818128229998,0.012698314638227307,3.6309353608039934,0.016817333788234672,1.94239930296618,0.007210593489214623,0.57766,0.0015619504614423597,57766.0,0.26021,0.0013874464166229988,26021.0,0.09602,0.000931666032438663,9602.0,100000
"zero underestimation in all views, overestimation off",single cell (new seed),zero_under,26,20261005,"72,1,26",100000,0.0,0.0,0.0,0.0,0/0,3,0.15,False,False,0.0,10.0,sinus,0.0,A1,Anchor-view mean,AP,0.17082508488870982,0.005839931177625308,1.846748389992533,0.005185680550594609,1.854623067033053,0.005914561310336863,1.4079337866117259,0.0038175433814505943,-3.2770937133718263,0.018989518469834408,-2.6528765866052564,0.009246269487486348,-0.9923019026280979,0.006796696853618331,0.09558805606640086,0.006412122054333716,1.243671561038738,0.008018569472428438,3.26407284988421,0.017488774662206667,4.085757309959894,0.03316021857405648,1.1129774593403292,0.004423480875999425,2.9582865187256076,0.008208857616922515,3.7058857375210548,0.01869939287012195,1.9981880972986996,0.007471658548723418,0.54304,0.0015752700035232055,54304.0,0.24204,0.0013544616583720632,24204.0,0.0964,0.0009333115235547024,9640.0,100000
"zero underestimation in all views, overestimation off",single cell (new seed),zero_under,26,20261005,"72,1,26",100000,0.0,0.0,0.0,0.0,0/0,3,0.15,False,False,0.0,10.0,sinus,0.0,A1,Anchor-view mean,SL,0.11137554979814049,0.004411045197754425,1.394894968685183,0.004091180308215551,1.3993273489203084,0.0039367788148517106,1.0839411651970747,0.0027985646531600164,-2.5144601392589814,0.015109779086955348,-2.0813594425395765,0.010388613295102959,-0.7979474120409389,0.006615447512250502,0.07566166223276305,0.004778129904641782,0.9708957397456397,0.005427304832872525,2.42034823438357,0.011877983675699089,2.988167079996614,0.01274843380134862,0.8857385703879874,0.0036088880174159938,2.2467650181040506,0.007937740214644492,2.7612605203943255,0.00926433560858746,1.9732770338011731,0.00419898373572626,0.44695,0.00157221403600146,44695.0,0.13895,0.001093813958129992,13895.0,0.03573,0.0005869699063836238,3573.0,100000
"zero underestimation in all views, overestimation off",single cell (new seed),zero_under,26,20261005,"72,1,26",100000,0.0,0.0,0.0,0.0,0/0,3,0.15,False,False,0.0,10.0,sinus,0.0,A2,Mean across views,AP,0.17389589599746302,0.004973885729754917,1.5728807727434273,0.004453063079626662,1.5824566244834228,0.004874970374901015,1.204000516505811,0.0032474024546518885,-2.7819761696743917,0.015548607917115842,-2.2366906236822315,0.010508591920584507,-0.8245723152299289,0.005944787456232186,0.11292461032347267,0.006307086869907312,1.0958767547416925,0.006790445197632893,2.801342603561329,0.017047284585351805,3.475152179246818,0.021141855115014378,0.9571057931719755,0.004010589591275926,2.5284940139882797,0.006641454009187099,3.1567132456583367,0.00962788589391414,1.994818181312751,0.004404144530520745,0.48186,0.0015800979096245904,48186.0,0.17815,0.0012100106507795707,17815.0,0.05946,0.000747826907780136,5946.0,100000
"zero underestimation in all views, overestimation off",single cell (new seed),zero_under,26,20261005,"72,1,26",100000,0.0,0.0,0.0,0.0,0/0,3,0.15,False,False,0.0,10.0,sinus,0.0,A2,Mean across views,SL,0.11189977287559723,0.0037712455496106997,1.1925725552543338,0.002919490852732558,1.1978049241936126,0.0032717123850418465,0.9302641367866957,0.002386107637430942,-2.1535504876775193,0.009491224258660618,-1.7713247294763244,0.00902826994382597,-0.6664732418800304,0.005102030730698389,0.08234786171407604,0.0044343494821047665,0.8551852260406132,0.0045939050815980405,2.0821858941700735,0.009223241821504392,2.5502829931241506,0.013024889691185268,0.760846353022937,0.0030635687641082177,1.929485315062188,0.005808218648391596,2.3575833741394394,0.008217619246467134,1.968253199264992,0.004870208998839251,0.37755,0.0015329905332388716,37755.0,0.08949,0.0009026712574353966,8949.0,0.01852,0.0004263450433627674,1852.0,100000
"zero underestimation in all views, overestimation off",single cell (new seed),zero_under,26,20261005,"72,1,26",100000,0.0,0.0,0.0,0.0,0/0,3,0.15,False,False,0.0,10.0,sinus,0.0,A3,Largest view mean,AP,1.1410599507403052,0.005682865000157531,1.7970797035750934,0.005889642814343877,2.128727548849407,0.006885555221525473,1.6021577964641218,0.004432370718215949,-1.9704049304907332,0.01736439365835095,-1.4523636149695605,0.010530112345999905,-0.0240659389242035,0.008356278654380891,0.9902666507920492,0.005787724225963712,2.121592892322111,0.00950596682302447,4.255403313090459,0.013412822189886068,5.146463283049558,0.02938095998224549,1.2512043246794633,0.005189401247268765,3.3927674734834774,0.01699478815040865,4.276753609563247,0.013387244019940767,2.0090657500415516,0.0048433198241956445,0.58761,0.0015566775128458687,58761.0,0.29589,0.0014433956765211677,29589.0,0.13673,0.0010864387101903173,13673.0,100000
"zero underestimation in all views, overestimation off",single cell (new seed),zero_under,26,20261005,"72,1,26",100000,0.0,0.0,0.0,0.0,0/0,3,0.15,False,False,0.0,10.0,sinus,0.0,A3,Largest view mean,SL,0.8431010438459412,0.00419022777261004,1.3250663676341836,0.0035790881237882073,1.5705421645917623,0.00449579314425808,1.2106019563112798,0.0031639462775020807,-1.5478219214424416,0.015554404691908223,-1.165986178562307,0.0061536549331805265,-0.03169488268378906,0.004126032878435634,0.7696895604305702,0.00533431903539717,1.6212207051431202,0.005286482653359818,3.0888738125716526,0.01165286353183841,3.699739459951719,0.014102516853962537,0.9814552551042115,0.00401426804023257,2.5167553632882607,0.005315262263944347,3.103194793497462,0.009491317377827466,1.975874868857207,0.004451032647048504,0.49218,0.0015809454373886531,49218.0,0.18127,0.0012182413024520223,18127.0,0.05643,0.0007296962045947615,5643.0,100000
"zero underestimation in all views, overestimation off",single cell (new seed),zero_under,26,20261005,"72,1,26",100000,0.0,0.0,0.0,0.0,0/0,3,0.15,False,False,0.0,10.0,sinus,0.0,A4,Largest view mean after review,AP,1.1243859318253304,0.0056688938812201935,1.7926616478447839,0.005848118022851281,2.116092476944818,0.006844800594467735,1.5934205201643346,0.004403269019353386,-1.993853362462712,0.019449125563044508,-1.4686818620847533,0.009698557545819653,-0.035252088960594286,0.007165394599683955,0.9781527312767619,0.008072815590944839,2.1041751315397637,0.007916840102735452,4.224847397892458,0.01696528384899192,5.112326048147851,0.0256963003763515,1.2455042424293357,0.006077458715918026,3.371159696581002,0.012970941783545468,4.25051133746575,0.018064719235190048,2.0086604833086374,0.006183163685136574,0.58599,0.0015575805593933175,58599.0,0.29371,0.001440293150369049,29371.0,0.13493,0.001080388333424607,13493.0,100000
"zero underestimation in all views, overestimation off",single cell (new seed),zero_under,26,20261005,"72,1,26",100000,0.0,0.0,0.0,0.0,0/0,3,0.15,False,False,0.0,10.0,sinus,0.0,A4,Largest view mean after review,SL,0.837541717020458,0.004177740846362641,1.3211176548425518,0.003551662605699968,1.5642284143205176,0.00445613950859958,1.206840734292935,0.003146992020609123,-1.5537494651793242,0.008926544054282453,-1.168343530983761,0.0066435607718064405,-0.0349089542375447,0.005239421223079353,0.7659002809792899,0.005120264253415468,1.6153543979897331,0.005691265471311731,3.073849506746466,0.008962437620062803,3.6788746279942193,0.014566220297749885,0.9796576940107249,0.003975868716645668,2.5087801066948283,0.007864715650071439,3.0928616487573137,0.00915450117601868,1.977244256939813,0.00423616014784351,0.49137,0.0015809032959039587,49137.0,0.18019,0.0012154076020002508,18019.0,0.05556,0.0007243830920169245,5556.0,100000
"zero underestimation in all views, overestimation off, beat CV 30%",single cell (new seed),zero_under,28,20261005,"72,1,28",100000,0.0,0.0,0.0,0.0,0/0,3,0.3,False,False,0.0,10.0,sinus,0.0,A1,Anchor-view mean,AP,0.5306849533058926,0.008433775475361263,2.666993977661088,0.010240758779761678,2.7192668622216942,0.009868263753503623,1.9938450307936024,0.005847245891392965,-4.132739792749627,0.026364277864796476,-3.2986264150056535,0.016299309236772003,-1.139913042912446,0.006519386117503173,0.3042077628933688,0.008784315125151059,1.9168212395245798,0.013763869883201918,5.154255877949339,0.019056750965341582,6.5892900653118085,0.05606537713457772,1.5109541868573184,0.005640106338280922,4.264584790700667,0.014873046327152134,5.502598096999276,0.03227078559338973,2.0235594282583746,0.0072665330106383725,0.65091,0.0015074023082773888,65091.0,0.37946,0.0015345035301360503,37946.0,0.21132,0.0012909835692215452,21132.0,100000
"zero underestimation in all views, overestimation off, beat CV 30%",single cell (new seed),zero_under,28,20261005,"72,1,28",100000,0.0,0.0,0.0,0.0,0/0,3,0.3,False,False,0.0,10.0,sinus,0.0,A1,Anchor-view mean,SL,0.3380924710521795,0.005933533960866309,1.8763481890297928,0.006013037161027071,1.9065554905725373,0.007072949443486383,1.4207873888106743,0.004020364657292682,-3.0090028141212586,0.01691878710437119,-2.4316971441001995,0.012633040930530927,-0.8521487222325583,0.005664801851486899,0.21526084935831546,0.005241185622933243,1.3724501625737153,0.008134355741813874,3.5073635017605995,0.01613638636590815,4.44544401753082,0.025084434230298353,1.1097980307998405,0.0036173095006619485,2.989945370942514,0.009945369377631562,3.7720746663797415,0.01382672828798112,1.9784762022567675,0.005787778926792505,0.54227,0.0015754784895389718,54227.0,0.24041,0.0013513438936850974,24041.0,0.09917,0.0009451735877604706,9917.0,100000
"zero underestimation in all views, overestimation off, beat CV 30%",single cell (new seed),zero_under,28,20261005,"72,1,28",100000,0.0,0.0,0.0,0.0,0/0,3,0.3,False,False,0.0,10.0,sinus,0.0,A2,Mean across views,AP,0.5300888363197587,0.006191908721657717,1.9580534624299948,0.005289008795232691,2.028528825624943,0.007259201823259667,1.503486568188285,0.004306362595541077,-2.942345556158823,0.013440272659618844,-2.323553441234358,0.009522434269818343,-0.70615212037309,0.006756576882076035,0.3937061998755045,0.006381012046917184,1.588389888614087,0.007534284266395707,3.893142461350313,0.012257462708527088,4.888893428017504,0.03039891278227312,1.1568660151558836,0.004416095181250599,3.193734266536338,0.008243421391547727,4.095539617359273,0.013461100458210163,2.0189703816989293,0.005481426146779447,0.5574,0.001570685328129094,55740.0,0.26234,0.0013911064819056808,26234.0,0.1173,0.001017549556532752,11730.0,100000
"zero underestimation in all views, overestimation off, beat CV 30%",single cell (new seed),zero_under,28,20261005,"72,1,28",100000,0.0,0.0,0.0,0.0,0/0,3,0.3,False,False,0.0,10.0,sinus,0.0,A2,Mean across views,SL,0.3372402918616641,0.004456678725739155,1.409325557295261,0.004367906856494032,1.4491065105489223,0.004620638321350991,1.0991554378931645,0.0029862617434249796,-2.2344894357581278,0.011167809572787353,-1.8000435320534025,0.008904060710074704,-0.5716650514041837,0.006160770082495508,0.2681918962606018,0.005160137154446384,1.1535489901804616,0.005365522491855451,2.7035469273084347,0.016129522403598898,3.357419058989136,0.02126542637118563,0.8714613263824553,0.0035922112530222205,2.3033902754288103,0.008858269102578203,2.8831860965400877,0.012667452976485482,1.9896302138949988,0.006512380017821756,0.44098,0.0015700848371982962,44098.0,0.14422,0.0011109482058133942,14422.0,0.04382,0.000647300607137055,4382.0,100000
"zero underestimation in all views, overestimation off, beat CV 30%",single cell (new seed),zero_under,28,20261005,"72,1,28",100000,0.0,0.0,0.0,0.0,0/0,3,0.3,False,False,0.0,10.0,sinus,0.0,A3,Largest view mean,AP,2.301164177212963,0.00837744185503875,2.649179722754859,0.01058576955861876,3.5090510957254084,0.011880693059288959,2.6092632292430094,0.007419730483873711,-1.7216549255421298,0.01617593284821841,-1.1579053156475805,0.012520388653781774,0.5771096203631869,0.008330759827968607,1.9011279327255544,0.00876793638891923,3.560854211151315,0.010669800062081923,7.143549186766804,0.024324953397784926,8.704730333420411,0.053310060864433705,1.9930861993824402,0.006076519427365219,5.586157283769645,0.01643203832858049,7.146028261546612,0.028111817822971105,2.036456029452415,0.0054422082539245,0.73259,0.0013996495700710234,73259.0,0.49837,0.0015811304282063513,49837.0,0.32539,0.0014815915358154554,32539.0,100000
"zero underestimation in all views, overestimation off, beat CV 30%",single cell (new seed),zero_under,28,20261005,"72,1,28",100000,0.0,0.0,0.0,0.0,0/0,3,0.3,False,False,0.0,10.0,sinus,0.0,A3,Largest view mean,SL,1.545591710031417,0.005826924500981955,1.842635317694302,0.0068215287249259755,2.4050207265391874,0.008123414075596583,1.8057316093004343,0.005023428396114744,-1.3960740961210614,0.010633728946605428,-0.9614494805287623,0.010878865871517616,0.34101479648564825,0.005724039697165045,1.3217198752723158,0.006703880378551351,2.472504357544813,0.007211855622989854,4.81179239411855,0.02663107639422788,5.881716790764659,0.02387132766215395,1.4157074761812338,0.004146323924918645,3.7947437695282895,0.01334156870325201,4.815515548851983,0.03047011625860504,2.0022761116830314,0.009731369993930738,0.63196,0.0015250788779600877,63196.0,0.34816,0.0015064681025498017,34816.0,0.17622,0.0012048506612854558,17622.0,100000
"zero underestimation in all views, overestimation off, beat CV 30%",single cell (new seed),zero_under,28,20261005,"72,1,28",100000,0.0,0.0,0.0,0.0,0/0,3,0.3,False,False,0.0,10.0,sinus,0.0,A4,Largest view mean after review,AP,2.222023000138434,0.008324064846578088,2.632300430612682,0.010159775959656185,3.4447528910057317,0.011609489492693642,2.558685435890293,0.007293493343590848,-1.8360934008237664,0.009329223475645597,-1.2395540587616407,0.013151981686093855,0.5199189427498194,0.007416871814138592,1.8372330591839225,0.006739456715700611,3.4836896721757244,0.011386826266726664,7.01687127743931,0.027678794305350224,8.576179256810255,0.04497153637589321,1.952446395635767,0.006902153844369792,5.476949908817997,0.02276083600178965,7.021089696905915,0.03245642381894386,2.038198361118447,0.0058917520855323825,0.72697,0.0014088456945315197,72697.0,0.48948,0.0015807888208106736,48948.0,0.31651,0.0014708209268976288,31651.0,100000
"zero underestimation in all views, overestimation off, beat CV 30%",single cell (new seed),zero_under,28,20261005,"72,1,28",100000,0.0,0.0,0.0,0.0,0/0,3,0.3,False,False,0.0,10.0,sinus,0.0,A4,Largest view mean after review,SL,1.5115962055998615,0.005796463531188652,1.8330027132658593,0.006790594366689294,2.37587635129323,0.008073615465699463,1.7836533178765146,0.0049632589215168445,-1.437789330233152,0.013963301157764414,-0.9911418078751443,0.010067907314579488,0.31822637624097205,0.0060020817643357946,1.2963251608429267,0.005597199968419132,2.438094756977362,0.007856424437727305,4.740899766341589,0.01716106247222806,5.803091823859497,0.029499881386221612,1.3993127272473884,0.003865216129597437,3.748957358775789,0.013614589559938954,4.7437586994774925,0.019210796370592517,1.9966353454780523,0.0062597910716447845,0.62792,0.001528517169023626,62792.0,0.34295,0.00150111724225658,34295.0,0.17175,0.0011926941665825318,17175.0,100000
"zero underestimation in all views, overestimation off, beat CV 5%",single cell (new seed),zero_under,24,20261005,"72,1,24",100000,0.0,0.0,0.0,0.0,0/0,3,0.05,False,False,0.0,10.0,sinus,0.0,A1,Anchor-view mean,AP,0.06856467566661566,0.0049020482499397,1.5501637669851815,0.004430403070214818,1.5516716112457274,0.004619147771216092,1.1933373448983666,0.0031363045241540183,-2.888026030815876,0.010376534119950695,-2.366795971278819,0.015343126990974993,-0.9233061689832838,0.00615315705904448,0.027202123876675977,0.005751839879105744,1.0031484161933895,0.004896398781334911,2.646309179249879,0.012760184879205699,3.2778971400923353,0.017554088219769434,0.9640462795703533,0.0033816824076468416,2.5041836243152527,0.010718495195730626,3.0774022551955174,0.01548895028607828,1.9832819218268025,0.0074701667874891116,0.48384,0.0015803127994166216,48384.0,0.17567,0.001203370479528229,17567.0,0.05548,0.0007238920472004096,5548.0,100000
"zero underestimation in all views, overestimation off, beat CV 5%",single cell (new seed),zero_under,24,20261005,"72,1,24",100000,0.0,0.0,0.0,0.0,0/0,3,0.05,False,False,0.0,10.0,sinus,0.0,A1,Anchor-view mean,SL,0.044828974998092165,0.0039116921090393796,1.2369856569872164,0.0030424559753766405,1.237791521725819,0.003260548551708614,0.9686995439570499,0.002436708809734035,-2.3431189860200954,0.012952513803427133,-1.9332731542839348,0.006662757995690633,-0.7669486493715899,0.00410822791147723,0.027055728083966724,0.00426493452404301,0.8357923706270691,0.0043790001781296925,2.0767733626544254,0.011983348164282741,2.5346139802518506,0.008782195129914535,0.801447844908378,0.002424143369023391,2.0053397171632454,0.007028400772010806,2.4365699964384726,0.0060781487389008695,1.9684817303007773,0.0028318539344395397,0.40129,0.0015500204382523479,40129.0,0.10067,0.0009515017136085462,10067.0,0.01846,0.00042566686974675395,1846.0,100000
"zero underestimation in all views, overestimation off, beat CV 5%",single cell (new seed),zero_under,24,20261005,"72,1,24",100000,0.0,0.0,0.0,0.0,0/0,3,0.05,False,False,0.0,10.0,sinus,0.0,A2,Mean across views,AP,0.07058517910219762,0.004590887399694895,1.451766066440367,0.004401177147709142,1.4534737365805785,0.00445395113939503,1.1104266813924992,0.0029657162434292093,-2.6775570542240206,0.015569044045377359,-2.201992808739454,0.008888982203814252,-0.844107631082534,0.006397067385774114,0.027749455748471874,0.005113053064499442,0.9310085301481499,0.004971148135876828,2.47881945911451,0.012885841998797457,3.0895377167740525,0.01134977145594416,0.8880214022216908,0.003445692290422369,2.337286405546892,0.006731588789375189,2.8851068754169806,0.00958287870255643,1.9849735174468592,0.00443490304162796,0.44946,0.0015730407127598448,44946.0,0.15084,0.0011317565745335876,15084.0,0.04353,0.0006452529666727616,4353.0,100000
"zero underestimation in all views, overestimation off, beat CV 5%",single cell (new seed),zero_under,24,20261005,"72,1,24",100000,0.0,0.0,0.0,0.0,0/0,3,0.05,False,False,0.0,10.0,sinus,0.0,A2,Mean across views,SL,0.04378920255005358,0.0035635861509180893,1.1269048875133698,0.0029962328978553384,1.1277497154135023,0.0031049612671648786,0.8779674204955451,0.002238297654781476,-2.1185010200282757,0.011262621239549029,-1.7506393854026945,0.009123679865749105,-0.6918840392290929,0.005545538275334386,0.026055525788980738,0.0034492571553846304,0.7519975376528372,0.005154742847650392,1.8957154740967164,0.006803045711246167,2.3183973992818214,0.010949662655393724,0.7209324864430382,0.002858184007907914,1.8244713673184707,0.005652215015239204,2.2212444836801652,0.007365728651274683,1.9696253994315756,0.0047250942432466745,0.35386,0.0015120949057516198,35386.0,0.0741,0.0008283066461160384,7410.0,0.01222,0.0003474287207471484,1222.0,100000
"zero underestimation in all views, overestimation off, beat CV 5%",single cell (new seed),zero_under,24,20261005,"72,1,24",100000,0.0,0.0,0.0,0.0,0/0,3,0.05,False,False,0.0,10.0,sinus,0.0,A3,Largest view mean,AP,0.6344334023376718,0.004750587470116042,1.502267662942378,0.004633201481640664,1.6307333641778465,0.0050052368125300135,1.247571172860707,0.0033209464048291715,-2.1664789778785836,0.01537450383178046,-1.6827486768563766,0.012206759494711733,-0.32328282668260133,0.006656379753452249,0.5787303285406726,0.00534608764833662,1.5208425710625184,0.005186592307095808,3.1462325170764522,0.012077678714657442,3.778892545388933,0.016943595338201584,0.9984420149531217,0.0033185625160171827,2.6145972795415156,0.008881838015283049,3.24057329463901,0.009771006267441646,1.987187706969363,0.0050323184875266415,0.49939,0.0015811376534002343,49939.0,0.19182,0.001245090709948476,19182.0,0.06599,0.0007850816511675711,6599.0,100000
"zero underestimation in all views, overestimation off, beat CV 5%",single cell (new seed),zero_under,24,20261005,"72,1,24",100000,0.0,0.0,0.0,0.0,0/0,3,0.05,False,False,0.0,10.0,sinus,0.0,A3,Largest view mean,SL,0.568249355565272,0.0037064628926406777,1.1720864803640687,0.00307368049009866,1.302566815823819,0.0034842681147954305,1.0181829174629549,0.002569027941024758,-1.662238526067304,0.010692100071036378,-1.2832075052738185,0.008223820405568594,-0.20071130997527353,0.003813076855450097,0.5429507142291152,0.0045188631809440155,1.302393613653332,0.004433966572703877,2.508508715154601,0.007578041112133632,2.9560396262448396,0.00961652159164645,0.8389663370519367,0.0021879171266109905,2.106731831490106,0.005265276756422939,2.565200415065724,0.008405139429373595,1.969342673176686,0.004723737285073277,0.42133,0.0015614449433137244,42133.0,0.11698,0.0010163448214065933,11698.0,0.02482,0.0004919752798667836,2482.0,100000
"zero underestimation in all views, overestimation off, beat CV 5%",single cell (new seed),zero_under,24,20261005,"72,1,24",100000,0.0,0.0,0.0,0.0,0/0,3,0.05,False,False,0.0,10.0,sinus,0.0,A4,Largest view mean after review,AP,0.6339101871506673,0.004749778670770614,1.5020118981322175,0.004653250149787018,1.6302942394263435,0.005002795039579014,1.24735620570438,0.003319597600501785,-2.16736238855019,0.016815290073050933,-1.6837552358754875,0.013083418291589412,-0.3236264224864258,0.006685991076872912,0.578622915208947,0.005378855548001009,1.5206314906803862,0.005113126898589265,3.1445615826727935,0.01248309627741755,3.7764789816001727,0.018237945749264257,0.9984199731024952,0.0032991768472949616,2.6136977699624446,0.008115961784274378,3.2395543632781454,0.010064744083788291,1.9870979636277541,0.005003743325333273,0.49938,0.00158113761450419,49938.0,0.19176,0.0012449421769704808,19176.0,0.06591,0.0007846392285630383,6591.0,100000
"zero underestimation in all views, overestimation off, beat CV 5%",single cell (new seed),zero_under,24,20261005,"72,1,24",100000,0.0,0.0,0.0,0.0,0/0,3,0.05,False,False,0.0,10.0,sinus,0.0,A4,Largest view mean after review,SL,0.5681127448221405,0.0037062719483670716,1.1720260984829924,0.003078362009113891,1.302452889705749,0.0034839783172193506,1.0180970508148108,0.0025687906176064213,-1.6624325173272327,0.011280801570017242,-1.2833738254438938,0.007905739146721586,-0.20079577918246239,0.0037988892873420128,0.5428184074076245,0.004411642126973212,1.3021904522779966,0.004180593404860676,2.508321967623549,0.00765731146995359,2.9558225680940344,0.009298530131817685,0.8388866374706132,0.0021997682908346814,2.1066458843694997,0.005400507798238747,2.565175599161649,0.008434246744352366,1.9694958792261386,0.004744056761983978,0.4213,0.0015614298255125013,42130.0,0.11696,0.0010162694445864245,11696.0,0.0248,0.0004917820655534319,2480.0,100000
"zero underestimation in all views, overestimation off, two views",single cell (new seed),zero_under,20,20261005,"72,1,20",100000,0.0,0.0,0.0,0.0,0/0,2,0.15,False,False,0.0,10.0,sinus,0.0,A1,Anchor-view mean,AP,0.1802543245750545,0.005855028693269912,1.8515226436372303,0.0056106330053821984,1.8602670346131516,0.0058370328391854345,1.4123811069089491,0.003828560704484294,-3.2698373141366974,0.022284608276141482,-2.657465597116353,0.013957605870920889,-0.992244898867102,0.0066200882192644665,0.10209331998770743,0.006122142556435308,1.257570197607087,0.009287224462520104,3.273507454291081,0.02138600700818899,4.1160001421005905,0.028642422018314833,1.1200152290127967,0.00501888044046466,2.9578267644869056,0.00896478099394133,3.702453030301471,0.01186831726211419,1.9902804067435447,0.004814748439304729,0.54578,0.001574497353443314,54578.0,0.24384,0.0013578735375578978,24384.0,0.09627,0.0009327490932721404,9627.0,100000
"zero underestimation in all views, overestimation off, two views",single cell (new seed),zero_under,20,20261005,"72,1,20",100000,0.0,0.0,0.0,0.0,0/0,2,0.15,False,False,0.0,10.0,sinus,0.0,A1,Anchor-view mean,SL,0.11174630301097896,0.0044326173645900975,1.4017166868117703,0.004032519096361139,1.4061569109549925,0.003932925747281274,1.087587514002366,0.0028185787233970597,-2.536339597216553,0.012542012865610096,-2.086599567950941,0.008264710067527811,-0.7985434026998242,0.004164222505886485,0.0737739881614119,0.0046155061359442395,0.9684282649634262,0.006322537183124783,2.4270914483443184,0.013223421145689312,3.006511981026528,0.012490027185149553,0.8844311215649086,0.003237294077193144,2.263776997842023,0.00610418526111497,2.771398139941007,0.008667622243783783,1.9709024777745534,0.004343718658131024,0.4453,0.0015716485294110768,44530.0,0.14217,0.001104344561719756,14217.0,0.03726,0.0005989298155877698,3726.0,100000
"zero underestimation in all views, overestimation off, two views",single cell (new seed),zero_under,20,20261005,"72,1,20",100000,0.0,0.0,0.0,0.0,0/0,2,0.15,False,False,0.0,10.0,sinus,0.0,A2,Mean across views,AP,0.18262881992175092,0.0052077273745010245,1.6468279936631918,0.005613100982162804,1.656915388954529,0.005206520965809948,1.2579661672216598,0.0034101339523449187,-2.8879242855333875,0.01680983334356953,-2.360497126838338,0.0129356916361187,-0.8574461608283583,0.005543393782111434,0.11620445153394687,0.0070611146956267214,1.1410494180061415,0.005939285215097554,2.9293452917656673,0.014366565668296144,3.685176154420952,0.030087138231909498,1.0025988586934318,0.0044207730070909695,2.6390148191536635,0.007956881470349737,3.298512010069217,0.01692512786183705,1.9907546468926778,0.0075188540143833246,0.50102,0.001581135540047089,50102.0,0.19585,0.0012549612643424498,19585.0,0.0685,0.000798797533796894,6850.0,100000
"zero underestimation in all views, overestimation off, two views",single cell (new seed),zero_under,20,20261005,"72,1,20",100000,0.0,0.0,0.0,0.0,0/0,2,0.15,False,False,0.0,10.0,sinus,0.0,A2,Mean across views,SL,0.11337188002856337,0.003961469694769408,1.252726711720335,0.0036196661191821486,1.2578400948438204,0.0035048512978744614,0.9742892270970973,0.0025158070980196524,-2.2604724336786712,0.008464227082738682,-1.856151442619329,0.008877058080594203,-0.7010077164496235,0.00520808434082456,0.07778767652118912,0.006237732763253112,0.8853137219606917,0.006421513568509164,2.197455085321126,0.010308734498923543,2.6803594119092544,0.011373444250306348,0.7924370623735197,0.0032033803620555236,2.0298349257176067,0.005736974451385667,2.4833646675671375,0.008317392510018746,1.9743087199613272,0.005036308076292995,0.39707,0.0015472731339359574,39707.0,0.10458,0.0009676932551175502,10458.0,0.02311,0.00047514132529174937,2311.0,100000
"zero underestimation in all views, overestimation off, two views",single cell (new seed),zero_under,20,20261005,"72,1,20",100000,0.0,0.0,0.0,0.0,0/0,2,0.15,False,False,0.0,10.0,sinus,0.0,A3,Largest view mean,AP,0.8219741688965632,0.0056878892476653325,1.7986685101404012,0.006634205250558539,1.9775787194495678,0.006529649677068772,1.4842439193333432,0.0041326198205114024,-2.379532591495059,0.009368899351396365,-1.842693709604064,0.01569189565237163,-0.33534994402291796,0.00605947238794582,0.6989326990153746,0.006731132056189568,1.8223452410934668,0.009524580315282392,3.8968685996364987,0.017094275219811366,4.816441742245871,0.015834075971625092,1.1576332812413686,0.005011504019923338,3.1375195554137005,0.01352013409326776,3.9686548567773094,0.02251530829136364,2.006825224070944,0.008371771763780041,0.5587,0.0015702047955601206,55870.0,0.26165,0.001389925456634276,26165.0,0.11226,0.0009982869948066038,11226.0,100000
"zero underestimation in all views, overestimation off, two views",single cell (new seed),zero_under,20,20261005,"72,1,20",100000,0.0,0.0,0.0,0.0,0/0,2,0.15,False,False,0.0,10.0,sinus,0.0,A3,Largest view mean,SL,0.5976461659820207,0.004261420809038696,1.3475795824999732,0.004158733814800313,1.474155185581389,0.0043726900661570966,1.1294379182256027,0.002995851256613833,-1.8664794514747078,0.013364866838108355,-1.4646890400272852,0.005785410103597874,-0.2880245338700185,0.005337806895264743,0.5289282106926452,0.004448013923835567,1.4023756335322761,0.005788209073697768,2.8630772415622974,0.014455590026376431,3.4527192219534553,0.01649568814478126,0.9054302152490488,0.0036231664886410887,2.366583085528467,0.007619296894365535,2.926205721772304,0.006399515869213325,1.9850052086736336,0.004750871200038499,0.45688,0.0015752481252171038,45688.0,0.15617,0.0011479587584055447,15617.0,0.04602,0.0006625870478661653,4602.0,100000
"zero underestimation in all views, overestimation off, two views",single cell (new seed),zero_under,20,20261005,"72,1,20",100000,0.0,0.0,0.0,0.0,0/0,2,0.15,False,False,0.0,10.0,sinus,0.0,A4,Largest view mean after review,AP,0.8065731156964387,0.005692321241597361,1.800070029680527,0.006478295032216188,1.9725059949711679,0.006504112625031272,1.4812883703997124,0.004118958156781953,-2.418812729694594,0.020038402548928535,-1.8683987480837834,0.016500716676810783,-0.34575877488556883,0.004657318387646065,0.6889946175034485,0.005924972656838029,1.8094166788188888,0.008854019596126141,3.8754481030659202,0.014395839017275543,4.793900827318885,0.021948024801605587,1.156653343658653,0.005086502522588511,3.131008869466172,0.01511311683644311,3.9573336589083516,0.01644018613879775,2.0062467079935016,0.006228082946942579,0.5583,0.0015703538136356404,55830.0,0.26099,0.0013887916326792871,26099.0,0.11158,0.000995640013257804,11158.0,100000
"zero underestimation in all views, overestimation off, two views",single cell (new seed),zero_under,20,20261005,"72,1,20",100000,0.0,0.0,0.0,0.0,0/0,2,0.15,False,False,0.0,10.0,sinus,0.0,A4,Largest view mean after review,SL,0.5933130694318004,0.004258030832807057,1.3465075778893918,0.0041797026185047565,1.4714227553105081,0.004342449326978452,1.1281627024645022,0.002987210680620316,-1.8750089023990624,0.006435031559022483,-1.4709615489822163,0.009336348704729004,-0.2910699550900111,0.006223391461120375,0.5260009593207218,0.005221260765657496,1.3990899161905377,0.006005931649128065,2.853760529946286,0.012805860652770165,3.4443637195167103,0.013804889175774845,0.9049686355424791,0.0038176439618291076,2.3635263577820482,0.0065314400336677295,2.9211602254550146,0.009149849434228932,1.98526236930363,0.00566570301799319,0.45668,0.0015751932503664432,45668.0,0.15591,0.001147179462420767,15591.0,0.04575,0.0006607339668883385,4575.0,100000
"zero underestimation in all views, overestimation off, four views",single cell (new seed),zero_under,32,20261005,"72,1,32",100000,0.0,0.0,0.0,0.0,0/0,4,0.15,False,False,0.0,10.0,sinus,0.0,A1,Anchor-view mean,AP,0.18359621440794638,0.005820953858558356,1.8407472347790017,0.006363029735926372,1.8498713654704877,0.005744529433305004,1.404314261849571,0.003807807797347133,-3.2404522757228245,0.019713605531555156,-2.6371798237303468,0.013727776411795723,-0.9798877857959867,0.007847881058928913,0.10335730279007915,0.005053672218782505,1.253477512975324,0.00645492692146932,3.260454077066959,0.013052387550964242,4.098720263786216,0.02943037845146182,1.114310199841083,0.004337058820084688,2.9441017610490845,0.012970751485164416,3.681194398612335,0.018396307737597078,1.9899731772301246,0.00615246905565291,0.54306,0.001575264537784051,54306.0,0.24198,0.0013543473690305601,24198.0,0.09459,0.0009254335843268278,9459.0,100000
"zero underestimation in all views, overestimation off, four views",single cell (new seed),zero_under,32,20261005,"72,1,32",100000,0.0,0.0,0.0,0.0,0/0,4,0.15,False,False,0.0,10.0,sinus,0.0,A1,Anchor-view mean,SL,0.11553894978806868,0.0044081679983305165,1.3939851183389755,0.004441187841721085,1.3987581374646425,0.003921138230604808,1.0823659007886606,0.002801814116060963,-2.529927191363427,0.009071624936655788,-2.0697591965804283,0.01110743652907297,-0.7882829355035275,0.00544374299672099,0.0792433315280534,0.005844316946825454,0.9725528735953861,0.006707472254768087,2.429624520413455,0.012424500239017646,2.9999661376455466,0.014064193899620946,0.8800621658045498,0.0028222922970600425,2.252315875376782,0.008072807760739204,2.7687244265499547,0.011184824047079297,1.9794161352072506,0.005255098761320116,0.44383,0.0015711299472036043,44383.0,0.13893,0.0010937479375980556,13893.0,0.03653,0.0005932584521100394,3653.0,100000
"zero underestimation in all views, overestimation off, four views",single cell (new seed),zero_under,32,20261005,"72,1,32",100000,0.0,0.0,0.0,0.0,0/0,4,0.15,False,False,0.0,10.0,sinus,0.0,A2,Mean across views,AP,0.18324569124656767,0.004834610771818811,1.5288381639332032,0.004745413029462167,1.5397732759720715,0.004691114155814389,1.1719723864440996,0.003158152055767256,-2.688624828521411,0.01269375090452658,-2.1753019318643916,0.005867878190067625,-0.7914229139452496,0.004515147172125838,0.12887753969674032,0.005965090631011583,1.076683945243614,0.0070124249492787985,2.7294907287275567,0.014657597528949776,3.4124224301982093,0.024894112066131596,0.9328151961509632,0.003813165712194469,2.464307846357695,0.008577228995801102,3.074034329452989,0.008999607720294053,1.996420107702107,0.00486118940598425,0.4707,0.0015784217117107836,47070.0,0.1677,0.0011814258757958536,16770.0,0.0546,0.0007184625251187428,5460.0,100000
"zero underestimation in all views, overestimation off, four views",single cell (new seed),zero_under,32,20261005,"72,1,32",100000,0.0,0.0,0.0,0.0,0/0,4,0.15,False,False,0.0,10.0,sinus,0.0,A2,Mean across views,SL,0.11555127812473519,0.0036822447653749725,1.1644280360817232,0.00310596888766817,1.1701415256980185,0.003255506392181601,0.9070634375177022,0.0023376752879884916,-2.0947226138910127,0.011374025399606401,-1.7291094093427966,0.00629278202508906,-0.6409618948985878,0.004048079237413863,0.09260331635468799,0.003765475951475322,0.8387458744604601,0.004329002186751814,2.04191604598454,0.012906002834539717,2.506867474169174,0.011651342870357378,0.7411326371996285,0.0026802554821001704,1.884843203574031,0.007780727591338141,2.3097931063945754,0.011324880445984214,1.9739433698130884,0.006657032098697767,0.36629,0.0015235538582537868,36629.0,0.08318,0.0008732759449337878,8318.0,0.01592,0.0003958099746090288,1592.0,100000
"zero underestimation in all views, overestimation off, four views",single cell (new seed),zero_under,32,20261005,"72,1,32",100000,0.0,0.0,0.0,0.0,0/0,4,0.15,False,False,0.0,10.0,sinus,0.0,A3,Largest view mean,AP,1.3668416173096907,0.005664752677784694,1.7913520843337545,0.006160828825384782,2.253256800152561,0.00698850282593378,1.7130178248010364,0.004628992943312133,-1.6973085304792197,0.012401826231538737,-1.2094589219111551,0.008929274343173307,0.19531057121789952,0.005697582612067413,1.208355417401752,0.0060714674184934045,2.336158607873821,0.008537097311777004,4.496473412591786,0.013164084429875314,5.440266807902371,0.03357608580783789,1.3668527450001822,0.004478449854566594,3.589686369501097,0.011883129564045395,4.507159410676071,0.01447678009233848,2.0002866119702403,0.004641149481529476,0.61811,0.0015363919678910067,61811.0,0.32974,0.001486645661884499,32974.0,0.15728,0.0011512732151839546,15728.0,100000
"zero underestimation in all views, overestimation off, four views",single cell (new seed),zero_under,32,20261005,"72,1,32",100000,0.0,0.0,0.0,0.0,0/0,4,0.15,False,False,0.0,10.0,sinus,0.0,A3,Largest view mean,SL,1.0082986221360997,0.00417102094296953,1.3189926348046992,0.003772509952680209,1.6602380204822722,0.004670028560745335,1.291372748797995,0.003299632700608907,-1.355762643327199,0.012915553513508302,-0.98037086425879,0.006740650909595595,0.14040133299308788,0.0049995002543176984,0.9328402211224485,0.004614294346778347,1.7749316165184967,0.005595088332901685,3.2453151686454804,0.013044825043030837,3.862754801926292,0.016213018589415252,1.0650948676558967,0.00421944286728643,2.6502507692782045,0.007403168774780333,3.2527928701753037,0.01213466400840913,1.959232850980259,0.0043436544711122,0.52675,0.0015788744012745282,52675.0,0.20794,0.0012833587043379572,20794.0,0.06705,0.0007909127480322971,6705.0,100000
"zero underestimation in all views, overestimation off, four views",single cell (new seed),zero_under,32,20261005,"72,1,32",100000,0.0,0.0,0.0,0.0,0/0,4,0.15,False,False,0.0,10.0,sinus,0.0,A4,Largest view mean after review,AP,1.3495178368456184,0.005637081331452103,1.782601636300321,0.005993096807658272,2.2358075071479484,0.00686088296636046,1.701251901016207,0.004587590025590895,-1.7148501490273242,0.008165138866115694,-1.2236576544344702,0.009577342714123171,0.1855129370598263,0.004606967706856205,1.1945332300948355,0.005276475613426596,2.3177706502892645,0.008140241109244691,4.455352089926685,0.019828635043158287,5.378152989419214,0.031835841098380224,1.3597146099564568,0.00512564199594954,3.5613292541989563,0.010032198144866045,4.467596065256971,0.015473339009674587,1.998202461962366,0.004660278416656332,0.61614,0.001537893040494039,61614.0,0.32684,0.0014832923326168715,32684.0,0.15494,0.0011442621919822396,15494.0,100000
"zero underestimation in all views, overestimation off, four views",single cell (new seed),zero_under,32,20261005,"72,1,32",100000,0.0,0.0,0.0,0.0,0/0,4,0.15,False,False,0.0,10.0,sinus,0.0,A4,Largest view mean after review,SL,1.0027999301924313,0.004155556148564629,1.3141022374181277,0.0036916274466722277,1.6530139508589667,0.004625576366047926,1.2870343849308783,0.003280256657372566,-1.3591743721293845,0.010090569655421931,-0.9820880754082104,0.009657022973165813,0.13813306118328195,0.004190235923777058,0.9298499340688231,0.005400911612900488,1.7694538691015567,0.005049792793989265,3.23008868210263,0.011048721906388307,3.8379277699513943,0.02016308070158419,1.0622910867169022,0.005030420628762011,2.64148915189239,0.007292412422155314,3.238257137860869,0.010332443679605941,1.9590016987927727,0.00373912417074396,0.52583,0.0015790275839895895,52583.0,0.2067,0.0012805276646757774,20670.0,0.0661,0.0007856894424643874,6610.0,100000
"zero underestimation in all views, overestimation off, window +-15%",single cell (new seed),zero_under,27,20261005,"72,1,27",100000,0.0,0.0,0.0,0.0,0/0,3,0.15,False,False,0.15,10.0,sinus,0.0,A1,Anchor-view mean,AP,0.21140138381950718,0.006201742609218673,1.9611632107246566,0.006118150635856136,1.9725144416630402,0.006304843390522723,1.5022513356977671,0.0040423637734231755,-3.4697238168212445,0.01963375609855566,-2.820136975484431,0.008518912345090024,-1.0377927836538323,0.0058139278339349445,0.1514082252713349,0.007287179374015409,1.358587555585015,0.006279689549543869,3.479258824842936,0.014780460513813898,4.333324681426864,0.02881771991134815,1.1958194559559754,0.0040939639392590845,3.1481435033596736,0.00992320214318386,3.9232392536601903,0.016341864101367166,1.988953373822947,0.005481467644841997,0.5719,0.001564705691176459,57190.0,0.2695,0.0014031028116285704,26950.0,0.11417,0.0010056600374878182,11417.0,100000
"zero underestimation in all views, overestimation off, window +-15%",single cell (new seed),zero_under,27,20261005,"72,1,27",100000,0.0,0.0,0.0,0.0,0/0,3,0.15,False,False,0.15,10.0,sinus,0.0,A1,Anchor-view mean,SL,0.20400581688411482,0.004685504902871006,1.4816867480958396,0.004178472480309033,1.4956577278405592,0.004641875941578109,1.15371971556828,0.0030098702896925508,-2.609930941333478,0.014212804932096972,-2.122175126251505,0.00792388519746964,-0.7533686030150444,0.006624558963456788,0.15994734427750235,0.005786113997913233,1.1184391024041802,0.008568608810487861,2.6399034898974025,0.00989842534934195,3.224941246806943,0.012463723651452322,0.9372608756201066,0.0030924080165693874,2.4055472653560903,0.006581753306179865,2.9408744878172124,0.0072142553952890395,1.9662750595106189,0.004266591229690064,0.47233,0.0015787158423858298,47233.0,0.16361,0.0011697938617551385,16361.0,0.04622,0.0006639556581579827,4622.0,100000
"zero underestimation in all views, overestimation off, window +-15%",single cell (new seed),zero_under,27,20261005,"72,1,27",100000,0.0,0.0,0.0,0.0,0/0,3,0.15,False,False,0.15,10.0,sinus,0.0,A2,Mean across views,AP,0.2137042045501623,0.0050731260539514395,1.6042633187628803,0.00503213163229102,1.6184265650200347,0.005017007159571007,1.2331378627870342,0.0033146440903798714,-2.830002306860536,0.014410398291974774,-2.270963025152635,0.009735278292516247,-0.800729529370444,0.005866571605981316,0.16171584700945396,0.006007110025223111,1.159923190628684,0.005666995850311112,2.8736706913460646,0.014051889819135032,3.600497299575121,0.01509548455285502,0.9848648344472348,0.004544120256620838,2.58501240467053,0.008893210292770175,3.2304934665984653,0.013348108062289428,1.9960704652413281,0.006134532660900806,0.49345,0.0015810031546458093,49345.0,0.18882,0.0012376065917730076,18882.0,0.06452,0.0007768987681802565,6452.0,100000
"zero underestimation in all views, overestimation off, window +-15%",single cell (new seed),zero_under,27,20261005,"72,1,27",100000,0.0,0.0,0.0,0.0,0/0,3,0.15,False,False,0.15,10.0,sinus,0.0,A2,Mean across views,SL,0.20651876054738605,0.003838097117307196,1.2137128771617203,0.003123796840268751,1.2311515811047509,0.003517892447550967,0.9521522033286092,0.0024680893193279913,-2.1214283151534783,0.013737461347727381,-1.708472115803554,0.009598419955605675,-0.5792218100817981,0.005298776790958359,0.18006007924461476,0.0051967098063356795,0.9554663168351363,0.005332458499546787,2.209597666099313,0.011372508819715974,2.6757280903282536,0.012195416810462302,0.7752091636191543,0.003587194112968239,1.9861298465348876,0.0059168832447279406,2.439505990357442,0.004332192671772545,1.9814830503392578,0.0036036425934711782,0.38568,0.00153925611124335,38568.0,0.09798,0.0009401059493482636,9798.0,0.02029,0.0004458510502398755,2029.0,100000
"zero underestimation in all views, overestimation off, window +-15%",single cell (new seed),zero_under,27,20261005,"72,1,27",100000,0.0,0.0,0.0,0.0,0/0,3,0.15,False,False,0.15,10.0,sinus,0.0,A3,Largest view mean,AP,1.3423841432887391,0.0058914467907490164,1.8630390572456308,0.0067011829124032805,2.296274157810962,0.007207096051415509,1.7468900728738241,0.0047130375490210845,-1.8874488666372795,0.014394687163588247,-1.3724165350776203,0.010025908916267399,0.13856908062535256,0.005423778286143562,1.1911103293532004,0.00648406823815636,2.359817038981177,0.007282557911097041,4.570670763181271,0.020735025141808482,5.53418046666077,0.013975977216595587,1.3924361164302046,0.0044929601090617785,3.673217760888112,0.009138065450546809,4.5869186085628275,0.010381854091118274,1.997548329741052,0.003924047850568747,0.62623,0.0015299215244580357,62623.0,0.33697,0.0014947281328054275,33697.0,0.16489,0.0011734619205581406,16489.0,100000
"zero underestimation in all views, overestimation off, window +-15%",single cell (new seed),zero_under,27,20261005,"72,1,27",100000,0.0,0.0,0.0,0.0,0/0,3,0.15,False,False,0.15,10.0,sinus,0.0,A3,Largest view mean,SL,1.0648209472437096,0.004343639769434365,1.3735795006701224,0.004094031833284174,1.7379716416396809,0.005053845180752848,1.3538983019258024,0.003446036404846964,-1.4144865948602336,0.011539338921691027,-1.0088730631756608,0.007975821551465598,0.16099038841353852,0.005941577729943338,0.9904759765795379,0.003907494876604338,1.8704139753181686,0.005547282294231475,3.379837920171731,0.0129233433710246,4.029313890266087,0.01401446841656476,1.1218825722404033,0.004371982692552607,2.777443183979899,0.0077474094927833794,3.391595454893459,0.013284202002506103,1.951467661286852,0.0058038308309559415,0.54739,0.001574020927116282,54739.0,0.22908,0.0013289181825831115,22908.0,0.07766,0.0008463387288786919,7766.0,100000
"zero underestimation in all views, overestimation off, window +-15%",single cell (new seed),zero_under,27,20261005,"72,1,27",100000,0.0,0.0,0.0,0.0,0/0,3,0.15,False,False,0.15,10.0,sinus,0.0,A4,Largest view mean after review,AP,1.3167370141799233,0.0058789047650368055,1.8590729204733327,0.006809291034536407,2.278138258891999,0.007114827550004002,1.7342036022746738,0.004671695213968038,-1.9342973073106846,0.017381759089214285,-1.4015201020362882,0.008098306891911664,0.12011603906583668,0.0056037564235561525,1.1721299065092623,0.006354985894114728,2.335668048206781,0.006524555877720334,4.5282327001569005,0.019565037669601236,5.484853545962778,0.021733604867674575,1.383461462312269,0.004686619152252859,3.6427856817325894,0.012527661381618482,4.549930142840283,0.016263159290769064,1.9972142274864382,0.004273958397876974,0.62403,0.0015317198147833696,62403.0,0.33394,0.0014913888708180706,33394.0,0.1622,0.001165723637917667,16220.0,100000
"zero underestimation in all views, overestimation off, window +-15%",single cell (new seed),zero_under,27,20261005,"72,1,27",100000,0.0,0.0,0.0,0.0,0/0,3,0.15,False,False,0.15,10.0,sinus,0.0,A4,Largest view mean after review,SL,1.055329765487381,0.004335991448994022,1.3711608893834917,0.004096576963302617,1.7302555584874546,0.005025040098887858,1.3484467152466506,0.0034285383309689546,-1.4264935265434966,0.01604622953022867,-1.018635716762144,0.00736609494826226,0.15465364261375725,0.004994734094087207,0.983880287199296,0.004146039745392378,1.8617447378370438,0.004675132852357272,3.35923054161988,0.01210619762488764,4.000797372383936,0.019207947885934287,1.1184678724687696,0.0037768003359111564,2.767632945059461,0.006773507302942638,3.3732258204215433,0.011786521524054006,1.9495535233941577,0.005290033834264629,0.54594,0.0015744507499442465,54594.0,0.22741,0.001325498743492426,22741.0,0.07661,0.0008410761434020109,7661.0,100000
