cell,u_anchor,u_long,anchor_mean_pct,long_mean_pct,combo,axis,estimand,cutoff_mm,estimator,nri_events_vs_A1_mcse,nri_nonevents_vs_A1_mcse,nri_vs_A1_mcse,ppv_mcse,prevalence_mcse,sensitivity_mcse,specificity_mcse,nri_events_vs_A1,nri_nonevents_vs_A1,nri_vs_A1,ppv,prevalence,sensitivity,specificity
0,0.03,0.1,2.4,8.0,2.4/8,AP,T1,7.0,A1,0.0,0.0,0.0,0.0007991804100379608,0.0012323226326737653,0.0009471467097770213,0.003061166268985854,0.0,0.0,0.0,0.9466278996270779,0.81327,0.9207643218119443,0.7738981417019226
0,0.03,0.1,2.4,8.0,2.4/8,AP,T1,7.0,A2,0.0007944964336811042,0.0025819549738275278,0.0027014285239488943,0.0007102925045238424,0.0012323226326737653,0.0009438474529885596,0.0027620972263071464,0.0006025059328390314,0.054035238044235,0.05463774397707403,0.9588841256638301,0.81327,0.9213668277447834,0.8279333797461575
0,0.03,0.1,2.4,8.0,2.4/8,AP,T1,7.0,A3,0.0007556919874763424,0.0025858963113263886,0.0026940545860964595,0.000931566583480906,0.0012323226326737653,0.0006021043904322327,0.003537763319364379,0.048827572638853026,-0.1462539495528303,-0.09742637691397728,0.9189693148577622,0.81327,0.9695918944507974,0.6276441921490923
0,0.03,0.1,2.4,8.0,2.4/8,AP,T1,7.0,A4,0.0007426460670898142,0.0025334597012256774,0.002640064627750326,0.0009263455408959398,0.0012323226326737653,0.0006187061833759291,0.0035238077857130705,0.047069238998118705,-0.13923847266106143,-0.09216923366294272,0.9202413103714356,0.81327,0.9678335608100631,0.6346596690408611
0,0.03,0.1,2.4,8.0,2.4/8,AP,T1,7.0,A5,0.0007375184023655904,0.002374795366103965,0.002486681810102925,0.0007192238051534404,0.0012323226326737653,0.0009760683614939721,0.0027779936163719664,-0.005410257356105598,0.05151823488459272,0.046107977528487123,0.9580453779133367,0.81327,0.9153540644558388,0.8254163765865153
0,0.03,0.1,2.4,8.0,2.4/8,AP,T1,7.0,A6,0.0009014792347623178,0.0028198671008020024,0.002960458626107304,0.0008408466341027831,0.0012323226326737653,0.0010635019864861054,0.0031319291638916423,-0.023251810591808378,-0.015369785251432552,-0.03862159584324093,0.9418201055470252,0.81327,0.897512511220136,0.75852835645049
0,0.03,0.1,2.4,8.0,2.4/8,AP,T1,7.0,A7,0.0007740138454761893,0.002635957566591282,0.0027472476637279484,0.0007852604751189223,0.0012323226326737653,0.0007946995678881138,0.003079205979553297,0.02492407195642284,-0.0038022813688212836,0.021121790587601556,0.9471324951048606,0.81327,0.9456883937683672,0.7700958603331013
0,0.03,0.1,2.4,8.0,2.4/8,AP,T1,10.0,A1,0.0,0.0,0.0,0.0015262328603971023,0.0015811364365544169,0.0015434072884299651,0.0015141585290245462,0.0,0.0,0.0,0.8665069072455597,0.49913,0.8620800192334662,0.8676502884980135
0,0.03,0.1,2.4,8.0,2.4/8,AP,T1,10.0,A2,0.0013132946896057692,0.0012794405113361743,0.0018334969222212742,0.0013662619916704434,0.0015811364365544169,0.001565513049092908,0.0012980884020103909,-0.004768296836495503,0.03929163255934674,0.03452333572285124,0.9017744246817837,0.49913,0.8573117223969707,0.9069419210573602
0,0.03,0.1,2.4,8.0,2.4/8,AP,T1,10.0,A3,0.0012249354663264325,0.0013138138874451706,0.0017962666359725512,0.0016382112229408245,0.0015811364365544169,0.0010323985338457375,0.00187445732070982,0.08154188287620459,-0.09559366701938626,-0.014051784143181673,0.8048909699911135,0.49913,0.9436219021096708,0.7720566214786272
0,0.03,0.1,2.4,8.0,2.4/8,AP,T1,10.0,A4,0.0011836414300947448,0.001235911234049373,0.0017112812783076242,0.001626505823040219,0.0015811364365544169,0.001081598606948007,0.0018382072355628712,0.07565163384288662,-0.08347475392816499,-0.00782312008527837,0.812375249500998,0.49913,0.9377316530763529,0.7841755345698485
0,0.03,0.1,2.4,8.0,2.4/8,AP,T1,10.0,A5,0.0012146569386476964,0.0011714536301449996,0.0016875115069785128,0.0013825188747603266,0.0015811364365544169,0.0016052680168931173,0.0013029481622823778,-0.013683809829102635,0.03851298740192066,0.024829177572818027,0.9000977766441355,0.49913,0.8483962094043636,0.9061632758999341
0,0.03,0.1,2.4,8.0,2.4/8,AP,T1,10.0,A6,0.001440717067598639,0.001373895894898741,0.0019907927061574324,0.0016191783184728162,0.0015811364365544169,0.0016633037964776903,0.0015903038531520594,-0.02754793340412317,-0.01647133986862858,-0.04401927327275175,0.8482121039341859,0.49913,0.834532085829343,0.8511789486293849
0,0.03,0.1,2.4,8.0,2.4/8,AP,T1,10.0,A7,0.0012737713513821932,0.0012901572959640793,0.0018130083573804517,0.0014599056898623598,0.0015811364365544169,0.0013111086692907752,0.001503442325205511,0.04313505499569251,0.0021961786491504764,0.04533123364484298,0.8739095955590801,0.49913,0.9052150742291587,0.869846467147164
0,0.03,0.1,2.4,8.0,2.4/8,AP,T1,13.0,A1,0.0,0.0,0.0,0.0025267276003571757,0.0013782075184818868,0.0024063792216005037,0.0009851320146820894,0.0,0.0,0.0,0.7814579439252336,0.25494,0.8199576370910803,0.9215365205486806
0,0.03,0.1,2.4,8.0,2.4/8,AP,T1,13.0,A2,0.0020060665224064683,0.0008149788007057328,0.002165292898875285,0.002327682131373121,0.0013782075184818868,0.0024727844633108302,0.00080820033914323,-0.013179571663920926,0.027165597401551556,0.01398602573763063,0.8432964329643297,0.25494,0.8067780654271594,0.9487021179502322
0,0.03,0.1,2.4,8.0,2.4/8,AP,T1,13.0,A3,0.0018465596733526683,0.0008677351227315906,0.002040281076340787,0.0025119355954498507,0.0013782075184818868,0.0017359855725526214,0.0012640380883608456,0.09617949321408958,-0.059659624728209806,0.03651986848587978,0.6941480666924242,0.25494,0.9161371303051699,0.8618768958204709
0,0.03,0.1,2.4,8.0,2.4/8,AP,T1,13.0,A4,0.0017582758045558968,0.000768604832838724,0.0019189286578582669,0.0025127291211838433,0.0013782075184818868,0.0018258580260361705,0.001209978768523212,0.08625558955048247,-0.04614393471666711,0.04011165483381536,0.7133417729335845,0.25494,0.9062132266415627,0.8753925858320135
0,0.03,0.1,2.4,8.0,2.4/8,AP,T1,13.0,A5,0.0018533229435265428,0.0007463530494538047,0.001997961162643279,0.002365963127758277,0.0013782075184818868,0.0025272488079604513,0.0008160538756888143,-0.02471169686985173,0.02610528011166886,0.0013935832418171291,0.8386349534643226,0.25494,0.7952459402212285,0.9476418006603495
0,0.03,0.1,2.4,8.0,2.4/8,AP,T1,13.0,A6,0.0022028267558414174,0.0008960512514091699,0.002378098728270709,0.002646932798996891,0.0013782075184818868,0.002548907333872843,0.0010570210646375705,-0.029497136581156352,-0.013180146565377283,-0.042677283146533636,0.7469236471460341,0.25494,0.7904605005099239,0.9083563739833034
0,0.03,0.1,2.4,8.0,2.4/8,AP,T1,13.0,A7,0.0019523477417328313,0.0008118978008006325,0.00211443603440591,0.002399765866067588,0.0013782075184818868,0.002117766533320934,0.000956254027953744,0.048364321016709816,0.004925777789708211,0.053290098806418024,0.8016005214368482,0.25494,0.8683219581077901,0.9264622983383889
0,0.03,0.1,2.4,8.0,2.4/8,SL,T1,7.0,A1,0.0,0.0,0.0,0.001901496870467535,0.0015533496422248277,0.0017796857912327994,0.001409378995960076,0.0,0.0,0.0,0.8098570053300148,0.40667,0.8481323923574396,0.8635160871690291
0,0.03,0.1,2.4,8.0,2.4/8,SL,T1,7.0,A2,0.0015213826277039803,0.0011704855030871455,0.0019195419799568428,0.0017486127865147681,0.0015533496422248277,0.001804287170722329,0.0012097872728619454,-0.0051884820616224445,0.040415957393019064,0.03522747533139662,0.8574287143571786,0.40667,0.8429439102958173,0.9039320445620481
0,0.03,0.1,2.4,8.0,2.4/8,SL,T1,7.0,A3,0.001399886146082891,0.001204744509722132,0.0018469137921680126,0.0019403180012046697,0.0015533496422248277,0.0012185212880703414,0.0017320211075106371,0.0873189564019967,-0.09517469199265165,-0.007855735590654944,0.7345858999362774,0.40667,0.9354513487594364,0.7683413951763775
0,0.03,0.1,2.4,8.0,2.4/8,SL,T1,7.0,A4,0.0013745981926973079,0.0011725010893115402,0.0018067315782382986,0.0019396841631500747,0.0015533496422248277,0.0012482898173418132,0.0017172396212425556,0.08387636166916665,-0.08959600896634251,-0.005719647297175862,0.7386000467690389,0.40667,0.9320087540266063,0.7739200782026865
0,0.03,0.1,2.4,8.0,2.4/8,SL,T1,7.0,A5,0.0013997993879765324,0.0010813950655877153,0.0017688565839142907,0.001782798704984833,0.0015533496422248277,0.0018382996325295256,0.001233885134114987,-0.01261465069958443,0.0360676183574065,0.023452967657822073,0.8508112980769231,0.40667,0.8355177416578553,0.8995837055264355
0,0.03,0.1,2.4,8.0,2.4/8,SL,T1,7.0,A6,0.0016770127763758662,0.0012752569995386892,0.002106810923410146,0.0019950798844836338,0.0015533496422248277,0.0019398658906850642,0.0014606025295488098,-0.0367374037917722,-0.012202315743346875,-0.048939719535119074,0.789043257849303,0.40667,0.8113949885656675,0.8513137714256822
0,0.03,0.1,2.4,8.0,2.4/8,SL,T1,7.0,A7,0.0014577927088470115,0.001171905991347317,0.0018704339695704967,0.0018172759869814058,0.0015533496422248277,0.0015680830561714187,0.0013767340241133195,0.039171810067130594,0.007348355889639835,0.04652016595677043,0.8248525579481553,0.40667,0.8873042024245703,0.8708644430586688
0,0.03,0.1,2.4,8.0,2.4/8,SL,T1,10.0,A1,0.0,0.0,0.0,0.0035926711464213806,0.0011093125614541647,0.0033856476944765057,0.0007898537931513738,0.0,0.0,0.0,0.7012506931181073,0.14371,0.7920116902094496,0.9433719884618529
0,0.03,0.1,2.4,8.0,2.4/8,SL,T1,10.0,A2,0.002963369116143694,0.0006529416694005324,0.0030344504184701736,0.0034455229961347987,0.0011093125614541647,0.0034430565724403875,0.000642585622278204,-0.009811425788045364,0.019923156874423385,0.010111731086378022,0.7814933259176863,0.14371,0.7822002644214042,0.9632951453362762
0,0.03,0.1,2.4,8.0,2.4/8,SL,T1,10.0,A3,0.002669117494611672,0.0006980644410954962,0.002758891473756091,0.003326549121726656,0.0011093125614541647,0.0024133268355131135,0.0010263801698642708,0.11578874121494677,-0.04363007859486856,0.07215866262007821,0.6031158984790347,0.14371,0.9078004314243964,0.8997419098669843
0,0.03,0.1,2.4,8.0,2.4/8,SL,T1,10.0,A4,0.0025765499129829054,0.0006467001136857654,0.0026564695539631916,0.003359228979298076,0.0011093125614541647,0.0025155476542953648,0.0009964407365402436,0.10681233038758611,-0.03719534269931916,0.06961698768826696,0.6165338170015751,0.14371,0.8988240205970357,0.9061766457625338
0,0.03,0.1,2.4,8.0,2.4/8,SL,T1,10.0,A5,0.0026834210793936887,0.0006037852662865831,0.002750510014000885,0.0034956438879754836,0.0011093125614541647,0.0035096061142539225,0.0006502026588936757,-0.02184955813791664,0.019012250522603323,-0.0028373076153133184,0.7745818461753796,0.14371,0.770162132071533,0.9623842389844562
0,0.03,0.1,2.4,8.0,2.4/8,SL,T1,10.0,A6,0.0030903230803919486,0.0007190579060168223,0.003172875826975975,0.003680951175620015,0.0011093125614541647,0.00356224767203679,0.0008565420519325316,-0.03193932224619025,-0.010732345350290204,-0.04267166759648045,0.6544245401713499,0.14371,0.7600723679632594,0.9326396431115627
0,0.03,0.1,2.4,8.0,2.4/8,SL,T1,10.0,A7,0.0028489351367901356,0.0006574127792703723,0.0029238028278229405,0.0034249735904134937,0.0011093125614541647,0.0029765177848149293,0.0007570743969712397,0.05824229350775868,0.004869845496268788,0.06311213900402747,0.7338298000120113,0.14371,0.8502539837172083,0.9482418339581217
0,0.03,0.1,2.4,8.0,2.4/8,SL,T1,13.0,A1,0.0,0.0,0.0,0.00647042779013234,0.0006601148718215641,0.00631874029198785,0.0004858924602676541,0.0,0.0,0.0,0.611953455571227,0.04566,0.7601839684625493,0.9769369407129534
0,0.03,0.1,2.4,8.0,2.4/8,SL,T1,13.0,A2,0.0055805178749953315,0.00040593415304828595,0.005595262486224703,0.006537325584310311,0.0006601148718215641,0.006429525706523632,0.0003851886215429478,-0.012702584318878676,0.00869711004463818,-0.004005474274240497,0.7134197324414716,0.04566,0.7474813841436706,0.9856340507575916
0,0.03,0.1,2.4,8.0,2.4/8,SL,T1,13.0,A3,0.00500328187767855,0.0004474859239046751,0.005023253248602882,0.005544268074419193,0.0006601148718215641,0.004596883509968128,0.0006533873862508882,0.13162505475251862,-0.01948990925665905,0.11213514549585957,0.5006762572236567,0.04566,0.8918090232150679,0.9574470314562944
0,0.03,0.1,2.4,8.0,2.4/8,SL,T1,13.0,A4,0.004716935496351445,0.00038849587709943647,0.004732907090073026,0.00573085930156988,0.0006601148718215641,0.004895224177988654,0.0006164052932719747,0.11476127901883487,-0.01461743194249429,0.10014384707634058,0.5262811223817678,0.04566,0.8749452474813841,0.9623195087704591
0,0.03,0.1,2.4,8.0,2.4/8,SL,T1,13.0,A5,0.00503783124463955,0.0003710972924522842,0.00505148065916637,0.006627949813503092,0.0006601148718215641,0.006562034189900823,0.000388907186712384,-0.029128339903635572,0.008414192007041514,-0.020714147896594058,0.7048141891891891,0.04566,0.7310556285589137,0.985351132719995
0,0.03,0.1,2.4,8.0,2.4/8,SL,T1,13.0,A6,0.005610671923874418,0.0004584273817551465,0.005629368978997161,0.006348514771988377,0.0006601148718215641,0.006556958295867383,0.0005478782848507139,-0.028471309680245284,-0.006454722635538698,-0.03492603231578398,0.5425462812601494,0.04566,0.731712658782304,0.9704822180774147
0,0.03,0.1,2.4,8.0,2.4/8,SL,T1,13.0,A7,0.005310047398912835,0.0004053556103735227,0.005325496835935804,0.0062507308681934845,0.0006601148718215641,0.005561205598615228,0.0004618551557436156,0.06964520367936924,0.0022738227466102233,0.07191902642597947,0.6563311969513251,0.04566,0.8298291721419185,0.9792107634595637
1,0.03,0.25,2.4,20.0,2.4/20,AP,T1,7.0,A1,0.0,0.0,0.0,0.0008095181207977971,0.0012282637355226279,0.0009521164486026763,0.0031186519396584895,0.0,0.0,0.0,0.945007692113692,0.81486,0.9196794541393614,0.7644485254402074
1,0.03,0.25,2.4,20.0,2.4/20,AP,T1,7.0,A2,0.001042473371099562,0.0027648607051170538,0.002954861324690561,0.0006144694552099562,0.0012282637355226279,0.0012454606482147203,0.0022702724885852264,-0.06810985936234445,0.12871340607108134,0.06060354670873688,0.9722848855945859,0.81486,0.8515695947770169,0.8931619315112888
1,0.03,0.25,2.4,20.0,2.4/20,AP,T1,7.0,A3,0.000638560720642881,0.002074378211023416,0.002170438839570621,0.0008898534122991982,0.0012282637355226279,0.0007331715236666449,0.00343627610190301,0.03441081903639889,-0.08728529761261748,-0.05287447857621859,0.9286089677743007,0.81486,0.9540902731757602,0.67716322782759
1,0.03,0.25,2.4,20.0,2.4/20,AP,T1,7.0,A4,0.0006244355133515591,0.0020223524612238914,0.00211656069786646,0.000885967270310291,0.0012282637355226279,0.0007449034012870231,0.0034228359242670595,0.03285226910144074,-0.08253213784163335,-0.04967986874019261,0.9294789658351994,0.81486,0.9525317232408022,0.6819163875985741
1,0.03,0.25,2.4,20.0,2.4/20,AP,T1,7.0,A5,0.00100331183932432,0.0025645307777961888,0.002753806957139929,0.0006486598819628572,0.0012282637355226279,0.0012557470136883133,0.0023832946960049683,-0.07110423876494121,0.11612833531381657,0.04502409654887536,0.9690153872025561,0.81486,0.8485752153744202,0.880576860754024
1,0.03,0.25,2.4,20.0,2.4/20,AP,T1,7.0,A6,0.0008985652427870682,0.0028118469245566663,0.0029519320152543767,0.0008439462409765196,0.0012282637355226279,0.0010706241031505843,0.003163938617763472,-0.02395503522077412,-0.010154477692556979,-0.0341095129133311,0.9413319920555082,0.81486,0.8957244189185872,0.7542940477476504
1,0.03,0.25,2.4,20.0,2.4/20,AP,T1,7.0,A7,0.0007841628451514535,0.002760372465078941,0.0028695936147270077,0.0008148538321451076,0.0012282637355226279,0.0008180905583593793,0.0031922761292276303,0.022433301426011826,-0.01679809873609161,0.005635202689920217,0.9426333173708574,0.81486,0.9421127555653732,0.7476504267041159
1,0.03,0.25,2.4,20.0,2.4/20,AP,T1,10.0,A1,0.0,0.0,0.0,0.0015354442892314265,0.0015811381609460952,0.0015321086706497602,0.001534257486204149,0.0,0.0,0.0,0.8634709223262139,0.49954,0.8643351883733035,0.8635855013387683
1,0.03,0.25,2.4,20.0,2.4/20,AP,T1,10.0,A2,0.0016882435654149092,0.0013755453786762246,0.0021776802852949656,0.0012215468510651084,0.0015811381609460952,0.0019566138295681874,0.0009728839638161204,-0.12193217760339511,0.0865603644646925,-0.03537181313870262,0.9369647052878907,0.49954,0.7424030107699083,0.9501458658034608
1,0.03,0.25,2.4,20.0,2.4/20,AP,T1,10.0,A3,0.0009898405637664967,0.0010195205709707833,0.0014209878733860357,0.0016085106722373058,0.0015811381609460952,0.0012414716681847162,0.0017587675005422791,0.05160747888057012,-0.055049354593773726,-0.0034418757132036043,0.8268427995735222,0.49954,0.9159426672538735,0.8085361467449946
1,0.03,0.25,2.4,20.0,2.4/20,AP,T1,10.0,A4,0.0009498146672791231,0.0009519160532825475,0.0013447275094514773,0.001598638040239074,0.0015811381609460952,0.0012698641811478724,0.001732197291935996,0.04730351923769868,-0.04761619310234584,-0.00031267386464715885,0.8317808219178082,0.49954,0.9116387076110021,0.8159693082364224
1,0.03,0.25,2.4,20.0,2.4/20,AP,T1,10.0,A5,0.001593416269257474,0.0012786754962377004,0.0020430336345281094,0.001307870356386254,0.0015811381609460952,0.0019505168933162795,0.001058640942158796,-0.11948993073627738,0.0767693721775966,-0.042720558558680774,0.9257333366506606,0.49954,0.744845257637026,0.9403548735163649
1,0.03,0.25,2.4,20.0,2.4/20,AP,T1,10.0,A6,0.0014275367637979674,0.0013959671412057564,0.001996643551393424,0.0016360787804472535,0.0015811381609460952,0.0016683412261906093,0.0016152586165511596,-0.03122873043199744,-0.01800343683810894,-0.04923216727010638,0.8433883878812443,0.49954,0.833106457941306,0.8455820645006594
1,0.03,0.25,2.4,20.0,2.4/20,AP,T1,10.0,A7,0.001272248166738716,0.0013317173465902915,0.0018417617894232441,0.001499494745078342,0.0015811381609460952,0.001330183996093486,0.0015567444060597278,0.0376746606878328,-0.004815569675898176,0.03285909101193463,0.8644080802655054,0.49954,0.9020098490611362,0.8587699316628702
1,0.03,0.25,2.4,20.0,2.4/20,AP,T1,13.0,A1,0.0,0.0,0.0,0.002504286490748631,0.0013797862555483004,0.002368656248507841,0.0009827015085040918,0.0,0.0,0.0,0.7846987638739374,0.25583,0.8262908962983231,0.922060819436419
1,0.03,0.25,2.4,20.0,2.4/20,AP,T1,13.0,A2,0.0026358790732108096,0.0008884335478780136,0.0027815773686140372,0.002188652615106717,0.0013797862555483004,0.0029514918352203916,0.0005789541811134653,-0.16155259351913379,0.05234019108537028,-0.10921240243376351,0.8992649780551002,0.25583,0.6647383027791893,0.9744010105217894
1,0.03,0.25,2.4,20.0,2.4/20,AP,T1,13.0,A3,0.0015067699670035576,0.0006667214997806876,0.0016476872554382737,0.0025147583127616536,0.0013797862555483004,0.001970101694525799,0.001156923315045166,0.061916116170894736,-0.03425292607871857,0.027663190092176167,0.7313014933058702,0.25583,0.8882070124692178,0.8878078933577005
1,0.03,0.25,2.4,20.0,2.4/20,AP,T1,13.0,A4,0.001409949630885561,0.0005865922764808273,0.0015271046003667492,0.0025091872638989226,0.0013797862555483004,0.0020314099196660587,0.0011201374389679334,0.053746628620568344,-0.026297754545332383,0.02744887407523596,0.7437481417858677,0.25583,0.8800375249188914,0.8957630648910867
1,0.03,0.25,2.4,20.0,2.4/20,AP,T1,13.0,A5,0.0024677791729215796,0.000824175351155214,0.002601768447759588,0.0022870743999623302,0.0013797862555483004,0.0029320868909562324,0.0006263472649668739,-0.15291404448266427,0.047838531518335864,-0.1050755129643284,0.8849334771664868,0.25583,0.6733768518156589,0.969899350954755
1,0.03,0.25,2.4,20.0,2.4/20,AP,T1,13.0,A6,0.002177790676332216,0.0009052475082508451,0.0023584412821000852,0.0026330433050801923,0.0013797862555483004,0.0025206606679523814,0.0010622502998190663,-0.030567173513661415,-0.014593439671042905,-0.045160613184704324,0.7472378225599237,0.25583,0.7957237227846616,0.9074673797653762
1,0.03,0.25,2.4,20.0,2.4/20,AP,T1,13.0,A7,0.001963988931504834,0.0008498771576027695,0.0021399868471765108,0.0024112359818624805,0.0013797862555483004,0.0020654956055472158,0.0009864142842412537,0.049016925301958336,-0.0006450139081123907,0.048371911393845946,0.7929251797032683,0.25583,0.8753078216002814,0.9214158055283067
1,0.03,0.25,2.4,20.0,2.4/20,SL,T1,7.0,A1,0.0,0.0,0.0,0.0018936462855633227,0.0015536671458198502,0.0017774583192865041,0.001402282919690989,0.0,0.0,0.0,0.8122310785074416,0.4072,0.8483546168958742,0.8652834008097166
1,0.03,0.25,2.4,20.0,2.4/20,SL,T1,7.0,A2,0.0018875822498878993,0.001229836351576884,0.0022528790916850833,0.0016557373097079596,0.0015536671458198502,0.002191854639919006,0.0009506390785743025,-0.11517681728880157,0.07791835357624832,-0.037258463712553244,0.8986514959966287,0.4072,0.7331777996070727,0.9432017543859649
1,0.03,0.25,2.4,20.0,2.4/20,SL,T1,7.0,A3,0.0011880496577396646,0.0009538163703201822,0.0015235575662068373,0.0019269379873673744,0.0015536671458198502,0.0014211960827351855,0.0016174577415256038,0.06122298624754421,-0.05720310391363023,0.004019882333913975,0.7650108437467726,0.4072,0.9095776031434185,0.8080802968960864
1,0.03,0.25,2.4,20.0,2.4/20,SL,T1,7.0,A4,0.0011648143333427743,0.0009254068250157472,0.0014876727539840534,0.0019250264695309684,0.0015536671458198502,0.0014389322278006076,0.0016059138780784576,0.05869351669941061,-0.053643724696356275,0.005049792003054332,0.7678634539822456,0.4072,0.9070481335952849,0.8116396761133603
1,0.03,0.25,2.4,20.0,2.4/20,SL,T1,7.0,A5,0.0017803745190562764,0.0011420488936369946,0.0021151853591499614,0.0017334126991228427,0.0015536671458198502,0.0021901835760547387,0.0010138503460395078,-0.11453831041257367,0.06953441295546559,-0.04500389745710809,0.8854941472810787,0.4072,0.7338163064833005,0.9348178137651821
1,0.03,0.25,2.4,20.0,2.4/20,SL,T1,7.0,A6,0.001654563464157042,0.0012669300358922578,0.002083912659582764,0.0019872701098765867,0.0015536671458198502,0.0019219529522490422,0.0014633649162847716,-0.03278487229862475,-0.01449055330634278,-0.04727542560496753,0.7896801807157294,0.4072,0.8155697445972495,0.8507928475033738
1,0.03,0.25,2.4,20.0,2.4/20,SL,T1,7.0,A7,0.0014754628792637665,0.0012288702202948906,0.0019201855968663385,0.001863336767479175,0.0015536671458198502,0.0015777374589202957,0.0014425352675598712,0.03718074656188605,-0.009412955465587049,0.027767791096299003,0.8084433782480999,0.4072,0.8855353634577603,0.8558704453441296
1,0.03,0.25,2.4,20.0,2.4/20,SL,T1,10.0,A1,0.0,0.0,0.0,0.0035797973976271877,0.0011095373432201368,0.0033516135314482615,0.0007932760492788243,0.0,0.0,0.0,0.7008985879332478,0.14378,0.7974683544303798,0.9428534722384434
1,0.03,0.25,2.4,20.0,2.4/20,SL,T1,10.0,A2,0.0035809295466013706,0.0007054270308447168,0.0036497511851589404,0.0034601698634929615,0.0011095373432201368,0.004010731665231694,0.00046981964085399016,-0.16066212268743912,0.03787577958935788,-0.12278634309808124,0.8473070516379789,0.14378,0.6368062317429406,0.9807292518278012
1,0.03,0.25,2.4,20.0,2.4/20,SL,T1,10.0,A3,0.002203750176125143,0.0005242921983387587,0.002265258737542025,0.003429357595237906,0.0011095373432201368,0.002776892918516495,0.0009337963524272606,0.07553206287383503,-0.024117633318539628,0.051414429555295404,0.643362378267555,0.14378,0.8730004173042147,0.9187358389199037
1,0.03,0.25,2.4,20.0,2.4/20,SL,T1,10.0,A4,0.0020957958164888823,0.0004835590011929839,0.0021508578316678808,0.003448437355296507,0.0011095373432201368,0.0028479958860345715,0.0009142393067654547,0.0677423841980804,-0.020438672303847143,0.047303711894233255,0.6518891159670911,0.14378,0.8652107386284601,0.9224147999345963
1,0.03,0.25,2.4,20.0,2.4/20,SL,T1,10.0,A5,0.003353331008312858,0.0006540989075613846,0.0034165295596826797,0.003608413356733904,0.0011095373432201368,0.003995859244549011,0.0005168046675136389,-0.15454166087077478,0.03372964892200603,-0.12081201194876875,0.8217619343941683,0.14378,0.642926693559605,0.9765831211604494
1,0.03,0.25,2.4,20.0,2.4/20,SL,T1,10.0,A6,0.0030629254175674036,0.0007273289931105463,0.0031480977713215412,0.0036672756446070177,0.0011095373432201368,0.0035328194437565957,0.0008560581783486947,-0.031854221727639444,-0.0101259022213917,-0.04198012394903114,0.6564885496183206,0.14378,0.7656141327027403,0.9327275700170516
1,0.03,0.25,2.4,20.0,2.4/20,SL,T1,10.0,A7,0.002807246977923466,0.0006677621705253915,0.0028855747974095586,0.0034592310687909557,0.0011095373432201368,0.0029933099784999417,0.0007947212039988165,0.05063291139240506,-0.00022190558501319901,0.050411005807391863,0.7128492926458553,0.14378,0.8481012658227848,0.9426315666534302
1,0.03,0.25,2.4,20.0,2.4/20,SL,T1,13.0,A1,0.0,0.0,0.0,0.006414994029157003,0.000664775183050631,0.006256083992628817,0.0004904210842361557,0.0,0.0,0.0,0.6118523652746491,0.04634,0.7619766940008632,0.9765115449950716
1,0.03,0.25,2.4,20.0,2.4/20,SL,T1,13.0,A2,0.00662745853449001,0.0004411531326699513,0.006642124864292223,0.0070496808948319785,0.000664775183050631,0.007277242622730331,0.0002754295508528986,-0.19421665947345707,0.016200742402952835,-0.17801591707050424,0.791040288634997,0.04634,0.5677600345274061,0.9927122873980244
1,0.03,0.25,2.4,20.0,2.4/20,SL,T1,13.0,A3,0.004025643784494052,0.0003332590598324289,0.004039414497250312,0.0058802283873521,0.000664775183050631,0.005333638998649767,0.0005884731498747735,0.08178679326715581,-0.010706121678585659,0.07108067158857015,0.5452517082694185,0.04634,0.843763487268019,0.965805423316486
1,0.03,0.25,2.4,20.0,2.4/20,SL,T1,13.0,A4,0.003830332137927603,0.0002873583459210865,0.0038410960813043383,0.00598424722946572,0.000664775183050631,0.0054480340151163865,0.0005649579726555793,0.073370738023306,-0.007937839481576243,0.06543289854172976,0.5636284216656959,0.04634,0.8353474320241692,0.9685737055134954
1,0.03,0.25,2.4,20.0,2.4/20,SL,T1,13.0,A5,0.006132009474146711,0.0004133054478902816,0.006145922354234621,0.0071858334669034,0.000664775183050631,0.007253293466086314,0.00030328248074645885,-0.18321104876996114,0.014638340708428581,-0.16857270806153254,0.7606352807714124,0.04634,0.578765645230902,0.9911498857035002
1,0.03,0.25,2.4,20.0,2.4/20,SL,T1,13.0,A6,0.005545904215589297,0.0004693807406221628,0.005565731923849562,0.00637542906288412,0.000664775183050631,0.006541043048469796,0.0005376748138212129,-0.03452740612861458,-0.004886437514418137,-0.039413843643032714,0.5547144972848445,0.04634,0.7274492878722486,0.9716251074806534
1,0.03,0.25,2.4,20.0,2.4/20,SL,T1,13.0,A7,0.005406621253491714,0.0004302956991810493,0.00542371715407819,0.006217082125893375,0.000664775183050631,0.005606130800495856,0.00048091835757273877,0.06107034958998706,0.0009227607323364726,0.06199311032232353,0.6392893060677171,0.04634,0.8230470435908502,0.9774343057274081
2,0.03,0.5,2.4,40.0,2.4/40,AP,T1,7.0,A1,0.0,0.0,0.0,0.0008135818074395038,0.0012331354244364244,0.0009459563555305326,0.0031024472518094382,0.0,0.0,0.0,0.9444367360839566,0.81295,0.9210160526477643,0.764501470195135
2,0.03,0.5,2.4,40.0,2.4/40,AP,T1,7.0,A2,0.0014925000919756822,0.0029685402396853453,0.003322617594484588,0.0005069416619656546,0.0012331354244364244,0.0016042271599552994,0.0015448238892224503,-0.21906636324497203,0.18866613205025395,-0.030400231194718075,0.9848811722269205,0.81295,0.7019496894027923,0.9531676022453889
2,0.03,0.5,2.4,40.0,2.4/40,AP,T1,7.0,A3,0.0005077321252372664,0.0016228847179456983,0.0017004548564250803,0.0008645093625725648,0.0012331354244364244,0.0008169285544493786,0.0033091460971549653,0.021415831231933084,-0.051964715316760224,-0.03054888408482714,0.9344204312615865,0.81295,0.9424318838796975,0.7125367548783748
2,0.03,0.5,2.4,40.0,2.4/40,AP,T1,7.0,A4,0.0004967635519326263,0.0015721955813113094,0.0016488095622064804,0.0008611925512880248,0.0012331354244364244,0.0008231264583670382,0.0032974689232108433,0.02048096438895381,-0.04859663191659984,-0.028115667527646028,0.9350787387145248,0.81295,0.9414970170367182,0.7159048382785351
2,0.03,0.5,2.4,40.0,2.4/40,AP,T1,7.0,A5,0.0014579191290799611,0.0027742345839149793,0.0031339919772595446,0.0006128992883340967,0.0012331354244364244,0.0015930040624951914,0.0018836666123402256,-0.2119687557660373,0.1640203154236835,-0.04794844034235379,0.9773309143932586,0.81295,0.7090472968817271,0.9285217856188185
2,0.03,0.5,2.4,40.0,2.4/40,AP,T1,7.0,A6,0.0008993824818648374,0.0027687234430020516,0.002911136951865111,0.0008505696405217855,0.0012331354244364244,0.0010615749626061532,0.0031573995815809513,-0.023039547327633924,-0.012456562416466185,-0.03549610974410011,0.9402619817359832,0.81295,0.8979765053201304,0.7520449077786688
2,0.03,0.5,2.4,40.0,2.4/40,AP,T1,7.0,A7,0.0008811668594267097,0.0032103029535169103,0.0033290389134870936,0.0009283750972865376,0.0012331354244364244,0.0008839697957984911,0.0034530951799500486,0.010812473091826064,-0.10029403902699814,-0.08948156593517208,0.9234341858253895,0.81295,0.9318285257395904,0.6642074311681369
2,0.03,0.5,2.4,40.0,2.4/40,AP,T1,10.0,A1,0.0,0.0,0.0,0.0015201428006078595,0.0015811384202529517,0.0015246382551047225,0.001520311319010391,0.0,0.0,0.0,0.8667800680408245,0.50036,0.8656367415460868,0.866764070130494
2,0.03,0.5,2.4,40.0,2.4/40,AP,T1,10.0,A2,0.0021630839955154766,0.0014530963537457027,0.002605843699250639,0.0011528108881981589,0.0015811384202529517,0.0022308520454177236,0.0006434815678915151,-0.33423934766967783,0.11210071251300936,-0.22213863515666848,0.9618014107433532,0.50036,0.5313973938764089,0.9788647826435033
2,0.03,0.5,2.4,40.0,2.4/40,AP,T1,10.0,A3,0.0007501721447609819,0.0007878916225830243,0.0010879023190120529,0.0015747721467076657,0.0015811384202529517,0.0013725502984333418,0.0016616934546026707,0.028999120633144138,-0.032043071011128015,-0.003043950377983877,0.8442533288069103,0.50036,0.894635862179231,0.8347209991193659
2,0.03,0.5,2.4,40.0,2.4/40,AP,T1,10.0,A4,0.0007130297780357403,0.0007274598466572682,0.00101863108771739,0.0015660463275073934,0.0015811384202529517,0.0013889296051766223,0.001641824643270834,0.026121192741226318,-0.02717956928988872,-0.0010583765486624035,0.8477248978816377,0.50036,0.8917579342873131,0.8395845008406052
2,0.03,0.5,2.4,40.0,2.4/40,AP,T1,10.0,A5,0.0020609200071124087,0.0013579725261673148,0.002468092513975408,0.001319908597059759,0.0015811384202529517,0.0022103611649559535,0.0008138113456404282,-0.2912103285634343,0.09897125930670082,-0.1922390692567335,0.9437840677743482,0.50036,0.5744264129826525,0.9657353294371948
2,0.03,0.5,2.4,40.0,2.4/40,AP,T1,10.0,A6,0.0014101136374951157,0.0013969243303406879,0.0019848974924029416,0.0016175646778382215,0.0015811384202529517,0.0016564688621409248,0.001598709940158224,-0.029918458709729,-0.017052277639900727,-0.04697073634962973,0.8477648251393817,0.50036,0.8357182828363579,0.8497117924905933
2,0.03,0.5,2.4,40.0,2.4/40,AP,T1,10.0,A7,0.001368174032689301,0.0016535466150698363,0.0021461865230995693,0.0016581778123736426,0.0015811384202529517,0.001377702657274003,0.0018009596055632395,0.028099768166919822,-0.07021055159714995,-0.04211078343023013,0.8147911959769696,0.50036,0.8937365097130067,0.796553518533344
2,0.03,0.5,2.4,40.0,2.4/40,AP,T1,13.0,A1,0.0,0.0,0.0,0.002507596139855451,0.001381691904514172,0.0023876930575501983,0.0009852331110573982,0.0,0.0,0.0,0.7840457533330858,0.25691,0.8217663773305827,0.921745683564575
2,0.03,0.5,2.4,40.0,2.4/40,AP,T1,13.0,A2,0.0031188443674353143,0.0009463966432878522,0.0032592724333368483,0.0022210945401586156,0.001381691904514172,0.003094784948143663,0.00036836898513561544,-0.38453154801292283,0.06806712511270506,-0.31646442290021776,0.9368640533778149,0.25691,0.4372348293176599,0.98981280867728
2,0.03,0.5,2.4,40.0,2.4/40,AP,T1,13.0,A3,0.0011713556809821973,0.0005024153855687701,0.0012745569234151463,0.0025202214128214563,0.001381691904514172,0.0021754219487391206,0.001087579516683554,0.03658868864582928,-0.01912285187527756,0.01746583677055172,0.7529363561868342,0.25691,0.858355065976412,0.9026228316892974
2,0.03,0.5,2.4,40.0,2.4/40,AP,T1,13.0,A4,0.0010953911380424503,0.00043762290390735373,0.0011795743093702233,0.0025122920816846176,0.001381691904514172,0.0022054614390727054,0.001063854019393959,0.03183994394924292,-0.0144397044772504,0.017400239471992523,0.7609827191338746,0.25691,0.8536063212798256,0.9073059790873246
2,0.03,0.5,2.4,40.0,2.4/40,AP,T1,13.0,A5,0.002979965536770061,0.0008890512587215443,0.0031097599169343667,0.0024603266766734084,0.001381691904514172,0.0031192140119749175,0.00048221758936342276,-0.328052625433031,0.060665599052604664,-0.26738702638042633,0.9065828032306483,0.25691,0.4937137518975517,0.9824112826171796
2,0.03,0.5,2.4,40.0,2.4/40,AP,T1,13.0,A6,0.002162129947822234,0.0009096424826654037,0.0023456886744705604,0.0026287273070896653,0.001381691904514172,0.002534374900498323,0.0010547823636838712,-0.03024405433809505,-0.012690252863044857,-0.04293430720113991,0.7505628760196361,0.25691,0.7915223229924876,0.90905543070153
2,0.03,0.5,2.4,40.0,2.4/40,AP,T1,13.0,A7,0.0020992523619082766,0.001073001563484243,0.002357581988864249,0.002555002164737073,0.001381691904514172,0.0021280147722693584,0.0011767982290604398,0.0438285781012806,-0.038218789110336576,0.005609788990944026,0.7198394458291523,0.25691,0.8655949554318633,0.8835268944542384
2,0.03,0.5,2.4,40.0,2.4/40,SL,T1,7.0,A1,0.0,0.0,0.0,0.0019096140272416488,0.0015531690928549924,0.0017773244385930979,0.0014206383491078007,0.0,0.0,0.0,0.8067504034804575,0.40637,0.8487585205600807,0.8608223977898691
2,0.03,0.5,2.4,40.0,2.4/40,SL,T1,7.0,A2,0.002393320316423968,0.0013439579089707518,0.0027448506331115285,0.0016205643501195053,0.0015531690928549924,0.0024743192310791775,0.0006480884546706816,-0.3139749489381598,0.11358927277934067,-0.20038567615881914,0.9346694765816524,0.40637,0.5347835716219209,0.9744116705692097
2,0.03,0.5,2.4,40.0,2.4/40,SL,T1,7.0,A3,0.0009412870971547564,0.000728833908502222,0.0011904706067151147,0.0019292035087037209,0.0015531690928549924,0.001575570883935512,0.0015480853015852395,0.03740433594999631,-0.0325960615198019,0.004808274430194409,0.7793239265927978,0.40637,0.886162856510077,0.8282263362700673
2,0.03,0.5,2.4,40.0,2.4/40,SL,T1,7.0,A4,0.0009207903841795369,0.0007060440101624489,0.001160324556270258,0.001927661091200846,0.0015531690928549924,0.001585609523622755,0.0015406437127231975,0.035730984078549105,-0.030524063810791233,0.005206920267757872,0.781080904882978,0.40637,0.8844895046386299,0.8302983339790779
2,0.03,0.5,2.4,40.0,2.4/40,SL,T1,7.0,A5,0.0022768477524474566,0.0012491435340010201,0.002596997353938119,0.001834707298466465,0.0015531690928549924,0.0024566218861876666,0.0008129058386363195,-0.27979427615227503,0.09827670434445698,-0.18151757180781805,0.9049669262984853,0.40637,0.5689642444078057,0.9590991021343261
2,0.03,0.5,2.4,40.0,2.4/40,SL,T1,7.0,A6,0.0016530723195837627,0.0012849483747287712,0.002093738383727096,0.001992843334779813,0.0015531690928549924,0.0019218566631875435,0.0014675381209357863,-0.03267957772473362,-0.01132018260532655,-0.04399976033006017,0.7877758510107609,0.40637,0.8160789428353471,0.8495022151845426
2,0.03,0.5,2.4,40.0,2.4/40,SL,T1,7.0,A7,0.0016517497912614742,0.0015874608541510133,0.0022909188847259933,0.0020176601638057347,0.0015531690928549924,0.0016442265706941637,0.0017217269596676078,0.025592440386839575,-0.08874214578104206,-0.06314970539420248,0.724220867899146,0.40637,0.8743509609469203,0.772080252008827
2,0.03,0.5,2.4,40.0,2.4/40,SL,T1,10.0,A1,0.0,0.0,0.0,0.003568177861890174,0.001108026371076068,0.003328515014147377,0.0007805551158733638,0.0,0.0,0.0,0.7083256301226352,0.14331,0.8020375409950457,0.944752477558977
2,0.03,0.5,2.4,40.0,2.4/40,SL,T1,10.0,A2,0.004212618561801016,0.0007479747534874485,0.004278506910019554,0.003644615449355247,0.001108026371076068,0.004119028297391381,0.0002955622235651193,-0.3848300886190775,0.04770687179726622,-0.3371232168218113,0.9024905660377358,0.14331,0.4172074523759682,0.9924593493562432
2,0.03,0.5,2.4,40.0,2.4/40,SL,T1,10.0,A3,0.001677055932708682,0.0004146478002532441,0.0017275559034914735,0.0034995073205838414,0.001108026371076068,0.0030301608356633086,0.0008728762694118677,0.04207661712371782,-0.014952900115561055,0.027123717008156762,0.6679366131080559,0.14331,0.8441141581187636,0.9297995774434159
2,0.03,0.5,2.4,40.0,2.4/40,SL,T1,10.0,A4,0.0015977272568316317,0.0003811827833782234,0.0016425689335813887,0.0035072364938161303,0.001108026371076068,0.003061877207212042,0.0008592477261277143,0.038029446654106486,-0.012606660518974192,0.025422786135132294,0.6743782209276271,0.14331,0.8400669876491522,0.9321458170400028
2,0.03,0.5,2.4,40.0,2.4/40,SL,T1,10.0,A5,0.004012253346908088,0.000699497380195001,0.00407277221369853,0.0039265447644319775,0.001108026371076068,0.00416999205054675,0.00038688710153959545,-0.33033284488172493,0.04225565840619127,-0.28807718647553365,0.8586307633684745,0.14331,0.4717046961133208,0.9870081359651682
2,0.03,0.5,2.4,40.0,2.4/40,SL,T1,10.0,A6,0.0030322624620996554,0.000724078738294419,0.0031175159435532485,0.0036610689302517176,0.001108026371076068,0.0035089437186807504,0.0008457435648113071,-0.030842230130486356,-0.010330457925270518,-0.04117268805575687,0.6629874025194961,0.14331,0.7711953108645594,0.9344220196337065
2,0.03,0.5,2.4,40.0,2.4/40,SL,T1,10.0,A7,0.0029971299066996753,0.0009619398913985709,0.003147716002484579,0.0034062227612914817,0.001108026371076068,0.0029937637921524174,0.0010398493239923046,0.04661223920173052,-0.04805705681168217,-0.0014448176099516458,0.5788121073672188,0.14331,0.8486497801967762,0.8966954207472948
2,0.03,0.5,2.4,40.0,2.4/40,SL,T1,13.0,A1,0.0,0.0,0.0,0.006385905902225559,0.0006646386807882911,0.006188731597561482,0.0004923297953404125,0.0,0.0,0.0,0.6121607694950189,0.04632,0.7694300518134715,0.9763232950255851
2,0.03,0.5,2.4,40.0,2.4/40,SL,T1,13.0,A2,0.00753539208592087,0.0004748874052087634,0.007550341180117942,0.00795664395308746,0.0006646386807882911,0.007006000502551351,0.00016852202819190806,-0.4199050086355786,0.020960909319687946,-0.39894409931589064,0.8620873269435569,0.04632,0.3495250431778929,0.9972842043452731
2,0.03,0.5,2.4,40.0,2.4/40,SL,T1,13.0,A3,0.003204922297372599,0.00025709467139054177,0.003215217660167577,0.006066808038728061,0.0006646386807882911,0.00565084525435747,0.00055257249721552,0.05008635578583765,-0.006343846992701955,0.043742508793135695,0.5700555638984832,0.04632,0.8195164075993091,0.9699794480328832
2,0.03,0.5,2.4,40.0,2.4/40,SL,T1,13.0,A4,0.002921488923913049,0.00021416485158837925,0.002929328270474734,0.006146248320901369,0.0006646386807882911,0.005756412946585387,0.0005348585676203413,0.04123488773747841,-0.004393507256102676,0.03684138048137573,0.5837997512437811,0.04632,0.8106649395509499,0.9719297877694825
2,0.03,0.5,2.4,40.0,2.4/40,SL,T1,13.0,A5,0.007167788053417913,0.00044449046927857425,0.007181556750176109,0.008109725710163548,0.0006646386807882911,0.007249645832986842,0.0002296257438393844,-0.3503886010362694,0.018622598775270532,-0.33176600226099884,0.8010730499380933,0.04632,0.41904145077720206,0.9949458938008556
2,0.03,0.5,2.4,40.0,2.4/40,SL,T1,13.0,A6,0.0055930837015212235,0.00046438583715249554,0.00561232923998318,0.006283868555922997,0.0006646386807882911,0.006439157332551538,0.0005508863049558067,-0.02871329879101899,-0.006155104437547187,-0.03486840322856618,0.5466857871255577,0.04632,0.7407167530224525,0.9701681905880379
2,0.03,0.5,2.4,40.0,2.4/40,SL,T1,13.0,A7,0.005516613176608405,0.0006180314305086954,0.0055511245517846294,0.005551739121232033,0.0006646386807882911,0.005564948670075143,0.0006689274895887754,0.05699481865284975,-0.02099236641221374,0.03600245224063601,0.4732937685459941,0.04632,0.8264248704663213,0.9553309286133713
3,0.06,0.1,4.8,8.0,4.8/8,AP,T1,7.0,A1,0.0,0.0,0.0,0.0007790398953703094,0.0012344533004532818,0.0010229546962523648,0.002943341038542204,0.0,0.0,0.0,0.950549379607752,0.81243,0.9061826865083761,0.7958095644292797
3,0.06,0.1,4.8,8.0,4.8/8,AP,T1,7.0,A2,0.0008391989243441597,0.0025078016349452054,0.0026444893410362312,0.0007056599797132574,0.0012344533004532818,0.0009675630726037126,0.0027214374822464226,0.010880937434609751,0.03747934104600949,0.04836027848061924,0.9597202184666117,0.81243,0.9170636239429859,0.8332889054752892
3,0.06,0.1,4.8,8.0,4.8/8,AP,T1,7.0,A3,0.0008394388088349088,0.0026647973822320004,0.0027938866480458173,0.0009265243293449822,0.0012344533004532818,0.0006253667553304022,0.003509885470660816,0.06096525239097522,-0.15823425920989498,-0.09726900681891976,0.9203720189289228,0.81243,0.9671479388993514,0.6375753052193848
3,0.06,0.1,4.8,8.0,4.8/8,AP,T1,7.0,A4,0.000823880494446306,0.002599329045882696,0.0027267729201197774,0.0009193452295353889,0.0012344533004532818,0.0006468958659267217,0.0034896695603557487,0.058577354356683035,-0.1489044090206323,-0.09032705466394925,0.9220851028787219,0.81243,0.9647600408650592,0.6469051554086475
3,0.06,0.1,4.8,8.0,4.8/8,AP,T1,7.0,A5,0.0007751250903799819,0.002330984256277367,0.002456482548024619,0.000712352800733544,0.0012344533004532818,0.0009962027497006924,0.0027307996035198737,0.005366616200780376,0.0360398784453804,0.04140649464616077,0.959150898188082,0.81243,0.9115493027091565,0.8318494428746601
3,0.06,0.1,4.8,8.0,4.8/8,AP,T1,7.0,A6,0.0009562497641606863,0.002713258486604586,0.002876835974919178,0.0008226292682252836,0.0012344533004532818,0.0011338917313588727,0.0030181837170902563,-0.024679049271937273,-0.014501252865596843,-0.039180302137534116,0.9458252991362688,0.81243,0.8815036372364389,0.7813083115636829
3,0.06,0.1,4.8,8.0,4.8/8,AP,T1,7.0,A7,0.0008413378922660388,0.0026102557161376268,0.0027424960077622384,0.0007904985490089603,0.0012344533004532818,0.0007907267876256198,0.0030836473888053786,0.04013884273106606,-0.02814949085674682,0.011989351874319244,0.946356474643033,0.81243,0.9463215292394421,0.767660073572533
3,0.06,0.1,4.8,8.0,4.8/8,AP,T1,10.0,A1,0.0,0.0,0.0,0.0014931328576974982,0.0015811353436692257,0.0016531087686433893,0.0014200249746272487,0.0,0.0,0.0,0.8796596605029274,0.49895,0.8371179476901494,0.8859594850813292
3,0.06,0.1,4.8,8.0,4.8/8,AP,T1,10.0,A2,0.0013725766435488972,0.0012186660999847,0.0018355145615515762,0.0013535870683838882,0.0015811353436692257,0.0016075361551197182,0.0012667402690153071,0.010822727728229287,0.02586568206765792,0.03668840979588721,0.9054487865428241,0.49895,0.8479406754183786,0.9118251671489871
3,0.06,0.1,4.8,8.0,4.8/8,AP,T1,10.0,A3,0.0013446652701675675,0.0013754618064727216,0.0019235435710843723,0.0016343602800206617,0.0015811353436692257,0.0010845717795293771,0.0018508586453026825,0.10027056819320573,-0.10603732162458837,-0.005766753431382637,0.8092148517249732,0.49895,0.937388515883355,0.7799221634567408
3,0.06,0.1,4.8,8.0,4.8/8,AP,T1,10.0,A4,0.0012955246964944985,0.001285948735587922,0.0018253899281488704,0.001619301290410676,0.0015811353436692257,0.0011469794588999096,0.0018041979580324884,0.09225373283896182,-0.0911685460532881,0.0010851867856737224,0.818509169858613,0.49895,0.9293716805291111,0.7947909390280411
3,0.06,0.1,4.8,8.0,4.8/8,AP,T1,10.0,A5,0.0012659719295296157,0.0011106564396462348,0.0016841147981312287,0.0013695853066523142,0.0015811353436692257,0.001647352727040484,0.001270229622517852,0.0014029461869926874,0.025326813691248378,0.026729759878241065,0.9039604174318865,0.49895,0.838520893877142,0.9112862987725776
3,0.06,0.1,4.8,8.0,4.8/8,AP,T1,10.0,A6,0.0014789934512809148,0.0013300065089183865,0.001989054786248259,0.0016058661850714188,0.0015811353436692257,0.0017584588793022288,0.00151471972861805,-0.027738250325683944,-0.018481189502045706,-0.04621943982772965,0.8587955086764205,0.49895,0.8093796973644654,0.8674782955792835
3,0.06,0.1,4.8,8.0,4.8/8,AP,T1,10.0,A7,0.0013756346450727957,0.0012765405876397275,0.0018766796606283496,0.0014638063783489154,0.0015811353436692257,0.0013172463387962116,0.0015060736956362727,0.06714099609179276,-0.016704919668695736,0.050436076423097026,0.8732121775145638,0.49895,0.904258943781942,0.8692545654126335
3,0.06,0.1,4.8,8.0,4.8/8,AP,T1,13.0,A1,0.0,0.0,0.0,0.002508556258080024,0.0013787227679994262,0.0025632269169865176,0.0009055933571841699,0.0,0.0,0.0,0.8049376778485833,0.25523,0.7868980919170944,0.9346509660700619
3,0.06,0.1,4.8,8.0,4.8/8,AP,T1,13.0,A2,0.002151237807669994,0.0007772408420547171,0.0022873406899075457,0.0023032729962173077,0.0013787227679994262,0.002531012134300216,0.0007781927001667544,0.007209183873369128,0.018005558763108075,0.025214742636477203,0.8518113810204253,0.25523,0.7941072757904635,0.95265652483317
3,0.06,0.1,4.8,8.0,4.8/8,AP,T1,13.0,A3,0.0020661044860002683,0.0009033398887681834,0.0022549524832488482,0.0025103301187597367,0.0013787227679994262,0.0017793015269810327,0.0012337160590670468,0.12443678250989304,-0.06499993286517985,0.059436849644713186,0.7055326377092939,0.25523,0.9113348744269875,0.869651033204882
3,0.06,0.1,4.8,8.0,4.8/8,AP,T1,13.0,A4,0.0019580408208558966,0.0007956743800673769,0.0021135329605269084,0.0025097941783919003,0.0013787227679994262,0.0019039289834981387,0.0011688168883131848,0.10994005406887905,-0.04961263208775864,0.06032742198112041,0.7277756581457459,0.25523,0.8968381459859734,0.8850383339823032
3,0.06,0.1,4.8,8.0,4.8/8,AP,T1,13.0,A5,0.0019458260441243894,0.0007112491435730294,0.0020717418609050063,0.002341308579809602,0.0013787227679994262,0.0025834279136671585,0.0007845577461708231,-0.004662461309407201,0.017186513957329105,0.012524052647921904,0.8476987092391305,0.25523,0.7822356306076872,0.951837480027391
3,0.06,0.1,4.8,8.0,4.8/8,AP,T1,13.0,A6,0.0022891143828313782,0.0008519931603071923,0.0024425267660551273,0.0026681686401335966,0.0013787227679994262,0.002683886556482359,0.000993091742446226,-0.029698703130509728,-0.01447426722343811,-0.044172970353947835,0.764750108820387,0.25523,0.7571993887865847,0.9201766988466238
3,0.06,0.1,4.8,8.0,4.8/8,AP,T1,13.0,A7,0.0021469098143545693,0.0008188129832426585,0.0022977546545483733,0.0023816594576465187,0.0013787227679994262,0.002077489314444625,0.000951853771980657,0.08705873134035969,-0.007425111108127342,0.07963362023223235,0.8045156171102936,0.25523,0.873956823257454,0.9272258549619345
3,0.06,0.1,4.8,8.0,4.8/8,SL,T1,7.0,A1,0.0,0.0,0.0,0.0018960303678406518,0.0015520916210069557,0.0019071358631958378,0.0013262071540154276,0.0,0.0,0.0,0.8243340532757379,0.4046,0.8206870983687593,0.8811555256970104
3,0.06,0.1,4.8,8.0,4.8/8,SL,T1,7.0,A2,0.001580758512964573,0.0011207006310425096,0.0019377222145418695,0.00173577785466844,0.0015520916210069557,0.0018409973101812724,0.0011727774994656707,0.015274345032130494,0.02885455156197514,0.044128896594105634,0.8632500446645057,0.4046,0.8359614434008897,0.9100100772589855
3,0.06,0.1,4.8,8.0,4.8/8,SL,T1,7.0,A3,0.001565190649351182,0.001241308091534242,0.0019976655242869754,0.0019413336366219376,0.0015520916210069557,0.0012493835550109636,0.0017005134501694853,0.1115669797330697,-0.10218340611353711,0.009383573619532584,0.7413471176713379,0.4046,0.9322540781018289,0.7789721195834733
3,0.06,0.1,4.8,8.0,4.8/8,SL,T1,7.0,A4,0.001536720787597421,0.0012070324734112996,0.001954082437079725,0.001940800668330083,0.0015520916210069557,0.0012876883545028005,0.0016830634958509606,0.1069945625308947,-0.09595230097413504,0.011042261556759664,0.7458617332035054,0.4046,0.927681660899654,0.7852032247228754
3,0.06,0.1,4.8,8.0,4.8/8,SL,T1,7.0,A5,0.001456737984451788,0.001024885564013228,0.0017811445687162426,0.0017647061735637753,0.0015520916210069557,0.0018849482005990127,0.0011854948998548376,0.0052644587246663405,0.026671145448438027,0.03193560417310437,0.8589420654911839,0.4046,0.8259515570934256,0.9078266711454485
3,0.06,0.1,4.8,8.0,4.8/8,SL,T1,7.0,A6,0.0017329169760711782,0.0012259443642242626,0.0021227201488017463,0.001994641243315038,0.0015520916210069557,0.00202627706002229,0.0013865158831931083,-0.031067721206129516,-0.012999664091367144,-0.04406738529749666,0.8027539072315192,0.4046,0.7896193771626298,0.8681558616056433
3,0.06,0.1,4.8,8.0,4.8/8,SL,T1,7.0,A7,0.0015898076613783177,0.0011695904331271846,0.001973684417894571,0.0018180335782950348,0.0015520916210069557,0.0015488287867014758,0.0013717667206865534,0.07039050914483441,-0.009724554921061473,0.06066595422377294,0.824860437448522,0.4046,0.8910776075135937,0.8714309707759489
3,0.06,0.1,4.8,8.0,4.8/8,SL,T1,10.0,A1,0.0,0.0,0.0,0.0036264353965647523,0.0011085090364990264,0.0035600184231650285,0.0007206797357218587,0.0,0.0,0.0,0.7320327165459909,0.14346,0.7611180816952461,0.9533355126438928
3,0.06,0.1,4.8,8.0,4.8/8,SL,T1,10.0,A2,0.0029795494715722844,0.0006151827149512396,0.0030423945875447285,0.003424873593606539,0.0011085090364990264,0.0034994033010069202,0.0006163290411137819,0.01150146382266834,0.012994139211245242,0.02449560303391358,0.7935280641466208,0.14346,0.7726195455179145,0.9663296518551381
3,0.06,0.1,4.8,8.0,4.8/8,SL,T1,10.0,A3,0.002900348943488687,0.0007250364219362364,0.002989598937504836,0.0033571174957898126,0.0011085090364990264,0.002487851650271228,0.0009967760497017419,0.14038756447790324,-0.0472599061339809,0.09312765834392234,0.6165030031461531,0.14346,0.9015056461731493,0.9060756065099119
3,0.06,0.1,4.8,8.0,4.8/8,SL,T1,10.0,A4,0.002792367036222124,0.0006653187739903356,0.00287053352811005,0.0033952374912241726,0.0011085090364990264,0.0026180665923254084,0.0009586546077988847,0.12832845392443887,-0.039472762509631776,0.08885569141480709,0.6336279670275102,0.14346,0.8894465356196849,0.9138627501342611
3,0.06,0.1,4.8,8.0,4.8/8,SL,T1,10.0,A5,0.0027273822015713763,0.0005648914116019174,0.0027852676676308748,0.003481365871304586,0.0011085090364990264,0.0035717082311724742,0.0006227872720913797,-0.002300292764533668,0.012258621897401172,0.009958329132867504,0.7869587218969132,0.14346,0.7588177889307124,0.9655941345412941
3,0.06,0.1,4.8,8.0,4.8/8,SL,T1,10.0,A6,0.003141958179794703,0.0006864826260191675,0.003216078294974333,0.003743256046457265,0.0011085090364990264,0.003681683655457964,0.0007936733969468716,-0.02544263209256936,-0.010565764587760058,-0.036008396680329416,0.6828416149068323,0.14346,0.7356754496026767,0.9427697480561328
3,0.06,0.1,4.8,8.0,4.8/8,SL,T1,10.0,A7,0.002991086928338677,0.0006465364087750416,0.003060165083904826,0.0034224373856394028,0.0011085090364990264,0.002957671004472579,0.0007570208887213905,0.0917328872159487,-0.005101921684918393,0.08663096553103031,0.733997240386346,0.14346,0.8528509689111947,0.9482335909589745
3,0.06,0.1,4.8,8.0,4.8/8,SL,T1,13.0,A1,0.0,0.0,0.0,0.006654765986922895,0.0006627240632420102,0.006594912192340618,0.00044966265051287613,0.0,0.0,0.0,0.6394544756050711,0.04604,0.7230668983492615,0.9803241226047213
3,0.06,0.1,4.8,8.0,4.8/8,SL,T1,13.0,A2,0.005707756618137159,0.0003768767466725691,0.005720185459761863,0.006520063133838017,0.0006627240632420102,0.006521118954197289,0.0003649686905578664,0.009774109470026063,0.006803220260807581,0.016577329730833645,0.7331594958713603,0.04604,0.7328410078192876,0.987127342865529
3,0.06,0.1,4.8,8.0,4.8/8,SL,T1,13.0,A3,0.00544231298718585,0.00046758529116558883,0.0054623627355757124,0.0055927653649702185,0.0006627240632420102,0.004684395249965639,0.0006419045455849152,0.16290182450043442,-0.02131116608662837,0.14159065841380605,0.5105770434347228,0.04604,0.885968722849696,0.959012956518093
3,0.06,0.1,4.8,8.0,4.8/8,SL,T1,13.0,A4,0.005193766906139371,0.00039946811181364134,0.005209106396270332,0.005809548627822679,0.0006627240632420102,0.004982585209846695,0.0005961485603257766,0.1453084274543875,-0.01546186422910814,0.12984656322527935,0.5439455782312925,0.04604,0.868375325803649,0.9648622583756132
3,0.06,0.1,4.8,8.0,4.8/8,SL,T1,13.0,A5,0.005226250232216638,0.0003464815753765044,0.0052377228803956255,0.006619943432942008,0.0006627240632420102,0.006615493087989563,0.00037522970930844817,-0.0028236316246741944,0.006058954253847122,0.003235322629172928,0.7185265438786566,0.04604,0.7202432667245873,0.9863830768585685
3,0.06,0.1,4.8,8.0,4.8/8,SL,T1,13.0,A6,0.00580939101254582,0.000436299515666178,0.005825751557011223,0.006605915406125873,0.0006627240632420102,0.006758999317755926,0.0005051842379611187,-0.02389226759339705,-0.005293723007253973,-0.02918599060065102,0.5747188002142475,0.04604,0.6991746307558645,0.9750303995974674
3,0.06,0.1,4.8,8.0,4.8/8,SL,T1,13.0,A7,0.005680201001824273,0.00040476743555765775,0.005694604472482123,0.0062323713437847945,0.0006627240632420102,0.005556494867944674,0.0004549114396366969,0.10534317984361424,-0.0004717178917355014,0.10487146195187874,0.6649232914923291,0.04604,0.8284100781928757,0.9798524047129858
4,0.06,0.25,4.8,20.0,4.8/20,AP,T1,7.0,A1,0.0,0.0,0.0,0.0007772444403205508,0.001230284662588297,0.001017145606435513,0.0029673736317631307,0.0,0.0,0.0,0.9506333350496885,0.81407,0.9071578611175943,0.7937395794116066
4,0.06,0.25,4.8,20.0,4.8/20,AP,T1,7.0,A2,0.0010519029200018765,0.0026776564025654996,0.0028768634940345168,0.0005910714412133674,0.001230284662588297,0.0012594448502396213,0.00216696934486324,-0.05949119854557962,0.1096111439789168,0.050119945433337185,0.9746197195034109,0.81407,0.8476666625720147,0.9033507233905234
4,0.06,0.25,4.8,20.0,4.8/20,AP,T1,7.0,A3,0.0007107405464577248,0.0021518120854153613,0.0022661525489954624,0.0008714417469506833,0.001230284662588297,0.0007629430618464364,0.0033652142383582767,0.04296927782623116,-0.09514333351261227,-0.05217405568638111,0.9324420440983231,0.81407,0.9501271389438255,0.6985962458989943
4,0.06,0.25,4.8,20.0,4.8/20,AP,T1,7.0,A4,0.0006939108482000108,0.002088362371347598,0.002200629377998535,0.0008660379421818784,0.001230284662588297,0.0007779828433459003,0.0033453945017404355,0.04086872136302775,-0.08901199376109288,-0.04814327239806513,0.9335881740981782,0.81407,0.9480265824806221,0.7047275856505136
4,0.06,0.25,4.8,20.0,4.8/20,AP,T1,7.0,A5,0.000991407252066537,0.00243715069141286,0.0026310818748386195,0.0006271487220350798,0.001230284662588297,0.0012670201709697345,0.0022886250733394693,-0.06173916247988503,0.09691819501963105,0.03517903253974602,0.9713080049678221,0.81407,0.8454186986377092,0.8906577744312376
4,0.06,0.25,4.8,20.0,4.8/20,AP,T1,7.0,A6,0.0009420696761519596,0.002716532482925889,0.0028752467729773307,0.0008255813663635158,0.001230284662588297,0.0011285974599910791,0.003057901167613616,-0.024653899541808445,-0.017802398752218583,-0.04245629829402703,0.9451899800021051,0.81407,0.8825039615757858,0.775937180659388
4,0.06,0.25,4.8,20.0,4.8/20,AP,T1,7.0,A7,0.0008497301287824064,0.0027656498373847785,0.002893243908623505,0.0008098361900257633,0.001230284662588297,0.000804192940511349,0.0031682225350934145,0.037085262938076576,-0.0420050556661109,-0.0049197927280343265,0.9433508418830691,0.81407,0.9442431240556709,0.7517345237454957
4,0.06,0.25,4.8,20.0,4.8/20,AP,T1,10.0,A1,0.0,0.0,0.0,0.0014950362125120261,0.0015811370984199946,0.0016487523228777019,0.0014336429174696826,0.0,0.0,0.0,0.8785694831451258,0.50074,0.8374605583736071,0.8839081841124865
4,0.06,0.25,4.8,20.0,4.8/20,AP,T1,10.0,A2,0.0016861075613577733,0.0012859164387223907,0.002120504608776961,0.0012090816489284928,0.0015811370984199946,0.001977457496464087,0.0009528144178391362,-0.10466509565842552,0.06850138204542723,-0.03616371361299829,0.9391860762733555,0.50074,0.7327954627151815,0.9524095661579137
4,0.06,0.25,4.8,20.0,4.8/20,AP,T1,10.0,A3,0.00111839356140782,0.0010680653923150253,0.0015464694760839984,0.0015878379503240039,0.0015811370984199946,0.0013127859288353588,0.0017070834092135939,0.06714063186484004,-0.06062973200336498,0.0065108998614750585,0.8369733924611973,0.50074,0.9046011902384471,0.8232784521091215
4,0.06,0.25,4.8,20.0,4.8/20,AP,T1,10.0,A4,0.0010746647736481405,0.000986922213413426,0.001459081845219474,0.0015727574780245814,0.0015811370984199946,0.0013460580518804765,0.001670622416007089,0.06162878939170029,-0.051255858670832835,0.010372930720867451,0.8434689748201439,0.50074,0.8990893477653074,0.8326523254416537
4,0.06,0.25,4.8,20.0,4.8/20,AP,T1,10.0,A5,0.0015620794131106944,0.0011723947604562676,0.0019531005010519967,0.001279354348747958,0.0015811370984199946,0.0019684915368514927,0.00102381815744451,-0.1008906817909494,0.060689820934983776,-0.04020086085596562,0.9302378370198492,0.50074,0.7365698765826577,0.9445980050474703
4,0.06,0.25,4.8,20.0,4.8/20,AP,T1,10.0,A6,0.0014799226363447894,0.0013102677325327688,0.001976606319043394,0.0015990030646584018,0.0015811370984199946,0.001757620271050389,0.0015150704586162972,-0.028737468546551105,-0.015943596522853827,-0.04468106506940493,0.8600067957866123,0.50074,0.808723089827056,0.8679645875896327
4,0.06,0.25,4.8,20.0,4.8/20,AP,T1,10.0,A7,0.0013862240376626095,0.0013220167603743857,0.0019155535485348388,0.0014883371602965319,0.0015811370984199946,0.0013127859288353588,0.001553049242422792,0.06714063186484004,-0.02393542442815367,0.04320520743668637,0.8662981946144431,0.50074,0.9046011902384471,0.8599727596843328
4,0.06,0.25,4.8,20.0,4.8/20,AP,T1,13.0,A1,0.0,0.0,0.0,0.002526951372805636,0.0013781897369375526,0.002560315556525828,0.000920637002762272,0.0,0.0,0.0,0.7991883181474555,0.25493,0.7879025614874672,0.9322613982578818
4,0.06,0.25,4.8,20.0,4.8/20,AP,T1,13.0,A2,0.0026538840898452003,0.0008302409510260418,0.0027807194750808853,0.0022313993885358808,0.0013781897369375526,0.0029962313592340533,0.0005712708441812753,-0.1425097085474444,0.042801347524393685,-0.09970836102305072,0.8985309376877287,0.25493,0.6453928529400228,0.9750627457822755
4,0.06,0.25,4.8,20.0,4.8/20,AP,T1,13.0,A3,0.001725306553951931,0.0006895123701352134,0.0018579854718697255,0.0025323385263777416,0.0013781897369375526,0.0021019456455774665,0.0011207725628362198,0.08272859216255443,-0.03677506811440536,0.04595352404814907,0.7402774998332333,0.25493,0.8706311536500215,0.8954863301434764
4,0.06,0.25,4.8,20.0,4.8/20,AP,T1,13.0,A4,0.0015961431294473183,0.0006011117391282369,0.0017055814881147286,0.0025279112508307935,0.0013781897369375526,0.002187897795599572,0.001076364752507475,0.06982308869101322,-0.027688673547451918,0.04213441514356131,0.754624516841524,0.25493,0.8577256501784803,0.9045727247104299
4,0.06,0.25,4.8,20.0,4.8/20,AP,T1,13.0,A5,0.0024323087828634652,0.0007601209146290075,0.0025483150943419832,0.0023338395726256894,0.0013781897369375526,0.0029802221857614573,0.0006187947817404703,-0.13435060604871926,0.03834539036600588,-0.09600521568271339,0.8838257917351865,0.25493,0.6535519554387479,0.9706067886238877
4,0.06,0.25,4.8,20.0,4.8/20,AP,T1,13.0,A6,0.0022840454242995943,0.0008598716741619096,0.00244054149653103,0.0026755900702019886,0.0013781897369375526,0.002679439585851408,0.0010033791381580486,-0.029106029106029115,-0.013944998456520863,-0.04305102756254998,0.7606763664962642,0.25493,0.7587965323814381,0.9183163998013609
4,0.06,0.25,4.8,20.0,4.8/20,AP,T1,13.0,A7,0.002165820832255352,0.0008475512902488103,0.0023257521508178143,0.0024386200483250283,0.0013781897369375526,0.0021051968791622505,0.0009971179206211352,0.08225787471070489,-0.012831009166923917,0.06942686554378097,0.7870219257787554,0.25493,0.8701604361981721,0.9194303890909579
4,0.06,0.25,4.8,20.0,4.8/20,SL,T1,7.0,A1,0.0,0.0,0.0,0.0018872603273188218,0.0015538995845935477,0.0018922029893290455,0.0013385265699030484,0.0,0.0,0.0,0.8242090513532782,0.40759,0.8225913295223141,0.8792896811329991
4,0.06,0.25,4.8,20.0,4.8/20,SL,T1,7.0,A2,0.0019029527312540708,0.001178817749884967,0.0022384906488147733,0.0016326688279176623,0.0015538995845935477,0.0022147547262132954,0.000920899650678117,-0.09882479943080057,0.06765584645768978,-0.031168952973110786,0.9037159574793984,0.40759,0.7237665300915135,0.9469455275906888
4,0.06,0.25,4.8,20.0,4.8/20,SL,T1,7.0,A3,0.0013036709095962937,0.000982575504489134,0.0016324865887809626,0.001926101568913593,0.0015538995845935477,0.0015025286288819475,0.0015839542956185737,0.07487916779116269,-0.0609037659728904,0.013975401818272289,0.7727243921502356,0.40759,0.8974704973134767,0.8183859151601087
4,0.06,0.25,4.8,20.0,4.8/20,SL,T1,7.0,A4,0.0012729459111708787,0.0009512460548060911,0.0015891067772653956,0.0019244303018001725,0.0015538995845935477,0.0015267390213966562,0.0015700013376873441,0.07110086115949851,-0.05683563748079877,0.014265223678699743,0.7759458077709611,0.40759,0.8936921906818126,0.8224540436522003
4,0.06,0.25,4.8,20.0,4.8/20,SL,T1,7.0,A5,0.0017509592487795955,0.001085760533583319,0.002060275279464844,0.0017016202620218997,0.0015538995845935477,0.0022073964950721186,0.0009784897720553107,-0.09588066439314016,0.06034671933289445,-0.035533945060245715,0.8922761778527534,0.40759,0.7267106651291739,0.9396364004658936
4,0.06,0.25,4.8,20.0,4.8/20,SL,T1,7.0,A6,0.001739129068695474,0.0012363328667589267,0.002133796821398404,0.0019918222411305286,0.0015538995845935477,0.002023915189993433,0.0014001618041588522,-0.034421845481979435,-0.013419759963538766,-0.0478416054455182,0.8017019789872976,0.40759,0.7881694840403346,0.8658699211694604
4,0.06,0.25,4.8,20.0,4.8/20,SL,T1,7.0,A7,0.0015758396142933019,0.0012282548102921387,0.001997969061067223,0.001867159376960157,0.0015538995845935477,0.0015757360444602529,0.001451645719019607,0.06315169655781545,-0.025505984031329657,0.0376457125264858,0.8064962916629435,0.40759,0.8857430260801296,0.8537836971016695
4,0.06,0.25,4.8,20.0,4.8/20,SL,T1,10.0,A1,0.0,0.0,0.0,0.003653637695471194,0.0011045389404633953,0.00357911983770294,0.0007262284101601172,0.0,0.0,0.0,0.7263751763046544,0.14223,0.7603881037755748,0.9525047506907446
4,0.06,0.25,4.8,20.0,4.8/20,SL,T1,10.0,A2,0.0036060487263949634,0.0006527034139632764,0.0036646431154662325,0.0034862039723003294,0.0011045389404633953,0.004073630525225905,0.00044945293432890556,-0.14216410040075933,0.02985648833603413,-0.1123076120647252,0.8531923151562196,0.14223,0.6182240033748154,0.9823612390267787
4,0.06,0.25,4.8,20.0,4.8/20,SL,T1,10.0,A3,0.0023987374155322464,0.00055896462950734,0.002463002770139449,0.0034976554951918083,0.0011045389404633953,0.002991479270897855,0.0008996271794886732,0.08992476973915489,-0.027559835387108433,0.06236493435204646,0.6526009065400389,0.14223,0.8503128735147296,0.9249449153036362
4,0.06,0.25,4.8,20.0,4.8/20,SL,T1,10.0,A4,0.0022867667367462902,0.0005108320060470699,0.002343128559574005,0.0035185791550442665,0.0011045389404633953,0.003063750983924592,0.00087349194522193,0.08092526189973986,-0.02290823880527414,0.05801702309446573,0.6645931685642877,0.14223,0.8413133656753147,0.9295965118854704
4,0.06,0.25,4.8,20.0,4.8/20,SL,T1,10.0,A5,0.0033054929325562967,0.0005991038761132046,0.0033593465110871626,0.003601232555040525,0.0011045389404633953,0.004054213040529321,0.0004872621669054001,-0.13302397525135345,0.02669713326416172,-0.10632684198719174,0.8333800317549267,0.14223,0.6273641285242213,0.9792018839549064
4,0.06,0.25,4.8,20.0,4.8/20,SL,T1,10.0,A6,0.0031862797212936366,0.0006913423215702811,0.003260419093908211,0.0037795246060983168,0.0011045389404633953,0.003728026148176437,0.000797712517123563,-0.031638894747943465,-0.010445690569733147,-0.042084585317676615,0.6759047929572872,0.14223,0.7287492090276313,0.9420590601210115
4,0.06,0.25,4.8,20.0,4.8/20,SL,T1,10.0,A7,0.0030124313119579468,0.0006768732521444136,0.0030875394424578987,0.0034865602069527515,0.0011045389404633953,0.003016730898732051,0.0008000429811063835,0.08683118891935597,-0.010807092810427037,0.07602409610892893,0.7067034191543018,0.14223,0.8472192926949308,0.9416976578803176
4,0.06,0.25,4.8,20.0,4.8/20,SL,T1,13.0,A1,0.0,0.0,0.0,0.006709190166804836,0.0006572856114353941,0.006647108738527644,0.0004458790188896919,0.0,0.0,0.0,0.6392738629709155,0.04525,0.7237569060773481,0.9806441476826394
4,0.06,0.25,4.8,20.0,4.8/20,SL,T1,13.0,A2,0.006769079131762907,0.0004000964757115412,0.006780892970836869,0.007153603550221213,0.0006572856114353941,0.007393929595974746,0.00025974262625818434,-0.17259668508287296,0.012872479706729511,-0.15972420537614346,0.8011564407324124,0.04525,0.5511602209944751,0.993516627389369
4,0.06,0.25,4.8,20.0,4.8/20,SL,T1,13.0,A3,0.0045140006566846734,0.0003513711420554699,0.004527655420636494,0.006057888434785234,0.0006572856114353941,0.005629149127665137,0.0005634116265364846,0.10276243093922652,-0.011929824561403509,0.090832606377823,0.5559684852088598,0.04525,0.8265193370165745,0.968714323121236
4,0.06,0.25,4.8,20.0,4.8/20,SL,T1,13.0,A4,0.004262569388394938,0.0003047110484961725,0.00427344669019718,0.006182428633367885,0.0006572856114353941,0.005782690295559267,0.0005366844004955851,0.09038674033149172,-0.008944749934537838,0.08144199039695388,0.5768869401816473,0.04525,0.8141436464088397,0.9716993977481015
4,0.06,0.25,4.8,20.0,4.8/20,SL,T1,13.0,A5,0.006116033611461285,0.00036499325025396326,0.006126914983028173,0.0072811054215583156,0.0006572856114353941,0.007353693934670845,0.0002939051314667357,-0.15093922651933703,0.011039539146373397,-0.13989968737296363,0.7655050206733609,0.04525,0.572817679558011,0.9916836868290129
4,0.06,0.25,4.8,20.0,4.8/20,SL,T1,13.0,A6,0.005907854317130322,0.0004350803213632543,0.005923853266115977,0.006623529889048866,0.0006572856114353941,0.006805932104806645,0.0005091896408700179,-0.022762430939226516,-0.0060434668761455874,-0.028805897815372104,0.5667321779524745,0.04525,0.7009944751381215,0.9746006808064939
4,0.06,0.25,4.8,20.0,4.8/20,SL,T1,13.0,A7,0.005772546623030042,0.00041214159183539307,0.005787240724799355,0.006269266270628874,0.0006572856114353941,0.005589158784898381,0.00047411582114985547,0.10585635359116022,-0.0025870646766169144,0.1032692889145433,0.6418191143785262,0.04525,0.8296132596685083,0.9780570830060226
5,0.06,0.5,4.8,40.0,4.8/40,AP,T1,7.0,A1,0.0,0.0,0.0,0.0007725352298251233,0.0012326783972310053,0.0010265535531867008,0.002931261628299602,0.0,0.0,0.0,0.9514682314015406,0.81313,0.9053533875272096,0.7990581687804356
5,0.06,0.5,4.8,40.0,4.8/40,AP,T1,7.0,A2,0.0014939073070234215,0.0027671252503945485,0.0031446368937206506,0.000502010650949041,0.0012326783972310053,0.001621904421510509,0.0015062057326380345,-0.2153530185825145,0.15657944025258203,-0.05877357832993246,0.9854395363133398,0.81313,0.6900003689446952,0.9556376090330176
5,0.06,0.5,4.8,40.0,4.8/40,AP,T1,7.0,A3,0.000562398003045961,0.0016509846066920138,0.001744144972576554,0.0008311496271681401,0.0012326783972310053,0.0008842245391422086,0.0031875199218184096,0.026416440175617676,-0.05383421630010168,-0.027417776124484,0.940876238730348,0.81313,0.9317698277028273,0.7452239524803339
5,0.06,0.5,4.8,40.0,4.8/40,AP,T1,7.0,A4,0.0005487127613553189,0.001592424739696473,0.0016843106144864013,0.000826858860391873,0.0012326783972310053,0.0008920069206276477,0.0031710428906100924,0.025112835585945667,-0.049874244126933164,-0.024761408540987496,0.9416647997411196,0.81313,0.9304662231131553,0.7491839246535025
5,0.06,0.5,4.8,40.0,4.8/40,AP,T1,7.0,A5,0.001442383830003588,0.002577874135036812,0.0029539644833930572,0.0006011634376729854,0.0012326783972310053,0.0016031652325941025,0.0018336956819471008,-0.20283349525906066,0.13356879113822445,-0.06926470412083621,0.9784355034856037,0.81313,0.702519892268149,0.9326269599186601
5,0.06,0.5,4.8,40.0,4.8/40,AP,T1,7.0,A6,0.0009480462487640089,0.002699195336045324,0.0028608472786788774,0.0008217081743970242,0.0012326783972310053,0.0011280212368329366,0.0030305500184103933,-0.02255481903262701,-0.019104190078664318,-0.04165900911129133,0.9458198827327229,0.81313,0.8827985684945827,0.7799539787017713
5,0.06,0.5,4.8,40.0,4.8/40,AP,T1,7.0,A7,0.0009326292191116101,0.003198150021217194,0.0033313602054644694,0.000915900526586502,0.0012326783972310053,0.0008823756168458473,0.0034261007542218413,0.026723894088276166,-0.12398993953015465,-0.09726604544187849,0.9258263907551734,0.81313,0.9320772816154859,0.675068229250281
5,0.06,0.5,4.8,40.0,4.8/40,AP,T1,10.0,A1,0.0,0.0,0.0,0.0015003285577121085,0.0015811328947941093,0.0016569278008322175,0.0014399465817384555,0.0,0.0,0.0,0.8776224509043656,0.50137,0.8351915750842691,0.8828991436536109
5,0.06,0.5,4.8,40.0,4.8/40,AP,T1,10.0,A2,0.00215609138968891,0.0013787514610042932,0.0025592353686037022,0.0011293058495632517,0.0015811328947941093,0.002231354046281542,0.000616624674906056,-0.3159343399086503,0.09776788400216593,-0.21816645590648434,0.9642936513815838,0.50137,0.5192572351756188,0.9806670276557768
5,0.06,0.5,4.8,40.0,4.8/40,AP,T1,10.0,A3,0.0008788123620571257,0.0007998709811582828,0.0011883201396103403,0.0015562540015856272,0.0015811328947941093,0.001474253608061483,0.0015994646105213053,0.040349442527474716,-0.032990393678679585,0.007359048848795131,0.8543430450944902,0.50137,0.8755410176117439,0.8499087499749313
5,0.06,0.5,4.8,40.0,4.8/40,AP,T1,10.0,A4,0.000829991157100631,0.0007351436323730658,0.0011087477084909395,0.0015467808666243619,0.0015811328947941093,0.0014969438505710666,0.0015759769057657306,0.035821848136107066,-0.02771594168020376,0.008105906455903308,0.8581085064156727,0.50137,0.8710134232203761,0.8551832019734071
5,0.06,0.5,4.8,40.0,4.8/40,AP,T1,10.0,A5,0.0020381359819713883,0.0012764048763986833,0.0024048300749742826,0.0012981702637064458,0.0015811328947941093,0.0022150570271009884,0.0007851569545524526,-0.27191495302870133,0.08535386960271142,-0.18656108342598993,0.9469219420600858,0.50137,0.5632766220555677,0.9682530132563223
5,0.06,0.5,4.8,40.0,4.8/40,AP,T1,10.0,A6,0.0014614369397751657,0.0013154901563824492,0.00196629404730791,0.0016082989965242036,0.0015811328947941093,0.0017617356653759565,0.0015287474203594493,-0.027963380337874225,-0.017568136694543046,-0.04553151703241727,0.8576938563587428,0.50137,0.8072281947463948,0.8653310069590678
5,0.06,0.5,4.8,40.0,4.8/40,AP,T1,10.0,A7,0.0014454888572260306,0.0016355754412025292,0.0021827837868715863,0.001654702380794082,0.0015811328947941093,0.0013803185677001488,0.0018004991713023236,0.057841514250952394,-0.08565469386117963,-0.027813179610227237,0.8157933095255447,0.50137,0.8930330893352215,0.7972444497924313
5,0.06,0.5,4.8,40.0,4.8/40,AP,T1,13.0,A1,0.0,0.0,0.0,0.0025277947751225034,0.001380669877631869,0.0025850202317805283,0.0009172050528314343,0.0,0.0,0.0,0.8004800960192039,0.25633,0.7805563141263215,0.9329406860569877
5,0.06,0.5,4.8,40.0,4.8/40,AP,T1,13.0,A2,0.0031344287233316882,0.000878118191919238,0.0032551090581770417,0.002239090637263048,0.001380669877631869,0.003078711633209134,0.0003510715908455658,-0.3644520734990052,0.05780789866473033,-0.30664417483427486,0.9394046151136164,0.25633,0.4161042406273163,0.990748584721718
5,0.06,0.5,4.8,40.0,4.8/40,AP,T1,13.0,A3,0.001356918262291448,0.0005217010315350054,0.0014537534649467674,0.002541374353713626,0.001380669877631869,0.0023449916623867004,0.0010373829478303373,0.04966254437638981,-0.02066776930627832,0.02899477507011149,0.7653659413774501,0.25633,0.8302188585027114,0.9122729167507093
5,0.06,0.5,4.8,40.0,4.8/40,AP,T1,13.0,A4,0.0012586528997561776,0.0004530449854986464,0.0013377058275084637,0.00253211182273793,0.001380669877631869,0.0023840911431786175,0.0010092341323962928,0.04240627316350017,-0.015504188685841839,0.026902084477658336,0.774554800807784,0.25633,0.8229625872898217,0.9174364973711459
5,0.06,0.5,4.8,40.0,4.8/40,AP,T1,13.0,A5,0.00294772629757098,0.0008146619568443091,0.0030582289694071167,0.00250385822215279,0.001380669877631869,0.0031199031527776398,0.00047362304419127054,-0.30277376818944335,0.05008942138314037,-0.252684346806303,0.9065807979865275,0.25633,0.47778254593687824,0.983030107440128
5,0.06,0.5,4.8,40.0,4.8/40,AP,T1,13.0,A6,0.0023122735458095817,0.0008640719291061008,0.0024684467280700942,0.0026733107187190386,0.001380669877631869,0.002692486729816139,0.0009988367464023916,-0.02723052315374712,-0.013648526900372479,-0.0408790500541196,0.7628792667509482,0.25633,0.7533257909725745,0.9192921591566152
5,0.06,0.5,4.8,40.0,4.8/40,AP,T1,13.0,A7,0.0022916620220915116,0.0010696804973259503,0.0025290178310672404,0.0025660515247596235,0.001380669877631869,0.0021490193132095493,0.001183566919091933,0.0822377404127492,-0.051071039574004606,0.031166700838744593,0.7157049933659105,0.25633,0.8627940545390708,0.881869646482983
5,0.06,0.5,4.8,40.0,4.8/40,SL,T1,7.0,A1,0.0,0.0,0.0,0.001887758115377077,0.0015548892793379211,0.0019031856144364344,0.0013422330059942244,0.0,0.0,0.0,0.8241296223446105,0.40927,0.8189947956116989,0.8789125319519916
5,0.06,0.5,4.8,40.0,4.8/40,SL,T1,7.0,A2,0.0023805706919727385,0.0012653202489882778,0.0026959510663176586,0.0016241716764104398,0.0015548892793379211,0.0024705133779681443,0.0006306228171069082,-0.30468883622058784,0.09701555702266687,-0.20767327919792097,0.9367184370967024,0.40927,0.514305959391111,0.9759280889746584
5,0.06,0.5,4.8,40.0,4.8/40,SL,T1,7.0,A3,0.0010334926898981718,0.0007705123070084032,0.0012891068052432158,0.0019202544112075029,0.0015548892793379211,0.0016901696198149648,0.0014986899344708307,0.045813277298604835,-0.03639564606503817,0.009417631233566662,0.7918652258540841,0.40927,0.8648080729103037,0.8425168858869534
5,0.06,0.5,4.8,40.0,4.8/40,SL,T1,7.0,A4,0.0010065711130890645,0.0007471711071104212,0.0012535749155937873,0.0019188048737794577,0.0015548892793379211,0.0017030909538906561,0.0014899251627801598,0.04334546876145332,-0.03414419447124744,0.009201274290205883,0.7937611047387716,0.40927,0.8623402643731521,0.8447683374807442
5,0.06,0.5,4.8,40.0,4.8/40,SL,T1,7.0,A5,0.002240801588555672,0.0011759244201664347,0.0025306105984954277,0.0017791765264906602,0.0015548892793379211,0.002456197507814429,0.0007696496409599828,-0.26339580228211207,0.08477646302033079,-0.17861933926178128,0.9138000321491722,0.40927,0.5555989933295868,0.9636889949723224
5,0.06,0.5,4.8,40.0,4.8/40,SL,T1,7.0,A6,0.0017134552643803065,0.001237946769691101,0.0021138687631026714,0.0019937125498699186,0.0015548892793379211,0.0020294319833587685,0.001407778227297719,-0.03362083710020279,-0.014321263521405718,-0.04794210062160851,0.8007323999800707,0.40927,0.785373958511496,0.8645912684305859
5,0.06,0.5,4.8,40.0,4.8/40,SL,T1,7.0,A7,0.0017272199935884785,0.0015929529700781653,0.0023496357315832238,0.002014002900073746,0.0015548892793379211,0.001661765367110613,0.0017255003504368664,0.0511154005912967,-0.10666463528177,-0.055549234690473306,0.7257923163150922,0.40927,0.8701101962029956,0.7722478966702216
5,0.06,0.5,4.8,40.0,4.8/40,SL,T1,10.0,A1,0.0,0.0,0.0,0.0036548737470416134,0.0011021369238892235,0.003568227055535116,0.0007267170444844689,0.0,0.0,0.0,0.7257231058318234,0.14149,0.7642942964167079,0.9523942644814853
5,0.06,0.5,4.8,40.0,4.8/40,SL,T1,10.0,A2,0.00425714350545461,0.0006917354426728548,0.004312976785085236,0.003753523860926188,0.0011021369238892235,0.004107437656048441,0.0002824313703884689,-0.3705562230546328,0.040710067442429325,-0.3298461556122035,0.9039428849586241,0.14149,0.39373807336207506,0.9931043319239147
5,0.06,0.5,4.8,40.0,4.8/40,SL,T1,10.0,A3,0.001975541856971441,0.0004244450093522436,0.0020206234668067665,0.003564175026735026,0.0011021369238892235,0.003208975073395817,0.0008311706895433963,0.05866138949749099,-0.015713270666620073,0.042948118830870914,0.6817330210772834,0.14149,0.8229556859141989,0.9366809938148652
5,0.06,0.5,4.8,40.0,4.8/40,SL,T1,10.0,A4,0.0018788054125649985,0.0003894796444265801,0.0019187506799233165,0.0035737669962503586,0.0011021369238892235,0.0032505460453319045,0.0008155831359699835,0.05272457417485334,-0.013197283665886244,0.0395272905089671,0.6889153754469607,0.14149,0.8170188705915612,0.9391969808155991
5,0.06,0.5,4.8,40.0,4.8/40,SL,T1,10.0,A5,0.004001936921189159,0.0006400753136108779,0.004052800948513389,0.004028513082811817,0.0011021369238892235,0.004186468055341913,0.0003777624965795486,-0.3092091313873772,0.035200521834340893,-0.2740086095530363,0.8580756929637526,0.14149,0.4550851650293307,0.9875947863158263
5,0.06,0.5,4.8,40.0,4.8/40,SL,T1,10.0,A6,0.0031172159264701836,0.0006809234524263328,0.003190719649280325,0.003775136273228604,0.0011021369238892235,0.0037132596362283257,0.0007991497316127429,-0.02996678210474238,-0.010611408137354254,-0.040578190242096634,0.6752014556797504,0.14149,0.7343275143119655,0.9417828563441311
5,0.06,0.5,4.8,40.0,4.8/40,SL,T1,10.0,A7,0.0032306398106166584,0.0009640837744635659,0.0033714227130582654,0.00341977153206057,0.0011021369238892235,0.0030481047231880496,0.0010461245794959942,0.08000565410983108,-0.05736683323432459,0.022638820875506498,0.5699971371314057,0.14149,0.844299950526539,0.8950274312471608
5,0.06,0.5,4.8,40.0,4.8/40,SL,T1,13.0,A1,0.0,0.0,0.0,0.006690893596211984,0.0006608027118588422,0.006624291954489858,0.000437989352692974,0.0,0.0,0.0,0.6498131024985245,0.04576,0.7218094405594405,0.9813464118041583
5,0.06,0.5,4.8,40.0,4.8/40,SL,T1,13.0,A2,0.007499886354323976,0.00042046228771441303,0.007511663188879346,0.00805741714381467,0.0006608027118588422,0.006964866860150554,0.0001583938751658775,-0.38920454545454547,0.01625377263581489,-0.37295077281873057,0.8692175899486008,0.04576,0.3326048951048951,0.9976001844399732
5,0.06,0.5,4.8,40.0,4.8/40,SL,T1,13.0,A3,0.003440634815692493,0.0002627840376850867,0.0034506555008313117,0.006344925107351806,0.0006608027118588422,0.006130873179990756,0.0005082289403032412,0.057473776223776224,-0.006633551307847083,0.05084022491592914,0.5964208061548754,0.04576,0.7792832167832168,0.9747128604963112
5,0.06,0.5,4.8,40.0,4.8/40,SL,T1,13.0,A4,0.0032364720189598864,0.00022542813420126093,0.0032443133284563845,0.00641154070107771,0.0006608027118588422,0.006199235121800746,0.000490660129530425,0.05048076923076923,-0.004872987927565392,0.04560778130320384,0.6115244852050528,0.04576,0.7722902097902098,0.9764734238765929
5,0.06,0.5,4.8,40.0,4.8/40,SL,T1,13.0,A5,0.0070461485304215065,0.00039110528421536266,0.007056994576737489,0.008219312049690253,0.0006608027118588422,0.007247683830831334,0.00021631573809030772,-0.31993006993006995,0.014168343393695507,-0.30576172653637446,0.8112042346713718,0.04576,0.4018793706293706,0.9955147551978538
5,0.06,0.5,4.8,40.0,4.8/40,SL,T1,13.0,A6,0.005879991697591729,0.00043290195065018153,0.005895905906866594,0.006710595782248596,0.0006608027118588422,0.00686370536738051,0.0004936362591073452,-0.036276223776223776,-0.00516641515761234,-0.041442638933836116,0.5798521256931608,0.04576,0.6855332167832168,0.976179996646546
5,0.06,0.5,4.8,40.0,4.8/40,SL,T1,13.0,A7,0.006028140473339281,0.0006143003812902186,0.006059359910482661,0.005619567012370913,0.0006608027118588422,0.005693641104263749,0.0006601782499286064,0.09702797202797202,-0.02482603957075788,0.07220193245721414,0.4745440729483283,0.04576,0.8188374125874126,0.9565203722334004
6,0.125,0.1,10.0,8.0,10/8,AP,T1,7.0,A1,0.0,0.0,0.0,0.000728858100519093,0.001229415925958339,0.0012019937928888565,0.0026938236392368927,0.0,0.0,0.0,0.9593993781026676,0.81441,0.8637786864110215,0.8395926504660811
6,0.125,0.1,10.0,8.0,10/8,AP,T1,7.0,A2,0.00096457881731124,0.002412988506342536,0.0025986392259308975,0.0006749194179767772,0.001229415925958339,0.0010292458651892486,0.0026121757922817988,0.040851659483552516,0.011638558111967241,0.05249021759551976,0.9638778046706352,0.81441,0.904630345894574,0.8512312085780483
6,0.125,0.1,10.0,8.0,10/8,AP,T1,7.0,A3,0.0010391307919153411,0.002865444647374744,0.0030480429507923896,0.0009114803013130573,0.001229415925958339,0.0006766142231168108,0.0034964537923481533,0.09743249714517258,-0.18756398512850908,-0.0901314879833365,0.9237904177484069,0.81441,0.9612111835561941,0.6520286653375721
6,0.125,0.1,10.0,8.0,10/8,AP,T1,7.0,A4,0.0010174065628336785,0.002775237167480164,0.0029558513917077034,0.0009000239601011801,0.001229415925958339,0.0007130635527292339,0.0034599951227774787,0.09293844623715328,-0.1728002586346247,-0.07986181239747142,0.9264684898929846,0.81441,0.9567171326481747,0.6667923918314564
6,0.125,0.1,10.0,8.0,10/8,AP,T1,7.0,A5,0.0008984266405076211,0.002252026077659286,0.002424622008237836,0.0006875076090408044,0.001229415925958339,0.001062211073547721,0.002639215342853987,0.03385272774155524,0.007866803168274157,0.0417195309098294,0.9627181141765984,0.81441,0.8976314141525767,0.8474594536343553
6,0.125,0.1,10.0,8.0,10/8,AP,T1,7.0,A6,0.0010228496014296788,0.002510497424808005,0.0027108704556124547,0.0007737971544561842,0.001229415925958339,0.001283569283722661,0.0027793376494585054,-0.023452560749499633,-0.013039495662481818,-0.03649205641198145,0.9550770347214469,0.81441,0.8403261256615219,0.8265531548035994
6,0.125,0.1,10.0,8.0,10/8,AP,T1,7.0,A7,0.0010357588367724483,0.0027874878558008477,0.0029736988607102473,0.0007953872724692777,0.001229415925958339,0.0007966603814727718,0.0031305986285231203,0.08154369420807701,-0.07861414946926021,0.0029295447388168055,0.9455197484771075,0.81441,0.9453223806190985,0.760978500996821
6,0.125,0.1,10.0,8.0,10/8,AP,T1,10.0,A1,0.0,0.0,0.0,0.0014528668679303686,0.0015811385261892774,0.001895327662114099,0.0012439286669076435,0.0,0.0,0.0,0.9004072217122143,0.49969,0.7655146190638196,0.9154324318922268
6,0.125,0.1,10.0,8.0,10/8,AP,T1,10.0,A2,0.0015477636960369904,0.001134122741345935,0.001918803494683107,0.0013005564180921588,0.0015811385261892774,0.0017058478626383949,0.0011714321602385707,0.05789589545518222,0.01041354360296616,0.06830943905814837,0.9172890424701817,0.49969,0.8234105145190018,0.925845975495193
6,0.125,0.1,10.0,8.0,10/8,AP,T1,10.0,A3,0.001635102701562774,0.0014546255872850229,0.0021884918194597348,0.0016228873300207407,0.0015811385261892774,0.001183087674516326,0.0018045646854552093,0.1588184674498189,-0.12034538586076632,0.03847308158905258,0.8183557760453579,0.49969,0.9243330865136384,0.7950870460314605
6,0.125,0.1,10.0,8.0,10/8,AP,T1,10.0,A4,0.0015759877689878173,0.0013384683739648628,0.0020676641497359627,0.0015995476111335212,0.0015811385261892774,0.0012757127575102269,0.0017327308833811146,0.14519001781104285,-0.09953828626251723,0.045651731548525615,0.8316641690120253,0.49969,0.9107046368748624,0.8158941456297096
6,0.125,0.1,10.0,8.0,10/8,AP,T1,10.0,A5,0.00144659676681737,0.0010435940509189103,0.0017837406618900096,0.0013318370297054078,0.0015811385261892774,0.001740371664262326,0.0011915252662241245,0.04857011347035162,0.007615278527313068,0.05618539199766469,0.9135394911181477,0.49969,0.8140847325341712,0.9230477104195399
6,0.125,0.1,10.0,8.0,10/8,AP,T1,10.0,A6,0.0015677255775095218,0.0011903954153200356,0.0019684523695514006,0.0015840362401305724,0.0015811385261892774,0.0019568724228498156,0.0013489230258314304,-0.02333446736976926,-0.016729627630868858,-0.04006409500063812,0.87977416140817,0.49969,0.7421801516940503,0.898702804261358
6,0.125,0.1,10.0,8.0,10/8,AP,T1,10.0,A7,0.0016694016197721085,0.0013398701044353817,0.002140596567515098,0.0014656243879961582,0.0015811385261892774,0.0013337928171107767,0.0015078401729186845,0.13586423582621227,-0.04631128700205872,0.08955294882415354,0.8730737172653085,0.49969,0.9013788548900318,0.8691211448901681
6,0.125,0.1,10.0,8.0,10/8,AP,T1,13.0,A1,0.0,0.0,0.0,0.002512029258841756,0.001380811036673737,0.002870525608591062,0.0007653810609888592,0.0,0.0,0.0,0.8403574788334901,0.25641,0.6967746967746967,0.9543565674632526
6,0.125,0.1,10.0,8.0,10/8,AP,T1,13.0,A2,0.0023634159575161985,0.0006963528653116088,0.002463867346524544,0.0022387008915120223,0.001380811036673737,0.0026442666193292395,0.0007141620340247918,0.06914706914706915,0.006159308220928198,0.07530637736799735,0.8699446290143965,0.25641,0.765921765921766,0.9605158756841808
6,0.125,0.1,10.0,8.0,10/8,AP,T1,13.0,A3,0.0024891526709594314,0.0009643980766762103,0.0026694465099794088,0.002515755036542094,0.001380811036673737,0.0019152719195243717,0.0011933610004072066,0.19812019812019813,-0.0747454914670719,0.12337470665312622,0.7193554454824754,0.25641,0.8948948948948949,0.8796110759961807
6,0.125,0.1,10.0,8.0,10/8,AP,T1,13.0,A4,0.0023763938873929934,0.0008415353788871269,0.002520997759213102,0.0025107360778927642,0.001380811036673737,0.0020833912032246116,0.0011070338371093728,0.17565617565617567,-0.05576998076897215,0.11988619488720352,0.7478853933335562,0.25641,0.8724308724308725,0.8985865866942805
6,0.125,0.1,10.0,8.0,10/8,AP,T1,13.0,A5,0.002183080614814445,0.0006435666980004072,0.0022759655238060532,0.002288672316493538,0.001380811036673737,0.0026937858666451413,0.0007236505609453162,0.05608205608205608,0.005056549980500008,0.06113860606255609,0.8647970611952334,0.25641,0.7528567528567529,0.9594131174437526
6,0.125,0.1,10.0,8.0,10/8,AP,T1,13.0,A6,0.002343144371963062,0.0007420190850019636,0.0024578278764733146,0.0027115063308168464,0.001380811036673737,0.0029186372218444937,0.0008582228990906304,-0.019071019071019067,-0.012506892239002674,-0.031577911310021745,0.8007465093774481,0.25641,0.6777036777036777,0.9418496752242499
6,0.125,0.1,10.0,8.0,10/8,AP,T1,13.0,A7,0.0025627765286464024,0.0008396082829313212,0.0026968065567533365,0.0023713174966920577,0.001380811036673737,0.0020820309166280906,0.0009487523904414171,0.17585117585117585,-0.026493094312726097,0.14935808153844976,0.8066260499657522,0.25641,0.8726258726258727,0.9278634731505265
6,0.125,0.1,10.0,8.0,10/8,SL,T1,7.0,A1,0.0,0.0,0.0,0.0018784309346912716,0.0015529274261857828,0.0021412470512372057,0.0011738646923014062,0.0,0.0,0.0,0.8511740620038439,0.40597,0.7527157179101904,0.9100550477248623
6,0.125,0.1,10.0,8.0,10/8,SL,T1,7.0,A2,0.0017602574085863302,0.0010344397620458698,0.00204170805106523,0.0017228619708660304,0.0015529274261857828,0.001946117092757125,0.0011238024003613005,0.05751656526344311,0.008248741646044808,0.06576530690948793,0.8714300853070523,0.40597,0.8102322831736335,0.9183037893709072
6,0.125,0.1,10.0,8.0,10/8,SL,T1,7.0,A3,0.0018522401393936607,0.001328327737015316,0.002279308691446878,0.0019396581347862823,0.0015529274261857828,0.0013466899473174184,0.0016679764266078032,0.16725373796093307,-0.11896705553591569,0.04828668242501738,0.7505928694883235,0.40597,0.9199694558711234,0.7910879921889467
6,0.125,0.1,10.0,8.0,10/8,SL,T1,7.0,A4,0.0018151237489249631,0.0012813270152244349,0.0022218175316293127,0.0019388588954585677,0.0015529274261857828,0.001407702089067978,0.0016395392150223042,0.15905116141586817,-0.10952308805952561,0.04952807335634256,0.7575106417812705,0.40597,0.9117668793260586,0.8005319596653367
6,0.125,0.1,10.0,8.0,10/8,SL,T1,7.0,A5,0.0016395958870545208,0.0009671779555349366,0.0019036039163961712,0.0017508287786352928,0.0015529274261857828,0.0019760676824750675,0.0011379153906311383,0.04973273887233047,0.0059761291517263435,0.055708868024056814,0.8672168241714362,0.40597,0.8024484567825209,0.9160311768765887
6,0.125,0.1,10.0,8.0,10/8,SL,T1,7.0,A6,0.0018167578451674588,0.0011248858356339398,0.002136814734876979,0.002012869951875141,0.0015529274261857828,0.002213860978045295,0.0012618275209345592,-0.026824642214941984,-0.015824116627106373,-0.04264875884204836,0.8242615797717611,0.40597,0.7258910756952485,0.894230931097756
6,0.125,0.1,10.0,8.0,10/8,SL,T1,7.0,A7,0.0018767927341543996,0.0012060551727601713,0.0022309011736776495,0.0018311757419818716,0.0015529274261857828,0.0015631076703097886,0.0013933614021487326,0.13562578515653867,-0.04307863239230342,0.09254715276423525,0.8202702087977073,0.40597,0.8883415030667291,0.866976415332559
6,0.125,0.1,10.0,8.0,10/8,SL,T1,10.0,A1,0.0,0.0,0.0,0.003776121692886938,0.0011040852861079165,0.003929065338068287,0.0006162879100815056,0.0,0.0,0.0,0.7682819383259912,0.14209,0.6750650995847702,0.9662785140632467
6,0.125,0.1,10.0,8.0,10/8,SL,T1,10.0,A2,0.003281940107959695,0.0005613798352510877,0.003329606311812409,0.0034523200561584243,0.0011040852861079165,0.0036640104249889404,0.0005782520645741681,0.06833696952635654,0.004161275658285835,0.07249824518464237,0.8063974349186961,0.14209,0.7434020691111267,0.9704397897215326
6,0.125,0.1,10.0,8.0,10/8,SL,T1,10.0,A3,0.003428728137829404,0.0007698658685355999,0.0035140959148377217,0.003410756799487885,0.0011040852861079165,0.002655500846747067,0.0009645005447997955,0.21197832359771976,-0.053735240293270856,0.15824308330444892,0.62684637191028,0.14209,0.88704342318249,0.9125432737699759
6,0.125,0.1,10.0,8.0,10/8,SL,T1,10.0,A4,0.00331477788531537,0.0006961529137066067,0.0033870903897354194,0.003461590434901611,0.0011040852861079165,0.002833484966829397,0.0009111913173079352,0.19360968400309664,-0.04346609784243102,0.15014358616066562,0.6508304771948326,0.14209,0.8686747835878669,0.9228124162208157
6,0.125,0.1,10.0,8.0,10/8,SL,T1,10.0,A5,0.003042654505296572,0.000525958418547649,0.003087778926128403,0.003505839072565198,0.0011040852861079165,0.0037107374305308987,0.000585931870310739,0.05806179182208459,0.0033453392547003764,0.061407131076784964,0.7998924978883514,0.14209,0.7331268914068548,0.9696238533179471
6,0.125,0.1,10.0,8.0,10/8,SL,T1,10.0,A6,0.0032735427647151523,0.0005986764290327959,0.0033278364892371714,0.0039405048884314856,0.0011040852861079165,0.0039815122292456255,0.000685723715072825,-0.017735238229291295,-0.008392488722593279,-0.026127726951884575,0.721068478344785,0.14209,0.6573298613554789,0.9578860253406535
6,0.125,0.1,10.0,8.0,10/8,SL,T1,10.0,A7,0.0035213516384108817,0.0006730981188637844,0.0035851050806018176,0.0034541253340586568,0.0011040852861079165,0.002987781384769507,0.0007639303604317421,0.17587444577380532,-0.01913953678124745,0.15673490899255788,0.7272344520630338,0.14209,0.8509395453585755,0.9471389772819993
6,0.125,0.1,10.0,8.0,10/8,SL,T1,13.0,A1,0.0,0.0,0.0,0.007103400030646973,0.0006675660079722454,0.007089212103793443,0.00036670337915014603,0.0,0.0,0.0,0.7016148469510726,0.04675,0.6226737967914439,0.9870128507736691
6,0.125,0.1,10.0,8.0,10/8,SL,T1,13.0,A2,0.0057901043875059205,0.00033267763787866344,0.005799653716297193,0.006523629050070503,0.0006675660079722454,0.006690553984362518,0.0003402723139804676,0.07914438502673796,0.0018253343823760818,0.08096971940911404,0.75512082853855,0.04675,0.7018181818181818,0.9888381851560452
6,0.125,0.1,10.0,8.0,10/8,SL,T1,13.0,A3,0.006192106234582904,0.0005002514776867635,0.006212280673093276,0.0057357020482848315,0.0006675660079722454,0.005124673944123136,0.000614865732023442,0.23401069518716577,-0.024453186467348544,0.20955750871981724,0.5287826775811988,0.04675,0.8566844919786096,0.9625596643063205
6,0.125,0.1,10.0,8.0,10/8,SL,T1,13.0,A4,0.00593297722414754,0.0004293992597648947,0.005948495815459576,0.00599442101941877,0.0006675660079722454,0.005488983640126329,0.0005603379171305856,0.2077005347593583,-0.01789666928927354,0.18980386547008476,0.5687078816290654,0.04675,0.8303743315508021,0.9691161814843955
6,0.125,0.1,10.0,8.0,10/8,SL,T1,13.0,A5,0.005422519285987662,0.00031130968210598146,0.0054314481609494415,0.00661309808281565,0.0006675660079722454,0.006791726164195577,0.00033852856874424093,0.06267379679144386,0.001940729084710202,0.06461452587615406,0.7526427061310782,0.04675,0.6853475935828877,0.9889535798583793
6,0.125,0.1,10.0,8.0,10/8,SL,T1,13.0,A6,0.006006967904582754,0.00037250121507899565,0.006018506505930076,0.007195767246368667,0.0006675660079722454,0.0071478918066536,0.0004272932481074029,-0.017112299465240635,-0.004731182795698926,-0.02184348226093956,0.6263274336283186,0.04675,0.6055614973262032,0.9822816679779701
6,0.125,0.1,10.0,8.0,10/8,SL,T1,13.0,A7,0.006437719207991852,0.0004101220048763132,0.006450769617637186,0.006211462448856523,0.0006675660079722454,0.005604537404343124,0.00046054892168400225,0.19850267379679143,-0.007658012063991608,0.19084466173279982,0.6610986740141209,0.04675,0.8211764705882353,0.9793548387096774
7,0.125,0.25,10.0,20.0,10/20,AP,T1,7.0,A1,0.0,0.0,0.0,0.0007134437282934389,0.0012318902808286132,0.001204728108047388,0.0026244336702061096,0.0,0.0,0.0,0.9613246810141832,0.81344,0.8632351494885917,0.8485741852487135
7,0.125,0.25,10.0,20.0,10/20,AP,T1,7.0,A2,0.0011033275669791482,0.002357355092498946,0.0026027782756483197,0.0005655033355509095,0.0012318902808286132,0.0013242895074326623,0.0020219336626298386,-0.03560188827694729,0.06823542024013722,0.03263353196318993,0.9774664246823956,0.81344,0.8276332612116444,0.9168096054888508
7,0.125,0.25,10.0,20.0,10/20,AP,T1,7.0,A3,0.0009054710523777848,0.0023302403429740844,0.002499979576460198,0.0008421203355328242,0.0012318902808286132,0.0008638100538648009,0.0032343125236793434,0.07185533044846577,-0.11438679245283019,-0.04253146200436442,0.9387951569307481,0.81344,0.9350904799370574,0.7341873927958834
7,0.125,0.25,10.0,20.0,10/20,AP,T1,7.0,A4,0.0008834567761252229,0.0022504979310601636,0.0024176924562457586,0.0008336956007727634,0.0012318902808286132,0.0008864788456645478,0.0031995831628209882,0.06813040912667191,-0.10564965694682676,-0.03751924782015485,0.9404645158086821,0.81344,0.9313655586152636,0.7429245283018868
7,0.125,0.25,10.0,20.0,10/20,AP,T1,7.0,A5,0.001006518994421747,0.0021496092067029605,0.00237358383624297,0.0005941683324181221,0.0012318902808286132,0.001324551176324263,0.0021213927247832973,-0.03568794256490952,0.05890866209262435,0.02322071952771483,0.9750007241968657,0.81344,0.8275472069236821,0.9074828473413379
7,0.125,0.25,10.0,20.0,10/20,AP,T1,7.0,A6,0.0010172527108874797,0.002473692109375453,0.0026746879686786467,0.0007664163074502412,0.0012318902808286132,0.0012853542111634021,0.0027385239520899443,-0.023222364280094415,-0.016777444253859353,-0.03999980853395377,0.956092237085129,0.81344,0.8400127852084972,0.8317967409948542
7,0.125,0.25,10.0,20.0,10/20,AP,T1,7.0,A7,0.001040974388425581,0.002868259757874219,0.0030513180293110526,0.0008178854480106905,0.0012318902808286132,0.0008127551742558284,0.003179693547778501,0.07978461841070023,-0.1008254716981132,-0.02104085328741298,0.9421973837744887,0.81344,0.9430197678992919,0.7477487135506004
7,0.125,0.25,10.0,20.0,10/20,AP,T1,10.0,A1,0.0,0.0,0.0,0.0014371643563887832,0.0015811382178671162,0.001891630055500658,0.0012318386068482954,0.0,0.0,0.0,0.90282028344084,0.50044,0.7663256334425705,0.9173672832092241
7,0.125,0.25,10.0,20.0,10/20,AP,T1,10.0,A2,0.001727448179690081,0.0011343800434953414,0.002066614452817716,0.0011773092519911997,0.0015811382178671162,0.002044441071550457,0.0008821380271185639,-0.06426344816561426,0.04211706301545359,-0.022146385150160666,0.9455298993487271,0.50044,0.7020621852769563,0.9594843462246777
7,0.125,0.25,10.0,20.0,10/20,AP,T1,10.0,A3,0.0014109574208275247,0.0011690388062397844,0.001832335278785736,0.001572864286086674,0.0015811382178671162,0.0014601948168610156,0.001624883441340287,0.11222124530413237,-0.0737048602770438,0.03851638502708857,0.849157911001236,0.50044,0.8785468787467029,0.8436624229321803
7,0.125,0.25,10.0,20.0,10/20,AP,T1,10.0,A4,0.0013498900064147733,0.0010648012788214147,0.001719303577847204,0.001548441989517701,0.0015811382178671162,0.0015140032792339483,0.0015658325725053397,0.10149068819438893,-0.06027304027544239,0.04121764791894654,0.8588237620629647,0.50044,0.8678163216369594,0.8570942429337818
7,0.125,0.25,10.0,20.0,10/20,AP,T1,10.0,A5,0.001553574376933795,0.0010386552821388716,0.001868795906400752,0.001232542949572283,0.0015811382178671162,0.0020405910311215264,0.0009327857281972966,-0.06232515386459915,0.0370926415245416,-0.02523251234005755,0.9393430384471818,0.50044,0.7040004795779714,0.9544599247337657
7,0.125,0.25,10.0,20.0,10/20,AP,T1,10.0,A6,0.0015552687132519456,0.001160056400337651,0.001940255555947389,0.0015673822312693092,0.0015811382178671162,0.0019511658611140114,0.0013370091844401555,-0.022440252577731593,-0.016494515173352552,-0.03893476775108415,0.8825956044477109,0.50044,0.7438853808648389,0.9008727680358716
7,0.125,0.25,10.0,20.0,10/20,AP,T1,10.0,A7,0.0016635252058665965,0.0013750596772042843,0.002158264401417642,0.001494125162579716,0.0015811382178671162,0.0013333463629201319,0.0015532142781699446,0.1349612341139797,-0.057530626951717505,0.07743060716226219,0.8656200821402525,0.50044,0.9012868675565502,0.8598366562575066
7,0.125,0.25,10.0,20.0,10/20,AP,T1,13.0,A1,0.0,0.0,0.0,0.0025134920481062204,0.0013821665876441959,0.0028617029292066073,0.0007727835021350195,0.0,0.0,0.0,0.8386479294084691,0.25718,0.6984602224123182,0.9534745968067634
7,0.125,0.25,10.0,20.0,10/20,AP,T1,13.0,A2,0.0026384599131796544,0.0007113441085209029,0.002732669236146846,0.0021314740007189977,0.0013821665876441959,0.0030333491748261404,0.0005147482617518942,-0.08286025351893614,0.026439783527637917,-0.056420469991298225,0.9138767028399908,0.25718,0.6155999688933821,0.9799143803344014
7,0.125,0.25,10.0,20.0,10/20,AP,T1,13.0,A3,0.0021236106323811225,0.0007409392856050055,0.002249158318775049,0.0025371256673791245,0.0013821665876441959,0.0023292233114325027,0.0010453844304539365,0.13391399020141534,-0.0425944374141784,0.09131955278723694,0.7637991936347094,0.25718,0.8323742126137336,0.910880159392585
7,0.125,0.25,10.0,20.0,10/20,AP,T1,13.0,A4,0.0019903108955767364,0.000635952224552543,0.0020894431538007437,0.002518511339691763,0.0013821665876441959,0.0024283740458969165,0.0009812198853118342,0.11513336962438758,-0.031003473250585604,0.08412989637380197,0.7841696960611625,0.25718,0.8135935920367058,0.9224711235561778
7,0.125,0.25,10.0,20.0,10/20,AP,T1,13.0,A5,0.002330909330020891,0.0006493722898650709,0.0024196740845872293,0.002209774799116311,0.0013821665876441959,0.003024414695964462,0.0005463034047707156,-0.07698887938408897,0.023841576694219324,-0.05314730268986964,0.9046298392574146,0.25718,0.6214713430282293,0.9773161735009828
7,0.125,0.25,10.0,20.0,10/20,AP,T1,13.0,A6,0.002352182598412353,0.0007417753538122665,0.0024663725695436207,0.0027136710694361664,0.0013821665876441959,0.0029174026686422643,0.000862153578131282,-0.022085698732405318,-0.012129452626477476,-0.0342151513588828,0.7996965796248621,0.25718,0.6763745236799129,0.9413451441802859
7,0.125,0.25,10.0,20.0,10/20,AP,T1,13.0,A7,0.002562939557455538,0.000870082146696622,0.0027066034281310204,0.0024099702429641046,0.0013821665876441959,0.0021020358424763443,0.0009841787817707127,0.17081421572439537,-0.03151503729032605,0.1392991784340693,0.7940894398465528,0.25718,0.8692744381367136,0.9219595595164374
7,0.125,0.25,10.0,20.0,10/20,SL,T1,7.0,A1,0.0,0.0,0.0,0.0018883329206156225,0.0015543201407689474,0.002143329360315937,0.0011913578891304915,0.0,0.0,0.0,0.8482808300778545,0.4083,0.7498652951261328,0.9074531012337334
7,0.125,0.25,10.0,20.0,10/20,SL,T1,7.0,A2,0.0019405194756033362,0.0010743158296989041,0.002218055530670387,0.0016258119663087429,0.0015543201407689474,0.002288028767651733,0.0008709439774721635,-0.0594660788635807,0.04544532702382964,-0.014020751839751058,0.910027117768595,0.4083,0.6903992162625521,0.952898428257563
7,0.125,0.25,10.0,20.0,10/20,SL,T1,7.0,A3,0.0016248397927619534,0.0010642294072156259,0.0019423410059320764,0.001927845294457682,0.0015543201407689474,0.0016491573232072542,0.0015251105469620172,0.12289982855743325,-0.07223255027885753,0.05066727827857573,0.7851713121075246,0.4083,0.872765123683566,0.8352205509548758
7,0.125,0.25,10.0,20.0,10/20,SL,T1,7.0,A4,0.0015812313558913923,0.0010217573682501928,0.001882626017144056,0.0019260180083306784,0.0015543201407689474,0.001689730428835561,0.0015021312748228141,0.1154053392113642,-0.06614838600642217,0.04925695320494203,0.7900221382410161,0.4083,0.865270634337497,0.8413047152273111
7,0.125,0.25,10.0,20.0,10/20,SL,T1,7.0,A5,0.0017471828442566578,0.000975775449042226,0.0020011960469225256,0.001700841548150617,0.0015543201407689474,0.0022857246509356407,0.0009263905908913031,-0.058339456282145485,0.03888794997464932,-0.019451506307496168,0.8989175421840179,0.4083,0.6915258388439872,0.9463410512083826
7,0.125,0.25,10.0,20.0,10/20,SL,T1,7.0,A6,0.0018144927414927897,0.0011216410709359943,0.0021331813333470887,0.0020128182309421686,0.0015543201407689474,0.0022133973079090756,0.0012707528656759003,-0.026328679892236105,-0.014449890147033972,-0.04077857003927007,0.8235162935912803,0.4083,0.7235366152338967,0.8930032110866993
7,0.125,0.25,10.0,20.0,10/20,SL,T1,7.0,A7,0.0018778613151785152,0.0012804361943213956,0.00227285722533824,0.0018805243636855543,0.0015543201407689474,0.0015952773583471679,0.001469457157072639,0.13235366152338965,-0.05783336150076053,0.07452030002262912,0.8019101048554064,0.4083,0.8822189566495224,0.8496197397329728
7,0.125,0.25,10.0,20.0,10/20,SL,T1,10.0,A1,0.0,0.0,0.0,0.003745478773097539,0.001109633650805526,0.003907900626619451,0.0006155439050028905,0.0,0.0,0.0,0.7713785697239679,0.14381,0.6742924692302343,0.9664326843340847
7,0.125,0.25,10.0,20.0,10/20,SL,T1,10.0,A2,0.0036638222420837868,0.0005637534359030313,0.0037069409704067772,0.003416483918208584,0.001109633650805526,0.004105369682227462,0.0004124885450688487,-0.08698977817954245,0.018780878076127962,-0.06820890010341449,0.8696457990115322,0.14381,0.5873026910506919,0.9852135624102127
7,0.125,0.25,10.0,20.0,10/20,SL,T1,10.0,A3,0.0029723503410904787,0.0005933803595573617,0.003031000956992444,0.003533921620510138,0.001109633650805526,0.003178033916156234,0.0008405934330866525,0.14936374382866283,-0.03111458905149558,0.11824915477716724,0.6814128746476442,0.14381,0.8236562130588971,0.9353180952825891
7,0.125,0.25,10.0,20.0,10/20,SL,T1,10.0,A4,0.002819911078717405,0.0005321693213033733,0.0028696868606887496,0.0035624524453581074,0.001109633650805526,0.003297455361699432,0.0008016238825712576,0.13170155065711703,-0.024865976009997782,0.10683557464711925,0.6985054839098469,0.14381,0.8059940198873514,0.941566708324087
7,0.125,0.25,10.0,20.0,10/20,SL,T1,10.0,A5,0.0032486307513662073,0.0005163298989726171,0.0032894069865699563,0.003526818223763314,0.001109633650805526,0.004096213689521426,0.0004409657491946611,-0.08100966553090883,0.016631822375874513,-0.06437784315503431,0.8547385293528351,0.14381,0.5932828036993255,0.9830645067099593
7,0.125,0.25,10.0,20.0,10/20,SL,T1,10.0,A6,0.003150615837004772,0.0005963532940557188,0.0032065584984085956,0.0039492538155894595,0.001109633650805526,0.003983096564212267,0.0006900626477257145,-0.026493289757318683,-0.0090166902206286,-0.03550997997794728,0.7187162474926709,0.14381,0.6477991794729157,0.9574159941134561
7,0.125,0.25,10.0,20.0,10/20,SL,T1,10.0,A7,0.0035152274632068597,0.0007005892638877623,0.003584361789043976,0.0034552035943087095,0.001109633650805526,0.0029751995558365556,0.000797023293457263,0.17599610597315904,-0.024153517326761586,0.15184258864639746,0.7121723937099592,0.14381,0.8502885752033934,0.9422791670073232
7,0.125,0.25,10.0,20.0,10/20,SL,T1,13.0,A1,0.0,0.0,0.0,0.0070975025523041645,0.0006688545163187582,0.007073139503744045,0.0003737233592428289,0.0,0.0,0.0,0.6946093564473996,0.04694,0.6231359181934384,0.9865066207793843
7,0.125,0.25,10.0,20.0,10/20,SL,T1,13.0,A2,0.006508838865664061,0.0003448299610341245,0.006517966790434407,0.007082611043342676,0.0006688545163187582,0.007294474438901593,0.00024178551954936794,-0.10779718789944609,0.007890374163221622,-0.09990681373622447,0.8191669488655604,0.04694,0.5153387302939924,0.9943969949426059
7,0.125,0.25,10.0,20.0,10/20,SL,T1,13.0,A3,0.005350800132417697,0.00037657817936613075,0.005364035158558896,0.006220306264734143,0.0006688545163187582,0.006015157626536178,0.000526877671431459,0.15999147848317,-0.013703229597297127,0.14628824888587286,0.5864709636247607,0.04694,0.7831273966766085,0.9728033911820871
7,0.125,0.25,10.0,20.0,10/20,SL,T1,13.0,A4,0.004992082574175379,0.00031620227954830136,0.005002086795426187,0.006401169366245089,0.0006688545163187582,0.006247652970070943,0.0004867530957828703,0.13527907967618236,-0.009621639770843389,0.12565743990533898,0.6177338191913934,0.04694,0.7584149978696207,0.9768849810085409
7,0.125,0.25,10.0,20.0,10/20,SL,T1,13.0,A5,0.005674581421522946,0.0003128771221509551,0.005683200366260091,0.007137603681556109,0.0006688545163187582,0.007284539747094266,0.00025789435096042787,-0.09288453344695355,0.007113927769500346,-0.0857706056774532,0.803680981595092,0.04694,0.5302513847464849,0.9936205485488846
7,0.125,0.25,10.0,20.0,10/20,SL,T1,13.0,A6,0.005890120466160758,0.00037598398430285475,0.005902108357387051,0.007179194725840832,0.0006688545163187582,0.007135756558408101,0.0004309643032940287,-0.018321261184490845,-0.004532768136318805,-0.022854029320809648,0.6229975861312267,0.04694,0.6048146570089475,0.9819738526430655
7,0.125,0.25,10.0,20.0,10/20,SL,T1,13.0,A7,0.006454819477565194,0.0004209644148975179,0.006468531945238039,0.006164040886838127,0.0006688545163187582,0.005501768137678457,0.00047803861273613746,0.20536855560289732,-0.008782238264117684,0.19658631733877963,0.6468729208250167,0.04694,0.8285044737963357,0.9777243825152666
8,0.125,0.5,10.0,40.0,10/40,AP,T1,7.0,A1,0.0,0.0,0.0,0.0007167823932344447,0.001229824936728801,0.0012010237093684746,0.002650825008194323,0.0,0.0,0.0,0.9608461706544302,0.81425,0.8640712311943506,0.8456527590847914
8,0.125,0.5,10.0,40.0,10/40,AP,T1,7.0,A2,0.0015071635696479492,0.002529044116044955,0.0029440798505773512,0.00048489323220244306,0.001229824936728801,0.0016524641332816838,0.0014162924559342884,-0.19776481424623887,0.11558546433378197,-0.0821793499124569,0.9869028995525158,0.81425,0.6663064169481118,0.9612382234185733
8,0.125,0.5,10.0,40.0,10/40,AP,T1,7.0,A3,0.0007324929112985218,0.0018625682167696849,0.0020014260484022854,0.0008015294761347252,0.001229824936728801,0.0010036366720946185,0.003057035468278591,0.04578446423088732,-0.0692328398384926,-0.02344837560760528,0.9469183772591324,0.81425,0.9098556954252379,0.7764199192462988
8,0.125,0.5,10.0,40.0,10/40,AP,T1,7.0,A4,0.0007090327431056445,0.0017938511964486195,0.0019288933474394217,0.0007957779886342199,0.001229824936728801,0.0010186211082248821,0.00303045810507641,0.04276327909118821,-0.06384925975773889,-0.02108598066655068,0.9479664150362039,0.81425,0.9068345102855389,0.7818034993270525
8,0.125,0.5,10.0,40.0,10/40,AP,T1,7.0,A5,0.0014081915519538407,0.0023069830560106578,0.0027028085888043275,0.0005693609587476989,0.001229824936728801,0.0016241636807724788,0.0017140343360477989,-0.1764322996622659,0.09641991924629878,-0.08001238041596712,0.9811449699476055,0.81425,0.6876389315320848,0.9420726783310902
8,0.125,0.5,10.0,40.0,10/40,AP,T1,7.0,A6,0.001019949787413828,0.002494745590907549,0.0026951907413387587,0.0007791017959748065,0.001229824936728801,0.001284436873843128,0.0027934478004747656,-0.023972981271108383,-0.021534320323014805,-0.04550730159412319,0.9544173456859024,0.81425,0.8400982499232422,0.8241184387617766
8,0.125,0.5,10.0,40.0,10/40,AP,T1,7.0,A7,0.0010953981909483765,0.00328263988264689,0.0034605811355720244,0.0009253938938634544,0.001229824936728801,0.0008893661362283876,0.0034649725763640513,0.0667362603622966,-0.1813728129205922,-0.1146365525582956,0.9239762517219939,0.81425,0.9308074915566472,0.6642799461641992
8,0.125,0.5,10.0,40.0,10/40,AP,T1,10.0,A1,0.0,0.0,0.0,0.0014444301652394795,0.0015811261809229522,0.0018977071966511617,0.001242032357193224,0.0,0.0,0.0,0.9017018572134736,0.502,0.7630876494023905,0.916144578313253
8,0.125,0.5,10.0,40.0,10/40,AP,T1,10.0,A2,0.0021533938123934723,0.0011951726953319261,0.0024628322482299673,0.0010678341667111984,0.0015811261809229522,0.0022310616384330993,0.0005464816174289466,-0.2741633466135458,0.06875502008032128,-0.20540832653322452,0.9702719797596457,0.502,0.48892430278884463,0.9848995983935743
8,0.125,0.5,10.0,40.0,10/40,AP,T1,10.0,A3,0.001139675414747008,0.0008937902018379493,0.0014483511231328842,0.001533253068278842,0.0015811261809229522,0.0016638467704049636,0.001483821410344619,0.0701195219123506,-0.04150602409638554,0.02861349781596506,0.8701268982733513,0.502,0.8332071713147411,0.8746385542168674
8,0.125,0.5,10.0,40.0,10/40,AP,T1,10.0,A4,0.0010762653060933224,0.0008071849013706378,0.0013453231857441835,0.001514490063727869,0.0015811261809229522,0.0016955719270514487,0.0014426101678527085,0.06199203187250996,-0.03357429718875502,0.02841773468375494,0.8762773182135528,0.502,0.8250796812749004,0.882570281124498
8,0.125,0.5,10.0,40.0,10/40,AP,T1,10.0,A5,0.001969103404989038,0.0010961736875594146,0.0022536559126976386,0.0012339656236251967,0.0015811261809229522,0.002225192885875435,0.0007077727702889731,-0.225199203187251,0.05825301204819277,-0.16694619113905823,0.9549103511687944,0.502,0.5378884462151394,0.9743975903614458
8,0.125,0.5,10.0,40.0,10/40,AP,T1,10.0,A6,0.0015723203142352692,0.0011933348573694247,0.001973889371867076,0.0015793740397246968,0.0015811261809229522,0.0019568926885223186,0.0013525709121693242,-0.022749003984063737,-0.01753012048192771,-0.040279124465991446,0.8803951295778651,0.502,0.7403386454183267,0.8986144578313253
8,0.125,0.5,10.0,40.0,10/40,AP,T1,10.0,A7,0.0017285284317596333,0.0017004709814914237,0.0024247499042779285,0.0016620048030445832,0.0015811261809229522,0.0013825287806049798,0.0018172608893755188,0.129402390438247,-0.12367469879518073,0.005727691643066274,0.8125612100547717,0.502,0.8924900398406375,0.7924698795180722
8,0.125,0.5,10.0,40.0,10/40,AP,T1,13.0,A1,0.0,0.0,0.0,0.002500896957094768,0.001379237215275168,0.002868973301193032,0.000758345202287449,0.0,0.0,0.0,0.8426166108569542,0.25552,0.6992016280525987,0.9551767676767676
8,0.125,0.5,10.0,40.0,10/40,AP,T1,13.0,A2,0.0031183233424639007,0.0007320904604534516,0.003203107383532775,0.0021290393728217553,0.001379237215275168,0.003055956348364028,0.0003095692059294553,-0.30584690043832186,0.03763700838168923,-0.26820989205663265,0.9494615529945211,0.25552,0.39335472761427676,0.9928137760584569
8,0.125,0.5,10.0,40.0,10/40,AP,T1,13.0,A3,0.0017076803206632829,0.0005574284718594226,0.0017963570298858143,0.002545323500902834,0.001379237215275168,0.0025902378890617877,0.0009258954458171743,0.08108954289292424,-0.023694390715667313,0.05739515217725692,0.7962778066216702,0.25552,0.7802911709455228,0.9314823769611004
8,0.125,0.5,10.0,40.0,10/40,AP,T1,13.0,A4,0.0015750839732699069,0.0004767811931913633,0.0016456639477829904,0.0025240876638695942,0.001379237215275168,0.002643750571822664,0.0008841222895591494,0.0680181590482154,-0.0172200730711369,0.050798085977078494,0.8093134624117574,0.25552,0.7672197871008141,0.9379566946056308
8,0.125,0.5,10.0,40.0,10/40,AP,T1,13.0,A5,0.00283573791597937,0.0006746119090141825,0.002914877485574099,0.0023143310810137515,0.001379237215275168,0.0031165710210017054,0.0004044585967889731,-0.24178146524733876,0.032492477971201375,-0.20928898727613737,0.9271775345073774,0.25552,0.4574201628052599,0.9876692456479691
8,0.125,0.5,10.0,40.0,10/40,AP,T1,13.0,A6,0.002336870222564868,0.0007507659521898896,0.002454508495010349,0.0027064675545111693,0.001379237215275168,0.002918435945326821,0.000853217030317044,-0.019293988728866625,-0.012679991403395657,-0.031973980132262284,0.8022998060404544,0.25552,0.679907639323732,0.942496776273372
8,0.125,0.5,10.0,40.0,10/40,AP,T1,13.0,A7,0.0026251199075439198,0.0010978759506349697,0.0028454500754653976,0.0025719699253100073,0.001379237215275168,0.002159657381751007,0.0011806728205689275,0.1624921728240451,-0.07278906082097572,0.08970311200306938,0.7154741015142653,0.25552,0.8616938008766437,0.8823877068557919
8,0.125,0.5,10.0,40.0,10/40,SL,T1,7.0,A1,0.0,0.0,0.0,0.0018862707353395263,0.001553379675417443,0.00214137121040266,0.0011846338312293913,0.0,0.0,0.0,0.8490408905421536,0.40672,0.7519915420928402,0.9083400755124056
8,0.125,0.5,10.0,40.0,10/40,SL,T1,7.0,A2,0.0023840999122296635,0.0011241250441852851,0.0026358280494861684,0.001587397886641865,0.001553379675417443,0.0024787421572322983,0.0005755909571151479,-0.2622197088906373,0.07160194174757281,-0.19061776714306447,0.9436286120322123,0.40672,0.48977183320220297,0.9799420172599784
8,0.125,0.5,10.0,40.0,10/40,SL,T1,7.0,A3,0.0013178782341353485,0.0008326655046836005,0.001558888989857103,0.0019277651373643592,0.001553379675417443,0.00186917135737529,0.0014013847852509167,0.07648996852871755,-0.04298139158576052,0.03350857694295703,0.8083677190288839,0.40672,0.8284815106215578,0.8653586839266451
8,0.125,0.5,10.0,40.0,10/40,SL,T1,7.0,A4,0.0012782021769259275,0.0008007518844522008,0.0015083117666954437,0.0019254701545502048,0.001553379675417443,0.0018901418397023117,0.0013864225590241453,0.0715725806451613,-0.03961030204962244,0.03196227859553886,0.8113554888092239,0.40672,0.8235641227380016,0.8687297734627831
8,0.125,0.5,10.0,40.0,10/40,SL,T1,7.0,A5,0.0021881187629101515,0.0010359993222795458,0.0024209829236000674,0.0017334983500710034,0.001553379675417443,0.002473562469563467,0.0007039947686860158,-0.21811073957513769,0.06133697411003236,-0.15677376546510532,0.9234891336707354,0.40672,0.5338808025177026,0.969677049622438
8,0.125,0.5,10.0,40.0,10/40,SL,T1,7.0,A6,0.0018034072643498668,0.0011273162991628518,0.0021267627511003897,0.0020126468236636064,0.001553379675417443,0.0022122163697047867,0.0012658942048244476,-0.026258851298190396,-0.01473166127292341,-0.0409905125711138,0.8238298584945156,0.40672,0.7257326907946499,0.8936084142394822
8,0.125,0.5,10.0,40.0,10/40,SL,T1,7.0,A7,0.001963088663374615,0.0016143764164292336,0.0025416389031868445,0.0020226653310949447,0.001553379675417443,0.0016665802106150258,0.0017238917053450564,0.11818941778127458,-0.13688309061488674,-0.01869367283361216,0.723008723008723,0.40672,0.8701809598741149,0.7714569848975189
8,0.125,0.5,10.0,40.0,10/40,SL,T1,10.0,A1,0.0,0.0,0.0,0.0037606093684091277,0.0011058330936447869,0.0039110734906768925,0.0006197461877142247,0.0,0.0,0.0,0.7679974601158822,0.14263,0.6783986538596368,0.9659073678808449
8,0.125,0.5,10.0,40.0,10/40,SL,T1,10.0,A2,0.004234492399213658,0.0005982388027740077,0.004276542475428336,0.003701270429469508,0.0011058330936447869,0.004032618415275221,0.00025666062630432657,-0.31276730000701114,0.028412470695265753,-0.2843548293117454,0.9145913714486146,0.14263,0.3656313538526257,0.9943198385761106
8,0.125,0.5,10.0,40.0,10/40,SL,T1,10.0,A3,0.0023948690103048668,0.0004547374571533586,0.0024376594781586936,0.003652256867891959,0.0011058330936447869,0.00353293019571824,0.0007592841814766234,0.08988291383299446,-0.0180552153679275,0.07182769846506695,0.7102210123792858,0.14263,0.7682815676926312,0.9478521525129174
8,0.125,0.5,10.0,40.0,10/40,SL,T1,10.0,A4,0.0022615431089135843,0.0004083834471103146,0.002298119725634029,0.003662528349125495,0.0011058330936447869,0.003588110821265232,0.0007343862833438409,0.07922596929117297,-0.014509488318928817,0.06471648097224415,0.721699058304949,0.14263,0.7576246231508098,0.9513978795619161
8,0.125,0.5,10.0,40.0,10/40,SL,T1,10.0,A5,0.003846793090598836,0.0005493613065005468,0.003885822297398445,0.0038648433151311644,0.0011058330936447869,0.004146134037475096,0.00033259362300578884,-0.2477739605973498,0.024516836371694835,-0.22325712422565497,0.8820910527071665,0.14263,0.43062469326228703,0.9904242042525397
8,0.125,0.5,10.0,40.0,10/40,SL,T1,10.0,A6,0.0032493102997994193,0.0006070252479829383,0.0033055252345234546,0.003937532389238962,0.0011058330936447869,0.003968184275909271,0.000700225255073387,-0.01900021033443175,-0.009879048718756197,-0.028879259053187945,0.7138519924098672,0.14263,0.659398443525205,0.9560283191620887
8,0.125,0.5,10.0,40.0,10/40,SL,T1,10.0,A7,0.003659339811894071,0.0009807086742304805,0.003788476918581376,0.0034137264054139127,0.0011058330936447869,0.003047143918978095,0.0010458420285508324,0.16448152562574495,-0.070657942311954,0.09382358331379094,0.5723944198447841,0.14263,0.8428801794853817,0.8952494255688909
8,0.125,0.5,10.0,40.0,10/40,SL,T1,13.0,A1,0.0,0.0,0.0,0.007168216797403959,0.0006636138267094802,0.007135119341129066,0.00037471021793039405,0.0,0.0,0.0,0.689299424184261,0.04617,0.6222655403941953,0.9864231571663714
8,0.125,0.5,10.0,40.0,10/40,SL,T1,13.0,A2,0.0075237522279725895,0.00035947915195615383,0.007532335152435374,0.008537755831264326,0.0006636138267094802,0.006727223855949735,0.00015212106557988597,-0.32488628979857054,0.011364708595871381,-0.31352158120269913,0.8667929292929293,0.04617,0.29737925059562487,0.9977878657622428
8,0.125,0.5,10.0,40.0,10/40,SL,T1,13.0,A3,0.00431694649648757,0.0002800595613397768,0.004326021314260267,0.006644665975196077,0.0006636138267094802,0.006626902913481467,0.0004655052894223036,0.0950833874810483,-0.007538030886006941,0.08754535659504137,0.6218550506947053,0.04617,0.7173489278752436,0.9788851262803644
8,0.125,0.5,10.0,40.0,10/40,SL,T1,13.0,A4,0.003941034538995106,0.00023358249796003104,0.003947950610241422,0.006757921909494524,0.0006636138267094802,0.0067440495257797845,0.00043986272061618116,0.0777561186917912,-0.005231540211568099,0.0725245784802231,0.6430561082371667,0.04617,0.7000216590859866,0.9811916169548033
8,0.125,0.5,10.0,40.0,10/40,SL,T1,13.0,A5,0.006828225579039051,0.00033312192870726324,0.00683634659577971,0.00833540497374095,0.0006636138267094802,0.007089488489005705,0.00019522028604798528,-0.2562269872211393,0.009928393948607195,-0.2462985932725321,0.8292443572129539,0.04617,0.3660385531730561,0.9963515511149785
8,0.125,0.5,10.0,40.0,10/40,SL,T1,13.0,A6,0.0059240071063802425,0.00037820817972929383,0.005936067858747721,0.007189013776211808,0.0006636138267094802,0.007184193535919219,0.0004399829456373931,-0.014078405891271392,-0.005242024260088276,-0.019320430151359667,0.6100369324353683,0.04617,0.6081871345029239,0.9811811329062831
8,0.125,0.5,10.0,40.0,10/40,SL,T1,13.0,A7,0.006618134653620704,0.0006208189668881292,0.006647189066297368,0.005605736102816235,0.0006636138267094802,0.0056486210303360335,0.0006606074966315471,0.198180636777128,-0.029942442573624228,0.16823819420350378,0.4771381786119159,0.04617,0.8204461771713234,0.9564807145927471
9,0.25,0.1,20.0,8.0,20/8,AP,T1,7.0,A1,0.0,0.0,0.0,0.0006822229992881687,0.0012303357163798829,0.0015215140240721996,0.00221698897069651,0.0,0.0,0.0,0.9698678133460742,0.81405,0.7480867268595295,0.898252218338263
9,0.25,0.1,20.0,8.0,20/8,AP,T1,7.0,A2,0.0012880752425239548,0.002115163699312207,0.002476500616856625,0.0006281339269107787,0.0012303357163798829,0.0011548908172837801,0.002367564221609749,0.12797739696578833,-0.01645603656897015,0.11152136039681818,0.9701009331555894,0.81405,0.8760641238253178,0.8817961817692929
9,0.25,0.1,20.0,8.0,20/8,AP,T1,7.0,A3,0.0014206532334307075,0.00305343407205847,0.003367746314980494,0.0008933920509643174,0.0012303357163798829,0.0007240000123569638,0.003434550060448477,0.20724771205699896,-0.22317827372949717,-0.015930561672498206,0.9279092243261624,0.81405,0.9553344389165285,0.6750739446087658
9,0.25,0.1,20.0,8.0,20/8,AP,T1,7.0,A4,0.0013849154207027214,0.0029229334127645356,0.003234428923002565,0.0008767036672406586,0.0012303357163798829,0.0008211564242277508,0.003360128776608521,0.19362447024138565,-0.19811777359505242,-0.004493303353666767,0.9321951456782918,0.81405,0.9417111971009152,0.7001344447432105
9,0.25,0.1,20.0,8.0,20/8,AP,T1,7.0,A5,0.001274203562410395,0.002128411013242942,0.00248067090920041,0.0006552090548051644,0.0012303357163798829,0.001154595921832957,0.0024643391997669823,0.1280511025121307,-0.028018284485076633,0.10003281802705406,0.9672746999389706,0.81405,0.8761378293716602,0.8702339338531864
9,0.25,0.1,20.0,8.0,20/8,AP,T1,7.0,A6,0.0011113034198576713,0.002086401548546273,0.002363909201463466,0.0007540085947827661,0.0012303357163798829,0.0015623394132315586,0.0023782494131772604,-0.021595725078312145,-0.017692928206507127,-0.03928865328481927,0.9638043708544515,0.81405,0.7264910017812174,0.8805592901317558
9,0.25,0.1,20.0,8.0,20/8,AP,T1,7.0,A7,0.0014227339318926857,0.0029077175970644775,0.003237127347701545,0.0008034203073975197,0.0012303357163798829,0.000806956985283675,0.003146512820348061,0.19574964682759044,-0.141543425652057,0.05420622117553345,0.9443932298388583,0.81405,0.9438363736871199,0.7567087926862059
9,0.25,0.1,20.0,8.0,20/8,AP,T1,10.0,A1,0.0,0.0,0.0,0.0014789170744136425,0.0015811378734949082,0.002181987526366658,0.0009916935894551267,0.0,0.0,0.0,0.9214566334239952,0.49945,0.6104915406947642,0.9480771151733094
9,0.25,0.1,20.0,8.0,20/8,AP,T1,10.0,A2,0.0018850656851492414,0.0009810195489065318,0.0021250581151262557,0.001261326053802239,0.0015811378734949082,0.0018718879153641886,0.0010554622309567276,0.16335969566523176,-0.007351912895814605,0.15600778276941715,0.9287070187663695,0.49945,0.773851236359996,0.9407252022774948
9,0.25,0.1,20.0,8.0,20/8,AP,T1,10.0,A3,0.0020606981371424165,0.0015513186787550603,0.002579353883335238,0.001610093821474693,0.0015811378734949082,0.001242624581771871,0.0017605166669191436,0.30529582540794875,-0.14008590550394567,0.16520991990400308,0.8263595302619693,0.49945,0.9157873661027129,0.8079912096693637
9,0.25,0.1,20.0,8.0,20/8,AP,T1,10.0,A4,0.002000587293323754,0.001409788717065774,0.0024474177708299874,0.0015852157109687956,0.0015811378734949082,0.0014185085972339743,0.0016548489992487146,0.276163780158174,-0.11203675956447907,0.16412702059369494,0.84364938751405,0.49945,0.8866553208529382,0.8360403556088303
9,0.25,0.1,20.0,8.0,20/8,AP,T1,10.0,A5,0.0018832898113679659,0.0009752313913360939,0.002120815121657171,0.001298019561045025,0.0015811378734949082,0.0018470758692292514,0.0011049463621172287,0.17164881369506457,-0.013465188292877836,0.15818362540218672,0.9226917353615042,0.49945,0.7821403543898288,0.9346119268804315
9,0.25,0.1,20.0,8.0,20/8,AP,T1,10.0,A6,0.0015482753858808945,0.0009695201287422013,0.0018267802140818495,0.001633530048968707,0.0015811378734949082,0.002194920419488541,0.0010978518350322655,-0.013634998498348178,-0.012566177205074417,-0.026201175703422595,0.9022943277438101,0.49945,0.596856542196416,0.9355109379682349
9,0.25,0.1,20.0,8.0,20/8,AP,T1,10.0,A7,0.0020922466922054417,0.0014431337946530912,0.002541678848775833,0.001492237404813931,0.0015811378734949082,0.0013342780862043596,0.0015443436715784728,0.2908599459405346,-0.08666466886424933,0.20419527707628526,0.8664806082186508,0.49945,0.9013514866352988,0.86141244630906
9,0.25,0.1,20.0,8.0,20/8,AP,T1,13.0,A1,0.0,0.0,0.0,0.0027383882567859237,0.001377370752920215,0.0031292948988813074,0.0006049731398867956,0.0,0.0,0.0,0.8653239817257576,0.25447,0.5284709395999528,0.9719260123670409
9,0.25,0.1,20.0,8.0,20/8,AP,T1,13.0,A2,0.0027318459192519334,0.0006078764938549473,0.002798659671756254,0.0022201143867554883,0.001377370752920215,0.0028781470829571036,0.0006212865342439123,0.16952882461586827,-0.0015827666224028543,0.1679460579934654,0.8893005557502629,0.25447,0.6979997642158211,0.970343245744638
9,0.25,0.1,20.0,8.0,20/8,AP,T1,13.0,A3,0.00299496281944847,0.0010311080237737076,0.003167488918144663,0.002540745980977293,0.001377370752920215,0.0020296968101698918,0.001167821366202934,0.3525366447911345,-0.0867973119793972,0.2657393328117373,0.7235903560016783,0.25447,0.8810075843910874,0.8851287003876437
9,0.25,0.1,20.0,8.0,20/8,AP,T1,13.0,A4,0.002904931566136763,0.0008870118955301568,0.0030373372395487777,0.0025456822776487474,0.001377370752920215,0.002294155402824343,0.0010515023318709976,0.3122175502023814,-0.0625729346907569,0.24964461551162448,0.7599374800184718,0.25447,0.8406884898023342,0.909353077676284
9,0.25,0.1,20.0,8.0,20/8,AP,T1,13.0,A5,0.0027483443625175635,0.0006125752165238071,0.002815784993723999,0.0023088234801205,0.001377370752920215,0.002849784572573376,0.0006706668276422833,0.17970684167092388,-0.006666398401137445,0.17304044326978643,0.8743389452234244,0.25447,0.7081777812708767,0.9652596139659034
9,0.25,0.1,20.0,8.0,20/8,AP,T1,13.0,A6,0.002283431981022067,0.0006081754875163484,0.0023630359784755943,0.0029890792824247866,0.001377370752920215,0.003131756640515027,0.0006928326631817904,-0.008016662081974303,-0.009094201440585892,-0.017110863522560193,0.8269747112082423,0.25447,0.5204542775179786,0.962831810926455
9,0.25,0.1,20.0,8.0,20/8,AP,T1,13.0,A7,0.003073272356881776,0.0009096169549369519,0.0032050594353743955,0.0024218564472546014,0.001377370752920215,0.002103559180122874,0.0009777246884312598,0.34220143828349114,-0.04915965822971577,0.29304178005377535,0.7937235795658093,0.25447,0.870672377883444,0.9227663541373251
9,0.25,0.1,20.0,8.0,20/8,SL,T1,7.0,A1,0.0,0.0,0.0,0.0019552370874832622,0.0015532353640063698,0.0024238250138507987,0.0009574299559045654,0.0,0.0,0.0,0.8778340225295879,0.40648,0.605810864003149,0.9422597385092331
9,0.25,0.1,20.0,8.0,20/8,SL,T1,7.0,A2,0.002091201771833527,0.000930765704284475,0.0022889844138376868,0.0016680211697295757,0.0015532353640063698,0.0021060494840378073,0.0010037114580354644,0.158211966148396,-0.006132902008356922,0.15207906414003908,0.8912101472149683,0.40648,0.7640228301515449,0.9361268365008761
9,0.25,0.1,20.0,8.0,20/8,SL,T1,7.0,A3,0.0022821827690499646,0.0014311169637808365,0.0026937806063912933,0.0019391461136252024,0.0015532353640063698,0.0014185269104520595,0.0016398882698772871,0.3043200157449321,-0.14161275104461518,0.16270726470031693,0.7576750568333095,0.40648,0.910130879748081,0.8006469874646178
9,0.25,0.1,20.0,8.0,20/8,SL,T1,7.0,A4,0.0022337054213421915,0.0013546764380116426,0.002612391272577178,0.0019436531022714709,0.0015532353640063698,0.0015606669963992323,0.001584231494570702,0.28276913993308406,-0.12439344925192074,0.1583756906811633,0.769652027530951,0.40648,0.888580003936233,0.8178662892573123
9,0.25,0.1,20.0,8.0,20/8,SL,T1,7.0,A5,0.002067631743383638,0.0009251108315298713,0.0022651558614942046,0.0017283121785719676,0.0015532353640063698,0.002094093131685597,0.0010615505095601268,0.1620497933477662,-0.014338185739317968,0.14771160760844823,0.8794590025359256,0.40648,0.7678606573509151,0.9279215527699151
9,0.25,0.1,20.0,8.0,20/8,SL,T1,7.0,A6,0.001808531013398604,0.0009315299473778287,0.002034338336975028,0.0021286727063361153,0.0015532353640063698,0.002439938493493389,0.0010575349863098913,-0.016310765597323355,-0.013748483623129804,-0.03005924922045316,0.8495656798439993,0.40648,0.5895000984058256,0.9285112548861032
9,0.25,0.1,20.0,8.0,20/8,SL,T1,7.0,A7,0.0023074069056398367,0.00132694354772201,0.0026617486370871836,0.0018591892536325117,0.0015532353640063698,0.001576061794336608,0.0014323244963704114,0.2802351899232435,-0.08415891629599676,0.19607627362724672,0.8104775192402899,0.40648,0.8860460539263925,0.8581008222132362
9,0.25,0.1,20.0,8.0,20/8,SL,T1,10.0,A1,0.0,0.0,0.0,0.004251379898310472,0.0011016487843228439,0.004205125358253292,0.0004970590360961862,0.0,0.0,0.0,0.7941404090657822,0.14134,0.5082071600396207,0.9783150490298838
9,0.25,0.1,20.0,8.0,20/8,SL,T1,10.0,A2,0.003662170061146005,0.0004887145551366674,0.003694635499363444,0.003475656999435938,0.0011016487843228439,0.003933290632144392,0.0005031524270189077,0.16881279184944106,-0.0005473644981715698,0.16826542735126948,0.8336818261021084,0.14134,0.6770199518890618,0.9777676845317123
9,0.25,0.1,20.0,8.0,20/8,SL,T1,10.0,A3,0.0040291581445808565,0.000823285905076012,0.004112409881752922,0.003465760741062904,0.0011016487843228439,0.0028755817837121285,0.0009452653376821889,0.3566577048252441,-0.06205017119698134,0.29460753362826275,0.6296487071185742,0.14134,0.8648648648648649,0.9162648778329024
9,0.25,0.1,20.0,8.0,20/8,SL,T1,10.0,A4,0.00392625718306885,0.000729289498011905,0.003993414408687157,0.0035555666991607267,0.0011016487843228439,0.0031670061716505635,0.0008687357079029926,0.3207867553417292,-0.04797009293550416,0.27281666240622504,0.6620522092891852,0.14134,0.8289939153813499,0.9303449560943796
9,0.25,0.1,20.0,8.0,20/8,SL,T1,10.0,A5,0.003636280105373384,0.0004951418775746982,0.003669836302025264,0.0035828683310797113,0.0011016487843228439,0.003921436109597349,0.0005402778376062789,0.17249186359134006,-0.004041180443947547,0.1684506831473925,0.8132713440405748,0.14134,0.6806990236309608,0.9742738685859362
9,0.25,0.1,20.0,8.0,20/8,SL,T1,10.0,A6,0.0031028497328701604,0.00049432886428845,0.0031419798679878795,0.0044793168252475,0.0011016487843228439,0.004205678323856202,0.0005706368159126036,-0.006933635205886524,-0.0071040924230778195,-0.014037727628964342,0.7413414251334101,0.14134,0.5012735248337342,0.971210956606806
9,0.25,0.1,20.0,8.0,20/8,SL,T1,10.0,A7,0.004099074478923455,0.0007225691436706237,0.00416227314710922,0.0034950077710286737,0.0011016487843228439,0.0030448168747351815,0.0007839857027907803,0.33670581576340736,-0.03421610416229939,0.30248971160110794,0.7132959025206068,0.14134,0.8449129758030282,0.9440989448675844
9,0.25,0.1,20.0,8.0,20/8,SL,T1,13.0,A1,0.0,0.0,0.0,0.008342537298192898,0.0006615583352962912,0.007345483060409856,0.0002872173605582706,0.0,0.0,0.0,0.7316554413328606,0.04587,0.44996729888816217,0.9920660706612306
9,0.25,0.1,20.0,8.0,20/8,SL,T1,13.0,A2,0.006778957428628533,0.0002908285611538241,0.006785193075450453,0.006762704034561587,0.0006615583352962912,0.007139616358536497,0.00029021228047599836,0.17724002616088946,-0.00016769203358033002,0.17707233412730913,0.7882191780821918,0.04587,0.6272073250490516,0.9918983786276503
9,0.25,0.1,20.0,8.0,20/8,SL,T1,13.0,A3,0.007241922775165748,0.0005207357414932428,0.007260620579119452,0.005868732447315702,0.0006615583352962912,0.005230680571998223,0.0005909646497828907,0.4028776978417266,-0.02657918732248226,0.37629851051924434,0.5429562803608605,0.04587,0.8528449967298888,0.9654868833387484
9,0.25,0.1,20.0,8.0,20/8,SL,T1,13.0,A4,0.007040006504139538,0.0004377978846715194,0.007053606068256849,0.00624233100762507,0.0006615583352962912,0.0059122972184772055,0.0005206358654532548,0.34946588183998256,-0.01863477723161414,0.3308311046083684,0.59126088358594,0.04587,0.7994331807281447,0.9734312934296165
9,0.25,0.1,20.0,8.0,20/8,SL,T1,13.0,A5,0.006755620644389785,0.00029359733836637554,0.006761997462880422,0.006885814370786562,0.0006615583352962912,0.007101762027131725,0.00031601989786898214,0.18661434488772616,-0.0016874010879020678,0.18492694379982408,0.7608129233976029,0.04587,0.6365816437758883,0.9903786695733285
9,0.25,0.1,20.0,8.0,20/8,SL,T1,13.0,A6,0.005492458430628504,0.000296991998267958,0.005500482147886431,0.00854098100465209,0.0006615583352962912,0.007333278578313229,0.0003407490615895247,-0.007630259428820577,-0.00326999465481643,-0.010900254083637007,0.6549386701097483,0.04587,0.4423370394593416,0.9887960760064142
9,0.25,0.1,20.0,8.0,20/8,SL,T1,13.0,A7,0.007462919007035125,0.0004387004167552971,0.007475802175099834,0.006216756004040827,0.0006615583352962912,0.005483832433160758,0.0004669401408719033,0.38478308262480926,-0.013321035917537444,0.3714620467072718,0.6537476523817654,0.04587,0.8347503815129714,0.9787450347436932
10,0.25,0.25,20.0,20.0,20/20,AP,T1,7.0,A1,0.0,0.0,0.0,0.0006803173106517145,0.0012394886651357487,0.0015283158419596365,0.0021574294244902695,0.0,0.0,0.0,0.9702612963764977,0.81043,0.7463815505349012,0.9021997151448014
10,0.25,0.25,20.0,20.0,20/20,AP,T1,7.0,A2,0.0013067604398930316,0.0020208449028710097,0.0024065404564912614,0.0005318494976085471,0.0012394886651357487,0.0014271925520499037,0.0017903752299715248,0.04503781942919192,0.032811098802553146,0.07784891823174506,0.9811537225987058,0.81043,0.7914193699640931,0.9350108139473545
10,0.25,0.25,20.0,20.0,20/20,AP,T1,7.0,A3,0.0013218711123859958,0.0025434135002703664,0.0028664081131475586,0.0008314041213412823,0.0012394886651357487,0.0009682701639236782,0.00310592874180533,0.17077353997260714,-0.1431133618188532,0.027660178153753934,0.9421136686270534,0.81043,0.9171550905075083,0.7590863533259482
10,0.25,0.25,20.0,20.0,20/20,AP,T1,7.0,A4,0.0012758489006428903,0.0024013006447389158,0.0027191975293632503,0.0008164416220931467,0.0012394886651357487,0.0010407829874194158,0.0030218977788294098,0.15637377688387646,-0.12491427968560426,0.03145949719827221,0.9454409180192288,0.81043,0.9027553274187777,0.7772854354591971
10,0.25,0.25,20.0,20.0,20/20,AP,T1,7.0,A5,0.001204995885995048,0.0018953812153601694,0.0022459931070253052,0.0005719189505205596,0.0012394886651357487,0.0014398940134636782,0.0019112910030753625,0.03992942018434659,0.022946668776705176,0.06287608896105176,0.9782174874125016,0.81043,0.7863109707192478,0.9251463839215066
10,0.25,0.25,20.0,20.0,20/20,AP,T1,7.0,A6,0.001119081578738217,0.002053562216702384,0.002338687956470215,0.0007500316602420091,0.0012394886651357487,0.001565031245852731,0.0023156385856851727,-0.019446466690522315,-0.017038560953737403,-0.03648502764425972,0.9643640530365035,0.81043,0.7269350838443789,0.885161154191064
10,0.25,0.25,20.0,20.0,20/20,AP,T1,7.0,A7,0.0014330612689944938,0.00298166160588816,0.0033081672467878145,0.000832592856880161,0.0012394886651357487,0.0008142756058408977,0.003174212056967883,0.19663635354071296,-0.1593079073693095,0.03732844617140346,0.9400484630807266,0.81043,0.9430179040756141,0.7428918077754919
10,0.25,0.25,20.0,20.0,20/20,AP,T1,10.0,A1,0.0,0.0,0.0,0.0014739896361695129,0.0015811369061532908,0.002180355651722544,0.0009903487785768374,0.0,0.0,0.0,0.92180859080633,0.49922,0.6125756179640238,0.9482008067414833
10,0.25,0.25,20.0,20.0,20/20,AP,T1,10.0,A2,0.0018885664328111566,0.0009309546236017204,0.0021055544833479085,0.0011109830028868956,0.0015811369061532908,0.0021413946735816224,0.0007525525719843171,0.03261087296182044,0.022584767762290826,0.05519564072411127,0.9565514373960561,0.49922,0.6451864909258443,0.9707855745037741
10,0.25,0.25,20.0,20.0,20/20,AP,T1,10.0,A3,0.0018897773174115845,0.001249984124937215,0.002265771087731146,0.0015678150291056003,0.0015811369061532908,0.001620698068261181,0.0015382574877628751,0.23220223548736027,-0.08556651623467391,0.14663571925268637,0.85976106988502,0.49922,0.8447778534513841,0.8626342905068094
10,0.25,0.25,20.0,20.0,20/20,AP,T1,10.0,A4,0.0017976452633574971,0.0011088389707910153,0.0021121203460069513,0.0015407695212218157,0.0015811369061532908,0.00173863372661819,0.0014401211925006419,0.202215456111534,-0.065917169216023,0.136298286895511,0.873419080543686,0.49922,0.8147910740755578,0.8822836375254602
10,0.25,0.25,20.0,20.0,20/20,AP,T1,10.0,A5,0.001746477845251241,0.0008773886062948505,0.0019544809107303754,0.001189603456240314,0.0015811369061532908,0.0021417208360967996,0.000812448893062007,0.032370497976843875,0.017572586764647152,0.04994308474149103,0.9494559287546813,0.49922,0.6449461159408677,0.9657733935061305
10,0.25,0.25,20.0,20.0,20/20,AP,T1,10.0,A6,0.001545462226583771,0.0009462796498456714,0.0018121530480368685,0.0016173796219298246,0.0015811369061532908,0.002193695884177363,0.0010865327544522815,-0.013781499138656311,-0.011302368305443511,-0.025083867444099822,0.9043959701086134,0.49922,0.5987941188253676,0.9368984384360398
10,0.25,0.25,20.0,20.0,20/20,AP,T1,10.0,A7,0.002088186021139697,0.0014756581394253432,0.002556968479143907,0.0015160251760195018,0.0015811369061532908,0.0013288063949291602,0.0015796612566289867,0.28973198189175114,-0.09459243580015177,0.1951395460915994,0.8600313120513212,0.49922,0.902307599855775,0.8536083709413316
10,0.25,0.25,20.0,20.0,20/20,AP,T1,13.0,A1,0.0,0.0,0.0,0.0027502225771387947,0.0013792903882069215,0.0031236693198055357,0.0006090609571430596,0.0,0.0,0.0,0.8638878168017496,0.25555,0.5255331637644297,0.9715763315199141
10,0.25,0.25,20.0,20.0,20/20,AP,T1,13.0,A2,0.002795517611545698,0.0005842310016749538,0.00285591396575252,0.0021475007969392855,0.0013792903882069215,0.0031164012121614043,0.00044595469356219084,0.01702210917628645,0.013392437369870374,0.030414546546156825,0.925320341697811,0.25555,0.5425552729407161,0.9849687688897844
10,0.25,0.25,20.0,20.0,20/20,AP,T1,13.0,A3,0.002755382681701818,0.0007977406477908258,0.002868540371645487,0.00258720863874368,0.0013792903882069215,0.0025526876540284743,0.0009845149908203215,0.26339268244961844,-0.04986231446033985,0.2135303679892786,0.7757512793874332,0.25555,0.7889258462140482,0.9217140170595742
10,0.25,0.25,20.0,20.0,20/20,AP,T1,13.0,A4,0.002596578901969321,0.000667860594637269,0.0026810930174131315,0.002579302628541507,0.0013792903882069215,0.0027202359504243795,0.0008892322377719923,0.221248288006261,-0.03438780307609645,0.18686048493016455,0.8031986531986532,0.25555,0.7467814517706907,0.9371885284438176
10,0.25,0.25,20.0,20.0,20/20,AP,T1,13.0,A5,0.0025488248007252685,0.0005448725568417032,0.002606414005485587,0.0022642166328354354,0.0013792903882069215,0.0031135659678159016,0.0004826086895258872,0.02203091371551555,0.01077305393243334,0.03280396764794889,0.9141569216698243,0.25555,0.5475640774799452,0.9823493854523474
10,0.25,0.25,20.0,20.0,20/20,AP,T1,13.0,A6,0.002288973369033631,0.0005919280584329295,0.0023642711161170472,0.002980337352018967,0.0013792903882069215,0.003125673890503358,0.0006897121906933526,-0.007317550381530036,-0.008341728793068708,-0.015659279174598743,0.8287234042553191,0.25555,0.5182156133828997,0.9632346027268454
10,0.25,0.25,20.0,20.0,20/20,AP,T1,13.0,A7,0.003060496320115863,0.0009407246308956396,0.003201812073906974,0.002453743369623547,0.0013792903882069215,0.0021337429739961837,0.0010088964162293871,0.34005087067110157,-0.054174222580428505,0.28587664809067304,0.7824825780890728,0.25555,0.8655840344355312,0.9174021089394855
10,0.25,0.25,20.0,20.0,20/20,SL,T1,7.0,A1,0.0,0.0,0.0,0.0019399785704757276,0.0015538757913681517,0.0024146914220211035,0.0009613355586331749,0.0,0.0,0.0,0.8785356563447838,0.40755,0.6112133480554534,0.9418685121107266
10,0.25,0.25,20.0,20.0,20/20,SL,T1,7.0,A2,0.002114825534373813,0.0008919197870599076,0.0022952141397674583,0.0015739981234748027,0.0015538757913681517,0.0023767131972851846,0.0007664233138126243,0.029444239970555758,0.02202717528905393,0.05147141525960969,0.9242805055046196,0.40755,0.640657588026009,0.9638956873997806
10,0.25,0.25,20.0,20.0,20/20,SL,T1,7.0,A3,0.0020900424745806637,0.0011494855337555988,0.002385287097576444,0.0019269757830942637,0.0015538757913681517,0.0018023586826577131,0.0014413465779301504,0.23172616856827383,-0.08561060005063718,0.14611556851763663,0.8013529274550968,0.40755,0.8429395166237271,0.8562579120600895
10,0.25,0.25,20.0,20.0,20/20,SL,T1,7.0,A4,0.002022971996634846,0.0010818547586219475,0.0022940848759193124,0.0019291761033835078,0.0015538757913681517,0.0018916499587179844,0.0013955191505669153,0.211532327321801,-0.07495991222888007,0.13657241509292092,0.8096146416843731,0.40755,0.8227456753772543,0.8669085998818465
10,0.25,0.25,20.0,20.0,20/20,SL,T1,7.0,A5,0.0019423499667051403,0.0008275588438726698,0.002111297476252773,0.0016559228980185053,0.0015538757913681517,0.0023783803912717357,0.0008156133424456268,0.02829100723837566,0.017030973077896867,0.04532198031627253,0.9145554073970104,0.40755,0.639504355293829,0.9588994851886236
10,0.25,0.25,20.0,20.0,20/20,SL,T1,7.0,A6,0.001808986872678086,0.0009219940393085775,0.0020303956545565664,0.002115713087633313,0.0015538757913681517,0.0024347649192835246,0.001057179270427024,-0.019555882713777457,-0.013165667988859823,-0.032721550702637284,0.8509369375727847,0.40755,0.5916574653416758,0.9287028441218669
10,0.25,0.25,20.0,20.0,20/20,SL,T1,7.0,A7,0.0022958268223138953,0.0013732354726266219,0.0026751815753955806,0.0018913894369136253,0.0015538757913681517,0.0015932552457255784,0.0014827452205140883,0.2715985768617348,-0.09582243227276563,0.17577614458896915,0.797760532150776,0.40755,0.8828119249171881,0.846046079837961
10,0.25,0.25,20.0,20.0,20/20,SL,T1,10.0,A1,0.0,0.0,0.0,0.004227936103669334,0.0011010298701670178,0.004208167906175992,0.00048612161130136576,0.0,0.0,0.0,0.8006495688206966,0.14115,0.5064824654622742,0.9792746113989638
10,0.25,0.25,20.0,20.0,20/20,SL,T1,10.0,A2,0.003850770821152768,0.00046133710805849854,0.003878307342683576,0.0035413400649081197,0.0011010298701670178,0.004204206809774217,0.00036586831372462537,0.01615302869287992,0.009093555335623216,0.025246584028503136,0.880730659025788,0.14115,0.5226354941551541,0.9883681667345869
10,0.25,0.25,20.0,20.0,20/20,SL,T1,10.0,A3,0.0037411238296323744,0.0006487857090529791,0.0037969633136118895,0.003669126947519173,0.0011010298701670178,0.0035010242779682614,0.000799442677817382,0.27098831030818277,-0.0375618559701927,0.23342645433799006,0.6867334167709637,0.14115,0.777470775770457,0.941712755428771
10,0.25,0.25,20.0,20.0,20/20,SL,T1,10.0,A4,0.0035624510703847925,0.0005701764100517462,0.003607791397443213,0.003739326312761551,0.0011010298701670178,0.0036907299675328063,0.0007399600005907348,0.23379383634431455,-0.02874774407638121,0.20504609226793336,0.7109130493944754,0.14115,0.7402763018065888,0.9505268673225825
10,0.25,0.25,20.0,20.0,20/20,SL,T1,10.0,A5,0.003460653689661336,0.00043247491161253,0.003487572007706921,0.003689608129939116,0.0011010298701670178,0.004202368376133079,0.00039487869762650483,0.020545518951470068,0.007149094719683297,0.027694613671153365,0.8644973852411388,0.14115,0.5270279844137442,0.986423706118647
10,0.25,0.25,20.0,20.0,20/20,SL,T1,10.0,A6,0.0031184122053810747,0.00048665074932513014,0.0031561564654637086,0.004507753841669017,0.0011010298701670178,0.004208111712319547,0.0005593032351638675,-0.0134608572440666,-0.0069045817080980385,-0.02036543895216464,0.7457136733819117,0.14115,0.49302160821820756,0.9723700296908657
10,0.25,0.25,20.0,20.0,20/20,SL,T1,10.0,A7,0.004176292798894019,0.0007645948002370151,0.004245706861129666,0.0035101924786610523,0.0011010298701670178,0.0030169845887375556,0.0008267780091337719,0.34211831385051367,-0.04190487279501659,0.3002134410554971,0.6900962147836608,0.14115,0.8486007793127878,0.9373697386039471
10,0.25,0.25,20.0,20.0,20/20,SL,T1,13.0,A1,0.0,0.0,0.0,0.008231221531215804,0.0006623129139613691,0.007344899224393745,0.00028173761508000673,0.0,0.0,0.0,0.7422096317280453,0.04598,0.4558503697259678,0.9923691327225844
10,0.25,0.25,20.0,20.0,20/20,SL,T1,13.0,A2,0.0066634970501645435,0.00026957138975318234,0.006668947568524214,0.007097087802352628,0.0006623129139613691,0.00733408229962617,0.00019208305648453882,-0.007612005219660725,0.0040984465734470975,-0.0035135586462136277,0.859466221851543,0.04598,0.4482383645063071,0.9964675792960316
10,0.25,0.25,20.0,20.0,20/20,SL,T1,13.0,A3,0.006614570416324053,0.0004009063907767563,0.0066267086646898095,0.006539065312917837,0.0006623129139613691,0.006509423062981133,0.000487452817306849,0.2790343627664202,-0.015576193371208151,0.26345816939521205,0.6041480421956017,0.04598,0.734884732492388,0.9767929393513762
10,0.25,0.25,20.0,20.0,20/20,SL,T1,13.0,A4,0.006198886885962311,0.0003311915583776677,0.006207727963860541,0.006846863622595624,0.0006623129139613691,0.006849929589937853,0.00043286488770100025,0.22923010004349717,-0.01057629819081361,0.21865380185268357,0.6445672191528545,0.04598,0.685080469769465,0.9817928345317708
10,0.25,0.25,20.0,20.0,20/20,SL,T1,13.0,A5,0.0060061909906749655,0.00024539328484364254,0.006011201883210335,0.007379936019290733,0.0006623129139613691,0.007354915630070319,0.00021711904575427284,0.008481948673336223,0.00311314228213245,0.011595090955468674,0.8320342946219798,0.04598,0.46433231839930406,0.9954822750047169
10,0.25,0.25,20.0,20.0,20/20,SL,T1,13.0,A6,0.005654617894994927,0.00029555953500822054,0.005662336883048476,0.008398464044050898,0.0006623129139613691,0.007346025202688939,0.00033393984759109936,0.0008699434536755118,-0.0031236242426783507,-0.002253680789002839,0.6717850287907869,0.04598,0.45672031317964334,0.9892455084799061
10,0.25,0.25,20.0,20.0,20/20,SL,T1,13.0,A7,0.0073915471996538595,0.0004545626442616784,0.007405511272172164,0.0062153712663612715,0.0006623129139613691,0.00555740626316353,0.00048475791031183074,0.3727707698999565,-0.015314144357560639,0.3574566255423959,0.6351058509751625,0.04598,0.8286211396259243,0.9770549883650238
11,0.25,0.5,20.0,40.0,20/40,AP,T1,7.0,A1,0.0,0.0,0.0,0.0006794222647384583,0.0012244291629163362,0.0015197868967611718,0.002239483576931197,0.0,0.0,0.0,0.9700498903682989,0.81635,0.7478777485147302,0.8973591069970052
11,0.25,0.5,20.0,40.0,20/40,AP,T1,7.0,A2,0.0015522792004035201,0.0021443319970979495,0.002647211821857758,0.00046185287011580694,0.0012244291629163362,0.0016997322833570336,0.001272044184339709,-0.12892754333312917,0.07198475360740539,-0.05694278972572378,0.9889804466540095,0.81635,0.618950205181601,0.9693438606044106
11,0.25,0.5,20.0,40.0,20/40,AP,T1,7.0,A3,0.0011279470991960368,0.002059081706301057,0.002347782385956677,0.0007736698172049682,0.0012244291629163362,0.0011937801124625779,0.0028816283914804555,0.1177191155754272,-0.08510754151919411,0.03261157405623309,0.9534751926164807,0.81635,0.8655968640901575,0.8122515654778111
11,0.25,0.5,20.0,40.0,20/40,AP,T1,7.0,A4,0.0010747048998180377,0.0019211306479932702,0.0022013027025722613,0.0007620648124149347,0.0012244291629163362,0.0012383971442972966,0.002808667115460664,0.10539596986586636,-0.07312823305200108,0.03226773681386527,0.9557110516567194,0.81635,0.8532737183805965,0.824230873945004
11,0.25,0.5,20.0,40.0,20/40,AP,T1,7.0,A5,0.001397126717550771,0.001955161195512097,0.002403043562928164,0.0005422039167848765,0.0012244291629163362,0.001684791544886626,0.001531990720282199,-0.11268451032032831,0.057500680642526544,-0.05518382967780176,0.9842643737068884,0.81635,0.6351932381944019,0.9548597876395317
11,0.25,0.5,20.0,40.0,20/40,AP,T1,7.0,A6,0.001107416775569015,0.0020905583858284523,0.0023657570203571916,0.0007388909277230361,0.0012244291629163362,0.0015544692808453285,0.0023748093254325523,-0.018227475960066145,-0.014701878573373267,-0.03292935453343941,0.9650842514581983,0.81635,0.7296502725546641,0.8826572284236319
11,0.25,0.5,20.0,40.0,20/40,AP,T1,7.0,A7,0.0014454981368604025,0.003396914903908136,0.003691679255848226,0.0009226755221827335,0.0012244291629163362,0.000896069007769719,0.003490207772747872,0.18160102897041708,-0.23523005717397225,-0.05362902820355517,0.9244057843889721,0.81635,0.9294787774851473,0.6621290498230329
11,0.25,0.5,20.0,40.0,20/40,AP,T1,10.0,A1,0.0,0.0,0.0,0.0014780139784490891,0.0015811109357031215,0.002172329424794259,0.0010089815501657829,0.0,0.0,0.0,0.9205964975195744,0.50297,0.6124619758633716,0.9465424622256202
11,0.25,0.5,20.0,40.0,20/40,AP,T1,10.0,A2,0.0021536584212233085,0.0009705877376135561,0.002362262718605167,0.0010640732168337092,0.0015811109357031215,0.002211600255299999,0.00048660474293356186,-0.17561683599419448,0.04154678792024626,-0.1340700480739482,0.9737635171068959,0.50297,0.4368451398691771,0.9880892501458665
11,0.25,0.5,20.0,40.0,20/40,AP,T1,10.0,A3,0.0016042600625973862,0.0009632688561704905,0.0018712394923453743,0.0015361533226891256,0.0015811109357031215,0.0018898642693453214,0.0013570823045513773,0.15279241306638566,-0.04846789932197252,0.10432451374441315,0.883689962347323,0.50297,0.7652543889297573,0.8980745629036476
11,0.25,0.5,20.0,40.0,20/40,AP,T1,10.0,A4,0.0015016312303078971,0.0008486736913446473,0.0017248603961528477,0.0015143471676744209,0.0015811109357031215,0.0019487324553932222,0.0012877545772029858,0.13042527387319322,-0.03718085427438988,0.09324441959880334,0.8924050632911392,0.50297,0.7428872497365648,0.9093616079512303
11,0.25,0.5,20.0,40.0,20/40,AP,T1,10.0,A5,0.001910655902254306,0.0008918710824761373,0.002108563493133743,0.0012126372866988063,0.0015811109357031215,0.002226790287142818,0.000612583001456832,-0.13690677376384278,0.034444600929521355,-0.10246217283432142,0.9619932432432432,0.50297,0.4755552020995288,0.9809870631551415
11,0.25,0.5,20.0,40.0,20/40,AP,T1,10.0,A6,0.0015518502045105426,0.0009775112365987,0.0018340575985819345,0.0016279931657040188,0.0015811109357031215,0.0021835428623954755,0.001117692844043649,-0.0115116209714297,-0.013057561917791682,-0.024569182889221382,0.9014076106405822,0.50297,0.6009503548919418,0.9334849003078285
11,0.25,0.5,20.0,40.0,20/40,AP,T1,10.0,A7,0.0020972287631408314,0.0017534522042063564,0.002733672093975675,0.0016648738443581612,0.0015811109357031215,0.00139319330297168,0.0018246138599865983,0.27788933733622284,-0.15580548457839566,0.12208385275782718,0.8115180399760796,0.50297,0.8903513131995944,0.7907369776472245
11,0.25,0.5,20.0,40.0,20/40,AP,T1,13.0,A1,0.0,0.0,0.0,0.0027089179076276743,0.001380846316937551,0.0031153715641295742,0.000609351453392243,0.0,0.0,0.0,0.8662065472044577,0.25643,0.5334789221229965,0.971583038584128
11,0.25,0.5,20.0,40.0,20/40,AP,T1,13.0,A2,0.0030528609428220528,0.0005958651657091298,0.0031104686514919133,0.002230461510763676,0.001380846316937551,0.0029550862354730313,0.0002793520529332353,-0.19494598915883476,0.022580254717108006,-0.17236573444172676,0.9523861766319254,0.25643,0.33853293296416176,0.994163293301236
11,0.25,0.5,20.0,40.0,20/40,AP,T1,13.0,A3,0.0023411664646624235,0.000614644584539243,0.0024205058108922955,0.0026353034735297847,0.001380846316937551,0.002854433743822055,0.0008526349545671802,0.16916897398900285,-0.028928009467837593,0.14024096452116525,0.808634772462077,0.25643,0.7026478961119994,0.9426550291162903
11,0.25,0.5,20.0,40.0,20/40,AP,T1,13.0,A4,0.002148247868936931,0.0005147405131872778,0.0022090556132221676,0.0026248713936284063,0.001380846316937551,0.0029349360019535376,0.000787971714567638,0.13715243926217682,-0.020105706254959183,0.11704673300721764,0.8265801490026436,0.25643,0.6706313613851733,0.9514773323291688
11,0.25,0.5,20.0,40.0,20/40,AP,T1,13.0,A5,0.0027051916736904754,0.0005563044809242455,0.0027617995341625845,0.002372612523710366,0.001380846316937551,0.003040298573581209,0.0003470494746147004,-0.14736965253675466,0.01937948007585029,-0.12799017246090438,0.9364418802610422,0.25643,0.38610926958624187,0.9909625186599782
11,0.25,0.5,20.0,40.0,20/40,AP,T1,13.0,A6,0.0022556645603609526,0.0006021417567753706,0.002334651430967993,0.0029577036315927966,0.001380846316937551,0.0031193187822770954,0.0006912403486631606,-0.011348126194283048,-0.008472638756270426,-0.019820764950553474,0.8299652863873047,0.25643,0.5221307959287135,0.9631103998278575
11,0.25,0.5,20.0,40.0,20/40,AP,T1,13.0,A7,0.0030983800981271552,0.0011492098094911727,0.0033046395293134735,0.002568990324688679,0.001380846316937551,0.002144903709651426,0.0011964906272516134,0.32987559957883245,-0.09270142689995561,0.23717417267887683,0.7108364103387381,0.25643,0.8633545217018289,0.8788816116841723
11,0.25,0.5,20.0,40.0,20/40,SL,T1,7.0,A1,0.0,0.0,0.0,0.0019526132479957816,0.0015548951141475748,0.0024157712075350024,0.000967469832025034,0.0,0.0,0.0,0.8771898778977172,0.40928,0.6055756450351837,0.9412581256771397
11,0.25,0.5,20.0,40.0,20/40,SL,T1,7.0,A2,0.0023894604480307175,0.0009233680810483225,0.0025616654437693497,0.0016012124678753904,0.0015548951141475748,0.0024516204595110866,0.0005196974986772755,-0.1688575058639562,0.042524377031419286,-0.12633312883253692,0.9491291418861513,0.40928,0.43671813917122754,0.983782502708559
11,0.25,0.5,20.0,40.0,20/40,SL,T1,7.0,A3,0.0018009130079371177,0.0009090386348989816,0.0020173346033556558,0.0019446095397307242,0.0015548951141475748,0.0021015248339458907,0.001288409512816972,0.15756939014855356,-0.051462621885157094,0.10610676826339646,0.8275222551928784,0.40928,0.7631450351837373,0.8897955037919827
11,0.25,0.5,20.0,40.0,20/40,SL,T1,7.0,A4,0.0017217797105259333,0.0008507570207348374,0.0019204980812040358,0.0019458829812767176,0.0015548951141475748,0.0021492285738294314,0.0012533027491818296,0.14129691164972635,-0.04475893824485374,0.0965379734048726,0.8333242462243062,0.40928,0.74687255668491,0.8964991874322861
11,0.25,0.5,20.0,40.0,20/40,SL,T1,7.0,A5,0.0021293377069245513,0.0008506197184281411,0.0022929528943067008,0.0017395401441311167,0.0015548951141475748,0.0024669975054934074,0.0006208169222951397,-0.13572615324472243,0.035431338028169015,-0.10029481521655341,0.9331780462949483,0.40928,0.4698494917904613,0.9766894637053087
11,0.25,0.5,20.0,40.0,20/40,SL,T1,7.0,A6,0.001799896068469213,0.000934319545301481,0.002027949424917519,0.002123173742928365,0.0015548951141475748,0.0024338949910088195,0.0010610822266157662,-0.018691360437842065,-0.012899512459371616,-0.031590872897213684,0.8502052952003398,0.40928,0.5868842845973417,0.9283586132177681
11,0.25,0.5,20.0,40.0,20/40,SL,T1,7.0,A7,0.0023572757656420457,0.001683920491891606,0.0028969530990845815,0.002019021850411512,0.0015548951141475748,0.0016562599006304944,0.0017486761460456916,0.265539483971853,-0.1778846153846154,0.08765486858723762,0.7183615079285124,0.40928,0.8711151290070367,0.7633735102925244
11,0.25,0.5,20.0,40.0,20/40,SL,T1,10.0,A1,0.0,0.0,0.0,0.004120861845096673,0.0011087662891700848,0.004171429711024259,0.0004853142595571972,0.0,0.0,0.0,0.8073815243502949,0.14354,0.515117737216107,0.9794035915279172
11,0.25,0.5,20.0,40.0,20/40,SL,T1,10.0,A2,0.004144173445156685,0.00047345703562744527,0.0041711311545103635,0.003705932433397048,0.0011087662891700848,0.00389926315673806,0.00022380434465496768,-0.19332590218754353,0.01628797608761647,-0.17703792609992705,0.9260224538893344,0.14354,0.32179183502856346,0.9956915676155337
11,0.25,0.5,20.0,40.0,20/40,SL,T1,10.0,A3,0.0031504339967693517,0.0004905357243109524,0.003188394527787517,0.0038107947901429295,0.0011087662891700848,0.00386981576431122,0.0006826639293471191,0.17207746969485857,-0.021051771244424724,0.15102569845043384,0.7344203707840071,0.14354,0.6871952069109656,0.9583518202834925
11,0.25,0.5,20.0,40.0,20/40,SL,T1,10.0,A4,0.002934567791331201,0.0004220243972436161,0.0029647584579164826,0.0038436694906752267,0.0011087662891700848,0.0039549995926479705,0.0006373244305288222,0.14448934095025776,-0.015494010228148425,0.12899533072210934,0.7538816784775858,0.14354,0.6596070781663648,0.9639095812997688
11,0.25,0.5,20.0,40.0,20/40,SL,T1,10.0,A5,0.0036349859273975024,0.00043606654395631926,0.00366104858246048,0.0039030752283093907,0.0011087662891700848,0.0040285585798279615,0.0002819152440054519,-0.1456736798105058,0.013742614949910095,-0.1319310648605957,0.900339558573854,0.14354,0.3694440574056012,0.9931462064778274
11,0.25,0.5,20.0,40.0,20/40,SL,T1,10.0,A6,0.003088137418455625,0.0004969640996320099,0.0031278692478409046,0.004369366292161249,0.0011087662891700848,0.004173002265348866,0.0005527400159926065,-0.008778040964191158,-0.0062933470331363985,-0.015071387997327556,0.7593772855500993,0.14354,0.5063396962519159,0.9731102444947809
11,0.25,0.5,20.0,40.0,20/40,SL,T1,10.0,A7,0.004172893200879916,0.0010265775025252262,0.0042973130017070855,0.0033919666048778103,0.0011087662891700848,0.0030639053713105695,0.001064403415827721,0.3243695137243974,-0.088293673960255,0.23607583976414237,0.5637163173652695,0.14354,0.8394872509405044,0.8911099175676622
11,0.25,0.5,20.0,40.0,20/40,SL,T1,13.0,A1,0.0,0.0,0.0,0.008268847398078958,0.0006658659775059843,0.007297324308047644,0.00028872145860053865,0.0,0.0,0.0,0.7330538085255066,0.0465,0.4511827956989247,0.9919874147876245
11,0.25,0.5,20.0,40.0,20/40,SL,T1,13.0,A2,0.007253581774512,0.00027898469098352005,0.007258944896976131,0.00781914352063583,0.0006658659775059843,0.006430718081367535,0.00011385481715470954,-0.1913978494623656,0.0067750393287886726,-0.18462281013357693,0.9110105580693816,0.0465,0.2597849462365591,0.9987624541164132
11,0.25,0.5,20.0,40.0,20/40,SL,T1,13.0,A3,0.005749238302830826,0.0002959379105200873,0.005756849859916452,0.007047826413692873,0.0006658659775059843,0.007035369931122567,0.0004117328445833593,0.1896774193548387,-0.00842160461457787,0.18125581474026084,0.655377171761601,0.0465,0.6408602150537634,0.9835658101730467
11,0.25,0.5,20.0,40.0,20/40,SL,T1,13.0,A4,0.0052989466539481314,0.00023735964988949666,0.005304260103424771,0.007242203739418085,0.0006658659775059843,0.007166986089908749,0.00037254788871173575,0.15440860215053764,-0.0054011536444677506,0.1490074485060699,0.6876678876678877,0.0465,0.6055913978494624,0.9865862611431568
11,0.25,0.5,20.0,40.0,20/40,SL,T1,13.0,A5,0.006385369243316386,0.00025777279206692607,0.006390570176895083,0.008678803972924224,0.0006658659775059843,0.00673795961007269,0.00016193222316569469,-0.14838709677419354,0.00550603041426324,-0.1428810663599303,0.8548876745598057,0.0465,0.3027956989247312,0.9974934452018878
11,0.25,0.5,20.0,40.0,20/40,SL,T1,13.0,A6,0.00524999504928193,0.0003010970053582954,0.005258622198268336,0.008427218427471827,0.0006658659775059843,0.0072935125256236326,0.00033524638530848627,-0.0025806451612903347,-0.002821185107498689,-0.005401830268789024,0.6688041038794486,0.0465,0.4486021505376344,0.9891662296801258
11,0.25,0.5,20.0,40.0,20/40,SL,T1,13.0,A7,0.0075736124306639615,0.0006599971143074119,0.007602315531520761,0.005467720388487176,0.0006658659775059843,0.0054848806254413985,0.0006833136186161978,0.38064516129032255,-0.038689040377556376,0.34195612091276617,0.46484797500300445,0.0465,0.8318279569892473,0.9532983744100682
